22.69098297169595,16.67666381235749,5.869567190854781,24.39028311791835,22.35452986599222,29.321389769487272,17.929437763184346,15.016246198903293,24.38017507507473,27.609531163765322,-9.007466405342795,17.69636622273482,22.275168767664088,25.142641870833653,29.982195882629533,-10.789174537868577,20.83735114074012,26.234531815742166,23.637356115281676,21.626000701455826,-16.745151040244984,23.66728575357135,29.350194094464936,21.37082988270185,-10.196004197325856,26.38681722641254,22.54266047975372,15.355884844707436,-8.169067312077871,25.586666124851018,25.744918840241986,16.56398884703042,-19.324884159156234,23.65881659809701,26.93857176079258,21.87141329215756,19.305583412164786,23.559323520182414,29.457713793649084,24.081034755583893,23.46331841542924,11.53228453698829,25.425355299837534,27.73907031255621,15.413903063069293,-8.079506181082914,20.862922471097594,20.914922482362254,17.049740942887432,28.091920344399984,23.071704327106417,23.837950972421794,-9.37775833728987,23.994948044923074,12.700472981092497,-10.52756695117447,20.033378293302526,28.132807033617528,25.269112533902682,-11.924099966375522,19.87867075923832,18.355663022363004,20.87934239315612,24.695202107763773,9.073977997360354,24.68187668684366,20.27751669021662,26.804410273088582,-5.599444030582803,25.03669125094038,23.2111564105899,22.992046558460416,22.22240862261845,21.26464902232379,25.297321731374566,28.703411768194403,20.241234168863453,28.636860824806874,26.950749939603178,-13.548779281208773,-7.46072673385408,14.66738379869569,27.764002784831142,20.01958403999467,21.360561973483144,21.366703855341555,20.370311876313004,21.754975997359306,23.51816657993149,17.718638260777404,13.889533967983827,21.29935772756812,22.09136997900538,24.785881672076247,-13.04461773773594,15.821253568317058,23.8704839692429,-16.84099214877159,-5.90346915311039,-10.977102776979,23.666187086915897,-13.229655176171901,27.175559420483804,12.64823397436264,22.800866899631004,21.132924749632753,26.064935862774107,-17.96957930385612,26.896666997361596,22.94075624664869,24.398435940286266,-13.478935404959136,22.019703355398068,-13.234277553913344,-18.837591658660386,20.600788849809767,17.46535686939541,21.414957640108067,17.56777549933292,19.849107074151043,-17.853214414450754,22.679855340763805,23.552519767620154,26.16611084726573,23.81655144924788,23.94543229535247,-12.642963504144952,20.587993933598348,31.784673448429377,23.138199744491526,24.891372243791032,22.606439136696537,23.479071296632647,10.39516284312673,18.601513074751143,-11.763525813070165,21.826844987501484,21.190808255975302,29.856151308018635,23.26803838847091,22.01606505717212,23.664592586420458,-11.501570481333708,-12.199751162645287,27.141634247182147,24.286559195045857,19.259402922754123,26.232453913314448,26.913453699830622,25.193515787526295,17.86135444074989,22.170586025602297,-16.431212763521657,20.138108530186823,24.77876486194441,21.88320413816096,17.366885227012684,20.347911113709,23.961035943182488,21.46802009945964,-15.115778703515776,-16.195644165572016,-13.866122626718921,22.848710552790877,24.851064484146523,23.183738402996998,26.41444424877114,-10.967148115326436,26.105961469550476,24.715288223996282,20.900270735139785,18.19838513300576,21.481839475313922,17.078564527314963,27.337293282856375,25.12787336611414,25.94036385423822,-11.951518221117155,25.60638386387274,24.381844388094656,24.63228786633032,18.98728213813039,26.976604478079032,22.777597927286713,23.48544173271023,25.16873572918402,22.59888392362801,26.696356745966213,-9.960679248368654,19.036471326047952,23.916441454636697,25.31214469914505,22.262497311876693,11.414145003858719,27.0695232746447,25.050416823516805,-16.161202045241524,19.858471150251027,25.820777698073616,24.774126560843786
21.051719681631848,15.160360365390835,6.107015198035655,21.518913317370682,19.752566060027995,26.620048182482055,14.554032145248511,13.054657977944892,21.24530158654777,24.37017969741344,-6.594962082783318,16.867763704592377,18.76727316263838,21.973206121929895,27.249727777997833,-8.60089773454034,19.488308891249645,24.597244580138447,21.434995347453206,19.51079439640396,-12.82191852996746,20.39781180142566,26.53419446219445,19.496622114568044,-6.816056397171291,23.330501190577895,19.04876182365626,14.829724307205845,-5.777819137376196,23.552262997731464,24.12818692934664,14.624643842570036,-15.578943658310177,21.441658612848272,25.68846872716715,19.205922189953927,17.83548513062693,21.748850028532335,26.39810299726572,22.699528741543528,22.098635173597923,10.490748951918844,23.359770439561014,25.265163763912444,13.670832785536126,-6.608128345076212,18.90866284310386,19.087852695504896,13.567114866743793,26.51868248718908,20.15153350819786,22.145344808856606,-7.589010378695093,20.31931966328299,12.465173012335823,-7.40468879842724,17.052721239055913,25.848327136238332,21.60767669504499,-9.728613954420492,18.144270981203356,16.48229725519751,19.935637990613337,22.030417841163906,8.607584782307903,23.197671628659087,18.639926729680322,24.79968272827753,-3.6204446159912176,22.41335597037873,20.821973314358363,21.430200845975012,20.683478893465253,17.93927931781347,22.3172429718975,25.481707782507105,17.885673893544077,26.436389573420364,24.061227055883307,-10.699153772529964,-5.070827585392897,14.724053737218572,24.9711733518958,16.14709589689613,18.08229627177687,18.477787312764548,18.17649036630109,18.81572455316496,22.810230052349414,16.401948740784995,12.75213279233336,18.739793336865144,20.378480980685552,22.287540024560826,-9.2520340982389,14.598138531824658,20.652700353284644,-12.783735343458204,-2.886759842487694,-8.211260471029046,20.71436954580572,-9.337970039201718,25.196455796128248,10.578042207679543,18.999234866404844,18.859456463573043,24.860382194065142,-13.709186215657125,23.420850535023597,20.043942489727403,20.6868274523365,-10.051150628433476,19.623150672105332,-10.576085771274313,-14.850561058748823,20.15542880005537,15.115045358898659,18.098440497947347,15.349678650231008,17.483094898606378,-13.503507378615993,20.95377102435746,21.53863450617487,23.38331124134083,21.151322963629095,21.965207765620736,-9.371071210046978,19.284621116242832,28.819000049371734,21.143653917721966,21.496530322617645,19.334573824062502,20.911626759365564,9.015077316776923,16.706065138151725,-10.807030038937768,19.336230581780104,17.944030679546973,26.83148246737798,21.393352142843362,19.786832029613088,19.887450093986427,-8.005054239630878,-9.48348113386163,25.196332242413185,21.03954523767405,17.99169456337312,23.437306955986024,24.824951736048238,23.586279159550497,15.386832155015973,20.900822924508333,-12.248993465340181,19.158183362655468,22.25954466085018,19.5193074047659,14.512001606057543,19.743686596940325,21.915858711164173,20.077129310447944,-11.403827878454587,-14.366461461807475,-10.240771586974976,21.922212467837515,23.659122606168538,21.645931879207712,23.267277709744853,-7.3704037143107906,23.612122250394602,22.33302263770808,20.258767769418508,16.96599818474181,19.006070365799115,16.559795403044717,25.453158176066793,23.303211270619325,23.074497672896435,-8.398858689653078,23.569109596358366,22.943602866550645,21.425502011954098,17.492207223770066,24.832625831947166,21.74834370919369,22.294459449636538,22.92834052187812,20.065118986129658,25.134961412890103,-7.168583153373289,18.15216552786314,22.51752837589337,22.787287078508168,19.6705275769959,10.633811314904253,24.967768740603727,22.486219223565246,-11.877973062747948,19.103769023606244,23.665880683952526,22.85197876075159
18.684384149141234,13.232312162150217,5.87397232111459,19.088216247800354,17.38681444138109,23.841991068143187,12.774744911320179,11.852132387383287,19.144070630064196,21.76302903937065,-4.964378595390306,15.15770591805426,16.354357819660482,19.969331974320248,24.54852793688375,-7.250345782452318,17.876197597079525,22.15650245404748,19.54424908300156,17.34450403952107,-10.548622520202251,18.150378228943985,23.820067068619153,17.635900618006335,-5.233493241091785,20.744283501334422,16.601750407822937,13.824218134166472,-4.098539833246761,20.695862382811782,21.795170599633057,13.22190881297714,-13.302303548693732,19.4447010887397,23.123108493669303,16.918480450070795,16.34420900632013,19.342733220150123,23.621480745469462,20.915692414170735,19.775740230093188,9.009906925688693,21.191612318485813,22.59359440806468,11.83417286040732,-5.504801847255978,16.539419300159363,17.322843695161943,11.913479486233921,23.9569588308024,17.671901834977827,19.66522143767123,-6.209109740058673,18.094920169076214,11.559259873969044,-5.867873165273511,15.01792532370334,23.216904581996644,18.929154847216083,-8.500964712366507,15.807863965543103,14.934560935842438,17.54369864364624,19.192147321040164,7.724030541330508,20.87329984228966,16.365747310512184,22.08230078447762,-2.5704450635527603,20.058644517134827,18.942576870523535,19.34416287514429,18.981447536065676,15.804132822937502,19.56649362140206,22.951974678318148,15.64699117233167,24.08438303192674,21.713765102887148,-8.904899377949398,-3.497389998955105,13.293014685780367,22.135840422271098,14.06642109939931,16.286287245258258,16.06954780530012,15.886877210549223,16.732727621912467,20.876890597522678,15.229907525316143,11.835566980716932,16.51276803757083,18.58232033934433,19.816320153541614,-7.145774254443112,13.3111644654273,18.05469064609711,-11.002965893083193,-1.479848336549245,-6.123703001861747,18.34411429999316,-7.483741737150178,22.46457805069371,9.456957073529626,16.823753009966087,17.063007623401322,22.90527659068606,-11.432694673987474,21.054973865905183,18.109428241139955,18.26814688545819,-8.313566558070683,17.773162069129363,-8.868305759283542,-12.744194988748653,18.67307327137572,13.758524014927673,15.692200669357844,13.278461824173691,15.643734916105444,-11.47162693023566,18.521243269045176,18.876435425350653,20.45523146811276,18.581234395951732,19.672837702576025,-7.487898907175135,17.581111713197966,25.896446934631115,18.523205464718174,18.892332891283992,17.116603739393714,18.72470704303883,8.240777203879388,14.524570766571149,-9.544549649690632,17.143940955087693,15.527222179570485,23.918698724199075,18.965067981818187,17.452966289454217,17.718163734335526,-6.571688670151137,-7.430825601829523,22.526521896061197,18.408093614849555,16.028597533319132,20.72160676971217,22.530713216012238,21.24443211368422,13.559042188967227,18.886099440004944,-10.236436674432198,17.635987680890985,19.5265084872561,17.658930544947356,12.973843017085423,17.89774541751221,19.806163824420114,18.09749085612964,-9.683098366738303,-12.651014092932291,-8.345329245676142,19.936942230882245,21.66787185726129,19.79767237034499,20.653015352288453,-5.654448942591467,21.137800630518562,20.147041168184817,18.531373084574792,15.607748808534666,16.831103253667273,14.343389249974063,22.841534124004777,20.771003652407735,20.72111525779093,-6.620739756644989,20.94324309817878,21.256622465239506,19.29523099155196,15.348295994708078,22.342922099825387,19.694528376856507,20.448108507768698,20.53987628492141,17.480569700075435,22.37278920977124,-5.6173516369566885,16.749248852739473,20.311128573055882,20.033211558857783,17.549207157374365,9.327904342149585,22.699993549402215,20.368886754834893,-9.877690591489092,17.398849132797196,21.014620378530168,20.737238997805473
20.937619159970286,15.20667698553926,5.85758861857482,22.292415317527702,20.467747683468193,27.175990053753406,15.86831365265956,13.6207264781642,22.42300887060316,25.3114594712076,-7.558425405083645,17.005946808061235,19.98763590157777,23.159760230394372,27.967705130094622,-9.532231898919374,19.48609954463815,24.359986643139006,21.911558455988988,19.664797552802646,-14.322695270097402,21.43393108876209,27.034263255426552,19.922644761066408,-8.287026184814362,24.492189737880683,20.134796378564047,14.826399774336032,-6.6155283873796575,23.854646455743342,24.087327726056145,15.246223723879963,-16.928840901582745,21.89623738194776,25.48941623249633,19.849032730523607,18.378254781344204,21.987650069220194,27.37762167687748,22.944682217852,21.996338366727493,10.569867598654342,23.888871693673167,25.675921156642133,13.885714288958562,-7.2052287136506,18.835971302540845,19.40690834463642,15.091931285244677,26.50840042630772,21.147486659685807,22.343255099766264,-8.186052801489337,21.64932966355904,12.106126499554426,-8.595497963769517,17.886908110104425,26.064651571838564,22.777585427259886,-10.507974343851734,18.38308722642827,17.194318619317478,19.534745620057613,22.708969797686148,8.319470002068508,22.973001384137813,19.06714448441086,25.216047759624026,-4.409039945350936,23.46561651790071,21.458981997534643,21.471394231841188,21.00791016913354,19.020417905985145,23.0043664177225,26.40910220243236,18.63675015042494,26.891519049689325,24.746057664742683,-11.686599479580268,-5.716149097931796,13.816037158692495,25.350976820227448,17.85975817957916,19.380972476233886,19.064926717120812,18.681234485226987,19.743386006425794,22.258326718051215,16.776275163914498,12.993071342750055,19.15857732267792,20.69751713409083,22.691158691561956,-10.86023488532243,14.709246098215734,21.50058263330865,-14.554379434075132,-4.241230621343415,-9.043536949044853,21.482663380298426,-10.97441506352066,25.136803941332644,11.581442695555513,20.53706589580314,19.44601291613825,24.78506516046178,-15.470069468088498,24.89447199031321,21.11622018555826,21.957680151325125,-11.589419164213028,20.222199722092515,-11.539552192952481,-16.51882584053227,19.85655192185699,16.244043534666798,19.219650891018183,15.841684701925114,18.468992585221102,-15.370716423523943,21.24797948144242,21.552667336958546,24.141978608907635,21.626129017223857,22.310022693920462,-10.596523510399676,19.679541403215257,29.4935861662303,21.430917636728793,22.49798961905648,20.275597511227527,21.590350671546492,9.638255902713755,16.851006728830455,-10.728813031672546,19.925709712402874,18.900940175255418,27.41100712077852,21.29517625135725,20.15032112217409,21.316586517785954,-9.611260895074121,-10.375035702256252,25.545203959531637,21.982804819028704,17.86671026197763,24.283213784275446,25.045212967810382,23.305554048661943,16.485608130533727,21.013977706802486,-14.145807291368184,19.409606738437283,22.573434647668815,20.27933347830492,15.51421953918319,19.614177606100583,22.221760272239447,19.970655006203064,-13.04869865887018,-14.744283798506848,-11.646598950437552,21.52866182425489,23.473137671264787,21.630490580915986,24.271164216983763,-9.11742658186581,24.38696737754038,22.854537111504555,19.808101750290504,17.189785898803734,19.59639642513348,15.794702146668426,25.71611585280387,23.4671098630787,23.91366798662429,-9.769182748103246,23.87371484118408,23.127637492997756,22.346848201190397,17.428028598477713,25.19071472035923,21.402223060312675,22.289607841287268,23.202572931149792,20.351794525810092,25.23658757280093,-8.298359125711439,18.050076874145137,22.719470557492496,23.23368459286151,20.30802834684675,10.375283687929924,25.149344202089807,22.918834354428217,-13.787778948783833,18.898540728825367,23.940835734349317,22.960354608375614
19.500193945330416,13.767734646096889,5.9935149834142605,19.714592551412927,18.19226214389204,24.536419953005442,13.262359635466868,12.227652771240255,19.805346165396667,22.476233144810195,-5.388629400957772,15.163961415586952,17.16992961438912,20.62182580790684,25.29453059298481,-7.420437935659931,18.4761670105558,22.98223715688008,20.252601740396415,17.846200101884516,-11.175920489079534,18.75656104351909,24.705458720130924,18.178943568986877,-5.7833261697902385,21.20405485001787,17.288264505568243,13.853854874259152,-4.366378012640521,21.35909588812726,22.30310851238899,13.578220592118782,-14.057705031215436,20.394515421273162,23.484310118549338,17.78929645418874,16.84323539037972,20.03047168358172,24.32664724159695,21.463435550233314,20.245176527109987,9.469024555216873,21.678158511074873,23.371843275002924,12.353436677346785,-5.722715046926415,17.43551390143365,17.82468828300004,12.7092160807822,24.61863024654575,18.1215363828813,19.983586870060915,-6.607636145592866,19.107692042246267,11.893660512180904,-6.776130427042454,15.605963929529832,24.0073596743254,19.833603994724065,-9.00812566311402,16.123338354040094,15.387173096511596,17.91607510573487,19.976945755101344,7.7963916256431745,21.56611497454223,16.632688455413394,22.42141429331048,-3.3536298011460177,20.55913029605998,19.468724368183306,20.06136473917679,19.62859564378888,16.30269708038712,20.192827697618185,23.741192291223967,16.079312617213617,24.694191914100667,22.38654342606592,-9.569700895404997,-4.278932934538114,13.825998351385676,23.129690549005097,14.74164053021076,17.05720213342826,16.774459157929602,16.574577399729197,17.22081783522654,21.388929287673506,15.722608696423507,12.133856261121647,17.28545053760025,19.256249435205696,20.66860795514935,-7.726101149843447,14.088780262472136,18.759587744006623,-11.817738200518427,-2.056218079203343,-6.820516977162976,18.887261115607977,-8.04865650567451,23.282818543354995,9.890468824365561,17.601280041729183,17.973484331431727,23.53103115005192,-12.154870020901326,21.733022645749507,18.78834457627467,19.25322652658787,-8.876153846493198,18.556350412210225,-9.280981971913533,-13.438470948932721,19.04236760832843,14.353115662286731,16.493479943643532,13.570893640641488,16.23449739945008,-12.295567402378033,19.072015263769536,19.697347453628286,20.936416334100624,19.363961102578664,20.276470113930547,-8.031937858611515,17.836999960689592,26.666124336600348,19.272735525897023,19.70265002678147,18.07935391286776,19.2587373125516,8.770874719853133,15.064842138953619,-9.612548594076822,17.66978848041512,16.248567086202776,24.817836520639126,19.974645642141102,18.052162705923894,18.54761927158933,-7.094051763691711,-7.7203897123414205,22.942252120944403,19.211163992937266,16.683423363227195,21.107729715369352,23.15065742309809,22.226847357027687,14.230982721425036,19.41901810077944,-10.791067492703313,17.76499229742083,20.35954819153063,18.417231687471794,13.655825931984484,18.008961077876474,20.63370271862183,18.96708873165232,-10.31415929753108,-12.958663597849913,-8.967550088676822,20.531590595417303,22.37577549817975,20.66859768355545,21.13892898270524,-6.1358526963315505,21.507241545161417,20.733655498706444,19.169240307428826,15.89373057056146,17.60903461527248,14.709690163954098,23.28025710972932,21.431147317419082,21.528071745025898,-7.179884074821529,21.479934339056697,21.8627528489553,20.1899351599719,15.811478191523287,22.84382844503726,20.221112865344313,20.87612723418963,21.301122896607936,18.42711985157829,22.8106678489611,-6.027575019270747,17.344893111621694,20.595132711762865,20.76078451672758,18.038888795411378,9.770005189432117,23.480053291687334,21.31945252187281,-10.575337517447117,17.71833180698911,21.469724288534913,21.670947232375177
24.461676255062933,17.85238152585999,6.750380910553771,25.789217610145293,24.011148073736976,31.412574487587044,18.616811023551776,16.182591729668882,25.851852690597642,29.39138744138204,-9.531368265698381,18.94510162393087,23.817982459503998,26.804793742278026,32.146141348598796,-11.252173123356524,22.644656955802766,28.47308438058684,25.52615437103365,23.273221735429054,-17.43692757064744,25.0907295085681,31.4478089671463,23.00569637402098,-10.34827584664492,27.877886691298908,23.882716459843337,16.52786200244383,-8.22249438425159,27.712072783190465,27.777086003841465,17.78018426581732,-20.45758862580324,25.487258675646434,29.014737268463158,23.79486429726586,20.87813718539556,25.704349435291707,31.602206666476437,26.12859118147493,25.536457702397726,12.730065219713774,27.3364476465369,29.74934303729635,16.54578971205728,-8.680312757474463,22.788358148913005,22.57964895121902,18.000263089845962,30.407546299163347,24.335082966671607,25.461819840213234,-9.91992766786753,25.59277352488634,14.320254733367914,-11.281041658938438,21.15719821667471,30.183021779349485,26.9403703330953,-12.58944027262824,21.135124451649947,19.70588697724794,22.544354878771657,26.54336742868985,9.48443978808111,26.580825496673903,21.74728393353748,28.65488044254204,-6.384712691660219,26.707390829711624,24.856487300517298,24.838000421778535,24.19567254109816,22.353600136040455,26.938029061254213,30.731645583866715,21.302386431112144,30.793348302256287,28.720913893440514,-14.224338509625051,-8.29227478386256,16.692439893114862,29.787039030121466,20.98916846237218,22.727278670352465,22.897438120382848,22.258356122335535,23.133510735713124,25.63465261645195,19.220603824033752,15.221180868805947,23.09257349825651,23.7438959562355,26.523597555245086,-13.360061294830574,17.50810956573276,25.498692590991467,-17.59117280484623,-5.974077603641106,-11.802946416212299,25.16401986885234,-13.679836772500073,29.54420266788452,13.628247355651943,24.108297802973386,23.05472942286762,28.193611661900604,-18.813393047655353,28.519163802573765,24.703107907648217,26.13697020635173,-14.017973195481693,23.820726388528577,-13.906872750105233,-19.70994033234686,22.678302029517482,18.663297557615653,22.8226181589843,18.543169573873936,21.49499620127834,-18.678771204032802,24.681776053810477,25.42906786890771,27.808646781309417,25.63868924248255,25.62599809433247,-13.062108297702489,22.003988974467866,33.97330318058692,25.143365847065684,26.457936188469148,24.184566962984988,24.91284860824095,11.521282095043352,19.894337491833102,-12.491179291481016,23.271444974492006,22.58392364526213,32.01783404889432,25.285742791784138,23.893818590847484,25.108433724503733,-11.852220873612538,-12.545868561843081,28.996265948176625,26.011543187241706,21.03260741239274,27.82072844221693,29.023546422623866,27.377027789855994,18.94865057458682,24.063734817250914,-16.914199730281585,21.63494083371697,26.593085801272824,23.404201156015958,18.551530686558785,21.903243303894115,25.837097017417317,23.684528164096665,-15.706891908748055,-17.326256382532605,-14.514188094567173,24.754429237811625,26.900305891321683,25.093131156271394,27.977318606953045,-11.199290578712949,27.777388334366496,26.377787440661894,22.835518268260113,19.59386475996861,23.117905128975913,18.54406058572291,29.346017292086845,27.022521323062133,27.766873536618842,-12.331161281859744,27.51566815607363,26.609077193563696,26.450735098125854,20.28003314092819,28.86353013492052,24.633501548466285,25.357068177293613,26.93556071757177,24.385189246259934,28.70661387381721,-10.259337597499988,20.82459717961689,25.63235924728963,27.11106204454598,23.489485098773326,12.765303952315808,29.1051809982204,26.91562040712095,-16.711624447693875,21.660850521506823,27.45959281324438,26.8822043838992
22.135041410964753,15.533005287162739,6.142816167691099,22.2581958843188,20.0970878039239,27.164254696379437,14.716245123853337,12.988099873469867,22.468946666100727,24.68556372830672,-6.468788058001554,16.90291193163268,18.90012927992945,22.31296206309384,27.526066730263693,-8.862894110194693,20.452911765325016,25.841041206603276,21.697340415233764,19.468953160921306,-12.716363280972143,20.54889729193412,27.444720019867702,20.87075899760647,-6.729911305169134,23.84697869199381,18.861489023415928,14.880388979658541,-5.995660238847353,23.537086662251834,24.22018579556732,14.760430211829288,-15.829005481516825,23.001724781176147,26.1737293674388,19.053669840908654,17.73506518132285,21.961043440387687,26.73414752776444,23.33814883552039,22.202045184108094,10.289533487212095,23.90138533262218,26.412758057261126,14.031065368161004,-6.5265543390538685,19.46201749317106,19.189605985823373,14.284989403532682,27.572799088683322,20.66134310613782,22.300966382218448,-7.663477651587242,21.06916581222004,12.273749620325749,-7.684040385579377,16.783254348510564,27.266626705504727,22.056788332360345,-10.323693158508231,18.105438300703483,16.741952334644715,20.167722588258627,21.873983885505062,8.9455426653806,24.767590225350908,18.58241703559125,24.72861785127184,-3.6214200142411905,22.291613022348646,20.95180913561275,23.114181212704327,22.103442606495893,18.050874847475374,22.097733338730098,25.556327509612988,17.840229813990057,27.46061825244378,24.869767203504527,-11.27722832935274,-4.683875203737089,15.157206575351706,26.122303453508422,16.373225476599714,19.31083738688568,18.526543494786768,18.167864911440258,18.9651900608966,23.391408282540656,17.510404648679636,13.063652721516403,18.756228641562117,21.91291789612503,23.05082500761017,-9.29017145504052,14.775651459861509,20.25355022120407,-13.249776990846458,-2.8367988157553565,-8.108964477138764,20.899814847961228,-9.443981386386874,25.99620738660813,10.603636594627385,19.75092602989492,19.08049420246322,26.344431869382024,-13.978107961238678,23.859093281393882,20.970523976485243,20.81762698739976,-10.32606309951362,20.978113503723833,-10.382169857717303,-15.290104905133854,20.97395748451765,16.558219173602396,18.88847203601955,15.188543604632464,17.431366876298817,-13.685695630268238,20.83649641716432,22.45050528113604,23.30899148436032,21.068541150622995,23.361670123508848,-9.168473006282685,20.35631993704523,29.510984795093442,21.1944306553955,21.887060935398463,19.716103732845415,21.060000930040125,9.457916760870958,16.591272143003312,-10.856501600212136,19.33050144196541,17.76981364501847,27.413695617741578,22.43183168009756,19.83874057672701,20.120928656117833,-7.901563510509141,-9.766633154176672,25.893173924045975,20.897219697934034,18.3223998746211,23.52765671723851,25.5489655369531,24.659422819041033,15.455038695520397,20.812903307768448,-12.482969794674844,19.104988504702195,23.21073710372809,21.236075128024883,14.469772502154695,19.802188384898283,23.506731936785357,21.156936859401913,-11.764905659078176,-14.385642821056214,-10.663242462002962,23.453522324589038,25.182317168805056,23.446296624247612,23.227940801379244,-7.424537823649808,23.63705785834783,22.723414787118223,22.011684432917814,16.960229544442754,18.883454418348958,16.776969485188484,25.402418269974994,23.85059779289024,24.567700003460164,-8.116665009460169,23.39976872516559,23.860891496160423,21.808401972097617,17.663667873193614,25.14194146545122,21.966672358971156,22.531543916840217,23.97489853016317,20.896640725863673,25.429711919233128,-7.3781975582695365,19.83877080570444,23.103846833746125,22.89877688369652,19.34725659651026,10.75800278598274,25.103200307091626,23.623974260440157,-12.232755352082798,19.06385729429057,24.4708667176797,24.43206340592142
19.592817573904085,13.553711644253152,5.888838197752639,19.250621139550816,17.54761812746305,24.017339373966564,12.225947222412868,11.333202324992806,19.45544330162859,21.63129664380713,-4.565833021607151,15.249606381893683,16.038421201230868,19.67929628802243,24.506389618353772,-7.028974372879979,18.45469526527167,23.224383149643106,19.499385728423118,17.201045404275575,-9.890772354187353,17.819909520813177,24.245713162386885,18.381749024136322,-4.529039410593621,20.720002199442913,16.07914599327557,13.863141197463836,-3.8613483644301634,20.762770023313738,21.910346491822583,13.016957379591943,-12.788889690292887,20.33437344727396,23.673633334701602,16.665428138037388,16.168001521599926,19.57149221393661,23.479405354257548,21.311207312280096,19.96041509605636,8.948964300819902,21.334249439591005,23.214158228973623,11.993321668343388,-5.186039631583489,17.030239567310616,17.23241105203979,11.808014896160591,24.739160608063642,17.62284202048648,19.789210289345977,-6.033642352925761,18.15158947873741,11.506884412458565,-5.6055947370381665,14.5309780799234,24.164604419635612,18.863808598627703,-8.486676760018408,15.816363735731727,14.790939560530825,18.150890148460366,19.08692551247416,8.057820375080269,22.101743902388638,16.333034599782412,22.011812582424835,-2.318861290169013,19.60401020049645,18.705988235251017,20.5198366959078,19.817763414640314,15.268541429697352,19.204824344685363,22.587620787993934,15.61376830447754,24.583070375515348,21.951298933790916,-8.85244269352064,-3.073968651644075,13.922359829343002,22.88089409749859,13.53936335196208,16.57487959447813,15.88106548408759,15.840782808751248,16.39828079211908,21.50356243180981,15.642903976687272,11.82956137209007,16.272785335105272,19.49025487667879,20.305500054930455,-6.5864342855300935,13.438101356174249,17.45310552249499,-10.475463270223942,-0.9744710827057107,-5.859553708135889,18.14903080639049,-6.798582771707204,23.108175854497084,9.037565229254469,16.78171000437559,17.018144971898955,23.9721358257018,-10.835313376527221,20.7656960483516,18.22967713130747,17.91992610436014,-7.8170646882236605,18.429511161008115,-8.450084649166651,-12.330018647361188,19.332356933174157,14.273354151467284,15.845993844906669,13.043233814005628,15.161436198064745,-10.743396616627207,18.455280621920906,19.703448385889637,20.216156901310118,18.4423207978204,20.547896289424088,-6.808733114003683,18.272056292434584,26.157989892956177,18.673977137926016,18.7195872833621,16.951926685479595,18.509211513254645,8.191579741713904,14.37164630600745,-9.519073963413144,16.882415704827412,15.031821652486968,24.18815408338085,19.811434753622763,17.42467206016125,17.327599886088965,-5.648848262039909,-7.270945163226489,22.970163227607557,18.031912418970865,16.334113600816142,20.51920395391325,22.9092218675336,22.23904822919128,13.358798014921579,18.98098957875203,-9.521812036710896,17.588363038724594,20.13836106620524,18.56165724179198,12.484817042796841,18.12587914795455,20.806668459851398,18.905369908926186,-9.229258539763135,-12.396877316437031,-7.935247418309071,21.21620558582183,22.813799570020336,21.05812954490104,20.164521588634855,-5.006571141039438,20.883465787727566,20.27452263504723,19.96461749591681,15.42383130533082,16.541473214145647,14.987162079493366,22.773086241228622,21.342286629303963,21.427608203322716,-5.785297655663649,20.85028036678956,21.759953351909015,19.064751515850645,15.617083394432917,22.46555528152332,20.211182138236722,20.656045968214315,21.11858582860771,18.05656233493758,22.756834651373026,-5.2283128357538775,17.902208728634704,20.649373660155472,20.010291266480976,16.994882390341797,9.480872389719078,22.77821751616849,20.958347473064933,-9.31821016144727,17.593215864062753,21.571312126938174,21.744589734571782
21.036872237433286,14.812004018967723,6.088969034785735,21.6287697018891,19.649785420587698,26.47300998609813,14.807920142089847,13.169756185112035,22.065132540355314,24.3093236595944,-6.388205132723298,16.40131234919038,18.750409439142654,22.305318633529822,27.094510811793096,-8.818290382868838,19.824352085721593,24.64379490054717,21.469215490597655,18.94759307416024,-12.736664952021929,20.375213596483608,26.66991362023327,20.103233476548123,-6.982523020437422,23.399696489821128,18.739385817735783,14.6726938552664,-5.590272838526413,22.895016589744035,23.554753678265808,14.750954058432104,-15.720905323918151,22.253620052610017,25.11466177902574,18.876298344196,17.731677751133425,21.41426318885804,26.34930133935601,22.883463590435827,21.574715000131754,10.07752581419339,23.405815559233147,25.52605392082107,13.483133188857375,-6.502473179161574,18.637691235543553,18.85601118145708,14.356228538890953,26.51495573932296,20.212282575852694,21.558382892887956,-7.470530137590326,20.876184795191044,12.108728837993473,-7.846360400244108,16.682106947063527,26.16366455842581,21.750414397726164,-10.250783211864402,17.462463057391002,16.685339271541583,19.081252163390516,21.401693911260626,8.458247723477834,23.463691575311437,18.064927059409648,24.138877382024237,-3.826397609189937,22.210858161775146,20.79695996103576,22.025144658899944,21.437677187032577,17.916461166912907,21.687227406654824,25.39104715415897,17.37241006094475,26.749053017117454,24.313927017494425,-11.05876836304894,-4.727855030691274,14.253883730190825,25.141579836544274,16.54805660553724,19.031137891561016,18.13814114098133,17.80423533825511,18.716696148429282,22.47778905392499,17.13847762430298,12.994845550469133,18.385524892939507,21.040396440428278,22.291203086972367,-9.295316576260465,14.674609455378732,20.091486105322183,-13.494569170031236,-3.002135173299629,-7.947313730199402,20.601404696950553,-9.617907731925893,24.976211041155196,10.778017726761128,19.629204816070107,18.973869773238665,25.354611591218994,-14.056589156159035,23.796806257739597,20.71021316927896,20.77563052401736,-10.473107278323958,20.39496235981844,-10.46799123333621,-15.347280027657352,20.315952789088783,16.287023268970206,18.42129070052056,14.86489955748199,17.600109947508894,-14.010588309012032,20.406633934951607,21.387117030919168,22.789977772643464,20.670175166911047,22.394284264105757,-9.181358924029423,19.68519758147856,28.816797740218973,20.599794680810476,21.585617506575048,19.546666887695263,20.735718796878572,9.609001242095223,16.056805512130232,-10.263863622521269,19.04295915777759,17.6648305419586,26.687995031971685,21.408474428902768,19.344313506591845,20.184503177880973,-8.27875328109277,-9.288390261288427,24.983422495554414,20.728840790705416,17.69644230901328,23.116029724046182,24.886232512342094,23.549256840326056,15.433887447470264,20.36377947406242,-12.617639509587143,18.762200909969458,22.297675128232637,20.510805759475748,14.62343297158299,19.10541756688323,22.619797285068845,20.396216052044647,-11.944445495086557,-13.963027916180668,-10.567128050305875,22.185847426134966,24.106465197165832,22.391266811441376,23.022591421434246,-7.579192205377253,23.277425809076593,22.27733121218649,20.800672014251795,16.881437456680942,18.69227629854961,15.609927581011107,24.811363386006235,22.96806649187675,23.841246184318194,-8.272381614605548,22.8518430883941,23.353196624461834,21.68727750717038,16.858436101723143,24.53814166746566,21.149572887441032,22.056555295996798,23.160031923796534,19.989028200217913,24.498923344358563,-7.273041742342205,18.949734558682316,22.38018934346284,22.345834495286898,19.154827086758576,10.281150588395619,24.627607202384205,22.915501725294362,-12.419741521303035,18.508152272858197,23.501264815133542,23.48336711555677
18.131299114432952,12.6925605560808,5.525441319571724,18.087612081545252,16.585663759432247,22.647159154033222,11.678904383542518,10.746470647687081,18.19704278348701,20.54274001124541,-4.3679788238365465,14.637752111216956,15.237424946763793,18.68322026335475,23.15273367977381,-6.63873325514059,17.114297843715924,21.552469041999302,18.422578471059428,16.344127795165228,-9.564851907934896,16.919791518781924,22.688768353878775,16.96006290161534,-4.454437135708194,19.686542094914874,15.424889628092325,13.159724027034295,-3.7339661120604104,19.67414886954916,20.75154150626414,12.272911346900893,-12.134526598873075,18.662020929849678,22.321107794345856,15.808683487541675,15.376205008673226,18.433415598116188,22.21272251938152,19.954297284635036,18.836293852217544,8.474389651818962,20.097657567995427,21.619453874658177,11.261733973653607,-4.897039727258861,15.872372015430797,16.34867432661262,11.092642630450468,23.04871175998467,16.7086287313175,18.798632224424342,-5.7057345717813694,17.06549421120071,10.878389723433697,-5.143108524205494,13.987645411857011,22.444363522703433,17.881156467043244,-7.897899619248102,15.129981851758085,13.891345249968696,17.172795493794393,18.16748108212112,7.516371767865753,20.37734738336526,15.52612106049846,20.95932817651542,-2.081209698876697,18.71227716711807,17.7152300705805,18.845260065520087,18.253654846179757,14.561786754432603,18.337865059032733,21.44903049919107,15.009431710955942,23.004949037719445,20.595623717507717,-8.288296303390528,-2.960254642401405,12.88407040921387,21.299004508497912,13.00206989777565,15.43011354274134,15.050536564398763,15.030020351099976,15.572370219583608,20.081253104351536,14.361125907589754,11.129521785834969,15.44754969414651,17.98964357139138,19.043578902540794,-6.384010653980429,12.571501868471133,16.74999880437691,-9.870625400195776,-1.0098778088659948,-5.5558985388385045,17.26171264797357,-6.5157228936601115,21.538363257162935,8.658829374638795,15.858435719195787,16.006425805015,22.151597741242536,-10.332550804085553,19.73346289183351,17.041810245484324,17.062967415277605,-7.461443026048144,17.01240443334559,-8.12181699513708,-11.700403840973237,17.901589628167,13.11843605767224,14.856729356251416,12.578883772234763,14.351790358242999,-10.258130452075275,17.47179010739403,18.329510398947075,19.326438890904676,17.535793623644516,19.044920821596524,-6.645964274393852,17.021115931814172,24.624104330411285,17.617962214071756,17.68474030249378,15.940745961133384,17.524540493226297,7.496711050245697,13.608242245035553,-9.047976213530628,16.084893263827755,14.388199087457421,22.78219876245478,18.294404250256477,16.48605879774778,16.52580036632645,-5.542955428042558,-6.917423471881676,21.62179700033804,17.2065699559552,15.297122086574035,19.60097058459239,21.462941763527283,20.610586487929947,12.713488953980962,17.987455947860003,-9.16141690563311,16.887498189824665,18.743501191868738,17.079113153403917,11.912425222046945,17.217557953277346,19.168066132513726,17.368662170117474,-8.760529354760067,-11.872918395585165,-7.527488261422455,19.526530015524827,21.00570034217494,19.231921983003392,19.278752122164917,-4.8885861284933085,19.87838110612258,19.161121606710342,18.17748902180349,14.577559404359263,15.698799209181383,14.08162330088339,21.640308997336756,20.057277573616553,19.866226114846512,-5.704617138532023,19.913419841116724,20.260386186349734,17.950769989129167,14.763738310003113,21.220130612690767,19.06740285765714,19.44539580692564,19.630975120858686,16.813993699230977,21.499878549469674,-5.089588867135755,16.30223178426136,19.45229381229794,18.95766805467349,16.298229628268814,8.906648385046703,21.53795653781282,19.487885209101602,-8.886840880276534,16.72615908214758,20.24414798712745,19.976757843128585
21.832491522147485,15.552181344230656,6.477893462638495,22.496173558564045,20.970842987757525,27.574539083201877,15.84308101859981,13.996845651601769,22.78883974523019,25.612774621449937,-7.268122361089623,16.91254670450966,20.4192428605954,23.475163248001692,28.285420491763336,-9.24517167414755,20.477895927731822,25.692940635586684,22.71049299611011,20.26624116300469,-13.87588926682062,21.854666041067095,27.819813553421554,20.597912421133856,-7.684560893866816,24.26137963486512,20.357714945203742,15.097346621416035,-5.874773742206052,24.11094604511931,24.609233416657077,15.766713437036467,-16.855274148310674,22.975048283675104,25.8760686169668,20.62496936083192,18.634542532111706,22.687550542249653,27.593099913937813,23.722283958398595,22.70729481965148,11.114464171168665,24.289671014647265,26.375124294896484,14.24559881160414,-7.061810678720884,19.98969644410036,19.94809862739535,15.305462925220935,27.311183378534494,20.849924981709655,22.29080321821238,-8.058072816939994,22.244751587204508,13.006891824335955,-9.026117047362773,18.156836038887892,26.97531768671882,23.02592597535418,-10.839234441504981,18.296168739106257,17.326404225485618,19.848225182587143,22.84269142284049,8.728458790805615,24.065239541607493,18.80964629172988,25.12921837627849,-4.873166474117383,23.221121160259013,22.016230890945806,22.51077541588444,22.0535405453248,19.131498442660032,23.223855870114132,26.849474220462717,18.41997307812701,27.521232292750465,25.47121498682301,-11.683178390643313,-6.0635731560093475,15.155885801703262,26.327775772674293,17.684666280855076,20.045397084915283,19.68315415042212,19.171143025154844,20.2092856917673,23.236681185176003,17.544848382768635,13.693049578244112,19.879054500635743,21.4638108071304,23.45317520556094,-10.155231381242599,15.907261927403466,21.6483619344938,-14.540347489236346,-3.8782476917529314,-9.091033124501827,21.83742656300633,-10.646456381650449,26.19419479948865,11.686931878634333,20.708811851321183,20.317651904263947,25.91826468836933,-15.253578045661817,24.880430529598044,21.60233482183478,22.338777228345126,-11.175565924751337,21.2103428168523,-11.322937561120577,-16.422870928499716,20.88374106296815,16.654711953804618,19.45103497012696,15.585118044289665,18.57744891339038,-15.279394763598132,21.552933912059128,22.425676494633418,23.825609122156024,22.146582080347304,23.008301146147772,-10.095993250070862,19.97495027393094,29.956447609356847,21.962209434308715,22.82999650588369,20.975005243431763,21.90900360160365,10.316148134652023,17.312328937711417,-10.692947682506945,20.198289402119187,19.001788076301256,28.09309300066462,22.526077119212196,20.78819825499085,21.542958739415724,-9.195237570388832,-9.726649939591265,25.68902457089966,22.28715694735182,18.639144842946664,24.060352298603213,25.873339020938012,24.6781246643734,16.404005915842028,21.490138155684992,-13.533271405324621,19.551434034639524,23.255513170394693,21.037072716702987,15.966829587028661,19.5713327281071,23.319366251333253,21.327254005282324,-12.835345304534242,-14.753394946887807,-11.51258674464732,22.649107700189834,24.65210466613655,22.987435068649294,23.985573428511838,-8.396384566724592,24.38364831096354,23.441575266862856,21.184891476644076,17.577398036120744,20.119279888251192,16.415112269993973,25.81075211641087,24.04754236812357,24.651969364083403,-9.387002144639137,24.1446241441086,24.172696740475782,23.147649796390454,17.93709079066019,25.445127246704505,22.208634016203845,22.949264498781154,23.950799234764247,21.22439960598407,25.430705020552733,-7.787802143580995,19.317943148951638,22.93511197371001,23.513431983683287,20.395430236515573,11.062992030368928,26.00279678904744,24.005194755023894,-13.379155079650502,19.29748515988389,24.233865718884797,24.307261768814925
24.45658264124043,17.815290247305995,6.67643647935602,25.19351512008757,23.00035697035201,30.40194264343668,17.42645255234334,15.30177820824327,24.77391084912935,28.140587392127156,-8.545713782202101,18.50782376938871,22.284102432760523,25.263554092950898,30.864225744401136,-10.245755445755822,22.34281673000559,28.274721558055116,24.36252368995108,22.49550006715423,-15.940851528678442,23.795720262303774,30.591048313006773,22.668210371172325,-8.99920596481563,26.672481079264124,22.43539352723918,16.142390119194392,-7.692938092923701,26.65075744433046,27.23819192507368,16.684063501859356,-19.04633415222931,25.040639040726433,28.60903102959942,22.41257945766037,19.71618288036646,24.695063835713988,30.300833691439763,25.253077823870345,24.79872531905595,12.212340827039336,26.394662517681407,29.152104201386347,16.25505145266334,-7.915603613679732,22.302305156492228,21.86041902333735,16.68838303434308,30.1336884929211,23.359418824398297,24.984608955622956,-9.244901214558157,24.176152639915852,13.824338721074536,-9.948067495657266,19.933201514363276,29.73503303268242,25.42902470940915,-11.81096546880683,20.638469988532727,18.740458503193956,22.348519236770855,25.18278991164325,9.619976724326023,26.635175918315447,21.094601559406186,27.654301134683926,-5.349336877606753,25.25457984799155,23.819261532677224,24.74410419994876,23.67690679941867,21.20073234610538,25.831480652291877,29.224291307180078,20.327435212515628,29.937386351341633,27.71329817008527,-13.302446906154195,-7.1768603705725695,16.884690986687012,29.181914499292034,19.37136102796442,21.576724335181094,21.920196930112343,21.164485812581482,21.96673275551205,25.515090690863197,18.885991624710442,14.601578176782963,22.029645966992458,23.589126028460054,25.79210886097817,-11.942722771361986,16.72854247984967,24.14880884773478,-16.0455271343109,-4.713725163885068,-10.585034941324414,24.008706030787273,-12.186528867073038,29.103299014280704,12.717987935362487,22.595065961932526,21.842209013504306,27.97684114901771,-17.187612219269027,26.9663330725918,23.445335995536027,24.454007404710968,-12.68822652046935,23.012028300403408,-12.587241545497996,-18.235527710610025,22.34510761612608,17.819293304760365,21.82043232789691,17.637445533567593,20.07297522606062,-16.908205646233625,23.67053170667437,24.985819359743655,26.592633500689058,24.446642708007957,25.242085082156557,-11.876341306850177,21.569914944943008,32.89779414241499,24.212511216950233,25.176464639504307,23.011244970828532,23.870872814089616,10.711085986732954,19.437193520364907,-12.43511532091977,22.461826796029943,21.322943683788804,30.98957166780874,25.023049564430654,22.92452149408449,23.400313567863453,-10.429585244261222,-11.823201805938586,28.40266097897617,24.399694714108207,20.645872692206314,26.536755904390496,28.194511589707513,27.232218740796235,17.65945418891244,23.165921485543993,-15.350249962366295,21.06195086008916,26.0596103064702,22.88118386495809,17.278824635399005,21.451523512574557,25.420606194914228,23.235288395087988,-14.21964343667484,-16.746249157029144,-13.291702309911615,24.976021895872393,26.88045745305751,25.068268236858664,26.61865442925579,-9.729594740397454,26.579618596925343,25.343424921838253,23.160051688689112,18.806555041634997,21.992851262865564,18.80900872924481,28.41012216347588,26.569537214878125,27.001004487180143,-11.011313905845384,26.57843429646361,25.808394619654795,25.17771636473274,19.986248407267038,27.905902212816713,24.185494873558103,24.644237886731474,26.542939615849175,23.863997531753483,28.058199460079244,-9.312511040720917,20.811966023556387,25.10663751816146,26.20574048928621,22.577849439314992,12.445506477615124,28.234997167821184,26.25006081205171,-14.97412782355326,20.986610471987255,26.942631261264058,26.58570422801495
24.16986513193971,17.17079484734724,6.840538075453193,24.72979136557158,22.762316520170973,30.400328639520357,16.906149745358185,14.88928816667715,24.8529591670512,27.87119703344342,-7.918812914901484,18.871598258441466,21.76884289810986,25.277723767201845,31.090006797564687,-10.230111369456196,22.39922085931637,28.198821504696383,24.49628240014246,22.027372568336112,-15.034547909343377,23.446894823759695,30.480966822440955,22.744969835507245,-8.292599731706199,26.82391254927029,21.768628802527207,16.63016203586227,-6.968120354898857,26.729886220566918,27.084771993419196,16.863089191031683,-18.24666525602698,25.09812781740429,28.96902344715575,21.986715497210255,20.288750473546582,24.855725488027424,30.236303271299445,25.997315638710187,24.980426320555264,11.89950042464641,26.724834518362844,29.113948979318362,15.597453419149202,-7.696952223315298,21.692010859007215,21.620869839588355,16.208696843892575,30.31508607212678,23.199186969715235,24.94592969708398,-8.922237123456359,23.750468062347316,13.899322229678928,-9.240975597285633,19.36552812764331,29.814575530957338,24.989673302336442,-11.569840717197035,20.426340140702862,18.953701182766217,22.329481424754455,25.125259577141104,9.711392175844129,26.769857651029497,21.097853267093814,28.01053896732813,-4.723248443244464,25.53750059585732,23.721044082935947,24.952726907135638,24.137762242755095,20.565598952713287,25.278474597846543,29.074952198965736,20.333827713027546,30.335400464139596,27.69473879092943,-12.757136874457506,-6.114040408715102,16.55022765028699,28.828723667257528,18.892416847123446,21.437902798929116,21.139314426964226,20.81496317522893,21.622380893504907,25.676306072123413,19.097997065091324,14.602267106930473,21.350607315326698,23.74042586023838,25.663288285342315,-11.143130318565435,16.75201009945961,23.43710476724839,-15.361874844966952,-3.953582119241289,-9.820593680354252,23.690841561603566,-11.31262825243142,28.811273137091394,12.352937143323006,22.290289534082728,21.67775534212074,28.64369580953859,-16.34128635041236,27.06516763927871,23.41118869521987,23.878821852872083,-12.09127028781779,23.034224864992602,-12.299517159138022,-17.58686458537146,23.038048832316306,18.11187053009816,21.151796586614545,17.320033769731932,20.135899150485926,-16.09160248124542,23.784289259874175,24.78676250474986,26.55162719970632,24.06745647111696,25.49142639520873,-10.98946349834748,22.293152970133814,32.976629786941594,24.10069469531993,24.805516807022613,22.33064325600693,23.832578571376267,10.76688945757214,18.881664869439863,-12.047377215849806,21.851675320342682,20.514367242546506,30.7066928075596,24.6455080121918,22.54053123352269,23.011180885010287,-9.619114127320305,-11.194840433410521,28.732741654541723,24.09863056337467,20.487260380904335,26.65396053810082,28.351431131182974,27.017589705592766,17.861043183902087,23.60392354136321,-14.63700638528959,21.400536158612837,25.692531247551923,23.05092047791531,16.72990182823201,22.10747094853425,25.586795470421844,23.240033645866507,-13.738154620406501,-16.272138627265527,-12.34067153462573,25.219054810585835,27.27809653671382,25.2771716823539,26.46408043832015,-9.112205875554183,26.805836919209455,25.51150661342819,23.50774247805626,19.17705533941477,21.68985292587686,18.447319723681467,28.67249563658594,26.56062526187446,26.965982676115615,-9.958399762869375,26.54492118428921,26.351929944015946,24.71039453638578,19.779678804693074,28.229725072485596,24.449023392723742,25.243054416148098,26.35192097829161,23.20744382705186,28.478416679201978,-8.6674826743601,21.2676118547036,25.64659930092382,25.88063952155667,22.11163098084663,12.019504835267831,28.227651283398323,26.060877874495887,-14.360087102485064,21.35117686328471,27.045481372572503,26.60487580756766
24.916250582280295,17.913790254132508,6.594327514216486,26.33723652491556,23.87431678985175,31.817877682239473,18.8467694216143,16.059346201486,26.751157517652818,29.527051460662538,-9.439789943498424,19.33492610970111,23.683289868759385,26.998261576365593,32.45528391594166,-11.782109035348315,23.06574725547174,28.76944860587043,25.424538109896773,22.96275908977066,-17.31980200663087,25.1925277789639,31.911755418702587,23.85807857583545,-10.480722430943786,28.584499052969036,23.64939750421475,16.785519324475654,-8.537596597161775,27.724032579606728,27.70030142418072,18.024120489410052,-20.5342579447421,26.29597233396627,29.472109239940878,23.243170863353548,20.896646532762137,25.637677277184363,31.84786737973964,26.622545292250823,25.601176175139813,12.406764786598213,27.87525275473698,30.52950721800457,16.599167882444874,-8.743627355589531,22.484429113543513,22.331263153347187,18.18504547543318,31.060953227679438,24.98106025562812,25.801695521947586,-10.059085666022687,25.693473863073137,13.80512374426706,-11.096499916897955,20.78187506981581,30.97229430552766,26.982014684780946,-12.939517533371614,21.179596945430603,20.093349967674982,22.563443790439436,26.366320887440757,9.946252809329515,27.462470962127096,21.98201300602923,28.988217424522794,-5.884204700465848,27.00482941474523,24.910525887943486,25.839431245391513,24.973206743214817,22.532329137346952,26.751817884303087,30.67061338921475,21.385898405448053,31.584221828240047,29.24832261733915,-14.590889456667458,-7.361641740547276,16.17958915427877,30.19391492223151,21.1195412926349,23.298117749410803,22.58308812178906,21.786713714405327,23.188095890540993,25.826608688414925,20.039426025248854,15.111524135800394,22.551753543872625,24.58449351340394,26.744633975189917,-13.506575730833713,17.117591254586465,25.014358883472937,-17.830942392875603,-5.840016445484448,-11.493738172989882,25.27694371347018,-13.72594384271466,29.7098378214788,13.400399437973729,24.443495316183185,22.72057270087528,29.220826006599857,-18.95230989540578,29.028742758137504,25.174040850581072,25.766771509402357,-14.26892610451657,24.3762114212277,-13.895612929198755,-19.987890260942606,23.238691336480176,19.67754516965037,23.07426714622612,18.513302983866588,21.61227350225896,-18.686300833425207,24.681658239904834,25.741514753930456,28.051169846218755,25.281995931876928,26.670704495529588,-12.90316642153222,23.070852083159586,34.478866888024065,24.955537030968916,26.764710176058934,24.118425564906158,25.232024626136766,11.642326559410225,19.6660393392705,-12.45131850611618,23.199445767721265,22.255385948171593,32.09437745850638,25.480364401091517,23.62782598259495,25.019839116871452,-11.763317964706555,-12.975892157997285,29.75820000245757,25.829034545503433,20.98004526122092,28.26777737554905,29.446629960266048,27.488643867308163,19.111681856643628,23.95832594893301,-17.23091252704603,21.71882172346755,27.045812505220816,24.417768876407063,18.166243649865827,22.303550689848073,26.65671772111576,23.962388852711626,-16.042128865225312,-17.22172599838798,-14.528220230170998,25.619856455853277,27.846968445131633,25.976928038925397,28.267876386689935,-11.406624728040399,28.27168819423227,26.630629695622016,23.76746243163107,19.91367832057728,22.866279030342028,18.438101711011125,29.584204691566498,27.23827591845665,28.63337400745221,-12.034065557895367,27.327233843030925,27.053461317552166,26.287859976955293,20.280807686566583,29.33600566859764,24.543331020931593,25.66139681526686,27.56973893865741,24.33264819476618,29.10321694878151,-10.371897077052282,21.694569547194764,26.427392534086927,27.220299673660975,23.372090032117573,12.295418765526327,28.949273928499707,27.19478869019869,-17.005580996643417,21.483238816874906,28.19998021211966,27.540240209290285
20.46028803235281,14.41999370132371,6.051838926009765,20.658574074316665,18.86494061808123,25.68155030950023,13.70993392900331,12.465123922622013,20.650485582881238,23.367526273034116,-5.605722834807815,16.380403102905063,17.613281076456737,21.184700353538535,26.38185933539683,-7.986127372876865,19.13811425897496,23.98887522424341,20.78560796805905,18.539730217930423,-11.495346339964255,19.45799322709589,25.697144607903535,19.052093226645532,-5.841549628784515,22.486104559631166,17.746176021669502,14.704678264812102,-4.83567296489476,22.525090395887222,23.34887849009522,14.063401347658452,-14.400159639741112,21.028456788053585,24.984731903468987,18.126003866868746,17.39002273063974,20.93796119933599,25.4224066084169,22.402632195792197,21.394007483407574,9.890324881235191,22.70851587033164,24.469915989152685,12.869760600406323,-6.0298118984416496,18.0240962063836,18.43806911620036,12.867204953473104,25.96057223847717,19.278880360480034,21.29541694784951,-6.8230618425083485,19.4173511635846,12.07246815773904,-6.49072619799452,15.92691699940717,25.186712750899883,20.426691004287516,-9.15798257393698,17.291608864236494,15.946435065861117,19.142549457228924,20.90362171916792,8.44827522343616,22.730302090993906,17.85900278871183,23.956468996974444,-2.904979034883425,21.542279312922783,20.159596969614757,21.092663547676036,20.428432798052363,16.820404303549022,21.025199418819394,24.442114477749918,17.023141191208616,25.85911931109376,23.35238143076941,-9.849140268547881,-3.9230055845928056,14.252064991600996,24.02935719002625,15.144061750100219,17.525088481250933,17.3425410826521,17.2414920084344,17.8406332583903,22.341505904798595,16.256677724127968,12.53313746371101,17.592405006858684,20.125982710935265,21.488868131344173,-8.039111119038354,14.194184536685764,19.40514840496332,-11.85765675391031,-1.8421560219467366,-6.96649789859831,19.799407154315592,-8.157620641639452,24.329288091956826,10.029050676680525,18.136188147767317,18.161013544847567,24.7332202079215,-12.48550008361848,22.613707096428826,19.319037650096778,19.49491259625528,-9.153021639735053,19.111437057763098,-9.629176373922135,-13.808372511737389,20.049913696179434,14.89690793233369,17.107990881416825,14.463886444608331,16.712820713509966,-12.319667051931344,20.0407110047829,20.718128909681546,22.204339064066005,20.01181471562065,21.506013239304686,-8.200588855365472,19.109318674498482,27.942099326515166,20.248657177341872,20.418838046839266,18.345113820454554,20.035573989280095,8.791705028994238,15.688572090066163,-10.186912450955768,18.415553427756187,16.815964801716472,25.81419094403812,20.691000482223703,18.82586372003077,18.877415310861487,-7.073238091663671,-8.450562504247337,24.483475255871834,19.89436736038018,17.40906255194864,22.41153515216525,24.170840263194744,22.973212019004173,14.716984831537932,20.26278183405328,-11.137723168046112,18.752728171899054,21.41577955213007,19.216818073716237,13.678894731506986,19.269751102639486,21.526660056255476,19.63913054878137,-10.49690686001821,-13.613398647659736,-9.083299247403787,21.700879688711737,23.459954751517202,21.444432675813815,22.256027625739844,-6.355576805849754,22.73723413940929,21.69971047370047,20.17945328357782,16.593362605160955,18.130849606109063,15.7837108908041,24.628777001440348,22.572583631108525,22.47277691771473,-7.1542361192779,22.562849292655013,22.641193572112435,20.472569825136883,16.75785218287954,24.078579563835554,21.14737611641063,21.86167679246217,22.252491505351205,19.066057957736064,24.341867474242868,-6.32102237551268,18.194027696643627,22.10301680109435,21.7660821233547,18.649989501587527,9.997577375456581,24.195871977715104,21.83923509169944,-10.770898522566187,18.532940938580477,22.877053741414365,22.473183522690185
25.302680929919276,18.428898113772185,7.105038014851491,26.43201703070535,24.486517454176845,32.37038360303635,18.871943862989802,16.556704387057554,26.341494159468372,30.049813606647497,-9.543072265195775,19.65525324848814,24.196834439288097,27.270382626409592,33.13903932823844,-11.44503453641116,23.385191963799915,29.421868529256038,26.265239905774212,23.980234701623843,-17.443340103211714,25.672952943200887,32.34345616168933,23.687972337303883,-10.134387882857624,28.55102752341404,24.288041444175533,17.25321201294425,-8.238558882519042,28.665798983837668,28.673153374033113,18.383908472530326,-20.640783432592908,26.236339137379137,30.166496122259275,24.312517837373893,21.602692310034488,26.634882799092626,32.48019208872982,27.169642736697263,26.62774448141023,13.2001849634026,28.302103856250845,30.69571772949658,17.038312425306394,-8.83960509451706,23.40647955167312,23.24830634348825,17.890188101173422,31.607256394891984,24.844795582511946,26.347965694131823,-10.028428268676517,25.831887785872738,14.863150977651427,-11.191855303029822,21.518622925342026,31.116649736327975,27.216677827953987,-12.771475662220352,21.784247531008063,20.367789212741393,23.32723016641132,27.27728288131418,10.098839104841959,27.59347448373973,22.53414235401795,29.748765280071936,-6.21390992617525,27.510232396922532,25.556354379750456,25.69104159492763,25.011667302857763,22.82252622982225,27.66663045309477,31.46021731346051,21.80815129653542,31.78340569865634,29.48593648027186,-14.279017955076393,-8.105782067234955,17.40877996083825,30.568470178221983,20.963074433409467,22.99260426737248,23.404678847131553,22.721101430472736,23.72049006693423,26.698636279743724,19.95004756771697,15.567423263431115,23.522914323878684,24.45899974034174,27.266963214270344,-13.2201051782522,18.071343015711,26.02229542777204,-17.53242257048227,-5.608447600269063,-11.796820113123985,25.74942698186541,-13.583126106269804,30.567958791076787,13.82912753318153,24.203427859535086,23.543107496809963,29.364600745223672,-18.798714079575326,29.093644952223467,25.102807099035005,26.342927900716223,-13.870024877566369,24.31495797441581,-14.049114832381932,-19.741761786953195,23.801747728987262,18.928711333755903,23.053698991623587,18.871914086896282,22.058471439157636,-18.581837500305358,25.602221888455134,26.210030179737956,28.57520795536309,26.27689971068907,26.50607232205503,-12.950627805205679,22.84982634615972,34.98553155838581,26.01294626902276,27.067512817573903,24.630194186641248,25.760549347816,11.811941419230864,20.667679463555,-13.02747313857376,23.810804436641067,22.86198277053131,32.87747452488376,26.10181143349587,24.590297782555783,25.280067583235915,-11.653164741791567,-12.708769280286837,30.054928882667575,26.521990190507374,21.789298312667224,28.53138206681013,29.950496168590238,28.28295573983221,19.348891598822252,25.035782588470116,-16.898093458197305,22.379832766721677,27.325995825833793,23.93220222054116,18.7535387219683,22.919066692615676,26.60968149130767,24.486714375400798,-15.701268281612142,-17.764808936754186,-14.39680711777574,25.7693464882668,28.008401697657415,26.005616776142386,28.666028059221716,-11.058018525979813,28.694937769401502,27.144158489385415,23.861021838919537,20.433208331935738,23.755071112071487,19.382789514411048,30.456319431255032,27.932687331592035,28.404383485887195,-12.155163652924088,28.401949834259778,27.529734797552713,26.97838522146671,21.08722943261906,29.873251236163156,25.584968520205148,26.486373408944306,27.818169529205658,24.93059401579037,29.895742927912934,-10.191361515613368,21.66084065190047,26.73565099160727,27.94728073967574,24.194575874625823,13.104258255638625,30.023673911940843,27.579120064341435,-16.57620498798516,22.41438102534925,28.35563946220697,27.772276977027726
20.600101630257534,14.768677984929177,6.2030665808864525,21.59871536445496,19.81355323695697,26.63354175421547,15.172224420857173,13.494343495506643,21.853515948481,24.59114044091273,-6.774213663844713,16.46207012693675,19.230085746034327,22.688781956241165,27.53298520582186,-8.956764858635674,19.509956325074846,24.083084145028398,21.762055847548492,19.19605527831863,-13.155525367281546,20.781160029657748,26.59982404534139,19.677281404882983,-7.437586249242268,23.58320246680488,19.271652644870464,14.833739638564708,-5.581255937873858,23.26149760313239,23.735258837748265,15.103589807358512,-16.02140511894306,21.82455816467317,25.06706012108431,19.41396889322277,18.279623740559533,21.691180509917608,26.769566008688418,23.004063986086734,21.758370142932254,10.34610367612851,23.59121648484845,25.271181058415465,13.409533878302472,-6.75941620399988,18.43993315620496,19.116403098966664,14.3872299185711,26.292640823331013,20.24381809585983,21.70957814640625,-7.637058460722629,20.954915991863214,12.318168298378925,-8.051327949092277,17.222354059109605,25.65253346147741,21.87266728027605,-10.085345975209899,17.576832143993784,17.051114905614472,18.937257991752094,21.935790369673683,8.205809142201923,22.75556931807334,18.407423999940455,24.579712303634693,-4.119904725276175,22.903809670350835,21.16126985969883,21.318298975042733,21.034549397434315,18.307766992642755,22.210590034319186,25.886624089316523,17.728257128579347,26.62944447355181,24.273826714289953,-10.916865653759276,-5.091115970961281,13.96453506963038,24.785551166446826,16.860786861080385,18.83965730294892,18.411649567661637,18.12731572937072,19.107110364626244,22.3338710744946,16.947495889441658,12.941734082274504,18.646962748593644,20.51248811901089,22.185414877547668,-9.66542366201476,14.859059990705221,20.74377198665298,-13.7230874642628,-3.3152181600497226,-8.185567017082754,20.825158689170536,-9.91060016821573,24.82163070148805,11.243294822235326,19.66384098497118,19.2933610022433,24.881388215923913,-14.375955333879332,24.187197386854475,20.696624347920658,21.185095351489895,-10.663452526363407,19.988003140881943,-10.85065408567854,-15.483334384160154,20.158232219496888,15.937748443717169,18.33009756828018,14.99922733053255,18.201295432160027,-14.392382447824914,20.84353969513279,21.03526442712593,23.234470668540833,21.03190669476213,21.892579155521233,-9.565568817048211,19.43950343355,28.946186374932147,20.981185938289276,21.827114844859814,19.797761993519778,21.180855638140045,9.746191637341896,16.349150893386902,-10.288074757205637,19.318904484487376,18.06081983926268,26.76754670721142,21.000964796703542,19.682508474868104,20.545552773008833,-8.768074710504154,-9.255047641770044,24.948584715413045,21.231979455379072,17.685661321049977,23.410774166920465,24.82351606551118,23.130710380954238,15.904499619122479,20.870640748397435,-12.998841653478241,19.021221567872367,21.98443885527109,19.937271189330687,15.10774933721737,19.356124065518024,22.05582148847366,20.052531340509876,-12.267879788631122,-14.116810254836185,-10.602533376307113,21.47666762846328,23.561351090668353,21.71327920620585,23.484228505037002,-8.042038371970042,23.784120457710415,22.428654632847408,19.985079575361652,17.26004795470432,19.199053115898035,15.315318716198883,25.262016589690727,22.980118155557182,23.42005649010475,-8.788637793332292,23.274445096295715,23.27162991787297,21.975533237225598,16.928917550322215,24.76577826355563,21.201724613894054,22.310314766297445,22.892106227627192,19.7158041548587,24.70056211108805,-7.435854085941934,18.2320786682146,22.379908130622766,22.58878873437363,19.759607758640247,10.228897808210213,24.9454357433412,22.675291217307908,-12.709598750145515,18.706662319109057,23.27118684004182,22.93153384595386
24.59233214447111,17.934536902172344,6.273737767946754,26.190485178309615,24.213764001152537,31.54383858561613,19.165675196770117,16.03076923298302,26.297383933262317,29.65338562939945,-9.981210794947808,19.192095571993807,24.2027578935723,26.83466826229853,32.11625538007786,-11.864697812978719,22.395987053229998,28.477133646325534,25.343704700037833,23.278803824772766,-18.14226221012489,25.444703956344533,31.555193770196553,23.16405806068337,-11.034734368364878,28.485983951044027,24.297327300359008,16.42587629393896,-9.107735937963687,27.787401548723395,27.511703006039728,17.940633231903984,-20.921295267226405,25.497704520112976,29.06746375904147,23.663257268242475,20.666750223081948,25.653802088359505,31.709842751300037,25.950062543018483,25.526910560208197,12.72739008123175,27.38225976241451,29.94566825965247,16.798239079387404,-8.835232880402197,22.780598401471337,22.42324176451031,18.385130105491008,30.36859859653722,24.897358198919235,25.67491637956188,-10.38231184869707,25.85489897158371,13.65415317117673,-11.620732270160772,21.436360061901578,30.41387074708382,27.242260380804957,-13.016266485906858,21.52315427570467,19.615104286375047,22.674560638150957,26.766434314420426,9.838762044123554,26.801061760704126,22.0628390808334,28.948461933949897,-6.347007019235861,26.84571052783819,24.83319285069519,25.017405796285477,24.121252613838365,22.80087970919958,27.23839578844917,30.66499236126641,21.875598029577713,30.810118628475035,28.970926976478037,-14.796945338484855,-8.386403824426212,16.05170160193353,30.05212222952957,21.537555516048396,23.15394017411612,23.13743037008873,22.22875897364294,23.521421709421585,25.223614690723792,19.032693602292465,15.014382025564462,22.943968889363404,23.828846409299306,26.774264675067496,-14.273598203642175,17.101140556985804,25.64688501002032,-18.13381143462211,-6.634091614755631,-12.316582702376133,25.57718883646819,-14.439210848239634,29.469687199153906,13.665061253543225,24.590198518366872,22.654647822772375,28.148961252168796,-19.553341239087864,28.873350026237198,24.7436086993158,26.165691147900976,-14.64935974464374,23.86873446499305,-14.364987487125656,-20.41157373167166,22.329904386111323,18.9598040970086,23.233208371538943,18.979678696960704,21.33333311005023,-19.242204848068578,24.59372216452828,25.722603542135044,28.199143530520082,25.699674543863132,26.059545333992006,-13.63639958278255,22.39011328615624,34.172985615220874,25.203509653038232,26.834377802344584,24.258379192426688,25.131086773458566,11.33908199490686,20.083494853408645,-12.6185948590797,23.387623028775632,22.847450025569316,32.199799794931295,25.307638365463163,23.979913685220893,25.321438725508553,-12.348847325322337,-13.492761765684905,29.36541791007237,26.21803510753395,20.931543099725467,28.266133161575127,28.95131688755398,27.23565795229288,19.24032946501323,23.872256150250326,-17.77709385626839,21.570996236326536,26.9196809565641,23.764420362914638,18.51318244829259,21.888984924846927,25.992250893762925,23.386391219427477,-16.374236153081515,-17.515837254319667,-15.142428238486106,24.822586346638072,26.834866634825772,25.083050654618713,28.290046167514497,-12.068573590479144,28.083267737393054,26.550956765914535,22.793582606282524,19.424796143466597,23.115417378591975,18.693065430735437,29.36300191768187,27.20199794754972,28.10617091596952,-12.889686024922478,27.58600810969245,26.20043878196765,26.34968089554969,20.60589569713971,28.978316516634884,24.512440669749186,25.204079938237257,27.053281573476323,24.593005774616056,28.945689686907162,-10.82522003891081,20.77110722092136,25.921573592837113,27.266999599119234,23.633370197483522,12.483979207868627,28.857095323877385,26.917520399256322,-17.52746850708134,21.29921277478399,27.934707178216193,26.833231649985287
29.542891613216508,21.5542720457356,7.613608736681206,31.40940951194501,28.89717474052132,37.79254586926003,22.966350127553195,19.39203874552162,31.56669050715729,35.33157986601967,-12.527070931780365,22.404443043343324,29.110088726623456,32.08546959312274,38.49812817528458,-14.568615853561985,26.958420917147404,33.96617631132245,30.237886436508944,27.78903304513987,-21.98540847194153,30.428272273751563,37.86911888250011,28.04914566115486,-13.705154546588211,33.879121043391166,28.97818562139736,19.354033569230857,-11.29396160986514,33.306919462247535,32.659900087606516,21.59417888463482,-25.556966022152157,30.988789559682537,34.4882762260227,28.492174608983795,24.648388156961193,30.802654694410364,38.068412710146454,31.07038358141835,30.464505063353986,15.390576923571611,32.84510748061533,36.10131847910176,20.19033264670038,-10.982763976572308,27.377883120811617,26.70884993046044,22.222110347155418,36.466812656272666,29.824715377187804,30.523907284518756,-12.747308083937584,31.054038239467264,16.371637353063832,-14.660766123707866,25.382563662395842,36.47477911052215,32.6748476713018,-15.797508069071041,25.33622937382165,23.906215721029806,26.703956949121068,32.02224261068769,11.623137560064237,32.15355907885656,26.289581767064707,34.35572882859927,-8.342500105097706,32.1626383510217,29.61792982135152,30.183602099680947,29.217798455379768,27.39816636213032,32.48858080378603,36.69304752153584,25.657452260256633,36.94300019370345,34.64499976184089,-18.19434956816122,-10.576351347055526,19.366666324528914,36.06399648679946,25.75370499906889,27.84885619938344,27.746035652225647,26.62509644057172,28.10126241230844,30.084913537893797,23.299675013593276,17.81039612201547,27.58914552040778,28.674496301984444,31.95209529075461,-17.544710921943004,20.52912507905185,30.629735395105882,-22.2325367976857,-8.508107224761067,-15.306826222296532,30.389995120473102,-17.847634769268673,35.479289808104575,16.497637531801278,29.435580703377585,27.336267429202813,33.76333121329973,-23.843505970169875,34.52715448712337,30.030003595459004,31.417232772666583,-17.971582310185816,28.90549895264637,-17.41048092764721,-24.67290128984969,26.944324514432086,23.089104694392528,28.06834985652294,22.337749275368765,26.07404952070473,-23.45994284789371,29.674585198208902,30.830623103547975,33.64989530496311,30.72040590566466,31.276300023780728,-16.640521791170514,26.642868782577402,40.81176717380466,30.225671778721527,32.3201318630002,29.320573411954054,30.11804286250015,14.144865489089728,24.02735213948941,-15.002996914797423,27.84300903248263,27.329425681121563,38.420422690526834,30.465810803771667,28.690734297232233,30.24516820366516,-15.154538377735825,-16.508087931145752,34.97291030043904,31.456573362397194,25.145950025729228,33.599223601902224,34.679948200262814,32.55930703893708,23.075132497072435,28.37993657000243,-21.66673663287608,25.11367962518629,32.40463704665666,28.658107473879323,22.248650789594357,25.942479147730346,31.308504777915623,28.456175638597355,-20.010406826628962,-20.881068440689376,-18.59952936789337,29.702662735696297,32.279901520242845,30.351370778606935,33.79722254942741,-14.948273882166898,33.4883220691379,31.510506375431426,27.51352139817023,23.353603426965282,27.75230077143747,22.0619890648879,34.943438114400365,32.274807920771046,33.87758196175106,-15.81908020702352,32.63674552922452,31.547823799248782,31.744373184748632,24.35606328731226,34.62140957516976,28.87231149566982,30.018067802488346,32.624935350755116,29.552321162007686,34.406505237936,-13.43230588883083,25.15698837884689,30.853927601612448,32.68961880932638,28.09465051301062,15.043923546000244,34.247733106407026,32.31518604138956,-21.442229842783593,25.201477199854505,33.26724123768929,32.48386382438687
21.76898581102724,15.538304004719523,6.443069738687142,22.4315544780767,20.562788378375743,27.463204137644787,15.514901536611244,13.872990102660877,22.640824361244174,25.26659441804998,-7.02120997130473,16.669478325601883,19.79836355377252,23.243624469222766,28.266160451581353,-9.07972762791966,20.475454244806375,25.382435574444646,22.37383235119961,19.84986216897455,-13.520676962611407,21.341814833516505,27.65537129938933,20.675425538946538,-7.545399033289515,24.074800577150267,19.745089125103075,15.057313110060598,-5.791376945484867,23.925416071338375,24.48228462277396,15.380805482362943,-16.647436904539497,23.064262217287165,25.806393134311325,20.079616961420165,18.575591281106057,22.382999609349095,27.498596460856874,23.648305787522617,22.369439992279204,10.728663640686472,24.21421489924438,26.37168160023762,14.130889691055337,-6.96265302342772,19.481501448166743,19.703049837553195,15.013044814151742,27.386867308323243,20.804604449840113,22.26671840380195,-7.880878557570445,21.824966604999894,12.786533595856698,-8.650692968700712,17.55031873739484,26.86617996409155,22.67153474768888,-10.634983376740895,18.024381516129083,17.446187546295633,19.617260419797933,22.503444099343373,8.556140922646335,24.028011275083333,18.775126570100603,24.97275774767505,-4.605279577943886,23.229981099031548,21.723562623773898,22.547243452476042,22.057507094495463,18.71591870278614,22.815764504455252,26.591165055455285,18.018438845621148,27.52429522347563,25.138536378661943,-11.513221183900628,-5.580087459351633,14.940130265833558,26.08008260987158,17.29446590454871,19.66562169684139,19.1127683914753,18.75853638405294,19.598514317029625,23.23889888666048,17.768345129682938,13.440451538876498,19.427249972575027,21.581708231365898,23.138072802930115,-9.912865344808036,15.518087423456699,21.227715825598896,-14.327807196379345,-3.53487200986334,-8.65861420465907,21.335827607993064,-10.276588529437198,26.015663335932874,11.519605472677725,20.34289513072533,20.054067225631442,25.97564723431823,-14.852475437773538,24.738569559617297,21.494160526680886,21.927425231734013,-11.012071400408864,21.033721811513377,-11.032980402651194,-16.072997899017537,20.917617375266712,16.69262601858258,19.207243365558327,15.27323930864328,18.630588937113075,-14.904844122815968,21.42270078751393,22.123032671127632,23.69489500208545,21.6920821721888,22.88088389717397,-9.85473097294228,19.999828290940602,29.828319335959627,21.655686509406173,22.557469968605304,20.606250425059038,21.64716157488983,10.209722732669555,17.0038173696608,-10.593541715066847,19.847963759898622,18.602204548501806,27.741449708180618,22.288833469693405,20.314849313072166,21.127784208146345,-8.991359389391311,-9.575752681311673,25.669791130954422,21.818594971188173,18.501890874004,23.847786893996062,25.692301276478222,24.46446994059035,16.25343008273367,21.33381738682778,-13.269869287262486,19.26321863785382,23.09046843189054,21.007982162143676,15.535244635248633,19.65398173047751,23.233216922517833,21.218711745688385,-12.642971926059621,-14.476270980352856,-11.144776588463255,22.66366610051185,24.77249656742467,23.05832797952499,23.907999958797696,-8.153034623988482,24.154679822448134,23.060814760672223,21.267608220942755,17.60719325771639,19.80294059780701,16.10423714850157,25.73932151135847,23.815238792421937,24.537727779470444,-9.033547724364308,23.78517458732593,24.135521508986898,22.815180574951714,17.45921304316522,25.411499234796906,21.872521132295642,22.831512940827302,23.97708267094305,20.90471330241618,25.32457250315215,-7.660335903804851,19.338802667195782,22.909257100335356,23.32637628542941,20.10697959569912,10.797992553803201,25.737207841326192,23.814777574005056,-13.09816869180794,19.14797560105181,24.101288849294637,24.263534744915688
19.61612219461189,13.871128546809528,6.017334084756114,19.778779149174234,17.925753640272433,24.84646931306221,13.095152845100603,12.336319246902129,19.802059372637157,22.521302586793652,-5.099800725456154,15.733942044587813,16.80331371299708,20.565509803764186,25.55868363791501,-7.4893096571318685,18.658276523273503,23.108542964949557,20.26451331356106,17.982299066489563,-10.822114721518435,18.675303410211423,24.829808822914497,18.3549493558172,-5.3806734735948885,21.487464103837162,17.053929198917906,14.312656013977378,-4.298898163695522,21.668902313111875,22.73475640671527,13.660120588141018,-13.740322599076185,20.273188865529757,24.190518448497965,17.501556361279754,16.93170856337024,20.192202404081733,24.50653938830923,21.798852418274183,20.7341534130302,9.421339903759458,22.076581444715163,23.58989123960814,12.332643503611115,-5.646903700944432,17.30441603487012,17.898089677431717,12.153216247540902,25.096723742078545,18.364168501588374,20.515136788015116,-6.4306171178037035,18.603230665604098,11.969648763618473,-6.010733303873811,15.396826420724906,24.216569897223042,19.568680901056137,-8.675065939218404,16.45758522537983,15.511287599855818,18.405830840645567,19.97475476795511,8.08905249487264,21.851947324598623,17.041445937549092,23.042930442454225,-2.6225692864274146,20.75857330937836,19.627047416416843,20.26426261231492,19.712153914564606,16.219583893119726,20.206772090111677,23.734701386171704,16.14839270819109,25.11077720422198,22.509015333535874,-9.207982976503313,-3.5842606507502826,13.938259378965405,23.031480144844615,14.312208937326583,16.726885097377117,16.62198200378801,16.53988948067984,17.14354772929624,21.881116464474616,15.857650187405367,12.213227891857482,17.03973956098984,19.362382855259888,20.610863968905893,-7.3042409661026335,13.828169205727471,18.721064563146424,-11.168895529790147,-1.372465209505997,-6.353543526928416,19.038182092631757,-7.517018403422889,23.52119855978793,9.59521132895441,17.281968994629683,17.70033058602789,23.971275881366804,-11.726394452061381,21.709085448985107,18.67629580211777,18.780153009823113,-8.51154275347024,18.42661985142608,-9.139060497939838,-12.979346452315813,19.605279378910456,14.196567181622745,16.21685091304311,13.856346724058541,16.239438041521023,-11.626042688459076,19.346564706622324,19.791009533719528,21.27045650754255,19.294182394567372,20.5694354625337,-7.704192269070145,18.340536835171704,26.99653273551822,19.389687802414713,19.609813406977096,17.690073939476967,19.37604183780045,8.507796053373497,15.119370369638295,-9.974462584761467,17.76841241432976,16.124223211556405,24.880432482713726,19.896274938035017,18.17489708774049,18.170719689506225,-6.603331020801338,-7.794331667873824,23.495077898501908,19.076866216654064,16.8428341733656,21.50085032097405,23.511953261856863,22.210395674315308,13.974631585754558,19.669637985078033,-10.44512610910658,18.201808883368912,20.468007052347176,18.333783713616537,13.269273214214932,18.705632763643862,20.702761100512262,19.015114512718444,-9.855017452131094,-13.19429818940305,-8.441283430002384,20.952024999838578,22.749041504755404,20.710824226502496,21.48708094708684,-5.740379863223117,21.937783147825595,20.892721482143905,19.49101615753005,16.310086883655657,17.541732995276526,15.090333287141743,23.914146050020037,21.695493925908504,21.50947831253064,-6.698306422744578,21.741120784619063,22.1248834732379,19.891513997434778,16.024064397985903,23.36857340737656,20.56100848443542,21.340153373726594,21.43107952461824,18.17941888808811,23.3674816959106,-5.810595561938297,17.52950496735428,21.311216820074023,20.964488350600003,18.129677517954327,9.743926919257037,23.58448921601481,21.123466703131257,-10.037432712444208,18.117769650898037,21.89784403314584,21.692065322764954
25.4410176530057,18.14261485290302,6.97482888122687,26.23884302323483,23.904615301529457,32.008314097212754,18.325985670925274,16.045865592895833,26.340935514079774,29.487783321879295,-8.651399866707324,19.487152811203902,23.182679581219343,26.744109989786843,32.68718952855981,-11.035116024473492,23.56419116211359,29.494758702847324,25.774523882838928,23.323917374925827,-16.407699259845334,24.96899168251053,32.18951501354079,23.89170690048965,-9.39379820952468,28.21760677804243,23.241673653639868,17.288017012529295,-7.793984011757465,27.937421925660853,28.35799495262939,17.85941949282494,-19.79780160772562,26.49014413012321,30.112550852270424,23.259554440160866,21.093990698043818,25.944233049017996,31.819228190100837,27.081607920977607,26.150842183331427,12.51838143469285,27.99950783397678,30.69296221387123,16.5783721330246,-8.250800069299999,22.938007099244874,22.716849124151913,17.429497511041696,31.66507384618123,24.602960163962795,26.064611492510107,-9.575541668974866,25.262504802609808,14.397366906966552,-10.316291152002087,20.626672923440285,31.334966932038512,26.548792885161586,-12.501555917590357,21.39870489266457,19.96376125728157,23.140023527827537,26.352333487199857,10.289763370323406,28.049184873447853,22.01949260227502,29.247831156303754,-5.31096366649242,26.794005091913906,25.112051683489252,26.185227471376216,25.217381285108083,22.055547409044568,26.755505961225204,30.742399314614975,21.247964659570886,31.816651080068368,29.337412754963932,-13.927716097844014,-6.8672904961141725,17.15909418680172,30.433022298887547,20.264740002404785,22.793111855781916,22.564944195086056,21.842631275792264,22.938689979822872,26.77461829778982,20.119160837101663,15.387851407326993,22.683502689523674,24.87951124410878,27.05057913205613,-12.309155169527193,17.57059295450283,24.97316433395879,-16.86635394642409,-4.693559103910155,-10.748347505477678,25.209774114609857,-12.584768793633613,30.253923804381554,13.086887524609773,23.752244437893,22.896756931094615,29.899646233605367,-17.86032594685438,28.59274874137494,24.766147841497997,25.38223421687229,-13.260877389091384,24.359056226801385,-13.27433722208126,-19.07086467943284,23.941661896490334,19.146286364335406,22.542004039975392,18.43373644167219,21.285288648147933,-17.621964710999666,24.838421234088553,26.07774277274254,27.92231404436449,25.43613451110689,26.798511377992174,-12.118956642026566,23.181087247328566,34.7190761179855,25.233762036060973,26.471095423330972,23.898361460091063,25.192141511474034,11.472032568953905,20.00506682115107,-12.707036097471374,23.222027658075064,22.014868634044078,32.374660954260264,26.021781111776516,23.78263531780237,24.531640549675128,-10.80888241605454,-12.210732274768231,29.99163964869884,25.61520740732911,21.55629613200929,28.057553787700257,29.850644977548118,28.328519038250004,18.768654515014052,24.482709048464745,-16.046938566304206,22.085865090389078,27.225901195111568,24.285611524581483,17.94125682563289,22.78586724424629,26.929838683422258,24.44809182484271,-15.012206086092045,-17.25276524263019,-13.589405328443277,26.3365761056659,28.548251725732015,26.547705112380065,28.098071059698217,-10.119067249335869,28.186047056012352,26.866925911585167,24.510484704402643,20.21707611184752,23.016404996266587,19.197774100850392,30.008553322649956,27.73002326401073,28.473945971313736,-11.112687330589473,27.689486504069862,27.53116713661507,26.29165994436001,20.745633678659015,29.662465857723905,25.37544663966883,26.31876362878935,27.846565902220156,24.53987045774457,29.563348189844767,-9.553648788827402,22.213052072200075,26.799874341602756,27.372414111060696,23.446250822852704,12.65575252278655,29.640314498712215,27.55740195474174,-15.770508122625111,22.065854471756257,28.40404813749785,28.05998872846476
21.98966276946713,15.59186336806529,6.6026451670219455,22.493956295362867,20.920426863859603,28.230712001749577,15.55731194718111,14.19653038924932,22.80454354250251,25.873138517173693,-6.900392830088568,17.278458545520397,20.138213273343194,23.83295511386924,29.15010327476044,-9.30015287123593,20.887038113071252,25.913686966137785,23.304290259016284,20.534500913669156,-13.606973792885338,21.84372367122496,28.280332653642088,20.670953502685542,-7.467304251040573,24.559665318180112,20.223496293161936,15.707772702570088,-5.645530391444709,24.78154671238046,25.299551272563786,15.948667753906737,-16.766273985573683,23.11511946645669,26.74525320372968,20.71614387315121,19.463778335048453,23.21422156014617,28.083584001235717,24.60413532345737,23.34297220626237,11.035775814861575,24.95561932111523,26.684439030031534,14.142667291435753,-7.107790865867954,19.932819916331017,20.28696514820127,14.803174736985335,27.92246418950816,20.989583280265972,22.798708173137765,-7.987719161645624,22.033557857586548,13.436736183225197,-8.493676488373188,18.130381828705655,27.27253958791166,23.03136309940926,-10.581904914325232,18.489224187047355,17.861822581713245,20.325478735620145,23.34156591239497,8.801771749091225,24.33627927647645,19.2664371529297,25.956532873538777,-4.362384607766378,23.93010508064392,22.38565901299487,22.6845692701792,22.27956758606311,19.012669405813483,23.365774104996092,27.406663490345792,18.653926603806426,28.235561313986796,25.749641361987265,-11.405464261445516,-5.5692984639928955,15.38741399405673,26.342984892999436,17.289408564130856,19.713474392833756,19.475529877390468,19.25757149092746,20.045109034764668,24.097504984584553,17.86952341716745,13.750800792226565,19.965825800133462,21.641060000439445,23.622857337674823,-9.748385578700828,16.082282224932417,21.86900709273319,-14.09972070084283,-3.233911415899037,-8.660173102969818,21.92864965177536,-10.116752180870035,26.556880031767808,11.497170984790108,20.45164176886772,20.658050095996693,26.605958707375006,-14.763392286452598,25.178971394772944,21.72478246345985,22.356384902818778,-10.842507059284769,21.23453041795943,-11.369501510272517,-15.95141816860618,21.707905863640015,16.490896504196595,19.06995384255224,15.83073319010424,19.046591562376246,-14.775915434339966,22.16785510166004,22.521143430172387,24.380783134690535,22.42070079374866,23.154941009724347,-9.92769245692167,20.412853251705616,30.618274753976756,22.34881420148688,22.93587006114199,20.864981864630384,22.322801269404362,10.219646265411093,17.33596009206232,-11.10780528840818,20.22653712912029,18.946989949346964,28.470911621646156,22.664155868713213,20.901393355419167,21.59679240870579,-8.790643875251826,-9.566610608099998,26.27390721086902,22.519550414593304,19.039721549119232,24.530127925352684,26.52907705354604,24.98281838019507,16.66078912237474,22.34510451808674,-13.237377252537241,20.068818235280425,23.341630134757608,20.92452942848392,15.903522218957042,20.622919123766582,23.44651099047753,21.61762517435506,-12.552868233767182,-14.987065213219138,-10.942935714710616,23.056687067493613,25.226614818581435,23.272891158401517,24.578272155784546,-8.017355442421016,24.941337503017632,23.88534304814423,21.482477668835877,18.334924230241228,20.412558197913857,16.565863077045726,26.80629967563582,24.418378631479094,24.599165350376264,-8.969518396968997,24.659179013437264,24.92293954287984,23.24151845027275,18.104392665965857,26.36419111748108,22.94894954681152,23.92757444071178,24.210240291944604,21.046744808090203,26.2127405702825,-7.598835377560567,19.513042720388743,23.65936230924013,23.966420111545126,20.786268399880587,11.22587498480882,26.67930370225429,24.18034615961317,-13.001773522030566,20.20588597288192,24.582456493038826,24.537108270889522
19.019373414811767,13.413781969914961,5.584308072672878,19.07617974264964,17.211357266479,23.399469251016153,12.34846143993643,11.205720041218767,18.81366014845143,21.271290960344977,-4.872852477861409,15.177146511918847,15.724512069045305,19.070873954062012,23.90588317427275,-7.093365901643147,17.610975904282967,22.199369931092804,18.6943570755605,16.850933548141995,-10.253312783295563,17.446533568735685,23.470857542987037,17.56061986362638,-5.0061135292573935,20.533805887162345,15.941893362469012,13.422570789951719,-4.432220672833259,20.489191540929532,21.511381493005153,12.433231185055316,-12.820413596635374,19.266833471687633,23.05826366357122,16.173587888333138,15.55986617647556,18.91605191305096,23.085298497660713,20.235243786877525,19.454351287714115,8.90910577419431,20.578980500548294,22.52202336333961,11.939031802364525,-5.269176766586088,16.518111047525792,16.763653860596353,11.597091474657852,23.905479569561653,17.757738600173738,19.74296106836788,-6.153278400649125,17.514613700810283,10.919777052022583,-5.4423833570092235,14.371000494372058,23.26791244078371,18.57712784169475,-8.193810023522648,16.070815686003336,14.320098678201655,17.881165341181887,18.87613819635889,7.856242332164037,21.10057806749016,16.34830690721576,21.85734838180087,-2.22994219557193,19.432178299233122,18.20066211710335,19.498402001319388,18.696781243951254,15.252980460656888,19.121833950558266,22.08360757780843,15.518294051509486,23.636830947765272,21.19038633503502,-8.894883314052956,-3.2771901928062372,13.210945167514765,22.161740120775235,13.664262992530185,15.763320656128503,15.734934798913402,15.596916384049702,15.958099569827052,20.622275545912068,14.755688847428727,11.422084454872474,15.957616611855515,18.591623755446058,19.629507033464563,-7.126216714410533,12.679875604241914,17.543357529806364,-10.45272681560801,-1.3201644232430894,-6.145507083522302,18.01158878091763,-7.135627329852561,22.355742946223888,8.89806751127163,16.432356244305435,16.254441528648837,22.665117447428628,-11.052742231622087,20.401377153637178,17.461704407160084,17.54481851754357,-8.140804434342195,17.410401169561563,-8.590958364819977,-12.38377842550294,18.245708536883857,13.495491832287444,15.670352110652214,13.401632021072261,14.881606153594188,-10.85870174319794,18.149233506759547,19.116730384160356,20.30031781784386,18.145060675574236,19.80114936281231,-7.273140771983729,17.545168077148706,25.533845330583492,18.346076129974133,18.486111174125927,16.57320198685262,18.107249459038606,7.683386132325473,14.310148761645276,-9.426031366413861,16.961324994859208,15.312007615650991,23.58950866686753,19.028599377569012,17.044847176660813,16.956988685370106,-6.065402272574794,-7.7462609190010525,22.57701018021509,17.8264669475845,15.882405394445408,20.51260244934582,22.054730665480665,21.196803678248493,13.118332251163466,18.28610914204804,-9.801537888962663,17.21980885327428,19.763580133495605,17.631054284528584,12.165460404419932,17.668526463069863,19.75226876029923,17.913753801370877,-9.246924996731485,-12.400733881317798,-8.1176745820672,20.13655791193042,21.587426654820717,19.723717486572408,20.275861855212145,-5.345577982714602,20.595198926591785,19.657755146974225,18.729469700546865,14.916575214965945,16.23544473095776,14.91162974556767,22.45469876786295,20.750969734043704,20.63048678279148,-6.217143115932466,20.671963520073962,20.55264509239194,18.45872048435015,15.368720015187732,21.902501420950003,19.382024375737153,19.78924261195401,20.556249486825106,17.57864848582932,22.339090532811113,-5.589947683420514,16.732905566181277,20.228765853345546,19.897044675801766,16.92341607198546,9.14349393153008,22.019996835935544,19.922940334037833,-9.444992118615513,16.97577475225326,21.200241590935,20.596199784244106
22.527363729392107,16.091178939030453,6.572332586468516,23.239544918283492,21.047287792719466,28.53126726036613,16.056710969486804,14.389960746223466,23.42074166629453,26.16335129054383,-7.102132335721068,17.59168189186435,20.285193830517876,23.95077753063587,29.192817734555682,-9.576622402145603,21.224690373309144,26.26491406253737,23.110823089699938,20.645078712536936,-13.970365289393515,22.02038389428626,28.637670150475568,21.335599478524852,-7.746776720902798,25.050943343389324,20.412407386586242,15.702488972250695,-6.192056242627495,24.788874661468274,25.491956919221693,15.945751704034906,-17.13792701787513,23.60562995724442,26.984517861976812,20.51985337442524,19.086386602197134,23.086351014498582,28.37133715916915,24.440525689703033,23.338327336808614,10.990662715296455,25.13520831259671,27.3446912946996,14.699010191472853,-7.109594084055893,20.096957585863247,20.317496703710276,15.192555590593523,28.366230287332385,21.682132523402583,23.271677336268894,-8.234588945942097,22.267441828049805,13.18203862752904,-8.568360647857347,18.21525949815778,27.873733465552704,23.3664550353032,-10.90411379776765,18.850270539597847,17.958166035460458,20.54175267220744,23.18762816723586,9.085286272654004,24.936025594167962,19.544234417762727,26.072599676511867,-4.237524237737213,23.995583168430763,22.45463884035247,23.296813066117096,22.64225982363374,19.524688424476636,23.62104770194218,27.43529312949776,18.69518099951803,28.60106028794073,26.043613175384756,-11.878367084507156,-5.46798625555515,15.410165744599437,26.890761397165477,17.70950824619451,20.102484743642144,19.746525575699835,19.256990749476373,20.219960022873547,24.223162449045113,18.24086960282845,13.824517423848246,20.016050364791585,22.208987249167603,23.85220437357335,-10.176345881692102,15.76263817350744,21.984776718970018,-14.515603236184734,-3.3763953546534546,-8.820032887796378,22.274261993433353,-10.536327168020822,26.9026641196016,11.594472542949877,20.881779772610365,20.45997210064616,26.888464168080322,-15.25247604467095,25.466133131087048,22.07636106385687,22.41301496319388,-11.264306272670938,21.618690008679,-11.501225230277422,-16.480882362683133,21.72074825168077,17.01156507264003,19.74516104356039,16.192819676968696,19.06030796065441,-15.167628196766488,22.133222630555014,22.899596608976093,24.694140308400385,22.444170748851782,23.770112654747916,-10.166333927621883,20.806559400202506,30.97124997772855,22.289684602351628,23.346690003216676,21.16297319637317,22.507438520941154,10.207155609906282,17.559845570166463,-11.337252053422144,20.716094585563994,19.272284399413866,28.728974934805382,22.937131798655106,21.0262717864729,21.71188486484289,-9.097164398315506,-10.176311214394026,26.75843499807614,22.483323796912465,19.09158090141829,24.93689816422692,26.749066969503527,25.17767815606413,16.499317990399494,22.00333906454825,-13.70218032045372,20.13426121670255,23.933377356160012,21.533080147617387,15.916657404020473,20.572514082188043,23.942134947772765,21.772436680247242,-12.899814345974782,-15.238767915516643,-11.47946666391114,23.54096039007993,25.60126459236435,23.68928699712654,24.969241477134055,-8.316158309942386,25.155149766391936,23.921388842480482,21.971444835621128,18.297163602700795,20.29341025720611,16.92361713206907,26.88860427484513,24.62738066424521,25.288902020074957,-9.24317514084699,24.71961425475623,24.92296025298453,23.396370491697944,18.22514257491202,26.458083466344284,22.749564196303893,23.733629185665073,24.837873005645527,21.445509046514,26.35564451303839,-7.945106767030545,19.897338820640794,23.976222958589627,24.268688816006996,20.938674492833584,11.227596849484286,26.56363555579173,24.436316796313346,-13.40418624534504,19.99384279763572,25.176411748029746,24.95697258537638
22.991419230187514,16.497526891874227,6.409278682548039,23.796749153220226,21.672864455662026,29.049824035051163,16.431206166450416,14.414885426143737,23.811384591300634,26.716759114935954,-7.755843603220034,18.07541325366406,20.894033711000986,24.244154491685695,29.665160172022045,-9.969395510753122,21.279612197629138,26.679582576903123,23.305862112558977,21.073864980903693,-14.75779253600103,22.491045150968397,29.074394057875104,21.59601765448646,-8.324881898583895,25.759621970664494,21.027619625141437,15.740074988741137,-7.001781012215637,25.50576039925489,25.86705510129588,16.046352915838334,-17.840006897001665,23.789321073454307,27.514604173018913,20.976904654844315,19.289107311723694,23.54028208502333,28.94454706209234,24.58352260182088,23.72437194842294,11.338295520847566,25.467385017801305,27.779217923284577,15.129877783257985,-7.511690337137928,20.58400974195897,20.611435471076675,15.632010200884533,28.763974940294712,22.377886495025546,23.885675474403943,-8.738434557202396,22.774614450240662,13.13170337687372,-8.967740938792451,18.639991020279556,28.31532018504437,24.04284833442239,-11.229551269943206,19.581913522956718,18.13491446224096,21.20625989106604,23.99559762044178,9.208938494979739,25.29918492354903,20.195598625926888,26.736714385554674,-4.559734325073857,24.53714149776406,22.691474414022917,23.600195785901985,22.76902133147483,19.98676665053441,24.278421262896547,27.86298776558604,19.454785540858406,28.895870726071102,26.43916114587314,-12.469496522687937,-6.00830089242656,15.568993025690059,27.464885759968357,18.360837184026323,20.481540944004323,20.280689708304354,19.842701941499307,20.689708746970872,24.364500257689617,18.216144017220564,13.89976703548031,20.51268646836657,22.46859374309343,24.35454836697516,-11.044123271835891,15.800827518479236,22.581247068932505,-15.04089762621848,-4.046409244499591,-9.58095811692467,22.751631646128516,-11.214319105211837,27.360445240105243,11.856214826569369,21.44223177607493,20.658078255858197,27.0255882986596,-15.986044966320485,26.002745074849106,22.407716721761386,22.972656457541834,-11.902421702536179,21.845422233175523,-11.941196575217171,-17.15056561980844,21.714482364966035,17.248844863308584,20.422503564129055,16.779794488956618,19.35264092268521,-15.757941635426503,22.676068397856124,23.503030824691912,25.50187189623123,22.991484395183893,24.228984579392673,-10.88532676528767,21.119852536328395,31.493487177206692,22.912663100947277,23.874601735068737,21.5255643988559,22.868073589585396,10.212302245165622,18.070383798834463,-11.63573032629433,21.134433820364357,19.888208494313766,29.319237790981237,23.415182205156395,21.502636439485183,22.199380554647426,-9.618696789381568,-11.026918182185552,27.401761301672735,23.133141059125133,19.466871321340804,25.62924036971577,27.005123705804678,25.535111163194156,17.061914870055944,22.332563744863748,-14.444727981900753,20.451214764397772,24.534477538110018,21.876083435975723,16.125841651398652,20.98668960104222,24.196612121267563,21.961273958008842,-13.416964644888445,-15.747104814542604,-12.179251355588134,23.796580554478574,25.750463067950445,23.806275153194843,25.546691758469397,-9.064205627063965,25.698226524933176,24.304365129343516,22.07892747882767,18.302772265665425,20.740554630702274,17.527584177956637,27.390235000880296,25.17113286801274,25.726671810745326,-9.872546790895234,25.333927123416867,24.935843430813033,23.655984800123548,18.769597538939355,26.904130471546956,23.07764436861341,23.877230344594267,25.1762206707987,22.098130621338353,27.035756361265168,-8.523959690344741,19.949249713933124,24.395104153899663,24.879979722939698,21.334355320511534,11.511358014453549,26.82673142625069,24.703144021299025,-14.102064488602942,20.275104974961813,25.805660404239077,25.14357801858114
18.093151252239686,12.72033593214512,5.648503367914355,18.045205025212216,16.696553553658475,22.719982280266244,11.660656297656903,10.852199249676078,17.973679436243568,20.623110185626494,-4.444437137046132,14.71821865119857,15.29737599444439,18.6578119825968,23.40772975167939,-6.5991890289743385,17.026947527507087,21.48608754268503,18.569172769812504,16.440274829683744,-9.547819824520726,16.949720104108017,22.674666220125708,16.798765503361917,-4.371603901009314,19.74653568894118,15.48223833059241,13.329467980430287,-3.683552940597661,20.013472689561826,20.930255619218908,12.33890650468413,-12.090932973983566,18.50686057922208,22.491616887767922,15.995639498904561,15.669675387977227,18.689938431495978,22.43062440542337,20.109013744579315,19.122130074549954,8.728407062901518,20.205549288964388,21.549299942455853,11.219538232235832,-4.998724165720513,15.940725292930242,16.509773823462382,10.928756004231262,23.16496054767743,16.72143787182183,19.000508006264184,-5.807545696521083,16.92302304782943,11.050129656237717,-5.06605301123045,14.070408296855817,22.308808695955054,17.7921524718828,-7.757425925711268,15.36557401742598,14.027872309920037,17.30503901066943,18.507320400318353,7.493391117561737,20.230668259950832,15.796787593955196,21.35664539579372,-2.1017284121151323,19.02336451342712,17.837632830846445,18.645618663641365,18.184207866205952,14.558542648760902,18.539191549672772,21.618316884128546,15.178555871359707,22.970591824499913,20.4935268510023,-8.09327398126055,-3.028880199606265,13.002879052173869,21.179129384536672,12.905632777134898,15.175282949189862,15.089674493159782,15.233708998516901,15.664695367401647,20.18630560137176,14.278365882992244,11.178792984708036,15.50128420153144,17.86320389134335,19.037388088517424,-6.3409033564747075,12.741816657981026,16.992056098374043,-9.718746008582466,-0.9156944790958541,-5.5856444318598495,17.29861885113561,-6.435700966689644,21.637467893682896,8.748261989649187,15.675031147324267,16.10278924396653,22.11477191701153,-10.257568577955253,19.788603187804682,16.88004181086214,17.03883692022778,-7.356345305798234,16.790722697619895,-8.151061681668057,-11.545807349573094,18.035290308363017,12.864305241071937,14.705700140239028,12.656573699716683,14.58108688932909,-10.156754131164892,17.820063955715852,18.30198937409182,19.5574127573101,17.715110186627502,18.911026682231146,-6.682260473938007,17.026120161292333,24.743462138941663,17.96896891326385,17.680640589617862,15.919057570142115,17.65785326296455,7.598715713165801,13.879099919802126,-9.124585881372418,16.14161975422656,14.511967640048924,22.869219264086357,18.287660259000607,16.683140925173895,16.43020564454271,-5.550725522345858,-6.891012581006964,21.779936567579163,17.330702692421045,15.484731208977104,19.69958276666638,21.470686309574262,20.600379559010708,12.935690540762689,18.35235769608709,-9.086507322851434,17.03636664135533,18.685030629839744,16.825378284290135,11.903137918289316,17.487754523239108,19.001873768538854,17.350913990146328,-8.605323795166967,-11.96976317182801,-7.348171242204786,19.410431152616027,20.93429959890386,19.05469535006657,19.455478654400558,-4.87209445057546,20.07880368668542,19.211257624573356,18.053151467317758,14.7489962619191,15.958449197226734,14.232214597545651,21.995783493212162,20.21083993933815,19.650512032495666,-5.711868721734036,20.256968212191,20.285640382629026,18.00104615998973,14.992690427673876,21.412368831491296,19.271276156767737,19.703427564534735,19.58271784023574,16.78138307226776,21.850230678057613,-5.024863338210803,16.209684249230836,19.670018566971873,19.1148969231701,16.522299606784923,8.926276167612997,21.737278531150256,19.370462160994713,-8.729856333984452,16.89520316032508,20.249313428967294,19.860309833006475
18.24932133421032,12.800997535191028,5.6436144646877064,18.133350927500285,16.589656777746157,22.67397611783488,11.654062327010358,10.962198727762587,17.971135473433137,20.607077681672212,-4.136513010742865,14.703472699569302,15.073401854763656,18.579513553140995,23.28832185669207,-6.391900596773734,17.19234784596423,21.669569650008476,18.51187521010039,16.48030863494692,-9.363339983341772,16.889856047497815,22.720317396058498,16.826129754201506,-4.152969228496716,19.605953159361412,15.364703199319889,13.312229686881123,-3.500641986826329,19.791766292961345,21.07062339840297,12.179058628312626,-11.943162744670246,18.576436711823778,22.4971240345718,15.817563949448363,15.429329829094964,18.47971196998105,22.280893976895324,20.00668984909508,19.063448747613123,8.592044734837629,20.0902956530085,21.608186672461034,11.282183276423149,-4.80673984284695,15.996732318664657,16.540937384035594,10.861797439435424,23.192352544783425,16.71327967532062,18.987426753459296,-5.54265028082797,16.86577690609243,11.067748354693522,-4.853726843432092,13.993123047101824,22.437288975236832,17.724972438710584,-7.728216118045742,15.36679360070783,13.903648771722368,17.338432398417947,18.21300708301341,7.6186574710264425,20.380306177941637,15.616020153973476,21.181003503218555,-1.8507782722075248,18.760349472710356,17.893584282394993,18.749956821018706,18.168042594835907,14.519376109509018,18.43475972292345,21.564738565808973,14.95217365690626,22.982891085603534,20.554780023881516,-8.025964994899258,-2.824848914010083,13.122552549657819,21.271259924504314,12.795251879999416,15.09961000315645,15.104829202888798,15.066538369858925,15.494725862986677,20.36435105827772,14.281534654443051,11.31197754239743,15.497964530270202,17.949280669546695,19.048709604923648,-6.0679590180345775,12.700554110240938,16.900609489969323,-9.619044713337383,-0.5746545133695081,-5.330011835796963,17.352177231673576,-6.2522249720090874,21.680732803019435,8.567152847817722,15.603566383132316,16.049661112992798,22.20385454353088,-10.047662940030724,19.614948299624775,16.787696454988264,16.932487649916585,-7.188494930165666,16.80444066585774,-7.973074891414482,-11.450060699544874,18.073744738292433,12.773952086920117,14.691000856355751,12.729403476927358,14.340718051615045,-9.995648800810642,17.604206599681955,18.346793007075924,19.36680261673738,17.632594569420807,18.951529371668318,-6.4694344665844685,16.951965244178837,24.73463223325654,17.762687524551367,17.63845084929418,15.931964045035725,17.540314313187384,7.464766750503755,13.832604737464491,-9.164646762538442,16.290102772333036,14.535289365056856,22.898133739031895,18.413691429681478,16.605918966777477,16.364091494623025,-5.359942014636003,-6.735155817966151,21.715493978808112,17.175790406140976,15.482965919794518,19.609059651271867,21.54871310607986,20.756286649289443,12.610199266435382,18.12111217877307,-8.851391994012822,17.035620370284803,18.811442825959308,16.84355540495223,11.841626672525434,17.34845819456498,19.068378722670875,17.425182472387437,-8.439404356529346,-11.96018772534026,-7.22681801622859,19.585872872842224,21.05851739261711,19.1819052451367,19.438097847616426,-4.481116734745992,19.922092182715748,19.205999994501916,18.210590406347592,14.723279073535434,15.84224496490204,14.390828077877387,21.90862010423692,20.159400730280606,19.702843683914526,-5.476315735375645,20.130472985228618,20.30235453716254,17.996847079166926,14.953016793609281,21.36142734830235,19.277106663818735,19.63093053348323,19.742473360965022,16.820355860123293,21.655483962178153,-4.819413626375114,16.319868976955135,19.593994504213033,19.13711604926037,16.47555309810442,8.958646039079726,21.793598673255442,19.447462414112593,-8.495387421873184,16.86468472617955,20.321058801936243,19.987816040688077
21.229108785162758,15.09832848191346,6.271407742977094,21.703748214854,19.700913998045635,26.838793405605674,14.66712782753126,13.390131620394722,21.720027678132862,24.507531304542166,-6.189593734532762,16.856253307454658,18.649595872942225,22.326136852157397,27.60133596391562,-8.604812054318232,20.005099682345072,24.787371664976877,21.79286072738817,19.348980354921316,-12.516650131524441,20.44593543215221,26.872425362037212,19.86070839380559,-6.680727570753872,23.541964647323137,18.830038582404995,15.042960335758162,-5.363032734251271,23.49797089742237,24.26253898654966,14.798355194212819,-15.51496904532379,22.024248665463528,25.75746068803099,19.06085434000101,18.22008055121507,21.786223186285916,26.674720670850338,23.272549754964544,22.218683341308115,10.344906096648558,23.737227958808422,25.615012922146448,13.577874068781451,-6.506190435921466,18.776418246849776,19.152642959586803,13.777085968200169,26.87802163699574,20.27951769510018,22.116168500057515,-7.383638883856405,20.52342812932094,12.508227530496585,-7.321015491488757,16.932729541448257,26.173657438095923,21.612046430186666,-9.863481220811613,17.969704243065866,16.850427723380168,19.64668817769521,21.891763097486283,8.611430764468174,23.483647538349036,18.55652852732623,24.887210994124608,-3.4210148823008346,22.69613562062813,21.169885064648604,21.84309096911604,21.209186629854166,18.031346426057183,22.041925522661444,25.76316195193673,17.67125457326587,26.956629918909037,24.340325356837248,-10.598820677725636,-4.558487654393589,14.61778131248614,25.09122919875909,16.188287153664508,18.446403117246515,18.20587404912076,18.059621202502502,18.74818209004546,23.156563578129493,17.088960432929074,13.083987240242083,18.594855091208384,20.880532725621812,22.342454750995273,-8.897654577295034,14.890736871883485,20.55649659561176,-12.924059392280908,-2.3876888644198844,-7.734937522556641,20.816973151096516,-9.151335235957195,25.323424567199613,10.64039960025536,19.201225699417503,19.161175958172358,25.54172904964634,-13.59718217797574,23.794124937349537,20.36417389636204,20.698002035673472,-10.028783196642825,19.997611886688773,-10.382192013342559,-14.87648556098829,20.750275009345387,15.639707463936931,18.106199214073737,15.256303302251746,17.781316886401537,-13.496760011941237,20.972695458104575,21.479339985063895,23.26986739103416,20.978151412796993,22.326968739102956,-9.041346399344267,19.771459074441267,29.241598994882036,21.096032836760966,21.65999171504939,19.54464185208519,21.11667777358313,9.387786986785846,16.412317450245347,-10.704189123844122,19.447869067296224,17.923569537609467,27.025999854150513,21.54749956680049,19.6549317654078,20.065151894380993,-7.847093409901355,-9.1188062721593,25.404733870067034,20.93786488611338,18.081605915422475,23.45998722747325,25.210324866024465,23.791476416098316,15.49923532337382,21.017407761349197,-12.238901700987489,19.35769060121275,22.409317732606155,20.012295428638392,14.63310335126967,19.788754624651457,22.38763063372931,20.43801532353339,-11.534638634469209,-14.268049960758487,-10.09721676156533,22.32464964582325,24.25376135056946,22.238832135458743,23.510023891254807,-7.14842934936326,23.781052091727908,22.537654715844223,20.773158752175664,17.29528781005825,19.060255660539482,16.198989559058422,25.670360253067084,23.368620254196333,23.52594937726501,-7.985369377652172,23.495554120195266,23.587507672424238,21.718355888997536,17.247013925297978,25.076110967377428,21.747653291998997,22.666900763313183,23.300333525063365,19.921535681934714,25.173905831680923,-6.969445573972569,18.76437570490453,22.863095953673795,22.87139935157973,19.72709230643769,10.47443899733599,25.179079893695786,22.812592595360123,-11.852975268796493,19.174760026478037,23.783383424477037,23.370713905304616
22.45162468264084,15.922523357790562,6.425903794760677,23.09379469809949,20.866095373465253,28.05558669839665,15.76648007634863,13.957005284391904,23.34739042028599,25.717267761090895,-7.035600408382785,17.152532169655057,19.95081980500564,23.545399831839557,28.733716375076657,-9.326446659895003,20.98897877794333,26.032076256272646,22.60508202611911,20.01282505248707,-13.582297731558779,21.590553020975918,28.301627478514238,21.367251074230893,-7.562868721182722,24.720270897780615,19.8499092577723,15.381679888403891,-6.022957408148899,24.28450953318051,24.90290274040302,15.54284882949713,-16.852121875101414,23.766029710764236,26.473366718878374,20.066086175381866,18.700817176676843,22.680151694153157,27.99703996663795,24.123000712868812,22.750444273207172,10.809334466115025,24.73771677495389,27.161304979213487,14.435477441837406,-7.038111028349766,19.791664393768425,19.925355205684784,15.261175521473362,28.181446392855086,21.394041849229925,22.834085423249036,-8.100573164667173,22.14033956680144,12.741300253605083,-8.56783735833514,17.618325375055086,27.699272137483085,22.992087785856828,-10.870795025296685,18.405680585368827,17.768268915041244,20.083662589401893,22.721785773559414,8.82264412300533,24.863171196998056,19.160338773887837,25.484513729742744,-4.347849579641648,23.58737319047458,21.982554492724464,23.393096589441576,22.695230718999888,19.068704901335703,23.04294697006837,26.863562242370094,18.30552832589023,28.25125158552955,25.673621910022142,-11.798237078491166,-5.212916000834912,15.135298348390503,26.699078664954282,17.513364973645306,20.14770193780415,19.251400212399684,18.901793892474775,19.844870232974607,23.767929205379364,18.358726366095688,13.572395268704627,19.49109351556219,22.358541282319127,23.608933735339015,-10.024436365922671,15.545679417922546,21.357302161300996,-14.492357008126548,-3.370442085481512,-8.575809939951357,21.692708346874475,-10.30976249739008,26.56964432159337,11.586262965176486,20.73991402840168,20.137232234869575,26.828979989244118,-15.021587487183858,25.193199374630407,21.939582482023763,22.016205302109984,-11.187255934045277,21.57447910848359,-11.030697024614437,-16.311770584957916,21.445966457639813,17.319954526042604,19.65304565502693,15.532837972406995,18.776341894751724,-14.973197088663763,21.690740045962144,22.688722313844803,24.144639598109812,21.847556545433747,23.728101726074303,-9.8811097328395,20.730680333760418,30.51016699689776,21.971518728635225,22.975619836985175,20.89435434201564,22.077610814754124,10.33395832014652,17.176398035756673,-10.845890197398067,20.225504141020924,18.771566249854295,28.25785792139125,22.79593333779119,20.516726680510008,21.311073177515777,-8.906791632177155,-9.90189986045119,26.434062085209316,21.946971813235606,18.79804555822579,24.33522372196958,26.249245300383564,24.992248678068457,16.398294820947843,21.537626862631363,-13.489494867604767,19.651347741916414,23.727104490068236,21.785218942295174,15.570559526448614,20.090302289030117,23.9923187120578,21.687321002042946,-12.810625840357382,-14.734836527185745,-11.277808526225666,23.500875672548194,25.574274526654033,23.828962838569463,24.347607216766274,-8.24510846478029,24.64189853183249,23.46867332286171,22.079783355912937,17.844211009992215,19.87488153233583,16.49720248093924,26.221776665977472,24.322853181468908,25.317318558582922,-8.943749279006727,24.082147155971217,24.649824526513957,23.0273418495045,17.839269800659622,25.884490933596236,22.215195060077505,23.215100685760397,24.69481906193993,21.26288517966712,25.913051410858237,-7.791898676054259,20.09297823541318,23.610018121645528,23.77266982224361,20.377238668825246,10.85683274092237,26.020424692432357,24.2916650616543,-13.242914978543167,19.380667459182305,24.83327119280732,24.98042997329586
25.58590467378829,18.3877275814169,7.134047502442845,26.45427793316067,24.396949403108596,32.32097551500732,18.593498436665122,16.33835334170319,26.4801715378983,29.849956972355375,-9.22529534644497,19.64232897248227,23.853276224603817,27.077101615546546,33.111544311411535,-11.329238194954181,23.64187776685069,29.64418545207402,26.175975417157375,23.64607843467836,-16.952427832391635,25.395864321539264,32.44313941418795,23.917950633804736,-9.806286270768275,28.53713827168723,23.81478788331969,17.249907945224397,-8.006167863099588,28.56784718912919,28.610016002688365,18.197669630174467,-20.29745865972632,26.613435851782306,30.228420754073166,23.950370792468522,21.572525155820824,26.53298056128445,32.36373508353081,27.37277360175781,26.59675863060455,13.07971470145752,28.304278772082856,30.887007469880594,16.880956722838846,-8.672515077659144,23.37106923780734,23.022572797638365,17.815310793962304,31.84826417817348,24.84989921181133,26.301934606135383,-9.912837724982511,25.728753125269808,14.687539313878482,-10.953352365789378,21.083361897956728,31.389885962269034,27.023618950650462,-12.712224420377202,21.71552985665482,20.315323044006213,23.301190430089196,27.087217985948307,10.167270923974964,27.978951101833253,22.475700077313125,29.685876757724063,-5.975667978400472,27.38771785898132,25.42662964996997,26.139867049731095,25.329523535610402,22.51752444709495,27.259484653287686,31.235102915841914,21.639333399171097,31.95671345168029,29.501304606875397,-14.208325130125441,-7.637655085455524,17.386687548634253,30.69367319762513,20.739085697451518,23.048548548414438,23.025508784001573,22.486278551916364,23.39699444947871,26.866021698455086,20.237332771251406,15.578818074283074,23.18746852146486,24.82564116475443,27.26442164507608,-12.838439734990231,18.09441394512986,25.598574098435545,-17.306242401034297,-5.228131098849377,-11.47338461867423,25.55491691053614,-13.168430927441333,30.61453471793279,13.530685816997822,24.101648495545966,23.421269869450747,29.857597537642356,-18.43901880291448,29.02531585857377,25.055439679105305,26.005419037960667,-13.694127804765797,24.47908791353853,-13.73144413755352,-19.519987199006223,24.0944150958718,19.22699504715962,22.96100969401593,18.66540101809403,21.90691594760731,-18.210503423983788,25.481231666565485,26.3293236068118,28.37776037445587,25.989616312066854,26.851649202499605,-12.563718792183183,23.218637559287004,35.051117430305226,25.907231038369424,26.928892206419256,24.47600983955428,25.62190935595562,11.88705862830752,20.377175286155587,-12.75638453972065,23.63123082614297,22.57400444438653,32.826833861673876,26.315428012130955,24.29034942968103,25.02436367852262,-11.272566475930825,-12.477826929214622,30.207553213901143,26.233799140462963,21.85498926952114,28.396460780388228,30.01921204126451,28.495447039353436,19.32000437628746,24.950202354589592,-16.546736279815697,22.316831279523498,27.49136037566853,24.30879514877889,18.421328532322388,22.941163307131195,26.965222326523094,24.750661637055135,-15.494420886968467,-17.502183048102975,-14.067938545558452,26.226906958868387,28.489351311313424,26.496601398328824,28.486868324485147,-10.678691837402033,28.58849241272068,27.106244894884124,24.41077613652927,20.37340429596456,23.55171382675176,19.397603053166076,30.384971795289488,28.033095130634667,28.660996125827218,-11.605005289455562,28.22259659093305,27.72113913961745,26.7564985340962,21.008065038298557,29.883784800340713,25.5633269594489,26.55138759670239,28.033968512721565,24.911791458646416,29.94870156491971,-9.904466537830562,22.16050297859196,26.925572758403863,27.869478234669053,23.90271614583233,12.944825476705358,29.928266989170847,27.66174108999826,-16.274885799508862,22.317742603163182,28.504425997363366,28.13791191196188
21.352715525521543,15.3325736449482,6.438673483623142,21.578621977032785,20.284209436749958,27.32131631313781,14.778517154231247,13.696936373779755,21.366817375227694,25.027650066441858,-6.561424869027958,16.851058217903386,19.453439627077103,22.724483741679958,28.14112223731777,-8.510779815293143,20.13184391761644,25.26465902315566,22.616699795097777,20.407105860107954,-13.087385412407732,21.14569792677477,27.271642458248703,19.487768388074166,-6.832272334334901,23.422977643387735,19.796273261843158,15.240437750621288,-5.355969862367172,24.240013552999322,24.926622506528535,15.345647902299255,-15.952475398759264,21.83224090527298,26.15916351609722,20.34479515275477,18.74829342363052,22.657153034251802,26.997083825973352,23.603730513951195,22.976609252886234,10.92874320376363,23.964966388286555,25.567092467288255,13.79781857701385,-6.697807025515491,19.73706223756724,19.858953353278697,13.709773203485229,26.955963675707174,20.015352763991164,22.269529321889465,-7.525938817874146,20.95016078141533,13.363989050925623,-7.9062613074765205,17.88876751083073,26.195245655519123,22.119879470475034,-9.782621691305009,18.273765111930977,16.884996187134842,20.25623715249285,22.841397085012115,8.714037207294014,23.453198480428913,18.795713781723975,25.31177881557583,-4.036023998059526,22.928151048488605,21.69493463201545,21.573774607480637,20.9826734637609,18.309960027769762,22.971744021468176,26.522651725170295,18.232076265287173,27.005710055862647,24.768621728339387,-10.6696932613667,-5.719966294924797,15.48310623679892,25.43533802915572,16.259570337910795,18.384196537302483,19.15374582792115,18.934132482838436,19.43917286486403,23.67005903595827,16.667024449234713,13.281514634424592,19.66335503356969,20.495273801868898,22.941397834435968,-9.074182497211627,15.73389294899034,21.57957317165075,-12.995076712767776,-2.812492743583904,-8.44104976246174,21.32783568248883,-9.418826482094033,25.92531183391979,10.883626892896666,19.258760263210764,20.0171734705839,25.417522101878802,-13.873640338427744,23.83227283857184,20.40822513945925,21.562248403534642,-9.94377871238155,20.087790684192107,-10.941523838323212,-14.949758909000773,20.885814492413324,14.943830613868654,18.153769092711787,15.66037870138,18.043161517129946,-13.81134727500487,21.625251026946614,21.96392061858099,23.710840410632564,22.109148878368707,22.02872099379845,-9.499358365935173,19.232645257694294,29.55595120846852,21.89660724862108,22.062871871781052,20.087940552804604,21.57845278550455,9.414780375838113,17.208874997444003,-11.147694569240173,19.809055705023876,18.55427440297815,27.723223571913902,22.10596295363168,20.611815642737675,20.672253283089123,-8.149967290208393,-9.14681550286733,25.3200821250951,21.94823561261046,18.651315848801314,23.690338717140726,25.67295403724933,24.470090926931096,15.8077281665118,21.902116422339358,-12.292449438497394,19.624915023125684,22.602878586101262,19.486721502070033,15.388940051940455,20.135833195365457,22.26212356438647,20.807303646778948,-11.59649638683086,-14.79716997023103,-10.306293657051826,22.25903269003827,24.165745264257527,22.125664583535386,23.77028840960948,-7.28787050694835,24.124139419150563,23.18011040332979,20.51386148142777,17.683112215987393,19.954964356279124,16.83327099140499,26.227018655809147,23.828898445765233,23.19899056604982,-8.628921278452395,24.274217831880744,23.84740918841849,22.40425107811724,18.00444037827803,25.557710978994447,22.7492889306904,23.28588621996494,23.268729896914028,20.559550930608903,25.578079908138353,-7.049629023080142,18.404483696749203,22.772979139400427,23.424226138590438,20.39856297409633,11.262939305385679,26.1591182375687,23.29031834508473,-11.969439143123475,19.964323617592004,23.77095161226079,23.466494827144903
21.497628113180685,15.474874017380285,5.91278334925778,22.902452892262552,21.15053126535612,27.874201496166833,16.676684790465103,14.249017141794445,23.438288289535453,26.01844121753354,-8.43927560914295,16.80524467580128,21.07885592319815,24.0456871460469,28.729009753249837,-10.491371626946284,20.075415997529,24.916983555608734,22.675391404464353,20.083737358717553,-15.362282685936798,22.27178127443735,27.937152963046724,20.608033028230064,-9.426199587590869,25.108214999905588,20.946490089815693,14.685972771728308,-7.236407501851726,24.478612823288774,24.19965773612403,16.018148675836358,-18.20435707210812,22.956136727131963,25.56588777083041,20.768992137748025,18.89088442530515,22.718988813454544,28.15103758642369,23.58970492255338,22.473976471534712,11.052734015821464,24.5097773935041,26.537473911693276,14.3519476779785,-7.8922557008676435,19.606712196153293,19.664224991437987,16.22590760516345,26.9707629866465,21.788013934536707,22.412225685353075,-8.986579662320365,22.828516820287255,12.338441093766553,-10.124027202854233,18.458286398567786,26.829777282968696,23.84055924441556,-11.519675703541031,18.41853918903671,17.914932719107384,19.43725794037449,23.497833610171522,8.378015439294723,23.557972152485345,19.29249899652009,25.524418509462834,-5.583216015700553,24.149347840065683,22.028036477317613,22.234792107491558,21.835343410854065,19.886783336909506,23.53213940649421,27.276414683242596,18.90764736152077,27.632395171479846,25.61882529308465,-12.8004541156528,-6.8073933960929525,13.979093061326806,26.249561406506327,18.853375495110562,20.551480092328525,19.793762756260882,19.297265976332987,20.47746696573697,22.473243595422293,17.60191031347132,13.36699675509637,19.96937815038694,21.27420032821691,23.370974706343873,-12.023844801444957,15.441522334637254,22.196528724713524,-15.982261944384712,-5.398271231730089,-10.275178000110566,22.18996880481553,-12.309530411600651,25.850045330664695,12.102682062768055,21.643969058914852,20.380408129433825,25.39262622451683,-16.834674548229817,25.795923624910184,22.20818042055551,23.034088414643914,-12.737712422042945,21.29607271539789,-12.496853972770195,-17.726867072118583,20.359861049325254,17.269511842369447,20.174544681714845,16.164713611335856,19.447068373886026,-16.80901648325349,21.880677656001854,22.289202189531377,24.671112806833627,22.359233276991095,23.04709586246067,-11.507365698845426,20.08144001573317,30.280312121998154,22.109218490660194,23.590589473934124,21.435501541168318,22.353470582931088,10.61773634588602,17.188419842104764,-10.684951020114584,20.349066197823543,19.691284533197486,28.205408012704112,22.147592576584028,20.765486610484757,22.383614821577304,-10.641076388361896,-11.122748363260936,25.90551674048462,23.000032803456882,18.322669866710164,24.8167694422432,25.774545335303774,23.883649981271176,17.274347718694397,21.351067094370787,-15.362485317254803,19.150089740240272,23.424662111247915,21.219688715011323,16.351943784905576,19.51953931771942,23.140831894871827,20.942326916132867,-14.385232089198636,-14.963346368386528,-12.848203136537116,21.953475433475987,24.08108785495661,22.48577711617451,24.930488550149832,-10.287518323012728,24.91560898130089,23.493006989103744,20.37314922995376,17.609217167861246,20.36357412208188,15.68807093344035,26.027197075443507,23.72949064330074,24.95416080980484,-10.79205229784823,24.12946448766623,23.892586242700183,23.39647163609582,17.60831033613331,25.73357865250759,21.512956950743046,22.67425395362764,23.98595428305049,21.15400316504006,25.482022486022053,-9.206780389810326,18.77166800390843,23.00496627522192,23.913861155442962,20.7098618604931,10.766960199237586,25.582556287876496,23.78177416693698,-15.243240446447725,18.978561800560477,24.40234105806361,23.92587944522912
17.0280199058221,12.095855395246888,5.333910620168618,17.305607526189494,15.8323078062926,21.752064116851102,11.381966995935414,10.57828962518211,17.248708243098008,19.80523616384029,-4.2809183624240665,14.251468038235265,14.68012351678143,18.077350386154116,22.379761940936856,-6.408006917928571,16.188047845520483,20.26928639428073,17.744784796360353,15.80092800098782,-9.311610423067853,16.365611651637842,21.607978277135594,15.978173817603146,-4.372255299752731,18.99498057093178,14.986490560199444,12.831316831789703,-3.5836822462103064,19.018453361309604,20.056683842016852,11.90037646113728,-11.730789259313081,17.43735583368662,21.45625551271022,15.26300085954792,14.981446672752716,17.70770679037988,21.506683409230465,19.139734433457587,18.179994668605676,8.209960885625241,19.373819166764875,20.501852949456797,10.738036560788318,-4.870516621285429,14.965580696073872,15.853264670851846,10.484183249867,21.95855285396477,16.089239463247228,18.217309623525143,-5.553984938072956,16.198547613578963,10.58132032634719,-4.7546198242182545,13.603568930848194,21.140733550951797,17.08833918203063,-7.454063959854218,14.672500950328349,13.498540624908125,16.428907724983873,17.567677830176773,7.1434445136512545,19.040658063839654,15.120923538136354,20.41726699774746,-1.893381247464809,18.32923365080476,17.20002351998852,17.54870279943179,17.192702156604955,14.192263762981922,17.833623360478747,20.80953181522874,14.491297589370138,21.98193801090656,19.668848842251908,-7.797309637427636,-2.8021369332972608,12.20098955185734,20.07016377215617,12.563228693786,14.531438602586704,14.496832251776711,14.481644807643308,15.094088651692504,19.20028966284006,13.664533925628211,10.738724759264564,14.902797631227497,16.85819690854017,18.018470002628362,-6.187709580797714,12.001115405207752,16.34759639147821,-9.464186154500654,-0.9327953786152049,-5.274098861679024,16.666948014296434,-6.341596042154546,20.478553911508886,8.47089681445488,15.092279071648813,15.35380274277388,20.913959059949338,-9.956929375809862,19.079043473051915,16.270745186149085,16.416415458276138,-7.196983777598261,15.941472178476927,-7.888642313716766,-11.22049333800875,17.115602665471386,12.262621316211504,14.079025835930167,12.230810694935286,14.082656219827024,-9.911701074481286,16.98024267691222,17.20638844015093,18.78179965088036,16.89077694157341,17.93289102231128,-6.524807878357184,16.187455207208632,23.631374239984527,16.95128341815006,16.972149826793203,15.25441466321653,17.002807870752232,7.162386654116412,13.240415618541792,-8.83062086050822,15.603707150900904,13.994741150549682,21.778015107253044,17.163537917026645,15.90512256575187,15.902896718073421,-5.4749573045323645,-6.651712054132652,20.775059125512794,16.63764651059708,14.635816115887355,19.032643421527425,20.533060338443015,19.36281944139451,12.296519289521466,17.419200256041318,-8.926780431481548,16.492164037943606,17.68057656050074,15.906071376751235,11.555514144300764,16.742532593722206,17.899197589923205,16.31964351547186,-8.355425142860492,-11.591749430028992,-7.169778307628136,18.250488215625246,19.741576549620184,17.863412609595144,18.81387156853687,-4.784511434185958,19.36405115608279,18.399365695566885,16.88250457242212,14.250413441703268,15.21446535158746,13.391430307393046,21.061331007213923,19.124400495184,18.70055249013339,-5.636915057449179,19.341887086124384,19.341891501290835,17.26937688310926,14.135097016029958,20.47341405747204,18.2569225209873,18.794026833969465,18.589601180767236,15.79179868570396,20.733381444183582,-4.867999422760846,15.15969076188614,18.745633691851747,18.26406296501774,15.966245211391236,8.473597538274669,20.750424761899822,18.351030326924196,-8.526736275363172,16.19194761812796,19.30138060061873,18.667454475056918
21.11194022850684,15.109772634973604,6.227257934009334,21.60083383996694,20.02635238307473,27.083782676485413,14.829390501686433,13.474210469458965,21.56066376005424,24.830292145545346,-6.463742448527875,17.046766051460605,19.099098919084266,22.60146322890076,27.917625841641904,-8.707899666411128,19.831821259449004,24.808560552430126,22.188410161991833,19.82932771389301,-12.958226797985423,20.87804784676954,26.985267331255237,19.515517867808832,-6.939461666582463,23.67743080438858,19.38660688848428,15.210400977227888,-5.498246364238284,23.95433848483208,24.550401151462722,15.083527821112495,-15.813898907835698,21.65310969705932,25.981213210735604,19.675980035045818,18.576044003341067,22.22721415414438,26.878345277225023,23.408508476632427,22.602209083950058,10.612452608583977,23.864016329303773,25.448107693962843,13.586189708783204,-6.707143137867426,19.100365289039058,19.485418625873123,13.768552458376945,26.767491630531868,20.271484902965778,22.266532234238877,-7.601864705847056,20.716465345122543,12.839334128357025,-7.569331998138867,17.457743053643362,26.032091665074663,21.942947628600685,-9.848795009021606,18.251116168331073,16.87925670266029,19.977542644687695,22.51677650557842,8.644704357020068,23.241172538019253,18.816891037580508,25.29484442688179,-3.6585420499139487,22.97991549170433,21.417471267526132,21.48661942680693,20.912968246542274,18.211618942144295,22.586263906367822,26.17916325174345,18.202196808306685,26.924807440656373,24.557966125170253,-10.698386342783069,-5.096402151558764,14.765997382597028,25.109549919495727,16.40502857147459,18.413508033307792,18.663615559424034,18.507692536093046,19.139605736136776,23.219545911606364,16.66928973190312,13.120340663266752,19.064230032281085,20.503542016599244,22.566547616468664,-9.183167199864709,15.17334590909835,21.12352605999386,-13.03135805159154,-2.7484896983974085,-8.145529839610306,21.136587655590503,-9.404891932873651,25.433773626321635,10.78937563070871,19.323688329596713,19.48679198455645,25.285039918397622,-13.864471309839532,23.97834558880153,20.358529017150147,21.17346215121818,-10.129649459259625,19.886462015076702,-10.819938728137476,-15.041159285175217,20.65586681092638,15.248080388373465,18.117808126836557,15.608181620544087,17.970934930340412,-13.763133274889643,21.34639326005577,21.610023193751697,23.677859552652965,21.567598934024304,22.103908102513927,-9.453935335891778,19.56610085250505,29.3870612157882,21.517806676867213,21.86147544298217,19.741963736754002,21.4073688127913,9.303873211184749,16.78264585747299,-10.888725698044423,19.611505768977555,18.289976930985453,27.317648350636663,21.595249850597238,20.093268737166394,20.466421913707684,-8.164125878975149,-9.282009840637555,25.42592281631109,21.576393873735142,18.307091291606394,23.795441590621568,25.366099928626642,23.85560392988677,15.833722460854249,21.50924557075757,-12.442007391900995,19.623462054618777,22.373974198499408,19.624573783160205,14.996352382923382,20.100614832409967,22.13299400917096,20.362741981282387,-11.64194616138548,-14.589786534692369,-10.235553907123142,22.054530275604744,23.971245851172483,21.865031324415796,23.786546359428467,-7.431623603261715,24.097525440096543,22.9512728761484,20.33189758087245,17.510301572420524,19.52033312197196,16.413436701930337,26.038890630118594,23.594566603664745,23.246337810445656,-8.451520478765312,23.986971660359732,23.569228017792856,21.93844234233797,17.666242457640642,25.398731763193275,22.23693532157029,22.977317868202245,23.108151049457625,20.1037865645005,25.474951147860747,-7.142451566316568,18.32751197255231,22.90999819357593,23.175522925807975,20.12944751634364,10.755029213508573,25.610796116507426,22.839198902097223,-12.087151762477045,19.597674892663132,23.794175077181357,23.12940904310476
20.08508328458973,14.233798987372431,5.9868302929282216,20.435970908231752,18.593423054364457,25.26265216330215,13.717312380151794,12.530594991966007,20.4881709180337,23.102609162710245,-5.621338524169075,15.914095703693778,17.4946996124938,21.023648421860962,25.89455962063513,-7.912012927335042,18.928109425900402,23.612375469188418,20.543057679143065,18.275255526651318,-11.648847514445917,19.192825352996117,25.32855958654574,18.856652453693524,-6.047082787391939,22.07253018867439,17.639728991255172,14.32132525278427,-4.93297924232519,21.988709608438597,22.894787756162746,13.853153821111647,-14.509395495583293,20.842470751752145,24.335814916551545,17.90706213651194,17.077830702037577,20.520461976759705,25.065629406538118,21.943143864560707,20.899226968898052,9.690986033706945,22.322797552953723,24.12679746746048,12.849337126971598,-6.017030445013454,17.769058511197976,18.250561560052986,12.989017652227314,25.4226445556569,18.987518683643977,20.82291355720936,-6.837926027173481,19.410746638676997,11.905079727576926,-6.731589496818633,15.85930639736489,24.795993248476634,20.322391823913364,-9.307512411115598,16.82906588000245,15.799595639316111,18.589462095002048,20.445041870059388,8.229718325743738,22.294626274700963,17.371965866318334,23.284041739824534,-3.0945290618857033,21.166127985842476,19.91320221901451,20.71810974449013,20.162198118260967,16.85856585492657,20.726657242294177,24.191180620687383,16.594961984792633,25.451902462554607,22.981803321222582,-9.986331378855994,-4.148577517609588,14.014714929971358,23.755000248058632,15.1597529394644,17.484901089407217,17.184548574092283,17.00308761558408,17.618455996279977,21.902640152519783,16.140558301766642,12.453359040610025,17.522217900513603,19.832605669190198,21.132533813712442,-8.18719036634914,14.025103834331292,19.18236104851886,-12.113296055162753,-2.0711659019419777,-7.06294625344104,19.545638950118438,-8.462189456238914,23.947730956087618,10.061238613361612,18.087759761194857,18.04110608642378,24.1934184955256,-12.617093993864225,22.34479946075163,19.272876774442675,19.489383566515183,-9.267457562707873,19.009741227098527,-9.669128239962394,-13.92906610469739,19.61533798669359,14.802238033947267,17.06914315743156,14.244142170149772,16.58269413150673,-12.573153523827157,19.61688147704796,20.28804720298593,21.71583018681276,19.710632826105908,21.07600588785316,-8.329319922828553,18.64015466685948,27.47823860797305,19.74887207150074,20.237302212565663,18.35722281975696,19.757536433687864,8.805964378306763,15.42473796291984,-10.096674523214176,18.238777898368827,16.713653340386397,25.473332049534605,20.375579193676987,18.522649271293268,18.85746429864914,-7.239737534443317,-8.459399503080402,23.891976370513532,19.57441921354035,17.097965700461202,21.96701215874686,23.79080884863679,22.618251518701843,14.452086097583457,19.741603688802638,-11.307765922173674,18.33071977221691,21.067533496553022,19.000045159116215,13.759583748789197,18.67497993500082,21.20901749739342,19.358328750855744,-10.702925804380829,-13.464914511747603,-9.370657281930374,21.21902286609048,22.983323118487206,21.150915001026526,21.9406431033468,-6.488190907751728,22.202239356898403,21.249213398975453,19.786010748091048,16.284206021003754,17.8157051247591,15.315488443414072,24.02713366281761,22.044090635061934,22.268891578434634,-7.366267472983105,22.07510679777376,22.31912486953795,20.438843816280635,16.282933829774382,23.550016426310304,20.62711509815682,21.354215436446772,21.991648409170395,18.870868108509512,23.642547881252547,-6.4133614623680435,17.883239184372123,21.469021003100774,21.40150473598269,18.458489535843565,9.946133984097226,23.773249549608554,21.630251199919996,-10.989566475860881,18.14875209119764,22.374052068020923,22.17866693492481
24.3501427663521,17.873994029061812,6.598451129423841,25.57668693503811,23.86566178002127,31.06146571838962,18.508690578068453,16.026346638399183,25.34057966073559,29.181182390557183,-9.425262406049962,18.673855402442413,23.64147105957743,26.3285942972806,31.713435297315694,-10.97301484573266,22.301235977753446,28.34938120043967,25.286571217533943,23.36456048400604,-17.362905675015803,24.99257259918049,31.151362592876154,22.47463985772941,-10.149843019924717,27.425938893860945,23.863215695231684,16.28028414959704,-8.172154065289673,27.423239396644995,27.65827756740699,17.51913628634404,-20.226720426737394,25.02855170058974,28.75061768603332,23.718990963023934,20.4179328552509,25.48159527598342,31.141745418073977,25.621766161039364,25.40562424742208,12.802287814121671,26.846620854937903,29.35860935356801,16.525989242760705,-8.525428492919556,22.951164774893694,22.508330087523333,17.66005701017048,30.014392694965775,23.972508279185252,25.226231402995996,-9.7411477638364,25.287193029338937,14.178196596733356,-11.193676545100027,21.207720072718303,29.849016647742385,26.61445045811109,-12.402947849360539,21.107164334567415,19.346198442870055,22.531776128817235,26.34591017766733,9.578512630021345,26.320631945331037,21.558534038797568,28.39846442827003,-6.253796723866252,26.184628113336437,24.64342361495901,24.434443342740494,23.584286700234408,22.192023419971125,26.93281419030501,30.39262986728684,21.218211699772933,30.229663354514994,28.490980172863843,-14.028736269675495,-8.458361753017142,16.729790277823074,29.57363237962959,20.66571062922356,22.289350683652813,23.004617167519157,22.056023331463454,23.035920179130702,25.466774852242533,18.641329528146915,15.0175939843359,23.032421881944902,23.301843337084023,26.439929467762557,-13.209617920104172,17.41932881966546,25.54426604147682,-17.29926929003936,-5.905312435395396,-11.768973090922234,25.08081252199852,-13.53280055851531,29.365405232834057,13.440221099825065,23.722685496027868,22.791420903353686,27.703081954436712,-18.590432900412495,27.961479041166548,24.086550637541794,25.866101510941085,-13.711309074992139,23.367618375990325,-13.815542987438512,-19.43538784648744,22.228656106182346,17.973682381517396,22.542003529153476,18.543682095785314,20.90683794285488,-18.436582996905432,24.355316562280116,25.37624928955956,27.52780721680866,25.643241097070575,25.233871008230267,-13.028646299389715,21.465692526894344,33.59791510839529,25.067462489550454,26.198302721446126,24.055770363749446,24.707988110624676,11.213011887793387,20.04473365903359,-12.571903842350407,23.236713689363906,22.546747123116038,31.87710288440306,25.22037364133166,23.894051736553436,24.838004725886087,-11.711274082510196,-12.461567096684925,28.595082884795964,25.857566743454154,20.894702286908412,27.441078136957653,28.701045789812177,27.3173894480448,18.558839920055316,23.81587115292057,-16.63592456428178,21.343176216870358,26.464706449103353,22.876319361982546,18.465860423727218,21.568407450406877,25.44631982247848,23.383603744805217,-15.411974498288586,-17.27683952176092,-14.322415944173033,24.51112197460693,26.47453363057537,24.712898213745124,27.66234098282841,-10.974683760696117,27.420165827533815,26.222028013661788,22.47537092490594,19.295267928543584,23.024068278281728,18.79708310416172,29.05367935504061,26.866036926467363,27.27066538799557,-12.347622387648464,27.364626485231824,26.05899194103302,26.22074663219379,20.538598402101236,28.515670195488635,24.645141223872468,25.07166189668358,26.687296724724888,24.335842568628877,28.414377935764197,-10.10069126662768,20.397836811940618,25.218486500878257,27.00037550745062,23.49285036296459,12.821507683479506,29.013987740586938,26.669860726049688,-16.382764787788695,21.40771680232166,27.21913954348747,26.573647975950134
25.48021163585738,18.252250168819124,6.85675194241465,26.530432727672185,24.357317183025998,32.030163299255236,18.71452580027369,15.975584495261714,26.754785964991168,29.67870081978276,-9.415924109020208,19.523162119315852,23.85450275843557,26.953094775415035,32.657895026118744,-11.58967421727754,23.350675250276336,29.419270983383015,25.714639808952874,23.212746340942914,-17.13286772031818,25.27340658803026,32.225988454969226,24.053517009927948,-10.122025290232934,28.621886212716152,23.719409759487057,16.920416347001396,-8.345810413588216,28.130068670482306,28.036956355408673,18.032164151553143,-20.395905523718064,26.67331323914541,29.806425957959878,23.577200059612213,21.127996229239482,26.110756003735013,32.10046136796394,26.9574753119525,26.027038198646807,12.821179627165499,28.01669138671508,30.833963861674672,16.86204105558801,-8.657717854315397,23.061203057803578,22.631806314915035,18.179637385232976,31.544910969017906,24.95761911002919,26.042315574202753,-10.050708736213435,25.886697555491804,14.130788564487657,-11.163871403465079,20.89989152627597,31.37637689277045,27.077768745837965,-12.959691979682395,21.48412710587168,20.169935156583914,22.98127939703264,26.744609924531602,10.088774293540515,27.935883796558308,22.256503332425893,29.241970575551385,-6.064581114625919,27.112810996029616,25.027865011309462,26.219021469539744,25.348435209819378,22.53626924309012,26.97980155821624,30.818580541150975,21.594968036334688,31.74487135708943,29.37505638555265,-14.535550304352395,-7.557552308889901,16.848907097857893,30.67188538119739,21.04666224197072,23.388710423793345,22.844581596764115,22.228982890305975,23.326704722225053,26.254469913909105,20.209453922798996,15.303195290051791,22.845115452848052,24.907721074464046,27.14904020480303,-13.267173037644476,17.65228354268925,25.188375021648792,-17.66402121882171,-5.675852190914099,-11.598956939327714,25.3761433570204,-13.512072989987848,30.223913979099354,13.55007091619703,24.39498064428792,23.023100539684048,29.644659492740068,-18.747660796184938,29.052339782187403,25.15997524727728,25.907586692086397,-14.077537878299173,24.554621804545814,-13.762357348897785,-19.869669132335307,23.609390914844298,19.68306322341821,23.2331089547945,18.47144764362343,21.6440599282233,-18.5124969230312,25.018962099956948,26.24874918578761,28.160231111489974,25.5924647605547,26.973942488917366,-12.706101119456001,23.235761304165223,34.73624886075538,25.51773811066133,26.875820440995472,24.37846714161255,25.404736629588754,11.835571385945908,20.04467785551404,-12.493724599193355,23.400951583458383,22.357497057530274,32.518811843490575,26.06055361683465,23.92770100436738,25.024756069650497,-11.525543395596065,-12.77232989559844,30.03705272551519,25.983854380069463,21.448570127569717,28.27070253239326,29.636519200365232,28.143884690455895,19.291515937302748,24.376591439183812,-16.921871894693222,21.999155606813336,27.42295611491535,24.66733768959292,18.2716547353373,22.50632871979499,27.03063085660179,24.46091398507539,-15.825611294811075,-17.26788163966591,-14.408339422746117,26.0852366891132,28.270909835783876,26.4585143395751,28.198368344998517,-11.117690280363535,28.323050410549364,26.841334597640355,24.30828671844204,19.904292932367277,23.138127620315007,19.042665730130686,29.797159865601905,27.7153525534912,28.8960049052295,-11.767181093484313,27.752859446438162,27.336696840832797,26.5039842278102,20.722494715908596,29.426331450225607,25.02766110899852,25.97372919245908,27.940058257870184,24.831095647657147,29.55673043640034,-10.190275875231523,22.16673625825106,26.663560386249515,27.532747691685262,23.541942292903812,12.619374821113983,29.343413650165083,27.54920753719991,-16.70656079053725,21.77462988520474,28.441188461648288,28.024919471344468
20.37200877226399,14.515572760537124,6.13558828998255,20.82338839221706,19.377623227471073,26.143783176743742,14.286234222094748,12.93353197719365,21.070409119598704,24.0088944912748,-6.125312822090946,16.348438447586048,18.554354917181865,22.018146773139275,26.945964750552445,-8.351534747025676,19.282848422215462,24.077382783021182,21.499680106969823,19.009662378203046,-12.369314627328666,20.16140207051473,26.128945516981837,19.115014518410565,-6.568028833762854,22.841705488192442,18.710983921663477,14.723190090462488,-5.031971454360205,22.925823700141475,23.56886151197325,14.68036833862416,-15.17251267474623,21.250101015597664,24.9811405026898,19.06262031589307,18.02935565407249,21.487275283805133,25.949386949585904,22.744395564070608,21.641387252508615,10.105536705062391,23.112827222415604,24.67823870734449,13.031000250315296,-6.375786001887709,18.368320839791178,18.818533320983168,13.539086239996113,25.906141496518938,19.431953864127635,21.292634250502946,-7.134481645688165,20.29523804846619,12.417421978513246,-7.417902078104923,16.84668666024327,25.269824765840486,21.25408461892153,-9.562536121788622,17.294751697787873,16.368984638958615,19.110375698408962,21.57926243794208,8.241206444806705,22.588915002994217,17.974068911024485,24.15394230420608,-3.6687299329635037,22.115703007511037,20.685594916803378,21.001509274496517,20.53887388099839,17.45948495104997,21.68781947836959,25.271431692908887,17.505885465521455,26.158180025075442,23.796005829439,-10.299754151088058,-4.830028986062312,14.249491194052906,24.365081529825016,15.915866737810102,18.1298203012724,17.919605597764438,17.783602722223264,18.534325068373402,22.39736052500005,16.317590216860747,12.668457114408751,18.339562526854476,20.079797854654096,21.93728028318145,-8.72801109804781,14.805506341492586,20.187838746574073,-12.663172539280513,-2.6579324831775604,-7.691634941359177,20.296207918403926,-8.96810761175015,24.55927486380723,10.607400204449656,18.884695741574795,18.982074502271626,24.642194060537555,-13.344079770419617,23.27593178783429,19.94241029022752,20.590996757717196,-9.710675257129548,19.545950692779783,-10.37711094418574,-14.553396789534908,20.023858942345843,15.136096692101809,17.565335676082338,14.757302374873143,17.377700763575042,-13.34572640992306,20.454957737595727,20.858167886357496,22.632431017889935,20.747405732135054,21.4461087347024,-8.893949986235906,19.031185870587734,28.367511831136483,20.64196354058912,21.0740073228578,19.13301857263009,20.614819088287994,9.15133763394049,16.001619492643353,-10.316583934303486,18.78187493268887,17.428005542899527,26.36625416960019,20.88298049848435,19.336693600915726,19.90491245098672,-7.829488900714785,-8.641758813635196,24.45627510761866,20.733189280949777,17.544386601784463,22.811582831316297,24.539460833685364,23.186956329801244,15.359979632816586,20.810729770367253,-11.931730318044515,18.952806363089287,21.530386568199333,19.312209493074533,14.614155759144108,19.286989284473616,21.668313545936186,19.82065187030602,-11.303958847261818,-13.864080425397157,-9.821785392122194,21.448799296881695,23.36542063835669,21.453833162191724,22.72598215206029,-7.1276142625939665,23.173138881187707,22.182659381873954,19.880549826616043,16.908889647141464,18.75619789134092,15.538596498222988,24.919936809158475,22.8289369610432,22.690573439426032,-8.064465547339259,22.988519506294693,22.992124923457983,21.317165475363723,16.88260682347166,24.42685515775406,21.47439329671872,22.192475014381586,22.34270998827402,19.45649077868258,24.44163540520231,-6.765991738590805,17.969805366481886,21.986489176639477,22.149570922095993,19.266817114456188,10.300597705139378,24.783917135919605,22.33209569861979,-11.687606874802132,18.88109012905943,22.86146056745914,22.59287288461787
25.883530475354608,18.518011039715613,7.058089558728644,26.68037457173679,24.311115607278758,32.16712992613149,18.43300672420106,15.983806786960155,26.693486557039634,29.683199936441355,-9.03083100525493,19.80283832300244,23.473327928214992,26.79900948261632,32.70295562633755,-11.195560308128298,23.710724516951224,29.918766525139002,25.62825545581464,23.404104700946306,-16.65014687744833,25.100179970720532,32.38024116618053,24.423975948581436,-9.479733868049534,28.595621982256585,23.417341764583444,17.240127748222903,-8.081433253798672,28.183667336068126,28.508919026028195,17.815164271040288,-19.977575186333343,26.83167959090103,30.369637604120875,23.393228686154128,20.9190876429547,26.118135802687124,32.09983078560106,27.0060368696091,26.1975172611911,12.748482834663095,28.12931528627622,31.103040576643956,16.9894781940342,-8.323106082795633,23.293703875099876,22.803550444385735,17.85030211163678,32.06335130239356,25.018052606204982,26.435760860650287,-9.860545879568004,25.587105617023155,14.386475381104542,-10.499987196649924,20.661331768780975,31.765006706798708,26.91488862212064,-12.646214223090924,21.774223327019666,20.016716500590416,23.56127822525288,26.544533790690505,10.288055357456765,28.5098238411983,22.336838607496333,29.3928390346224,-5.602205175038628,26.840252258872862,25.090821874382897,26.66904997504909,25.615074568886524,22.222121040970634,27.007214753456175,30.74800480414577,21.51814693395726,32.00915296806812,29.469694294443244,-14.166056268186464,-7.138838942419439,17.470076803869077,30.937133043546037,20.645191548025956,23.19684323077574,22.873690404301886,22.146308366695013,23.175026802095,26.808770903426094,20.272322253409968,15.495154212878141,22.849531577176858,25.322343112537535,27.300754049169694,-12.66644451810042,17.52253348578216,25.077290254229716,-17.050586110581442,-5.0072647983116445,-11.125386370802598,25.3458944244403,-12.859876865041688,30.680302919124415,13.33745193965549,24.187647237688065,22.87937148101879,30.073127666924464,-18.21967222910611,28.81063037155016,25.118556239411188,25.618168484132998,-13.573717026781193,24.69898662560358,-13.30973335514062,-19.42318910535403,23.9523649648501,19.60892853234838,23.154431308116514,18.56621341573247,21.348122325729328,-17.864017408455823,25.043299151795384,26.572542203684556,28.194865294200216,25.598653803702934,27.241171051401256,-12.311749374287073,23.480846547766998,34.89223703427427,25.51968089292557,26.633246317243312,24.055340095743347,25.177975073284383,11.589286094246047,20.227901604278696,-12.727922086186627,23.44349598985195,22.2422298846084,32.61315558532446,26.34226112370878,24.031871561728206,24.644028137867718,-10.987626150323582,-12.576780050179911,30.39603491844671,25.71404260095256,21.66341813893704,28.31854381136346,29.89087471046949,28.626575597383056,18.883090230140503,24.428488575684472,-16.273820896872593,22.233462839028103,27.674453295372267,24.830887843313764,17.909264167007528,22.822906587909998,27.318639398654568,24.706779696952704,-15.179395348633957,-17.437477096711003,-13.948240943003617,26.715243253525735,28.775720298526764,26.853216020835614,28.150110534752923,-10.408992666367222,28.296953875880863,26.866917629541234,24.924315457874613,19.973003884040217,23.049120748457195,19.643353276561037,30.01000718580731,28.076851724004946,29.02448724405057,-11.313085173544797,27.925937950340547,27.547491742675803,26.40064046985022,20.923812725624792,29.65079302342319,25.399201035561536,26.12412094673929,28.148841248976762,25.091992816461797,29.865160906363247,-9.819667201865785,22.56763442340342,26.9504718142655,27.53871879405401,23.38035893635779,12.747924688164662,29.581709215024787,27.772603777467932,-15.9958760614033,22.04523025351874,28.825339196134415,28.357174547345384
25.558887100389445,18.567628938478176,7.081941424357441,26.530463442691662,24.882868064552557,32.45716700479559,19.04038958981109,16.608548584773114,26.285320599873916,30.333368663499886,-9.829425983746624,19.622932994767325,24.64162924161739,27.214656929903384,33.20458418302749,-11.440992735116819,23.359583221772997,29.738682221223943,26.41911209702963,24.347094414779438,-17.78377143919357,25.995003157975347,32.52473728958112,23.531273463669013,-10.326111696837067,28.575514674471783,24.69871185058383,17.15011006827048,-8.441565863816582,28.907241367606645,28.82320810500455,18.48609324401651,-20.859572287956418,26.22638657495581,30.222661555223837,24.789447164179933,21.49943063003899,26.89375305490048,32.540172458247895,27.08067052839228,26.91003101920068,13.677820129116672,28.193085903964814,30.721677074451097,17.171189500409827,-8.880908632485234,24.052281262491626,23.436747968051332,18.074123578756744,31.631226226665593,24.881731808125384,26.39485814851293,-10.212435927372923,26.087603184768284,14.915177289789606,-11.599315511228289,21.914071435714714,31.238488992441994,27.453261942902774,-12.845956162405898,22.104501816534764,20.18148821386578,23.621628321658516,27.658483386984145,10.15949044093366,27.726381377285296,22.592970779321266,29.900546555882535,-6.542299877654378,27.402058239160606,25.715484008220194,25.740005578914495,24.87598811581836,22.946429266772252,28.060135821480095,31.600512503209192,22.112404888553442,31.636079036876165,29.68331755392568,-14.47552986869742,-8.691570838756268,17.717799137080547,30.869977558224086,21.161142486795523,23.11746927663947,23.920522571596553,23.08966277982087,24.068483634730573,26.76540231479822,19.6410513737742,15.677139910414684,23.891055281007336,24.40242964681716,27.64320245418111,-13.507261011601507,18.34827314873984,26.48772387584611,-17.69258961351506,-5.925590579475737,-12.269384908130114,26.115092636474373,-13.830256232036708,30.844209741942482,13.868892479264806,24.378273196912136,23.749071902521113,29.304478474920632,-19.12289293258098,29.059291634991204,24.987434560362182,26.608980837769437,-14.055898098031028,24.368449470942213,-14.235855514710659,-19.977831762227307,23.682685120469813,18.744513615324763,23.247147868238795,19.14771931150226,21.897620765478706,-18.8421726211074,25.736073727462703,26.660380399866902,28.724970854033806,26.725356601962062,26.584103999960096,-13.272523886151726,22.71861282353859,35.111537407348266,26.448192003578416,27.273304916891295,24.881039402537173,25.8018886336909,11.818159787042054,21.04568768657895,-13.07605359318009,24.066613714276894,23.314551552426128,33.22566821493031,26.52564894172715,25.044316352238777,25.47870377690997,-11.803781720213676,-12.923082377382597,30.074478101377856,26.928307073808032,22.10992867982783,28.58596997089209,30.03901527818426,28.677733391793748,19.444029541014213,25.16503376882163,-17.039406646298872,22.33647511061602,27.680700238346564,23.91822586427784,18.981273609567435,22.768727113080068,26.71493791029874,24.69556952371204,-15.815333400278057,-17.951254972267865,-14.65525537888123,25.874286686933125,27.990818037995503,26.058135266674203,28.719921675281075,-11.24293985140579,28.77209119789481,27.377484466361434,23.88985464335874,20.327873489473685,24.126514167435463,19.843525638549092,30.53403586098198,28.264902384239377,28.43078678982826,-12.498923319585199,28.676112444474075,27.397280864901806,27.19952568787586,21.608290756804074,29.925823777777698,25.873287021254495,26.484819279430443,27.85555532294002,25.400586931800095,30.043225597297766,-10.29968603258006,21.656213594413334,26.72167619679837,28.18817952927178,24.357727842518198,13.349190789851928,30.280499984367594,27.792965222731805,-16.747855538563513,22.39360124454586,28.4936084311189,27.945833838061347
23.013829292211817,16.517517859534703,6.818156515260759,23.577309229651863,21.845666079282193,29.32636379421937,16.35316826688334,14.863488661500122,23.52456381538967,26.96973560697648,-7.547379066207119,17.86141899286506,21.151715459725363,24.625382050154716,30.10638555250036,-9.610120709911392,21.679693798003637,27.07487239793422,24.05872152706992,21.73099345265644,-14.580545819411142,22.846811340624757,29.355342643807344,21.54006270983626,-7.932984421370274,25.396186150306953,21.32359782504004,16.1266086673259,-6.343593904706814,25.773352438185814,26.395184133340567,16.54311519008182,-17.75053985538928,23.921764709605842,27.789418910966724,21.727239294796906,19.79957110144901,24.101698850536042,29.17432091923918,25.13540035495558,24.258818703400284,11.629022414044824,25.789196619937215,27.751337077580285,15.052004929371153,-7.485891248808914,21.10644667425152,21.238452462361607,15.441083032910878,29.02563471857121,21.88788275023397,23.845768538942817,-8.545842049349456,22.906070900844608,14.056795563939115,-9.050138626006856,19.07123676171991,28.365418659302232,24.041977952999883,-11.1097645001766,19.45468819895476,18.37042914372175,21.333317944888584,24.26351098119498,9.270957270496268,25.364608703784473,20.0827828332886,26.866309947651708,-4.7700882188374285,24.615798958202696,23.241315804184413,23.508008121370327,23.00619123426898,20.017033116768463,24.63410315416597,28.456005553043102,19.364470420043837,29.113764698391833,26.728177473306076,-12.052960244731361,-6.307670625345931,16.394242444548038,27.570169004953765,18.011808697746936,20.430295648231,20.717314103364743,20.29120388836147,21.07043832994014,25.009411270883668,18.392340896593186,14.34932557397094,21.108592822047505,22.453000705383314,24.60638178248742,-10.483858958872087,16.574775153250215,23.021181752808396,-14.82910777232203,-3.684808439929294,-9.42672320442776,22.94281130178133,-10.894077404779267,27.85016131981848,12.069050526813701,21.233489032514353,21.412893090316395,27.328337196999954,-15.694325613485127,25.94038673643069,22.551195188824334,23.34789526302419,-11.42870981828052,22.057948131757737,-11.906019114718388,-16.793369784482977,22.294321532476662,16.885428267561313,20.11565189751509,16.658182184798203,19.66227039779203,-15.587430366460758,23.08291588579671,23.584996958652717,25.40534236201238,23.50867407114994,23.985309656163633,-10.675020386041487,20.882846848360426,31.71534669065234,23.28356973942634,23.926474596065002,21.804621103362663,23.119328299853905,10.51538861805993,18.463332768004673,-11.861534354042549,21.260573450176977,20.014805664955574,29.67737685443498,23.766651299695944,22.06569386782259,22.381851567560407,-9.41662908041289,-10.410836769541001,27.238478700630022,23.478392609252133,19.912982352185303,25.447076303027824,27.502653342996265,26.10390336556169,17.045483285275417,23.010759619012614,-13.988749818484113,20.673008223404434,24.442734771513482,21.6044988540502,16.604054265150555,21.23898477661322,24.26585785828627,22.46939389352169,-13.117561452242391,-15.947193365643134,-11.838913753518893,23.92846647919881,26.03971507078574,24.084013218529996,25.537853160684,-8.56669916391523,25.809851249810368,24.674263050609117,22.284730929371058,18.86588934092918,21.317712366250916,17.66167413559101,27.76453876923071,25.41774639373821,25.531068120533153,-9.79112289735264,25.71640179874889,25.61162685842295,24.297949372508036,19.030386404045732,27.243372057285306,23.79312422694734,24.569026951111447,25.216824192179512,22.294962284242253,27.180907215614756,-8.221034568055995,20.13374639479805,24.395266413021297,24.984850789875217,21.706953345938484,11.978574096365824,27.659051192639936,25.211072721982237,-13.684326101213339,20.879349514726425,25.607490236326814,25.480152186342938
19.80826497175125,14.258961887474142,5.407840231601228,20.96623480613719,19.26167318690682,25.223313946615804,14.960131747317002,12.696420171389885,21.251478836361375,23.627837881060138,-6.902754666408962,15.242416773041176,18.674453074181205,21.77258551777097,25.96675975112544,-8.736016656049697,18.446301244546532,22.974637577322248,20.477539071431984,18.17071198615698,-13.388470611131886,19.950551299428128,25.443200848447805,18.82276202589029,-7.940620510843466,22.63789965308748,18.722843972884636,13.468269858312368,-6.019407511479092,21.824529675686616,22.29800578082051,14.00280915876358,-15.864008107135332,21.047646061464587,23.332539562600182,18.4888379693899,16.939780149009202,20.228286245872553,25.372284227945165,21.22746451790416,20.04503545868198,9.622442075363981,22.020160084849145,24.13777608715117,12.994673685015359,-6.531467819820396,17.76894902429761,18.01552801578173,14.738223119776762,24.623125868043516,19.70780350337988,20.473510047361255,-7.503947836451907,20.736450084585865,11.11389574739633,-8.46060044236742,16.729263851050067,24.608021233199523,21.60068338570156,-10.080280738069812,16.867862912828183,15.907826164275223,17.913782402127868,20.91926148957657,7.729936759132528,21.72219935034222,17.246127699342527,22.891213523788466,-4.4099136109149315,21.529905178581163,19.958877217139662,20.392929325611355,19.837567894510624,17.683436835384473,21.245624658112103,24.66821014663672,17.183065270622155,25.06296613257556,23.21222884399998,-11.196449345047172,-5.5386068673664095,12.805786090614887,24.097639730136706,17.00539057925409,18.539501214198097,17.78800886818022,17.224099953327407,18.24112095693535,20.67421890952138,15.775864922385912,12.175044579322654,17.949081307413074,19.732072324421093,21.426688818478482,-10.226444903294402,13.934971950017774,19.9537726707103,-14.052896018949445,-4.196049662896246,-8.472204166627554,19.955506774913147,-10.383568225633795,23.48652648386572,10.825284625722915,19.63569386830639,18.368994903242875,23.219840920356525,-14.611602217512392,23.286455367191923,19.937061095575984,20.859697741996314,-11.015399628852919,19.33731812026726,-10.710738819991816,-15.70961255331583,18.21947002072427,15.589847439521836,18.240752929620257,14.609829836111995,17.0628633483828,-14.754270296746244,19.34920584266898,20.295235483857038,22.17124598832613,20.156274936150552,20.88854865394497,-9.986304030270249,18.205919067913854,27.50305218898955,19.728638932000603,21.10132024224544,19.31703938634039,19.95622611486948,9.140834259805704,15.495159838701058,-9.584216667210505,18.50760252734269,17.68372307123518,25.66118005893062,20.2215632405295,18.53140948463386,20.255797248868728,-9.214565524655352,-9.431346954900775,23.50036539244754,20.449917375926173,16.601302499179386,22.31743259003362,23.341564352771943,22.15050549880098,15.459210965602189,19.244809221804655,-13.2347956430528,17.576360157196525,21.293813835294475,19.454951498855213,14.677242023217863,17.646984818281734,21.209660166868215,18.901226013493613,-12.49495156208789,-13.344425445701475,-11.106969537801634,20.275891451559236,22.141050494181663,20.734178450951863,22.43183887718172,-8.453653022088744,22.256658153886335,21.271836311615623,18.75321611856281,15.745871375451182,18.2745037297618,14.461744462368436,23.43116853133792,21.827501452703167,22.716137922263716,-9.315401838077413,21.94717295424198,21.60600952502776,21.196852329506886,16.042437029283082,23.268673214511175,19.79543918864345,20.47911604709838,21.952966802064118,19.399924732438635,23.01518554562998,-7.851187537078673,17.134304891615674,20.72428990790749,21.51505414078258,18.798177114671716,9.604718115891467,23.576037181063445,21.968604636488905,-13.180495376635998,17.261723134320214,22.26771865884417,21.906733943151433
19.539236202844993,13.757045510179621,5.823203394068714,19.694046581487374,18.05904051975843,24.315737964693714,12.883119814212025,11.668223873835087,19.670868581285777,22.195852805679465,-5.097073602337501,15.662910076486707,16.602638927620312,20.06619294592122,24.95005115251355,-7.322746332999083,18.22392184897357,23.033793293201864,19.665845447848902,17.495999436815755,-10.672304441516376,18.27957218799485,24.365215468566948,18.319990057865873,-5.157721110267558,21.391098339503355,16.693315327555915,14.03380958987998,-4.4345383618959815,21.286169692665172,22.218910287299213,13.121208040730888,-13.328904733935637,20.10933375420016,23.873652116383465,17.037264956928443,16.447972700027673,19.83720919745321,24.131771242705472,21.26695708844672,20.21671608987889,9.269873366502834,21.546211430840252,23.296368735443032,12.212832997071539,-5.486515674086226,17.109749955511482,17.60290777618894,12.281491191863815,24.82820138528338,18.323961684721862,20.361097329609063,-6.385726394884216,18.473734033800334,11.443867108573137,-5.8194576141484164,15.03757779756191,24.102157359425192,19.375997433945003,-8.580800772621568,16.527785056615937,15.059596742237268,18.388287215512992,19.71373285753935,8.067567000088667,21.812374198541427,16.942568709661792,22.697865659143133,-2.516187074901211,20.32231844952658,19.04919716159353,20.215908431363893,19.637888409881118,15.812850966202156,19.891742697876793,23.089005936326313,16.254282362474008,24.60266963370982,22.063218738362472,-9.15407690788173,-3.4347924580183906,13.665274574599858,22.957986884823832,14.335354631430908,16.695154803195006,16.34733752867724,16.27249962591667,16.85171405242211,21.272161261845888,15.408613491884104,11.977132662371067,16.57534415868372,19.399015398423366,20.48818944901562,-7.397255876065321,13.43432457365224,18.221165405896222,-10.992795254254485,-1.4775850632122023,-6.3138353004284244,18.681823548495736,-7.464801587815712,23.193612436741148,9.578102934896256,17.27282401887192,17.131027293314173,23.61964545688298,-11.580380418682289,21.435606933462594,18.36395120973808,18.442199139156052,-8.461808858380033,18.25787359014774,-8.897718719858402,-12.93242168011367,19.04653316664458,14.271129119616003,16.282692258950966,13.664459282745801,15.671319742324247,-11.422533313608747,18.89001605413437,19.75197244620546,20.989945126967108,18.905325535683485,20.525837111160662,-7.519003116443607,18.3190350599772,26.532342692886804,19.13387957295429,19.162943481080937,17.258076862145344,18.82359388019583,8.267100631815074,14.866508979585102,-9.643060430307312,17.41668804237805,15.793854120192119,24.540639224927446,19.66931858601877,17.832799799197932,17.8074572037141,-6.442457292718987,-7.85898040745255,23.37401487541051,18.59275363344392,16.44857886370478,21.204907668442598,22.888121548610997,22.00093341717847,13.94263292601146,19.222907689599484,-10.298724508867686,17.975439820817073,20.30483449303257,18.483269770547615,12.81676274067633,18.38701401910044,20.598469043334543,18.62361128365511,-9.684594634848903,-12.866383214637048,-8.421793131053855,20.823825723972114,22.417779781987495,20.557334508677997,20.965620741484152,-5.741312728063333,21.423465986122338,20.481666412507018,19.418221392778047,15.571913426459883,17.022937825395765,15.149442377841712,23.288252339300943,21.60607935594905,21.488774528535263,-6.518631124766656,21.52292752115486,21.532136766619775,19.377631463439897,15.96042973403064,22.782101901700887,20.235407032517106,20.711523010963113,21.186039874102317,18.230501643060137,23.214015144656546,-5.912467015568636,17.516838844894455,21.0250476788532,20.49339917787592,17.58268311380586,9.415529533016826,23.008821086889387,20.877479190455407,-9.94705769284821,17.667210163669655,21.844792206773125,21.448322425233428
18.696892916072,13.228011745895646,6.141753598256543,18.796329515955826,17.273554727117965,23.76573833210763,12.598641210925651,12.108860630299535,18.942419927662876,21.58521761564952,-4.705991361468099,14.792783117752249,16.221230409769706,19.940593480996856,24.700303578402032,-7.082801165732777,18.026330374688502,22.099500908820943,19.86913542702741,17.20538197420801,-10.263330860370838,17.96313651486886,23.869170822802737,17.39963208171815,-5.125143916258623,20.377968357511463,16.39790961471441,13.690763573781737,-3.5957986274270732,20.80114611489247,21.832837374491284,13.235486800144722,-13.167258178105946,19.593935977174652,22.875332269211402,17.090166908994654,16.731333764732703,19.56094958597618,23.628983158648285,21.199766407672776,19.994713665559082,9.213288559786191,21.198261822650835,22.52951845043062,11.732191570553644,-5.500416513938239,16.63490764110395,17.2758222816902,11.789792277270632,23.957760274960403,17.316607839904282,19.36989028427654,-6.04330668749389,18.041710290861335,11.777035061818056,-6.063259346836517,14.88890381047746,23.031110356965677,18.784059867301004,-8.364759696798458,15.52745605595641,15.139024602944842,17.221617757101754,19.2808274140345,7.54152712936578,20.6796282684052,16.122259369144956,21.988114007447845,-2.8384261419003627,20.133897024024613,19.055947469294384,19.242946746726993,18.954925345411777,15.59405407654411,19.312871616435693,23.072242951946013,15.330429512189772,24.068713544326776,21.549757891966554,-8.650179146992926,-3.6909699928120077,13.41217068433556,22.028131000915437,13.783727595863699,16.075100964625907,15.932273758117432,15.938762511372298,16.417401632087078,21.093159224963244,15.424989518918617,11.909028334212229,16.53044999188757,18.427906705121206,19.725545285896718,-6.759740542603025,13.90759897249173,18.113556511718247,-10.852787864217833,-1.2381411835145029,-6.068393660222598,18.2217262185767,-7.205360449998754,22.54372430649454,9.411581237320982,16.55995994364256,17.480939337729456,22.974702527281902,-11.196625138567383,20.949616530136176,17.945621740691475,18.305673478156024,-8.07019140211084,17.72019511587675,-8.852552598397661,-12.427422571899164,18.984032982756034,13.559843036350138,15.436879461669555,13.07094554827574,15.94398826135971,-11.321336963634574,18.678539825226167,18.74682195106977,20.196739657952662,18.628803411195644,19.46936512845947,-7.256327055129961,17.45110825138613,25.949095207738612,18.75259785765266,18.905081571534527,17.37308185209103,18.760788321719673,8.558995162385994,14.448668959695638,-9.35045048613219,17.122605696530815,15.543220369527011,23.959886632074557,19.16052922438355,17.43158154778264,17.701560255377505,-6.440850083236931,-6.885334902115891,22.24578064180365,18.43753160443764,16.189135054772386,20.40191083248646,22.60566217903348,21.357847524039677,13.654368974568762,19.160058605999897,-9.91632281843051,17.475567888101107,19.469739610942387,17.446415127052127,13.129067195067256,17.75065321634575,19.82974669915458,18.457690134024762,-9.5978109916236,-12.402253248978832,-8.034596251524018,19.87249137076121,21.779516263271624,19.895186933011928,20.59606667479349,-5.323623854642351,20.96803819209534,20.11369571552836,18.6051919349049,15.81887020370449,17.07542245021923,14.121617342192746,22.925844886987317,20.740470279022315,20.554356969269996,-6.3622912017175475,20.936938424938614,21.512303176152315,19.446848693637584,15.200801078757209,22.356540096397364,19.736772403017834,20.681644503045174,20.610393885877695,17.38083626315705,22.24323767423045,-5.381377494135309,16.802040486108837,20.249051562690212,20.195384442611807,17.6007707726114,9.442351992002576,22.900934083927492,20.34143890745195,-9.615503843887039,17.450459373740216,20.638607858927145,20.896226062388262
20.26076647814733,14.060524847378753,6.051930279255584,20.1353157652609,18.348506237952012,24.865810852147785,13.011601062616506,11.844509381251193,20.320554835059497,22.52133595029414,-5.116069270977573,15.789446408300806,16.87549970872433,20.455708401376516,25.399894857582844,-7.545376143331871,18.94619370173857,23.89835924353635,20.117122955300314,17.792580094735808,-10.677940346703114,18.605711929630626,25.095173946025795,19.07327399735459,-5.144689507952998,21.68935803206048,16.851135400180976,14.249133485726123,-4.391662081848362,21.586087952145256,22.551311215566336,13.478727177781026,-13.60994528705227,21.05456414246017,24.34811410451822,17.342715118786117,16.69729946695645,20.25461542051523,24.498279371004323,21.91216840349886,20.607673270569336,9.469476439997846,22.075343523823193,24.07877637342437,12.542492131418447,-5.5487452196063245,17.6458743858841,17.85109117491502,12.61508237988922,25.540720931987753,18.572031144506536,20.561208329220413,-6.525314448064071,19.014810172226763,11.73273191642308,-6.1763531626545705,15.136332102658601,24.982433959967185,19.78114915665968,-9.0026537688908,16.553407599813493,15.376449983525017,18.675794451883547,19.92354818395608,8.308998829670594,22.75834818120015,17.018054224293316,22.86393085018417,-2.7261690462898605,20.49172167375997,19.377170287574096,21.188180165976537,20.498218585202103,16.0580810070872,20.049854305989246,23.46911111450553,16.29754759124632,25.358259579213666,22.732290951191853,-9.519511320385034,-3.493786676255535,14.18648989083767,23.766060630168667,14.493283366289132,17.369579004819233,16.628361858576827,16.50820467182165,17.147220829439636,21.92538943298685,16.16886108785345,12.261660805250084,16.94001203813425,20.15744846317157,21.068866648068795,-7.386768807671147,13.863908383833907,18.26037485952118,-11.321118731404415,-1.5088490804051367,-6.475060578910252,18.938964493595794,-7.5659128339921145,23.870901439851686,9.59356805103152,17.684046347375,17.586132886512043,24.600547154586184,-11.7336782571774,21.774617330086514,19.010686204239004,18.76467024913103,-8.603887528307382,19.099832114663467,-8.965357525133022,-13.217322976865109,19.774578409999805,14.979442894007176,16.7185138225566,13.629153840571998,15.919491772097771,-11.625383846021094,19.190751029038005,20.42317039505616,21.139137018681893,19.181969157593063,21.321951435025554,-7.4631707911860845,18.908055851541217,27.101868595099543,19.449994814977266,19.612246612065952,17.727109932936234,19.20918118370572,8.640998692451218,15.07508672932169,-9.734230348811343,17.59088958912958,15.842216958113818,25.075321254705873,20.46008824175601,18.0834457371804,18.139244535036486,-6.354846438323445,-7.920830749415397,23.853623581678175,18.87014461098581,16.924801434084042,21.43426058445164,23.571345782095452,22.83319067839394,14.104773295323081,19.521950433723468,-10.373283300660495,18.104387007395705,20.959478503727773,19.342801499529354,13.041651827661198,18.617258797865844,21.51324863695368,19.483609580376328,-9.961482390384008,-12.911711864258473,-8.65216817514172,21.731794394941442,23.395758080126665,21.637717689690106,21.079582986372472,-5.705577133884955,21.694904841112965,20.94283044169253,20.455248724091035,15.887183154499114,17.269140717169943,15.445884870980578,23.524130481767894,22.05286592488235,22.32701174081234,-6.4062254765874735,21.67031725341261,22.318238421004597,19.86032537701121,16.206644780609523,23.209513782697666,20.65092523827765,21.191562795703643,21.899053181384488,18.81376270240354,23.564718087852494,-5.839184090848,18.451923758123655,21.409761349024826,20.82973133862505,17.683314996933785,9.724532336581309,23.45950220000772,21.64356387631039,-10.15991889995671,17.962087486383243,22.382629343618753,22.43649658153018
22.983714412919873,16.314954356727643,6.7182039373623175,23.582578310131733,21.738505997764378,28.999495520930235,16.30202868687942,14.526471106643687,23.685927680240937,26.718964816373497,-7.348166413267883,17.873516033145997,20.881793469081284,24.348218826273555,29.822410404130547,-9.57678524704756,21.492726211754373,26.830228611783166,23.67635849367764,21.0750652203671,-14.246668959447092,22.546118972705877,29.13912120176819,21.567689826047776,-7.899720454255853,25.48899406628119,20.861412542584343,16.038537657165396,-6.297216809879263,25.421371725922786,25.906073601293382,16.290921455999168,-17.421497927431396,24.015178714690887,27.44797300243277,21.166085191893814,19.672587321542387,23.747829587133175,28.987352097460704,25.01838361887289,23.889027554302224,11.456974823390626,25.568928128047894,27.688245160332738,14.826365420878808,-7.295013145394866,20.658458361585033,20.843969343220564,15.56671641827439,28.874908956038123,21.96321587842593,23.65074338446369,-8.413173781780651,22.804016845943718,13.45240751025103,-8.888385806692158,18.65676449943886,28.294069016582167,23.797145325918336,-11.035575596794152,19.34476691577846,18.272831438656237,20.976681829346102,23.966014902782216,9.226324046829538,25.325341358972175,19.990138126798218,26.68389705668423,-4.606110543770274,24.541893815064874,22.953301834377466,23.62029613781229,23.0738191723802,19.803268344492302,24.163743970341244,28.017866741522653,19.27685914813755,28.955894063322596,26.50716832582737,-12.080515783750387,-5.800763582555214,15.799794101221428,27.419377723006548,18.095860520661613,20.53343237691826,20.242861141702758,19.905461144852982,20.731242384366382,24.580156054096864,18.431620489310045,14.178716784896588,20.492371563713636,22.5884318204628,24.428380663845115,-10.437398721759575,16.348384464931012,22.51708053918942,-14.82333112314423,-3.5761682767131404,-9.161305934379461,22.702603930121686,-10.75926652299121,27.43781219832129,11.977647646067002,21.26162760017269,21.006804835794924,27.36759083605139,-15.548908194126742,25.99918462208536,22.374438586540716,22.93833417641298,-11.499694785518273,21.964259900760652,-11.646817779547236,-16.80498348827851,22.10880931733433,17.25878759006293,20.055530019267394,16.424021899885986,19.46791116791924,-15.479163280164993,22.724071004713633,23.407862981566677,25.15819965256282,23.006436137702416,24.148464998885395,-10.384791259728258,21.17452617010625,31.531257647425686,23.022947290558452,23.75465744947258,21.592476771586735,22.919281660459426,10.579313409945424,18.003491831555454,-11.347172114760768,21.049463367388864,19.73049210910658,29.35312702759415,23.51690524328008,21.540722171702505,22.124603762545615,-9.2480520718394,-10.282708252282912,27.253068211350637,23.08428079155489,19.604845504283013,25.298791585875108,27.12928124122218,25.805405191538586,17.167393567003355,22.65152895801794,-13.947510000373923,20.56248639257879,24.36216415006095,21.90638777181021,16.272327689834544,20.969483438788146,24.333721375898087,22.252087831120996,-13.135025344417816,-15.524709177618364,-11.6860090345555,23.913879155755424,26.027002472524053,24.12594631470075,25.33075909877499,-8.554571350117815,25.63417015232885,24.456546372445075,22.34128138617463,18.530229115713784,20.927635679191308,17.316764885694408,27.411061515934843,25.279401176736076,25.667397196586126,-9.444825904112477,25.37556939138033,25.35307000883066,23.89494240979842,18.744908885080207,26.920808576574125,23.324755580151486,24.271783868698247,25.153489499443058,22.015273428841105,27.03103429388645,-8.050858682444925,20.28478275589837,24.409489741031788,24.71391414445368,21.317078556209225,11.439324838149677,27.182225397167745,24.978716235851664,-13.664422258969044,20.384293796710192,25.569453292225447,25.425967378461888
25.351719460386555,18.086939276458565,6.914188674266745,26.581050565250898,23.924665035915027,31.579633853565664,18.854646340677057,16.186032447438865,26.769744941433412,29.35038877285411,-9.181640126273871,19.02035205283599,23.382312961455852,26.764347748095723,32.25719005601594,-11.430791700846708,23.396294901037713,29.11552836835163,25.266180720181886,22.83416897289852,-16.8837373796851,25.026673744144407,31.949478079963622,24.2270351942259,-10.120916226700269,28.2786261877694,23.19986088153611,16.732655055111255,-8.249374978902225,27.369292334318224,27.686806273311472,17.72782701898828,-20.24482021993562,26.791236786636755,29.269212504418583,22.998299818845453,20.54986779381201,25.416672206907354,31.810479578162642,26.51001901859917,25.39885679449052,12.454990061218691,27.678288059716866,30.727847025886387,16.759055925414025,-8.485664732789576,22.684078881540284,22.403582088660144,18.367802835163033,31.345152238766765,24.953755110055766,25.727142738737676,-9.803656934603879,25.661072906117862,13.795266348356428,-10.990183862762128,20.377005944392412,31.232567654067264,26.74838815500242,-12.977559944102076,21.165915835055195,20.08674764258949,22.358293790168062,25.895044985932103,9.987398293100345,27.858704462843452,21.7868441339018,28.62491408309806,-5.952487759299469,26.640621228006335,24.926132158707166,26.245986942120282,25.431761116463505,22.368155697378484,26.510655554256445,30.498886255532767,20.848296896867968,31.529044922793133,29.235494945360248,-14.5089707767275,-7.190035744682815,16.59968889006907,30.51465341046237,21.029617478299297,23.423157070189678,22.676108032790992,21.61680241284757,22.930058628448247,25.949162308877288,20.438992842124634,15.479357510069837,22.53068911678006,25.059149121667744,26.773531779911295,-13.150825146114272,17.240565544774554,24.761936845463463,-17.823256280223582,-5.5176694702307385,-11.217228832702919,25.15639445120634,-13.495121408340035,29.942624199634533,13.493444478983587,24.34654500320596,22.693172489408518,29.499494038812195,-18.73497493938628,28.844811839235195,25.191258605653278,25.540406870213346,-14.203253266401129,24.59946996801305,-13.400032149906176,-19.913775949624036,23.40045439631865,19.938532560615947,23.172688900492236,18.187057719686212,21.492042867721565,-18.54481724823254,24.447876124093284,25.887206306309054,27.616938748530508,25.044152812745363,26.874068527461056,-12.545159555146341,23.13192329345329,34.40245581796749,24.86181733255632,26.62726570199704,24.183176955875282,24.918293284590888,11.972553277393645,19.771654141828222,-12.181685720583026,23.257686022883195,22.212054811061485,32.04107364904468,25.8540327029689,23.48091657600841,24.711710370444212,-11.558532359860502,-12.619883750045796,29.73150516234205,25.4316575065851,21.155337243373456,27.857905321022862,29.37122483311705,27.856029005482704,18.84099770348584,23.599927445615698,-16.86815397054424,21.445357639466984,27.311854089780525,24.829421846193384,18.018098542520114,21.881145673879665,27.03478698493397,24.405603625148387,-15.826381582123775,-16.98209811720102,-14.436391625313995,25.998769711916676,28.245661522040002,26.540220332930406,27.967422510897396,-10.857419286990886,27.83962290542318,26.411670160999538,24.405246016629928,19.723151265345376,22.807742381453387,18.590429618282258,29.21546325663275,27.267890318382342,28.978127787069948,-11.662000124471133,27.158655139886736,27.150006218778323,26.444765079283098,20.12152828178409,29.032686368979373,24.261868047722388,25.45882449292302,27.928887929592833,24.632856682102624,28.88376973498584,-10.114012558145491,22.296323995174188,26.31409913147661,27.045849944918697,23.054378597922625,12.298302335794018,28.912412402078477,27.493028989226268,-16.680244459421917,21.080604692990402,28.222059556470736,28.061105515374148
20.50064036605934,14.475833551417711,6.1449113544321134,20.86734023197641,18.853526944941407,25.77367286646059,13.898069191387616,12.723010717385861,21.057320898441606,23.4864665627664,-5.6193047054853755,16.156055436852654,17.745110208560213,21.496926795538954,26.373190682278402,-8.057587108197549,19.43017339445318,24.10875469776163,20.928756590495347,18.5005346329843,-11.627642344387823,19.4953786077955,25.878553322995458,19.430346259890197,-5.974043132005941,22.4969315510118,17.85329262616211,14.634133301193263,-4.806172312281838,22.256187683306656,23.280563493139667,14.183033421776887,-14.617534926666643,21.480185155200438,24.804374327130876,18.13162440167904,17.390156298036505,20.837865711941603,25.507962074784352,22.478404426544127,21.19123387279121,9.70906567142014,22.858897926231723,24.7429846661579,12.993238694903459,-5.993887292280578,17.999546114274683,18.496474676884738,13.247871214718433,26.01492002229018,19.290182982819736,21.143036594422927,-6.872945396385326,19.809607347227228,12.126874507669692,-6.782080680047847,16.094250296185326,25.406550376344743,20.65718124631468,-9.443381686228784,16.954559889515043,16.195519929095788,18.83912510360676,20.62751371286537,8.327016148717535,22.886792576295942,17.563294599136395,23.599122150972413,-3.059615870481765,21.515932541120257,20.25091041000708,21.33462423338292,20.7869280474845,17.175059464128815,20.95685294223682,24.606841514224318,16.762030316470163,26.104381502297095,23.454178646044763,-10.0404854274958,-3.9467984203354707,14.247445244067935,24.23755657752748,15.364409388360267,17.948214984762554,17.301353077428633,17.139748181913564,17.968652118766958,22.400653411412573,16.702121491052484,12.636063321099897,17.72563232514209,20.45210499795623,21.545923772024935,-8.116184295799775,14.301067560706914,19.356188285366112,-12.258529791367083,-1.9590054612383698,-6.942150768563974,19.76507188231135,-8.442929732139193,24.388520094146077,10.233901359816853,18.463735319887704,18.371240406093893,24.90368251882658,-12.704785952498902,22.765389286797035,19.80162888593785,19.78249832837374,-9.328359881165065,19.55802138429782,-9.671698235802985,-14.070305621344424,20.113027194752387,15.348904994697527,17.388511665996063,14.27194376282351,16.877531126895388,-12.69991885041292,19.868501271205858,20.634905383374115,22.01945280141478,19.938374231188657,21.617315049512612,-8.259620546876308,19.13277560534809,28.019463084008276,19.982943980055207,20.579529246657728,18.704636207871626,20.19362533043876,9.033970731605038,15.558258480998628,-10.21613142599329,18.495534515878926,16.788699011451996,25.9028629844923,20.729893111387618,18.725831938312837,19.185282605170137,-7.227081246392216,-8.407181471189672,24.35946678074004,19.76935632551678,17.294366651648126,22.292821107164347,24.305821981226476,23.08210200704094,14.667160772931446,20.078342697169358,-11.403285865829782,18.65726517900243,21.429777742834467,19.59932581496297,14.0005085489752,19.00286965605053,21.829915776782773,19.77753092530197,-10.823805543713053,-13.564297012360255,-9.43611994102067,21.804609695339163,23.640125788284987,21.80589048351593,22.23072771816431,-6.488238100736925,22.630316228185773,21.604319406778753,20.38901169951191,16.581803159491407,18.0194377214893,15.437965870263273,24.399574645202946,22.433885285042322,22.84899099158242,-7.314791482846271,22.33381137687255,22.933971077766778,20.855789440380242,16.483037932867457,23.956612774669317,20.98903965867187,21.797166430966403,22.50230119846455,19.154062596506932,24.028212855131528,-6.435340435280816,18.454542462966725,21.888271915212457,21.685590086581396,18.771591210192316,10.027085681684364,24.209124377301077,22.187642330676677,-11.076190633344028,18.45547333172356,22.81792895279562,22.77936566462854
21.27162466323232,15.256553216183127,6.3979314498165705,21.6466747231162,20.01944933301582,27.238171293865204,14.813602677691188,13.718087823322042,21.474689020410672,24.942392877324963,-6.380528956152434,16.992671096536146,19.151339978710904,22.66212128533988,28.030197430763533,-8.573376854344401,20.08972362331827,25.056159060549003,22.40501044281608,20.13693549322866,-12.904807995847404,20.97606359339485,27.156864450539103,19.566752020911974,-6.765030276899334,23.538722773401776,19.51228830428197,15.308320727698112,-5.350300701875388,24.02917303851402,24.82578988522911,15.213905416845968,-15.826785520863382,21.771915691090683,26.119465596858056,19.89316567054572,18.626933447018878,22.370198692367943,26.95256479618107,23.540058613853446,22.81703174631026,10.726426967725217,23.96625661412063,25.56165935258183,13.721346817096054,-6.645642196932828,19.359255974554806,19.70695158125484,13.63793688582028,26.94356715583877,20.137788467725247,22.31007808305504,-7.481715053357427,20.738769911872136,13.12386531556024,-7.56969734189419,17.64145234521939,26.142622779409837,21.91860769226641,-9.752359711715378,18.241501150124883,16.91125972704123,20.077561258773212,22.526099234093735,8.707083790328241,23.38740432648948,18.784123878321168,25.30496279316512,-3.6793122798839137,22.9349034397917,21.635902435456757,21.56070940367137,20.98486738335897,18.32522138142717,22.728864510672704,26.351639778178768,18.085599095463994,27.041872148106435,24.684216456706057,-10.59310873949874,-5.208153928027344,15.166089238196735,25.241064159068973,16.227032213990665,18.359260970628203,18.868838666235188,18.66369093300536,19.26057602450627,23.574743683532986,16.803341225356593,13.279174204778819,19.328966430123376,20.55557345010971,22.688333942654143,-8.962840859764727,15.397859898789935,21.324581842675745,-12.925379344637005,-2.5592270240016743,-8.092258167939395,21.260727249518983,-9.291472164621593,25.70189521398771,10.813794798192411,19.1980032621792,19.707749801075977,25.449366411101686,-13.761062195000886,23.873818279448653,20.381645997560305,21.25398134990949,-9.950852456425526,19.962967771982015,-10.76392343920864,-14.904737430440886,20.892531704827796,15.081846386347276,18.085100281396098,15.622129299063548,17.996955195066878,-13.667740914274194,21.44828336418734,21.707514293105536,23.63583285147537,21.741541961717537,22.090515860678035,-9.378014933765098,19.463226423333293,29.514659349311405,21.620190695680822,21.936627881064403,19.912301470334132,21.533608281934807,9.346970441366935,16.98038101608761,-11.119171344532509,19.812315821850905,18.40545206779129,27.51563862824321,21.833121488455326,20.331607254336284,20.486578959488575,-8.052685458831567,-9.141297222728149,25.407940108809477,21.64012845176847,18.51730603303221,23.724622602132474,25.59623284559223,24.160851374007606,15.660676290273834,21.653018524244974,-12.294063900857953,19.702912895203596,22.492552205287787,19.548155525248575,15.189566468601038,20.14370516053643,22.213358604569464,20.60404169953532,-11.532297230325666,-14.738740362876031,-10.176801099614503,22.247871434771028,24.161667825226218,22.05376028771447,23.817718565334147,-7.209772640630064,24.134392787875758,23.047440175174987,20.525538560328055,17.69050195993934,19.692966161094322,16.618506417341084,26.183188069067075,23.7106658498522,23.24488385492055,-8.409110510294662,24.08648042676028,23.786149474365704,22.173646433907617,17.791678399849847,25.50307665693617,22.464691285479617,23.17154072632514,23.262138631239782,20.26167031539984,25.50085600554191,-6.994853786714304,18.436683377952125,22.925483010359944,23.312011741077857,20.333991105314,11.005993031106836,25.886534575714794,23.05228509693593,-11.88480623971558,19.78801075246034,23.802548817303744,23.340264287127216
17.81982000010575,12.472917649908384,5.196907615426801,17.841607950919094,16.040034909279004,22.059244955338396,11.70608808872169,10.756240345692426,17.760145081439997,20.164244130110113,-4.036484527090456,14.415192037785506,14.675002968032013,18.0999386800545,22.40030912852872,-6.496360310939866,16.752579048673738,21.13781158929581,17.86633018016598,16.134714062848158,-9.489385440914843,16.59877430081909,22.16625812258985,16.42241308170986,-4.414749414144741,19.273386306724593,15.096629660516887,12.861153615282646,-3.8506944208402594,19.01385193373351,20.466750466421573,11.8333061473646,-11.843248895030955,17.935221922524015,21.83555839901705,15.156783720793163,14.517756819029886,17.698283890162315,21.515848010922994,19.109088799628893,18.463138699225656,8.214278663400895,19.380385404245942,21.080040980755882,11.1220150190559,-4.674434148102553,15.682082767437128,15.983210158992831,10.785456874826187,22.369545001360642,16.576165385263856,18.512212612328902,-5.506225929517181,16.459207329422853,10.41411308525243,-4.7467865473774005,13.7676462887315,21.973909024002236,17.461417203188084,-7.680129079517045,15.150134237967139,13.200016893956226,16.941250827504682,17.48300131051555,7.65393668288333,19.942871776651494,15.15899745187573,20.518660815049266,-1.5342716504698928,17.934400296925894,17.423605154340528,18.31109568350603,17.459551741528223,14.375051984614275,17.966019722832918,20.87080245018961,14.638082881726822,22.34785497143567,20.266431147739056,-8.16456774173008,-2.7779923333757313,12.492750567474191,20.840560646057604,12.759167719749945,14.910249299503509,14.965735130045449,14.592950746505977,15.10857705177326,19.65635013641089,13.653539693602257,11.07224170344337,15.106678724416115,17.428501052341474,18.559373278671195,-6.261724183158949,11.97995267217088,16.575826945589245,-9.580520800183207,-0.7591122590965265,-5.365832441946679,17.30403494028091,-6.446316370031131,21.04992012060831,8.183051385433341,15.513415280958215,15.288930139561359,21.43083706745566,-10.201483297178648,19.093220069307332,16.361764908024544,16.487788998554667,-7.31079740920206,16.46507677345108,-8.008879712829396,-11.543777932965869,17.26659367374999,12.452360661726495,14.549352963771167,12.915042119477333,13.561227067658127,-10.004268529450638,16.76022583515908,17.982155941104207,18.9028243427313,17.17579207483934,18.615195621236108,-6.6456884534415295,16.558126729437276,24.118423149356026,17.002744007397588,17.308138285796996,15.536456842739595,16.99971537033906,6.945358198718548,13.325468507780192,-9.070009611570391,16.093682522458217,14.456996761521168,22.331524654922,17.895997764563013,16.151736427078184,16.10550259440979,-5.453612883144346,-7.045680108316611,21.140729851478756,16.752157144194637,14.934954088018639,19.33201384907551,21.06445843164576,20.095283250348306,11.934185774851565,17.13506860116275,-8.976886366893227,16.457105066867573,18.564728374947606,16.470884154118707,11.554563132124839,16.60986689702646,18.632741605118895,16.795085444146977,-8.52589021456068,-11.819031300510957,-7.43895756789183,19.14253866699448,20.37928437327386,18.573329046817207,19.12476744351042,-4.572119942718498,19.331235802493453,18.833395254863117,17.654988376557416,14.160947384571712,15.220882621362492,14.118922617284321,21.151808410612322,19.600799058073147,19.34369231637269,-5.6684656163845375,19.486138500766664,19.480239952111276,17.43971638338575,14.646733210917262,20.740348558249693,18.5847156780246,18.811290915488264,19.274645294065785,16.493731369951846,20.858903078820777,-4.948818926150535,15.750012508346558,19.06364543610956,18.640932568752035,16.02021173790388,8.736849630649784,20.975427933270698,18.897992860213485,-8.64728649716556,16.186902678660115,20.029840018778227,19.42576052542753
20.052622257473754,14.292318149695264,6.0286625534826,20.540850186765446,19.21825701443064,25.449070180778644,14.131924760236064,12.762963850370577,20.564465852697733,23.543712232375928,-6.293015804125144,16.11602234465758,18.320985672268037,21.362074258894097,26.211424235352734,-8.183880289416953,18.72310897765464,23.633211719913298,20.890161741498446,18.690965734658562,-12.303487269685219,19.790392711707103,25.45066669327804,18.614641610064258,-6.509869222969926,22.403188237891953,18.400539035346924,14.267529509286106,-5.123382929926892,22.566240376654893,23.085388155801212,14.184030837137405,-14.995991980940534,20.644843696096164,24.342895847730198,18.770222742432917,17.39624872118101,21.03898946048295,25.48333781157165,22.00439744935955,21.283367694753622,10.280947883141945,22.420938735667566,24.08804996121654,12.972582916106097,-6.380092212381413,18.269230135962786,18.53852114935013,13.481572387416925,25.327102006625562,19.255743099429885,20.968277965682354,-7.0359509108611205,19.944398746337928,12.161579062470445,-7.434648300634818,16.465861786680215,24.67724036469365,20.91057354291169,-9.47634919892109,17.289727743220226,15.919213786399908,18.794857080017707,21.229078458834355,8.102719498956546,22.014196813139318,17.76089984514338,23.698888517717975,-3.8707604459816918,21.60737518612273,20.244278003176902,20.463919598138393,20.02514157950995,17.213364395862534,21.369893476286865,24.679030162611568,17.148200223432454,25.338427546973797,23.2142487090893,-10.239878585701183,-5.086402597877741,14.148168226252878,23.937620925745446,15.886154841093928,17.77298450701433,17.867323145880647,17.65560432929524,18.23952650831265,21.71655071035484,15.818679097411497,12.677516182452484,18.122806600492186,19.555166514905935,21.464301931637028,-8.809501008353847,14.543690244717745,19.954334937635377,-12.59894876617058,-2.8412917274309297,-7.891293309147079,20.032903444350584,-9.089387037446324,24.115027910098366,10.538524706921713,18.587115547420638,18.52276609330802,23.853892656959783,-13.342237640719748,22.781238752903423,19.443370014878223,20.226799907407294,-9.796058978341641,19.008657052805884,-10.133496815946327,-14.504403160696942,19.417806561361914,14.772767136514998,17.473975655221256,14.614605275731892,17.019374477314443,-13.303881929422957,20.116460851651578,20.59403409947858,22.22262145315824,20.411884711261635,21.006397965913397,-8.892079671007007,18.48291275769,27.654922137510262,20.455572671772046,20.680652272042106,18.848190219738495,20.028107741311242,9.12025083771323,15.936517224270792,-9.979172616244165,18.623225912728657,17.40988674116677,25.86464675046328,20.580264494563295,19.117713978240314,19.476897308622515,-7.913396639656631,-8.689901303823781,23.968656484389196,20.426264532466003,17.343753612812396,22.385932669026033,23.809390343091593,22.656659259192086,15.057893155240475,20.129266547693902,-11.833855497455835,18.533212754278484,21.28249398575916,18.88964985202602,14.277665420031473,18.661328031773078,21.104248934904337,19.4607138902604,-11.148267712324218,-13.696248737704597,-9.879952094296119,20.85939257720191,22.609067312041386,20.7653456820453,22.302436649845948,-7.108035655604974,22.60253517854937,21.58488181126889,19.328637582871444,16.329256978012694,18.507665189380152,15.554820440773591,24.28756545164643,22.333007556791976,22.26556981055245,-8.040632704619139,22.65780114146018,22.220585589972792,20.882495581001898,16.714428384273663,23.71383280112411,20.81604852902276,21.431271975207235,21.882904149237344,19.26992195960702,23.92041290357699,-6.763304234066135,17.564513114016,21.499237319944196,21.82395685425102,18.83259053393769,10.214990312584316,24.114521010774816,21.70532692475192,-11.556250767934564,18.260381850616646,22.435167307073655,22.035713945570002
22.043093186469466,15.563103825823525,6.223290085266137,22.52416938491476,20.196239560530238,27.498608897807028,15.162372763938539,13.518163982937402,22.762681163872905,25.074582835742422,-6.600573950369876,17.092491020780823,19.19797644831291,22.878956934891573,28.001569577994225,-9.061267734730567,20.59571414474726,25.66746688076883,22.033697511702908,19.722900080716517,-13.04428671582927,21.000694405598594,27.681290248567468,20.909172029248282,-7.095786764141553,24.202098164047523,19.24663199595339,15.19819773295543,-5.910660985841293,23.742664574284177,24.559612136172145,15.098908480102738,-16.191341106871054,23.04459748590338,26.267864305448608,19.363221955430795,18.103195507196055,22.098767062381032,27.198059826906164,23.608969966990344,22.395625658762786,10.382872232579365,24.243477675233773,26.563686953889636,14.088379854113324,-6.686734478800312,19.381825448384745,19.48309096486223,14.570427534452985,27.66027185860269,20.990646256956502,22.514893892904624,-7.667651381919842,21.365138658251873,12.490903069188617,-7.840670623826349,17.096110830696727,27.249929730592704,22.365437705823563,-10.43462706139848,18.200125733137188,17.151070340341313,20.0422022863047,22.07126710419899,8.909621262449567,24.561306924363265,18.824801072972548,25.054252765974486,-3.730254575914876,22.843418793720005,21.446333654359734,22.995948145123617,22.13383866312758,18.48004966251486,22.446896885589585,26.119379449968545,17.94187194552113,27.754961053874673,25.20133557040697,-11.372672033461939,-4.720046678808664,14.961683208370001,26.12132351671049,16.852599813238182,19.50340598709819,18.76985335882619,18.331541784462107,19.273731291586124,23.476717439900654,17.773234351987725,13.336380845820576,18.995316284662668,21.892471229163593,23.099708858430773,-9.505112666224814,14.94207341926402,20.74119888376388,-13.702513237067562,-2.9235534461781865,-8.122355544424199,21.267168879120998,-9.736788926331913,26.035204207011255,10.93822929669271,20.10115925807617,19.42793876956125,26.396823669456342,-14.344391254683403,24.41094257453352,21.307557304260754,21.254469072098367,-10.68062708014988,21.048433487313805,-10.652787566493974,-15.661045746356864,21.105731734517544,16.72646758048625,19.052210488348486,15.421169110590661,17.98983406769538,-14.171234782235016,21.105955017101966,22.333921006989264,23.664306093570605,21.321140304833925,23.353794772604164,-9.42762941966573,20.3912885274875,29.855087207649365,21.331596012153415,22.277020053663122,20.08751940247091,21.445263087794583,9.691304870594452,16.710996627116643,-10.856992948775083,19.737800145745297,18.203053423936563,27.625544574467412,22.30270345592946,20.008000241600417,20.630146587642734,-8.358946593639482,-9.750870326063405,26.03318526367531,21.341741690905476,18.419249945056283,23.95656500767617,25.819976652637457,24.526570440904084,15.716249607644537,21.00615108657133,-12.883956090260059,19.40851768055404,23.27391658482565,21.234781031325223,14.905807185442702,19.93941464568692,23.4645822176708,21.166813504469467,-12.126537303249805,-14.581027031754882,-10.794457941078583,23.263094034786988,25.151178618588204,23.30332766270884,23.81923642817245,-7.67953583789644,24.123858703318458,23.021573243546808,21.737187740694484,17.43245763343301,19.26000307346226,16.51743322549468,25.79083249925333,23.856483699217016,24.69220652990667,-8.417176709901547,23.618675285104587,24.121247348771682,22.231999297692408,17.598554024418263,25.485884184160877,21.967258465861217,22.822453510881243,24.120563002401198,20.75609005878393,25.49442996766633,-7.526946867287986,19.693612210665744,23.300621377157857,23.24034983075832,19.816723978788087,10.705259660190881,25.460857752474595,23.70416395519379,-12.584168655137873,19.21557009220312,24.538265787774186,24.403249935641558
23.392516200122607,16.691236465949004,6.610289346372302,24.39515819779033,21.912395232682567,29.496556803684516,17.166648786024815,15.18730090943443,24.65455619663935,27.270290521414093,-7.734190114536784,17.86687458355634,21.291388296893206,25.00249282160031,30.201852263768235,-10.14762314619118,21.95594204272358,27.066491627308956,23.851632524298374,21.303443747107973,-15.01418588892841,23.08245572354633,29.748457185093006,22.255874544262,-8.680621307781013,26.08178951614611,21.294339220574912,16.033711774078604,-6.812917104047513,25.41688751013483,26.160129349667983,16.519166803071585,-18.300655413928833,24.72138123133885,27.495810388213865,21.289178520749697,19.515079924193376,23.693159940126865,29.527383734447053,25.07878598899627,23.87812204379441,11.410477062233891,25.918829287467513,28.411647176176118,15.3043218846763,-7.577073020133628,20.86848245990235,21.07418033447618,16.45126797262327,29.252295055353905,22.781123660522233,23.922543144419286,-8.633482764065013,23.523819698246285,13.286951300291724,-9.489519658357457,18.89633585896767,28.900615345446155,24.506201408980502,-11.647339405663628,19.445880552593213,18.71013948035569,20.828400800999308,23.89891157766052,9.348948644804848,25.756532960930095,20.08195206771436,26.73183969149539,-4.854112262929817,24.832392732628843,23.38680408884972,24.220175923918493,23.510441068817,20.51716500685701,24.477308848099458,28.50673808384946,19.2308719701526,29.54452748071195,27.177743673194477,-12.825016534912834,-5.998800639514865,15.60940595979356,28.02255337986293,18.96143249387857,21.34648993493494,20.72216291402704,19.948857635363545,21.074836309736856,24.668690608964468,19.083382815972044,14.466154581429594,20.803652727520056,23.166814680347343,24.763559270005814,-11.197735017992317,16.265631158092862,22.946744722984032,-15.892772581160271,-4.095317716575833,-9.486816323175933,23.26313280861586,-11.62859353799269,27.799185074000192,12.34571778756225,22.175566749598435,21.271021166687078,27.710828601817465,-16.55407004761686,26.709622691292722,23.188841411130056,23.53404547348143,-12.390737597892786,22.645895313363578,-12.094710275019596,-17.782473898871554,22.187581430696582,18.102923949004037,20.91613282170972,16.806909763834447,19.91868950846858,-16.50337587926832,22.703328578210535,23.729655144519096,25.502364690351786,23.210640889729312,24.737471442566736,-11.039126252145836,21.48981133185746,32.09937248962546,22.999133312687707,24.472736331869413,22.29162621508124,23.260436995809442,10.898233899301664,18.154941132430384,-11.49617547996901,21.603307244034838,20.34835868452662,29.793378797943326,23.83291655251426,21.712689801658218,22.853862564626546,-10.103591673465102,-10.896158301328652,27.567463925552513,23.45180950604859,19.709262260145287,25.798667744915686,27.599917580441485,25.98106396382971,17.238229706613545,22.317989011960528,-14.910300276821403,20.459847745755134,25.028696308636547,22.686394279963917,16.769487929565187,20.746257048866028,24.976617870536725,22.636768757122574,-14.050677248202625,-15.778507847507548,-12.517453469870004,24.25535223535338,26.443890550044518,24.64302534058128,26.035710269727193,-9.227266712168749,25.94600460449243,24.736533850605745,22.666601100912604,18.825085189265316,21.149497465251585,17.141125807485505,27.52315991235167,25.356974087983545,26.56326306009612,-10.140890354844702,25.319275313356975,25.663528225928864,24.527130418568408,18.704366435996835,27.23078578890665,23.021916030064762,24.20418578175394,25.865565626674364,22.388705089157014,26.89693448702794,-8.679969452254127,20.675823066187434,24.649556379553847,25.14216077192299,21.648530015034495,11.465189914314543,27.32140010125172,25.48096802999287,-14.645006565050588,20.13272569607853,26.017783505752817,26.03741536976275
18.100084115559238,12.676122451980023,5.752889783373695,18.39774521484211,16.6103587839414,22.685088302191392,12.092702272869206,11.242428830759605,18.509278384543613,20.699779496949454,-4.420537141157208,14.357760458518388,15.314378014605808,19.01474869843793,23.43175417316814,-6.709484729193226,17.258440303769234,21.288013615948316,18.532256616172706,16.13729912596549,-9.641827551885353,17.006576702538357,22.798613211331393,17.160163370252413,-4.705176332377334,19.7786665992965,15.379484132693564,13.269131240289182,-3.5284145653718104,19.558777533254517,20.767985406237973,12.342401252107049,-12.42865491124156,19.07327312848427,21.99094300760081,15.845511128165539,15.563902164803975,18.329720935172762,22.59838763580624,20.064019127810784,18.653185111915693,8.464430929255228,20.186263938167084,21.807451273736465,11.3041193812779,-5.028230437335762,15.636992004725922,16.495459351514757,11.544527643043143,23.195221171776783,16.910640325318784,18.74077034913177,-5.6747049833475245,17.327564428183134,10.918482909744275,-5.4032334120638525,13.873007964405337,22.41596471377434,17.918857501654372,-8.13694363786983,14.87023197891142,14.451425267914814,16.544976077415537,17.994324831137046,7.297058372454107,20.168847354511502,15.483032218401032,20.88508791887346,-2.3407682128303278,19.11180498114715,17.953232093060798,18.847279096779946,18.56229552828719,14.820559827649557,18.31931094927549,21.752488567815178,14.613468328970699,23.160187895786027,20.625864873647743,-8.404014975905076,-2.845688475396698,12.661862800483373,21.24399107192371,13.342509620435177,15.647529655095006,14.985674171187586,14.934346157774076,15.555373937717878,19.99168630934369,14.97513064565173,11.346267677379718,15.385310905312277,18.234467324550003,18.93280155641841,-6.508444535136708,12.72869113443222,16.865519868270663,-10.491865199856187,-0.9944423137320415,-5.35505548700858,17.24783199267084,-6.744577449416375,21.480530324487884,9.072651731291536,16.083622701956376,16.2854739855866,22.25092294853327,-10.615266114139391,20.166744975440302,17.37429704922629,17.25470243218021,-7.805419176710605,17.160760900461888,-8.124634110581043,-11.98926520942464,18.009157346488305,13.58934574536127,15.060022342126148,12.332925633944805,14.962045720173547,-10.746170883602588,17.514811822103127,18.010897986136843,19.25981641379191,17.39726572153059,19.011950681698742,-6.689868896681895,16.98706875667757,24.77509867963789,17.570270984269627,17.911733740746037,16.35701553036869,17.71299702584437,8.10524126887725,13.609857589156473,-8.79383822260018,16.33405085691602,14.595814989974796,22.768082933208184,18.201889908448926,16.40368867375596,16.745112247445217,-6.030659100692066,-6.709905089081577,21.560039967029795,17.18161567658836,15.289519309817369,19.55752208121728,21.47699637380111,20.42701547337238,12.896965410094078,17.866829093738065,-9.458990759715151,16.769203275690966,18.731756280146897,17.331499294725006,12.222987414998125,16.956758761244586,19.277020727572992,17.517313490087602,-9.112216682937891,-11.773057808749652,-7.574230481403496,19.339342194813657,21.07320472157138,19.36238204350116,19.56535289266221,-5.0412731321803905,19.94684027942551,19.085646304858244,18.158737857768514,14.878789477332868,15.867833513924507,13.48554786856333,21.65612876755276,19.8058626512406,20.1400561926313,-5.82456996882226,19.75484020106304,20.491696649537964,18.363629897742896,14.422918060880233,21.15159670895597,18.613868692445816,19.435954647834084,19.95258147006989,16.63009932499284,21.24630368316447,-5.13640783484825,16.519631947888822,19.452755103286023,19.03292045978736,16.502042376692657,8.671436919182225,21.607925070464837,19.55859123321601,-9.141034041799827,16.400199719771273,20.022856182238176,20.184953652815146
17.080962278379705,12.232694628604815,5.256610718811497,17.34333062212027,16.10130137540231,21.441643988083182,11.598470194653862,10.598047547345539,16.772709429945532,19.90025613755056,-4.231046950126482,13.828313179230907,14.783335118344596,17.846284262719124,22.12019298776061,-5.913794575964814,15.905198586465314,20.27590180240602,17.7232789460777,16.046974118248983,-9.557176569459674,16.491022172888027,21.45540345783645,15.38974783893415,-4.442305252950217,18.628288803313108,15.266815811143816,12.559687166267006,-3.566095449013798,18.777017082052044,20.163230643197274,11.514163225196397,-11.713333359206446,17.085814340080447,21.040644213805557,15.47486670945321,14.666645096879865,17.449951758614553,21.242100028170405,18.516140945655728,17.95979189448915,8.345980034272076,18.75634478552684,20.073693727200844,10.788046948992905,-4.614887481217205,15.36096538113298,16.07660128746566,10.632640662803148,21.497127623388867,15.883048121292033,18.049811028298127,-5.433181203592083,16.32945906452584,10.494353499472188,-4.8863414675080605,14.057967415477519,20.838582545850787,17.128099991116947,-7.309495791789459,14.901893148690196,12.987922581576532,16.43611031084226,17.63104776799648,7.197319066508861,18.698539680524437,14.898684698810355,20.14323703164503,-1.9859407282463486,17.91720839303492,17.237904626572472,17.00012618271131,16.537107358923958,14.238740096910208,18.08528220860485,20.82993768462718,14.67564101732792,21.294071268433946,19.519036341599087,-7.725570958384317,-3.318802624181107,12.278418528520426,20.09707403273209,12.692982556933588,14.27886584218861,14.884448316681528,14.621879312533306,15.11257561893101,18.987209146232555,12.907251447710783,10.755822445283332,15.177623071282023,16.532042696138653,18.175752980580874,-6.2923918434156745,12.145332509499818,16.81665316792064,-9.570308989057015,-1.0213160062066597,-5.3805606720983965,16.786105146285642,-6.434798042616444,20.397371348261803,8.503505990410426,15.058308561591717,15.412962123130196,20.246517085413416,-10.014895447138667,18.78798627140127,15.676968959376248,16.652783650005265,-7.10524359056247,15.551627719052838,-7.844309071759146,-11.272018436096321,16.34182593389952,11.54551931617796,14.104031302848913,12.472564038061165,13.547480143711905,-10.095230321738809,16.623949292196258,17.21707439943112,18.588657499056307,17.17604335205489,17.39021048106785,-6.815197605731089,15.425600353791863,23.420440322861424,16.998367684550427,16.896936550116475,15.497202210823406,16.83799746487662,6.902082319023204,13.558302252999946,-8.854177761526161,15.8979190855934,14.466885746375212,21.932202921713927,17.29914776817432,16.020502291042185,16.056113672189504,-5.740437771483173,-6.545416288159512,20.291717557433497,16.74307614794904,14.69744561818178,18.69174036758414,20.17817792226299,19.584159405255008,12.223313040774556,17.228535740270143,-8.884130751542468,16.29075806146307,17.686351713548525,15.422394740519701,11.832203926227542,16.177129264654198,17.48477437021184,15.977448782401309,-8.295542502100151,-11.665796932216043,-7.246570037968505,17.865453039379183,19.20396927952425,17.48351822573883,18.725757220848507,-4.681057104618213,18.94185016634542,18.393363546194823,16.32370790886294,13.790381853543902,15.467532486518587,13.700277175450207,20.79381634831037,19.161790525209177,18.274143516923893,-6.011561442963529,19.480097046193002,18.703809906275794,17.446059099708666,14.533836240425474,20.112950800255305,18.350158272185812,18.41395786692757,18.466446075289273,16.144479111687883,20.390172481348227,-4.861383662195172,14.625677422500477,18.168008353678832,18.311174496307235,16.30327774964138,8.533878623998511,21.01457796107087,18.42049689040068,-8.476074919999418,15.949554667650524,19.047773663292745,18.423080504644822
24.405516427681906,17.241522561975987,6.9833620180532385,25.01956170584039,22.893641022049387,30.348465475355546,17.446519436429853,15.365923692001378,25.49549493352072,28.018136564156958,-8.097633671565402,18.13914819623562,22.223627779662323,25.674622398162505,31.009397362613274,-10.377598459512708,22.82501259364023,28.444177214129077,24.73668631918427,21.94517944425327,-15.35345736566614,23.757354580769338,30.83048393880795,23.220035636198165,-8.789633304028012,26.642420631387463,21.99460314643423,16.320707399233527,-6.913300700143355,26.233000686854005,26.754202672405285,17.123454525705263,-18.80931599488432,26.006602094895843,28.269732447876518,22.268925173983703,20.137448636584416,24.69696911253677,30.276601054609156,26.022826425032,24.641573324616065,11.919181452329799,26.6822152806414,29.45797466096568,15.817614013906786,-7.775866179990743,21.977630071478472,21.65993227884059,17.150868864996145,30.270001048743914,23.151061634303897,24.330906028202257,-8.947580244868147,24.623212248251114,13.883011902386112,-10.288128147509942,19.50823374860933,30.1327428801812,25.39002206513304,-12.22684560812988,19.78199496092579,19.23025899983387,21.520117023322797,24.759606151921446,9.605669325783921,26.996988016984098,20.441232590713483,27.216836761692395,-5.538419986243388,25.28641048491119,23.953183888914214,25.41520947057373,24.724580285721455,20.971195327689585,25.145473952288675,29.288535229282367,19.805281297519585,30.49265777915079,28.06936324679759,-13.366432824861274,-6.6059179146558655,16.541596037930923,29.305475132021645,19.460090159598888,22.381523939627474,21.44297313918259,20.7325809908702,21.865403326382012,25.50702062236771,19.822986191662654,14.902805142443624,21.65020098704315,24.200390918749093,25.886915987335083,-11.500986538243058,17.229574078627916,23.40408570361893,-16.440084870140325,-4.521760150795467,-10.130867453407221,23.807618706640437,-12.004946220447282,28.934431883266303,12.703963808562543,22.94704577542308,22.2184651076926,28.899878277151945,-17.03146250764757,27.343074166113762,24.096468706868777,24.441105926570064,-12.680398561845795,23.823228568300927,-12.47122975568879,-18.305985166053944,23.06594591756293,18.98399513238765,21.735424189994337,16.896263377267427,20.428023812412583,-17.03921887513885,23.439335194412347,24.85776710989957,25.980263384498315,24.042190483512755,25.736024433106543,-11.248312715001765,22.16768606164919,32.986044096534165,23.86672259542144,25.24152559126829,23.18063332653217,23.933163939449802,11.544820621861266,18.785744850464624,-11.635879040128614,21.977978103277042,20.709306153151967,30.848906850302566,25.093552773986033,22.51448631644989,23.586956677958593,-10.310429420189752,-11.09320764530635,28.261776871095723,24.216405870976427,20.487180643794304,26.244562217146484,28.499584181178328,27.32703439896886,17.945669302171527,23.153855430076447,-15.182699972413646,20.83287738737174,25.965291857482363,23.82520858349297,17.358315215453157,21.215906615853864,26.22545082308355,23.850365942861785,-14.539722113117811,-16.06102302873444,-13.015526566485404,25.370603907494857,27.615307798993783,26.018549249528427,26.27052463312272,-9.487788401575685,26.46067314248538,25.528761277280527,23.934366009812205,19.17066938194232,21.8504803115595,17.816500954626648,28.03163631585482,26.295960857993286,27.686152342646213,-10.386584311085834,25.993146470472997,26.695064497859182,25.437997302585256,19.43150955502572,27.89695260529592,23.98837184635239,24.9811641932291,26.815995147207296,23.56647669632668,27.68998741958953,-8.944034181669764,21.863830809242423,25.185378970571012,25.794171289849714,22.069340591961375,12.072485159019722,28.252245309999513,26.74402760257526,-15.11301641685816,20.780762373511333,26.78565598085454,27.366031788938724
23.386565637203297,16.87452705489589,6.738179753417219,24.182182207353495,22.53004235609611,29.78355716463313,16.840489188888267,14.942710722639557,24.143276976140022,27.5127503367469,-8.29460916371455,18.355696460150472,21.876439806864127,24.95179821268634,30.524444674639412,-10.16848852074622,21.661017598638733,27.30067212713218,24.17197971544462,21.845961547739332,-15.405455518008225,23.252395856202746,29.72751536405048,21.904940452409317,-8.647956317120856,26.217305637631306,21.8986459884503,16.088396821802462,-7.077787977747918,26.438307195845795,26.531531719407194,16.668252997824688,-18.490543325854315,24.228346702639325,28.047640723175903,22.135510173248697,20.06626263627764,24.580209259381586,29.875400425606472,25.291707068453835,24.582633163502432,12.069306065777146,26.115987595540048,28.250866629922136,15.516613774231507,-7.923127901971287,21.42574633382163,21.43232255996476,16.136020771386406,29.370803221258836,22.66929773401588,24.3571020620609,-9.046717438551553,23.560131216611556,13.88310558735985,-9.703139782833748,19.405095542790253,28.741928479593785,24.766935873097733,-11.566710544289919,20.02073387426044,18.716000766697775,21.668901356652125,25.012596296122926,9.155296750415362,25.576271784762184,20.822376946906342,27.460492165592598,-5.331968580475863,25.315929093836754,23.407533649729913,23.842069140226204,23.278044314756514,20.55844042065392,25.177601824413493,28.811900305538767,20.0185435075682,29.40209917540782,26.981024036926048,-12.750879007668342,-6.896058988253815,16.29819147266871,28.07317100327714,18.905768239468692,20.99849324734297,21.125522155383326,20.896550276496363,21.528469416935916,24.892943275924534,18.5278982185124,14.413178747486937,21.417575147090957,22.741043724442815,25.037971913592745,-11.494834698953765,16.68907478340718,23.546640447033113,-15.599280058576744,-4.485515986644055,-10.290048597418863,23.397869803073526,-11.785429437627544,28.183820521450954,12.59147982795328,21.97635792245133,21.629025771897084,27.40872306047112,-16.6126699902575,26.676667534363276,23.034421195516863,23.955979941386552,-12.274244153390558,22.37848605771207,-12.478135704812695,-17.678914367709144,22.27420108482865,17.457844789569847,20.969100396569527,17.090057805403948,20.205304342537545,-16.452034874992215,23.62884511305556,24.096199952039104,26.155401613765264,23.954103749989674,24.479759440483157,-11.324683127319382,21.32075410052025,32.20106324503999,23.934210517530044,24.550998732109406,22.325136795671714,23.51930878144543,10.83328582472532,18.80155677848755,-11.863166211542767,21.698616990958982,20.63224050221635,30.19984360869697,24.070143780012597,22.47635259700006,22.96196550958311,-10.078777279097737,-11.193888908234877,27.83008210591981,24.076287690282363,20.196099783214073,26.13650573652711,27.606971142440187,26.219120764475775,17.741260389029687,23.244326824551276,-14.89273067459092,20.9621850272258,25.03224221736894,22.125549830047664,16.92173847610353,21.444921230459183,24.58517180608759,22.67651790861079,-13.9214181418889,-16.19513143238628,-12.641986690741863,24.03148817642336,26.07984562531777,24.166596330794523,26.13420755527241,-9.539188747212885,26.327784903036143,24.91167839417998,22.34160640751704,18.815036279054564,21.649414379405574,17.937318194670468,28.113708549797447,25.86211123505371,26.151150803872852,-10.458787003300326,26.18803134575056,25.608131680777323,24.564183996039226,19.329153653158166,27.51461960134237,23.79130946968716,24.578450173799176,25.585184411543146,22.817008926016396,27.738606583062168,-8.857836120163979,20.267087599586443,24.785691346817195,25.582537942797845,22.032201730293636,12.056120732680615,27.68660837411461,25.34711023813574,-14.596769933011544,20.931790326332965,26.114452425342623,25.676001060326552
20.444360947235275,14.2985976066006,6.2234067745837,20.483041582598112,18.69602492951209,25.42223011701962,13.491758999355161,12.447071496692026,20.645549592763142,23.090173017587016,-5.399613740210888,15.868455176398628,17.45251825336344,21.108430779155448,26.107194832587208,-7.795456231666682,19.312403119723726,24.00597435265784,20.714505597592865,18.247098082226845,-11.172005346144035,19.19262309605367,25.62395520294664,19.175046898847274,-5.637493760169761,22.03750504337413,17.494420720246566,14.457836321655332,-4.424396750410915,22.080223608990675,23.058141910789416,13.95388355948225,-14.241350226369681,21.371494781358567,24.56300504013658,18.034301133644355,17.24750176775298,20.695134636006237,25.10290841339834,22.32854323797322,21.007695661894356,9.71756525917159,22.53197635234463,24.461022739158206,12.770041987010599,-5.8422404562949355,17.95737876157551,18.220740197715624,12.943040126174484,25.82723911485449,18.868137138247274,20.8066053288888,-6.720942345558209,19.517914584985917,12.14868483468333,-6.679641858380191,15.724286301410347,25.173011476576608,20.296707041044,-9.237523882741748,16.691789194182487,15.915120478745804,18.70051214441652,20.455419222092644,8.220753545132347,22.77507028164689,17.320340836625167,23.288746104177562,-3.131756782289667,21.146626862227155,19.963066370191576,21.249367683851638,20.65738330123535,16.632976853203832,20.630051458998985,24.264338866834578,16.50749264419514,25.78520949914555,23.194460567303402,-9.80585714623257,-3.928745496562777,14.340187028542179,24.03970866687685,14.948965223298154,17.628646813525346,17.08342210129098,16.961054824391695,17.620212175210245,22.30220978120785,16.518122388143624,12.486184225978574,17.50445645178288,20.265322993020547,21.37862014238986,-7.70913517968962,14.35618233481063,19.001200205160494,-11.901390304204003,-1.7687244646886682,-6.792444491727707,19.405396847763175,-7.989352655989095,24.22945201641824,9.96707974242423,18.068365663621602,18.27251648011595,24.81721846194054,-12.266716166284166,22.352742630149326,19.430472797062574,19.45566669183519,-8.967936151562165,19.3473291858468,-9.393885055931893,-13.667485676766356,20.054209122722177,15.118964889971197,17.04008197001112,13.929842509305537,16.622846385521974,-12.28101884663579,19.72541144661457,20.5803730309975,21.62905335602687,19.731813545602808,21.40974650765393,-7.91348920745244,18.88928493119525,27.656153488478495,19.894869501548975,20.239355158720414,18.41825253852895,19.846115163531895,9.044046303375382,15.45249728639738,-9.923954004299784,18.142390429601566,16.46867100661913,25.59485200989415,20.759454145352716,18.541848862942352,18.810613650174343,-6.93527150882635,-7.99879110545502,24.05006651622521,19.571886728555796,17.245912289391825,21.87164909505504,24.07137996521735,23.08596591646491,14.521447470629846,20.00496842350205,-10.860775416607622,18.350904517409624,21.25859827354674,19.401947807844895,13.707536324047663,18.80349603468677,21.695671479736138,19.824470372960338,-10.4295897675806,-13.227422218127028,-8.982369485723659,21.74084307468906,23.592904710706865,21.779032127816144,21.74509506044903,-6.082335871397432,22.273621133264356,21.418632549201774,20.41054337718973,16.434712277922493,17.92282830305269,15.408818273651088,24.11105529108977,22.280299172681215,22.546457381296328,-6.950203059541704,22.070271002885374,22.77306408546938,20.567477778058308,16.36264852864885,23.709189793390465,20.934881901833304,21.65334252176979,22.2748121891131,19.036741867685183,23.805528194844754,-6.055158803101653,18.438785721597302,21.638426367457665,21.432373823550545,18.35280102743037,9.982152599327351,24.079808684030784,22.016203091504714,-10.619979258237134,18.288949731102804,22.52608051225441,22.709637628491276
23.78885530677664,16.902355515819778,6.748883126058763,24.71628256404141,22.143338838439156,29.92799366542983,17.391452352748203,15.456418685458372,24.944433561188607,27.73664424792482,-7.463468039788969,18.574562406534888,21.387838531325826,25.21678901077035,30.513061482591766,-10.212479006345026,22.388209764190083,27.767591041853237,24.262603026625666,21.842238053191284,-14.989614950951827,23.455995602414614,30.171912217460438,22.53142188995116,-8.365235056658982,26.58160175246517,21.578253191636907,16.568069003118513,-6.812950321879477,25.804111751505122,26.808921585019675,16.827785649809325,-18.117754889913105,24.738635548260188,28.287192528201135,21.375039491868616,19.613315364927313,24.060160114189785,29.791798638600998,25.427362184202483,24.585017347877965,11.54074476765886,26.303868615395384,28.781908554721177,15.479155826975198,-7.454705170966672,21.418404531879737,21.459944563863456,16.351385739444357,29.72113198598136,23.185433424824915,24.55333274656496,-8.657533088478162,23.511785200138796,13.543166618395603,-9.015928065013005,19.328988365618233,29.453164825394136,24.714805500783072,-11.5941599091863,20.20605207054741,18.62438400493459,21.589057083368168,24.147770427852127,9.930589786616885,26.354026563057868,20.551642592186692,27.464968251704857,-4.192759605488066,24.9398081616453,23.851857202608556,24.5752437248231,23.719950680900748,20.83186748732667,24.90377478664971,28.83244849248048,19.7464635019442,30.033953678392937,27.72205662851535,-12.72732693808252,-5.710611437958441,15.974895157103818,28.445547852212762,19.019351272045512,21.476484872316618,21.128651940873553,20.23351111072354,21.45963520565289,25.30581292004537,18.98694854112316,14.959084199460106,21.041061595147013,23.45070550369603,25.124823596688657,-10.945529394207993,16.393482253404514,23.354832516206777,-15.53456688899207,-3.6374746594328817,-9.343485570942372,23.97442890315789,-11.47749608720745,28.33343779039179,12.229935891907822,22.36522129942688,21.239235593080387,28.191686550997414,-16.522921980992205,26.879718246664506,23.20737568122758,23.54757733138648,-12.189368586292987,22.882472866719755,-12.242798169762791,-17.788112252886854,22.63112592834374,17.968307539454983,21.004733827941187,17.57928968726805,19.697478273497058,-16.291290679056853,22.93839506140903,24.223806505917324,25.967617469975046,23.668931522805206,25.22948235323537,-10.973375405969094,22.077165655211942,32.69550205494996,23.26641054638422,24.6590701502416,22.357817256803063,23.585328643612787,10.672754394334707,18.43412245233616,-11.969341404109716,22.1400277033525,20.725391289480925,30.33681292829078,24.186680434372615,22.218692435515656,22.98380186759533,-9.813727344609836,-11.091923514189173,28.21927619325214,23.66471407541291,20.044172751249242,26.421278264274974,28.22028635897477,26.46871548459172,17.09506087939998,22.641902644614436,-14.76605231347647,21.117607335035526,25.479232981175677,22.818993949716837,16.779018573308615,21.27260421200232,25.33334501340401,22.81637363197823,-13.848433183676383,-16.237907576670633,-12.440800020252981,24.909693253902173,26.888085467408686,24.89583030548898,26.536814253737266,-8.872694713613061,26.432809621803244,25.353563686369764,23.143265768221365,19.128380738205134,21.293406266018582,17.9502882637878,28.149442115570746,26.034316792006894,26.83619711632668,-10.015111304434193,26.000831409430617,26.0022432409597,24.68211039047913,19.461173672711727,27.817338981912226,23.752797014970078,24.753142458284767,26.222556196363122,22.75646447147812,27.57142246219081,-8.55102789451691,20.992844599123472,25.35853862640495,25.522940795943022,22.082919309542632,11.704670276664329,27.80007957304684,25.743549725791055,-14.432865631140308,20.646440097248576,26.76611506401657,26.347565945653994
22.29471899959599,16.03738525153872,6.3999142424351065,22.688785035628957,20.729122576786864,28.140074873610416,15.36571902013832,13.847691064422968,22.41731620864011,25.729285334018982,-6.816171260628091,17.614408076632685,19.778934523153506,23.21298044048193,28.782446306647,-8.96907213272382,20.693392113598552,26.015825316433077,22.732968332651772,20.64434613787953,-13.50279088228102,21.59168004364378,28.13459737312613,20.53743505079707,-7.215312918488506,24.50618266272945,20.12388336294773,15.570794039052183,-6.03885505541671,24.741411239001916,25.513950920012455,15.486574108325069,-16.446092814546567,22.727400179756913,27.05742513511855,20.2807487355187,18.81723677517464,22.90623026499964,27.76399168033564,24.013760428070157,23.325428008287446,10.988379665164143,24.663137747658006,26.673181994882743,14.39022140022827,-6.929910275702384,20.031265900260745,20.1344080151688,14.267120733528449,27.97591754642374,21.112824475021828,23.22974646377376,-7.901241741051285,21.487464761041796,13.115653211025379,-7.843490078798666,18.082158539722144,27.30073586746746,22.747412926799385,-10.134365368305417,18.990679925204752,17.342912539843276,20.94856639893653,23.191647657864046,9.112737952163522,24.53777351485256,19.509078592772877,26.05067297816441,-3.766895993506577,23.513323675300736,22.074458277954026,22.659202829320236,21.748645436891035,18.94002323891153,23.48310319055027,26.923524534359206,18.821450685863137,27.94049746777889,25.4987780483008,-11.212304378769092,-5.324638179086415,15.522454093387877,26.362496983013475,16.886084816655085,19.115413218166935,19.499620518635748,19.130709243955643,19.85799851588889,24.19132151741825,17.36987304268051,13.411116577857742,19.78445014748222,21.556619820635092,23.58503295959053,-9.639589821494495,15.49453875601485,21.850837098682746,-13.45434393419926,-2.9335477574270308,-8.529729785706023,21.88943609295495,-9.764139433698123,26.646455867748912,11.080618994355143,20.006969871152176,20.01120142194328,26.346943238287047,-14.416703359200923,24.64118997407363,21.090282614199158,21.83861018474257,-10.474900838634213,20.743159147682054,-11.099086619535157,-15.576118628061527,21.312141391497992,15.866437026165237,19.02381588224612,16.157021462935543,18.33046782775477,-14.192082245637012,21.99190860291038,22.728834540307936,24.522645008679643,22.319847754375576,23.173048425398857,-9.875211662373026,20.247842025808293,30.4787303352125,22.2557009909375,22.72187648358973,20.513942000105907,22.147136559137014,9.444826104147353,17.578920595215223,-11.551048752070486,20.411961155889124,18.940452174283568,28.397943909986722,22.699603702142372,20.872553246026346,21.027344742326033,-8.409117939821465,-9.912936355034187,26.454490327016416,22.19450638500074,19.011732236575696,24.568154308047657,26.29892647077155,25.04992581554953,16.16155957723995,22.062452095651313,-12.910262450857045,20.157029790333986,23.523406384435745,20.58008751995285,15.432341922979306,20.741793453768715,23.201737651154357,21.24907226707892,-12.04326909351557,-15.220067419097838,-10.747109072452824,23.26284114310282,25.1167233124253,23.01027839165367,24.527331995450524,-7.730259374714665,24.872907254926574,23.665294970732578,21.4422072039131,17.93869576872812,20.1235959354557,17.393827017744545,26.884866453162953,24.601457183316715,24.323278238083077,-8.880790899237523,24.7567728855386,24.282498948078988,22.687961025938087,18.487472970081562,26.25539780081219,23.045855860408665,23.606412969482083,24.243958184181082,21.17647688499791,26.393765839385175,-7.535032248599481,19.18763221446606,23.707478825918894,24.09836716012182,20.85812708416254,11.211287196270842,26.475642108870353,23.89055364002017,-12.473334375814849,20.158306447664234,24.890760644469204,24.257327832937836
21.2819247355158,15.194398947199144,6.022295968918431,22.057385215096417,20.061513570551497,26.682725452242167,15.245882561847566,13.281556288315318,22.24431616180348,24.65320475060457,-6.844848574393701,16.48977504327175,19.223031600564813,22.505741207788795,27.3288080744076,-8.962757064197351,19.762495393514865,24.732940698994174,21.52624973779978,19.178551967980702,-13.255219230910443,20.711291254260647,26.893558982146917,20.184488387891957,-7.46322099656085,23.749452290638118,19.20778800993163,14.592952226813853,-5.9654075799454205,23.192199826964174,23.752136059974813,14.752176623616077,-16.132099617116584,22.356090037105886,25.20942700904905,19.20870357029737,17.79452356125423,21.55347861842408,26.69115426592539,22.76453244365704,21.647874275789842,10.326667217753576,23.479148118326595,25.73198008556693,13.77973769612355,-6.691956280041201,18.88104471096525,19.00427761712384,14.772414531173979,26.624307832980687,20.593472325153176,21.865797988526054,-7.7334524500763235,21.254153888835535,12.011993316036317,-8.19163743241707,17.117906851044804,26.289056084528337,22.173872743092726,-10.357635790303407,17.86535958996062,16.735768402729374,19.31964668242382,21.84391954119907,8.458016717679145,23.518120716885196,18.357688228329483,24.395973250966993,-4.156705543729864,22.520062845862707,20.976963882351825,22.03998641306603,21.355361136523754,18.32935200013514,22.184440003653854,25.673544463748133,17.828587888687156,26.750998364999223,24.458908758279446,-11.302383498981492,-5.187021953590905,14.229340222485265,25.472926971604345,17.060347678288526,19.25342791931901,18.558700072341757,18.109271940945337,19.070154530319908,22.434321134085362,17.057082759096552,12.946645283843743,18.701311410247136,21.115367539817257,22.564661200174655,-9.884981853349313,14.737059406855558,20.5913852731347,-13.89807102757102,-3.5028971134534785,-8.408118287937175,20.87483712005396,-10.067438141605228,25.2021919529322,11.073642775788276,20.028619906518667,19.119828072373153,25.199893499599824,-14.563480903308943,24.120950310996818,20.82195287532783,21.211441649106085,-10.864745724323349,20.412199670861774,-10.698520901192753,-15.770837610891094,20.041180221430153,16.360974445932015,18.868469763451987,15.150444805666798,17.78733783912693,-14.491789593392067,20.611645262689546,21.660027217581117,23.219338797740253,21.003116225695017,22.491471476146724,-9.695982871331678,19.683975388521,29.070405308394147,20.978856976362874,21.955754085635327,19.955219600509754,21.021942130355544,9.630546958498083,16.50652913792077,-10.365555976406654,19.420492612866205,18.153625063169343,27.00836462403807,21.614653453007712,19.644157425865803,20.547937610676186,-8.779442306468184,-9.65416873115235,25.21739548493717,21.104331812385443,17.80848661001007,23.424000703803937,24.877890709524806,23.706818728074023,15.809190170435373,20.512364090602105,-13.099047270623169,18.842992311379373,22.58862422946089,20.63483454116675,14.930135484432626,19.106798350326336,22.678611253896374,20.368119376814995,-12.33471803460198,-14.15282269346075,-10.995688758501293,22.13626901044662,24.029370883709618,22.345255533460662,23.363346904132104,-8.082049925309752,23.541563193386608,22.41675833097331,20.66043851240167,16.81404258039231,19.038825925478406,15.87025726652005,25.004962361497423,23.272897801485485,24.03057502610964,-8.826262773381332,23.21676569967452,23.179881472732454,21.96752256903011,17.164347538515635,24.670334115164987,21.22291483826123,21.98683143865893,23.378691546241672,20.38835151424452,24.746658003629527,-7.655509110879491,18.776774156974838,22.438822501291206,22.693429667441208,19.5817935330351,10.324601524338293,24.844105952619866,23.090181467774507,-12.869399023106714,18.481340900827576,23.754354565089265,23.497394275601835
18.893988088197005,13.517489238929214,5.52911423592551,19.96686991730237,18.1141684270008,24.14997938025353,14.268322905617639,12.565633725588516,20.349296112286684,22.62336820851154,-6.053383463090282,14.7019745752639,17.658313126072606,20.98263126008275,24.901117260770725,-8.123014650208939,18.008811245634917,22.08251432938206,19.814893487074848,17.47587219074508,-12.228606462690484,19.161229781245908,24.400990460955363,18.12150283281675,-7.049979899192211,21.519669699491367,17.740517721485226,13.383529079435283,-5.062214073311363,20.640591091875237,21.55607187491528,13.688205514150392,-14.816448677614654,20.210857042611636,22.426151619335446,17.635931038423887,16.302668964161246,19.313714971980154,24.25365037114975,20.619355204353738,19.372150781127676,9.163105155350381,21.271476747952295,23.13759202940548,12.303429834011135,-6.021008176685115,16.900988660034276,17.41510115498823,13.85158746182252,23.747284837384488,18.621988091224754,19.516107083697317,-6.77795851655619,19.665009139854916,11.025579043144647,-7.646554823608975,15.923440763971257,23.572910272422632,20.333424806030592,-9.4343782674887,15.878799783965626,15.337147284050586,16.97882140171777,19.575264758412985,7.517113567494943,20.85066881968131,16.2719573422871,21.85383261011129,-3.858556591474867,20.479767854574376,19.46120193928063,19.617630614533024,19.25296418987681,16.903894448719683,20.18342465342442,23.695670676682486,16.022140056192683,24.27121357805975,22.426987546946187,-10.291750742331885,-4.735225924218544,12.540249185100695,22.899267778389955,15.945572526020607,17.75012153418546,16.954942571032177,16.301940064858734,17.48435650207983,20.168870843577697,15.50078013904129,12.044245559095609,17.11561842428631,18.976120061827107,20.372702894083904,-9.000242294062575,13.524874145581483,18.966945624688055,-13.099771739053578,-3.2374816771974317,-7.4044501910826295,19.193966574430117,-9.37229002603299,22.540280653840075,10.320112390400114,18.594317090265335,17.718209255574582,22.62200667558474,-13.5131297055303,22.216285005241296,19.143885289262723,19.70579439537137,-10.111327864571338,18.612902427133314,-9.897609036765251,-14.672920071734895,17.95621995483056,14.96394886565389,17.114112593617136,13.840726172240629,16.345568782188042,-13.716524402359703,18.42999088441369,19.203741502144332,20.862437735449042,19.139009054652977,20.03947936920667,-8.965349963058925,17.562727166228132,26.38684060157285,18.67693120756862,20.063334285297,18.4429895541401,19.15095512744097,8.959564593221405,14.661621566016178,-9.195240757454338,17.867734563890405,16.785619371680355,24.48559406602622,19.28454156778322,17.768990063501988,19.22894199864927,-8.393322987178676,-8.391790962432,22.448934744103347,19.385301232978936,15.923302967920074,21.235165410856265,22.67314359778773,21.272585804444258,14.391090166418474,18.46539957618503,-12.168090458233197,17.13519210034853,20.22740504497206,18.613166227681536,14.100614725219625,16.918889894139962,20.407198068262815,18.298371540095427,-11.50921106750496,-12.816253277626608,-10.104694174721292,19.651566624875105,21.525500790172746,20.040664630159185,21.426944223640653,-7.405322867561098,21.415979717408064,20.54076838477937,18.24384991349672,15.485822756239694,17.472664186391068,13.687016057700122,22.550827536173692,20.813813629440798,21.74244232440742,-8.375073395100898,20.8943224947309,21.163538054013372,20.406086250345062,15.185162515659018,22.336130997989024,19.057410861664298,19.911701744450188,21.05513264405759,18.225086557365366,21.88188360389612,-6.877294135618895,16.72324683766385,19.99512629342141,20.461219232463538,17.964179173361376,9.189476873699117,22.766685124213613,21.08782934899604,-12.028546588304591,16.65882690288869,21.199843328240316,21.179579008930165
20.794816301262816,14.763279512486918,6.291968374941189,21.010037347725394,19.185752254358988,26.07417691588326,13.977026443787441,12.789276451449961,21.0221632216904,23.727647662334245,-5.911345404833018,16.4252158810694,18.06755889300228,21.571915386539043,26.765960819732673,-8.137293723987398,19.492210764877175,24.347332045916076,21.156819850103762,18.814009042946868,-11.871479109360026,19.764366191941612,26.14480886576414,19.438654066142327,-6.123075681740649,22.732883745023127,18.20424365291983,14.702301730013223,-4.970346351806354,22.862139914330655,23.650354170453756,14.34192480261297,-14.807566375233593,21.532965348200015,25.17350726641749,18.593914136691623,17.666675701828254,21.302587182394948,25.83136974847317,22.673774936047366,21.645547600401056,10.103849434212595,23.05967337945109,24.94895053312772,13.214401888969661,-6.2208856929299605,18.417046342915032,18.663066346455935,13.249793342534359,26.30596512302238,19.49432926468901,21.4986175500671,-7.035997955314538,19.93129268902181,12.308877601264845,-6.963895032954194,16.32597554670883,25.55954313081973,20.897736811390473,-9.390963172018147,17.38083943380224,16.288181236531276,19.282222573635014,21.248207639135128,8.390681407368994,23.048357293849456,18.034473747502396,24.098891591277763,-3.3319932623350548,21.8571909312298,20.463358758094987,21.44468964528537,20.783172819398718,17.23992339687877,21.3998871673347,24.887272752270636,17.192254659537074,26.235016007902725,23.641830916802665,-10.113887233802064,-4.369736012705059,14.521549408128873,24.51023023784064,15.488426466637105,17.916386593916027,17.69254822998809,17.60914899002436,18.1947056702982,22.64953070139684,16.63204905561847,12.647484740737658,18.038656725672382,20.455818507300528,21.854635810377026,-8.338509111354606,14.58334584196418,19.8037741371954,-12.2356874194675,-2.1836732685468068,-7.356646719292362,20.040557966951194,-8.504897147627723,24.787356553717817,10.31682307851785,18.52033469433202,18.626362985979227,25.00823186356578,-12.910581091238553,22.96083697605514,19.76910860894916,20.047600175792184,-9.41104093426153,19.528651442796413,-9.909481499770935,-14.152102336573101,20.255501839112355,15.216366755350672,17.55492502718849,14.547005806215477,17.122392190969318,-12.789062553187074,20.40158408358369,21.04144196851019,22.480985509504197,20.41033764532323,21.76267689756598,-8.510396991519448,19.22627234822796,28.333769720402227,20.576635902596344,20.883707230552165,18.91245659082375,20.42872506201755,9.091893223653035,16.0207277195371,-10.36104300182519,18.74480610552427,17.137067964897994,26.252189873662665,21.103995496437605,19.15746719912701,19.32720214334373,-7.3783994607664285,-8.596642536438196,24.6764641211519,20.24842973614556,17.67509827168448,22.633928105678198,24.502495907507786,23.394591077292866,14.996466228029648,20.574538319952335,-11.4839330393806,18.8753582761067,21.769676896845034,19.55062603087684,14.116974633675879,19.347499215944342,21.921284697291973,20.047457601356086,-10.925744642454406,-13.790242916508339,-9.474131649776695,21.965144975160673,23.787808999941788,21.839367176683506,22.514794403983416,-6.652447641502352,22.995090984334293,21.911687726314536,20.47447318725693,16.76450712728901,18.483034335879665,15.92147645202876,24.877980446604937,22.891103303054077,22.88999867307067,-7.528062027896299,22.85713521005775,22.988597906542477,21.00379573929794,16.92822545995672,24.327329491103942,21.37939371598124,22.097488048765104,22.68124627950268,19.51241463513037,24.539603416205157,-6.546286051740483,18.42956561059505,22.192632545806156,22.16056937349985,19.06771313930553,10.264190984602592,24.582820423522943,22.294277079419214,-11.137250555608036,18.736284291106042,23.07340360663162,22.89537207813913
20.248923750787267,14.247034288118023,5.958090913956092,20.489595037257935,18.23043714893989,24.847482918188128,13.528261837806264,12.456605811489615,20.33205536077209,22.733694025856725,-5.22620466475761,15.661773135917556,16.92208852595588,20.58206420153374,25.39486416701726,-7.542526672067745,19.036170772146406,23.61256104707776,19.982473851318307,17.993821180947833,-11.094042289985847,18.87454813180996,25.097267790872497,18.96257790474774,-5.609272224746695,21.73886158215167,17.107219772602196,14.202518931171305,-4.638116358445738,21.353803859721104,22.802146342991183,13.431866811093029,-13.950751605260233,20.885719742532732,24.104015690953133,17.30439983236175,16.3302436031445,19.858529174326776,24.589408224405023,21.455378409831074,20.442686185039992,9.387687756877103,21.902519542091554,24.057095991519155,12.732454751233643,-5.558132131714507,17.66161129538184,17.9485611834936,12.885453457381912,25.378615081431523,18.918438998072332,20.69496827841676,-6.433850488504235,19.0500277217363,11.594499635191257,-6.216053742444754,15.402167418596282,24.81000537550562,19.917307647986078,-8.931616565130188,16.766551650858638,15.336040878088992,18.489118925133027,19.668227337280086,8.301956375621591,22.4863157764847,16.964499044363322,22.784807398172056,-2.680658273533078,20.429460296884326,19.709273935424484,20.90753695557731,20.120259079340848,16.50408778682208,20.273723604052947,23.674657565008197,16.08285674973219,25.218589967070233,22.826084545917258,-9.686421027097543,-3.62482144910746,13.997428555785605,23.722698836642223,14.860928617724367,17.306277691794282,16.953345588119962,16.529450376544094,17.213804673223677,21.834857555285026,16.07445866856843,12.52650304272465,17.107604262637057,20.03117736352231,20.890531011240633,-7.68515500200854,13.619384470784613,18.756553101010276,-11.720443986310576,-1.5787948644143868,-6.504378136465747,19.320011607804474,-7.929241823964346,23.823244588242797,9.689604017840036,17.882552290137365,17.568538000889504,24.21845862724513,-12.205932741851756,21.86586441668962,18.972806798406687,18.928813880749534,-9.019094386425005,18.91712348463079,-9.05925385311137,-13.608451729829614,19.399750823362655,14.810562289080583,16.942005263796805,14.094832854682387,15.967938649094748,-12.089889201667146,19.00662784544398,20.243409885225635,21.20711497743644,19.240159122550477,21.114207059329143,-7.932894833984656,18.550509221009726,27.173091155436286,19.2240848034537,19.828582402189692,18.005258419959596,19.217567115957387,8.57115836446098,15.153271600822604,-9.863336957257394,18.171144071605312,16.531507221506036,25.114823616338846,20.364774592406047,18.149797754438147,18.350944863913536,-6.9234377320840155,-8.16791561020118,23.712001195340935,18.98210515479681,16.93429614174963,21.572368643734325,23.571759386088495,22.644501437913423,13.820335379825112,19.040364994400058,-10.790694869330126,17.986319967756526,21.142129286417934,19.12353576419827,13.286823336614924,18.199365996707645,21.28506786859794,19.292608829013616,-10.207119472090541,-13.23493620010159,-8.982932569573313,21.473527559076985,23.146610790660745,21.312965811440424,21.576764657904345,-5.854966987497923,21.77031004921504,20.90741823319368,20.064073230517923,15.941994446059526,17.452185351744024,15.409451643324557,23.57207595305872,21.89205099572441,22.29102027574726,-6.8931190828927384,21.61535787033946,22.01869095440363,20.11503355492936,16.060914488424494,23.176752736911354,20.257930147616865,20.867904244962066,22.01995907944749,18.815883356152558,23.179562090453732,-6.01328217575389,18.050345752841867,21.262984882353546,21.034681213026467,17.99765077319637,9.641058178968148,23.46258053502088,21.58365808551218,-10.439634325850557,17.620960957719852,22.363640998560346,22.2718185864849
22.970715877072042,16.512495498213358,6.501605056593171,24.148293045544765,21.926753582149768,29.411635281096867,17.257176061722244,15.178898626905376,24.31487612226006,27.303248497736107,-8.049307579572888,17.624349446805745,21.579861393949997,25.099416053387852,30.21815045550796,-10.240579314041357,21.621195267085923,26.632461982798898,23.91555466880405,21.448902104544324,-15.387214770391473,23.25958924826468,29.563707961930604,21.79858559485313,-9.087070679763421,25.924366182585043,21.697765264711308,15.877575868110183,-7.000875909161255,25.461377606569947,26.02416517384688,16.70693896531602,-18.54029405724882,24.29435230792568,27.26186002663802,21.6094719052136,19.63154037004655,23.684052992120574,29.4262038959391,24.863840881733008,23.755848319471667,11.42780911652585,25.769467239911492,28.044707273766228,15.170533736304098,-7.742372984907047,20.793167928397224,21.009928536461192,16.414867160393275,28.768197685886033,22.559861657264644,23.75066750795826,-8.91388187166557,23.527336342002723,13.345816885642007,-9.7882009787353,19.312546780956676,28.45244307841093,24.59500332287184,-11.578009025083066,19.347921113187194,18.65249635801832,20.70339430732664,24.15916610734359,9.15941289631265,25.229936503371174,20.025308306488984,26.690711729882434,-5.120842132144508,24.918254321565154,23.388559070729084,23.615603290257873,23.024407940632894,20.667080886142614,24.7322136784682,28.665411349890356,19.424005573281878,29.213828759563864,27.0414966899825,-12.89484529560089,-6.47648935580158,15.391211412214103,27.73281339339874,19.050179029965825,21.14491258606401,20.830518641034615,20.04095770128363,21.30054809193586,24.413568453394337,18.651696505284853,14.243610281149698,21.0194161435902,22.639576281135014,24.65423907045538,-11.55923984854178,16.24252704116548,23.24542415650708,-16.04147197509598,-4.542146800886645,-9.837335828022363,23.276850455508026,-11.934579254688844,27.533589919018972,12.409719116450207,22.129875338990594,21.389661173849145,27.149159850549697,-16.794993280519854,26.644181134655458,23.060034055968142,23.790261821474097,-12.528203365962826,22.35956937631391,-12.405374594139651,-17.87125711638059,21.764432626839927,17.69301750172167,20.754489075183724,16.882438288000774,20.012446426156025,-16.799484285608177,22.78120596064867,23.475720116835575,25.61233654042103,23.443033607063626,24.21224304717503,-11.466585655535456,21.00451023101987,31.909443505843413,22.987464386541504,24.52391108592235,22.350957508431474,23.389397615449216,10.78879352031087,18.2367776357734,-11.565648517333155,21.561236634331188,20.50325051509712,29.68749640306927,23.5577220757955,21.82228064606965,23.04448216007802,-10.474770479949566,-11.02305977517412,27.22769292318278,23.740841653200146,19.567103529959315,25.7777190673838,27.42832869975044,25.692228605092144,17.41939173024743,22.465962953433408,-15.168591380685841,20.298891621111665,24.690108279745406,22.143716006267866,17.014329450307503,20.669083988006182,24.467603629862612,22.260506588238957,-14.215767149737163,-15.851619610244612,-12.721262547259684,23.64704273888052,25.89169198382355,24.09788783572361,26.0632200522924,-9.60983826639029,26.027103878894213,24.740657637589763,21.978197620151068,18.82168162575282,21.320236477068004,16.932851512170235,27.521741240070185,25.165686484901112,26.073899354237504,-10.663914945065088,25.375466538655893,25.384667603869904,24.6339602610744,18.670136196650585,27.19696751967535,23.03660080416595,24.141515270088487,25.48738584294676,22.278601207191823,26.753463455652163,-8.915310962232882,20.01339154802255,24.272229867007027,25.09938784444203,21.90071658859419,11.466119922742333,27.385633149328985,25.341922724899145,-14.936856592459607,20.180487990870624,25.724238049701547,25.543317043641153
20.489108842592394,14.557761995029201,5.927948155698849,20.654659102740307,19.03132507958673,25.55809658209675,13.675401150208822,12.294819320241166,20.461659851875126,23.354358388171296,-5.934404789459182,16.338953361370585,17.800286595302094,20.9608358600994,26.116509259408605,-7.9757512768963625,18.923982455816844,24.00949818848217,20.568363336810783,18.614550916132046,-11.843660900087922,19.417553963997467,25.562951665683105,18.89079248290497,-6.016116546306819,22.397455859623268,18.011322276667926,14.383675364478428,-5.181890727225741,22.557247450537826,23.266707259621935,13.89330396129365,-14.537963837551843,20.80811283879914,24.88439196730347,18.258092025780076,17.090770713342874,20.885400680674866,25.225708690496763,21.96762440124273,21.28258109716252,10.017008529460869,22.42534236280603,24.361170378956704,13.036230113310157,-6.024854031930641,18.276630172343033,18.317118838303937,12.902965320126398,25.718211234047196,19.2393482359759,21.30258392980978,-7.116449079926099,19.474094974533,11.998134877277609,-6.735562237788518,16.17193098196488,25.102092487872483,20.59256510664239,-9.20444110339996,17.445272778631715,15.616213449093854,19.38496010527533,21.036758248357536,8.341208546454544,22.667743490393107,17.832755956143338,23.805905949134786,-3.139384907873539,21.27855053317214,19.944650362258635,20.949546650902644,20.123939672637132,16.90358998315656,21.21023644167955,24.300341555094953,17.222277345530028,25.53261400102974,23.14729788655064,-10.000784236682502,-4.4582036355967505,14.342697522572932,24.12760264430019,15.242672613907512,17.43302974011207,17.52390520232838,17.401419888878973,17.938281971689413,22.164615314562475,15.79890811884189,12.347074920908616,17.789566069201882,19.914350609492846,21.541423177010994,-8.377640704149853,14.07421590781972,19.553971573647697,-11.891768527787667,-2.2694147191187097,-7.460283141752308,19.79337988498445,-8.434738168143799,24.342086880020386,9.974155079147025,18.18108145590753,18.05546404120584,24.308434784961285,-12.705890072588145,22.367055589902602,19.16500395956293,19.63010992015031,-9.26002744975454,18.996556610560724,-9.813443466251295,-13.960531581388446,19.5989527101349,14.637858843321844,17.293535113239308,14.62535240128748,16.430995391238397,-12.492078136418717,19.997664357368766,20.902484110882156,22.262307714448347,20.175705792090444,21.358242379113204,-8.56049802965132,18.810209601447134,27.74468431861171,20.28774607067072,20.42303507955282,18.36892734593284,19.916603943018636,8.557837841385822,15.868433858095312,-10.29512128260027,18.441808309488767,16.987480655637196,25.84299656538623,20.76392330113427,18.952482077733382,18.90395047118184,-7.202143737445489,-8.780961059546035,24.33508910231545,19.96773695912801,17.415362968412968,22.37519534409289,23.945322784579442,23.020284611556924,14.651855259237943,20.114067627619804,-11.269803354281173,18.59253412296391,21.493370941425987,19.03561292206268,13.69019619311235,19.060289760568338,21.34812173449234,19.44907669445129,-10.598697091563922,-13.678451723712426,-9.404269564872257,21.540876274664285,23.13023346882967,21.203620205632298,22.104125773916365,-6.599023271271316,22.57657556514237,21.520115139238964,19.9508093752086,16.203776500529127,18.10270985064681,16.111403544200638,24.4268334905569,22.610747247270893,22.338442611567864,-7.530841718990224,22.59758967128011,22.22150170294181,20.395950357066866,16.909055436241303,23.864647130065165,21.162145634132745,21.497655869332185,22.11733539146718,19.353571756536518,24.26410597004281,-6.469372041794803,17.869478126466237,21.772893871734716,21.78659002023964,18.66006139421828,10.153837795436909,24.053980859370903,21.773157308225496,-10.937142060931842,18.460702006618543,22.894110951992722,22.254812798565354
20.9713282513454,14.892499640279715,6.423978324037033,21.35986505053816,19.591463236225756,26.453630346672057,14.595160129087601,13.341697762798505,21.460358690185036,24.241787265152414,-6.263034147137327,16.40042235510018,18.706412953774908,22.172993613331975,27.231369086403927,-8.483804057261153,19.816524102441377,24.59138197587174,21.697000659393883,19.252085202657483,-12.444889998372188,20.369620375787704,26.59092647103055,19.696533294740174,-6.634308943190087,23.04906757697787,18.783193290792234,14.817935329267433,-5.147993287919828,23.162004028260867,23.895471316846116,14.83846969158296,-15.433889440565618,21.92259732252631,25.22839889092637,19.201959870784716,18.020007616294162,21.660777778902126,26.338954242457618,23.002359980233702,21.944838466080984,10.398494563051262,23.416779838034888,25.28996713045176,13.47452625500136,-6.432891164299662,18.80523757565307,19.040129659528052,13.838322987424087,26.504900516739976,19.80976617464049,21.61377577092431,-7.328588635012274,20.540590288746817,12.617687669625443,-7.6383720222497224,16.861769456270675,25.853754359306034,21.453631137930696,-9.847677907432185,17.521220765091766,16.64616973087022,19.22922891566925,21.633146450219982,8.441365272603303,23.196336135841666,18.073866840501356,24.318251039716795,-3.8496990677045986,22.287961027279827,20.999399493111643,21.619415010783587,21.13913440563311,17.852931778108008,21.882964387897292,25.543216805706386,17.3461685936776,26.57992942319644,24.13952472451138,-10.537588328338092,-4.91448725360979,14.694255726825793,24.92606576401196,16.085900840756818,18.47280269625248,18.26715239636634,18.00864937669373,18.743216331457646,22.80817683069224,16.971220514951778,13.038159275793314,18.620316309771844,20.637712068072258,22.199519794186816,-8.820384429998574,15.041493548721087,20.381460461713672,-12.971454783036611,-2.637895456284709,-7.8393130333539025,20.56396202627027,-9.173665166067872,25.129310913171132,10.68804299018192,19.089090100261057,19.204680860363393,25.203754717911547,-13.602717155306804,23.500026413485315,20.308393158651135,20.711836020740495,-9.925565831415984,19.97892184550765,-10.343211599079865,-14.79383887593308,20.490274405965597,15.57703809740748,17.987816228935838,14.830447119494323,17.68629855745718,-13.575072995424675,20.73279780254789,21.288279173750333,22.7838446372304,20.904615769293233,21.991135312391922,-8.977134994837247,19.325045850012355,28.779204392727237,20.9216853441962,21.472338864461435,19.57404997539592,20.884064387694227,9.589968041339914,16.378288997442965,-10.459650092615798,19.17598439185969,17.722404160541018,26.71891304287697,21.435049037775826,19.59618956736665,19.968712270073237,-7.96246465083206,-8.842686307146955,24.844070297962137,20.836274248736185,17.950119693803753,22.973374421427092,24.91740362238636,23.663613593598388,15.350369635437497,20.819618844473432,-12.097336589490292,18.964712200847995,22.09163302036911,19.854814342259967,14.738051586630796,19.30495181619094,22.229252440289066,20.412717282693023,-11.519705929755602,-14.058955014435734,-10.080433525273747,22.0069817300896,23.9752469580189,22.105618686410804,22.987658287524752,-7.112140783061276,23.36135616927238,22.31578094671671,20.578435169554222,17.12675200808694,19.01627688228446,15.889892896829593,25.14437359806926,23.042242631660045,23.307082957612646,-8.081043941353727,23.187794303218677,23.40495036326831,21.75207627318516,17.079188429202244,24.631163539837544,21.505174284421255,22.37520800981598,23.02547802703268,19.88102193225397,24.66031235546339,-6.875346759389345,18.646257903444983,22.347885511248567,22.514626116597178,19.483876463136184,10.51403215169466,25.011630605724942,22.76323749573364,-11.805459573628413,18.856460036267368,23.262349475502976,23.270864933464573
26.01735389283244,19.040324517623255,6.778985726010532,27.598761560241936,25.452668257519402,33.335052017335485,20.40822622346691,17.395558469503346,27.732837397816706,31.249786923578867,-10.902853306468847,19.57781793460825,25.844258831968645,28.488006777797416,33.96004142733086,-12.627295204846929,23.93075303749913,30.063008370161757,26.97219497554904,24.833786574776376,-19.444133490259688,27.120127325067436,33.51100872122934,24.52072301306347,-12.030525366983337,29.616788659061918,25.877206159326434,17.011895314404235,-9.627707294493431,29.26500099159072,28.999524134115504,19.247801878992753,-22.606129136277694,27.26848649387981,30.28139417819415,25.493899122090333,21.740623965996974,27.198758140170614,33.473933551613165,27.3942594523577,26.961783673921705,13.720248314136168,28.934276496769247,31.729600435248056,17.867927811751333,-9.640932949946404,24.4421946680111,23.712102152739686,19.62712791554516,31.98607470586998,26.023610211485973,26.693740156797176,-11.069474949015317,27.554272032258353,14.754199570358432,-13.117991688930086,22.73774759037224,32.06598355786022,28.91027661207673,-13.948949946399514,22.24697289740134,20.949015649188443,23.476771077325793,28.211647347616793,10.194496295755481,28.24280411866266,22.892769670262993,30.102008810558395,-7.505957947444338,28.18262533689833,26.40701196874578,26.470466442013176,25.569237782895698,24.295078778913336,28.797887127494686,32.60617787290252,22.529212819758126,32.51881281173229,30.770689327242565,-15.933065876102841,-9.638968041776524,17.322956525188253,31.871170115700714,22.743269375170254,24.626131862605572,24.832668800256023,23.66291778822701,24.998386101099708,26.7171589171099,20.508841920110694,15.93920341138948,24.722428738674108,25.076304139546675,28.265931293106718,-15.26770634545739,18.490018018810012,27.311460593212196,-19.65272251580201,-7.490832951528937,-13.523039242456438,27.023291851169887,-15.698579307226193,31.36061445330714,14.544410880045998,25.99218306893899,24.463274242414343,29.678557667385295,-21.07820217294641,30.34952938355711,26.454237350805844,27.9954330937501,-15.730594196345647,25.531557819193196,-15.386427918986428,-21.77579793283493,23.736399082318762,20.0911546430495,24.697438287652485,19.756960002284128,22.921871858055255,-20.824886724764145,26.087859387426498,27.18497573605711,29.495810534099334,27.35501148527406,27.386419096324982,-14.71254544670169,23.15357883449625,35.99689962404091,26.675335620670147,28.642993523639355,26.1634634919435,26.660545476325645,12.479126419752935,21.394019523423786,-13.305225761291311,24.760260397457802,24.334582235347092,34.025325390729634,27.06532698510705,25.501464506907414,26.955388744136723,-13.453231020188394,-14.232028256505952,30.53290930470724,27.982148898345667,22.270501382361303,29.497852662302584,30.761522232561294,28.925865351388566,20.19590718728461,25.097156414786298,-19.024156419828646,22.181872340791166,28.563933074543908,25.054409299451784,20.0119636149064,22.62103525730837,27.580483077800206,25.24613984586277,-17.642137615803833,-18.488045118328667,-16.44300869121928,26.123203498273888,28.430723238403665,26.7233975022406,29.759501602095824,-12.965880591608213,29.495558860524884,28.005638504611106,24.146213498682247,20.702306816774932,24.753243285565592,19.47704247957466,30.79049364234663,28.447210143240497,29.738382072161283,-14.081562002024485,28.832825814341167,27.924723932681193,28.354428015151267,21.548989743412974,30.507283636017227,25.652658484513577,26.562023761107838,28.7431468129501,26.17370879825809,30.063345304975744,-11.659905520409131,22.006528448492165,26.941447031156358,28.901047305573496,24.99944259108596,13.54566494675052,30.562575780990034,28.691267721558443,-18.86834052218433,22.31041316724839,29.13877281662543,28.688163495680268
22.84806593284496,16.41043923003584,6.330509044705945,23.862904036820904,21.826958803947655,28.94806249346815,16.73766228743678,14.474848307676197,23.828773866561516,26.830068557901757,-7.888459199913788,17.641061849859284,21.110889836664697,24.439208270216522,29.76771266327403,-9.950681906184686,21.127102184901727,26.401136732369324,23.369512593824254,20.97099675928191,-14.983789809875763,22.675093525381147,29.07039104766779,21.39898255226015,-8.67008131214312,25.711304784890952,21.209277757279423,15.598059135336037,-6.926803282605292,25.329628499644166,25.725461940532103,16.066632579972413,-17.960025835371752,23.878057224688725,27.11440324709488,21.141636878578907,19.360289432721203,23.414187346192413,28.986624479464396,24.459920670495368,23.43412732396535,11.279470842000352,25.30415639202231,27.645670594618842,14.943464284506636,-7.535101975159156,20.51103365194818,20.60776429714084,16.038972053620075,28.504315710846182,22.37499660912263,23.659566186552137,-8.647381951688873,23.065767270688067,12.953563764897016,-9.321523874690438,18.86636560074651,28.142869900097747,24.170208104421413,-11.263880286614999,19.430782314915668,18.268155889583674,20.814384519285632,24.066204918208015,9.033814442002406,25.001395252228352,20.11769668851174,26.578993066446113,-4.832548478974859,24.62828589201905,22.756219858133097,23.3278008049539,22.63749209090307,20.097984010084005,24.32841550891712,28.041530931457622,19.50324263613756,28.698833731695878,26.442955356157093,-12.53719748054846,-6.2112117739349335,15.172217284633518,27.391991131842712,18.67838356835207,20.59436983018367,20.339337034830603,19.786008526155396,20.76460387927045,24.06412624831643,18.105322846952188,13.84132539641092,20.501081633416234,22.414111008718773,24.404801338149536,-11.341864149851537,15.920158444423791,22.797261149992234,-15.458069739047843,-4.341806699632029,-9.646042533413794,22.766708129767554,-11.47553512665392,27.149691339322203,12.09305525522366,21.68968775156374,20.88283232434681,26.77453573247729,-16.268504524093252,26.174415135851067,22.394497883638696,23.270507636222714,-12.16939880977,21.829189027447814,-12.120656660392264,-17.39067597616443,21.346425312931526,17.30512976999829,20.485649813725516,16.699162790390822,19.477770379567968,-16.20402125825897,22.54568281793229,23.33956066146898,25.43876909326382,23.089659659564063,23.96007948594747,-11.09518517765054,20.83036502231538,31.475928093974154,22.879001613632443,24.00355104858045,21.804547456271074,22.93950424734984,10.410716444830902,18.046306249046776,-11.374236512750233,21.20078781465189,20.091113242808255,29.341363014284322,23.305872012616128,21.458310261028434,22.51342508624152,-10.059214062664985,-10.902697827400669,27.108871693853004,23.297485381474992,19.29969712460021,25.495113851784627,26.835131697573047,25.42961304258068,17.360465193258655,22.29241287422577,-14.71731326421757,20.19371300808222,24.44014904163002,21.843366774448906,16.44807887246772,20.650305566293802,24.094232508634384,21.81860140660956,-13.772480453418739,-15.53695015599913,-12.291458880265896,23.445792830237806,25.520112929934548,23.71279353420382,25.62413005254277,-9.34453501472706,25.63613641560465,24.33180834627947,21.723318008744076,18.227465349219255,20.946683367094302,17.120990297943347,27.258275975697867,25.05383879555718,25.670324466796764,-10.228923670613721,25.253639511508794,24.799043807563482,23.931044128044814,18.663990310349494,26.788467689841816,22.910087178094845,23.763768893664885,25.175542241846344,22.085021842992713,26.760866321046787,-8.732332902031963,19.725141739236552,24.06889103579977,24.84776832467676,21.514410230369172,11.235001920370554,26.964547025801522,24.841132929847323,-14.45149956240668,20.01345656793031,25.57096618269586,25.0824048191716
20.561052455048983,14.397262842876176,6.07032501150078,20.690223572214784,18.973328042290973,25.660622109621105,13.679887679604237,12.391500602109424,20.886540549462104,23.371282760379664,-5.686102665632457,16.278314704418076,17.723155068734844,21.189583414897598,26.276215151017215,-8.020187511995303,19.2314451632258,24.19122961623786,20.77979588448014,18.419893038537808,-11.537120258697984,19.382504526171378,25.742619628297852,19.340834967915313,-5.874502409085179,22.500003092957474,17.716976834988245,14.554553504347009,-4.9340825398191805,22.43621357651188,23.140214899479115,14.089588776786451,-14.465268810945425,21.32693982359253,24.916779112546934,18.11780913872618,17.319583318428958,20.961662490811705,25.399585750539348,22.437251975163672,21.288535694554376,9.845447235230795,22.74134270160302,24.613394227585964,12.914398858264462,-5.982900929872389,18.128819799111785,18.38463844947764,13.11052919974174,26.02245113760753,19.287296359544328,21.179285148046482,-6.926423166655665,19.63891673178278,12.01828935859552,-6.733878639174787,15.893478375776276,25.394996489837038,20.557595068325636,-9.407239182370988,17.17375527151645,15.947109222111154,19.079769503132685,20.831699549487148,8.411506042941404,22.982978645026456,17.76016918315238,23.750128764615877,-3.12044181543761,21.414309408672842,20.04461815572182,21.391480041162087,20.741327240145058,16.808405153799793,20.933596436076886,24.366469705867797,16.9774577692204,25.928520900669493,23.351782830698866,-10.046532253351472,-4.040516154389861,14.320707712238061,24.243920714195887,15.250667923041897,17.845383469693505,17.324362200099237,17.2216623484222,17.888099893529553,22.269132645829135,16.37027207282106,12.573549369554721,17.602642067197348,20.397592828185093,21.628494785495295,-8.145819284864379,14.257879674611383,19.219278858119868,-12.033390728720617,-2.036410293783701,-7.1298493023412,19.73383582395264,-8.322769111232045,24.41837599485904,10.124491849117453,18.341886624323273,18.18666388567505,24.88155428545003,-12.628088573967894,22.64673066402221,19.560720571579747,19.571888063360493,-9.24747773152391,19.43544729517332,-9.61438131246383,-13.977655611896527,20.09132850449015,15.251789204894086,17.286991912138618,14.315620174367199,16.692593903061542,-12.478664332253071,19.959445437313697,20.887585627285645,22.078221025846993,19.966896728293065,21.69975842830112,-8.197910944859961,19.271364710187694,27.907338194631553,20.180420108369123,20.430454326148176,18.37960618487487,19.921354377813465,8.96957164751359,15.643975435510775,-10.084492570481578,18.235709966343197,16.6971106444853,25.835011220454508,20.847534823469964,18.820352222471733,18.920473895983005,-7.092991101027377,-8.53700216685579,24.490453439873573,19.784137339175544,17.40395890008499,22.30064802799301,24.154997111739547,23.141418274993264,14.759278786288323,20.15390223778164,-11.22670219320483,18.595421841299853,21.508383240802385,19.590012060353807,13.654056623937443,19.122358259516893,21.822648090424842,19.805218874836278,-10.676182673282025,-13.516502010171365,-9.308797763632116,21.884579401140545,23.62703014538599,21.77050600841361,22.061743784120708,-6.48865847120361,22.554557087779454,21.57151894349324,20.475828212244682,16.435072166180554,18.025158604060426,15.73180636120813,24.391183167469663,22.619489346948768,22.75150793816534,-7.195149684312079,22.437297732690894,22.72729605851965,20.557398186338517,16.7108782661832,23.988166170249887,21.084329861405884,21.766958600814558,22.308435848681228,19.284732569691172,24.281295890024182,-6.410027284745922,18.503467983434334,22.03903129431849,21.603239733249666,18.437225831206224,10.037776005598873,24.086965499120325,22.078127884421903,-10.95361454972522,18.415507158070504,22.930094336528985,22.726798022601333
24.84005595795698,17.89529879662671,7.025260618339469,25.90724963728422,23.744922022982347,31.44578897941719,18.321902267439608,15.969922844399129,26.11483436975199,29.102519509814528,-9.144148027466859,18.880777889779097,23.357355826731926,26.619666468958147,32.17593358465136,-11.150644161918903,23.074332963291994,28.775745012224537,25.393702999242144,22.88231407469527,-16.67443114117554,24.779584508798827,31.63824067421602,23.612679217340172,-9.821562242613128,27.771598445554783,23.255605847892912,16.65238946209047,-7.835925120908102,27.526597640430513,27.662229029189216,17.782042347734578,-20.04805489690964,26.256847278968575,29.168530439696088,23.337430239366647,20.852297379216434,25.585704832353372,31.521829236914392,26.518202146303807,25.44941237880805,12.545941140629573,27.541879037993457,30.213937435573673,16.537521613907163,-8.476910257841483,22.560500181154115,22.349318272814898,17.768252530663688,30.949325206949425,24.22439266081746,25.40799812703779,-9.706774220707928,25.382445281603243,14.27787967646628,-10.965544481753279,20.488851679168164,30.663498860226127,26.504463635692183,-12.672751849215265,20.762661038462735,19.92490244123722,22.324368890662523,26.09260564292932,9.663140733249117,27.260233414958677,21.555932224502847,28.48874879535815,-6.087393501842584,26.615296668866545,24.7139277442373,25.60335718494682,24.941228665627957,22.067154068799837,26.481162499562004,30.46754004117601,20.828826240143307,31.21233931163278,28.802900761836312,-14.097139473712264,-7.468955906181213,16.80102647851888,29.972129336024466,20.48741781480151,22.835773051665438,22.435140380624844,21.70626869798786,22.85858486037916,25.971124020872434,20.057522534767784,15.133972367576972,22.618288030795554,24.40615476241888,26.545725478988107,-12.744510723138267,17.477130785189175,24.729281771760782,-17.352095033353052,-5.404815338583705,-11.18255816630823,24.746723302313068,-13.123008822336562,29.71158038447407,13.355417741647152,23.787805997086764,22.916855452503302,29.07951989846867,-18.267293487059654,28.445427089242557,24.844569580106114,25.556970038056072,-13.61754716295501,24.176441999466682,-13.414009100990455,-19.327104196840466,23.325782387435563,19.238943425864274,22.65732455861568,17.850114475095427,21.50470328285456,-18.170405790585086,24.615150257968363,25.510749289189764,27.457775251938298,25.14939235141059,26.185399537255716,-12.387079595788446,22.5300355159965,34.02099487356223,24.908093767787097,26.324328600764034,24.025611899842296,24.9079450366158,11.812123827420171,19.72202215620988,-12.30911383083472,22.9593266977039,21.880188975118227,31.816366057170164,25.549680341090866,23.52439343559205,24.58465004738872,-11.32928695104112,-12.17815333028675,29.236050726085928,25.459713876479878,21.05398223836911,27.542121379452286,29.194140565496642,27.655495072796313,18.80558065835626,23.989557755863036,-16.40611993787583,21.515175358119997,26.69994622809214,24.026610375634714,18.114642458211062,22.04414350950436,26.43692135215972,24.141487579512336,-15.398735623414233,-16.926377413682705,-14.020187727763652,25.464183853946924,27.76743344926718,25.9952399709161,27.608959660658716,-10.658068923625935,27.71345047951566,26.2601517534612,23.831221997205514,19.822428356665093,22.817507954245304,18.43402371954242,29.246005550684522,27.037026430466,28.205971196992667,-11.559769939615375,27.13998551072709,27.09342581972342,26.289211529927172,20.14022992212818,28.91574392659784,24.536958269531038,25.573553431831165,27.41280262797663,24.267804947222878,28.760794495260047,-9.858274838075781,21.716323774898164,25.936237624827356,26.9393163469859,23.185195735984195,12.508665946799978,29.024091473765964,27.150529148748465,-16.222295326920424,21.496597464658937,27.62987791416254,27.53585006990101
21.6508344493633,15.292214084744762,6.189212847243649,21.84051247700526,19.991487336987422,26.860915593964595,14.41209809202717,12.824787111758443,21.809724000320166,24.471148386407126,-6.359739043651859,16.990314740600976,18.704528881889257,22.05883609022366,27.366002175520958,-8.580752257206973,20.013874570293385,25.35899147543419,21.503445043161754,19.40650773145097,-12.503475247399907,20.342584474354783,26.94407194857766,20.282691741468142,-6.457453778172652,23.583517361051246,18.765196372272094,15.003704335488962,-5.672053169781483,23.543088466228948,24.210083513395478,14.591526627904475,-15.398559292845752,22.278991666221007,26.067409568819325,19.02874754305,17.82758525992217,21.88194823104669,26.530080027103,23.118659422831318,22.14642343695633,10.362736750059366,23.627654159025074,25.838942773108332,13.76722508757667,-6.426513404612381,19.145894050613858,19.156452630240334,13.839170586151084,27.16804232448046,20.34034874963919,22.285708432025572,-7.518997663321766,20.62473960853366,12.409830534283458,-7.295224133299904,16.780080671836366,26.645752058711775,21.729433760856875,-9.859868353234226,18.143993594878204,16.558064176608255,20.206218310534513,21.928911145209558,8.8062968193459,24.1217698103655,18.67109663978376,24.800948888257835,-3.458240747735663,22.298370913688164,20.81036543568383,22.38295563557098,21.548659873571804,17.775904364039405,22.11256666641006,25.41457796811659,17.915814528212902,26.9887728535992,24.40300806194401,-10.826056005792468,-4.64608056770763,15.020113551127936,25.567388761493103,16.10831654739688,18.65751939278452,18.349031071434908,18.133391964114935,18.79246574851407,23.175961445735958,16.922287659298675,12.923884679722537,18.586030574331083,21.28431652174252,22.702802802902877,-9.02016483095056,14.66836725810042,20.263717930511373,-12.752551178192645,-2.6064357490372054,-7.942897882301336,20.679769818429357,-9.105508162420136,25.6364605469974,10.554429144412715,19.3051355691798,18.903730297506957,25.76753402889893,-13.534820551054123,23.5777943828175,20.46495299638773,20.620584161861938,-9.96054893643214,20.338069578286724,-10.311763005376305,-14.858001981989352,20.68153099890473,15.878424891730855,18.40624313887161,15.16236190632549,17.343751987814183,-13.290802100820803,20.88951305242759,22.04649862974315,23.288700183076777,21.026943527221533,22.722428984737334,-8.986651757783724,19.964118457481685,29.14737249882891,21.155982072756213,21.488614972580166,19.327216991663814,20.86993707760665,9.185380524322628,16.55248315320755,-10.75790865194578,19.21410854737787,17.65805371620235,27.09806805530339,21.905620510420118,19.764356284172642,19.85195136395474,-7.6312216065907945,-9.442633235785882,25.638008520737866,20.813963445443683,18.166668006898295,23.43960484800075,25.168550213466737,24.2386410774554,15.422325575745525,20.92959324312554,-12.056584145746818,19.260753609630783,22.700671489833532,20.47247748140686,14.330432495558133,19.922524172984765,22.77118383494155,20.63902763153049,-11.337543738749043,-14.262679000319153,-10.171006379973353,22.848063730428386,24.551794378904702,22.68053651162528,23.094113213123318,-7.149546047419082,23.574987853029782,22.5114292019858,21.325587988549383,16.914129839134503,18.823307387839595,16.764191293691905,25.4188909811722,23.697008762300417,23.853153807935055,-7.939347849712378,23.50871891430605,23.47513466273794,21.475561155957397,17.58714587838796,24.984539876805155,22.00642067584165,22.46248541996682,23.433568231514524,20.487026767246228,25.413895097651775,-7.084319188848631,19.173820578616496,22.863865913295527,22.732764905507516,19.3608015145052,10.601922743455647,25.05101790814285,23.083908505133447,-11.775347918815259,19.200306239082554,24.139151338785837,23.701475397236326
23.426493509265324,16.407382605457403,6.626464292800078,23.818984840330792,21.81194601163456,29.32428581814996,16.117759030167466,14.1752487482277,24.231281737948592,26.782749195724595,-7.321454287078158,18.458615799294833,20.725225074603767,24.28943335425958,29.920835609193954,-9.986190391059418,21.735909020623748,27.386688507585607,23.53554695249338,20.98794775417928,-14.041068202542796,22.404806130379477,29.445162614564218,22.213880182723344,-7.6303196740623065,26.00417043130337,20.621557409393898,16.26257264289168,-6.5111225174280305,25.710861650647715,26.006077539432283,16.29613318868868,-17.25358768654741,24.41996253046373,28.156149240790853,20.843779559229453,19.522722692492103,23.958194987685648,29.073903254217573,25.33336174108368,24.183526903840974,11.403885475919314,25.901492450437246,28.262614136398135,14.92880477190684,-7.311311837289186,20.788628689343046,20.711505258467483,15.511644105179354,29.488592628836464,22.452940637112604,24.103243165203466,-8.486718320720735,22.768566510820758,13.335101819713515,-8.553036510623473,18.295773369878777,29.039675493136567,23.914208675714008,-11.212664043744196,19.621368739923497,18.288542074811318,21.59457237713013,23.98666005085732,9.607707422240715,26.17809026554254,20.351590221506257,27.082895276958126,-4.1698665089042635,24.551235874039524,22.745504345122246,24.49632824620559,23.673735237230964,19.594184560643946,24.078149764394663,27.784828563662973,19.53013346889341,29.54296325276229,26.806725071988854,-12.238764051628229,-5.27731252860135,15.904014728754618,27.83937756406352,18.036399698545488,20.79429030449295,20.098970977071254,19.82703202678927,20.699353009032585,24.868115861257454,18.682295523441173,14.160671165939625,20.19247078342646,23.186974244116527,24.752327026484434,-10.40158403065103,16.04475597675425,22.13275199657533,-14.546098987422189,-3.4317505386745415,-9.086155624600895,22.787154016591185,-10.522536071737076,27.776403303721832,11.688243623788523,21.463706162595404,20.645151650037956,28.114023081049293,-15.425501728886543,26.118909555397657,22.662623025889022,22.630170251617084,-11.457712006892374,22.409390041212237,-11.6929875234337,-16.756196041084618,22.576392104752507,17.84174085702087,20.276536069749238,16.58463893700635,19.272493458565076,-15.132469644671396,22.819390984776888,24.047093132456226,25.49866307164972,22.925364125762535,24.99365921343194,-10.148814946028335,21.999880168026092,31.852735800968045,23.13354942975295,23.776596117033204,21.270397691535095,22.901994289676807,10.417846313504288,17.928305346975446,-11.4380140481299,20.872772509873815,19.39097606855806,29.502408851826743,23.775162222346335,21.55839265335565,21.929591842339853,-8.898284201751526,-10.656143545672615,27.96340254131273,22.97652493498201,19.7480180758716,25.765661055291854,27.4846593543914,26.08165162694999,17.103707277849256,22.69902204241077,-13.77950756288287,20.737269970005155,24.82629154976214,22.621181818644786,15.769002871055958,21.51537756923116,25.036510662136298,22.5928854785468,-13.024140410925297,-15.485935588341869,-11.502673756267438,24.746102433826483,26.707918511443363,24.71868053309549,25.385432364832624,-8.470907721986842,25.88011873795648,24.642528461875855,23.15950390419329,18.6304417581637,20.632936179726705,17.77589199062369,27.638395884374685,25.65088497270203,26.27921324754961,-9.05274470285885,25.463955017202277,25.648567457657034,23.540348078727057,19.07346186283258,27.302793248666752,23.626570470947318,24.49263743784194,25.52432608832032,22.19951499312073,27.596456013448133,-8.062056841497926,21.018039431305628,25.099652989353604,24.798603217393524,21.006411559128978,11.42814842959567,27.076043284001493,25.10701818188799,-13.558061713166063,20.576015195110745,26.292864967436877,25.915886109225198
21.226955091891277,14.895760876363452,6.51352499399109,21.60938627302201,19.36139422384421,26.60246493569226,14.364621612146314,13.386115664314287,21.78997822245913,24.177134351920987,-5.913046289460564,16.568928247199946,18.21254957716589,21.99387394493729,27.222548593203005,-8.531229570884362,20.097449026314376,24.898015139498476,21.454349601920466,19.074237788880378,-11.987783723043961,20.044726492518144,26.715615947423213,20.264043006306657,-6.245941598598198,23.192465267585764,18.21591287914618,15.096333935973705,-5.136552945549526,23.004804806585543,23.994345167710744,14.598208904537985,-15.29653199258472,22.279151102014673,25.639193704251166,18.644358508986485,17.686823291065743,21.49744486217117,26.401663144308547,23.154017735140187,21.94626389286949,10.167178594120687,23.610366963199525,25.674873328344425,13.466846171781924,-6.235410281404219,18.621977203531294,19.101603385738237,13.64589119912665,27.052517983726204,20.096696243606374,21.86645287199572,-7.142714293090602,20.276831831084806,12.548346506159179,-7.04482008360378,16.22223834479369,26.32052604990651,21.175314512155904,-9.89760084932265,17.465466837343705,16.782857602419504,19.364464509019452,21.127177168371507,8.565418181325654,23.757510057897132,18.190599408910355,24.407963740375997,-3.2736868101542114,22.14077527171059,20.885667648561757,22.254000095508275,21.684825803266417,17.61070482134515,21.544702344159486,25.29379863910691,16.926223488226384,27.01410019251044,24.235032240380242,-10.517530089061308,-4.097132247063363,14.921403199240567,24.98938213655214,15.754122348093002,18.503051206595007,17.946548669173932,17.66164993592751,18.44994641990751,23.1621779564635,17.42886520298556,13.212215700195326,18.253112356451673,21.245544345970607,22.215760461492525,-8.469491849856848,14.597242518820057,19.87505769622874,-12.776249817934394,-1.9698319731969072,-7.26564860341657,20.434851784046504,-8.825247179777366,25.330416167229863,10.543532067337114,18.961631197981095,18.844299865306862,25.848956565318367,-13.23686137918711,23.429543388060978,20.54684525411043,20.145872129846932,-9.768989742719954,20.321449491185437,-9.96417529399336,-14.558192561888413,21.03530835150586,16.009330624872018,18.013929613691452,14.689255688170503,17.55783878364139,-13.111198383123114,20.58894467343331,21.413359497286137,22.70986422583077,20.48025859176355,22.475379255776552,-8.50975778722833,19.864947829937343,28.9174142039321,20.672430604744424,21.25570721918448,19.160660185364417,20.65814380860862,9.624523310853746,16.173085378239104,-10.524467707253775,19.01968536903727,17.349665054105255,26.641408652686717,21.49614004246711,19.464208351456566,19.532779970186297,-7.595087758928816,-8.93678121607471,25.265787044689155,20.333027556731764,17.99463647263193,23.007083403249947,25.154202997835537,23.7673331945512,14.90746623776549,20.51763783424754,-11.794238922406842,18.936401584859027,22.341775589171153,20.36635578928083,14.214899585810677,19.58594269507911,22.656800388113474,20.708090002439107,-11.188290699900225,-14.05776333252198,-9.772702489174211,22.659813570598047,24.542304533890068,22.644037382120015,23.015221767878185,-6.733735969826303,23.314364615897976,22.184908172838668,21.317808972134383,17.234267585326304,18.612686980217358,15.995955858096494,25.204547826415833,23.032572688385066,23.71132473957221,-7.556317443943577,22.882566976546325,23.71954349475743,21.465173681968437,16.99090566814852,24.79993498377822,21.40829019356087,22.43391559794002,23.323245170605446,19.786823785736097,24.791538735090512,-6.726920419859586,19.435053573477944,22.78312919550619,22.373092278310086,19.071723027176123,10.422550989754683,24.79538868888859,22.839280282765625,-11.427521115720166,18.839700112943685,23.637062760385245,23.735065521450355
24.62941028481001,17.79336433092947,7.045624633861923,25.281862866997987,23.589013508963127,30.861509340113933,17.61825677969116,15.561238775961671,24.913211177862838,28.623816904474683,-8.659844662967826,18.979165074028845,22.841794155321892,25.69290122670514,31.553900654988347,-10.326907720030173,22.583124315494846,28.720332825179753,25.050487826870164,23.01715418615475,-15.96612691456064,24.36102208881284,30.951787425332835,22.7483903307403,-8.81659384999316,27.067169657498393,22.882234818746202,16.67669457559706,-7.333404004635034,27.40993196098037,27.73569202947702,17.280383964799846,-19.06076721934786,25.211714009859243,29.17129354001002,23.16243476307748,20.471806691511503,25.517101693961187,30.921452917049876,26.03405398040845,25.64106750136325,12.794041381317538,26.92930554478644,29.390645288134554,16.299906143513464,-8.08240154498003,22.752108897307078,22.407349497738085,16.78077859556525,30.60942975420592,23.526875282895823,25.366208860282352,-9.232126577516551,24.460538695597325,14.429841898674834,-10.10628001247058,20.33685748231091,30.023276974166254,25.69704466787677,-11.885314837905643,21.099215829249832,19.099328012200814,22.770130585129717,25.95664105653287,9.816865017743694,26.858780005732886,21.527149761709058,28.468071879423515,-5.584978822957205,25.924487337032538,24.41259293587699,24.90890417910266,24.128274440829106,21.399634324158704,26.381260363376573,29.85750508492219,20.807435518403786,30.344725071163968,28.171401200750978,-13.17297586815282,-7.379568302926231,17.325666509459563,29.473136306092158,19.58586287408705,21.79188611175365,22.386922876016285,21.843051074863865,22.538437314922433,25.95279405649097,19.035835556315853,15.102736954530775,22.44394188632883,23.687923176162435,26.245825461704804,-11.84602684484082,17.457287192312233,24.664240661631865,-16.063183446247468,-4.624990599818002,-10.78987436801393,24.513588866116432,-12.167413189863746,29.559340069060063,12.997413906450165,22.773628225309743,22.426831259400114,28.471808767368803,-17.24332415592486,27.446669592383756,23.66395751453903,24.829208615503997,-12.62839475393295,23.21859187250916,-12.792290949683547,-18.316997227501034,23.023407280658983,17.904119403058488,21.856739688612937,17.87034106022686,20.61221281763425,-16.98853485488426,24.445572214558435,25.391597925048348,27.08955070587681,25.06398421667506,25.54259609823993,-11.755389353329301,21.978590449587116,33.42798507523454,25.02891390660159,25.534505639916862,23.28201664038894,24.341462007917393,11.148665522429882,19.911117120782194,-12.383427328631287,22.786788697719516,21.665826824816016,31.528864126202144,25.35543548675687,23.590737295544365,23.71960003544723,-10.359270660554468,-11.620016513792558,28.908997422257972,25.06685978529571,21.156033939161404,27.03118830027422,28.680015266640257,27.63178091052051,18.20558069201974,24.028214601461254,-15.275817916399145,21.664815208631122,26.316309988039055,22.998233495458386,17.591632249044608,22.03503169938501,25.66793055916455,23.704464526233135,-14.246785420136952,-16.90283721825522,-13.15111254641344,25.2030836418934,27.208799962999283,25.265046809035397,27.02208170608173,-9.665028401670218,27.24394910799282,25.97846324749502,23.42014534866421,19.372045002165308,22.66119877976373,19.204585449536957,29.108408958298696,27.10402721350497,27.19624652544318,-10.877524258674125,27.35520379909,26.41578125892036,25.629897654431495,20.504929372531503,28.479479601112235,24.867217245284596,25.415629599309405,26.732701927782504,24.110967075333523,28.829070854628075,-9.132355815123072,21.167287611952755,25.703178824091292,26.64438186757467,22.925331393075307,12.665101890828229,28.925691813490275,26.544471724107577,-14.943207590190156,21.56956211062594,27.28759334538489,26.88037853582815
28.05186440549226,20.304907970172906,7.490093397225646,29.175474031009077,26.953725969503065,35.444128721462185,20.724976860285402,17.851350461502477,29.181145958452873,32.85341605901958,-11.093385019415711,21.49956373705281,26.77510856583105,29.58131890485901,36.034784267213205,-12.986616689449741,25.543801750476202,32.40272760791976,28.3695441891016,26.128060219630154,-19.54785753242905,28.14699872643814,35.48981025128577,26.307938382578417,-11.577047691005392,31.473173860855734,26.671190829958853,18.452252274980765,-9.819863828580123,31.475283711626435,31.013183894135224,20.12419316008616,-23.018092169978395,29.012459750846986,32.960068539512726,26.572335444795442,23.142797627372733,29.161445938005492,35.49655375939807,29.489679628617516,29.091026714575584,14.650053238849015,30.899363531186975,33.90440541666145,18.918719765040606,-9.912003509970152,25.973568386866283,25.118101350659785,19.929704335420674,34.700557474087375,27.533555906086676,28.844330766454444,-11.474964757895293,28.474487070130223,15.812773301204162,-12.846541523776773,23.36864656184495,34.396579417031504,30.022171006217764,-14.355814579880777,23.96655431757575,22.099846287751582,25.646435139757497,29.943052553903144,11.074093877237534,30.645071599496223,24.77404626697955,32.47253680157625,-7.257208790746551,29.892933710346743,27.679187580582465,28.66383024008343,27.58277904442503,25.065687226508462,30.272991197625704,34.090344115921226,23.94847948129764,34.765009568269875,32.367745811748435,-16.27944942175797,-9.307365197400602,19.00909744972843,33.84086996259977,23.22260804504823,25.60519030731759,25.773329507117154,24.995036985589604,26.132314327987398,28.909190791614556,21.907981765747795,16.86950328989473,25.709848177025187,27.041219969675875,30.02611162580626,-15.198762563977768,19.513944617582492,28.360492194340285,-19.614365024688325,-6.88646837300781,-13.682141610531744,28.272255986956324,-15.471143470714628,33.63204158729586,15.047653339532964,26.813753263916457,25.502206174742998,32.24263144837494,-21.224789600641085,31.83667702295761,27.691201004695035,28.782282999593637,-15.790453428683296,26.94397301714983,-15.58940842218163,-22.13539347945331,25.918860079898103,21.238464168280387,25.76345388445917,20.69231927486049,24.017062168402642,-20.747329672029327,28.026407562523417,29.221718745256375,31.384402085594914,28.736620911956248,29.563072461709826,-14.609793613753416,25.268994971843842,38.249384508135705,28.60562968098489,29.846979711553907,26.992660220762932,28.056534831830692,13.040640866526935,22.646804110093925,-14.136252887151775,25.93958301864639,25.11733265736983,36.00231490726218,28.925757045529572,26.99934851310708,27.604761431311758,-13.05949839839361,-14.737727703906073,33.08746558491727,29.117572992013038,23.99165174970568,31.310075463777853,32.68836722340389,31.042628308466885,21.215959488020598,27.021398245778435,-19.038541252587432,24.045224583293678,30.427846386649072,26.749692486982184,20.302091365253954,24.826544925473197,29.530369705334515,27.07116252299506,-17.652859195008645,-19.487536690819944,-16.417927670631073,28.536801357544263,30.828078372681766,28.781841589699436,31.246188307416077,-12.807559028076787,31.3879198425638,29.575767196262877,26.50601354349735,21.97890553660395,25.89625153367734,21.46607144004236,33.04805415473604,30.667929764880686,31.577355816605863,-13.679686584321507,30.85907667669577,29.878076605218695,29.343529375511313,23.213885419342375,32.571850026041076,27.675018083483113,28.573302962760145,30.607990947841078,27.721930270314903,32.76119112759254,-11.656682263108776,24.05865202632806,29.336989987758894,30.634507008499888,26.1127794969477,14.371335383092964,32.33744698795816,30.244109613257013,-18.7495216838673,24.072509010131306,31.359612897152996,30.702585005928917
25.648016531919808,18.65028925701005,7.226268993858511,26.41855889911398,24.22114193727629,32.252859092794594,18.328000695590458,16.269676398557625,26.042292584103883,29.7343870992367,-8.967553948656109,19.56856329356183,23.55026682646894,26.826931222971673,32.81320685160954,-10.849934340624554,23.674401763901887,29.84834799689109,25.962207543495875,23.991746456429,-16.765603297333328,25.241384881052486,32.32426760617044,23.876722664440884,-9.326999037866655,28.074524539318684,23.761696900256613,17.235941898240274,-7.848261488138923,28.31992477202086,28.93398875528135,17.882239361032177,-20.037480326697967,26.374363518303543,30.41260418037132,23.903723816051077,21.05432821976727,26.311790397042085,32.08656552597923,26.95184171389948,26.434767873409083,12.938050906506211,28.06472085424576,30.77820052077246,17.12063403514148,-8.416957883600022,23.53093522891715,23.221401073804387,17.36347679346123,31.88371671064144,24.517853791263885,26.39464962176756,-9.616428913108086,25.373242321244415,14.964293990216532,-10.458272542897413,21.074159712687628,31.378489907246255,26.789662437651568,-12.387745332335241,21.70412491887965,20.007120364961594,23.64341940555443,26.696395738283865,10.153838765073901,28.08260112554884,22.27173767614924,29.38572351582306,-5.629369703024779,26.831777692130768,25.316713020168617,26.035463032434222,25.080047212430525,22.33318178235694,27.38265152570361,31.062603782006725,21.379307961836073,31.771048749825606,29.368653486987903,-13.860925330000258,-7.585845001541424,17.996212676165808,30.710885442382384,20.245509661439627,22.60144051409187,23.21861991184365,22.39092300561654,23.26771562838595,27.169290854298367,19.974466443639518,15.51574292774451,23.387390214479286,24.747434610984126,27.243968936539094,-12.410086954408014,17.80504571009775,25.577485817347952,-16.7784782952681,-4.825736106199184,-11.13453362046614,25.403039164967,-12.748554637864684,30.797016267436675,13.396361004123484,23.668784017964036,23.256547790134608,29.643444915235396,-18.00298742266473,28.44086487038347,24.827925574908424,25.843132566814464,-13.173794633513719,24.31678844273809,-13.401044239792515,-19.06176274409577,23.930797220685285,18.643299814328916,22.823824838690577,18.594422888786582,21.407322203960124,-17.719203640611497,25.26039289242351,26.345459282833676,28.180069229513222,25.990055819085857,26.56277408574883,-12.35936571965379,22.75296962825858,34.803328972990556,25.666554457561283,26.60119121106519,24.22310418607875,25.32977839951781,11.387892802814049,20.610972435555666,-13.220641941834714,23.697791667432696,22.425130329339826,32.745458835374976,26.353227451392684,24.412991824528525,24.70860556330267,-10.881656379943175,-12.30848067622035,30.00921961098741,25.920404715666695,21.850357280886836,28.128266887878873,29.998399589122425,28.71335730610987,18.59791030813207,24.781849198531845,-16.019408550367928,22.311031455188935,27.405320731548485,23.936383435970185,18.32103970822106,22.9424692501906,26.759990700991285,24.678919414165236,-14.914339343300558,-17.687587469477776,-13.838026597543355,26.314328445766296,28.412729113848435,26.420226513663035,28.17890143456499,-10.091686466148811,28.256402287422862,26.91393469371329,24.448735029955564,20.22310545325059,23.337929807617247,19.858359577237366,30.242635048189697,28.021196626470882,28.358114555854513,-11.480745705937906,28.192289000498853,27.55950322804387,26.687687329879385,21.095161425172126,29.703613508136815,25.767549889831997,26.354309152158827,27.990422690142612,25.059652948082284,29.769790076681407,-9.689540506232529,21.96346309994638,26.586284531972893,27.72259777011101,23.87311289719107,13.276926869062669,30.027060532594575,27.706156830169054,-15.660428730385489,22.49013224132373,28.432891025253646,28.049929924430053
21.687932658309258,15.320190228012935,6.643727443845297,22.22337717467818,20.20857169159414,27.50864377198949,15.243419791088247,14.02477118627597,22.516844710700333,25.189110695898968,-6.316675219010616,16.77459666162421,19.307036198771737,23.264104782924676,28.372158543399674,-8.824989910809935,20.738753411661968,25.440336878568925,22.597179198297738,19.858401783761142,-12.824684951573275,21.16221601490297,27.6954233891246,20.610437382293803,-6.943874861389067,23.894584170105155,19.36859799253796,15.514341863239336,-5.1324897379674255,23.789212039185557,24.75317362524749,15.458196651578955,-16.082740644834285,23.017340872932312,26.063258117183548,19.83125090172945,18.728322488098968,22.33482865770656,27.386985616770534,24.00979434443434,22.575771363864682,10.558505938901746,24.380862050516054,26.341173330258346,13.845993007604077,-6.6968125208616875,19.32172374271246,19.812090811734258,14.535443547746226,27.552526048037265,20.570886230217475,22.285808867410793,-7.469427604394988,21.450036045420028,13.10216981480104,-7.940647388931875,17.352724223477352,26.899249702545955,22.273861705097083,-10.337348688878098,17.861600252251435,17.498780730409297,19.6085519193482,22.157207254116095,8.73032151341451,24.091010425852318,18.60071885171197,25.057727889207843,-3.9332455349129996,23.156178695577648,21.883641420507367,22.564726372491045,22.16582192460344,18.491125698017253,22.556786981329953,26.623974117269572,17.70499224418305,27.77666207314205,25.207966400685844,-10.981263807848995,-4.805970966293016,15.086137156281211,25.845697543921148,16.769445708106854,19.36326967615556,18.82769981498973,18.444133122123656,19.360508545272353,23.68227902350008,17.954142730783666,13.64168696197186,19.211677288815075,21.624020904737346,23.019436845762442,-9.062155432220631,15.588420047332058,21.024763915516985,-13.716145902110004,-2.6160330285374886,-7.829169041829834,21.29409837120043,-9.49199395328217,25.97969621685979,11.216752272815048,19.944500383150064,20.042682504451037,26.36761319409795,-14.127155981539497,24.564065014956913,21.35834060443284,21.547385712275513,-10.404446688689605,20.97247412944363,-10.677166476625935,-15.440336208738238,21.385284214139617,16.501366532214906,18.65857418582327,15.184032915419925,18.515540627390266,-14.22789318345699,21.338301296340667,21.917226721156887,23.48672087594494,21.542766405684098,22.849197344434483,-9.220608485123618,20.12303790791332,29.918550124033207,21.44801978792801,22.30605764695101,20.37147500349709,21.6543884633846,10.133950904892053,16.777729963635295,-10.662209394695402,19.823988566808183,18.290048239496443,27.665002071196945,22.153261065566316,20.15965388166606,20.865387344298252,-8.357380169705404,-8.961597509545738,25.688913826113556,21.544844364848256,18.559135407286757,23.767101444396925,25.984856910510167,24.515651767842748,15.896066320146147,21.471419520576855,-12.582995345260967,19.517927861666493,22.87628652442797,20.83398416881786,15.3758442424396,19.937443286330875,23.260138774936916,21.296004130231587,-12.041106993104496,-14.42477123172394,-10.385879372601993,22.879256114951037,25.06650759722255,23.178408223272267,23.89374862462171,-7.311719713367535,24.2030854845313,23.187529758048772,21.467753207695765,18.002764364116626,19.68842525152073,16.030872147867456,25.9859400971849,23.76312571386261,24.355635637776736,-8.340327758503104,23.787660572789267,24.540424119956057,22.73580849250438,17.44895548853577,25.604170776777373,22.15680757647387,23.292243128671192,24.004208158129114,20.459338150214794,25.33872274915341,-7.081840103949552,19.547743664280457,23.148332704246034,23.227434031157284,20.155519469717767,10.762036197622932,26.008300115208375,23.78875915730185,-12.353956671282809,19.438883359493357,24.0437493326895,24.36185217220359
26.584150367997708,19.228642753541777,6.916256314054786,27.58489498477235,25.41229001761712,32.80804908002541,19.402601857803518,16.334285226575666,27.223080396262716,30.664729608166713,-9.954314527200504,20.058408876407988,24.706271808994494,27.34070372400619,33.279950893438546,-11.612568981272752,23.829298515298774,30.579590608763233,26.13014719502005,24.246216378903533,-17.970738183191646,26.084340612224636,33.10212446794862,24.571704661722606,-10.435767572113436,29.314688478929376,24.65477534494331,17.163549921220056,-9.014875469050075,28.939536370512105,29.050681965935297,18.105267677022884,-21.076865050536497,27.20355011680161,30.680272835251458,24.412789094866827,21.07667030450332,26.718970044698914,32.87360794316667,27.024713443195093,26.708575272266735,13.482128086453088,28.327175077634443,31.645084737187474,17.73227544701432,-8.81358454671523,24.333169694400638,23.481644743099654,18.82611345390964,32.398213118573835,25.83011171091612,27.023356547810913,-10.413398619290092,26.669089316590853,14.449548048563644,-11.531153249793222,21.729919221150872,32.35087610914245,28.006458809445906,-13.222283894059983,22.666549197862864,20.147382144591077,24.18159125365578,27.59902427977776,10.532536848075125,28.85790966609386,22.934363277079836,30.019116837764177,-6.349357476141069,27.419073643143278,25.642157567907415,26.891144514772122,25.689498080190084,23.233499024151072,28.15703163889741,31.534009740685544,22.42371290546773,32.175393230823396,30.134885921841374,-15.10033176388644,-8.311839623835555,17.800751190811255,31.872899572413118,21.792515792578197,23.88106686973858,24.044622098310505,23.09498120982438,24.09380292220074,26.925380720977472,20.145172093931425,15.788192636195838,23.8315025800431,25.560877663140797,28.20004280219719,-13.965311920223952,17.993987476930894,26.298425145034464,-18.17556758975835,-6.0687582096393795,-12.3150854125596,26.3033945352631,-14.097654578514554,31.33437138035363,13.905097177704343,25.135490391259726,23.51247687171849,30.031052203187894,-19.475251813324196,29.524131362838986,25.497591526826636,26.74142637684974,-14.57025735468209,25.07861471822602,-14.115439909253793,-20.583638725305654,23.68967763155944,19.79222182216002,24.240099567756065,19.40651055412508,21.69928444046838,-19.13483312797622,25.580001000445247,27.44393466715628,29.061945461779004,26.636138008045165,27.667289355452134,-13.424733217320783,23.461159906443356,35.600626519444624,26.451039301737737,27.625715934790662,25.164493232041533,25.86003381384673,11.843024279726741,21.136819629496767,-13.075206551342353,24.446564987036343,23.502850873156888,33.670824927275106,27.14953580173467,24.949135161250787,25.663880291373605,-11.978305298543386,-13.542520721779676,30.87451754085153,26.81559005014641,22.223763554771196,29.037258541130537,30.24133684017298,29.298645117217472,19.590633387716245,24.75800909917291,-17.41132299531942,22.491379882108635,28.593496463751496,25.21230005948092,18.78732403955489,22.83421441860622,27.678929609627154,25.06091241695187,-16.073090422284654,-18.059789592582142,-15.137358041932211,26.837234139893962,28.784214398841765,27.023319196449524,28.955991273174973,-11.443061481476136,28.87669106440705,27.535355585958612,24.8839064730551,19.951403261002266,23.899807278516306,20.4380679485229,30.48312320587082,28.755383999007826,29.64004801783346,-12.489827233913244,28.764694952373787,27.50082901184486,27.251642252426322,21.851682874931612,30.002602105523334,25.832474031961375,26.2057902042573,28.80548561312399,26.159474311240455,30.390939972707823,-10.690208873100824,22.578775945285678,27.145954755274175,28.48305273544886,24.278232493699893,13.2129900616909,30.207428003486132,28.39909164125655,-17.1490251714341,22.213648866786247,29.45656052378592,28.768439701460185
17.667301219865127,12.298262895657086,5.815717794879262,17.43393793704944,16.09320045431201,22.041038382990028,11.237638954362762,10.80238339808042,17.41396142084387,19.951627389520947,-3.8194192061619154,14.116618108994222,14.613922478582007,18.233870496154385,22.89868066270868,-6.071385300943206,16.86407298074409,20.9803054369255,18.359237746536397,15.92424503307402,-8.762159822164538,16.4061705168901,22.162279798095774,16.265132442015524,-3.8446116979815343,18.90789100457994,14.795476871408502,13.063831122756927,-2.831335435798388,19.342046365291477,20.536363137367598,12.024368749742555,-11.445787905882137,18.222176042942433,21.749306073449127,15.562698122059123,15.509920698436789,18.183346891112617,21.79296280182687,19.85559126800517,18.680382548184433,8.447807564790788,19.66694953260377,20.96095917311478,10.758123816691395,-4.72144428106744,15.508747111465395,16.133376526508552,10.515394893868132,22.600624160968636,15.955566156378238,18.26344731372116,-5.265000873573981,16.42452049815048,11.038437931954194,-4.780137189476714,13.53887434057633,21.66778399452317,17.094526800912465,-7.394628002423541,14.68185561243847,13.791154281814366,16.536277603443924,17.820626477126623,7.263094523771434,19.641062486488664,15.100377328500672,20.629479855514305,-1.9677434720456233,18.50312615736655,17.570564435658543,18.146927244490715,17.806988176804456,13.992503053588282,17.785838362986855,21.179779400784344,14.402016700304033,22.452942011445725,19.995391663991832,-7.50744314480495,-2.7021892921664814,12.805430382444813,20.555698917224014,12.309705075309534,14.681808082950969,14.53935101673405,14.681714171131489,15.005984334200793,19.979629198099644,14.225563017855736,11.101083271072024,15.067277005059907,17.420228848242893,18.440127357370738,-5.502233328132957,12.856789295857034,16.462282006245882,-9.273789963336617,-0.3351157882307444,-4.945956440530958,16.737262043461968,-5.759742757744245,21.08163701035325,8.438777667353932,15.041801523660745,15.981784146714613,21.777226098004547,-9.525297748954184,19.202899785563467,16.347694631785057,16.540294268469758,-6.780025574063805,16.355041736537178,-7.633225060043066,-10.890172182580644,17.886766305860853,12.454407576502605,14.02669559047808,12.058243587157662,14.306335648075708,-9.609928303935089,17.290794744100793,17.63387110048084,18.68977829585987,17.156291224460585,18.300053665100272,-6.027595386428984,16.51932366472994,24.134866774564323,17.44904300980941,17.143775073689138,15.683739401619679,17.248262934482785,7.612533594910769,13.385961410395689,-8.684088646291384,15.783086876867618,14.031404765232404,22.259379231585704,17.932168231308466,16.104526187211228,15.975379920996565,-5.126247598929124,-5.934837263392727,20.994777954025704,16.75133714915641,15.153443668243206,18.895088066659703,21.050978923674197,20.235657312364175,12.495982094768667,17.990442051566426,-8.332598235418658,16.63740356723228,18.099063621432702,16.309766843204876,11.701027366456412,16.907358288750157,18.56998529201093,17.1701888422228,-8.116596924618749,-11.423287503195297,-6.6594277783714615,18.980795556785218,20.631787509336366,18.76545685665292,18.844139238362906,-4.0965271191339685,19.423251381025132,18.79305592126713,17.756469058379633,14.623548920996654,15.603950925735752,13.640481956962581,21.425057640458892,19.62407786288199,19.07473340832166,-5.05123731567541,19.641983231643962,20.0987101114142,17.700145046632016,14.456875064722439,20.826327488829676,18.82020253707723,19.436135722199406,19.204607480750383,16.17163593079999,21.069662666768966,-4.341870475704719,15.965879364720728,19.080436949005747,18.613066192318406,16.16378549627519,8.691633222715843,21.464501428375012,18.945368381305354,-8.029771114768478,16.50255918166109,19.45974885014555,19.556725863749023
20.199756009943908,14.437781888393307,5.922857231544709,21.150461980833942,19.249376389774074,25.729560586510885,14.857174242598145,13.144921689508312,21.34878066531423,23.84317920996948,-6.725962260662179,15.876099363153571,18.635246927753464,21.849193042193193,26.505467089537714,-8.823157909219537,18.963599088300484,23.484331808515865,20.91324371621646,18.552329478585364,-12.960223359822432,20.10474190012011,25.8279944412504,19.221408469776446,-7.40327953949058,22.897447252968348,18.635995310355856,14.168639926673494,-5.775395634565287,22.425269844258207,22.904073444128297,14.433563617336569,-15.780113347817007,21.30996685258545,24.153440607748315,18.697014931469973,17.379158375467636,20.84685828458896,25.894176917523218,22.032285492339707,20.968193178287994,10.05257775381699,22.713127144716438,24.630678623300682,13.214307643640504,-6.581170647145003,18.049002772312164,18.444678535860803,14.209867471613228,25.518995859788067,19.85361994068861,21.025173626533956,-7.555118860060046,20.427528746818414,11.744818584523,-8.01822123119051,16.564660361371754,25.035894949988222,21.306330848195657,-10.021796098538871,17.137171876767635,16.42231450751885,18.319275597920583,21.125704489383345,8.045855724951926,22.24266827189641,17.755347511156796,23.659441407972494,-4.151521623190378,21.987427105705343,20.415742431205356,20.870974742635358,20.457608242748577,17.833594133389376,21.456855753341962,24.969354417536664,17.05572854202918,25.74914010234712,23.556982291730836,-10.91246798670463,-5.113873285379939,13.605375842263678,24.233716349359515,16.536321432241806,18.44132563723566,17.967609879006517,17.483022750217398,18.457369223758153,21.53099621288151,16.495753558527404,12.616256861013218,18.126537460240296,20.067041435907953,21.566795477020516,-9.664848749644305,14.283564178529668,20.075202359496906,-13.605073345074432,-3.4361310901056257,-8.167961454087669,20.25262624597289,-9.933309244287194,24.14810252940237,10.848029427425464,19.23814020215971,18.59666250551805,24.088474456073627,-14.249344708735823,23.411258451097556,20.109484696817105,20.519552139857396,-10.67163676370345,19.526116765620877,-10.529609725238316,-15.313931925728042,19.3913260059526,15.642910618539062,18.06452046096208,14.674526317421837,17.51649991733644,-14.215098192083005,20.054380412530236,20.563222993045958,22.450554784970684,20.330806324888574,21.42882502540079,-9.489476145146718,18.824076106944275,28.035209912149693,20.266296534624452,21.253579138542705,19.301963028461806,20.37164618703877,9.538023506962539,15.911550377728064,-10.00379721490136,18.83390779411448,17.698145961611267,25.98307819438556,20.6017941075526,19.05391909665073,19.905321808488736,-8.70607607006085,-9.33869568051786,24.200872981242693,20.523011013780458,17.18362074639107,22.656042948204213,24.00111360224661,22.519754541395617,15.312199409446224,19.841732909228217,-12.870245511900231,18.217922820004997,21.592049825236465,19.579062136243902,14.588682114656493,18.436209329197126,21.55283201974581,19.55434810054051,-12.061793765601003,-13.808031075103441,-10.67308966294547,20.95615724210534,22.873445409374103,21.19787308219459,22.775154021493865,-7.985847362868373,22.861647564995444,21.62942294709591,19.546939360502215,16.47471974081469,18.561737462444224,14.99722548482261,24.281751156748147,22.208260854133417,22.95082635263227,-8.719161711768342,22.42603877463328,22.39943197674587,21.32814869741878,16.41628589808181,23.845311609614633,20.28928999761042,21.3136026903112,22.368617916525956,19.357892446057548,23.7870924038204,-7.463130646076763,17.876740363716177,21.65576502507226,21.938569655146008,19.002189881360646,9.95872945044852,23.968285518635195,22.042500112393583,-12.57698859822826,17.829141906861828,22.671749684538973,22.42266697286716
22.246896986604032,15.554916676522422,6.310118732019584,22.399672346340008,20.18532592355393,27.28413453676054,14.873879859661763,13.204015577277918,22.609506222850257,24.811650912207035,-6.425216673982981,17.09448143117585,18.988455325074426,22.49985277353211,27.70415371221875,-8.864564000650956,20.622960917845106,25.923515792220954,21.872522271859673,19.55243075702418,-12.660877837289128,20.732233449222782,27.575713686960864,20.95732896440741,-6.6593808042316365,23.967751378895894,18.95960614808722,15.14370942208989,-5.741066249301425,23.63212462843034,24.409320098545802,14.943091984959217,-15.784854296007431,23.13303286114126,26.244245705655878,19.18013642518313,17.94208202365024,22.085767603305825,26.913636538577784,23.574077936273582,22.398424075259264,10.431505814654418,24.06569653097446,26.56500954526028,14.102288189379097,-6.502607548123693,19.500993146097322,19.329145629283286,14.356480517096774,27.690994737716025,20.75289257491,22.417848276610062,-7.587740372977792,21.1930959387711,12.453906252025545,-7.709501412464351,16.87261058694326,27.35060160308995,22.121958136491582,-10.360140889001647,18.155073608358464,16.936973814988274,20.15164555284066,21.93295792709835,9.037466046604715,24.7966722282752,18.70597143046508,24.87688234505332,-3.6567464653788435,22.511070247994432,21.1937979005257,23.188214577184603,22.254417498670776,18.23108005114415,22.209686135745514,25.76231760823583,17.84349355727711,27.63400877178811,25.040506276494227,-11.256021187616044,-4.628623915724781,15.160461264236483,26.2192038233422,16.518168508544928,19.399592340379435,18.63830331413442,18.244167574267188,19.065124032731536,23.53327197543827,17.736572365071776,13.267260071573157,18.830578332628697,21.954920703824005,23.110885906007955,-9.175350418447538,15.013491283229227,20.38443627660914,-13.341676226535041,-2.7223199126412836,-8.065569276616635,21.0535958675142,-9.419024824738136,26.086682749009494,10.70430835285304,19.844996395698303,19.24982238911017,26.520455162992583,-13.95497903866156,24.06186346676713,21.079630440720845,20.930462730128017,-10.314731507124632,21.06135377538832,-10.443458154320926,-15.361358331502242,21.19323490509682,16.672306283029194,18.93762286057123,15.231113018148212,17.652825640290835,-13.764116508980852,20.989917832500893,22.496223896969536,23.38758250358586,21.185322602122795,23.478349551694205,-9.032103899607776,20.471379355232934,29.67735585947026,21.307540803929673,22.049512855835903,19.951776012513793,21.29860196285071,9.643201268058974,16.668912882313826,-10.743541507739069,19.576061620368275,17.90182502674286,27.53409443773184,22.480796428778937,19.898446624643356,20.26959212909082,-7.865005858877979,-9.56940979506282,25.99650102577327,21.049571303892865,18.451633266042965,23.689505292434845,25.70171229563717,24.734911435366357,15.54584476678024,20.92508820141364,-12.428033604328082,19.336533217529325,23.313938260088896,21.306433321178226,14.658612602570098,19.848765941973735,23.58779617749392,21.296332865880462,-11.84585854230859,-14.337220693763841,-10.549321354554015,23.513161215553996,25.303353687366716,23.516160984252185,23.393744482934174,-7.304523367978413,23.849025849999673,22.896687857328818,22.078671407720226,17.21017447657788,19.02193591894293,16.785408034282685,25.552831318836745,23.933456299968576,24.713008802827826,-7.993436597715255,23.51911978177326,24.057749811183093,21.970187077124738,17.696993052049876,25.2460749509309,22.034435315548127,22.7509340923443,24.147504642056358,20.865886904653358,25.50001615715839,-7.153060706587285,19.940392754085174,23.227429669111583,23.09288703766968,19.55028248384232,10.727529595822293,25.313193662755523,23.672903490879424,-12.20102074191533,19.15929691397857,24.55993976113909,24.53365328820745
22.08542459580315,15.69593822565963,6.4085385891548725,22.679798380489913,20.784459787478994,28.01335560924883,15.435048712020064,13.771076559562221,22.848927340360202,25.647927156802233,-7.015757216112291,17.584543226768456,19.851213187980825,23.31820873312974,28.690253437642124,-9.33040584412216,20.629984533819545,25.861806114270617,22.581741802123048,20.236019336738845,-13.55279857709828,21.501249149236166,28.005168217943826,20.889883436253395,-7.368840514123252,24.72850419144212,19.906494566436677,15.510632591058727,-6.139130234268285,24.61034409519233,25.054345687795962,15.53923678585601,-16.584403959560994,22.962477644904254,26.83164568840626,20.11682143267189,18.782508454420448,22.84527005206893,27.86834836778991,24.077741579985833,23.07735849483686,10.901421347903382,24.724636598539277,26.74089235029628,14.2295126290733,-7.032227917138363,19.737848883468885,19.948429458993687,14.712634597698344,27.978438488086265,21.33570733527558,23.053412571473995,-7.998815736592551,21.66865293866611,12.913315767231753,-8.090370084388342,17.690393623897215,27.368632114125184,22.842560349073782,-10.487846058925703,18.78808399867468,17.498406374208223,20.57669095073441,23.01239540242029,8.923667732523924,24.54657151044547,19.455044178017893,25.920861235737473,-4.0094941459497,23.615632434370607,21.904562534863945,22.89967638295315,22.22293905781281,18.82835094222337,23.188043538087854,26.782666145189506,18.649927325047443,28.048873639096225,25.48137188965404,-11.490423253395944,-5.215730280963754,15.238154605462919,26.320850060625816,17.239242486591806,19.588675108256158,19.2838290931833,19.017427280378314,19.83985696617229,23.774764745038464,17.656132954019697,13.53511202874676,19.514799119195036,21.808357546974836,23.48590242375623,-9.918847010409804,15.354604887762228,21.466676061231976,-13.858986476560897,-3.221327222040713,-8.629993470229405,21.77187680746653,-10.083771528225965,26.43732209428854,11.303684203675882,20.37436062377934,19.90749115691301,26.466119924957262,-14.747554093311297,24.936053437861293,21.535068738849777,21.81307323615713,-10.9116558738698,21.10929405410012,-11.14060570918278,-15.936449277462549,21.393503154796377,16.620651891377776,19.24956632936354,15.917495256928419,18.59018624387366,-14.51783338149735,21.903765565291412,22.635451272444563,24.44418688929624,22.037490153176208,23.423532119844786,-9.836496960720055,20.62770605426226,30.377213460698645,22.101625421172027,22.702373492034837,20.36862533037049,21.927946787186418,9.863719006105164,17.260790146052525,-11.129235630198686,20.113289955594556,18.74025041804064,28.163895330327765,22.49874244561662,20.702663805578947,21.073716905294397,-8.66968719036731,-10.05564671360592,26.532654832431056,22.07551340328309,18.77755953656679,24.613573903498597,26.18020290488262,24.719163199570467,16.33690997915451,21.814247653068392,-13.22790262852499,19.965465172960563,23.460946873494358,21.10728610470042,15.275906535533942,20.58507648047134,23.44570659846204,21.330008235161003,-12.346867394267926,-15.000883043858801,-11.031235103136472,23.207016508762628,25.134341548985766,23.140890274165326,24.432257629140743,-8.08758926231682,24.813633875759123,23.512974200210667,21.601102786659105,17.852221110331236,19.883615304542253,16.91081545192834,26.574174508111575,24.390014131887852,24.70967457672612,-8.848111912847473,24.48546000410437,24.403129052027097,22.64183754459855,18.122784443025285,26.098793144395366,22.563225324541975,23.398698162477526,24.1790389129659,21.060742979074355,26.28165921850299,-7.793647090067732,19.579737638403223,23.7853439039402,23.77720654604528,20.360788940130885,10.988236532999192,26.035210627670303,23.84158088439581,-12.894805763546433,19.8258145547115,24.872473045841346,24.37913227363751
24.0347200460046,17.034837038213904,6.629081931664189,24.35579566905531,22.195823161605713,29.788415874245935,16.491501093972985,14.579117278456138,24.380791171078915,27.27881154269992,-7.4745249382474235,18.34494121764681,21.137483216584545,24.639938633315918,30.296647867611544,-9.740308267227206,22.20227561831218,27.975981372739177,23.938618785207396,21.65363446514984,-14.564919464284939,22.890006923781637,30.009537145140413,22.422447332151815,-7.926345539298602,26.049351321108905,21.201246600464156,16.2427971173337,-6.749121661158687,25.948347547343225,26.623239251633052,16.337649017706678,-17.855709584737845,24.84890834222922,28.394547623457477,21.406288115247992,19.57309930203161,24.16422587480418,29.426189258045937,25.362540483986635,24.386137181482095,11.566084290434082,26.073286511389604,28.675418174659974,15.504644914201009,-7.361851862848865,21.47643592016399,21.22337610529055,15.816847382088723,29.830538796443243,22.597174392022982,24.352475237905463,-8.61374866480237,23.295366583327233,13.630459959669334,-8.983971246016003,18.878067770328798,29.45978378547974,24.43080274646316,-11.41312832516201,19.886184897723663,18.389427719654257,21.938681502670892,24.322807506709218,9.635644531582814,26.569895535095494,20.392525169051012,27.123485746802302,-4.495661425179518,24.62631386837492,23.213634003587476,24.741056415662054,23.70969610557452,20.094436819531552,24.661315079027265,28.36432550047918,19.69177428295516,29.76727170410559,27.24443115895065,-12.588780293196647,-5.897151639596959,16.517674011726385,28.500338879983726,18.302307255198233,21.052700925180346,20.76360647460716,20.252810041267626,21.033838450832054,25.416112820822384,18.85232212967925,14.334428871207805,20.982514541141633,23.478111658118635,25.252753342278144,-10.672880628353903,16.392686952108036,22.81161749129936,-15.021457091965747,-3.6260715045165086,-9.424619615015544,23.166994490842118,-10.887901315320667,28.406414755659426,11.928240347511617,21.758798201155777,21.24319244663555,28.27219048984582,-15.818671219231836,26.27256429587934,22.909317064852424,23.309793144082608,-11.650351586856354,22.72591315897751,-11.793420550012483,-17.150738358955945,22.614234066218614,17.73880212771129,20.788410083334547,16.896714541094948,19.3971710173077,-15.607504241135334,23.03466522585514,24.470950857292255,25.718794137335937,23.48220088220551,25.116089706053685,-10.621637400731565,21.749939814672,32.284833572722306,23.44232053258415,24.25930951711528,21.979964549924066,23.241592942435744,10.422243648903967,18.495888084420358,-11.910288412571802,21.49047473936883,20.040947174559367,30.149111459196014,24.498944222115814,22.01548661399756,22.45695713365833,-9.238073575210299,-10.864552667881982,28.048624764277665,23.426269343072107,20.18975579069639,25.865148712682245,27.897152897356655,26.86381041853043,17.145390128523267,22.892375021808256,-14.111638749727765,20.85290095178378,25.368144669658907,22.759746872811768,16.365847735395718,21.465774869969405,25.305439284082944,23.00080253430473,-13.299794961988008,-15.960530662538117,-12.043299444435066,25.08437274203774,27.03739543443354,25.152014807183992,25.73117617066279,-8.594312701824816,25.995013993247333,24.983656291800333,23.409813749034292,18.71413051162924,21.125719109661503,18.26774825790101,27.902909790514517,26.04114235767132,26.57497787272401,-9.555273247100152,25.77588934733758,25.873950828898085,24.224371256242378,19.40050864559275,27.547591996761927,24.01794094513257,24.62012718509444,26.068099207150876,22.948735469693208,27.67784755715095,-8.291627011292647,21.08175362349323,24.98962273410677,25.357797628338616,21.595152362109616,11.94887364789932,27.708565140802985,25.788000282657492,-13.864194916526175,20.86387198072919,26.540238788260773,26.408284152676586
24.156303662961584,17.17324433854705,6.5790227848989895,25.178839988180943,22.84373261138758,30.46338289591602,17.38598977880269,14.975171807861456,25.32275336254865,28.113255887235464,-8.264098796737954,19.111300355137413,21.893384492961665,25.41675114409636,31.13833192312645,-10.667826496465095,22.239219619793683,27.913086471313616,24.155358079659273,21.810391088430194,-15.507277734831229,23.58775079848159,30.447651929606277,22.986796022157158,-8.890315145695274,27.399831446295476,21.811567938616033,16.70393058590431,-7.564862637769647,26.69088393466888,26.912652673346994,16.839696845074382,-18.614246272024616,25.121869709451104,28.920285830230796,21.67969800182079,20.07169547573286,24.590781390305594,30.52540326349484,25.787246773835914,24.751855169659773,11.839201059934208,26.75748477822049,29.27338714437742,15.722664789175626,-7.838399296282168,21.364787714042407,21.53861214986949,16.727594319923462,30.348285312304238,23.921360289758304,25.222550399637502,-9.087443498538683,23.896515691414592,13.357530272536865,-9.299022427571481,19.254571362400235,29.904959457093998,25.230104837835828,-11.795803522020316,20.720065934736933,19.110570333531715,22.196049241223275,25.073897667365053,9.752598752544914,26.730480968053456,21.4202785991397,28.22649024359942,-4.660451637625574,25.840086425043676,23.725139062218872,25.025266580673737,24.218829813567172,20.87075592746105,25.36951636923745,29.06033755642991,20.489229147936626,30.40616875497116,27.789755825206857,-13.242287919198379,-5.889612758420943,15.916693690702584,28.836137109390066,19.53032655589124,21.756591452041903,21.17198705940643,20.653937059972897,21.67307855671125,25.22723936340819,19.163765265269024,14.643047865880854,21.073265980719192,23.927454993188167,25.57791337494899,-11.873276694511738,16.181608828305873,23.476566953461038,-15.94990627011826,-4.302876388196104,-9.96211522571199,23.94238377152273,-11.890572681457135,28.605072357352004,12.569462092890573,22.77918404539361,21.329380508276003,28.542008172693254,-16.97077734874369,27.56890328964091,23.682369725036175,23.89107740094603,-12.818186586659646,23.073913102498835,-12.499910843080817,-18.233563138278207,22.767775013573715,18.63377660169885,21.595763682609665,17.628403905881243,20.334475968355065,-16.6356812615374,23.730688825415424,24.736873442366065,26.890474496326906,23.896253322247347,25.75814423695283,-11.371779062391488,22.626654918039844,33.10162142776556,23.976779164369248,25.003559609653422,22.315887560393506,23.77952582446795,10.81594797545938,18.72198148305095,-11.869350082736258,22.067423310985557,20.818858791776282,30.63066704594619,24.370893390522923,22.41747307556492,23.152643647560453,-10.146947992029782,-11.844959604500994,29.067673805076403,24.141115561267657,20.314232638595,27.105597068332028,28.217825588340787,26.574793765017027,18.057565592131606,23.185211651371713,-15.350274024814194,21.374831148560883,25.871659534155604,23.420219091848843,16.608207966964148,22.048350311761382,25.616918756617444,22.99427255735254,-14.249140247976467,-16.39051000124973,-12.79216403433487,25.107214575223598,27.135916037218305,25.120966282541946,26.927167827535452,-9.753630338824367,27.057619197382174,25.429885360708923,23.36075718951131,19.131872078929625,21.601511478148392,18.230687685528036,28.68627002832369,26.492945329724723,27.330126419415883,-10.305873366509637,26.49119705033932,26.09501188610978,24.60769468128705,19.620274948160347,28.279521137344283,23.90149411839019,24.919803024217796,26.45966468621742,23.12698630047102,28.52279824706629,-9.174786872754922,21.24757439411791,25.909452784981816,25.92949585183638,22.053461106349477,11.608605756256573,27.83276703943535,25.89319286663158,-15.01620268494711,20.938970071749086,27.351707694142487,26.47618925691772
24.19310890618114,17.455256278492232,6.416385748431247,25.709143782415982,23.42424559645794,30.97951684748471,18.543660912722064,15.781718959372304,26.05492564947616,28.916813188249318,-9.10540204929333,18.83506017183595,23.159590855586394,26.470502786156374,31.706238225607112,-11.363715660977205,22.45019936886698,27.92686334301275,24.880498761859474,22.396752221142535,-16.966402700845578,24.651668944369238,31.083468956614237,23.11373332550154,-10.278031332658003,27.899488597923767,23.143759650776474,16.475695835800785,-8.234841235697912,26.960640550696063,27.03631529008182,17.54012069991686,-20.06916715719093,25.551074487743904,28.59913682747396,22.715236815235222,20.50267794118211,24.932524263697694,31.15852921078041,25.917144001667296,24.85682660060504,12.127379902609833,27.11815567690927,29.634651617042717,16.19900770776393,-8.463180831432073,21.8373296989575,21.906135887846457,17.874468421369496,30.17703161782261,24.35841508423717,25.12869629717625,-9.773537424494528,25.15330330276142,13.467088279382477,-10.817058941143426,20.422078041747252,30.049771242250948,26.364700044325737,-12.647665576251148,20.707392323601173,19.64830201814563,21.873905365053673,25.727013163142807,9.582719199053633,26.5606736325144,21.425616851748604,28.273085542628653,-5.729715574851665,26.44597714304609,24.439434403138723,24.98203572451215,24.244063668918116,22.057562537244795,26.18996891660337,30.07014473826579,20.92668401118809,30.694939488235615,28.4973260883038,-14.230256242220396,-7.173848540117956,15.679374282406336,29.379830824772643,20.809936495870506,22.74763276550153,22.073264296884382,21.28208103982678,22.64346711302662,25.090464689026703,19.460939797507653,14.867757929796557,22.0468490926991,23.890390232771935,26.0468972778964,-13.188704550326442,16.75981707003078,24.545705478440667,-17.54924940649714,-5.661222368168344,-11.101217495085479,24.729173231571703,-13.455299556237437,28.836488751053913,13.269473156323945,23.93100048623675,22.261725498420724,28.337370621656223,-18.54785015652821,28.467469387585755,24.5018310815498,25.27866158309941,-14.024999780352818,23.646264000115035,-13.546667771217171,-19.645244286059683,22.514665291219536,19.123483059889352,22.4919581273595,18.12155666464262,21.13449681354365,-18.408212181140282,24.011574320039696,24.927814748114503,27.342709037661546,24.67513807245437,25.825346643697987,-12.679506792464242,22.40828412544632,33.64069239563505,24.32990142325914,26.096671505279428,23.5915758002898,24.594765079161043,11.401847970382347,19.19714705431283,-12.050593852720684,22.751870691364264,21.89022225779235,31.335669814049297,24.731347139222127,23.010554063402996,24.572430569995987,-11.61344542239108,-12.509905870572037,28.949332302593685,25.244938106638887,20.456338669667666,27.56368836054073,28.641260614684843,26.739710141348084,18.767933866257305,23.38693275572073,-16.907491056147556,21.31096418208655,26.263009099197962,23.733456075096935,17.896578808928062,21.634174078779385,25.873451572630763,23.224607807114953,-15.673235944857293,-16.81889932807443,-14.225644167577688,24.76454896189594,26.981651704035055,25.185031380859893,27.669632090165344,-11.13394106767074,27.55931957492872,26.00749714567575,22.960411338631733,19.416943609551893,22.415977457225477,17.825692606886385,28.845568460677736,26.549066996009586,27.84815275638777,-11.82363762383462,26.73167239765012,26.334145926547446,25.795284219883772,19.65214666876218,28.546095944864447,23.89381161879347,24.988822271475854,26.801622428944345,23.67979510901646,28.30929504928622,-10.084377507347083,20.977233545505676,25.683143756625316,26.525394257557927,22.892547125067086,11.934022294109981,28.327627527146724,26.52789401610618,-16.672743463219835,20.915948718295386,27.38862338026627,26.73009540363362
21.561829919878722,15.538762839635819,6.15705136420062,22.368718833056302,20.281362220522553,27.16304853205875,15.673671027318115,13.909487255202809,22.080450566934715,25.30717387527784,-6.554856273132687,16.80882984403092,19.411181257524028,22.891236493863712,27.76058018861127,-8.72318712968879,20.196426918742254,25.211391947494146,22.104967445084643,20.1435608988423,-13.556528541626198,21.291812674222946,27.342439993013496,19.999724623069778,-7.359078504549178,23.833570986089875,19.856809511409203,15.10877665347934,-5.870821740400131,23.460249489521548,24.747231624652603,15.051274490715725,-16.251122978014937,22.140598947421676,25.77135289350811,19.708219955122026,17.898569120183602,21.776023072808417,26.950846545107137,22.842535897553816,22.187217943562864,10.501516858172984,23.630988208604627,25.868560323239954,14.144864372332407,-6.493549195425357,19.474688889608792,19.701313574129454,14.593310915058762,26.810544989239403,20.723421285421804,22.355759372350743,-7.637731841011451,21.310126594413198,12.569579101026221,-7.907752502578935,17.977066023917015,26.533606564615575,22.443735033303433,-10.170315022376117,18.445561710438326,16.63827662317304,19.956671334063156,22.107845876164873,8.853988116054634,23.66027642450514,18.586064883419105,24.88417607404507,-3.7195355394862917,22.596558684177438,21.684682910803918,21.831410169344682,21.07430227273847,18.80221048707539,22.945702386007312,26.36609972920033,18.13719841175726,26.961821499374572,24.988873957551117,-11.159055673541323,-5.358071963773632,14.794791000922585,25.76407183918071,17.084042936672933,19.007087367277148,19.354235382497286,18.501013503295734,19.406285065081963,23.189546234147628,16.731338061996215,13.392608827789793,19.422605855214407,20.992693267723993,22.967264590056764,-9.71234592412005,14.965517156101429,21.53042805203355,-13.758519233650757,-3.0272698660996857,-8.29686512227115,21.716839978406817,-9.983054430339477,25.686777720601754,11.053002053571001,20.046679305645252,19.49486645901763,25.213997701185747,-14.5583604856726,24.159183415718047,20.668861061630878,21.62048708702957,-10.626720055976476,20.356135588055334,-10.942722420031728,-15.784344343578233,20.15765829866282,15.614977077649622,18.872808075851935,16.068909002802865,17.633554618134223,-14.508096048971483,20.82937636163618,21.914894730182578,23.623603360868813,21.75232436264136,22.33756790070702,-9.901960063007838,19.4118989432621,29.617504015109414,21.198578253084122,22.31864820463647,20.312681972179693,21.375495493075313,9.217801317036558,17.011821523272687,-11.090009078164254,20.364680523852073,18.98089523870454,27.674381968923086,21.908254981533315,20.281162966884096,20.947005108880763,-8.680672378800677,-9.664741186121258,25.388363685573093,21.588369549091727,18.213420395050264,23.86263058477543,25.519270642991145,24.265709068187313,15.463994140282068,20.862171367560276,-12.989623861215739,19.413088318984055,22.945263689605856,20.148811335598555,15.489893292204814,19.380666519640673,22.55594944937302,20.415537073239083,-12.16102474635287,-14.842215223883814,-10.98621142456587,22.31912003554926,24.081631354922266,22.255548144065475,24.034514880239836,-7.655256115778952,23.919326629609053,23.068341296958536,20.563945399481952,17.253927069723755,19.505377597182612,16.60196649049579,25.694498619221193,23.727741654998994,23.854553574677208,-9.083476602649029,23.902698995184704,23.380513808009066,22.53306032140565,17.748609025788358,25.170095978421205,21.99603617344455,22.481117420776762,23.647135863816278,20.73913868313763,25.026603145418207,-7.503184989143671,18.510511516777427,22.59409816883652,23.249948277411118,20.37814069348391,10.80481550639739,25.750594381968323,23.46947650031686,-12.651010853500742,19.141195045902514,24.131868377204505,23.563687739890824
22.14144098971882,15.764560421756343,6.294542765516719,22.493405256986673,20.417495550747514,27.672966195298677,15.124811441778528,13.595409345587992,22.509673976107486,25.2156602125138,-6.704453195794855,17.249837933795302,19.43892570572142,22.91112695444395,28.14248028088787,-8.97142840147967,20.629772256623855,25.89709613992553,22.252607008932067,20.145446569751922,-13.196919368688716,21.20156160276213,27.78596750536768,20.792612819493844,-7.014716539882793,24.17450176603621,19.626728089044075,15.234862186554043,-5.9143486624185035,24.103004715306916,24.918251072129223,15.229421196766289,-16.237129185086758,22.868354194545997,26.565719067460027,19.791115484177144,18.232857829383427,22.410880950522866,27.29661874268395,23.670663312529058,22.74705842753011,10.65003733539972,24.337884605836173,26.558377262524477,14.29503839933925,-6.681410802993001,19.74889061891765,19.704898742844716,14.355052675486824,27.74544082629217,20.880683694783748,22.732716265869204,-7.8687510455971585,21.363406246102727,12.834865499257358,-7.876659244786633,17.492116830406136,27.257858158286624,22.4962996143623,-10.323591880171486,18.48090360126116,17.100254163532323,20.484331877915608,22.448488861598783,8.941845545627023,24.602351582761482,18.99896198202097,25.312557161104277,-3.8218374590782713,22.887094512235933,21.626924635553824,22.883303976874373,21.978224584313846,18.590457798160166,22.86487021007466,26.341886072905385,18.240386459326693,27.740625763747826,25.259911857797587,-11.23220540367567,-5.122799047978341,15.384162591720417,26.268366103082617,16.75810248983891,19.32706970829851,19.159546948916685,18.683160084622713,19.544385651511124,23.78889385520053,17.538817162486104,13.359355626540097,19.398679556016962,21.684871607714502,23.273656542375154,-9.479711772920124,15.172123809614797,21.110365491660147,-13.472741128833121,-2.962721748567862,-8.383449690594087,21.457270132483295,-9.710513997384696,26.35231300251089,10.935902817283237,19.983407005940066,19.62461619352654,26.31563233507366,-14.3339588632919,24.3166119309226,21.205982846829436,21.461234842789462,-10.488867409982328,20.95504724501131,-10.77674327719024,-15.558710297635777,21.179787601511936,16.29874865986913,19.053533018265775,15.634650920508886,18.002224574040486,-14.084091169367536,21.420442797085155,22.566541577363253,23.894502648729492,21.74229008934865,23.244747484121035,-9.57248603850819,20.273859885643756,29.972984497038475,21.671167144842418,22.36139286401804,20.16742399414276,21.594145274345593,9.542362794890682,17.15144811195991,-11.147588245910061,19.920781747113832,18.42285133321452,27.893923665377194,22.52155533195207,20.44727445362867,20.709862368639026,-8.314603045153637,-9.801376753172214,26.10511258857108,21.62982447401031,18.671000912719588,24.08691484176042,25.97418441617295,24.797601813058677,15.734315692821419,21.380135021409224,-12.77564034069981,19.632249894481095,23.361762872568352,20.938038108498542,15.065221768285848,20.19734003582462,23.34792860945871,21.248569558605386,-11.999843717311657,-14.837440082067289,-10.790059639571849,23.293823645102684,25.106861967094325,23.197942175061826,23.891541013452645,-7.6196341327821875,24.28841923391632,23.177543362715024,21.70200619934543,17.5276709636245,19.559161868243233,17.00738669737039,26.077988312411023,24.174644362636496,24.507735937366725,-8.57502966340036,24.040869574449985,24.12926756449237,22.385542101182697,17.956490858380363,25.69095312035394,22.44570622228402,23.047922432850015,24.07191859059007,21.04908619495935,25.78644828497605,-7.479390698573059,19.493653635597585,23.3477661882765,23.480322756743302,20.103501353138892,11.0573981674198,25.81804364477433,23.7977984566196,-12.448859678889459,19.594710600978836,24.662312228236743,24.33417713851697
19.99392583146162,14.050441588440256,6.030197619975692,20.244324249925413,18.552292027151413,25.222606045238045,13.482931322851657,12.30000229573788,20.448443853722708,23.005976034832987,-5.489061029573784,15.87692570826095,17.43203629498068,20.999616199266452,25.888796115028033,-7.829595515487234,18.89207932403959,23.563082652912914,20.55643955566293,18.12895908572249,-11.356719994770671,19.09856459047921,25.275744786173902,18.805521551191113,-5.807676848077587,21.992094422301466,17.5297395840174,14.3427059179251,-4.629464610218131,21.950934624922553,22.782700216569754,13.911364622236558,-14.270777922661628,20.868042186210456,24.320929044455674,17.90695892635973,17.19306205426526,20.53499317580385,24.943926583419554,22.065620389816747,20.82425508043795,9.594580220783865,22.331828326192365,24.068378377558982,12.613171899096354,-5.8772434200220856,17.65476458796198,18.118003266372078,12.847739633243481,25.379803026931523,18.76354821753388,20.661946948305168,-6.729661627158335,19.36136830811907,11.946513105877852,-6.65453000012345,15.786180028714119,24.753858716708205,20.203873260814195,-9.237004467868308,16.633806277312004,15.76044541370993,18.52115914273116,20.426112681215162,8.095796700683778,22.293905165324443,17.27723447033176,23.211895179440702,-3.0734030078507977,21.143801237499662,19.792079285529987,20.76005644785832,20.227625681174338,16.628181032171486,20.59253900031303,24.111512826955305,16.598271465459593,25.452977135396683,22.93495661130116,-9.805190279946817,-3.9813140186784595,13.968926456709562,23.651275738627724,14.995173070340467,17.46527412195105,16.950432398952373,16.91375208888443,17.584925572997207,21.90932927017956,16.1390317808456,12.29873263738466,17.39098501931165,19.85180350522058,21.148724910280322,-7.909811448890848,14.099002615122794,18.981081003445404,-11.910176532213491,-1.95085319088135,-6.872235141501186,19.34344081001947,-8.142465645597662,23.818437973478485,9.991127332811029,17.985495081846633,18.048726094035597,24.313517238414768,-12.350199487936367,22.301106811213277,19.24423886540285,19.396438679261404,-9.036257066880731,19.00136363715263,-9.503380950965605,-13.713847022237825,19.660663354633364,14.864493416945152,16.873803521048536,13.973692638037063,16.510450036109397,-12.354609873951942,19.573139143610916,20.247277600645393,21.620145256509694,19.632156251943943,21.051196198481133,-8.07303698151547,18.691325558423006,27.387201941605092,19.717695639371215,20.112458825950377,18.2168642729635,19.729876341584518,8.80242928252493,15.266591570604904,-9.909117905690499,17.999812232659842,16.413642598325417,25.355169391191485,20.310803273145183,18.3997246915178,18.787587099327027,-7.023507066406743,-8.12409101987023,23.82748377508584,19.509012672673755,17.03416490120552,21.849053555058127,23.755231145124895,22.6204847960592,14.506741804644124,19.8831592659628,-11.03747922653951,18.33427089239042,20.91499929284486,19.025948221548326,13.683766013720843,18.719788131490343,21.243354558532577,19.336324671992823,-10.551651985945798,-13.224681351803705,-9.088842278637877,21.24867439813038,23.05501485504607,21.220969957346743,21.70936027883297,-6.324520084798443,22.198830143234243,21.24221576706431,19.82906294879534,16.281362395553344,17.75845580061462,15.156769298376291,23.96086844160915,22.050445454824644,22.181850251240117,-7.118350604007307,21.980892834923708,22.396537020801837,20.337114752129523,16.243114831562142,23.520912683681676,20.702700198644482,21.434728167499273,21.85147858730608,18.749426045690015,23.64750680442429,-6.150603803914539,17.93139732618149,21.43658270607123,21.230216593651548,18.334077822477887,9.877080932403013,23.7971420417719,21.657173809840113,-10.775239020399638,18.18132805029629,22.273898941234346,22.180356278439326
19.392853592363284,13.554122949572001,6.197992757064327,19.34301778796223,17.65006965839519,24.335999086873027,12.76131633294759,12.182900292461763,19.54349544227227,22.041586170900352,-4.464517564118616,14.979386840099039,16.396811151051992,20.406618889357464,25.158088034994538,-7.012441959340064,18.736470830013225,22.98957022516082,20.289003084603,17.57182351217422,-10.180357235678297,18.262513650776476,24.57936622257818,18.127354704421265,-4.925068770004203,20.73881131488968,16.5785311488293,14.08038772244266,-3.4589564322037814,20.985451990749347,22.32783571318211,13.440158715888414,-13.18595797437167,20.464123263418216,23.497684523047486,17.243877564853403,16.920985912632872,19.830799601385436,23.980650845945696,21.738358484588613,20.25379455425429,9.110388343866298,21.652880388471438,23.264675879316176,11.999650229327196,-5.294271488128712,17.07618855459468,17.654257186977443,12.090015190076969,24.673943234446075,17.618531373948613,19.743269704650196,-5.962239594880265,18.54126843272589,11.993476726967936,-6.023382185203122,15.172718065825041,23.961595301383564,19.205678302223962,-8.56058314339664,15.720464184629018,15.341601110014404,17.699103941823125,19.395993156133283,7.915394458020381,21.65329923854348,16.24540234708641,22.195834598411924,-2.6161863867805684,20.266614533351266,19.386732655182957,20.108770450231845,19.727653218451753,15.83143578791665,19.585211794661642,23.484736438085697,15.549620326606982,24.799171732559028,22.188071746726955,-8.835130638202266,-3.403248421790606,13.837615034559093,22.84593104352227,13.936845922471884,16.607946353673093,16.141556881339547,16.10642954728525,16.675606100921414,21.777703426471003,15.93645891825959,12.163623701455215,16.784404698757484,19.272462564362115,20.35410397406894,-6.593251866156446,14.161720586651741,18.2252420147239,-10.986312700210927,-0.9863041343058863,-5.849829246443636,18.517402290723485,-7.057290323107456,23.148361486437818,9.438662340750573,16.985597481400788,17.808130165733026,23.90831086374729,-11.12033660786693,21.286534840630868,18.452639132093324,18.62861946928837,-8.004372740549858,18.440810519670542,-8.772445623598971,-12.556002037809659,19.492723676521546,14.107607945277824,15.789287101681685,13.200942769332155,15.947481104933157,-11.342676720445134,18.765232441708875,19.369951316202464,20.421005959081068,18.918306181347447,20.15721370916649,-7.105347935259475,17.94923300088156,26.56192928785305,18.899648299304598,19.229830061199024,17.71713066401861,19.12490433143897,8.60563494218972,14.625690799629574,-9.5107964933097,17.38084621577058,15.60792551952934,24.54030427991481,19.786087448046924,17.621202423981998,18.04741697405323,-6.274403701892743,-6.831265435574628,22.768920614487428,18.571509330836612,16.51552462006033,20.6913231372423,23.25707430977129,22.23954077644967,13.765433040726311,19.46151066904425,-9.830463640815683,17.75509084650748,20.02358102471134,18.244812600693184,13.3120787742974,18.093858567869688,20.672355734801314,19.00852607564671,-9.603642289750567,-12.491879267986551,-8.032084749898821,20.773238282779,22.72481312420405,20.912787792001254,20.807592659016258,-5.0573029392576485,21.220588117215662,20.605761180326464,19.516259414661622,16.094113204634496,17.20100675977302,14.512287955117765,23.214945469417327,21.26794804861608,21.29352700277005,-6.161563498056348,21.20118875491173,22.199108255269824,19.922632166922522,15.532163182088192,22.80915668702099,20.35470629869217,21.171241638126524,21.328553851483168,17.943780221834526,22.64505486372964,-5.305580716478825,17.58379373148686,20.627869023374718,20.452551806790776,17.86202087501221,9.605229073969223,23.52560446020199,21.221171308211762,-9.624052056079268,17.84554225723193,21.276190270836775,21.784955018348626
26.264859294742273,18.97910199796947,7.194985109355958,27.097970711993458,25.09323155006782,32.92749886367492,18.94244490047805,16.504739927916745,26.929500316090465,30.45579931992576,-9.715083717749502,20.09214755011785,24.474602262312477,27.410590243937545,33.5587451740273,-11.512811536238818,23.9751582079518,30.427532851302995,26.48632921872529,24.25820140367927,-17.54735474594954,25.904271062510514,33.026343687646296,24.48073897131794,-10.039731677540852,29.0701536198165,24.41917196209853,17.398448890277656,-8.523142877823028,29.213024125364274,29.153131509061613,18.384235554079478,-20.877066578939303,27.086128578971255,30.866320025585008,24.5434323565247,21.686252084598685,27.120579483577245,33.00304450193855,27.610648579252643,27.09236755613577,13.557166720355944,28.725145266390456,31.521872034204645,17.50872258717965,-8.956699105079666,24.13610496339592,23.586771232684352,18.23719588649367,32.53475421833709,25.379976732833192,26.937972857949344,-10.332894863733596,26.286204138788342,14.977682131355296,-11.344670119504437,21.51017322713597,32.08785160748218,27.65819051791598,-13.092820601956753,22.337563539466036,20.530089406736227,24.026548140720198,27.704975926068716,10.32610443043507,28.660595016243512,22.980803856437173,30.203752925422673,-6.325725293850635,27.730867143804502,25.766554764011275,26.732012755747107,25.80764761372609,22.99300475154482,27.985018801031792,31.701886030366754,22.152880849776743,32.399062466860336,29.989950587589306,-14.672625399885694,-8.172539474753941,18.076953626097417,31.503515480954903,21.20840969569136,23.5453330053536,23.7543056978412,23.160543789720094,23.988104560427008,27.292995950370084,20.476979551480618,15.813685428211313,23.833721836735208,25.34159723738104,27.919198110806462,-13.369609535417297,18.33754919106345,26.161905728260738,-17.729156321688038,-5.6368762704384965,-12.065555304743118,26.04964581396929,-13.67864270447693,31.412278698885164,13.915540136716947,24.603865697547768,23.79179404239577,30.2562457217093,-19.007060162236403,29.452801388563646,25.560867796582276,26.58119712388436,-14.088425686076148,24.98531288886645,-13.992734438729807,-20.064154667732815,24.374716060207675,19.55694988918817,23.704239368685638,19.05446926498858,22.18650054681318,-18.681807027570812,26.039329067627307,27.111999020026538,28.985471294434756,26.592972426333848,27.443553924785913,-13.03131432564722,23.549320223768156,35.60743222601546,26.583515196002132,27.44627328222976,24.95089633951818,25.973435246816155,12.03512694004556,21.064965903593986,-13.16487504233769,24.116738601306732,23.116351026705743,33.52673403972034,27.02078277232527,24.964388492194484,25.42875690316395,-11.540999687116603,-13.075518280912117,30.841516298329484,26.752358693580014,22.39861864193155,28.90825416291096,30.45947486570673,29.194017281751368,19.598944733934644,25.305779427362236,-17.001303970032225,22.700839505384284,28.197113736868644,24.842428955529368,18.722873024829067,23.30971779582578,27.501382052084445,25.28266005204893,-15.790866327747867,-18.01035744712204,-14.68488430992262,26.786243146709193,28.93484858620208,26.9973498549696,28.88426436432517,-11.096721034366855,28.99842718809275,27.49865043623164,24.951564746765936,20.469005839117113,23.98830248915313,20.170130128396835,30.81224253033665,28.670217750592048,29.3012495869821,-12.059685227475406,28.847262386016084,28.02878248042393,27.259920559080168,21.610777255760706,30.278679429294677,26.04727093696474,26.77950834826679,28.58744441372327,25.76708103081419,30.601361706247932,-10.314544339206881,22.612264550583568,27.342221539626177,28.427143315923598,24.263633147126047,13.409137035150504,30.355611348438725,28.21972985030264,-16.702415407649138,22.682365372855493,29.150687947820234,28.70655385321561
21.69512144470787,15.675828929714648,5.849563896066511,23.003288376915627,21.467353029264732,28.03111180101339,16.65664468564874,14.199476492220786,23.304043540242535,26.21418863362941,-8.470134897140998,17.07577694694973,21.24160662585086,24.01993151324853,28.831820130913716,-10.275993132151413,20.08991563374091,25.211787661831845,22.77640891231326,20.44433209111093,-15.506662704670685,22.437564177376082,28.049549443298716,20.514058269753193,-9.347143442108418,25.22272883435879,21.257855595616302,14.77184201506461,-7.361610335124586,24.769247181634046,24.56405862128971,15.982351280580044,-18.17155089473459,22.806202163890468,25.89356580783001,21.047828966952494,18.88796430935586,22.891306390846676,28.248020793412614,23.538115899146447,22.702290227218693,11.233078619908673,24.5235448243863,26.554007120347027,14.524847843239089,-7.758286111751015,19.988219565745993,19.892518815153736,16.181342652916033,27.106051310685018,21.89923280915871,22.711193137902082,-8.938817444419746,22.895980169087853,12.453283102857291,-10.0199708572249,18.772447249679118,26.94796402676014,24.04603308893744,-11.332693450676246,18.903743929204534,17.70398149655425,19.994272998967958,23.818028503688517,8.487804073985952,23.717318419412287,19.501563137736145,25.789317469160633,-5.538825649511601,24.120736254335288,22.153396671166963,22.234779109582025,21.684085255078305,19.88376696761952,23.895730373830443,27.422844330732005,19.28779072136063,27.590148992699927,25.707015541147335,-12.727828604063971,-7.028403802599368,14.32366094395373,26.487474024809757,18.93060576787345,20.47015247551846,20.1462564261805,19.602328152671664,20.679292740994146,22.66454308962658,17.21973987461882,13.440241625420237,20.25376167792945,21.27042050127747,23.678178184818773,-12.038392997927097,15.546405111560322,22.54861919589175,-15.77972225112043,-5.40098094948224,-10.417331328296262,22.41711042683103,-12.217347133929309,26.082970781940734,12.062184328530723,21.678518307724573,20.473190764496845,25.349340138682507,-16.84921798287227,25.780836679044594,22.049899344505018,23.219560543830227,-12.685579625935219,21.211714548727553,-12.428829464804267,-17.72137000675646,20.24521937528266,16.98142400553958,20.279727740788857,16.505692908087962,19.265024336135085,-16.731796466778707,22.027632181568823,22.618213929036195,24.943795835019223,22.729079742319424,23.0833327481025,-11.646794299945656,20.028532643148797,30.423911085627093,22.3987742435286,23.66071256566624,21.424427829194794,22.316870062955445,10.34645896213059,17.567941882368512,-10.908265723524226,20.560700097582856,19.988898507674108,28.504109964747403,22.402844199262454,21.081373680398702,22.469053954586663,-10.63381040369355,-11.236163351097336,26.089377172032716,23.24878862400826,18.590814691330365,25.017232988487738,25.835867195570106,24.220398158020906,17.3259939553086,21.56458032208165,-15.292579592504786,19.429290153125905,23.649401071458527,21.118637130021064,16.376609688558972,19.711288235580206,23.132149019906397,20.955992546917944,-14.161798860100621,-15.288330154942564,-12.888343455902334,22.071997881354697,24.083515519924685,22.42135145203101,25.054480302954786,-10.208922569671778,25.046775814290026,23.669351912355555,20.36037305499428,17.5145401126119,20.630206370030685,16.27940804930664,26.283710474303422,24.12884138141534,24.883036386053778,-10.875587682161958,24.574409801712434,23.759729158514222,23.465465872110382,18.02508306337184,25.89689194291481,21.921065750283248,22.754958018050765,23.97709925826328,21.5095388417798,25.797401672688842,-9.185891112641228,18.63901958112542,23.125910999334394,24.132870493076624,20.88183942548137,10.982434076281425,25.90393027754952,23.94829865803029,-15.11534258921891,19.230715261975316,24.63694890171754,23.91098086389988
22.780079600886136,16.193502564652327,6.6454062477883,23.332827602597664,21.3498430384672,28.45452637814744,15.993436655071347,14.294557055003478,23.312878299442268,26.163367683931376,-7.330102826846522,17.49804852496727,20.46183539627032,23.811474095480747,29.19883071458948,-9.45207648515709,21.196922995500827,26.49378730753684,23.047638957081066,20.67630597777307,-13.867925421445428,22.08670452128116,28.63259281632892,21.454592398255425,-7.595924062855054,25.013819509676992,20.415258905077696,15.68685792589977,-6.124209270856878,24.94853945362355,25.513121708062087,15.907714499301575,-16.993907892382243,23.772730148319898,27.0305441297989,20.722011862314016,19.02673192868584,23.245891746051377,28.445524110682708,24.450947181107885,23.414493133268458,11.30001578234701,25.089631054740575,27.391800439083994,14.714079765695724,-7.084283490228381,20.41950093195732,20.39806279244661,15.340251022312922,28.55821964121898,21.686445183971742,23.360439122637317,-8.224348888028917,22.353664063557673,13.222760481396328,-8.673337095398265,18.181964467358227,27.974082034642972,23.34760276007996,-10.792650042166498,19.05124668621212,17.890707150067716,20.72557107838602,23.37767947666112,9.083429930476823,25.110922347527005,19.639547399403522,26.140727681379825,-4.552272799127353,23.956350886566934,22.460702465613668,23.450776083455356,22.851828720757428,19.433862916557178,23.708016742734355,27.39213188446244,18.766581394144506,28.489155624950588,26.012016524566942,-11.796961468340228,-5.672731704412263,15.699767588097535,27.078230835648682,17.70497399394058,20.172478984657133,19.890529740803526,19.462675855884093,20.365081413656654,24.198794528151012,18.231882211572383,13.964739890405143,20.088705031761485,22.394338986226572,24.015742705824156,-10.188296817946055,15.962948029288581,22.04320630684321,-14.443260652280058,-3.4577565798044865,-8.993944572464306,22.235707842118856,-10.46619266837829,27.140661695256647,11.728055960153965,20.89724861106144,20.527663734308923,26.994950404116768,-15.225243460639547,25.39782534965974,22.035873078371388,22.412260589479285,-11.235854940962318,21.664563358610746,-11.300438146551754,-16.4088645931256,21.777209108266344,17.097427917855462,19.855602821846134,16.044812596088406,19.067973248405945,-15.088135151564117,22.29837469697021,23.18133838349387,24.685997047805788,22.555176264711644,23.89279576565335,-10.076182381755851,20.816867572363325,30.952831759576,22.610930336664897,23.282902178012417,21.19494856855311,22.42161433057884,10.441977854692071,17.804951479768416,-11.14947278342688,20.70498490216597,19.347336123063883,28.798223398594175,23.206564410229987,21.19314657158346,21.56297026770253,-9.026965938636017,-10.129689229023093,26.857577811770504,22.52100636296122,19.318571211474787,24.81570523553317,26.64023524261899,25.450644032476227,16.66882636938895,22.08920638568515,-13.544460522325158,20.034446449107065,24.108440328275176,21.702791597425062,15.851250331213064,20.505182806401244,24.075493895612297,21.99560232913501,-12.736859436491196,-15.176478867445223,-11.396046075219074,23.691445016152812,25.737767507584532,23.867570261417246,24.791544887125788,-8.280694518338786,25.136694017333067,23.87180050917305,22.192388513044886,18.137415787312335,20.502214551875074,17.23254867361454,26.864305607528916,24.84752293556145,25.38934698390186,-9.179913672134214,24.872623804923833,24.89478951201117,23.454741512670346,18.463915261120054,26.369097068026882,22.828460633885335,23.700251175923324,24.89824318058135,21.7567046942916,26.535616859266337,-7.902903528356737,20.165360664733225,23.991163506436745,24.268483942944805,20.8649588300073,11.191653029155034,26.638665335943156,24.57337740244435,-13.251152311676059,19.890742756575023,25.250882883796518,25.14432091265561
26.21851339000227,18.603289854905043,7.1292347260192885,26.970244965275622,24.57897720885993,32.661771996543585,18.581502595266375,16.00618084743511,27.192074277740616,30.033042773071557,-9.005780768266902,20.108961059747735,23.656697404183006,27.19398018387575,33.250941706441616,-11.436831377322383,24.098231726560215,30.3276434496542,26.045901824293406,23.512792639644132,-16.689021220318295,25.354175467281962,32.88759404603007,24.801082284343405,-9.54642398281965,29.05855803005563,23.554134737504587,17.543688062101342,-8.113182089407756,28.575865278050962,28.790246619031745,18.110635693359967,-20.139372378013924,27.33558775184395,30.853117078844036,23.562312368668742,21.371588744210257,26.49721116957098,32.501100113776516,27.612337429064294,26.529161656912738,12.763684658791929,28.596178240391573,31.601779522051448,17.0705982919209,-8.462873855771074,23.42259257344105,22.973789380447773,18.00813242787156,32.54188646833021,25.34552385821197,26.727864193442098,-9.902444241279595,25.898641362379898,14.483698944586434,-10.537941009332021,20.77567346096615,32.30870601358027,27.211423541844336,-12.90732730012031,21.929414737320233,20.346298566295328,23.802405252050274,26.89988084434796,10.422616818698435,28.996919534640703,22.665206091148843,29.85682649844428,-5.486601837229896,27.340717254308917,25.344296288510158,27.172582032242538,26.128363556120068,22.38589458946402,27.17735596420763,31.126507117311796,21.81156278688455,32.61950590389235,29.943931482183185,-14.3936653252224,-6.911026868296915,17.50402337487015,31.314299303836037,20.828911558952214,23.54969047341475,22.91341116996259,22.30206461449484,23.313755042836775,27.231474115355056,20.69903708861802,15.598080095761516,22.959952715849145,25.78175727907961,27.693364407407728,-12.732804708737268,17.735773470744444,25.17516697721511,-17.22914014447372,-4.950907853116482,-11.112783901453119,25.601592653674167,-12.86590014103843,30.960500294310755,13.373443262379743,24.468876644738526,23.16510834429156,30.7396614256994,-18.30597258852804,29.279898522557446,25.49707177852807,25.83676327328719,-13.688386493848792,25.101141931514825,-13.520306499810596,-19.600592034185688,24.456936125461546,20.054048625809845,23.350573407575244,18.70504207548224,21.655090215100902,-17.982748544533134,25.368228400634056,26.88456025596021,28.58382376787235,25.821648818758433,27.75600499364852,-12.29731749785524,24.048577318756305,35.44755988443755,25.779844615556726,26.999341704093094,24.296337162099256,25.598033467210563,11.75995491693118,20.25520697522907,-12.804918119062057,23.60936453948085,22.289817851779876,33.017108866480406,26.65726491235086,24.162280309563183,24.955994346806225,-10.912871928730235,-12.66677545549372,30.91182319458422,25.99790666834639,21.91909745518264,28.757381911515896,30.39734158128571,28.98468959529598,19.239340243468785,24.873083064275534,-16.41488245283746,22.545410629861504,28.01182071314943,25.296615365786657,18.063113264979485,23.30677040220619,27.825271700575097,25.079225735060675,-15.424247177939861,-17.47798912028426,-13.986068835636312,27.19616946962997,29.36400961513627,27.392045478342755,28.503960717780984,-10.467107881953558,28.750747774155002,27.36748789084059,25.417417567594942,20.354431958123055,23.213348045624386,19.72920216690063,30.473394795032995,28.457496726482677,29.49303542098392,-11.209225491375184,28.224605697418628,28.106019200007335,26.63593631356127,21.15803115494827,30.146007310071635,25.778565561905364,26.666520142921822,28.601095127679088,25.247999328492583,30.360701814147323,-9.822137976593933,23.042465400091533,27.438538636910618,27.866907662296942,23.608024473408474,12.847782983604231,29.953654945117304,28.143362086883684,-16.204135120287685,22.41839354125114,29.264766028885514,28.829602483069166
21.51791620548736,15.322658120996664,6.256616593704525,22.122087117669224,20.219405820009595,27.193149957354574,15.128875909573928,13.55244374220824,22.144525891846968,24.97700151506385,-6.688887718247275,17.106419174631945,19.2897059481626,22.734786772512777,27.878625243577076,-8.920378358385882,20.102503219641022,25.11084902244307,22.024070832758692,19.739579593152826,-13.158513606543881,20.971302865135502,27.234585440797495,20.12998429370273,-7.167426253702432,23.98589121043111,19.42869391309612,15.139038329376705,-5.814419858637425,23.837828302764866,24.488648321954727,15.043652569975873,-16.12628725761028,22.231981132303737,25.965973765543797,19.59047187570651,18.285427348284696,22.106116167252946,27.065610170378143,23.332378318051,22.414606322910842,10.595647635136913,23.928813746614857,25.932616963114988,13.91215090276006,-6.755099063057029,19.243877726338372,19.479433772968047,14.317200570985811,27.07886273462389,20.725400488392566,22.404372306115057,-7.780513259288572,21.115751605571877,12.631592102766152,-7.834848306842784,17.35308551088265,26.510892586149268,22.2360483906437,-10.19542763556017,18.310348339862127,16.980733001400573,19.946963579669738,22.330692423749763,8.713756923991697,23.72451659417732,18.907655846981562,25.145674449300767,-3.8703049128635634,22.95308985767565,21.416233936990974,22.092148296809626,21.43024026097567,18.462125413053357,22.604324449987793,26.14615025599663,18.108542118886746,27.185767263987817,24.79313115019801,-11.149924237851616,-5.112480602702274,14.816884465936791,25.589756637782845,16.862862535205316,18.970911145874897,18.813789905768903,18.503451892392228,19.244590838866603,23.155391580562064,17.1052099277131,13.269483150499806,19.103439368111307,21.081402553671897,22.77689659544113,-9.545443234913394,15.058165212865314,21.047147939233792,-13.540322494958758,-3.0374793700154354,-8.333637329773293,21.260787288203534,-9.771875615344513,25.65384677076659,11.000719844224678,19.816581341955853,19.44738653126702,25.594403364040758,-14.301810181510053,24.260482221814645,20.818091515681324,21.311449891686085,-10.586627606289609,20.390612675847684,-10.82190688167069,-15.539231316279908,20.667431430136862,15.97874544779964,18.708492912991368,15.613671305423294,18.039339339322773,-14.187578740778326,21.21755880467541,21.921951843488106,23.717308518953722,21.487778039685804,22.63906650403172,-9.59445210111565,19.87177704816986,29.545171287235657,21.446954907407523,22.117113033807186,19.9936888883496,21.406991226970685,9.583441879190584,16.80366516378395,-10.771901968840869,19.788274912869383,18.438826993579063,27.444880997338732,21.879398541860027,20.106226666953635,20.624999912134527,-8.473700446374192,-9.605199584654496,25.68357424541435,21.527479373878077,18.33371966843631,23.924303485079765,25.44287048151975,24.06221511182078,15.834133900239008,21.149411666055002,-12.81872113879112,19.51284180254982,22.818620506730618,20.370143992765026,15.031829419607197,19.86762205512558,22.66298620554508,20.65396928128512,-12.004680489758043,-14.61862612272815,-10.681366834365097,22.447082365189015,24.321186156119243,22.37390541023633,23.851673878397097,-7.721201772156142,24.094033602225338,22.919046267710726,20.821105788039493,17.360520433285004,19.432178243519125,16.465240093213893,25.833061368673906,23.667763448314446,23.944319087212055,-8.615803036217379,23.84510884508674,23.655075319822114,22.111321867478726,17.5968548859647,25.297862835244675,21.929117070048903,22.710802331192543,23.543410713920668,20.455764883191573,25.413857481280044,-7.393099219157965,18.845582593151534,22.998448767106105,23.222172208779664,19.97351250819171,10.734666401375549,25.43806236711599,23.161575513338253,-12.494775963799976,19.27926626286872,24.120825666628438,23.614144409081568
22.345044176397554,16.030972028573366,6.247327933758963,23.495721296875058,21.6441219211254,28.46510741653215,16.79583811814402,14.33135296215906,23.81823663572015,26.469345432031893,-8.19674998145489,17.333098666681227,21.221466155582892,24.273450391220067,29.279244919026066,-10.221287911480179,20.68832564711995,25.879046085571037,23.096203455736017,20.523347297483912,-15.131132844198303,22.53841639223358,28.622827757807684,21.245301303070608,-8.996423850763856,25.528639483583195,21.091019465605115,15.217631834991582,-7.070299434273817,24.979793393275198,24.958261267483753,16.119107582537637,-18.014768042785157,23.637845539946728,26.417799752686467,21.016006576222868,19.200585785659925,23.226662111664258,28.702923664792262,24.178108658348247,23.08737100837821,11.296513543752743,25.023227238563905,27.26137430954428,14.721755079287444,-7.703927863779124,20.185942555771216,20.213227777749577,16.280108235027605,27.944963930382105,22.147589365682933,23.11056483200045,-8.83360818063757,23.078725220096114,12.627969650863465,-9.782539070314717,18.66972060655625,27.67580390783081,24.068967539092515,-11.416164518411584,19.03016487825124,18.106878449814943,20.19788518509079,23.84543765480595,8.832626740668639,24.50810978103706,19.73328251950619,26.1226246480824,-5.312419022310342,24.441906022904718,22.440728040084334,23.03677439995007,22.51558333474441,20.037249625999344,23.97296417572978,27.651563449607526,19.28487392951885,28.281586853105004,26.1159078955182,-12.64572277546894,-6.4993004183181275,14.680102908468214,27.048332013435658,18.856593919757763,20.828989249475146,20.167427867337917,19.65644996878313,20.74825058389271,23.2949391058191,18.016594451860758,13.680019641848862,20.246059541271894,22.067146920318375,24.048440350606704,-11.674811920860893,15.856942899820039,22.473076992019678,-15.711261912775107,-4.909836728792539,-10.005087531085424,22.541621593951835,-11.871224253815774,26.655705103272204,12.202789082025896,21.780733718304095,20.659558019145653,26.29233274460088,-16.58625575907601,26.1114927049215,22.42007366140397,23.178696604610447,-12.47786426239747,21.749154095382696,-12.23176830342541,-17.59205941220503,20.99240210204442,17.53199076446577,20.462309110439012,16.349039343013676,19.519544296794997,-16.495029233197446,22.26212380513693,22.983492953306172,25.074521750810145,22.754389037913135,23.764308401303513,-11.207273381810754,20.726093967760466,30.98199337905343,22.668290730047183,23.885102795678044,21.725278130494075,22.728907651508194,10.625221314077827,17.760567821704782,-10.96358866451839,20.79253682513359,19.86078747450318,28.869550385294733,22.88898881896304,21.186312349360414,22.440569784744298,-10.307706720308843,-10.97689346729893,26.679740383704914,23.13796085319803,18.940972194817682,25.197463046467067,26.34730595078325,24.811590243484574,17.44456327383375,21.931685172210393,-15.03183619195233,19.769877978642878,24.05588282508688,21.825027040187226,16.42044224221826,20.119228310039077,23.8845717071892,21.571920463225123,-14.068050368659001,-15.235134206498044,-12.60300215546744,22.88476034655289,25.014251395342512,23.33316708710998,25.21401204232986,-9.817868763412562,25.324597492348232,23.98290878924473,21.335225550052748,17.916889503510102,20.686829081020377,16.50598309734593,26.641646741095748,24.610929084425045,25.560147725381103,-10.424467797302125,24.83072643226004,24.45012817514386,23.72128119196301,18.27734298960676,26.264755506710525,22.274794479718278,23.299276848304082,24.714273244717837,21.779262155485423,26.29541323234865,-8.984884764997128,19.543626341398998,23.73034677028095,24.397162147431416,21.111056616673743,10.993059960904134,26.31907471328292,24.456398709903468,-14.848450750399008,19.459326391674082,25.098039839738544,24.723669966894576
25.894054100740814,18.58716727798673,7.042276023266039,26.689356507492334,24.553352420669043,32.671786676674685,18.778831352381985,16.372409752630187,26.747971807707753,30.13512974395129,-9.222807020760259,19.843136246292136,24.082149846278693,27.30279976289782,33.265469910391616,-11.452529153352403,23.885766347442253,30.09267134567196,26.38715293795509,24.03389249252515,-17.133621846327966,25.689449748812994,32.831715348850814,24.153497208986497,-9.86322109880569,28.735899275502014,24.184590542869465,17.389922999606195,-8.159956151605872,28.72735184236804,28.912133834164454,18.431289808888344,-20.458751741417824,26.82805528622248,30.623230651790166,24.16221676980153,21.504166626558497,26.682172114772314,32.43218669165616,27.486267194879083,26.8285317174819,13.05192005426707,28.498735780843443,31.22802787689256,17.103577988494454,-8.62617170347011,23.737658394238075,23.162153057411814,17.859045447802828,32.08063337634153,25.01395490623606,26.526151688335652,-9.999812344949286,25.94772833417277,14.83560779004644,-11.009551968582478,21.46268667562085,31.843165637860082,27.34669970663224,-12.823436476555706,21.895267383651053,20.245319669518793,23.73148192519695,27.214620528717763,10.430484362566673,28.43922167097159,22.50486643097984,29.832568279544805,-5.837351223001902,27.337827153849005,25.5776728849486,26.49199173980978,25.478359544899995,22.779466976247985,27.586850268915942,31.43835354550419,21.86875141522613,32.280041069575034,29.91300280480068,-14.391102030743566,-7.697851700150626,17.645578376453496,31.108683779357257,20.829792235430354,23.264728407991505,23.35127034478645,22.657396246295697,23.714035865906894,27.208383253599184,20.255064725502585,15.599916256935837,23.480992039084132,25.035288945583282,27.648960606199722,-12.907640934926624,18.130437461932107,25.808280222256766,-17.344056882397265,-5.287457432566204,-11.586036525780761,25.884412054710587,-13.230858857813713,30.92752831208071,13.401360150230762,24.32294812376924,23.52194315878958,30.154376395442235,-18.563855611060443,29.08053601711128,25.237676379336808,26.21350992661323,-13.698790800681484,24.785957286769843,-13.917070073304846,-19.633597003398858,24.207069958039973,19.29368641372061,23.17068999917123,18.966583841087555,21.75525143288651,-18.293513967467415,25.4993186615726,26.758738704866456,28.618511739067817,26.30823924600227,27.177856058942904,-12.69847796185925,23.32900945238218,35.33759751682155,25.99776807039714,27.208728881346627,24.673436370904867,25.884896393207928,11.704348147812839,20.62025250280782,-13.078173397612643,23.854600192793228,22.721128627636283,33.16054525649288,26.637418471549946,24.5481722045591,25.261699703730475,-11.323675619600552,-12.704801301206949,30.430509337611372,26.479261872856412,22.002116620020903,28.69377850979502,30.415598577133334,28.887821585008634,19.225985454179487,25.073530109938705,-16.612947215384033,22.455567893158427,27.816829369569923,24.525200206827005,18.573623739095982,23.11973964429803,27.30722393650045,24.94207650366794,-15.49192658539508,-17.734163819305554,-14.224037374039053,26.613563589299524,28.804243193643888,26.799289664468407,28.65621082441506,-10.676090981770667,28.817754571443107,27.460238442831553,24.69591036762006,20.505749366839584,23.63618927558385,19.79184656517022,30.596130129061592,28.27100591132037,28.912357169692157,-11.758746874928814,28.415353175483652,27.920690977884487,26.96528163021947,21.380115396217512,30.161299096002494,25.995316221069775,26.758826705082654,28.324124840599442,25.23038318337847,30.13643877995238,-9.973871301471563,22.334717817865084,27.114633229663173,28.101008276019606,24.144389549547174,13.192035945972819,30.250599931156312,28.0481997343203,-16.36835116620795,22.592378085902816,28.88528980523685,28.452919642195504
25.22418018285758,18.164951187493752,6.20929301051926,26.554606137227456,24.368671275815387,31.249539827373315,19.066607882205396,15.535193495901154,26.85030137395655,29.333483097652294,-10.274579754318564,18.8959309150129,24.10087273187686,26.447067745984715,31.555423458569848,-11.997348189685006,22.59230935227667,28.989050595376725,24.69516642426429,22.707910444302208,-18.00414566262431,25.072192543752394,31.61700178132961,23.982769591055646,-11.012578308690113,28.44858880353239,23.81559873797836,15.883880974117167,-9.385689009683384,27.379936093573264,26.987079838389285,17.480988740945236,-20.85555878098235,26.375318238177837,28.768925758775637,23.24040358858791,19.8528566756229,25.324522378661445,31.41812718566833,25.569689861379427,24.986090731176738,12.664318585523779,27.05360059216766,30.448810968268912,16.992019551461734,-8.81375131184462,23.062517175397687,21.957986747351264,19.042418294868835,30.620333224104098,25.177192940101477,25.487924075345962,-10.440589476411231,26.190710252643285,13.168870363350939,-12.031298134528125,20.768547671782773,31.077104454138194,27.40880797268607,-13.376959361837129,21.35192668638561,19.382895211638647,22.5902689448627,26.281722770782956,9.857153943801775,27.597652144742646,21.759607301175667,28.25291568455338,-6.762733440751931,26.192735304742776,24.219630274447283,26.00471224919607,24.880066724272737,22.534830400348703,26.71250023926754,30.000262858365378,21.48975278007406,30.827029602226,28.927917227655037,-15.319014374874888,-8.440822568085105,16.174779491252465,30.68825601167858,21.753211714153945,23.774746794643892,23.000196554919818,21.961350613202956,23.220116129776407,24.885919696715703,19.427228045628294,14.904425273787567,22.63300613852962,24.65382417797006,26.953909889116268,-14.544659910578373,16.87390578496602,24.90106663317751,-18.469477531513814,-7.083964491861888,-12.63412738432126,25.21110941507518,-14.666876915155246,29.66641220443342,13.567595246418554,25.01963165889699,22.33483325726745,28.503360056359746,-19.782060003121124,28.691928231365665,25.12146794432206,25.996401786268883,-14.987639036028682,24.57549316476341,-14.147164336743272,-20.725835162935734,22.202009599144233,19.988766885860624,23.93565912717158,18.540408283504068,20.984256402941952,-19.41676453015633,24.165289822954698,26.28732174466992,27.78094808468888,25.292189533379677,26.793078954658295,-13.510631049729596,22.685907250967116,33.91468370742179,24.9578906347038,26.766303754496786,24.329974162375382,24.638248305439138,11.648328293395624,19.816947134595818,-12.119785492548349,23.108921132677402,22.514819471357058,32.02920086609072,25.798082056700707,23.630435264733933,25.075762995488954,-12.365712790325285,-13.778602235108405,29.402135598520335,25.759576808399803,20.800406161382686,27.928041681382712,28.713626816607455,27.566298901818886,19.091343842829232,23.06149049508179,-17.794123817063895,20.884911882791435,27.464826789051106,24.871749886129564,18.098656110081905,21.266430334729147,26.83267523881841,23.902801737411114,-16.55019758473236,-17.020968216527525,-15.547277964513025,25.46396777307579,27.341756664631877,25.94515809886728,27.67089111812585,-12.1826666790364,27.47459843838085,26.13784954454961,23.71398810703323,18.72171474939557,22.585785788762845,18.824256575003854,28.497279391390546,27.16744213199071,29.00596648686711,-12.760173835227056,26.985670308084643,26.10609050652841,26.143066540349917,20.456006726800698,28.42848187142976,23.941545994239043,24.448951336434295,27.5645823814114,25.156203864816536,28.59458119599228,-11.110405686769651,21.698008524384626,25.695469227630603,26.98670043741583,22.81491357947792,12.344322686126283,28.189068863321285,27.227953771077345,-17.776437455147068,20.5868521184376,28.20940347412932,27.576266014035934
25.139794333739914,17.856983040418484,7.039528592164262,25.69812182949224,23.462548274815024,31.402781335162267,17.650331687772855,15.518677733935585,25.825856738482738,28.784108092832824,-8.41192782337824,19.22463456570014,22.607033777005082,26.10600388995292,32.075327947734216,-10.722809717207962,23.233129545993183,29.127866917144512,25.25084280128538,22.733084689123437,-15.726837352286182,24.331164156510088,31.601758810859693,23.603335495938367,-8.862292513176246,27.641233388537085,22.562637085353153,16.953657211547903,-7.392826682849134,27.53284066801722,27.841401175751233,17.513703251485403,-19.1579784361331,26.186329462061174,29.683547873612817,22.777352860081383,20.78408907120874,25.601402202514837,31.205056202382337,26.754827116071635,25.715521976628832,12.35809655213456,27.54802929392303,30.23860456597817,16.256802358978113,-8.051117217828596,22.554031463964982,22.206046643125195,16.95011279669434,31.2992026296408,24.009226370176894,25.609678445863413,-9.369444493952901,24.700838322923612,14.247349659391798,-9.989352975817186,19.967275465338194,30.87990352107039,25.901611981898174,-12.169326398960399,20.929224005682872,19.61957802341618,22.81654969546009,25.892150581773617,10.010893194810203,27.733560937453106,21.65874659044845,28.725645758100175,-5.221809018672867,26.302284159188734,24.497567117289332,25.940334617899747,25.0043979796186,21.415190327065485,26.094918948895767,30.022991219194505,20.8007435771434,31.33769319808643,28.72355311117027,-13.517557745699689,-6.594565803502693,17.069593911281572,29.91265040731549,19.627599833148444,22.34391735067279,21.948418732463853,21.438180158871393,22.377226217984106,26.449909225631135,19.978329637033482,15.042301160969936,22.13186243228624,24.607682220898266,26.53389058575321,-11.771471708087226,17.34831533126006,24.243076288887476,-16.259210818704364,-4.388458300062898,-10.421771074314405,24.50206343229458,-12.01440801229647,29.827346864874656,12.768581018044495,23.144476953652052,22.485483520100324,29.61427870379397,-17.20709165583282,27.976613000678476,24.314850577022703,24.74291146171016,-12.762887276817983,23.970365542142876,-12.83093926418505,-18.437093841313402,23.761691614975856,18.920864734533893,22.07232812012842,17.808021820318743,20.90050688971194,-16.964592419588076,24.516219912944248,25.70079148177843,27.322979945988774,24.869632787197563,26.45607261103854,-11.5660003678642,22.923193123388025,34.05330962532088,24.875388827855527,25.848590724060504,23.370951335386472,24.69958285655647,11.363305870787917,19.52606521045049,-12.37702415909826,22.65727829472174,21.328375153964423,31.721951479947514,25.669797358802704,23.2665378937342,23.848803465498566,-10.253837886134207,-11.759686261019805,29.552910125347847,24.988160561627975,21.188408576732336,27.429819157931952,29.305487485647873,27.960182585362404,18.422366846026907,24.155960836670282,-15.39918796000772,21.77260434103638,26.74419604978977,23.98696931722597,17.4003798171314,22.51245260781766,26.580150092558842,24.211116550105693,-14.484114932506053,-16.79750720098961,-13.05176700265837,26.112911659856945,28.27891886297969,26.300172720958845,27.334765075862684,-9.687293384163873,27.643116412521064,26.32943958561697,24.39739639443437,19.813624426260105,22.47442046204402,18.953634167872217,29.458683030092793,27.302793671454705,28.047461852417037,-10.530182579509864,27.177188162341746,27.204515378740613,25.661144577252212,20.36438689926044,29.07085715357064,24.98559090262429,25.903422586407974,27.42672235680636,24.09583596014511,29.175614701969433,-9.13818769021022,22.099081164153542,26.369185763756555,26.83916868520806,22.845228998927617,12.431274559224613,29.047003694559205,27.03018398004736,-15.143609898318987,21.768504746405096,27.896357612153505,27.705334046920477
21.385348382631687,14.953951567383669,6.142643455305927,21.53842465852714,19.681894473841567,26.631659077234165,14.23913051320992,12.689952163569854,21.743679831437525,24.22322372579031,-6.073023293938153,16.99410007595271,18.40234076022338,21.887273104416185,27.17074210166444,-8.533816612519148,19.896368971415388,25.126551001097067,21.383149239268676,19.097639944852993,-12.09883332564773,20.131935308414477,26.699143981057954,20.172003583707653,-6.157139025140813,23.47752475377849,18.38873875624819,15.083791779025926,-5.406620622743385,23.301157589906722,23.908061936384158,14.630230491745518,-15.040347843825895,22.09774906162917,25.94452888965446,18.69323700755,17.787667487686093,21.742020446063723,26.287528705109654,23.161898249461096,22.065388305767552,10.208796907486946,23.567996524591745,25.626369831681608,13.447359011218198,-6.25787858742423,18.8123492906011,18.93233220648099,13.579231357460992,27.0010437390643,20.155877182534564,22.064673851908534,-7.325917651815365,20.29535460368094,12.266835422370916,-6.997492483173029,16.467031779530377,26.45805838389358,21.356976362550995,-9.782487559483501,17.934827346426022,16.44545239058668,19.954490777688754,21.62929171350076,8.838202714560081,23.99149031211322,18.52821101762958,24.714477871720273,-3.1741737616905414,22.16585679654193,20.672262616775953,22.31980081479204,21.530109863130214,17.473701966712373,21.75521692250836,25.12662144062768,17.73326366950136,26.910146206963777,24.281054310114378,-10.564782596646214,-4.199450028818457,14.757761251541183,25.230166921943276,15.844628580735156,18.545178915010382,18.01133158290515,17.82783464154276,18.581587570136676,23.014628818721462,16.896096827789478,12.903605326521937,18.190042755897707,21.172314200895222,22.470946345545425,-8.664318902461286,14.552350199657498,19.890817596524748,-12.457570297654014,-2.2955468823476126,-7.582814036525538,20.52473472843737,-8.756203399373078,25.33441379941039,10.37871489846649,19.08220970132256,18.622220322133657,25.80500110979906,-13.214432252362446,23.448101797874774,20.295840680180266,20.187471405245194,-9.683362775167389,20.201444073490503,-10.117604659835568,-14.58479940407734,20.769851594731747,15.888813639065667,18.029642363788707,14.98629407895521,17.170736853880612,-12.947228500850542,20.67430916369378,21.80760543550516,23.049314774227458,20.71328494758834,22.692131493134355,-8.600858761475866,20.121234093667283,28.957748867464478,20.927577368434722,21.229051127114612,18.953410058055663,20.68320054132567,9.158149238568365,16.232488789080353,-10.519031595421982,18.8926908003739,17.297043591768766,26.772234739259734,21.596111237163544,19.49861631165741,19.541422853211326,-7.29914053388387,-9.181626943606748,25.560871060614435,20.519488217876,17.974380731484374,23.290403843024777,25.04931940114439,23.945031619773662,15.263501311340342,20.824550932235546,-11.769279727543092,19.199937863899898,22.429520057731374,20.405980045145444,14.040090526742905,19.878148362479322,22.697457819132566,20.46416064339735,-11.143038251939936,-14.03544538476716,-9.794864902642786,22.795729067304315,24.513356628710397,22.578255780031018,22.88614066974829,-6.902256544695677,23.47278278984786,22.40820604064143,21.301573786056082,16.940973139902667,18.568232071932194,16.474737747431966,25.27866560165666,23.51005861012702,23.68524034128367,-7.547831783510178,23.271660527271315,23.449739899708376,21.163827355487847,17.424749396357104,24.883599373741383,21.83948425682778,22.491558318005797,23.159829249584632,20.07720768356092,25.31052813626903,-6.754503658958763,19.213092644527382,22.927404274642086,22.400814799043022,19.02990142064259,10.382976240000335,24.803990969308025,22.82371180321615,-11.497498122981693,19.037625927483678,24.00107044178043,23.55423364682475
21.113732883750288,14.987420251948386,5.963491491707765,22.0204956900496,20.265369910407102,26.911871918162273,15.484119634825772,13.376341845213272,22.494613721983395,24.930367816700045,-7.192800896468602,16.689329075299334,19.642585328360074,22.882060384686618,27.640698130480466,-9.373995765452475,19.707662551830996,24.603409301761843,21.844902921380868,19.28240014926619,-13.760121850110462,21.0185448660727,27.01737526619539,20.101896113984065,-7.939940717957929,24.08641487565874,19.59021218645865,14.693163945741098,-6.263220161599239,23.523440210120548,23.709680797955567,15.155831640490526,-16.55031700230599,22.30941607554191,25.220680228953277,19.56483902258841,18.234181112856046,21.89365138965437,26.974594562474156,23.058485392319795,21.86832144809394,10.45798800890406,23.714233774246335,25.74897517062756,13.762694631313733,-6.994045450882448,18.924955275944008,19.110329498195156,15.047766812868172,26.5260952042517,20.790797104027046,21.88894922402706,-8.048610500308055,21.580675546620995,12.0927479128478,-8.663183317107562,17.39722707869228,26.261761576995294,22.538171460311855,-10.6287782587935,17.909626008970736,17.040875216519975,19.24883425699425,22.297981964817822,8.412475018004368,23.326415761270653,18.55582149442675,24.692141350428322,-4.484784542415841,22.980136355040038,21.154426445030843,21.923102370950033,21.398137184269714,18.59393310579047,22.412377681119125,26.01087898062487,18.14772917750614,26.913830389472757,24.65364243609097,-11.6830499642514,-5.532007838099654,13.971141036949371,25.474219059849936,17.50393731116379,19.523689082225374,18.711006948151486,18.361591539543703,19.344263966071622,22.27250041016539,17.05540756766523,12.988892789616225,18.892312704259396,20.968113849230317,22.684267838155602,-10.400116074994777,14.927926226188623,20.88556111974398,-14.365088411362713,-4.015998749888872,-8.864632405883231,21.153084772342936,-10.591708807984052,25.1300160543344,11.255026746408895,20.378009832099796,19.411704355382952,25.153239510050714,-15.077227119331832,24.5773058441928,21.11857485657841,21.63829749160468,-11.332322544253705,20.5467200260305,-11.250807086727546,-16.231767843017412,20.08714796060115,16.556011767518857,19.020501935567697,15.394857491402018,18.217818191484724,-15.05275527192026,20.934979056912358,21.671506817672313,23.556586801641163,21.316473352894967,22.531097075494433,-10.09788547215456,19.78673543899217,29.268897344259795,21.20015217533459,22.286256130074424,20.201589974541232,21.309882072763102,9.838668051300978,16.44285508489105,-10.321513543137096,19.490063985202685,18.407966804169533,27.191568454754677,21.54095963986869,19.797187453802206,21.004193518994644,-9.165997314155518,-9.962273548354663,25.29281078833869,21.605263467399833,17.924985118681544,23.802374550090367,25.02580391525814,23.546304370845164,16.27284919200934,20.773371468649426,-13.637627320079226,19.014259609776943,22.597833362236262,20.65135125420197,15.233677556971621,19.280327011386248,22.645018603258762,20.38322157307322,-12.856692232934085,-14.290177501963402,-11.357911458537806,21.900989628054123,23.875370903460183,22.18464676515879,23.697186432840596,-8.654343393110537,23.887797923371593,22.6946071832522,20.384284635899633,17.050241719035135,19.30161541118015,15.623720957322329,25.232822467010735,23.28157458906489,24.11498352524741,-9.243089257783838,23.4262934677358,23.327547501436356,22.17254696263651,17.193846816078757,24.9078839504524,21.279348092609226,22.213137428058417,23.31176622081295,20.353603509961236,24.911224016102068,-7.954706288404906,18.643771974998888,22.573911768516858,22.909899439750667,19.758702223886,10.35576294239202,24.934012132965126,23.08449791650228,-13.482326803161238,18.660126175324105,23.766400395042268,23.420298937527136
18.258142457812262,12.96776264458153,5.433526794573796,18.896830047850642,17.22180939915005,22.979669953848223,13.217901969762922,11.907277641467298,19.138252142074457,21.390075995829093,-5.363916863366937,14.218801532149385,16.435767697594343,19.665516275643807,23.788807043460054,-7.4599416530491744,17.281003719419168,21.29021689100486,18.932608570889915,16.579630142542506,-11.124809420627056,17.95091156679666,23.25213798650392,17.17024100897291,-6.21679957035688,20.40591851296818,16.503369403860983,12.871226334617356,-4.478069634667408,19.90401885406907,20.791527116532347,12.801504048334134,-13.641258863150755,19.22785675404574,21.654922361147268,16.61119898395297,15.68705699082511,18.56989414279186,23.0881338409121,19.880788488129472,18.84679082030177,8.86803444723088,20.2896145060238,22.038938719325674,11.669153188457209,-5.571378953645339,16.24636957619709,16.59424910705228,12.774060969413387,22.90604453489055,17.664957353640396,18.784814663360912,-6.280836308607677,18.3686181591909,10.618991738252456,-6.801638770655597,14.869314940983145,22.51920246092223,19.06407513566283,-8.725733020246253,15.393467683940946,14.566401883175478,16.46086580858217,18.747857256410377,7.342424958451156,20.04486062029667,15.68577256024256,21.105739598195083,-3.3377941121945702,19.494305183378277,18.547739291718532,18.78955789471275,18.330802383859066,15.733877165935544,19.04259465405886,22.4593482202517,15.282665276976251,23.156626808718944,21.21353620753087,-9.392691194563595,-4.21058560433991,12.203361556513196,21.816416236537925,14.745107496341314,16.526875471270333,15.983426463212597,15.553717436330677,16.326017545478127,19.593411308889674,14.738257985773714,11.593874981254368,16.135314459318636,18.12707721827206,19.37483410977598,-8.014417977162575,13.094965877826457,17.953123405836667,-11.869701997508418,-2.465070206549675,-6.743790695957053,18.219681379117784,-8.322905587763334,21.710566158783042,9.560775486731277,17.297713304145912,16.808775958621137,21.821799135615052,-12.309101976634024,20.955554978177545,17.847359476169203,18.411918527728353,-9.150355999737231,17.517567363934152,-9.14193366931847,-13.4507343739521,17.48370855558907,13.93259592161007,16.002140264437273,13.240931199790092,15.455575535498959,-12.40279185490828,17.7479544462171,18.441876691080303,19.84963150774919,18.18162417130261,19.176909331787375,-8.121714855647182,16.9563961050722,25.250065245103784,18.035717919667956,18.88712743357545,17.365025369749095,18.124857365867012,8.412376479812158,14.009519534753094,-8.757689859372697,17.0052154775515,15.888393388306506,23.395850333826125,18.61676032824634,16.948236263091776,17.930407637303247,-7.477893879205285,-7.678722682498805,21.5838363494777,18.28445603240581,15.439145727877154,20.17352392419543,21.66627676693873,20.520005669466787,13.644628841793601,17.82168790907926,-10.976062608388371,16.543686345714594,19.37876926558353,17.60341556777902,13.083711731570352,16.413093276131303,19.49277113328769,17.637846697903548,-10.509668449298225,-12.155020030260827,-9.036669915676866,19.046340422035662,20.77673322593203,19.215879390090528,20.39894274990117,-6.439671643352088,20.343080524874914,19.55255624118172,17.716065160985266,14.824637932521883,16.67220787902798,13.457150107827712,21.764897381748277,20.113727543154948,20.59595993157008,-7.35336679616282,20.142381655687398,20.254957142883164,19.17421041908753,14.693402969615693,21.457997220471995,18.45807935173482,19.258547299763293,20.154598343477456,17.371705275766892,21.187018952106065,-6.20623576209991,16.13391240882471,19.40346826086785,19.65901003612422,17.082630999024456,8.802057427504318,21.83933611195759,19.97214391672667,-10.79280761550583,16.08992714065063,20.322569923115374,20.28668838106664
18.757013013533722,13.114296269752717,5.934149413503402,19.001942612113364,17.556695165131405,23.916745260928476,12.651738408415452,11.648988140576959,19.267630512065068,21.843953850478073,-4.769090067610286,15.441777296749922,16.299679748216725,19.9872953816612,24.737177759871525,-7.278973208772109,17.823657949416464,22.274292515393867,19.654455135765758,17.138756253360004,-10.307411759287465,18.02267897441648,23.86047633689236,17.653640543454518,-4.989793374121116,21.00037965438681,16.43377438886031,14.046490764245886,-3.791215285041333,20.974819075703884,21.82660698412928,13.22623511175018,-13.045592427661386,19.488183039844042,23.3804691661349,16.893865058779348,16.647800103167587,19.62446024133313,23.72419071691569,21.210160794885365,20.014496634608946,9.14532894810621,21.313583635762917,22.661925768745377,11.682692238128897,-5.402455253436009,16.522336654465843,17.288647802167755,11.879231804198847,24.140953954395943,17.762780479690615,19.798804937934836,-6.160072419185492,18.086066536671627,11.570310465551051,-5.664237039836977,14.879765845941067,23.34643342632514,18.927762074371458,-8.509385555137719,15.939202484471803,14.979793644788197,17.765875243421352,19.447143638576918,7.752655253989919,20.97319238722766,16.612713445052375,22.449394720106007,-2.4101216968243264,20.288795440440467,18.890108937734027,19.486344266679826,19.158970936671082,15.490974522678107,19.49482048048479,22.930704990835086,15.961749021363175,24.24725241211774,21.716520554040635,-8.723458243686755,-3.240869881145239,13.171501847033994,22.134502961292394,14.033920643265187,16.292760164961937,15.869648972478876,15.995491935343718,16.585718597723506,20.951561679219562,15.143980312536717,11.859463926271529,16.24692340823111,18.704874438760122,19.967163736643478,-6.962047200260073,13.455092989303326,17.972724347153846,-10.770494003476442,-1.2273032147733947,-5.964479079270596,18.360472368224983,-7.095657922463776,22.489170233793594,9.42942267442099,16.894133663903226,17.040489159774808,23.160025840397427,-11.188106864493589,21.233732720148012,18.04189658713345,18.174899284069816,-8.081656225723501,17.78817923690418,-8.880083855139311,-12.57194747949443,18.88331304397846,13.88349248531243,15.606548468305583,13.363410505367812,15.649460437832087,-11.20714522487519,18.69410300435556,19.052900290711204,20.633122571453946,18.610037926561503,19.855079591170657,-7.188392201372827,17.995630777447374,26.089183720874082,18.82431129719975,18.834872692351,16.966846949324694,18.735663051672464,8.280277997616178,14.427815531394304,-9.320241566166416,17.04662900044402,15.408249815388709,24.011096140929588,18.969434468372587,17.499239126562088,17.691120473268395,-6.291416820363288,-7.22584403407788,22.812110471996164,18.44386611189576,16.12190265223058,20.922415904268554,22.613228549301667,21.307235967132662,13.802323240447553,19.241135415759757,-9.94021976181775,17.850953032021653,19.56139768015661,17.812071669252482,12.81770225429049,18.187806998071803,19.98638136421472,18.159171370393025,-9.581109552586678,-12.45585633854382,-7.878609385297886,20.107326201541966,21.827445453681655,19.86912779538291,20.703204846943912,-5.501243165863951,21.270843887168283,20.33796894546568,18.69640627256322,15.722139868536514,16.83661467583689,14.390748206001419,23.086057431653177,21.058169657195215,20.7996364708835,-6.253111437657739,21.153789999605387,21.39901507983639,19.102291754950745,15.549292095806248,22.528861829320213,19.98261721740659,20.70603632586778,20.548225633133217,17.41386425500279,22.76318266732747,-5.321160421207272,16.952366186255652,20.653962829590505,20.099395085440793,17.444113977287138,9.231437093686395,22.8070740344031,20.27775691056247,-9.663401039777424,17.57882545205308,21.17304385831826,20.796844769645062
23.358067648160308,16.619495773266845,6.565099827843138,24.323141795174266,22.35747056339494,29.780769402288275,17.09794293235099,14.905151954567138,24.738554507881016,27.49155108934966,-8.247083411906818,18.29806969644681,21.820062015770134,25.16813864881486,30.586550165907955,-10.589744577535457,21.765360108625586,27.100288282293306,24.091818771085574,21.394004304583966,-15.305468919696587,23.30875207357923,29.837382604344363,22.236249166923173,-8.923447741876341,26.572720398658017,21.646167883682814,16.176063176736957,-7.118235443070301,26.15236245697237,26.14831614841373,16.89257687875591,-18.502237248110212,24.634846854777393,27.8756160708895,21.73664238389462,20.10668668885052,24.339692466633927,29.88190658800164,25.511880795110564,24.328760497529576,11.743614624283602,26.26907494436355,28.478470945999174,15.235359824978497,-7.897688928634312,20.98718689170562,21.082477025913647,16.48837767288549,29.399881781497605,22.9629378189658,24.190715333161602,-9.085951390505274,23.70713921327892,13.368578519749473,-9.783395397285272,19.168528702297667,28.95055441396341,24.779379309975255,-11.728822965591995,19.760656163103718,18.939331901211055,21.22613678588514,24.75384802547798,9.315424455284438,25.75712049035478,20.653206896984027,27.413661867008827,-5.18159989918056,25.455294126614774,23.404873807777513,24.219082053860106,23.63879803761908,20.634907851115056,24.822557073160453,28.714375085369372,19.946759028089854,29.711594716600995,27.222519152204892,-12.975612352127012,-6.327196481255152,15.542679953128989,28.064693829044913,19.166259607705584,21.48404982840152,20.73812808453411,20.447678425885705,21.473335752271474,24.62216858729801,18.952387349256057,14.331984022478125,20.896901562959314,23.09074017142435,24.9842452470212,-11.641680558713691,16.482386238903388,23.183594705039962,-15.928132242281402,-4.554337447149759,-10.056321140744858,23.397817800618704,-11.887991271200944,27.91214973139499,12.493756365586565,22.358710002380136,21.432413370665373,27.82122147628295,-16.808002021450683,27.072805791956313,23.30470804843801,23.766533849498437,-12.597250953882048,22.655736014457123,-12.51608493313275,-17.92998165153969,22.38570126024571,18.22409861974416,21.006263899337398,16.971188020254512,20.29712564489911,-16.644623680920922,23.343617053182594,23.98934708373429,26.093910840456886,23.55897601547121,24.926115551850405,-11.278086876673925,21.856933269545543,32.34806007471883,23.630908191034578,24.672695594204754,22.304566506735092,23.63372663935611,11.06605780887757,18.293679666563364,-11.478092310366904,21.516838710252376,20.42384977279592,30.0302413957839,23.85160320094447,22.061112187342026,23.03770026879849,-10.200012306497058,-11.266223688966162,27.99635347458003,23.948732226615423,19.882757826215126,26.25842897369595,27.67247585840721,25.95466311029184,17.945051366107222,22.99007243404177,-15.216924298207449,20.779731353683015,25.06761444232417,22.735337358582534,16.79760579039347,21.315291044096714,24.98323048777544,22.638491590039372,-14.262591954614521,-15.920664210636929,-12.647989189495497,24.21249179182642,26.400447902485407,24.51832981889087,26.23875107638902,-9.831095869245617,26.5063408914543,25.01348177987637,22.58179132863191,18.922417501804905,21.45832941067502,17.317896119109598,27.99614090314413,25.706951658069762,26.5957299640088,-10.345380287553175,25.81193740049711,25.783442388808584,24.475763359248493,19.05138758481626,27.587906679454996,23.41470626742759,24.57581719510176,25.735827361100725,22.495605704648696,27.627042964761266,-8.962698286002317,20.654716590635683,25.063157442283728,25.40215531606211,21.806753892405226,11.513525004529567,27.412916924418646,25.402666389976822,-14.968450467705487,20.532902193576916,26.26473603708886,25.906461557025224
24.40192886468835,17.52501123912498,6.738839739828814,24.889318117302224,23.043968731873154,30.673896171289595,17.350449738484016,15.376892227844678,24.749984916951327,28.321313170513168,-8.089423097051991,18.779469344534725,22.315260044731605,25.51576182060534,31.19569339553977,-10.16243382309758,22.54689868683436,28.571045795367844,24.970103855038033,22.881474888793846,-15.688732364600511,24.06771287166196,30.851800539203918,22.33997276126886,-8.648434256815161,26.686117851326927,22.643954317578043,16.48822238858209,-7.111484650609617,26.939284285120653,27.61603114857851,17.097101929034082,-18.756044188914895,24.894256275623718,28.993171934842906,22.73996386554682,20.15407188803372,25.08166073708179,30.25270482111929,25.811827008433504,25.400868022166264,12.271852718331882,26.603290881516273,29.119640454952545,15.983611734768697,-7.830444113974954,22.584658710045648,22.04615732165231,16.353723409918402,30.115059566676774,23.182292885909902,24.958085663541677,-8.905836279854366,24.162523627848092,14.266195628134117,-9.792839865319939,20.255615678842396,29.876295013935554,25.526342014256535,-11.6967749069521,20.733850762415383,18.680309967513683,22.651120073022344,25.486299859085364,9.919997336299343,26.729972630212934,21.02456405814521,28.029110031768905,-5.026272772819287,25.355707020667122,24.162173842957312,24.722748074200865,23.624422051478522,21.118777696853208,25.949910411545776,29.576815972531996,20.555296005552883,30.212617016537322,28.144941737449237,-13.05770871877407,-7.058360901325939,17.022982941262416,29.20985478964925,19.202144763507263,21.470236679215024,22.03554713627357,21.33780959850133,22.11684528523918,25.970855002869325,18.64853317054069,14.852535156030235,22.234306277519625,23.3498754671298,26.074613440324164,-11.40751588018874,17.24776552579577,24.365858977094764,-15.691935145202955,-4.306614828930897,-10.42485912785919,24.37773857252246,-11.782226651589678,29.159418872454452,12.317740112149163,22.515115674073744,22.17005370238524,28.313208927825826,-16.828187013250755,26.974193091530623,23.311652804629276,24.57380891559688,-12.243956775880815,23.05960233617299,-12.766088626073056,-17.964064816775952,22.76992170765312,17.476062173446124,21.433146166409756,17.969141796605896,19.977404753605327,-16.631365866724803,23.840614410200924,25.191054899214954,26.736520433756002,24.874378868540774,25.29987895937026,-11.584299543691866,21.64053425712457,33.17792978409926,24.42868548170333,25.300380357705553,23.039754657517232,24.17661111431969,10.590103568077485,19.461122244702057,-12.451112951780633,22.522183247138955,21.35376860371533,31.295738285289815,25.1547689538337,23.124155910047367,23.661326176500232,-10.114531614665749,-11.388894833491996,28.455203787299887,24.845357759729964,20.879817866820126,26.840480458433895,28.695486856235945,27.474343521460046,17.69006096965518,23.69945703586339,-14.907990617473917,21.41916314731354,26.099547477540682,22.629544194843362,17.42784019101066,21.8347131649801,25.49113263862341,23.433803752374004,-13.974662719058768,-16.73586684392883,-12.833467172715823,25.12650422405046,27.06021222128672,25.072065001743905,26.813774479619095,-9.204934201734766,26.89443874836303,25.993576608152473,23.15598821095613,19.25939198080065,22.263312445977725,19.037877413045322,28.853517061869717,26.720746382533555,26.81640347339137,-10.635027509758068,26.91861297273652,26.242195493242367,25.287163022440907,20.36057004527043,28.378553935528277,24.92606417482864,25.32474207505722,26.52959540328606,23.75190891744851,28.312289924099687,-8.828081006111608,20.83261705240995,25.37023707381902,26.455797467040384,22.794422256654357,12.658937012852618,28.83652132161858,26.38629779268514,-14.661459536685287,21.597658064580393,27.093831939838942,26.673877420698638
