23.807545757199705,16.941946174035106,6.764027874678162,24.312764944595155,22.102055588343973,29.70389740714418,16.55215322895615,14.740582050295073,24.34976784394706,27.226859989355372,-7.414469382766437,18.22686242905051,21.106075589795903,24.76287104698485,30.37383990763121,-9.753828599246445,22.164016129764843,27.674347375853678,23.984715950011473,21.493187214242464,-14.473921234021534,22.87022564541438,29.94114568577017,22.301913924028863,-7.965008186149774,26.032518924930507,21.179951109588774,16.209904662786133,-6.505930930423819,25.88334235797914,26.591119561316876,16.358633812180855,-17.771401815608133,24.80308430917748,28.20349933069896,21.370253287569902,19.737558475890843,24.053295739439356,29.483255784608875,25.39626259991328,24.280587395349862,11.512961802267231,26.077073245451434,28.57512300286967,15.324180188984327,-7.41403662456327,21.207660905979274,21.149330418364695,15.885322026657423,29.70856421580008,22.58504612799357,24.279795888145117,-8.51470666469813,23.268106008069914,13.658108777089037,-8.929314273631963,18.880640081334885,29.24511803600988,24.371235250725586,-11.313908490865767,19.791889720900738,18.533312899787568,21.62997731932274,24.261032859475453,9.495297944830826,26.280128173554356,20.3653380845641,27.11318413899267,-4.4768035980000676,24.8114917091224,23.283262171667896,24.511775671644298,23.66494907509478,20.171522719707713,24.577881636221154,28.48072691702972,19.578649209586608,29.733691490471617,27.137688207793015,-12.412116865909645,-5.762445340994917,16.278080493271563,28.27689226890273,18.37821276803576,20.968998896408554,20.599666026820355,20.105107482363405,21.014306975380713,25.325477076167136,18.947926798336713,14.36456583120483,20.884215674362068,23.37098514829175,25.038840603099572,-10.586420439304028,16.467975695835854,22.830664891757017,-15.052336994034992,-3.548286312441317,-9.248843121270301,23.09234477014845,-10.872165970743294,28.21780656808543,11.979213593889646,21.738718339739155,21.311492809917493,28.158198088851215,-15.797256009286711,26.385516497425932,22.90858009314439,23.333967504303693,-11.679908368612741,22.61283258973493,-11.788072647406704,-17.10957492954161,22.57436010486826,17.737981270183074,20.68270264796106,16.777802901643717,19.63356459490486,-15.68242936318732,23.03879479555696,24.151431216509454,25.681367048325722,23.40087333503937,24.916619875045473,-10.584999308124761,21.66964710606353,32.25691828782267,23.338659670648966,24.2516930469219,22.051289673923677,23.332796904852305,10.581747197713302,18.408149548169,-11.759714791434059,21.50695762287934,20.049260002648943,30.026701952475776,24.27497847370123,21.88126761044984,22.516224803562512,-9.397506070669294,-10.622414593593767,27.94109904246302,23.38624060598704,20.028162343670306,25.848147640062262,27.819402420737212,26.594686958207443,17.278148773706196,22.905961317162294,-14.127361347008032,20.851003353902588,25.143846237575815,22.62368596397525,16.420906565824545,21.40113232754224,25.133920146957756,22.88025019783629,-13.301913224240803,-15.834704432361962,-11.944146860837735,24.810133307922015,26.89648714086389,24.96681050184606,25.82646822571953,-8.559653795646327,26.056181340483928,24.89887676559577,23.17849628462947,18.79635441342313,21.18333162283396,17.950542377740035,27.93571464702229,25.863675060627788,26.457908572859882,-9.561188121089192,25.783533767236854,25.909139941348993,24.32199407052757,19.182983599641215,27.52758901459829,23.84209201092461,24.648369162243796,26.024599040723494,22.697461617576494,27.553501583571755,-8.301981604844647,20.932519307531564,24.92981062272416,25.31287140211655,21.732577292932767,11.72498466668676,27.730246167638214,25.658746620489644,-13.850418236858884,20.79404979223848,26.35849156227854,26.2415598429247
26.927600873475427,19.5537283321329,7.3843819384559835,28.26135922998036,26.408981929630144,34.13405472587045,20.649204627519037,17.736905747652294,28.247231061426547,32.05551757708342,-10.89092286337342,20.187962078113774,26.454069708123885,29.04922340424278,34.87034899443588,-12.423169274056303,24.72366161641902,31.293446558262414,27.882661627490112,25.539422062585906,-19.371273311583305,27.68672965407569,34.393393680386154,25.215665184569694,-11.609944988316085,30.157773281932098,26.283429000947027,17.716008246215143,-9.36700266247342,30.13089076136512,29.93066062954481,19.628807501631904,-22.723027407032944,28.17399882910661,31.229377733395054,26.311456004436575,22.50173920995643,28.171685588299443,34.44136949071857,28.393150333313642,27.909735619761985,14.342863005285334,29.661454566726558,32.557455780668285,18.296161387412482,-9.681017836751087,25.357139339202366,24.695287368936157,19.95133058517766,33.16475769545788,26.404535804081654,27.41832349452547,-11.006313342442455,28.186852356919918,15.519797303501823,-13.158368758207427,23.173795554560943,33.04833435887661,29.363156488878154,-14.172025581348239,22.934634458673795,21.483382355671854,24.211330563115425,28.971215145452113,10.56270391164952,29.212619800907888,23.501450495732133,30.94970954552009,-7.684578117084504,28.884009009919005,27.15393617694327,27.30467467809222,26.62052790885827,24.666606020802888,29.525946236761957,33.44465030926994,23.0119968167802,33.341808244197395,31.496760419096017,-15.990032244089358,-9.69593922662057,18.4606141241225,32.81614263412793,23.0249773295729,25.19027583040416,25.491203827945476,24.389367192891797,25.625716390841454,27.71857650340227,21.204201508456045,16.68297848037673,25.471312357723786,25.99142723905776,29.180825103615906,-15.012368435945717,19.4411716654782,27.907049420565347,-19.764760712174464,-7.134273750483017,-13.51095747340479,27.607827092771487,-15.56428599620756,32.43975489332926,15.103065377614483,26.33281747737833,25.28868010248192,30.787615556313128,-21.069699330067454,31.008750450641546,26.999730657430675,28.56240222784644,-15.63605372473271,26.25720108273065,-15.264976643704909,-21.9190749880872,24.737228123965853,20.54513556795024,25.14282234854895,19.917797531163362,23.465772040298575,-20.88899804850461,26.91669806725659,28.01505189299469,30.049116158103395,28.098003760780674,28.167826237406548,-14.501696845661419,23.852848522474098,36.91824114342677,27.648395939771937,29.160523450565766,26.812741069096013,27.271236642650106,13.07829443961265,22.134950455444045,-13.517778781856867,25.42195249944287,24.79127411475909,35.01001144151031,28.076192872199915,26.341980402121226,27.35339631103291,-13.281362461707912,-13.993711249462182,31.41981520237562,28.515877860832585,23.160359111265656,29.980038985939387,31.569289806410954,30.109993134874,20.7360597476442,26.044757090495533,-18.85349401906978,23.05892647164537,29.300654386228818,25.794037364602513,20.511944592488636,23.338534557986975,28.460867913247693,26.25870076109776,-17.576229864320997,-18.88540720021282,-16.43383622855355,27.085452973269085,29.44724191470973,27.757837823685108,30.211157013996,-12.634757042998135,30.107073326922688,28.760825715468346,25.230515111535624,21.239991846584626,25.45884359550553,20.319688153660426,31.602297395174155,29.465407596664793,30.53405683786237,-13.85302927289225,29.831332176096257,28.93578061910625,29.170498804285227,22.392180352555737,31.189490520556507,26.603821523870312,27.49349496117103,29.590422660878506,27.048396651672405,31.107058919926697,-11.48302916107781,23.07886515662816,27.775763716904308,29.565649617214856,25.58283050518646,14.115982008269633,31.61830884445038,29.63581015529342,-18.674171102126582,23.065276174759514,29.857535063130257,29.75497634260308
19.71790339239535,13.79014162507268,5.888084793852448,19.76018076418139,17.938046353618816,24.401446245433725,12.851596544431724,11.677630980263082,19.756940498905852,22.134415547188148,-5.164362951122789,15.753834385699001,16.551926278196067,19.97596313200668,24.9017818395451,-7.5035517125394975,18.35969340370325,23.17040423732595,19.597292431650693,17.55114472477314,-10.630753217542578,18.29290341571759,24.476083196009988,18.47783483383062,-5.159817461130273,21.37051653971319,16.65109254556162,14.024496501721778,-4.565270111049349,21.294570626031813,22.21004590246552,13.228210708862415,-13.461878293222338,20.22675204352917,23.989917974032274,16.982124261161783,16.26952860133373,19.821589792648805,24.046757937586182,21.301865750515017,20.293894679810748,9.33679614672484,21.62162913300099,23.494140645649473,12.35477991724268,-5.538924110239426,17.20859251792131,17.50897136997941,12.118207498350955,24.936785103348836,18.33382878407292,20.389346899777905,-6.598291473385736,18.392891280248076,11.520527252359193,-5.8850851630032714,14.924570913936316,24.29090419927469,19.318866390594007,-8.78839995551879,16.440582167374846,15.086845230910214,18.459858258744237,19.606174293778743,8.123019901255816,22.052450079234728,16.920073110243784,22.676603111940523,-2.514581805338586,20.217959319888408,18.99430199172268,20.476700330435445,19.764391938738274,15.900650013605183,19.863332363183392,23.00822661837984,16.07412356644703,24.747849711673894,22.205730719275543,-9.354095123796629,-3.4167655257379623,13.840507761654209,23.062611994122868,14.203100287084567,16.735700135213786,16.393300064548246,16.251867275227735,16.879940720654286,21.45165973012919,15.640040768281214,11.961549001378227,16.633176192945204,19.462087148060032,20.50368168990914,-7.390082892167954,13.32094702135204,18.085615038656066,-11.033861560175147,-1.4919008139249568,-6.42648755728891,18.693578069791638,-7.503638226220998,23.292908643098748,9.386682675457333,17.17985715709484,17.051300816811395,23.8381821565195,-11.57621355716379,21.313207009443925,18.4667625702276,18.279178396548446,-8.483468634450388,18.385407807671303,-8.930130258368338,-12.967560665718581,19.26958629590743,14.373854332394435,16.32582782484206,13.623077063134552,15.626873547598523,-11.39718749973581,18.948734637066657,19.926159567321,20.985270860880785,18.858840013071475,20.769419066517578,-7.518522228865787,18.42961998461361,26.542269420083663,19.099121742096283,19.241859181552073,17.251897483413952,18.92858264288396,8.321199245866469,14.93097644429995,-9.746976785740646,17.40879779994083,15.692943315627456,24.518187963780598,19.8061525242064,17.8447227686235,17.686213457235763,-6.294689233839222,-8.032393878909076,23.47274019690357,18.587032544655116,16.573892912891377,21.240990247769854,23.04797707677263,22.082598119058208,13.711655569715878,19.110144535037296,-10.272131532320685,17.89691742150875,20.48422358635403,18.593277318997817,12.741765732146575,18.419494480242353,20.751552519936748,18.81904923717211,-9.714030377545374,-12.872520879806354,-8.495138535012797,21.057449820715252,22.61748818656615,20.75585608244397,20.895549304743188,-5.717346018797539,21.49155386682325,20.528364900638927,19.69315696169754,15.6604306018778,16.937442531886305,15.288951260666451,23.28530418111991,21.54203572576822,21.633435112551822,-6.462789814951864,21.352803727532432,21.644862851213084,19.32168617652976,15.987271904480883,22.804872735223288,20.206678003059917,20.747049461957694,21.308608348965162,18.259946515739177,23.216666575340252,-5.805900537358316,17.732858981092733,21.0912224990469,20.548979926024273,17.494180183447313,9.554929906864176,22.910084449882145,20.886085808122676,-9.948818970380344,17.66979400061066,21.999213102286458,21.61813752467675
23.29018050077966,16.757604512445326,6.447454844678225,24.230182819522373,22.04402262963209,29.73416015749147,16.716854510723323,14.651210129791535,24.218102322487827,27.321898340531394,-7.762906966331864,18.54002431597343,21.223954067189098,24.848111361979193,30.400351800254843,-10.043914179558234,21.66774216008309,27.077280729981158,23.834204980622903,21.552377990714124,-14.981976981602612,23.037801220780494,29.665244054877764,21.89766150300304,-8.406400392541997,26.33746370629264,21.489883461995383,16.232716254804455,-6.9741581073178684,26.01899806900635,26.509880326773168,16.47298768176249,-18.03550137083827,24.118182946262696,28.213127990060137,21.355871984863615,19.788381319757736,23.994005980296695,29.53953003774523,25.156034362467103,24.1904715356431,11.45334490222883,26.063471612341594,28.247769067256492,15.203550448440662,-7.649376288618515,20.840398915125082,21.092669636029065,15.768203344208349,29.288603996582165,22.78223636216647,24.447046511392315,-8.747067513295727,23.11979730136767,13.396651574175841,-8.898851608857509,19.151174192387924,28.803101911134682,24.461360375743165,-11.261969648293269,19.994781102299772,18.571626924297693,21.6916885209412,24.50993120945255,9.400982347373573,25.697146005998768,20.72833688309638,27.434965839838807,-4.349581710398301,25.145715155929178,23.238187933962596,23.90746385377818,23.06330768287534,20.39069190623263,24.83903595831564,28.530709663330686,19.988650810134775,29.51264373121675,27.046153578855833,-12.5492553617054,-5.851462433823729,15.683031170940467,27.85168525298099,18.656939898606588,20.755393771041653,20.627418086459397,20.230120681495002,21.18016151467016,24.914682387565353,18.474393600273732,14.129252303239653,20.81553991864419,22.82722991870334,24.827749118807553,-11.110712797762675,16.009849376334603,23.101994558583883,-15.182612415713374,-3.939496850261209,-9.50435720976915,23.22279302625881,-11.25953666887301,27.786022018294968,12.067870100154247,21.79992028851578,21.03703561646333,27.57643566613897,-16.14347831123387,26.57490474603289,22.77433528333663,23.41451221603394,-12.000442318012885,22.148881985771297,-12.181622251049067,-17.369791038056146,22.119826402917916,17.43419383137397,20.6279772142895,17.140656573914203,19.696587046243412,-15.957608402532308,23.127403027400966,23.84939428090033,26.132020055537996,23.471549579242964,24.587660950155065,-11.067294852954367,21.524612780953213,32.17697903373508,23.293607915903046,24.305593476315263,21.81626203532967,23.450629207510143,10.253685530386273,18.365731560250822,-11.924553593584054,21.552061204297473,20.21668609713072,29.893314374265554,23.64790078597917,21.86350795731957,22.68208824945235,-9.664557040237524,-11.100570829968301,27.973518906245573,23.638189490443477,19.76410274749274,26.25306192785318,27.588323734769485,25.95058521287511,17.423104647875224,22.90922525591397,-14.63639241211183,21.0410005222883,24.88569012681365,22.13017281769047,16.48143012059003,21.621702648979646,24.537349797522555,22.184979791248484,-13.585134164151127,-16.034836517992606,-12.177617398620733,24.202575130415248,26.21323911767923,24.146685087717035,26.16512735918919,-9.152986897175744,26.389296697727556,24.929416747970542,22.32652265140986,18.80357915131914,21.156064510506095,17.783446007206177,28.115230976992624,25.71889427226365,26.067670477434937,-10.029615435913575,25.898955946947815,25.462647370705923,24.108615639998746,19.167767511814436,27.599120218115367,23.712177147328386,24.54629029870845,25.572972191014546,22.34275765589172,27.661536049248333,-8.581729479003386,20.142997992726777,24.922906669384933,25.360060884064254,21.957859927614233,11.576978806199088,27.518439440583435,25.162298200257627,-14.263057790695433,20.844024898150927,26.3382094649667,25.484372088312963
20.205335866887424,14.242410793646625,5.9672038425523635,20.500322071732604,18.380854088320284,25.210345679302886,13.548815868899924,12.378768026689384,20.67445140130534,22.94938262530148,-5.279584431467095,15.677206747492534,17.15279972567021,21.0033902336063,25.80449275069341,-7.76382078183272,19.09452083796868,23.648985304029914,20.378829981357807,17.938604269599637,-11.154374290214612,18.925012827114006,25.404404243880048,19.15508716369123,-5.699648878580716,21.955229042801907,17.243279696225038,14.293698156351393,-4.555799529117106,21.633463720364606,22.784314234754362,13.68334321006308,-14.210463125713776,21.258890538126444,24.29577411520285,17.5540788044617,16.862185998512242,20.24741588343387,24.89845899511484,21.94562553827946,20.566419185948998,9.366932193454584,22.29137954582327,24.331630370051435,12.713218095774446,-5.783540985473759,17.566890341981217,18.051219970168226,12.942953654648354,25.63286348491781,18.845409596714305,20.68457487445869,-6.799549953798753,19.332822006353652,11.798592402204878,-6.454446823153463,15.481374140271015,25.009726997663538,20.0869126229714,-9.275317521727464,16.434457692373346,15.784338509091793,18.403601588629368,19.967677603572913,8.12228707989176,22.57245067729522,17.0688640514346,22.964036161321623,-2.818702992792481,20.909548128301537,19.71862010980461,21.11161623165483,20.48118747707848,16.57446832931106,20.35888591348073,23.955801657273607,16.272895912139965,25.624611008997054,22.955211564493204,-9.770338053734037,-3.5738220706886223,13.960423358845603,23.76468390589914,14.876039666616668,17.55393243894959,16.758844123825426,16.58858919613455,17.375368306097894,21.995042473206937,16.514491359809988,12.25744206405937,17.149263944733733,20.2764035873778,21.11730276065832,-7.766802636816251,13.873786789142867,18.75210818458812,-11.915745045429649,-1.6756862759567592,-6.450549367408981,19.199530980230154,-7.959206830697268,23.931282903722973,9.983891521603159,18.02486181750695,17.902318319442276,24.572051080165927,-12.245631953569934,22.24277086724899,19.363465041868757,19.1966961581205,-8.9883595358897,19.18331713048368,-9.260535119530038,-13.593953612300936,19.695869636988395,15.17660822446768,16.973236417822704,13.801262658262356,16.38872600342624,-12.234900915819193,19.27894627176133,20.233482646559374,21.40596833353576,19.323814948803626,21.251056548299207,-7.966785883671055,18.774539364505163,27.44442983015398,19.44039278413505,20.068818062801387,18.22403916883789,19.646938570671583,8.857218785719379,15.14766152987835,-9.941051474460671,17.999130362185088,16.27141953920427,25.298031645770166,20.363783383827858,18.238344726935335,18.635964326489358,-6.9603098577789995,-8.083751381905047,23.841479371922897,19.131620014997882,16.901269714202567,21.655464127310015,23.826816837148655,22.71518029765173,14.202444559394495,19.558442308994426,-10.955022863457971,18.145098523982938,21.007352252284814,19.385526743346617,13.570478684419255,18.577517979262307,21.554247745967224,19.438967697464303,-10.438255701206879,-13.156807024555626,-8.928751309239823,21.559018202350785,23.382591812986853,21.61517765185121,21.654090217600505,-6.157989833557871,22.004525078128072,21.117296453815214,20.206710106507664,16.260547876947026,17.50475091455432,15.02258323657059,23.798944788082004,21.944731186762965,22.476056636779695,-7.005357468498884,21.67040856206892,22.5029621457128,20.354640697832686,16.072171585934434,23.41084038710057,20.532617486075395,21.264603902321227,22.18225901579461,18.69862178411155,23.427153382964686,-6.2631513884991845,18.306150687245015,21.469249002994,21.130185649366442,18.23759102278019,9.707313068573944,23.70063481695842,21.814944721737895,-10.628320121613996,17.9429917842748,22.329875476608063,22.526591515791036
19.28456307300695,13.582005346747906,5.710089479983834,19.423849409791796,17.648387069471678,24.02433966302655,12.602248613377844,11.519469361428527,19.249138625834085,21.832632548130917,-5.003898382002627,15.515832723005314,16.181253241875524,19.702768170976235,24.617553490973656,-7.2834547860104175,17.97286589951159,22.613818506797685,19.286431151737297,17.29491251142194,-10.51334739167457,17.95192102470113,24.007408871848217,17.90706919413497,-5.14725528995966,21.049961033220335,16.385729408485084,13.787509054643966,-4.425553031678998,21.036073618248,22.050640058834702,12.830825513472885,-13.198033999791294,19.65732167089365,23.640994797456617,16.707700034337936,16.12028111633079,19.44419834905716,23.703976322183216,20.883692288674883,19.919732104358495,9.088112735275494,21.194403211817395,22.956882280222352,12.099746372732655,-5.382179160392478,16.815248550201982,17.265592766966826,11.856676170648491,24.441959525121757,18.10408521935655,20.16514626513327,-6.375308774426028,17.992761547230838,11.336598344753682,-5.577563338074117,14.74725315464646,23.721035766881773,19.028182408473263,-8.432024589445051,16.336473408467437,14.79203083641672,18.24333882488189,19.423868657464148,7.913854120813565,21.44854335343104,16.739782062406537,22.449309775531848,-2.3361029449928226,20.0390948638002,18.7252887118962,19.830862897398134,19.152076650156335,15.599766610791665,19.57753254179342,22.760712111423754,15.932595640946179,24.254447487837428,21.72606494294308,-9.01866077345054,-3.3377148023746046,13.494060815078493,22.52698290122582,13.981523322464914,16.16713693843083,16.056220463532576,15.98378212198514,16.422509697748453,21.123013341727336,15.134312171326258,11.719325601250965,16.390308563247938,18.983088753033467,20.075446586120112,-7.283591091956387,13.03664659086601,17.993292144660018,-10.737861250899812,-1.334741269057542,-6.218947144382817,18.40046846802077,-7.2833460458529,22.839297279489177,9.20251531304387,16.845774767974536,16.816584393435534,23.22203535596817,-11.314898471824685,20.999214323001933,17.981050866932147,18.067116127271735,-8.312707162996478,17.82140464098189,-8.793739146597233,-12.634574685378393,18.779538215584402,13.820536046424873,15.961167802196947,13.619564863813372,15.395870279909795,-11.137321061459875,18.689021596364537,19.458821001985967,20.809582263665334,18.615803510506744,20.16736227635562,-7.446185343323776,17.92295362252282,26.164726172213562,18.807358020595434,18.89311700298311,16.9248043907544,18.584224486418613,7.955507340375794,14.61798316946027,-9.66736715134621,17.25638136396709,15.63114364819501,24.15187535635538,19.3597913551826,17.538086660155138,17.473445812148878,-6.239687580974017,-7.8527275551738915,23.07236908398755,18.346502633449425,16.250621781590098,21.003055403074328,22.623496373438705,21.619065517786964,13.548997076598889,18.87001603615292,-10.08608416333032,17.71897869248531,20.078972728482483,17.98985229519508,12.549762973964866,18.230599708860314,20.123316260012164,18.290800250989335,-9.47763734834401,-12.749355781516405,-8.228836938301171,20.490371683404344,22.034194469145582,20.117973285592566,20.79386605828399,-5.5643946053032955,21.172633892138773,20.183305764840995,19.0301140454363,15.396774302949158,16.755064454499,15.064087270579487,23.100566088939573,21.17113986545487,21.03318813246089,-6.391539204797149,21.170612695440145,21.179441583021298,18.972252610713767,15.687333133627755,22.533553431234232,19.922938916084682,20.395031468204888,20.893768388118463,17.85658779594505,22.883964340788623,-5.80886576623949,17.102991189920463,20.725184110467303,20.339276413935853,17.357979915785627,9.349446429966353,22.661649273521835,20.420113373878454,-9.702490678307505,17.538568770881554,21.606419166318382,20.996009883593004
26.056129084949397,19.04738019177699,6.720194866922973,27.689270545460808,25.787474522863356,33.467388889002756,20.34585139458634,17.16250435765063,27.740597558698013,31.4432185672641,-11.055618363719343,20.182075088529967,25.9452627379494,28.375229922140772,34.182778370799326,-12.693103601227527,23.683480970093388,30.066355987734553,26.950308152062313,24.74635340106572,-19.515886754949275,27.042616662421473,33.44339587272405,24.477425838590044,-12.005893829883103,30.11711788867151,25.864073466600015,17.259280185043345,-9.920555015622574,29.783105617867623,29.078595999523507,19.17601046419544,-22.503032936210186,27.062717751601223,30.66598668365497,25.44261516595644,22.063109292609546,27.531755924399125,33.83840043836188,27.59228218165393,27.320185161937893,13.95145257806712,29.08141571521138,31.73745965429707,17.828549913540776,-9.746863989043431,24.40148669301366,23.841924223395633,19.573158043828524,32.23824272970418,26.390930347048275,27.185215483068895,-11.228656455528611,27.439659007890796,14.604027172032325,-12.857869947239983,22.723159429829757,32.08551323443487,28.927870503346377,-13.88628430283415,22.841489436138264,21.017356438456513,23.88197829586601,28.709243980542553,10.292151565141035,28.24032551306032,23.514372199505022,30.79359949443242,-7.341360232222409,28.674123437950488,26.367788632938527,26.429486708604855,25.594689927003024,24.264683145800596,28.997742538561646,32.60510004393068,23.08638075685906,32.54186508659561,30.598599738922477,-15.93162227204525,-9.467833850567164,17.208241500648224,31.830326412265673,22.88883817399883,24.514032826288076,24.722658846442876,23.973119440391653,25.055707516253335,26.62403385015298,20.281829853169867,15.952139401159013,24.519552601820415,25.122230510747634,28.346281035495508,-15.452703147777605,18.426813007836824,27.42956406643008,-19.485709666130436,-7.444713649964322,-13.618250940693393,27.154447546416844,-15.694852827134039,31.389025637856477,14.729991724286736,25.993804977793086,24.26771485730207,29.7227775062737,-21.086678945524508,30.657975563012332,26.297164129099876,27.875419396260998,-15.810905567591103,25.283579473724572,-15.415010194952659,-21.80878872955545,23.805049898347534,20.085255370091204,24.715420948517416,20.043324417368634,23.06065516827695,-20.70158434779652,26.49446808960555,27.314638948427,29.98993569770266,27.43538172719431,27.557081877990637,-14.73885135289993,23.613278793377592,36.203954543133996,27.120122792462627,28.61791492941519,25.916782147096878,26.70512565400254,12.429208011497952,21.505750937095232,-13.263222482339467,24.803649107807463,24.449964675140922,34.159793078755335,26.972044772015003,25.641671999522103,26.816089836620037,-13.377333734338698,-14.518888330221872,31.075029629862566,28.056993759104788,22.470532568728082,29.90954541496491,30.64272697747715,28.82932779423998,20.62724023313909,25.45226217101432,-19.111774803336242,22.66379284009379,28.63155144339537,25.077463552166037,19.741857631107614,23.139849674343612,27.51108193212099,25.07583616664189,-17.587695774784997,-18.643354351587305,-16.358920677304045,26.130011824961347,28.359569051191475,26.51923898907142,30.05730287165698,-13.174828257796303,29.82622392891901,28.03866580197733,24.09621181986167,20.684692799680196,24.818293813683358,19.796223201240196,31.208018046486863,28.83215872579811,29.741321972379332,-13.965275641512479,29.331189216603576,27.801913333772372,28.086565589404213,21.867851188267675,30.726768344756312,25.827193495165808,26.74296611958655,28.659975998075016,26.176050923325,30.771780359339104,-11.750092291877168,22.015786222593924,27.510039272096773,29.076160780721608,25.06806037036119,13.406655043166381,30.50531995410997,28.44328374074928,-18.848876981444707,22.483739576487363,29.438469055456654,28.501068587900466
20.2500248042756,14.084469440732628,6.026554371732879,20.385343710389204,18.225546232368732,24.4537034914337,13.413047572560822,12.238322658596513,20.311430435775563,22.418268896629726,-5.117102359274406,15.435014440784878,16.721642293782946,20.253949031147787,25.02222398163213,-7.358756363155076,18.897906354382823,23.62876638834264,19.73217219373223,17.60080806393611,-10.780238721164661,18.58626682665445,24.824796947423287,19.040273475644245,-5.338875350938962,21.483673834511112,16.654831924829473,14.051102326523841,-4.452230624288929,21.04724889579503,22.352287731875315,13.179091091758174,-13.69493069720432,21.024461628915518,23.723211233941107,17.01205025489481,16.138984345351552,19.693211038477433,24.413639911418105,21.351455754904528,20.20335798104966,9.423953446303825,21.653494074208467,23.921144862088024,12.691872691113177,-5.486917644378175,17.543576252485007,17.832204230349518,13.003247625247909,25.308309342356388,18.73240348793174,20.385248826215868,-6.250266432091222,18.981193408234528,11.415713832074907,-6.263029112829684,14.905101333683497,24.749612033303283,19.632028431908207,-9.071731007088141,16.56367211118727,15.251784501488956,18.117043284847878,19.35375414897889,8.27782116072285,22.492818052618425,16.728684210766673,22.418324431667468,-2.8424387936785136,20.186652934064448,19.450197519525574,20.99918825265935,20.355726058688443,16.225715205160387,19.880291567907836,23.289110560796665,15.747385653951218,24.953265815064444,22.58148887456764,-9.638823231527429,-3.493095658990145,13.973111145051762,23.681884097537015,14.784946919683202,17.4411978417391,16.78265691737121,16.308021525862475,16.971393243640733,21.506308385851895,16.24038326128729,12.613825052809668,16.820311520274892,20.145590061450918,20.74513805388611,-7.542562744813628,13.65582793866197,18.25701050833538,-11.771061896996178,-1.5222006421395327,-6.403878068212832,19.015589980865776,-7.874792649644208,23.66533893578305,9.759571649193665,17.75892793332152,17.379203427588493,24.213788579381536,-12.036884738358124,21.711603746822433,18.910215080842875,18.639218397850584,-8.987242658141824,18.945316337464003,-8.72152191982873,-13.562867878120878,19.397537558557662,15.064257989953093,16.933830206180247,13.614637737934169,15.866674044536845,-11.981476454990299,18.782367714266126,20.14708713153027,20.745122020122228,18.85746962630261,21.167078858991236,-7.5566693002389265,18.620086778873052,26.834225969553255,19.107298232665645,19.577655180240285,17.8896831870367,18.877624747476812,8.826461837909825,15.022218733744822,-9.428496645897438,17.895991336555312,16.197754338517864,24.83621868964814,20.358878976596905,17.878757980477626,18.027667110387938,-6.713024937137929,-7.940632246414867,23.537959241751157,18.597340782514138,16.84143775085493,21.163228800253943,23.21149090021263,22.544414376368486,13.804968968594487,18.731992722454127,-10.591271890181966,17.721343511414915,21.032604575156743,19.372620454027437,13.057731176137489,17.84551261777094,21.358808386936797,19.393286669318545,-10.166971815741617,-12.860103947250638,-8.911687583063385,21.460461952268425,23.126954293342287,21.460373726902983,21.101802495059104,-5.678642293542101,21.324306865717038,20.584171369219796,20.28769761909241,15.66086637969914,17.19764667182141,15.232471490408118,23.04869978961934,21.699171492312047,22.410531595776046,-6.53100052237727,21.313534878075235,21.910089691120465,19.92277382933558,15.844826167790593,22.725639097340583,19.86038365698306,20.582815045503466,21.983217711946455,18.7831488513065,22.941832537933575,-5.876023818539278,18.400003579414182,21.087399771117422,20.689623113656218,17.545883028190506,9.476380295779968,23.071839361115558,21.474826201940346,-10.32252875476482,17.195001449005513,22.148669051755796,22.370341560917275
21.58512687535797,15.179761108949696,6.423021212879147,21.91536338662507,20.005584865858676,27.319575780330478,14.774418405525461,13.449536507169437,22.198872323115367,24.847756936597165,-6.150891635130548,17.01261708766222,18.95408707536632,22.787624770968243,28.042526945692536,-8.715319402734067,20.43593865362277,25.40692799018119,22.27684111992471,19.682899514032645,-12.479594580894785,20.831229279665738,27.40267504206471,20.38448628631874,-6.546792823509751,23.80815179274149,19.06117452322223,15.412828558778594,-5.156187860981219,23.764025175838874,24.576782623701842,15.234502455373491,-15.616978549247547,22.60575539143943,26.25885610615858,19.45814201361825,18.510138959321875,22.242868843673325,26.99729591018675,23.874140393392548,22.56619984004407,10.422064279113956,24.208655850661284,26.0982397975092,13.658283155176013,-6.462238819091831,19.159239347595435,19.506222855988806,13.963814674493657,27.410876086628388,20.381932659043134,22.288507319123955,-7.421593137673382,20.939802283737215,12.885871214619735,-7.441949889037706,17.091495901762737,26.79187068332814,21.923072079498013,-10.064103336834465,17.965376352141387,17.101913501545628,19.93952750130617,22.111037487135178,8.787165767682735,24.119149562163955,18.660249644634533,25.12900177266677,-3.489483467584637,22.877253253691144,21.476691584609643,22.480433164974677,21.895073044619288,18.093052153647843,22.310701211366503,26.13569422013988,17.86785014366801,27.57538978084472,24.952082657751046,-10.699468653249523,-4.49637699154115,15.025483666650057,25.60302517246039,16.29376329603144,18.974763810612426,18.50954220208022,18.259475778382246,19.12483538663786,23.62803535024136,17.50821467588684,13.318123777724926,18.888957689229798,21.403874697653077,22.867266709965463,-8.782672766686414,15.244784687213668,20.630808049394215,-13.042479987411538,-2.3618551141530655,-7.6830824898289976,21.04372486742186,-9.05818775538489,25.79335278958465,10.790933494029927,19.52806517604292,19.54555991444789,26.279978518777856,-13.632407794479734,24.136838752492558,20.918113321147814,21.010763512156824,-9.974734911865134,20.637236361127194,-10.474541584891425,-14.962475736640851,21.314111135373597,16.13582870053427,18.30976790615561,15.174499728752687,17.975855481957666,-13.561354441353915,21.191289961617446,21.956458256678957,23.4566387039456,21.322666736177258,22.83744943326333,-8.910570598270832,20.21583234251984,29.666609012409044,21.362399757540704,21.91953561983618,19.763520232231972,21.426090552180842,9.628088068816679,16.625104920646283,-10.735060743109399,19.45038738993099,17.85247589166742,27.420777805390536,21.977816358886386,19.975346172110672,20.38121646853908,-7.854901851087731,-9.011753280438754,25.76547125817807,21.250578215577306,18.382806841234544,23.718680160719497,25.774774673549295,24.35749229980822,15.67702196762494,21.45582522610848,-12.172806528167044,19.572568226206027,22.714899551096718,20.59097581266661,14.85102380888569,20.189543000334943,23.03121601103753,20.99267609457643,-11.584941216692304,-14.34787818507014,-10.0196667322779,22.923207412917126,24.937188193948572,22.95160836187412,23.581165550243725,-7.062447076809246,24.087475710923517,23.04809670791454,21.426912564695726,17.707250682204045,19.29801640819248,16.338147969880538,25.936779547388902,23.762668282653806,24.034512528132453,-7.902534296168997,23.73559282971519,24.25139421348239,22.099780201516136,17.57451835904782,25.52106995640964,22.298676450176615,23.21499363010965,23.669687637680475,20.265286224610946,25.532368115569078,-6.874817858186217,19.402481725648823,23.21510690026492,23.013612458290478,19.819521199265758,10.699107358690114,25.707583816408533,23.438499047215043,-11.90381092914556,19.55667161209378,24.14153850960845,24.03808986658439
21.669112837863395,15.448585565562867,6.358370710682245,22.193017189936707,20.037166449107087,27.293932956536793,15.104872564611526,13.683026556270415,22.2402099202571,24.95871955256476,-6.518127579358982,16.945300470372015,19.169340846717663,22.79521591248858,27.92861120725837,-8.821016916666618,20.412304799196676,25.284268320053574,22.083170981950193,19.78847359863775,-12.954376985184924,20.97559284089784,27.39986621470615,20.417845857987416,-6.97733747877022,23.85418453119004,19.326594294617582,15.188896692727836,-5.62092551566405,23.683812481009795,24.58226210884488,15.162668984935996,-16.03890510816671,22.579122658385472,26.026709470365393,19.519822507636523,18.250180462934274,22.073731726673735,27.06289751709463,23.477410114209874,22.410601190743826,10.463261812634585,24.082027546224896,26.15959974234858,13.964324332885479,-6.6605059444386585,19.238148508659503,19.501655486636185,14.238116949246736,27.30838594256341,20.59558352992986,22.346817280934356,-7.581227190633194,21.090189885944632,12.702516585745531,-7.768515543709221,17.304183604366283,26.71371900530272,22.114606619183817,-10.110431615555882,18.07431842767806,17.105702520027947,19.85237485241822,22.084215476046523,8.755947851206653,24.00178026541162,18.689636008780013,24.979663594283565,-3.7767308796290617,22.841177619123034,21.524855005756052,22.379769964621648,21.683543219004697,18.49454645804421,22.510552194589412,26.167833664722078,17.825950056791466,27.417396891837004,24.923323907486996,-11.05190580036782,-4.90424304887469,14.975443013319499,25.70225339217681,16.60305572371362,19.051407615569182,18.76094426564765,18.38163855705466,19.24780923112945,23.438214148128427,17.500063195896434,13.278883733703074,19.08768375461005,21.347114018378868,22.81286580365708,-9.259861346405389,15.105542696919995,20.917056528053248,-13.445971970498714,-2.7663816565755113,-8.059676603495033,21.199126039257127,-9.575612680734643,25.848490753817728,10.961473345119359,19.722399839847625,19.523951587216327,25.938737301577266,-14.124201720353167,24.17472806563313,20.95715500671004,21.215581721755193,-10.37464061472213,20.592714034258286,-10.63324668704253,-15.364677314561353,20.963614585880322,16.117592212004578,18.658377344816017,15.406378959244492,18.045714302599155,-14.01934201771503,21.162109077475865,21.93551502785352,23.523481986833804,21.365007918865867,22.77912744457132,-9.365453147537265,19.93075964625352,29.637002314313847,21.31065055465468,22.130529064554832,20.062840831667504,21.486949066096553,9.635418154217247,16.77334877762367,-10.9169669417441,19.800312136274588,18.272744340695677,27.45913817729916,22.022739370449376,20.06334827182121,20.525374492606357,-8.23907280089029,-9.417128236354198,25.67005894215195,21.34103608766037,18.352770441751726,23.748855551006745,25.653858201985823,24.288836273595027,15.613775907673563,21.139333620907014,-12.657416822855584,19.45673966721707,22.883113217768933,20.545425665058747,15.083199427670937,19.83760855130681,22.918989082350514,20.895229253641233,-11.91636032664238,-14.57520629116244,-10.5652359191235,22.770592036666606,24.7172888553556,22.782273833195454,23.771058214894563,-7.4919886019871695,24.076393455976213,22.91625068686486,21.20991470326624,17.519618832395455,19.37225309168442,16.39648669557104,25.83465234978044,23.67139294120227,24.103170042634435,-8.43307510167129,23.67196335252338,23.955532655104317,22.246849244840075,17.476781106096134,25.350495961398416,21.964003466222696,22.832796679586064,23.767319402980604,20.467805590025254,25.318247735853333,-7.247223971559323,19.152045879648703,23.016292063460654,23.1792259658412,19.995690179968882,10.72496968410408,25.533590836076762,23.40920184160522,-12.300147471690153,19.29582524356165,24.123426652393842,23.948176138228316
19.34816375610507,13.725676050953856,5.911052669029579,19.693210245523034,18.083160747666387,24.175820691311383,13.261298595223957,12.112397996430326,19.517135678746456,22.297538232707232,-5.322675672054631,15.299391920634514,16.92233040737169,20.24713369555972,24.866655667441584,-7.237260822094709,18.187655903715747,22.842963600939846,19.799078251160278,17.784648657889743,-11.070525610123893,18.593735292154665,24.292713030718684,18.028730335547152,-5.548506091253757,21.098938926125815,17.075787365588006,13.901568539052555,-4.421184968877148,21.095125355007937,22.213396096005514,13.241468481153943,-13.737427290250134,19.944882587006255,23.386228594009015,17.429190144076077,16.376664604273774,19.686202761272522,24.10468769050194,20.989129988906516,20.07925404515445,9.453117556039327,21.341379866759617,23.046373614006004,12.331161827477192,-5.637336421624323,17.28049991952153,17.814943034143667,12.609636371039922,24.412965620945947,18.18142054445985,20.080775285046744,-6.323893628367808,18.763615479283523,11.678611107169283,-6.3437036479175335,15.419918761563402,23.772858592969154,19.570723215498663,-8.777629853994034,16.40079993711314,14.995324058798735,17.99526847454382,19.663833058944142,7.966530969143707,21.375484609620543,16.60590214633908,22.32918111495271,-3.034908181546075,20.230894984926394,19.311294938834614,19.76928262376282,19.336565903623296,16.188041152485848,20.116881955889124,23.37952718020825,16.026428927989574,24.28102394726323,22.11715260407714,-9.365914426923343,-4.060990749627505,13.731493201240957,22.930369845623737,14.69708473201951,16.79646344282403,16.803076104516407,16.453004628694476,17.10145551742346,21.078167857997347,15.325995183194213,12.230531643087765,17.057225242539445,19.04423441509649,20.403740529872813,-7.661422399128214,13.680004168432788,18.598666490689045,-11.566855795957848,-1.9045659375586532,-6.662781553612615,18.84227108064761,-7.96744766019403,23.08258475883855,9.80047341327006,17.41970836713885,17.46270018770903,23.130586513484626,-12.001673294600574,21.44908510306988,18.445698663270928,18.903164440544554,-8.767008495956414,18.198482538261374,-9.03762191754073,-13.331960932327078,18.707464166352146,14.071822673890834,16.416231834215278,13.662234273121758,15.854484240394402,-12.037784395577496,18.8354552707817,19.53208703172101,20.801380331550547,19.117747404059887,20.100212852237323,-7.909457213958625,17.72609952322478,26.32735757368172,19.048146615617156,19.353847368946774,17.735156779423683,18.886030981899257,8.45574527636019,15.105129291274784,-9.569478617497337,17.70572940126721,16.221511783749637,24.536058372094097,19.683863476755626,17.954187849751907,18.179525232218968,-6.965652639760332,-7.796549992698421,22.88350116245844,18.889720360020384,16.534154509812108,21.043720937140034,22.781949068974093,21.930480175325442,13.924278403539784,18.999527414651936,-10.60736896819036,17.77866505570689,20.208359867736945,18.17549297347888,13.340298474644941,17.8642288505939,20.295918520736844,18.58883770534728,-10.060678198632035,-12.939547731498825,-8.858876148891655,20.31844675389006,21.996003960049407,20.242228727481695,20.98969867847503,-5.9136869390785085,21.277833732250357,20.451844383692745,18.927986304168623,15.613512032996294,17.3536743081388,14.938758819811268,23.019066867414026,21.34329647680198,21.313626996080984,-7.040633525585798,21.441610411639285,21.375933824475197,19.827642600592373,15.869215463417156,22.553295056958518,19.967306535600674,20.490041542474685,21.09425949243709,18.347795188002515,22.68863071136626,-5.942143575073182,17.10453721590727,20.501520586328848,20.516147721981007,17.874658609753023,9.581626917129551,23.14370259105635,20.938707310261066,-10.324407978405716,17.457042509388867,21.467857695604927,21.273514365374496
17.053871434396374,12.023408511247434,5.056745953844117,17.801547381281956,16.58052830801843,21.70189572417058,12.775635485697991,11.123665696722767,18.360665549898464,20.324664692249268,-5.499175005405039,13.280115956199314,16.083313885122013,18.894632029647678,22.502642628419146,-7.369252417595553,16.14594193825321,19.997467454376917,18.043242594249488,15.605181645913255,-10.903627577892983,17.255494432335254,21.98770077670016,16.1996479606383,-6.328662349638893,19.397774957001054,15.971606494719486,11.9518648395229,-4.321453238365014,18.84697964359817,19.27089856439568,12.431774496488977,-13.214586392680536,18.29277561097628,20.130097577475258,16.122926669668505,15.027673789075184,17.72007720093886,21.8822418522515,18.85753152285785,17.66038006629549,8.50913233519572,19.180515729809585,20.816771970336166,10.97390033133148,-5.477116471007447,15.387255903269356,15.59466911797713,12.605465861491995,21.339784494929567,16.698398852833364,17.43841188119464,-6.132668406242395,17.883977225271494,10.003731238013126,-7.193517499341103,14.329881790098055,21.239942857863475,18.44615958277697,-8.638533705102741,14.344853129534025,13.836877210278217,15.281770019429926,18.002879763587547,6.73669533246898,18.76569750512399,14.72909643553148,19.795111436012366,-3.8454482144161095,18.640616101900598,17.449284328625907,17.70387255893351,17.47188850216869,15.08520723101278,18.118954263394002,21.37515753403238,14.60373788442878,21.822409344156625,20.173779076358525,-9.287236803879146,-4.527736176164117,11.284608925709515,20.72058203099199,14.487196752244282,16.109819376984714,15.271808698498678,14.868443640341065,15.731890184101058,18.0951215942188,13.912089067379762,10.857664896450872,15.449174346398882,17.012732245538153,18.491476511378334,-8.104199425300253,12.661782013284295,17.039773511184798,-11.80664259049065,-3.1068846956594487,-6.980891060981238,17.280416771089346,-8.424167728626125,20.290794161119695,9.309188531693497,16.825133234680603,16.181358083247687,20.430730371616136,-12.138335653932831,20.122293601533418,17.222081034523114,17.897705933016276,-9.106769094320752,16.8333415750386,-9.042822527272108,-13.223718037497667,16.29533019816445,13.577141787174781,15.39609093641322,12.366003975840881,14.904455699063606,-12.391983039028535,16.811451924754067,17.489682718953823,18.8252524629191,17.404330432015332,18.125990427781208,-7.911446388435758,15.963972952189383,23.779620463890417,17.174634967670823,18.155943164837574,16.762250333417953,17.310244480996,8.309178186879603,13.239083374854237,-7.890522307818594,15.97639507394354,15.082654790149572,22.133771848652906,17.54203626791501,16.046344025299803,17.436029990652006,-7.490099300421501,-7.328513748498586,20.235329712218768,17.67680390417755,14.44742111582047,19.155248795072232,20.36993685369127,19.244503878428024,13.37500564466421,16.91635229190519,-10.822581247362915,15.446936080743953,18.263776707791926,16.84912377831236,12.749604015038091,15.258855325083333,18.498358638652643,16.702954374354665,-10.444947778769562,-11.214632342296335,-9.038773763637046,17.637316988247818,19.389344680127444,18.0917330857442,19.17963721237526,-6.661660079544068,19.28546146170804,18.59976859342572,16.476301449553027,13.92708751640757,15.896942317323484,12.349329145478327,20.298456965527414,18.872479476882887,19.62838935347151,-7.356651971124288,19.00852545172507,19.149356960490838,18.393084588576553,13.797314992731204,20.1219344268013,17.295607888962028,18.093548722246076,18.933244633384398,16.509118698257073,19.8853737590832,-6.104249703206349,15.176873444188526,18.05235489865836,18.500804632517845,16.09693041453824,8.324325969594453,20.59692468773348,19.004475569414097,-10.886509790197378,15.081928028222084,19.06794555419916,19.1292711710973
20.734356505240335,14.796668438549247,6.171620650532919,21.123843534220324,19.1734428825117,25.841004905357984,14.335194456502773,13.10967681213128,20.94137069358635,23.766617571866913,-6.276710110236063,16.161822014508925,18.31411590329673,21.445426261948864,26.442376784291177,-8.397883618172068,19.342163688989483,24.1813242358453,20.931850722784798,18.952521442349873,-12.323114111231721,19.9531826979454,25.973678605076206,19.269377147678437,-6.53577420376785,22.61756606303475,18.477102020297256,14.437477783800905,-5.360506815037826,22.653113673386724,23.458189889504975,14.35122320330056,-15.197961221819279,21.30500000853633,24.77608649744595,18.689525911084136,17.180738523255457,21.043716163066332,25.67482504173738,22.165674241284695,21.515183151319842,10.305973765868302,22.74425718191637,24.808257791783507,13.434840908538098,-6.344759005491112,18.611046701600813,18.609612842939345,13.514771122212238,25.95997270503785,19.649840030253245,21.369467236161764,-7.3057341986954905,20.006274089714726,12.25597344938734,-7.397810146910664,16.5163522029028,25.3792577975476,20.99582752651741,-9.667183794548427,17.44232584443675,16.08060223411293,19.08256825225697,21.091652508007133,8.48567377503992,22.811217221065352,17.90874368248169,23.86567872014257,-3.646330618421239,21.591950081475712,20.461824108409978,21.197315252006387,20.543783738665756,17.57756550215936,21.548943033196228,24.815974243260786,17.007610561258254,25.875720573957807,23.601003037597554,-10.460440870953866,-4.886613646024137,14.515390694839308,24.476656238988117,15.773502322496594,17.91893976384458,18.052113363738233,17.613282079889142,18.364290574961196,22.29333213661975,16.383909299067735,12.817386174408943,18.246767631762605,20.172237977801363,21.729224510099026,-8.836003487070908,14.43978098414883,20.047963187211465,-12.703655288518785,-2.5932077464300263,-7.85862636205663,20.302074320490206,-9.144627849931963,24.696712552009355,10.364549129254785,18.673740770575282,18.52225533014393,24.520329303056187,-13.41926554860875,22.803239916066005,19.720564595247517,20.107649560217105,-9.846145355131897,19.446816877692484,-10.195973373553164,-14.593542464039176,19.88870009805803,15.087396287071272,17.804403971236543,14.849212714773651,17.03930623670522,-13.295276267258796,20.204676183981473,21.056530892188896,22.381814148307942,20.490880625360848,21.60039344893313,-8.903333347951074,18.81834667066834,28.117250549543144,20.475416319460383,21.005586735407565,19.10772969913905,20.3222191474031,9.20386191343535,16.135659729413906,-10.370987400301614,19.00114056313849,17.58850107641932,26.19798432232094,21.086741955406783,19.318968760434085,19.395745597832803,-7.876653904583997,-9.046115399645895,24.415608907700154,20.376774982063274,17.610939568309146,22.58416914858302,24.34501403205218,23.187881554872227,14.76658840566705,20.062090770588025,-11.894440390076161,18.455209810541977,21.899658695678788,19.37833981176941,14.251843304664177,18.799097793836836,21.695499163049156,19.918137953436965,-11.181191080842439,-13.928306414625235,-10.010387407684723,21.639002734902753,23.373975184711433,21.51453662577002,22.601174947305203,-7.011750938963921,22.85341122708765,21.75183998885605,20.13619546282651,16.58219266224468,18.557599545434492,16.008298539262867,24.596473032606497,22.571832269924222,22.82995541855565,-8.030820264332336,22.687871708783764,22.599344277782382,21.13510445045033,16.896168634911284,24.03094824009608,20.981628347749748,21.648797758477638,22.61457086117753,19.621558869834637,24.140960318154686,-6.865506408885925,18.209345691556155,21.88382985823235,22.155692447314504,19.022951341219972,10.320565231131434,24.29904065828718,22.14929739447562,-11.550306565403696,18.312391184836823,23.01477944834959,22.735755470476427
20.62082799112268,14.547317422154503,6.01105571286256,21.273238554877334,19.638300369705227,26.261540876321085,14.50376097119238,12.72765230553713,21.759002785304986,24.181392399483006,-6.5080624687452175,16.828237950740984,18.730398050646603,22.075339915283717,26.9331202304507,-8.830520943373525,19.273848653521597,24.27819740038225,21.218945330822628,18.778738978033058,-12.658561692898997,20.176601973072,26.23278633413096,19.685180355460112,-6.866533312567732,23.542419645836375,18.685614264310175,14.760289116722031,-5.655443151087719,23.06389227282934,23.36680871594983,14.64138848396595,-15.417130974642753,21.569153134837737,25.216483642839226,18.78202243344414,17.83049505102135,21.456596995431653,26.199192104514623,22.74322441346903,21.575082526099983,10.14027296913728,23.287942595853,25.086524715954212,13.214423789858968,-6.571343093656285,18.326791698856223,18.703409666673565,14.093300890646937,26.194052287832786,20.193985499726605,21.651395957321526,-7.403092697843793,20.601448583950827,11.962017496092512,-7.499452507056868,16.64228720029261,25.755091491096533,21.60262587921255,-9.960544652338227,17.663216025182162,16.476412104212876,19.347644088667636,21.63708933481586,8.401632389521343,23.033939543653183,18.35144706283427,24.40410881950918,-3.6659167158924673,22.324322605431444,20.523619564908945,21.57502637447436,21.02699240293063,17.624187903377223,21.67899567630874,25.114049972820773,17.811385710111942,26.448966611602106,23.973293901154918,-10.832429187544246,-4.635110333604488,13.951650933774259,24.717563337451715,16.525815803553193,18.703933229955567,17.898885669314094,17.81460531153437,18.659819756431826,22.10528306682435,16.517796375899803,12.782982902749474,18.110309608218888,20.603603232604144,22.11585953877195,-9.352685582682694,14.408125586853703,19.99015512993196,-13.07799399042749,-3.0859646493872166,-7.995481775190114,20.459005668207578,-9.41296746644763,24.59056297269188,10.700941395867506,19.50093276617522,18.618915787247634,24.92984918290894,-13.849787483827093,23.730084016922167,20.377357007747676,20.586482354489547,-10.328393923932138,19.914194466613004,-10.50929098730592,-15.127719671972736,20.000993602975626,15.992113294670505,18.148754856560497,14.994281090190057,17.415696379725198,-13.704265743558594,20.473887934775863,21.230346967150812,23.001477571044173,20.602836242363274,22.14112588294054,-9.134118449401624,19.704234203946505,28.55257819446539,20.678135638828447,21.257129651039275,19.043700181085406,20.541854507568626,9.299273379546914,15.87871870701773,-10.148372395326511,18.7877213216159,17.46887034304726,26.427227459639436,20.907745218004315,19.279323731377744,19.994791896243783,-8.05118406105769,-9.335527063560102,25.05438522137858,20.727207519017547,17.48290531705354,23.292361124430414,24.51349943381176,23.108102210727022,15.612406595969274,20.527226966617846,-12.4726235663792,19.037064597480278,21.926959017239117,20.11582178528529,14.325209059788872,19.40449364873462,22.127511779632798,19.86810178472222,-11.74770604699297,-13.92917952780102,-10.281942500794848,21.79207259775392,23.571348643851696,21.69808600934599,22.92368776379739,-7.6869538848368695,23.397585088259103,22.167778158847256,20.22720366620508,16.67287303427242,18.53762107244959,15.666445185765058,24.880654559732807,22.97865329563744,23.405369456065902,-8.16565515500161,23.026111901615817,22.948808583380856,21.148640068157636,16.967110820824445,24.471107723491208,21.203394320736844,21.968823218043006,22.58045170891402,19.653009764114582,24.759499924047248,-7.16347224221043,18.428529537698264,22.405978960969943,22.158873311826355,18.982508944140086,10.121047440419593,24.377302340894087,22.36560772965122,-12.246553701767484,18.64880192741814,23.43602127598061,22.80305336731706
24.54455182709408,17.756022483832158,6.7308261592699195,25.475109245987984,23.249086770816163,31.06468113909971,17.73399985887014,15.457522600520225,25.391199377711143,28.635357702221558,-8.629367588015672,18.96223582522442,22.599629853328217,25.98488699082959,31.723956875546275,-10.6538944313938,22.63083000118064,28.4069407265107,24.92374232385565,22.66649450982888,-16.1885783270645,24.19864306239012,31.117317417059567,23.013683108464317,-9.285512952364343,27.414237493273777,22.75552023705799,16.626492169524145,-7.737645374116186,27.22594023692288,27.565941587847362,17.222763563155997,-19.35314470018769,25.471637156523187,29.20197856790143,22.67710978238691,20.552112270725367,25.169977852066793,30.93757831162236,26.060623309463246,25.21960710213767,12.127917272406858,27.125341602517643,29.65561015226362,16.191210608670644,-8.133602986798778,22.15475052877244,22.06236453633739,16.912782148940988,30.564367928325282,23.85846017899346,25.39942203351255,-9.439075317422253,24.541814101601727,13.992543675602612,-10.063735488626923,20.208466101271732,30.184442321689293,25.890023618347477,-12.051548853290813,20.825667313300123,19.410919482610474,22.562129042367072,25.788913728270916,9.745527380528053,26.92902978156564,21.51774493540551,28.413737807412982,-5.281969992492661,26.168770092859226,24.25778710986711,25.07565037811343,24.17058830095002,21.52887926687776,26.15056472470919,29.891645214473687,20.846308373476138,30.718477418644156,28.254181556819198,-13.523580701918991,-6.9410304688152555,16.601438940309944,29.42330805804253,19.764454596463274,21.9553644981146,21.912226098514243,21.30021198365519,22.297963048995626,25.87965489381028,19.30986949089404,14.678287371783782,22.122645903264875,23.92487318127518,26.139168847884374,-12.204275030469862,16.92063116230204,24.401744679686182,-16.411414066551046,-4.810782608047365,-10.623912380190468,24.320706486410227,-12.385271555598848,29.282201070347067,12.838585793838629,23.061102621600316,22.254065419015134,28.60935836551795,-17.44015677453962,27.768581835993526,23.994135961800605,24.85506461149875,-12.937666082523123,23.4198985847947,-13.020368324446894,-18.564645929969043,22.890952495173536,18.357446575443454,21.963567102960443,17.933209508454308,20.73827421516275,-17.254509679062043,24.22141293380455,25.170830442200536,27.28384540029363,24.779439715993995,25.697763283281578,-12.027977263994705,22.236705994688315,33.599697036614806,24.523004134951563,25.673158285083094,23.24835235938047,24.518517193289764,10.960093310106434,19.464684937758143,-12.498023529801156,22.614671991641917,21.447574702734236,31.399869783834973,25.06664495134626,23.08339988895065,23.925910697535958,-10.65624715812817,-11.98595440249893,29.044551642969616,24.91622736896093,20.755578584577872,27.286337539094053,28.76832803185991,27.34485524398456,18.347223415762333,23.838848003702036,-15.747883136623233,21.54462945578301,26.247104782029783,23.288095472113003,17.510889744163048,22.190997655882487,25.78935384465359,23.431255561490712,-14.626173452746285,-16.85081389503997,-13.358612396654927,25.227008817500835,27.33748719372477,25.397842992675237,27.318778418785033,-10.086218509906429,27.38283284462374,25.932502434493152,23.36804451538838,19.460015983858312,22.30113089544895,18.634178550295708,29.159423911495296,26.881795727547672,27.421721166893395,-11.089966354091638,27.00028835684147,26.494049203300985,25.513287822475597,20.087759692422303,28.70054876049964,24.615226316795262,25.380458926657614,26.884190091725134,23.82094532630588,28.72660768937551,-9.433406368079467,21.085655626000968,25.74877158160769,26.619371104294252,22.978598492270326,12.30901565679141,28.73552460881668,26.582038735995052,-15.436921470151166,21.556381953554357,27.45019355757277,26.86597118501449
20.662810847348105,14.834645954019935,6.013736235737712,21.47789077611133,19.944998412775004,26.119629155351994,15.052749658174164,13.229048019648012,21.68601560121082,24.268357110531976,-7.1537263390454084,15.91556738945215,19.290331938602147,22.320680248554318,26.959730526074882,-8.881463798574439,19.30763764075315,24.020381094752953,21.31552549034991,18.917119046491344,-13.461952742375217,20.504347593611126,26.330566420581334,19.505645828328664,-7.777751824217768,23.159578290467444,19.194700502122632,14.028593413538632,-5.895219401757425,22.96088670742027,23.283300124697497,14.578979537986125,-16.216362439000847,21.853953800866808,24.35071358960948,19.433467135959933,17.74529046706049,21.33863167490724,26.339267113119746,22.263760378638572,21.195108069014797,10.353642900726468,22.912838957731818,25.039428859371494,13.5260448836174,-6.908518081647497,18.69256684838255,18.71846641152655,14.883250841523193,25.80521626410235,20.138610992505402,21.243042925728552,-7.683956195927793,21.21037865192465,12.034138968145136,-8.742122998194962,17.041968814459572,25.472296206597008,22.119684903947697,-10.249674651718971,17.45988421547377,16.59128918252463,18.714927371557625,21.829328359764133,7.9707271531996176,22.59962300738279,17.987990022560847,23.819326171156785,-4.875785038057093,22.30894816886991,20.720710941792092,21.228171540675397,20.757773951905417,18.0558481101901,21.939390119364923,25.5224466142,17.519901341942706,26.016452200757083,23.916298482766855,-11.344105515261061,-5.958913579283073,13.990262528581683,24.951617077980693,17.163528911492424,18.928942168827987,18.491321150426177,18.078598308674056,18.809921895441107,21.783376790389735,16.57106590599198,12.77740695104731,18.76608012606549,20.385613075439,22.12697198118126,-10.135911920158675,14.863819597391625,20.603080062068212,-14.12429283796668,-4.076903405994609,-8.88000737432218,20.55081026444911,-10.409078653067656,24.702858570340286,11.182690201037113,19.892086284164325,19.297707556040063,24.267435338436727,-14.791806933633364,23.844373219733367,20.575667164208138,21.44434013742405,-11.080422147416593,20.03811427599947,-10.905350724129987,-15.857819761447695,19.42225118695813,15.971255443714979,18.701021552354145,14.915576620095548,17.942598898422116,-14.863472188380719,20.511792585420636,21.156360968702142,22.855377503984275,20.967402585287754,21.6672007336255,-9.96978408962138,18.86257331652349,28.431214254235435,20.79262891902612,21.750500586471198,19.97963132104302,20.599097177956313,9.795548589130705,16.198683239540784,-9.930258343853666,19.188589002922495,18.2397719235583,26.56679507913972,21.269600783902764,19.47434912273214,20.61391981089548,-9.134292025091787,-9.449869748204845,24.369957000129308,21.200687383667052,17.51368191026218,22.96288910953068,24.29724412519155,23.187415495834113,15.906998688627,20.22255614234061,-13.178337309027253,18.339079502240686,22.121450351998714,19.983532070036524,15.093251497688989,18.480172248112865,21.988425184409504,20.11552272708369,-12.535348166055867,-13.846262860085728,-11.202787545329349,21.1986101243987,23.155404276459212,21.6105140173608,23.035616478833816,-8.332432471518807,23.060142416119987,21.967884045423652,19.79606948360365,16.495500418706357,19.07438400009488,15.332149737392221,24.453569396673966,22.732747660020735,23.429330226860348,-9.246087666611398,22.878393600312474,22.69010710140505,21.922793677597703,16.662542801442434,24.144897351658724,20.662916761061986,21.440645686716138,22.77896752850084,20.1737235880051,24.05385801996546,-7.818161722656761,18.024033020899097,21.604231807338678,22.4139916139209,19.30528267402805,10.281462478594007,24.496098437360885,22.671432640765538,-13.105543957033714,18.15729516489395,22.970657666495516,22.881586280046136
19.115847059829704,13.441535255834564,5.7292026883241025,19.33000668759804,17.184455842629664,23.875352966239994,12.74143715638819,12.052849122719605,19.334732480343586,21.716122750649944,-4.657436232032144,15.130580449520957,15.943085000995456,19.782378706164593,24.46463858964861,-7.175575807109875,18.210837965496438,22.423712139837196,19.340884649644632,17.22451858587716,-10.308297225893199,17.965372556898085,23.977110146339328,17.96607645135695,-5.096644511536946,20.73849960638757,16.184844105556056,13.898346759748865,-4.118846382714699,20.49320379502463,21.937473776937757,12.962019684136159,-13.202998127648916,19.75733793630914,23.225627423519196,16.489615059491594,15.960993165809166,19.130735255906803,23.5757025775488,20.876331886208042,19.78288563684321,8.877390554851496,21.18292282756006,22.882106476938784,11.966564074330897,-5.3110534625257255,16.623959541523657,17.27804170786844,11.906062503803147,24.324933111391708,17.890176475845692,19.78125485996779,-5.999249766390492,17.959437486773865,11.342005999378216,-5.5975230325724645,14.598831193365518,23.54784018282917,18.79434787763544,-8.418707476368214,15.851637636173379,14.915173250951424,17.61975725536866,18.772436075854863,7.919437238928428,21.29898686557325,16.296030326862283,21.996074273086336,-2.25744321333547,19.723863992567082,18.979467712313625,19.82329382410502,19.175794123526778,15.634274496343012,19.268534281952544,22.746733141657412,15.261645221519542,24.28521546694864,21.8081693605452,-8.937227513210107,-3.0853230776425637,13.399918962942788,22.33441297986251,13.868604895251657,16.316358480841004,15.968949721937411,15.6909186707517,16.362421138961476,21.10794729683843,15.49018962319099,12.02276881190248,16.24493569465223,18.996796962097147,19.834762170296006,-6.913604943232934,13.104376796369356,17.876097785530686,-10.898019744518862,-1.027780764749724,-5.794087884640759,18.41351773060774,-7.233813566934909,22.69742717559248,9.26020966460541,16.804576314773886,16.880464949642978,23.30197079692286,-11.293762818366039,20.921159947577138,18.085312305227536,17.928547720949773,-8.298539314015027,17.9439748482668,-8.562946003635481,-12.658182175599874,18.924232635749,13.969817710088401,15.795084888514866,13.404797718380367,15.436418041065854,-11.208227688389295,18.305320910340424,19.067832211680816,20.260202790826806,18.313354852958483,20.052649701800327,-7.287488966083892,17.838346828177357,26.05406062257297,18.37144192087523,18.837425263681578,17.03279110168443,18.465248684699375,8.199133617403426,14.367811068472887,-9.581073741891409,17.26195186886769,15.584376218046089,23.97163380126269,19.24129993934431,17.32182219257724,17.454906778880336,-6.305480414342581,-7.498643131927631,22.683388634698595,18.107718019568154,16.199986026889324,20.63176859441663,22.706881243607143,21.48933268797739,13.14550334266593,18.4847716347401,-10.06548658826075,17.47984178977521,19.938571122249932,18.018462603371095,12.685563428963185,17.749842867139296,20.19771750188876,18.403804886034266,-9.49308786567931,-12.709337123297892,-8.186345851689374,20.4800203526428,22.151560460804067,20.250417601725005,20.732282754029562,-5.333645554111638,20.969606322871396,20.084088269480937,19.101184016616834,15.598998036778676,16.690519352527765,14.509723261045261,22.83454345786725,20.863487102953876,21.05688425457857,-6.292861116986569,20.66649937147175,21.341835449214866,19.14963503308866,15.247597613164618,22.382583803424577,19.54730421780574,20.351401157948942,20.88239012201924,17.554904246346176,22.26973609276001,-5.5328256026259135,17.22743654332245,20.55929054317336,20.120043020490876,17.27168999129539,9.247311007394638,22.56493672761457,20.46685636196625,-9.639917913867995,17.171855647176837,21.238172690547337,21.1766979569839
18.432328657117814,12.920841421291179,5.662877798122979,18.306778090248933,16.603732832914034,22.874422360329973,11.725141763052937,10.956818979854946,18.23556860749546,20.67157568702502,-4.291031884165428,14.78169582460007,15.131907477072701,18.713510283420188,23.455703308516643,-6.661925715678143,17.344813931549982,21.73756328533034,18.547429990736667,16.47229544298851,-9.476680666471434,16.975704608676416,22.940724450477422,17.073932217571922,-4.390370438387968,19.823765012766366,15.376460898402389,13.362110373704075,-3.68553796468482,19.935995739578686,21.10977803286045,12.30398921892738,-12.110751866372716,18.815064295947177,22.628937608252414,15.816672163102467,15.513590838904383,18.589523894531645,22.434279964111703,20.15306888426486,19.12988384918837,8.574786807227879,20.2684596366733,21.881967662595773,11.366391957044101,-4.9794852923899855,16.023802753127494,16.462036502316487,10.974833487304481,23.392381596107782,16.910320942775222,19.09815545816053,-5.717811411084525,16.96160263154305,10.987301168215264,-4.981592622386434,13.964691178732629,22.65593547770525,17.868538625202692,-7.788479018805864,15.372310731470172,14.067155692101563,17.38819109411863,18.32101602249641,7.635498367078549,20.59136835252627,15.789921256670333,21.323277325935216,-1.9080538221300472,18.93750991925367,17.90530636007476,19.02212759671216,18.35901672668915,14.632485450873677,18.471132198085936,21.63083614960521,15.032994342208196,23.245640584280427,20.736285237846413,-8.21037837506024,-2.8167616396521686,13.05201251035669,21.44391765716304,12.899158047220457,15.284922959849586,15.11137741867513,15.089694274120914,15.519212456016975,20.45229956451874,14.552951692804182,11.216976842161966,15.487669423644462,18.14862647969722,19.134247988702167,-6.270677363069214,12.643211521799211,16.944968811382765,-9.757434086012431,-0.7386184271731049,-5.4582959352490965,17.40978130882466,-6.38143618376294,21.81137803602747,8.565794820239466,15.771238219975176,16.07586890697529,22.429566938615256,-10.224013571109017,19.799347938713474,17.007560343457307,17.00406611163513,-7.405404026969453,17.021767455378562,-8.151294227304707,-11.590775220308425,18.20314603515367,13.058921878089313,14.869834115841185,12.774202794683559,14.507190891055332,-10.121079865373943,17.704708317682297,18.487781841431,19.563969617851164,17.653809932498913,19.220940561517942,-6.596828032573345,17.186502684956825,24.94203875519518,17.850969989752183,17.822398479893643,16.059533044488767,17.743921019779958,7.513408061669766,13.772332018087036,-9.222143255970385,16.347758560122706,14.564438499379374,22.989769937208532,18.510729509755297,16.58468817841349,16.469627710693494,-5.434865947525704,-6.929646547256372,21.924236539155117,17.282105377531487,15.516324408609055,19.808964059462628,21.7255908738676,20.817178129612255,12.722433632160294,18.18655424489033,-9.051458512323954,17.019798584814232,19.008832234016115,17.094358113523253,11.878692478221058,17.471725115992548,19.310738580510243,17.578388695440335,-8.631191210637976,-11.97642081774144,-7.371666771966711,19.794211098415058,21.301777973686644,19.40696193117386,19.586421840415163,-4.697121187818446,20.1151516754605,19.348512568767866,18.418764762672545,14.81922355173698,15.85357545830232,14.355698210066071,22.03973260209464,20.275544914945332,19.963617081086962,-5.5874279725116605,20.144463108474252,20.458409656296933,18.028106043826117,14.951632543620416,21.51580922864496,19.261415664605874,19.72950897359289,19.95766613265094,16.892678698132134,21.813705846325124,-5.030311343981176,16.478612445103966,19.781811563147944,19.28086598649814,16.538637049119437,8.940597034130235,21.779505860602484,19.53849391457908,-8.711571309063064,16.9015963953345,20.50007343772694,20.18730698972168
23.32582688982944,16.765441661863925,6.47573163786345,24.48857783050235,21.923459148546986,29.576647155997392,17.128535701251145,15.135610863393971,24.57444484959298,27.35226262168684,-7.849482721205398,18.27633417347502,21.293704121666345,24.909557747586806,30.145598449198875,-10.1631066405448,21.763429696446675,27.050136203970098,23.664163793633133,21.484518875412117,-15.152935268751634,23.09386454058143,29.633873675749363,22.277946812527983,-8.689687302318093,26.309504786900586,21.39138349871851,16.13644327086325,-7.213433447257662,25.553942366489387,26.295100102656495,16.401840780149968,-18.386477084990787,24.35668774392548,27.818650006629515,21.185180282124193,19.34108863782465,23.67004388885939,29.606483365607687,24.909113752460428,23.957391285567518,11.396528262648706,26.000407372977055,28.33870624291695,15.387018586759758,-7.596524597990239,20.82177335369511,21.204309855783098,16.274847609939496,29.33518505702623,22.984490948465474,24.289337008476647,-8.763851281547055,23.338510795376692,13.229446754089256,-9.126702866092664,18.93471817263673,28.848828919370575,24.48043843809888,-11.569452701171834,19.82096897338275,18.576801949934705,21.217027223836972,23.94048519898696,9.392142642880676,25.75466783500354,20.413032318030492,27.006433791645684,-4.589327630288859,24.827238727111542,23.381024099166982,24.12296635100244,23.334334420763618,20.587259471326558,24.68510295512446,28.440261152426622,19.466335214106493,29.510617146904895,27.116080190081618,-12.804528749057054,-5.885931755382221,15.71947025120943,27.95586346845484,18.978843412282007,21.243110079608904,20.809419353271778,20.0256066145223,21.251908824027076,24.66097116604313,18.8254652875451,14.499720852682824,20.842820300452964,23.1276404729463,24.73755781345679,-11.336620862611854,15.88406963666974,23.024793640962486,-15.712975559874074,-4.101229800821631,-9.484251828323908,23.35189245765156,-11.683524083055245,27.844779352123755,12.421939164049885,22.125637381101647,20.9861027074253,27.559419702181334,-16.615596173499615,26.691956314216576,23.14557864346847,23.413712883440457,-12.442184580643621,22.49247163419513,-11.996707427579397,-17.804695310857436,22.08114995415443,17.93678782276647,20.95156082315302,17.023600030843582,19.792539204781207,-16.384652180667434,22.782032908571004,23.74852571215686,25.76015557476858,23.211845625537787,24.75078735106969,-11.216030537394216,21.621439433700584,32.0847200416608,22.987582466515065,24.355814548325217,21.983502572645214,23.1624308154,10.621577582772947,18.356196924196254,-11.818057645656522,21.63987100373631,20.408662182806857,29.787422792077738,23.71114812495225,21.89308092046894,22.710210252550024,-10.1145017058608,-11.291845035600971,27.83328251668754,23.4023077078032,19.7794237527981,26.02935903014184,27.529678483073855,25.862209991328733,17.130273034044652,22.27428862501098,-15.038836138979073,20.749197899925104,25.003133510935207,22.566993672671664,16.56401287840927,21.05756682351999,24.776357727614094,22.362918682271605,-13.884031866565769,-16.163246893126914,-12.630139536061122,24.247790280739626,26.27779384903506,24.365911440924705,26.16039482243707,-9.361997249650809,26.11472216737689,24.665197806116456,22.550101859625467,18.734019715538007,21.09497883110878,17.466112758019804,27.692130100963077,25.52229853973101,26.45955590394761,-10.29467464879011,25.504348413875004,25.431941975041205,24.31742935733135,18.879014861913095,27.35030417688945,23.088982277219234,24.127149785483073,25.675362573928886,22.43379605707245,27.159428661858698,-8.846765348046526,20.484234626325133,24.864469057331373,25.142607360939323,21.701909022675473,11.519241333545311,27.209774076461674,25.31815864411487,-14.60251663480789,20.24356067814737,26.228997249261372,25.770736055647752
25.344868361621952,18.05601705264165,6.9996833371756395,26.153273483907313,23.817774614360506,31.64776382570135,17.96311104606363,15.646801534995554,26.28067919854165,29.119774989802725,-8.823521425731037,19.521102647283268,22.958806084799146,26.365576253563063,32.2746335519572,-11.053191121075935,23.313138381473486,29.335846488600286,25.184928021529924,22.824250930731026,-16.169239545996565,24.542206955970084,31.792060320381832,24.082247987649545,-9.222526348398633,28.15456255833193,22.79889127356389,17.057685510263468,-7.867409670382055,27.76437489804822,27.969200373706123,17.53675423290079,-19.54252753468127,26.45050347058675,29.934132442093286,22.870972200150693,20.749910150679764,25.71762971499668,31.649197616703518,26.78014667600157,25.76049543265908,12.46519076158521,27.76341242451901,30.575692805400333,16.53594671798272,-8.324872550316822,22.64909820115042,22.41765935753031,17.492975458018318,31.636404820684746,24.621955645590926,26.020523338294204,-9.530970527279596,25.073142959828242,14.141659487077467,-10.155966028256422,20.051984792567403,31.225265965768802,26.33469816105429,-12.415433793879808,21.302169805161675,19.84519519932054,23.069958735048665,26.08341287872563,10.078897281342424,28.00901006905235,22.067817369013788,28.99991572097221,-5.389157395827598,26.60023662318601,24.63231394061221,26.261241114624614,25.37465033954772,21.70873676138267,26.38507699390231,30.206869986862223,21.044862680725487,31.607746418186426,28.934982733190722,-13.919391538191439,-6.700155234866571,17.09317128262778,30.26936484843162,20.19225634512,22.782425381625657,22.215516788628506,21.664315631772645,22.651838634595173,26.38760842959674,20.156713686052818,15.265232946314478,22.262943464911995,24.98319444289037,26.726496551545033,-12.347430642168343,17.168728759323113,24.410974764466715,-16.710848017336367,-4.761573514861548,-10.744707109812706,24.78186321392434,-12.514583042638225,30.080500670779532,13.097786680101066,23.684676728904513,22.500526784286933,29.7577384508765,-17.748177286258173,28.41967024585971,24.787945089436306,25.043471318744125,-13.336042681648074,24.30056329993348,-13.011615643907483,-18.985322044887454,23.790581485212435,19.454745895017467,22.64055374667921,18.07207043967532,21.20514543356286,-17.426069550713628,24.721938866015186,25.97888893600722,27.706650914986238,24.97509854117902,26.833554222921055,-11.893760490174289,23.300020783133725,34.322770764911155,25.043703770764424,26.08011752270705,23.504515631575593,24.71854527056985,11.519234201535689,19.66586862772862,-12.429250618295306,22.90454130113779,21.648184083505264,31.94907081321915,25.80890107638026,23.498232656092657,24.108717367059622,-10.600098367894716,-12.283102911732518,29.993347855463657,25.164369618722716,21.304773258217253,27.86199874894631,29.421324692337038,28.033795464826735,18.67767723895519,24.090428035208117,-15.908431870879,21.922165506784605,27.09433133692298,24.486490237232434,17.45673117103427,22.661501455384684,26.86984206293898,24.379305106683383,-14.835321429695544,-17.00534146658936,-13.547041741417527,26.29377206064246,28.420097601939126,26.47119248107988,27.68416105505292,-10.149343662580801,27.900704090897495,26.379436809273667,24.609503274338337,19.809875586749847,22.557967119054243,19.119208013495616,29.592616661969394,27.561643902058755,28.564833580039203,-10.869697226801614,27.39817160385318,27.280302566203606,25.83349252173613,20.422580620890056,29.250384356848443,24.893889555266853,25.81163235966133,27.675102529282842,24.43205902880363,29.454210260629043,-9.561868279837828,22.345139689861394,26.64913396270007,26.982687693246017,22.86147988571415,12.407670281064757,28.996625148264364,27.204817334090468,-15.650084931886038,21.748477072943366,28.304950391320368,27.893802763736343
21.326692609880183,15.279389660532027,5.739768377895999,22.424536708621304,20.61515602133055,26.907775099275195,16.18383436124011,13.724741733760492,22.97814932759403,25.118932701686745,-8.038875411022286,15.815708846701162,20.369284775858123,23.261946526571055,27.655481327936023,-9.804225394550798,19.79323942683478,24.616447699980597,21.850409008957346,19.344881609259726,-14.730325119121677,21.47542388796756,27.318250431282294,20.409167237354026,-9.05438842222758,24.07440028333361,20.150734846173204,13.952298842003813,-6.814693107386274,23.3427778634246,23.39431353381871,15.271266012721112,-17.505440483584046,22.96007274690817,24.53260263269176,20.0842661348566,17.95061589097261,21.776542259041424,27.10321899428306,22.66832234429545,21.39107190987566,10.52738818689534,23.5332768104766,26.04470219440455,14.071754211689273,-7.348769831227608,19.324385786001617,18.978676711284077,16.197227654705006,26.283412071616794,21.067808426209904,21.484165988380134,-8.399199226215915,22.514254601228796,11.829537846884094,-10.100217409185072,17.778942238375524,26.43592555913346,23.332494708434233,-11.211554006472022,17.67219818697044,17.144997799887893,18.78070243159372,22.431270219059307,8.14866676327663,23.374748195281082,18.20497488324916,24.115285739693245,-5.705086806512805,22.890260367780094,21.23119108806925,22.13687071976786,21.542124038997418,19.076128810409056,22.613672645965096,26.305125990699548,18.014895492896695,26.807062082366375,24.92941099728641,-12.528559586894747,-6.730647218751986,13.790613446027074,26.027405040189656,18.39318880704459,20.31535118019921,19.27243956956367,18.566459596454084,19.67136385263992,21.838984146324538,17.24883308232201,12.95993443030173,19.393684756946335,21.176615356308563,22.9653385726064,-11.52318226392287,15.15674420217951,21.28688766086431,-15.671382261269592,-5.3423442798845855,-9.939902822331415,21.332378810007327,-11.813559055568948,25.27259778089845,11.677452973116266,21.27391775669193,19.9002482782896,24.87029892438752,-16.29745247305145,24.879488070561376,21.712372720257513,22.515790196376496,-12.371952957298394,21.128090442691175,-11.799035181574647,-17.27382828009133,19.584938308128578,17.200009393730284,19.89970399290624,15.371412939408765,18.579243932142855,-16.401728607305767,20.794723091850333,21.963991466407943,23.5186021523649,21.599046747201257,22.599642044733443,-11.018859596680576,19.42648993233123,29.2993253842978,21.257299875734862,22.90996317278693,21.067717317061792,21.373725996579353,10.354341646810513,16.656232841654024,-10.039161861841759,19.671061035288723,19.022143191381115,27.415140614714087,21.981879419666388,19.93862270588283,21.77648603154133,-10.319209159073958,-10.494385873445413,24.922762229154213,22.096167070724086,17.812493108071077,23.680303546692365,24.960171980717156,23.73882016192775,16.638308726531076,20.3555429761692,-14.674342277935423,18.11792937361828,23.08164028368199,21.19703529096407,15.869678261933585,18.371295760812057,23.043676607048816,20.74722356500192,-13.927036492243918,-14.172923109101427,-12.567681281809234,21.709259893435668,23.804317788823045,22.51471845573492,23.779607481588354,-9.690628008473047,23.66766893126419,22.635195791038853,20.340712771970598,16.750833175805,19.657603367962345,15.258881155068106,24.69023192504974,23.13692522670209,24.670059691903706,-10.392015997720371,23.071167203602688,23.205533464932522,22.899330448345584,16.96541027113555,24.684692335686623,20.75173712559393,21.641758049025924,23.641251892184673,21.03080865699253,24.31387757415391,-8.786130668249085,18.667832452022648,21.939927073671562,23.025999519123214,19.79198168140055,10.428340503605023,24.881308885458974,23.659650706558505,-14.777656137107254,18.035343362397953,23.695623779884418,23.816467744795414
29.405761317633253,21.264450642513864,7.599421406955311,30.904426598209735,28.567072578144717,37.243384794353425,22.19025347825378,18.72430205869389,31.189673941375844,34.657060014063504,-12.259247600991253,22.359232297513984,28.565984203602834,31.344982946327182,37.831267814705164,-14.327419828797494,26.685517933403027,33.81603379471367,29.688253441710046,27.15927043125981,-21.260537516294843,29.72024917836229,37.34993478349711,27.876325953742064,-13.081018204570471,33.41354594841094,28.27341001008783,19.057420834656742,-10.969642397332374,32.99654479129785,32.13966114930355,21.229129784392104,-24.84740725267601,30.77764540848503,34.236792980517244,27.947648010094845,24.247078398927002,30.539362113285883,37.445920047652805,30.827593869428544,30.186245861903455,15.297207417927588,32.424520041431094,35.782003904608146,19.976193917751637,-10.785280376702994,27.151047116573803,26.148828743366895,21.717847604759044,36.26052124822285,29.32062250128596,30.134250137142658,-12.537341758539798,30.48552265822618,16.194768885896046,-14.296755662042322,24.684215997633526,36.240396428567905,32.046933729770366,-15.60575664186299,25.003171605403473,23.536927731016178,26.567171843780063,31.57411575473069,11.423889952507086,32.10702957219487,26.025010880854765,33.942022945349215,-8.175334754707626,31.600563434389944,28.92528718331925,30.200150106623244,29.16117370184432,26.729848326561186,31.80425799360882,35.87791029178619,25.26188111926111,36.54559916270288,34.05298630576609,-17.83393764010361,-10.197230963800418,19.384482517668474,35.7020966017023,25.109020004892713,27.490166202073446,27.114368881811977,26.27078257614603,27.600990164597146,29.82405805976084,23.165480059988244,17.534995865890497,26.984642975020776,28.549943051225053,31.596187111023024,-16.974748677804705,20.307231398411847,29.81451147760785,-21.544772655368924,-8.148297032568815,-15.034465576242336,29.778603293631484,-17.22750332613766,35.148514176962394,16.101149566286434,28.84783486300437,26.82260485748543,33.700605095091504,-23.180521608805652,33.87350476172029,29.575618792508013,30.658434653228124,-17.455366402714148,28.639263308636696,-16.92122217218173,-24.058847561472366,26.892194804305184,22.98679259708132,27.64880323600821,21.775137216449867,25.544810152315545,-22.722716984877778,29.374064545701902,30.715200707392125,33.10421229682564,30.12278518783539,31.210768007326998,-16.005114426644816,26.61868968810638,40.19858002025979,29.96557400614611,31.696805553590934,28.703000173910016,29.596292751968615,14.014874602874555,23.57243286055498,-14.674828104173768,27.24231062446579,26.595365798679943,37.85052513399723,30.278675143036242,28.241619491958396,29.4791262679893,-14.467684770387084,-16.13335100854218,34.70676332028868,30.787285320231017,24.926499267125212,33.049895182371486,34.19254279984572,32.320795454276464,22.700375937311183,28.04796817442136,-20.948193295986812,24.869880465440335,32.099745440451706,28.570020598568483,21.557204858266676,25.736667696910683,31.206675013977847,28.37761112544118,-19.435009162098073,-20.407098450868677,-18.07012219401791,29.732631618490263,32.18504974301891,30.284129478995933,32.98286560669906,-14.463904458786812,32.973477807130116,30.98296532892803,27.68342997461299,22.851200686119462,27.141503749310274,22.052449832099658,34.425241184876384,32.0010672414221,33.61867428240208,-15.077204413185013,32.14753668823465,31.2623454035929,31.00966612769126,24.11312994502048,34.05928246044689,28.58595759781761,29.646445852835466,32.26648193350421,29.23776253082748,34.183057834631214,-13.018583588943235,25.29539068314156,30.628889783332397,32.18227106164746,27.380260064475358,14.892191164652896,33.59882401222377,31.854348349435192,-20.751586972093698,24.903525500640267,32.972600972446386,32.288969647088294
26.131255937369986,18.728491921529006,6.766918643167769,27.29784328948874,24.67181481939222,32.7020373876256,19.19253316055871,16.280169755026858,27.622797290730237,30.222225053875103,-9.780436433116645,19.71268268389886,24.302237949466885,27.49292765505081,33.195832755823794,-12.020251885970007,23.962010002673082,29.99039475802446,25.92421023871371,23.489858035358264,-17.679577492043645,25.71782917863103,32.977674981274916,24.93703637419842,-10.69932776843115,29.269346422874143,24.13165134427698,17.053240616303114,-8.941093898624569,28.4364563864739,28.401896692600914,18.33270998158192,-21.083881993989216,27.565125694089673,30.300097435961245,23.78062924830334,21.18966622218796,26.3148007586595,32.66018345312473,27.282320973568122,26.195026476496192,12.768170741342798,28.558184249129894,31.727243975282338,17.372440156551598,-8.930162862209187,23.399459562077507,22.81911892222196,18.802767229279183,32.2414389135036,25.674349917282118,26.512871239825817,-10.390082558542415,26.51957640256606,14.067195061078927,-11.592907885494073,21.1673900187944,32.244883866317046,27.750295280370636,-13.380661773415088,21.707022168711912,20.56658849705318,23.324005805029753,26.98150229816279,10.263853221001778,28.79284071382886,22.502966472729025,29.525122888327452,-6.239715336572278,27.45508350671193,25.39754000552733,27.130766076969245,26.030194145043755,23.071478097837364,27.383526347872415,31.276085529501046,21.811598413252547,32.530519327461136,30.030897678096746,-15.187512706640844,-7.66348562102479,16.98326604321677,31.476330056041768,21.588390765810555,24.126847222679622,23.1756034739369,22.401724734745926,23.726123234336715,26.672828364319308,20.87193489682556,15.421984006543141,23.156068862543624,25.740277892782025,27.699951805910025,-13.893726978578663,17.59319017631729,25.474482964895905,-18.353166062425423,-6.05899749363503,-11.957318851253373,25.80123301560788,-14.080863385293654,30.85219722065441,13.697380167850827,25.12814536797897,23.318551331559135,30.369005214381236,-19.4382379478758,29.639087920657005,25.949672817827015,26.38573495762686,-14.689886320825932,25.353026580304935,-14.072598644697594,-20.55313627454393,23.96183085601727,20.5444650070322,23.988574837696245,18.79362042346178,22.024998533280108,-19.14297681576796,25.2751114236539,26.85964528930156,28.652756932344754,25.863359803594605,27.77895310713533,-13.21305308090182,23.81865496595871,35.43188621933347,25.69640888616451,27.51647938546006,24.878752707244757,25.813705446137053,12.042464912623146,20.233227579503666,-12.772296145530841,23.775265829508204,22.751654030398544,33.07530355025253,26.64655436802123,24.191101561735433,25.5178976550888,-11.9476931507674,-13.439358903338153,30.662986620075294,26.330311960870784,21.754832889758404,28.80750725431553,30.248945828294,28.718144709674984,19.54432767203013,24.4434542653851,-17.605480056884645,22.05632187817766,28.182574624597354,25.58629631411567,18.512325392137893,22.72770258957124,27.86404341706516,25.022672584270534,-16.4474973975826,-17.60161028366883,-15.065784661682034,26.836886932845992,29.07420155603526,27.327922149657134,28.748545563308614,-11.67066983382137,28.80759528979897,27.21985577590162,25.064888935811705,20.17275177030625,23.359585511870456,19.24406755969557,30.15994437996617,28.15030124317279,29.83149683772264,-12.254255003551897,27.897832593142503,27.841239890775896,26.994515806620722,20.836434092129736,29.96361323914333,25.181369171561265,26.173960468947765,28.703309001857242,25.410931624915573,29.901327560659155,-10.666195477172804,22.807313581177386,27.087272590463574,27.978703437184773,23.778579991333917,12.712224898591161,29.622596508579875,28.2767214857059,-17.421256214361232,21.888658884612664,29.14730806345643,28.822442208846997
16.35842033417671,11.530762618810067,5.3992888301822255,16.497449895355224,15.220852743867676,20.73690934942347,10.779270655394456,10.266504468768312,16.57914873386916,18.912463972966613,-3.6365909950308306,13.243979194019422,13.922613031913219,17.52468444448629,21.561130009456434,-5.6926289729076744,15.794305408451196,19.498020970163754,17.294573304199268,14.921514419892759,-8.436658705098932,15.545195539535346,20.779360892043904,15.314591226829334,-3.8243238887915747,17.894745775694584,14.097905271311408,12.270628727006144,-2.568269997360084,18.0072530206306,19.279493849624707,11.293465146791489,-10.926532836400764,17.150254222908508,20.250164702355686,14.708673836769771,14.675903707331068,16.950109279363215,20.639593453838312,18.61007778718691,17.256402023585242,7.79504500477633,18.53907077839449,19.661034275428275,10.119566580349874,-4.437778903510613,14.288351692901141,15.274988419563044,10.25342372218441,21.10677468071974,15.081704819247388,17.11823928627047,-4.824579254695438,15.755877517355778,10.36738271760905,-4.590566371106083,12.920413005451566,20.253110910278203,16.321402477209766,-7.065611585064289,13.65549666632822,13.154654102649259,15.310183731897268,16.647456804328147,6.599012985915109,18.198713914134274,14.083010149729553,19.20967677688486,-1.9567678844492518,17.585424529174023,16.608107291682312,16.885666076098243,16.72929956404212,13.375680760556763,16.781927915769792,20.112918734508348,13.529114716764449,21.12622997320385,18.79637791376288,-7.1327848287305855,-2.5214646633751747,11.788032234244909,19.256073988731597,11.979558348034795,14.022262506481272,13.645874359519425,13.772689054169978,14.194324470326842,18.580181079355476,13.494379678251592,10.478802527883941,14.23764861726534,16.391321431243313,17.279449553872706,-5.3411742935699005,12.05759567075564,15.546928711569027,-9.06180355685967,-0.4617290770976435,-4.559748387178435,15.712751903880012,-5.630193424318583,19.621636821394926,8.29575443903794,14.478511253891265,15.190651453896102,20.27914772768666,-9.164790107747042,18.35852301594312,15.650714792378464,15.918365581145583,-6.60103909898697,15.43163703555796,-7.192137505662594,-10.502182931891697,16.578834595040185,11.931196518808195,13.368123788140329,11.249610242467876,13.67040439701961,-9.406886549622097,16.134855036532922,16.30587548752195,17.578442471689844,16.072190713414287,17.044562104313933,-5.7613751991046245,15.392527222921705,22.666444300849466,16.19846102495001,16.188012388588678,14.900285171512706,16.244272360839155,7.220290608935341,12.451917174554207,-8.060883658268226,14.947688310172534,13.269646779836183,20.894373167387613,16.563191624503236,15.031442646423745,15.405846966226216,-5.058787082292315,-5.446866589410857,19.599893428903613,15.79345973453486,13.978268312053908,17.81276347696198,19.69674546055819,18.812456973176513,11.891452439536183,16.803103572590302,-8.119394313322466,15.77901393995743,16.81084654444103,15.414728727351088,11.323648548601358,15.747827526414353,17.3762911142573,15.931101123282723,-7.8733860614579845,-10.658880827744227,-6.471750237137053,17.53410120543249,19.1665004533591,17.480401784979993,17.825973337761063,-4.048583682140604,18.27181302879461,17.60295590771349,16.363525251902978,13.72413899899865,14.670770589564954,12.411927750313426,20.004969316132232,18.269776463287705,18.00740569518514,-4.96234398834667,18.400677838629743,18.9254280336929,16.880550406448585,13.244587726100303,19.451286930130006,17.481944796301416,18.114207075762366,17.992583867124985,15.072473369956088,19.552997261121163,-4.2696970668609655,14.798583375820147,17.70671226233979,17.411795718490716,15.303935473207947,8.056865556931363,20.197517089278396,17.868443683561008,-7.838135134555906,15.497591910290486,18.124976013412684,18.21715025700439
25.644552215767494,18.572717401825557,6.448138319310226,27.375543083782404,24.908547661763862,32.64646013963567,19.827102672659496,16.633360837874438,27.662237225309795,30.593028456105113,-10.286947783590207,19.788571131319028,24.760768990744353,27.791161758039777,33.29801527055169,-12.508246373440013,23.448863733180904,29.381851069858723,25.979922896101414,23.566618530320106,-18.687028288486474,26.062470986251178,32.7433818060669,24.43812778192554,-11.632476523124767,29.721236147091386,24.6603819582058,16.967053209589565,-9.622552736641415,28.59513054442642,28.263312815317523,18.376474339503602,-21.740306848022417,26.916264773195646,29.994450670800163,23.97166991316082,21.324434119081143,26.274774968118052,32.940910189528225,26.95947687003694,26.1450867151473,12.962526902073979,28.456136000708728,31.33226090171156,17.39619420783511,-9.237896553577794,23.247875759648288,22.918430661846866,19.342204546425005,31.6969485213642,26.180177323819922,26.61399408684431,-10.82574388636693,26.78887467930377,13.779479471878828,-12.00268216935986,21.634884659153215,31.750778715506968,28.18902978586469,-13.658721871361152,22.123856464813098,20.65853751558214,23.149726037223026,27.405760805673943,10.107484397355286,27.997739408456845,22.88178831764406,29.87954420543539,-6.48451414297731,27.91247290694211,25.576354232611966,26.344692461579356,25.441368833260814,23.564011463141238,27.742335605442605,31.603445722168715,22.31007416510948,32.197870822865035,29.95932841503765,-15.62946172350726,-8.211096573709028,16.266916205984025,31.169992858773337,22.421654114099354,24.198906287755133,23.51261391543486,22.679906551431664,23.950924669112013,26.018085794839223,20.27222514495474,15.584485574094586,23.307633525017298,25.17902100896368,27.50772701280081,-14.926091414240949,17.390586800392995,26.138225357560174,-19.087407297279544,-6.785956212592623,-12.578382209564994,26.295185767255138,-15.073300080518324,30.451137066772592,14.091092875022477,25.658488511027265,23.320726511388962,29.52199436211626,-20.37963005990676,30.134598450360087,25.930283487635464,26.864101788782712,-15.547310218166716,24.99121772542948,-14.783579042303389,-21.355635652539576,23.331222292015298,20.338160148886985,24.271918705505644,19.557834914817313,22.331860265000184,-20.053969308068314,25.383791656142286,26.552599762646533,29.11535380661622,26.157560975717875,27.375742987217702,-14.078873910750652,23.607541022921858,35.49502614634364,25.807752491920514,27.784126122617213,25.05818989178579,25.875532863844434,12.085583428243432,20.28848757821093,-12.802061432686012,24.125141842903034,23.550562840801728,33.173811896594934,26.181308903393344,24.40880612848573,26.090300274625623,-12.851551094192772,-14.179317722147239,30.621692265684135,26.832946173520284,21.535823434229705,29.281960443438724,29.999826076350825,28.060851936801356,19.97911547688212,24.329553593358128,-18.647057958099428,22.103800153022117,28.0481453942143,25.181744625707534,18.861312845415103,22.57048041769158,27.270281015607857,24.401257248775607,-17.171081914587447,-17.97122194455,-15.808330381896177,25.970190453176755,28.17097880306267,26.397690070169908,29.427001537389543,-12.64224274289163,29.033587425031644,27.260645702767405,24.0297700150493,20.077802146705444,23.66480973852645,18.971533953368684,30.321550457260116,27.98838160890017,29.595761782078508,-13.149403119099718,28.1943173956172,27.344416333973133,27.17041111209904,20.809832269883273,29.994088793735767,24.86226440324959,25.925485503054762,28.339335869248934,25.301528700740853,29.872168007236983,-11.414595230846045,21.992853994676533,27.0330836613485,28.17876251482202,24.090437891282445,12.586104428305049,29.453037187510382,27.858495488894295,-18.39861971775647,21.740642005254298,29.08307319879438,28.11475986710558
22.984356875407585,16.160347680351347,6.378369730283911,23.361005738309995,20.937071118882454,28.13062355808141,15.735045041522177,13.794804976730111,23.61813319331102,25.743579126816034,-6.811550428201894,17.504013561298713,19.751740619403016,23.415586766815846,28.603084799955397,-9.42013620129269,21.26508504447397,26.561605277807498,22.459737302730108,20.035172644596912,-13.43719006029714,21.531736290455292,28.52407091891899,21.720478808329048,-7.41600561230132,24.95367057211166,19.689493761131263,15.4341758245884,-6.168648710251095,24.26564495727448,25.07422234202102,15.373396282252658,-16.620373898378322,23.990227454735425,26.818212425509184,19.751463261332106,18.38180804875367,22.607452084668,27.890702229768753,24.11084454250063,22.85904616771108,10.746780106176958,24.753041418475735,27.496507470552665,14.70571703418364,-6.836315882224612,20.06033944148232,19.827694255492798,15.330688170733723,28.479335611554053,21.74329768005491,23.09765197921078,-8.047505939735633,22.160761338063715,12.562720594241696,-8.264606986443328,17.465136181952296,28.236659414076485,23.11420938893219,-10.850759583657942,18.754871915221997,17.52313958660237,20.58156851738188,22.60257200978622,9.198652796223556,25.487246302286398,19.26840001746687,25.585811320492503,-3.9858271677705472,23.29433611487726,21.919816005299598,23.93722842556369,22.949399785750373,18.984147217801905,22.940353871975404,26.650411526727652,18.452559258274444,28.5006987354802,25.910216390514186,-11.897265885294633,-4.938502694117546,15.290935670745158,27.143610901812025,17.538731504120634,20.313624330678714,19.329702989185876,18.807074199433803,19.67319348451593,23.983602069948155,18.324597155491798,13.698455293565958,19.395476356859348,22.73938598551361,23.844672791450467,-9.973569943100992,15.356663082768456,21.200115333994987,-14.261078725979141,-3.154981806184781,-8.525057075750675,21.908619120258198,-10.128475904422448,26.820301461583156,11.2457366772124,20.926074147513734,19.88373419280341,27.19523868769064,-14.902771269112485,25.116207787686143,21.93515689007961,21.846611251151508,-11.185241017804056,21.80962356369596,-10.997720137479911,-16.32315836192321,21.5716730008105,17.52055907976874,19.89714024265608,15.913623377250442,18.34863259311241,-14.721058893524255,21.52346763309676,23.203564169938378,24.205106459174086,21.8333543322195,24.267797890423466,-9.714952286428753,21.127200471939577,30.716688225566532,21.94982463686557,22.970303828168333,20.806989150879296,21.94566047475391,10.072122181863826,17.086864945941247,-10.92677620183898,20.371337359726347,18.809129070265165,28.45906485126877,23.11953063312989,20.480281057488742,21.224797524598042,-8.63682935737007,-10.122146858548932,26.80418491185676,21.849434825694555,18.924196423610727,24.56796070681079,26.454229929276067,25.35295450382319,16.182779638034255,21.348572259068334,-13.315786592973085,19.766799084779812,24.207054205262846,22.21382310078651,15.281462557253102,20.18649161581506,24.425998752155415,21.909903155126464,-12.63365368226522,-14.81869908200436,-11.246911092306776,24.107488350195812,25.99122963833772,24.223002169699118,24.3806636532902,-7.9790938120165675,24.615775051099714,23.652566337469633,22.62660550319697,17.645517384229368,19.68907963875746,17.055286817722717,26.25967491778928,24.60074839293747,25.74843466274294,-8.645743336032858,24.177269235220223,24.67791216336454,22.81957759977311,18.034301153540326,25.96822955751796,22.409518961015248,23.183691802404326,25.027000759965368,21.57147568527862,26.114721164076293,-7.796961411902944,20.50980113025066,23.884881178583797,23.902231541184904,20.149166828462533,10.879052606442084,25.985290329744597,24.46226760315083,-13.11543839191607,19.444460386366323,25.365268179292936,25.322531240292676
25.5514639963722,18.231579214926427,6.850205250979751,26.421324232916273,24.37601182099782,31.9566555011107,18.70505071474012,16.063290276421366,26.720014679096575,29.70186773516699,-9.360800222048194,19.322134333741968,23.964520842354563,26.946264204294348,32.52781354520683,-11.469206017008466,23.437222545487195,29.64746832247143,25.758009587502542,23.3826708079747,-17.087106366655394,25.37907858641393,32.28716408480358,24.039561544361096,-10.041295381345996,28.38312789414353,23.812317527145833,16.871931962672114,-8.1860904413689,27.98947771638861,28.061721554926212,18.086929979593645,-20.400351258841145,26.731474980531964,29.72562632590796,23.779761370608046,20.91587402629983,26.085535476480654,31.895522233528094,26.853224302865602,26.030325408307863,12.842810590778528,27.858448716024878,30.79550758873543,16.826538237961106,-8.601370349114966,23.384028779147485,22.691681121344708,18.256790354532516,31.468064398259237,24.783524685924114,25.83920644573806,-9.92435844244007,26.01347754312825,14.306696711290474,-11.342492319276257,21.005846289340425,31.452544728871935,27.156040436066377,-12.993950626155511,21.37246541876646,19.968467053379914,23.026255510605324,26.630365063827202,10.174558679842688,28.064819362733232,21.95567712584932,28.988026548569646,-6.233829628349634,26.725137440940177,25.095188472324192,26.32805175487073,25.36198151693377,22.4321150593736,27.020716336674976,30.81727944093572,21.464226208648512,31.686856691394375,29.529784331012316,-14.574749353195614,-7.808991084992982,17.145852201935817,30.82211252660955,21.01100565935491,23.496708935140887,23.06409833347091,22.208682460431906,23.435196215637937,26.33248722189815,20.06841899102816,15.447906377831456,23.04077229016557,24.90990176202126,27.313248962671206,-13.134698310991737,17.819073179361876,25.208955067259605,-17.68423135863133,-5.722129061321429,-11.678143253685601,25.45720709870477,-13.4985546482673,30.366019006436126,13.438310525729815,24.47952873784649,23.16443029843164,29.66269486106569,-18.754188981623113,28.8512799246414,25.18559211089095,26.012347673675496,-13.96710432396372,24.75941743447246,-13.752413439766242,-19.87609463103134,23.59030926601899,19.645936679413087,23.232907759097333,18.47702379112936,21.434023818475918,-18.549575944357525,24.851527904328783,26.452009328689464,27.9278183025847,25.732767876587168,26.963114324549277,-12.69985901723433,23.05002060417592,34.63658429344739,25.4592848945146,26.829917943767004,24.45580575953938,25.25411169322448,11.875927695418184,20.101250152693463,-12.44652767175542,23.369270742079213,22.423122438189807,32.55746235901782,26.31805023261931,24.06951088099311,25.08448451736403,-11.521486688812715,-12.63828023082389,29.81556569368137,26.06785472287312,21.530665329519305,28.102241564407436,29.73871047343081,28.42422814172992,19.101194153036637,24.250888285801064,-16.731268572579772,21.802618252629827,27.52795106120326,24.7075397969071,18.3562720292682,22.235702738088637,27.171959268121316,24.679704134068793,-15.712844156513247,-17.237738466310862,-14.413212229902074,26.217492324284102,28.350675616044718,26.61548604793699,28.011053446814334,-10.938918943617905,28.138835448009115,26.920458088804583,24.441326150502487,19.877171789455126,23.234089460970687,19.162277350990017,29.598088387674032,27.72624503286846,28.903025121736945,-11.851153825216036,27.621292015535598,27.373533922769216,26.63348430830224,20.817710540087585,29.38787191718221,25.148506993209786,25.894524594668763,27.901167487917053,25.06642639238473,29.31487211856854,-10.052116316515184,22.27146691097509,26.453587505519693,27.43391269370912,23.392053269064068,12.767343681699296,29.474199842094535,27.783168488630757,-16.628159959181975,21.73302284499981,28.39610554720857,28.225701747549735
25.05751006342595,17.777738994726022,6.681671311721328,25.92021497085981,23.76163489642784,31.188806360612034,17.991896198915228,15.26436168194037,26.006634231318028,28.908406431295266,-8.429812663358598,19.10031934592054,22.658882404341895,26.171331996141,31.83620771498406,-10.7258756220912,22.89480295336033,29.08954108414221,24.97128059231835,22.585080437372504,-16.10748143466955,24.351144563160513,31.411602028074046,23.59278470944543,-9.062438647077176,27.83401896013434,22.647067317624426,16.833866615261904,-7.556137221755934,27.210813339034072,27.646800627425044,17.09822513442,-19.20664997544288,26.07817735945338,29.45354357416611,22.554040127994764,20.428371466244553,25.25475744052611,31.145959005748097,26.281309394721013,25.233535527838864,12.15582826354469,27.175476866004384,30.063346415884958,16.282408116323108,-8.010741261131761,22.441287520189906,22.267905717862277,17.536908824187066,31.00898100116076,24.342952824199273,25.624391505227866,-9.266243083144776,25.01806164105,13.832071539948926,-9.987324310279918,20.032247657853425,30.890320371823684,26.20328336531963,-12.410143898324193,21.1572951687484,19.344149826975237,22.80957871337682,25.773092971171433,10.061647621105422,27.616242404688844,21.723499646612048,28.54924228768973,-5.0994140981186264,26.16340617470609,24.307003064822258,25.769839191508428,24.88088260595787,21.35302547629084,26.146600362317304,29.91303132483083,21.11810803075023,31.02626107698227,28.677979200530075,-13.689795925747424,-6.581847446006332,16.578461747724894,30.037775075445158,20.196644343706037,22.576181094254878,22.084896375946915,21.372267669859873,22.311356608917635,25.91978397715277,19.479279348203594,15.103870168467845,21.973971143512557,24.671382156458197,26.640539345151648,-12.256490722845419,16.985996821908873,24.239536828501617,-16.679747020492485,-4.695280105244902,-10.45813345280409,24.574358133778432,-12.322249509993297,29.523151940538227,12.969992806609525,23.642023601851783,22.187886354463267,29.195655424818508,-17.499938268857573,28.151645499471492,24.33994342196273,24.978286013637522,-13.069368277397261,23.955958935918055,-12.937260196127566,-18.885960795851016,23.072180140484743,19.06702113058436,22.470086857123093,18.019060453027564,20.565825617530965,-17.340418471424098,24.08642140382255,25.721725574265587,27.35163892400989,24.823558951451197,26.339330142696085,-11.751401957287708,22.860602263495878,33.92639569520023,24.650777209160125,25.74824535749755,23.310161311585563,24.37997550475852,11.071979463809278,19.507156786081488,-12.126003834304608,22.65934837116728,21.46995629658654,31.720900274001146,25.463392613960934,23.14446884663045,24.14128362030579,-10.615573228850916,-11.955700454951529,29.48694599274582,24.91092352699217,20.958685600937606,27.52997087300695,28.963696517987053,27.798059151333067,18.54410595211674,23.79052218121275,-15.66381714608705,21.586322307705473,26.737852854977668,24.181107938215792,17.413023702896542,22.22215609410973,26.519650003128337,23.796884026213288,-14.795134186658345,-16.600255708467365,-13.280752204478656,25.838365583853182,27.884649942893056,26.07339167764482,27.340353997288698,-9.913834319511965,27.324318525053222,26.24022180304643,24.066914767693547,19.389826675742256,22.307598604629494,18.876959792470334,29.054132564701742,27.31662469726793,28.186191586326625,-10.755955487479056,27.166069252933298,26.71656037900987,25.60829400006779,20.362887561981555,28.795717407727164,24.802750189426963,25.442980122795536,27.361391106458008,24.31226148157382,28.977061122054216,-9.378525967200694,21.883134558836463,26.06103119138579,26.614960719682195,22.734229357227914,12.159530954603659,28.90272817536709,27.034637331610597,-15.573280590394452,21.440876319554285,27.987026616197838,27.480018074991087
18.1986123788339,12.888589900294443,5.696486186351231,18.42220692394656,16.939039571720798,23.030016466064474,12.00514114550012,11.065896659718247,18.383261657558226,20.920679277170297,-4.871818279713967,15.027486979001955,15.664660217808793,19.018848918843755,23.72618294258495,-7.024724555249085,17.116105049361785,21.514386254932628,18.657883545005493,16.575692619658206,-9.976377252982763,17.247606461444327,22.91457618825541,17.10975091598309,-4.802677572251901,20.24544033657062,15.812013944481434,13.352407145723545,-4.054645711635699,20.347962618121457,21.10577713680089,12.53267242812499,-12.548862332668346,18.701779059194287,22.705263014821607,16.19661631987337,15.827388855760177,18.878754792055393,22.877126649710107,20.257487664587426,19.25358528680288,8.832838305529158,20.527809189914205,21.88720660174279,11.443503842035291,-5.282890981475324,15.959568814456956,16.615401557465013,11.297558100751646,23.409901863509447,17.228800055646186,19.340760940872137,-6.087526199554024,17.244156625920095,11.047795848874175,-5.327883560099835,14.239943098287762,22.53197445764959,18.19293447978338,-7.986658665523694,15.606326724443543,14.374475995081353,17.43609377927334,18.807158826332795,7.450391788927986,20.32325109935381,16.140410082504076,21.696514402115074,-2.3338421787883625,19.50149179820066,18.021300545129026,18.81887887758006,18.407964633013794,14.968207285904485,18.824784328716515,21.92823634502592,15.40971968847366,23.298864752533017,20.73830845005515,-8.430826279533647,-3.206420315889866,12.929499106260861,21.382486786483305,13.402270215749073,15.496688986563736,15.305384614839765,15.439714790420592,15.951268083301015,20.20361579603636,14.569971474611005,11.24183336067835,15.706456534052178,18.04997060552733,19.154791868438213,-6.871147671554693,12.697396095547942,17.26611964855538,-10.151325544966697,-1.2938276295790687,-5.937103599727368,17.570757881495414,-6.913863420267453,21.823031518304635,9.018297331753276,16.10253007989448,16.2480037788708,22.22507720955108,-10.778145847137205,20.267237800418897,17.311826944773053,17.386156785511588,-7.87072441111091,16.993702501667155,-8.461269824322722,-11.99694423059164,18.14929490746731,13.262955415668916,15.159274290825335,12.887800407096186,15.05121557080676,-10.625958580147215,18.152283318360524,18.451125396251168,20.015910962851425,17.90089745824213,19.19489972491235,-7.048917496755515,17.2774489214556,25.06570667150029,18.188103018398444,18.05507890299797,16.182335794167795,17.946463922596802,7.800573289950142,14.039599808790427,-9.218607983200247,16.441205489866775,14.835670613574303,23.093130437940612,18.32880943028116,16.890505256003063,16.777593353077556,-5.975295888350579,-7.326222811915171,22.1461001850451,17.656568732676867,15.503471354535472,20.173976480526708,21.655685752475105,20.53495354826773,13.236076929992649,18.443474832030294,-9.643491668770308,17.25447917209577,18.943156668938258,17.11360363231779,12.10240392342475,17.70592026244268,19.154133100600138,17.467591929379925,-9.029860610605354,-12.209144126479021,-7.773877917986418,19.450434999605758,20.999037853478075,19.084385343682534,19.909070377141433,-5.4012943592174025,20.50265462646321,19.37394942379712,18.06882109194947,14.920511801758124,16.138264536426878,14.26193698083319,22.289124976773564,20.310991066836927,20.02782604900401,-6.0819139474177035,20.486642346952262,20.447356545567285,18.242653635621117,15.029156447705713,21.652762326493193,19.196442798707537,19.762745310103135,19.82136601766213,16.9224315568922,22.112086394274282,-5.508250697499348,16.30084469573939,19.957452011801497,19.420831682329418,16.754648103642655,8.941015430222246,21.78832667591684,19.448270707765328,-9.23443853039851,17.00164412550208,20.545869815046437,19.939279040026324
22.772290319447347,15.937367410573144,6.546123447104984,22.96868025600037,21.078335956065327,28.491132073560056,15.368500541012686,13.741950079240045,23.375118643825928,25.929474294651442,-6.798954609769337,17.856555479932172,19.92672215557391,23.551686850693507,29.1281434417426,-9.363569091629785,21.237980973808014,26.707518917942522,22.972152600846684,20.4098099224088,-13.277987710829175,21.626896298598645,28.600805239978186,21.53961842863075,-7.016406602410465,25.06673185675031,19.84560749167577,15.897960052150934,-5.92254652561471,24.94942047482685,25.37654711012706,15.795229204300595,-16.457143550201238,23.77023970955169,27.446769017897832,20.228796071790356,19.12001239878057,23.323425220927543,28.172269760796972,24.789665543974163,23.547758982568855,10.977517679624253,25.207654856961856,27.41202071695363,14.392423292945123,-6.855764311843413,20.190406360729604,20.169680312463576,14.820269884703409,28.718554080444665,21.544316305416704,23.34022376488131,-7.9879009407362345,21.99565299828381,13.106947031886444,-8.086088286161164,17.68828306484393,28.208228499319556,23.06038587395139,-10.711240624426777,18.9263923717586,17.77103810214422,21.02844208572784,23.24848067665579,9.26422022949038,25.490853998848554,19.665818853653427,26.273295172382692,-3.8981105973275003,23.78517049877458,22.126624732495404,23.821013118531656,23.03372937595827,18.79028086450187,23.250050030111694,26.996908275539344,18.87314392736514,28.758656101427775,25.987771030767504,-11.576689156413744,-4.939517731108758,15.637555740098149,26.988542574151495,17.185278037351992,20.041319221408624,19.327368130015333,19.214642737450436,19.95197989171863,24.416323560630666,18.177297175956568,13.758487031771518,19.559203464799374,22.55848757217016,24.030264032082876,-9.638541485171228,15.737297365452626,21.39228022935402,-13.800330479129935,-2.9380021404490724,-8.508852073285237,21.965777802893363,-9.781883057511134,27.028692727740573,11.225174300503662,20.632169401577833,20.191133447741354,27.489987867651895,-14.555628567649027,25.220870383591947,21.907096583910434,21.889250554553552,-10.751039355739975,21.746506097178134,-11.143225311269786,-15.919845852702677,22.143701528183847,17.189259032967943,19.455128088200567,15.953315370002558,18.649816696073575,-14.330240953930602,22.16486045762089,23.31337261994059,24.613664026058046,22.258133932047556,24.19585245547274,-9.502302544451945,21.368120972864865,30.95118479940184,22.466188728887065,22.915246245557285,20.542919072588635,22.170078549129908,10.0698240062565,17.305152093861683,-11.07807928338625,20.148767537077266,18.632054812398632,28.662554636918273,23.134255883049228,20.900699588733058,21.18488474986364,-8.270398693965312,-9.956450879043004,27.109866770074674,22.19356547233772,19.21812963537799,24.842104155766737,26.779779365775443,25.524407786259665,16.528874021491326,22.25183023158596,-12.983399615636639,20.22793683571971,24.025937326881422,21.898179976586956,15.247318211629084,21.015695988543627,24.334114734153328,22.035577941090416,-12.334450765113726,-14.948408815419004,-10.821073208991713,24.17998080047348,26.124321046074776,24.15771543742557,24.521856629357455,-7.823982480506624,25.06832772361278,23.938544792444315,22.64404314317624,18.16923488139657,20.034011957697064,17.27759890115344,26.910712195906452,24.968024978629497,25.4128319181617,-8.413016050824018,24.71263601599121,25.11828136312959,22.844679691860016,18.47644724024657,26.579326855934877,23.170476801243726,23.970763469302497,24.75498081625818,21.496890275604066,26.839745021522432,-7.518120262029223,20.503576729343756,24.350635533838943,24.016434572689032,20.34474595936146,11.155670304802783,26.47355374576238,24.480932135452665,-12.787802460483505,20.201792983560708,25.460399934502604,25.25729858722739
19.517343459584275,13.858949737018255,6.147932443162408,19.10907873174004,18.332821422586758,27.31933019777788,13.503075832990218,13.565678282010344,21.003225977865156,23.824810929866246,-5.871179938149903,15.218628908926451,18.773876041459253,23.122121142587712,27.78506055212973,-8.835917769591722,20.294841268044674,23.78483739032362,23.605631168567662,19.71705379067633,-12.72984980800309,20.069259785352475,27.18066917643864,18.175502153927038,-7.393434498304738,21.39828986840207,19.494526224181723,14.092386142427738,-4.283187917903213,23.697037409778176,23.782740258511332,16.321662064689015,-16.225305938040723,21.51786430240682,24.780368506757547,20.691220325398746,19.541560437906835,22.770683818709085,25.490312958996352,24.177891801499584,22.632402042309007,9.873128779013745,23.872833753144402,24.953402484975072,12.732307582021111,-7.225523224449505,19.024852855376793,18.355204301089426,12.348178857216443,25.146644291714537,17.725375708722474,19.723936915943757,-7.177281586406804,20.43232608660092,14.319865203192926,-9.352859050838386,17.786533881383196,25.067911038730127,22.12445082265972,-10.025709657019581,15.081808949438726,17.18002698272581,18.21361386054734,22.179551663507077,7.602125713520083,22.129715393775967,16.86764826949152,23.35097720373327,-4.890330957637567,22.46462291560871,20.686648057674972,20.682015376132263,20.060670746046863,17.651589185314613,21.542218153189896,26.47998221955571,16.3340610690446,27.0253492300306,24.226925844352916,-10.868857954326835,-6.567182406877095,14.887572388399462,24.070651245078242,14.867177894840406,17.592079224952688,17.76094478330511,18.267935174218906,18.30647932616662,23.6783290026469,16.857553524984628,11.82582704828178,19.842449062246303,18.811107740858944,22.19567546636545,-8.056568051333336,16.744829896940388,20.744716546379383,-12.729712026785217,-3.262810268720532,-8.840396624602024,20.19869078326393,-8.969688070482313,24.61491535982144,9.7753403924458,18.12138981827808,20.982902874152114,24.7815920277224,-13.356505953936294,22.8398949724812,20.688747173357168,21.986465124429486,-9.045913529751044,20.33933524837244,-11.931813242781647,-13.907611590349898,20.969779271885695,14.17908788675616,16.58421232657592,14.403042444720885,18.620779992525396,-13.863530165517565,21.183960534039954,20.56002525964165,22.66065714053656,21.958084484047504,20.506274943372617,-9.304276007199556,17.586889277785907,28.48238048995781,20.645467651204303,22.302869253061942,20.417158919927747,21.937246395859937,9.356421041576926,15.532306496600755,-10.809906400929265,18.1935496333075,16.94365398092017,26.6297406809728,21.187668463922215,19.288567478819054,21.18342442542226,-8.10348163187153,-7.696457051887928,22.81807762392363,22.15198704664931,17.948918999928935,22.703913365272992,26.031323536138903,23.298277994054736,15.081500675023934,22.18007167951199,-11.59622568461157,18.003288155659252,21.033643087444343,17.891941682295627,16.13722117906592,19.48654062049749,21.79388289071564,21.088935813848604,-12.02200525598697,-13.58819676090628,-10.035044966659822,20.898622299608583,23.478714468962398,21.554334384250083,22.793390379031095,-7.025144067557328,23.153711029780872,22.82810177650829,19.32920202489533,18.474698217950234,19.256114617503847,14.255903341461774,25.42948483372005,21.86698755082568,21.634757153824992,-8.670526616741403,22.572716566774627,24.659593160422077,22.349758624009198,16.2936907386696,25.34690949432651,22.433465146721836,23.753806978789637,22.37472549833451,18.89126236744354,23.53907119924845,-6.822726381905192,17.20957576365903,21.166867228119294,22.97522001076936,20.159167357718882,12.330683499823154,25.870364135367517,22.88288323142908,-12.07487587520227,20.55969623659684,21.530828204453048,22.9855465711957
23.6835660984464,17.06958047371322,6.372662997171723,24.793053369738637,22.540774350034535,29.824578807754552,17.792780820332286,15.291537206778377,24.899145166310813,27.868559625311917,-8.396990178469022,17.956216325307448,22.114898398101747,25.356499069977012,30.412843800167686,-10.402317495512754,21.863524724019236,27.431079574133772,24.146902666355235,21.911404450949775,-15.984813663341429,23.72930166929721,30.131545225969525,22.239991229494475,-9.41930476972357,26.494281671495933,22.27768119453488,15.882776448712313,-7.534977729047618,25.821093217577985,26.465849001855048,16.72369562892519,-18.918892394377913,24.695647215463655,27.67794169669085,21.97374757867312,19.460020886767825,23.94984500407194,29.74521117249142,24.843611011818005,24.042856986954202,11.624104016326015,25.935901595490595,28.571017841889994,15.63217825512236,-7.719768266306585,21.592273439880888,21.363256699444545,17.095216875670875,29.136043076316835,23.215826479221327,24.2383684413587,-8.971181482831081,24.2807523719975,13.26124840823304,-10.15889911953847,19.87220605513013,29.16569107902396,25.3799385359585,-11.879933506921764,20.038496487371564,18.50499224158488,21.38332095502044,24.59164430536212,9.50083740400238,25.875058986048575,20.35724789129519,26.979955556399744,-5.300989308393231,24.92158643998707,23.63155414665286,24.174819677344924,23.251992233972384,21.093050121454244,25.288139296284015,28.971812997769238,20.07411680764103,29.503166912616585,27.58768972778573,-13.371648002225841,-6.932310892680637,15.642060185076783,28.592890072103735,19.752963322651592,21.75748297310067,21.582824985391877,20.514051739977557,21.726072458514654,24.577188073064967,18.524922142280698,14.431311623709917,21.499569115947462,23.138348915935723,25.392372973372623,-12.132785907046916,16.419778640561784,23.779752393866094,-16.476249436099472,-5.070255281489149,-10.377864599473009,23.893234601515054,-12.426388348586958,28.103881137245885,12.548904299060853,22.911226287873877,21.554269065645187,27.382160025472867,-17.428073703561576,27.03808083788324,23.353697628704346,24.42429811716217,-12.926011999569578,22.813362428383353,-12.771139068432886,-18.48081367705292,21.63511825354814,18.015561190633676,21.586046839188985,17.48221805107619,19.863846034714843,-17.33671057707692,22.854169528445073,24.30425347980563,26.078217031664924,24.06933823129477,24.80228073564194,-11.989675767793212,21.258428227779095,32.398998635344896,23.39687795523431,25.024409876169884,22.9297869250842,23.58337720347135,10.69711966112722,18.77033593988097,-11.814618046738271,22.079691233096348,21.116037429060103,30.406607777981176,24.22257188449219,22.262000477375295,23.63509852696925,-10.907163465238954,-11.623179104027757,27.673348459125457,24.222426166731367,19.897787256592064,26.280663306923763,27.728861515674986,26.38394636213529,17.678797269746703,22.4696759387758,-15.641407296409428,20.50878084628295,25.483747237065703,22.739665348794265,17.324099571450567,20.69825217991036,25.08243442189061,22.5378513533402,-14.643927659821673,-16.2136452037397,-13.295360201247606,24.186070188550882,26.21794477307225,24.521720764873077,26.437791338938688,-9.96631317752776,26.187761394861212,25.149485973108533,22.324821155033796,18.682607282560433,21.69988830422698,17.664907232042996,27.69650969305655,25.849568350107653,26.73393769744566,-11.222666077377998,25.876233278265122,25.34579649861459,25.017460372886333,19.530750223975527,27.48975024993414,23.467857195749836,24.188559765436576,26.0299794372614,23.177028871082193,27.09693776914649,-9.353829903442195,20.280139215824487,24.562209883072363,25.61914760343531,22.32451756594852,11.741709925250767,27.820995049907076,25.949054899916074,-15.449031073705445,20.281511545973537,26.387970070452003,26.045684696193423
22.18660556370914,15.591599623140318,6.168043766346016,22.652555629369772,20.543982758125594,27.170099686156558,15.247472227661143,13.310904678226011,22.602583062259836,25.135468492474807,-6.538192352783652,17.189945238464976,19.111250826223976,22.538997738430247,27.758838727156803,-8.821001887923845,20.361869201752278,25.74641635224004,21.703682823321355,19.52679685861241,-13.07291605298447,20.839939566545954,27.439967945636294,20.7440375329182,-7.02946248133029,24.299667734835765,19.108249543741536,15.109414092588562,-6.065074475108205,23.653538542279136,24.512160556074715,14.641947069318611,-15.944079195613995,22.835903417788916,26.149351950002693,19.142060683932062,17.805738338720346,21.87104685139029,27.11188242710202,23.147946536349963,22.204823975541654,10.428054329354966,23.76600338610256,26.345504420294493,14.090200657869383,-6.462500035543025,19.46758453053051,19.465477586684123,14.824326221935756,27.543321807161306,21.24424135986515,22.673628528328308,-7.635202722614042,21.32956277907206,12.169920638342788,-7.612753061801158,17.033132817576643,27.21068386113247,22.37171632923593,-10.309462246604811,18.739535994915677,16.759846607958416,20.259691528569668,22.11653978748142,8.983821962621025,24.52078571392009,18.94420630485249,25.13091099417325,-3.5691800919233407,22.618905932640683,21.30826858984793,22.84250011949939,21.975830205422756,18.271567424461928,22.463807552544633,25.888784688542167,18.23801498115416,27.34848948973986,24.971378003939396,-11.389997269664311,-4.705481437770275,14.867015008280713,26.183885524112373,17.09884007769723,19.398668035259917,18.875553195268626,18.369348565974864,19.048151054683796,23.19116573484195,17.19138526393363,13.485209477679524,18.80787972176453,21.921709707923043,23.1178681352326,-9.668896935159054,14.730004183436423,20.751735062719153,-13.67125937961257,-2.871312015224451,-8.137889351635403,21.39372643152089,-9.754858315216186,25.94168042317878,10.931699863474165,20.221424432750357,19.14030535002904,26.063390197810538,-14.385260415637607,24.358100800031018,20.911334351525007,21.130348033477027,-10.785798925442517,20.8120942595724,-10.571253773110804,-15.809100860018903,20.64312415761928,16.575318733052107,19.199572810309824,15.81123913314414,17.59488429899354,-14.169950561058007,20.90768210591839,22.452263910860456,23.663163779636147,21.30389541150739,23.288315491448518,-9.476296786747726,20.410289519753235,29.762792931584833,21.351936042042805,22.06537254739093,19.907152487926194,21.011780180048525,9.517770193557386,16.69645003307444,-10.622942643078808,19.91907527059469,18.538937290592354,27.64711457419124,22.362157270767902,20.045994424674628,20.477591436090748,-8.405675191314106,-9.900440125757138,26.12117519075047,21.198697875392444,18.36472664243852,23.969239769399962,25.468375625798572,24.569082048950833,15.788485389184547,20.69578784329266,-12.805925294269482,19.43002258977848,23.419794400449057,21.238846896900316,14.617843614182112,19.72190829713146,23.343520402652413,20.929869169116508,-11.998365780192737,-14.565804941162208,-10.806708697667956,23.202208075927953,24.893387948202825,23.10928698756494,23.841097045147905,-7.579183514277569,23.857999938069618,22.91395499689574,21.662079539125546,16.970620585441154,19.192771878962297,16.890613949240883,25.627015899036724,24.07028958925589,24.672713402273025,-8.410661285026746,23.81204995733009,23.6036993918994,22.004342411176395,17.777989191056808,25.271416015960387,21.866089172649296,22.39392532060109,24.05502682104769,21.037678695980706,25.56221629643114,-7.501386959692619,19.58874056621515,23.260696088431075,23.160435984323538,19.573574913953067,10.489456241326403,25.293174546255226,23.584324643979933,-12.536010872299222,18.940216870563226,24.71300896460953,24.223242429022733
27.55294139885458,19.67808242007787,7.2784761820014126,28.39271021719989,26.030449068128238,34.541820127603714,19.787520772725408,16.994169594541763,28.642318067031816,31.782285742424165,-9.956938262059424,20.92548602184366,25.360893784944814,28.805709242924475,35.12660295878662,-12.31714392572952,25.270465266159473,31.865687082029734,27.60934295971833,25.046377276786973,-18.20464115137626,26.991453554860467,34.75335271398343,25.926755785626344,-10.620369475477059,30.60788574794788,25.31727691918669,18.178379052188497,-8.902854359596581,30.30718433397699,30.30480775738199,19.283655307716643,-21.704181480839484,28.725793887535414,32.351790539651645,25.255020160042204,22.581299312159118,28.104631845846555,34.29765185139596,29.00607181369005,28.06225148017623,13.624304634595841,30.12003319293105,33.25968438999926,18.08504838502372,-9.19318196923597,24.97796845982672,24.220334254344714,19.20100522901908,34.04577693005909,26.717449360279268,28.04587333665152,-10.696472441075256,27.587247648089672,15.270699749159519,-11.791848034909764,22.336571575325035,33.940343659208985,29.057885369827826,-13.756500072336843,23.104230581246416,21.44808348868169,25.064090026208294,28.724765129047565,10.931824681002608,30.37621015044348,23.838768166050507,31.44219911009734,-6.277574746057757,28.888845952033822,26.764046205846093,28.433825392521978,27.238975240299695,23.90418513830007,28.926964286790795,33.02564855934615,23.174593991867557,34.24728903817904,31.626006917033788,-15.503786308904715,-8.038551334658532,18.358905649810414,33.09821679523363,22.213638142731217,24.908864061423742,24.450916309612044,23.779555881594586,24.878640736699754,28.54992527279613,21.58610921804671,16.27316252223677,24.534222588537613,26.86679766154186,29.301596451494603,-13.973125489919182,18.878403736361882,26.954519780901,-18.575033853850385,-5.89563549770889,-12.385518906451132,27.148273230986995,-14.164223204010739,32.67867252269572,14.139871228586932,26.017109154325333,24.67281961111025,32.07658856056084,-19.828463503610855,30.904545625852947,26.942294140553756,27.68153652218601,-14.793089253628175,26.482076991739106,-14.713200807509915,-21.010410671353323,25.513667929214282,20.97067949982805,24.806574746649485,19.902259503371223,22.988844517153456,-19.498247214204824,26.870488218482713,28.471310494729728,30.30899873704592,27.59023112281404,29.090915668662035,-13.524141991237416,24.992650918252764,37.37904384625764,27.394524105540338,28.760423771075246,25.973573891688236,27.2050105573145,12.391334561652041,21.561396507790896,-13.614680894320742,24.9375794005881,23.81922486539828,34.97842223186544,28.217832810137658,25.6730869780761,26.698296777036365,-12.02563203407665,-13.725765269014765,32.36320631484475,27.848825893493984,23.152968472375672,30.38394676968863,32.051306346927156,30.540226944991232,20.50573189870713,26.296521103314237,-17.797843580346285,23.483821758459825,29.615808219260593,26.47653722130263,19.39288684805474,24.397498867939767,29.213405013164728,26.442379151846666,-16.66802141204065,-18.5170826536957,-15.245678671408417,28.374180664590362,30.68507839123514,28.67176871660629,30.197482643931412,-11.602887916734165,30.36065170742072,28.905286477721106,26.414353145415788,21.43460735633491,24.757825937577017,20.782518317708604,32.11831976525597,29.935288379139052,30.984122455355312,-12.466855521105742,29.8106969891135,29.478226581902188,28.327828915226515,22.429434910769693,31.850173233741227,27.229614371509896,28.054057131340098,30.09653700522451,26.814945313066673,31.897755904479173,-10.79004688018734,23.92805350835611,28.69863625557141,29.601032362487047,25.174013550418245,13.6990499640755,31.662964701159932,29.727985967436513,-17.64252542075309,23.629049116750565,30.751186320379507,30.289250025823875
19.49982563779843,13.300148357512347,5.89755491730782,19.46811069062676,17.799744354303236,23.63719406843612,12.689956847557037,11.397565799448593,20.09401706623656,21.632835081581916,-4.693954488600779,14.802963909359127,16.20731403736039,19.883256894326735,24.25671356461654,-7.118698381028038,18.366832707912653,23.04101789379186,19.350383642191332,16.574883734526292,-10.106881350482602,17.740331609824942,24.1428941294729,18.640159023043676,-4.9980931411755165,20.833314205263648,15.924008326793325,13.45122443266376,-3.8004381553307525,20.262847473719297,21.31906515169693,12.790334946632884,-12.978823164789176,20.850224173563625,22.851884535694307,16.462439873312565,15.98548242286907,19.182024826569847,23.50853227158707,21.06113863657886,19.320767889087676,8.852926721291405,21.025216769965443,23.26201645333329,11.909208127266549,-5.226581518030322,16.85275552568691,17.041622665490095,12.960800760554735,24.439120344085623,17.93631939131546,19.34862525810334,-5.930240419522074,18.850763598859857,11.0782786959679,-6.258008569181112,14.299517279758154,24.20141275982584,19.26457393225112,-9.063173666873764,15.561734325815722,14.890191846038592,17.34366204171185,18.742952952297447,7.8425477188665305,21.956138205251527,15.912713946974883,21.40190144900513,-2.892364503955631,19.558192235258776,18.580353245265982,20.68251983283708,20.19752705010228,15.319082326837727,18.824276605900465,22.52648830560725,15.344842962913198,24.414894396437088,21.90642677880565,-9.34774630840319,-3.1960421322042922,13.288547969113095,23.057007408296997,14.461696733931333,17.35266065079642,15.788243522230802,15.62902955476424,16.26686690090751,20.750687093485315,15.904560775602489,12.08421423119729,16.049522985690075,19.851236725186265,20.292594982208502,-7.064148599328973,13.57407325125201,17.175632189955923,-11.445060353154195,-1.5466720980926973,-6.027034469046494,18.06741734334238,-7.385860780422108,22.7258961146517,9.454855889591503,17.590256447104355,17.08734213715254,23.811679311314624,-11.455080701251132,21.25163030554705,18.674317181917694,18.30729526526717,-8.529962997918759,18.84158715655419,-8.452493658199808,-13.087889732521623,18.869057282730466,15.223454695008375,16.38598935760744,12.740983340235687,15.389933097156888,-11.636162660054776,18.00264541780995,19.571752976855986,19.858616134902682,18.168394201823542,20.671679946770407,-6.963042558538642,18.329398056670314,25.961656773055015,18.349771388405703,18.865766491233728,17.360709957509002,18.20788023952581,8.805530280439072,14.019861109494965,-8.642923248437425,16.798160326402627,15.13345322369502,24.01764624495006,19.733381019185032,16.997895408172244,17.773946421885555,-6.3247167516779665,-7.148146241705369,22.665221994280937,17.914797642331937,16.00957300987275,20.329569284536344,22.505010231170992,21.99694869094038,13.76399720101133,18.31792747905905,-10.011247273760693,17.120229424108135,20.182950555714836,19.302410752111495,12.673106157909768,17.26677493960049,21.163019566956986,18.96615866927956,-9.933542482808095,-11.83008419019581,-8.426247091449781,20.929355985718626,22.665590726059392,21.23997452936747,20.04309970615761,-5.391272894102911,20.41719150640469,19.989950770647464,19.915403386365277,15.066708066611096,16.409538623190908,14.222500819009776,21.98375013606631,21.0260381763467,22.013703876792093,-6.031822698990912,20.435705022242512,21.61589418604688,19.335600125362138,15.161859487411332,21.958069727545023,19.401958895522945,20.04806160481242,21.26096522006475,18.153362748232595,22.090908885569313,-5.533165520337216,18.20222842178975,20.26134046091547,19.716199916645348,16.670351147931317,9.046051434327238,22.424009995759533,21.1326526219479,-10.0630151550564,16.761384052996654,21.34085855012103,21.95557406457871
19.624765578915085,13.856532840995618,6.121204062831876,19.83747848030175,18.292953853714092,24.514970794442707,13.391066612538351,12.298102444408183,19.95257379033695,22.486307440590572,-5.4287498570828925,14.980514688957562,17.242054578059975,20.74386013115831,25.36998318259703,-7.391370748608554,18.675340667678174,23.08921216823569,20.250163401863635,17.835771472829656,-11.171741256705936,18.86624528860921,24.804245897818895,18.383387413689217,-5.746071562651603,21.16425424411137,17.311930319923846,13.861316414134956,-4.142473783333074,21.279913082023118,22.335210740002317,13.631889509669223,-14.044943453040604,20.742311509810886,23.372012951528145,17.913018211755222,16.823425418556067,20.008379688812166,24.37340833173806,21.446711191091172,20.110151393256984,9.46873165218184,21.648603992486937,23.542344033339134,12.385131030728997,-5.733156904393839,17.504077289379723,17.780463099332998,13.001247823068903,24.698996356683587,18.178970800306026,19.912486945843312,-6.35946363921995,19.305675672138324,11.921276309738474,-6.996547732847169,15.595979356930666,24.16877525376583,19.964350114114747,-9.082816984517034,16.058633145196534,15.455741765916416,17.807563660684668,19.913366613757358,7.776009682473014,21.736638013099277,16.4894291207332,22.259426781995256,-3.566849057562607,20.534369111582652,19.55164014136908,20.282248691631708,19.863422731330918,16.24996265185269,20.219282926392278,23.83937609582929,15.961909900964312,24.757070347691467,22.510047757931744,-9.588727953528299,-4.398522204908569,13.852379350585407,23.365261724583437,14.912493230426849,17.244464222836804,16.865160105742742,16.549828356778836,17.241959671403464,21.403820281400176,15.886726587529807,12.229066021263089,17.325000060765966,19.46148401456902,20.808098871151895,-7.710018740421692,14.24411012203914,18.77301437149017,-12.007807973128918,-2.165187597328746,-6.859786602209721,18.865386048468174,-8.073230569909981,23.383747803004628,9.921222361333646,17.80786245581516,18.154954539084834,23.653619392987334,-12.257543338485341,21.81507619255137,18.941414709933827,19.419511693439944,-8.925718045592356,18.78515520025094,-9.295197905538851,-13.589670804008263,19.051687965375358,14.623491019006492,16.659795556796524,13.476429424538887,16.316703783595646,-12.479743020311457,19.06257043958099,19.801438946004005,20.87944352627482,19.405224136315848,20.37899323399966,-7.98517868431452,17.840950213004884,26.708976784025413,19.267804356349554,19.80751591266013,18.256182252368575,19.22392885815144,8.9443284434635,15.108473991427728,-9.426253893418206,17.72370510897575,16.295338752511864,24.84405541243697,20.122732809823464,18.042050475938137,18.674762657984946,-7.205006825976985,-7.526959651614299,22.90735161708142,19.259784327593678,16.668033142317668,21.077999711745797,23.211321908006656,22.409524632521713,14.277765322517729,19.384909564681415,-10.753001867612664,17.59370891931909,20.510140521392415,18.665762249857703,13.751621242948874,17.77746127306781,20.890387048922346,19.162158974829495,-10.43723111008699,-12.726926235925003,-9.028030583251313,20.63942096438072,22.582120019972695,20.931090480617268,21.08703076478665,-6.057042340589722,21.469688991374543,20.785948258290034,19.375702908927,15.929602458580911,17.700628268290156,14.661807316825058,23.159638326058424,21.487037154705625,21.757537967739772,-7.1708847190014495,21.432130656551386,21.982726000914592,20.422905216026816,15.719945911003126,22.816114750562086,20.135555287202926,20.81111913765413,21.52648704354663,18.619833683192198,22.69532669679933,-5.923499398677553,17.51549918190013,20.447362371786305,20.752209897633495,17.966469877591553,9.724220435233532,23.595940877788784,21.54712411648184,-10.653140286075402,17.570054891865343,21.515982428924566,21.930001949758285
20.765007530749994,14.455367771098595,6.099918972839461,20.96053573527843,18.677269845287494,25.522802129834535,14.081890822734163,12.960027974476738,21.234523442253263,23.449219393838145,-5.135101191128809,15.86423383235283,17.40743091764889,21.31047877352471,25.96800567886125,-7.74767262931405,19.770863326291323,24.50882608382411,20.823224853813436,18.51756267293331,-11.407887757562957,19.482796738112164,25.918345617781913,19.5803871965549,-5.688647725668963,22.215030853968475,17.568139765394115,14.56305266340818,-4.588349672115556,21.645697068064084,23.25979279626013,14.033281414705746,-14.39275042377326,21.670287091498608,24.575757360239077,17.766357456107574,16.660697127581848,20.403093202956637,25.118254216198487,22.137896811002296,21.023412703726436,9.533354292084782,22.482718439281847,24.77355601336673,13.014405123953336,-5.692470198318242,18.42114798049484,18.530395251876765,13.456354071191958,25.943560890267893,19.288291573002216,20.910768297725568,-6.522498098297606,19.80059893491354,11.998260305225122,-6.666285526175922,15.889113645111491,25.684188358502382,20.568248078260087,-9.626535479397653,16.940981014891165,15.720544619964999,18.68335938423319,19.93076244041288,8.681584105498878,23.258073614692236,17.10101684745828,23.119469602622523,-2.705263920515944,20.70837260509502,20.309021642644932,21.661922329294327,20.86222189024344,17.02238028691109,20.67848267035939,24.383660285381193,16.307483436796346,26.027050574324722,23.74953689437471,-10.181484238016122,-3.734467113393138,14.403301457007162,24.48566048242079,15.330805944354971,18.19270387366239,17.513776100225332,16.861612334046388,17.787558361802166,22.449366291324196,16.646212724541755,13.092991087614482,17.635341325666293,20.71896772030691,21.58875619041662,-7.7415306160401895,14.23452441793748,19.179309927652962,-12.329591589701431,-1.5974667025252964,-6.613985636520914,20.03065839108628,-8.355783803859365,24.490352103517875,9.994639637047438,18.60919564887276,18.181188183563386,25.043014905760398,-12.696872668357408,22.477855578538964,19.711853252602943,19.565126087254182,-9.24755208847227,19.850643524069728,-9.441999637633911,-14.207122712819812,20.057378550459056,15.418349798075889,17.435041006641953,14.472202124195888,16.247679689854962,-12.699567602826827,19.240341033556053,20.836276668115154,21.472007287101007,19.820513969562512,21.825055278779846,-8.089622740917852,19.107763685324116,27.922972455928612,19.509538110869286,20.44839450748684,18.705595406507488,19.739363784218288,9.013687841344495,15.392804188364563,-10.104575875954284,18.608809088657857,16.934275180320515,25.882410767124156,21.054119698394658,18.63416249169559,19.090633021458455,-7.081526816614368,-8.279145178017435,24.128104784503083,19.4704448546104,17.306398231210864,22.012000097316356,24.4422146556622,23.41378943834652,13.9736078116288,19.35601516414532,-11.127421664270813,18.31525790734395,21.76439279513902,19.864230404965724,13.863644711238969,18.364572801406286,22.1942822791402,20.02856670014519,-10.71147418664132,-13.484519965908627,-9.446400904224493,22.228799935120858,23.916803145641516,22.1996642677061,22.072042801933616,-5.931315655746455,22.10992126023366,21.66211503980313,20.830448559622955,16.462309064897187,17.775514825507013,15.593680766730394,23.91841713297662,22.370000056747017,23.107373103632824,-7.145347073128388,21.96245975632678,22.902999463467474,20.936919027250983,16.573985160334455,23.75078768501508,20.823343462505218,21.501158880071962,22.720261419638856,19.391083700286174,23.482882826877006,-6.139651029503191,18.859071091561912,21.733689669752234,21.45663067377892,18.427947119574686,10.059475507795712,24.12022160902345,22.443752089141537,-10.929381148410073,17.9987243658702,22.918372041493726,23.231692095383515
24.125144919218883,17.19637508381858,6.809491028253353,24.599544612273284,22.438701329112025,30.068968956939365,16.81619498928459,14.882576951323038,24.65055480150915,27.594332714236906,-7.812119499801161,18.505699148156395,21.57476415272127,24.97231689994768,30.669971217039855,-10.051063034176087,22.310601974794228,28.02091173036089,24.225440965156157,21.84899897022609,-14.916693549900607,23.243960053643693,30.260030930312258,22.56988266115026,-8.238531129400474,26.397809870714454,21.601778890593113,16.346430936442168,-6.903787461180786,26.316181540825955,26.79103088138746,16.682872891326852,-18.220178347823115,25.032475299285494,28.512631610088636,21.77369805569356,19.915759939367813,24.484627593336736,29.848887903747816,25.62843457399342,24.677467608954224,11.823540534593702,26.399396462337513,28.92405047315883,15.683407447389776,-7.646215268468211,21.630160191502956,21.405415851601475,16.106739768804175,30.024792209897523,22.883676542097852,24.557832055657343,-8.808074863563352,23.620891616689324,13.762666276908327,-9.345497252458141,19.192642380847968,29.578457517521123,24.72048240352975,-11.621335456794577,20.058817955316723,18.764636487269136,21.94667827082621,24.7029186457196,9.647040270051168,26.59038104346798,20.696140771212438,27.478995493540275,-4.809971622142702,25.101738913878215,23.518632659405245,24.814645746911758,23.904071554481845,20.498863369745028,25.007871766279475,28.753140948463894,19.91954480040335,30.00910427299202,27.471570948431992,-12.764996874375816,-6.169547447743058,16.502304293686752,28.664771607466726,18.671770328259058,21.320955672004267,21.014845385511926,20.5485786085266,21.43932468711049,25.483167200808403,19.106477667369145,14.493626423396188,21.220721516550874,23.568990558828503,25.419226105546628,-11.025761244317245,16.653054210849156,23.202816494580468,-15.40178119224504,-3.937124118436633,-9.74834012487745,23.44846868389704,-11.287641233249657,28.606555630504232,12.192698677956471,22.05649723795766,21.53523192163056,28.397787913845235,-16.25389606350364,26.69549578029552,23.197783974993026,23.666594386555264,-11.990621196118482,22.866849970228504,-12.121941848819437,-17.516231415660577,22.792416895056025,17.97752656218009,21.071632355790328,17.046300498993844,19.878897421158996,-16.061876576653617,23.434155463787,24.59243802371462,26.059371367921752,23.77283710510773,25.28122167512525,-10.925399688088524,21.92697478577063,32.60255314292915,23.786192884108523,24.641046077712662,22.36903431195789,23.643127680808533,10.762342097793761,18.744617484515317,-11.969447878602075,21.78027931999364,20.37608361792654,30.43878037250774,24.614401935658922,22.310029365973026,22.79589962455003,-9.605812144675781,-11.059152531510511,28.279662845869378,23.819505651923738,20.37299770994115,26.183502948857612,28.093713302782145,26.902884976925076,17.515766790559365,23.18820116344049,-14.539545564837162,21.04056947105677,25.55465578265392,22.903032756376007,16.6892856076142,21.611674899483834,25.442014238010007,23.166107293990883,-13.70773930196535,-16.126391856368272,-12.335809956539748,25.08778436841671,27.116621064825466,25.199698848686104,26.104943389354624,-9.011029929856601,26.420411135316225,25.20885061191308,23.414987078088675,18.96820785525425,21.504813650981287,18.265568025208136,28.2356286925292,26.22367438608767,26.810995357365233,-9.905712767421573,26.07354991900183,26.08458598879685,24.579893046532554,19.537570416319195,27.800187006126396,24.086539386687296,24.870102124257812,26.27015014500018,23.10043526496263,27.941907022740466,-8.522662464043709,21.144047207458904,25.22469286760665,25.684828138904344,21.96788516830027,11.978039104763953,27.92395402915041,25.913063576774054,-14.252994196188412,20.960693396678224,26.687970115781212,26.527945332241668
19.042882060338975,13.33676518853458,5.691265541182536,19.17273935094459,17.40859057233026,23.747301868074356,12.764787133989456,11.652747685426341,19.309334012006882,21.67297732431983,-4.748550893292342,15.30595974794412,16.092848013994708,19.722448122291695,24.36581196776673,-7.297194657123581,17.986606818400677,22.43605990677068,19.402003055910757,17.094226953888995,-10.34441711982032,17.97631719560486,23.887148697407145,17.715265973086375,-5.044968658328598,20.862229078332835,16.317318594644473,13.728955500286315,-4.045763338472818,20.668290758775953,21.78562558269036,12.996682909325733,-12.981344699496866,19.552478441701833,23.17753321236065,16.599017425150784,16.10221304775352,19.303550629335543,23.437782974664387,20.833064811441695,19.85051920552973,8.982704358585694,21.004501931532634,22.76523523068874,11.85888154936433,-5.355981068949381,16.74378573853659,17.032326885448096,11.946478255471106,24.04969310443669,17.860042087950664,19.723630404265723,-6.124106162112774,17.97106760601588,11.21910274999077,-5.71007629300412,14.821535214075917,23.499331328534634,18.918408439829946,-8.474623224396808,16.07784334106255,14.676726884357087,17.759233782336562,19.12740500539285,7.955294312454101,21.210324493140803,16.435028545992274,22.15764138802614,-2.2837255745407896,19.812212093149085,18.774503900953757,19.665918574261354,19.016674988506164,15.607273585444666,19.300660260639056,22.660476614173778,15.736580554796799,24.103056255408305,21.75464356833336,-8.86433726589787,-3.3139735058705204,13.169202922081732,22.348793881994002,14.005200742007961,16.3043966924877,15.97130015990109,15.821073257811745,16.391890765324703,20.912356304006558,15.0773995716772,11.798289721307155,16.220407439554183,18.772704338059675,19.900894151649535,-7.001131282196307,13.29431640120067,17.925967170082345,-10.725221723126657,-1.2624193796145904,-6.105595976708651,18.494073408522848,-7.250639492927707,22.56261867194588,9.14269729206219,16.910149917032786,16.79861040710951,23.067168126855975,-11.32750277822979,20.927817714247993,17.84980779621692,17.99686709507679,-8.17658112857942,17.808013604331975,-8.83894735037754,-12.644763152207267,18.67921223951667,13.811894534197254,15.7954720764235,13.61926430757309,15.23057872735492,-11.204446361031001,18.342105960639415,19.195217342610466,20.44376167153975,18.51114576169897,20.037399512550305,-7.263863935049526,17.90061296291489,26.029142534565835,18.598917329326433,18.887985885820683,17.073467295083315,18.598348195203947,8.044233787550432,14.325279476902153,-9.448091013915734,17.243763910813453,15.593499096773712,23.99880088318531,19.188475885767993,17.3626705958072,17.558705470340517,-6.195006170163484,-7.476628791145032,22.714497802808328,18.247496280347203,16.022083284080846,20.79402626454691,22.578731095421997,21.412004100708412,13.377458657771163,18.703851508726498,-10.015305609279329,17.57977725476451,19.896445470820993,17.885903143701395,12.704952826477268,17.74271144956507,20.127033675571678,18.19608529668414,-9.5828464954315,-12.487566630895712,-8.216995686874906,20.344065259831016,21.902368605219507,19.996564060886428,20.650147025863408,-5.4181321631699335,21.003685494033117,20.25507470868493,18.884325017420995,15.351440753354076,16.622167713334523,14.689519619858368,22.800726588143295,20.996771853006962,20.947730752811083,-6.288480329469791,20.96045158731213,21.147958514693766,19.014166493264447,15.533306362314852,22.296926802702902,19.721274650862366,20.333945232536003,20.760195054084708,17.6342134612073,22.491177243631096,-5.524109461103114,17.00594187273332,20.524089621569956,20.132232446644878,17.305538915317154,9.260203929479351,22.524178251497617,20.298747857041533,-9.70793856668707,17.254225484825486,21.34216534925882,20.933770252100338
20.9300318597248,14.835451081717757,6.316014315955594,21.223503928167613,19.221527167950043,25.95757816087533,14.183104793597431,12.865624734876423,21.32426706071518,23.688867604894025,-5.8218930440184025,16.041082999809166,18.041894582361763,21.71384855560639,26.682812423220692,-8.076666674803342,19.69778395021569,24.37981897642498,21.10784328634016,18.586564286410855,-11.87482423165509,19.725483443108747,26.242802506109438,19.687677037078426,-6.256059509956181,22.653769127286434,18.093709492182125,14.460024756162198,-4.88459625395103,22.495042391480318,23.461282100349617,14.169382813165184,-14.932863622818472,22.006083295167656,24.79553489530693,18.447188652711777,17.554918343538603,21.013575516174118,25.809431908869897,22.569293854142447,21.234109587119192,9.912597235567043,22.945549851439015,25.107465731895335,13.246736082404137,-6.161365581154466,18.341427421585028,18.57685565541067,13.704351370943899,26.27039620067905,19.53763828947419,21.269461523898418,-7.084644178608786,20.25335576753804,12.165202405118338,-7.243572575969345,16.220830014839315,25.703530311895978,21.044100483563884,-9.65267988520234,17.121135193794352,16.346594433614918,18.869019912234112,20.94521625257119,8.264917587277463,23.156124414610083,17.65416365527192,23.654369743671104,-3.5030615357917463,21.74295609061071,20.430763033835337,21.672170631588113,21.03946471950722,17.321705320137372,21.193936512647365,24.90449131828211,16.91459986009932,26.264127275925134,23.668127438572487,-10.359606888017407,-4.356039917698093,14.379557267717981,24.723044195140602,15.763765736348114,18.253664384722974,17.586643161657946,17.36308448429089,18.077062561012504,22.52759918135996,16.966180380268316,12.7008621413555,18.002402533481114,20.763661906741945,21.845194364254773,-8.410651981334615,14.650336739372097,19.620267023532495,-12.703187143903927,-2.2990785085260055,-7.277521284310067,19.90858175604067,-8.715877387981688,24.72306310025726,10.43980229755433,18.81129788646751,18.754115766272086,25.089225818599434,-13.072535886956194,23.0916867169097,20.018946220941153,20.216071857871736,-9.656945265295274,19.83550349235866,-9.836192925897205,-14.452713799694488,20.142143686362942,15.657569165954056,17.80899595557499,14.319521004451579,17.18928401239847,-13.145319043862463,20.090495462934076,20.964477100743984,22.192867724904385,20.208133508442945,21.849756211579106,-8.560476732170066,19.201144289621016,28.306481700216878,20.287527300556313,20.960162954928034,19.201805419718717,20.369768882490366,9.344960728988756,15.846991114375228,-10.084154740181072,18.74064852782913,17.13240601309756,26.21825922061729,21.22570890375594,18.887116371541673,19.527610255161488,-7.653226964147166,-8.460143954948277,24.49893897292093,20.089619869665782,17.512776201813786,22.399968493208856,24.45197780129651,23.48276765710837,15.050243384532402,20.238327691453915,-11.65078452945774,18.594575160042968,21.83161554120521,19.963313339203577,14.236724251445857,18.91600154740762,22.189134783137266,20.170101948738342,-11.143510058876325,-13.528166663351406,-9.730031783483735,22.00135542444038,23.94604358875243,22.198856156732653,22.417719403040426,-6.685854533678016,22.721842206914108,21.78643950659938,20.666166231940448,16.64322200408557,18.36275639991614,15.564949931824676,24.479650114621197,22.70479301980113,23.24028468634678,-7.5978499584730415,22.54244065969505,23.07442266028529,21.257802843201127,16.59662869778931,24.091659527627378,21.045380288022177,21.829916560246556,22.949664387585415,19.619959067287134,24.135278594480194,-6.6577412138618275,18.68601686906181,21.92573814555541,22.034704644770432,18.968563170850558,10.109655287766314,24.506241335018444,22.5668168110787,-11.425501327489343,18.39546206445365,22.98815844104195,23.2064400208913
19.989983228863284,14.298233973982585,6.504694435113423,20.329255857800792,18.88346038004043,25.514047634326285,13.91786450933863,13.11953530053147,20.356928175837453,23.356796792717887,-5.944883475214038,15.642333466736249,18.077031600545137,21.59369578636129,26.528692943134114,-7.898746273629999,19.161639479220515,23.58020909101147,21.25596428722788,18.729965509522486,-11.737865634268239,19.764412094263747,25.59424741734295,18.748232915060285,-6.098683962434301,21.919922685161595,18.181191407296712,14.46807831857199,-4.306683269718685,22.4487077882314,23.302453270256752,14.489365347819433,-14.725673647008755,21.030685616283918,24.288338473047354,18.95084338790404,17.80930840016916,21.12178620737097,25.524347703720792,22.459500864777603,21.298373880274262,10.17624792471395,22.672517025052564,24.175706763762744,12.777839168732642,-6.2825260917166545,18.118780955780718,18.618879680659862,13.176139372049276,25.531346395344748,18.702861699049123,20.727710326347268,-6.825047160323299,19.79503546517438,12.713074128962855,-7.345512090242469,16.33489604385559,24.613127141426094,20.556135783951905,-9.22949017665601,16.683831959841996,16.30547514344483,18.402136017308216,21.0039535765134,7.914121195118457,22.002046542082816,17.37407011050629,23.490184547299414,-3.9274731095650863,21.692923006730176,20.544893650315164,20.50178481179034,20.332621646861117,17.06380567675517,21.175460418028354,24.96185318959779,16.573124690885223,25.60328980194919,23.24522645126523,-9.698146052291174,-4.863831300414019,14.456783838900128,23.78535999204811,15.313250866583864,17.599039193458225,17.669690525421025,17.453229260691245,18.139720431212556,22.22609133609906,16.471329807346642,12.733991873057345,18.178791625919732,19.666592003177755,21.324080477089502,-8.06712605436476,14.969575401093474,19.84827503752511,-12.31772005300375,-2.2892297371328696,-7.351273227435521,19.711731013308288,-8.529148270073211,24.27579531346999,10.529170450584202,18.178282392881282,19.023333306643508,24.260193291330378,-12.81361292766238,22.65578274784421,19.58110406651559,20.176617912645735,-9.262175384899654,19.137522029653628,-9.854933129628694,-13.935847359166075,20.01360097336563,14.747059604082196,17.041321702493146,14.009435395287563,17.432923397016843,-12.939643061060297,20.2768022882543,20.257700719694363,21.857265692370383,20.334693704199704,20.788700241272306,-8.424463139142755,18.368450215817813,27.73100738635001,20.364498571152744,20.617618114806564,18.98393784853349,20.21402724391644,9.487812887545662,15.88689404337228,-10.009528128112185,18.49803792220218,17.078061179324244,25.765415652451757,20.608754536265014,19.076224908792078,19.33759102809286,-7.539427792219424,-7.862731089615807,23.71477434825637,20.26593081985892,17.41130673175899,21.953666401273566,24.10971212754494,22.854950253833586,14.91278000499764,20.49392453946186,-11.297160970965553,18.45147257085214,21.019291743352333,18.759390285695616,14.48757501389849,18.734121993471753,21.189404860769706,19.82264010187053,-10.82365024416075,-13.474790054419799,-9.335323693181111,20.970736270537227,23.044868861127174,21.165985853288625,22.113082519589728,-6.524720017945987,22.616021008128275,21.606175100711845,19.638526855327196,16.870553162540823,18.678117275121853,15.121408027641955,24.428883829926036,22.217700129489522,22.144732739926102,-7.6417694175402255,22.494884782076863,22.875734781750023,21.253737615124912,16.36719754223703,23.8478243549425,20.940705971242725,21.897765139259175,22.02733574466848,18.98058322406801,23.741740944611365,-6.312436560728589,17.82432669800608,21.37699545644894,21.721502684173082,18.962550500093062,10.233356588091985,24.536392347000398,21.96287296973046,-11.0243538081158,18.483991202537123,22.07317823300773,22.332962986884752
21.12220563854341,15.427343726266344,5.691232456200028,22.876955703651657,20.99916050942726,27.712447005021758,16.857446527524168,14.405206256305256,23.132820323798434,26.08837602420692,-8.425071741729573,16.769896985703713,21.048075786991674,24.009814952631967,28.531382905099413,-10.35782068427513,19.745204995706157,24.496197365260507,22.44839867772229,20.223046307113478,-15.666488179352957,22.28547778700985,27.618262949694877,20.22605148237421,-9.639459957809317,25.0590753951707,21.163080002554068,14.737960291838935,-7.486134059073938,24.249370883056788,24.20382397806897,15.881702659608786,-18.264483864691897,22.354048831217682,25.397293578896093,20.63761135907374,18.656906109150405,22.370640303907933,28.047250883358593,23.105584004733323,22.229429948368345,10.868587769159939,24.266095363876907,26.141569714779752,14.349422959773916,-7.810099328619732,19.3560724549032,19.758569148571834,16.176737651351605,26.570430171581155,21.834895185989698,22.478410045058993,-8.864465858329341,22.66583963946124,12.138999316324883,-9.888808116481107,18.76331015868444,26.389765141010933,23.8069782255544,-11.302701452438567,18.574964839172118,17.685856977508838,19.41976771943383,23.334439580176948,8.355146047777891,23.058691143712345,19.306167186915506,25.455148626794376,-5.326596990264551,24.04276714697693,22.032571167029218,21.62260823631621,21.24302412387534,20.04551120424552,23.71181310814866,27.25571818546621,18.97839702149513,27.262868171652137,25.38191454507005,-12.717357655623717,-6.822993765863174,13.679002532895101,25.922344832523063,18.959796742788555,20.230312828537368,19.8561461906079,19.269616733233796,20.490159933066955,22.177972402362247,17.04666184198635,13.345307860549752,19.966099398856084,20.879552111835824,23.118731339959034,-12.237242308572183,15.040011478256652,22.467407926577803,-15.983688398635383,-5.4259018171702,-10.203185883856012,22.305460901299256,-12.461083652474892,25.523743411576763,12.16680253536479,21.599465608429732,20.12290548523821,24.744859383132486,-16.944663890954352,25.699012761149657,21.94615732283331,23.052211045979384,-12.829115810441937,20.83729635942089,-12.519042508018396,-17.79908371873382,19.78087897096577,16.78307034352345,20.08729189105716,16.505684806821403,19.249647069081885,-16.897107192430866,21.647098896263756,21.913576722475067,24.70988062518987,22.328800127665897,22.540313062158408,-11.763992458457416,19.676145877951715,30.08915378900392,21.814192370761763,23.46309518513432,21.27583157669487,22.1828612204182,10.169002827069923,17.18841403708483,-10.879804958110054,20.520374520696198,19.9627607961884,28.06820960948632,21.701569580304668,20.755967336539257,22.407579753255042,-10.855751038105044,-11.31994055556434,25.6845655211566,22.92434803408969,18.16124764336803,24.845584687755075,25.514817555633254,23.508299824649722,17.066123499173294,21.088770340932907,-15.56387432156009,19.160300970350317,23.152317361991507,20.70773448329797,16.39767090839484,19.37538815108869,22.58157778173809,20.326386676400602,-14.35566268615288,-15.196221495030073,-12.957039306004932,21.44352582088813,23.49810169130375,21.821827108951176,25.12078121451466,-10.42163236591863,24.84377021748216,23.29496407427943,19.677252386412167,17.489582187941114,20.31188097943275,15.629542095423394,25.979844224572705,23.564274701416068,24.51597823744339,-11.118653994998647,24.139079006047275,23.377899994031925,23.305493331615256,17.501373298098226,25.582011682923135,21.33242426237619,22.36306998257407,23.631776502235425,20.966651112212833,25.247449399338663,-9.306468830639927,18.062002392086658,22.754285934522013,23.783525425972854,20.897188528836292,10.634529047927268,25.464398887646603,23.51271613629537,-15.318001190893908,18.8645438010123,24.221182342024285,23.330225602625696
26.646179260739913,19.34003936870889,6.902072655144004,28.12701312996253,25.585444772021894,33.6294606712478,20.239483971510754,17.047177536709672,28.229577702539242,31.386861843651452,-10.410945128250486,20.423496810597705,25.404018668513377,28.386921413084004,34.22649829913701,-12.532166967829081,24.295924778628713,30.5750634279534,26.783936380132815,24.513100724239173,-18.813323462826304,26.832412924100435,33.8127071799396,25.175901603153207,-11.458769090506289,30.300711332807253,25.37033047609557,17.53744736731512,-9.543922907622234,29.49127152780719,29.33718486700039,18.98551057400221,-22.029327089070495,27.778827171689866,31.068920727002936,24.81691353412553,21.863655528894572,27.177087848600376,33.754652172819156,27.78945464008323,27.150134744598418,13.480426000997278,29.26401802401746,32.36505758957386,17.967335457864646,-9.345100625524198,24.229788973486478,23.658330081706993,19.501885538817852,32.806606842537576,26.66833635553012,27.434824159057964,-10.852491675150238,27.352472970442548,14.457039127364052,-12.171576917377152,22.34201992403213,32.81436296111735,28.803710689257777,-13.825675267348082,22.82810529067626,21.0890817430334,24.07453966845717,28.16391664747838,10.663947378139733,29.111594095098805,23.493376370339156,30.720745244824595,-6.603586691740529,28.502848927404305,26.343758744141265,27.295956012209814,26.220518893022817,24.13263112305544,28.693781650743457,32.4518797215772,22.855382606292153,33.12794397539802,30.91355297648983,-15.769581246020332,-8.437233941865758,17.27882045695931,32.254716597290034,22.66484564815482,24.678137063739133,24.356128499052435,23.375245396207315,24.722056682770404,27.16397997176112,20.897491120822583,15.988119299611684,24.1513695140328,25.933857852902925,28.488194613007437,-14.815139904155195,18.167483248427313,26.880385876412653,-19.153837430664314,-6.671950858437442,-12.803501450251492,27.02117426731135,-15.015310141429106,31.62526483133157,14.28697611584046,26.02551092384471,24.02652927984473,30.5803493448697,-20.52274604174005,30.676901224017048,26.45211128128284,27.47034096248891,-15.457288055820944,25.69618002752548,-14.955957375794105,-21.540744262162608,24.20354141863074,20.63709673987057,24.79180984846987,19.954677608208442,22.75599687093859,-20.185035247784377,26.169927248981946,27.56283269531606,29.875485979367195,27.056584260368307,28.233664399707788,-14.118932594531804,24.214998710207624,36.495462123851944,26.712226451812075,28.56192614320722,25.813246669472147,26.71804903645896,12.284662521139762,21.222175436311634,-13.289691411162822,24.886845190833597,24.0586716137405,34.181016268392696,27.25327085197253,25.24200002414276,26.570874024395465,-12.804770337334329,-14.196928481207808,31.516702924892712,27.565193697849185,22.36718836020844,30.000330196522874,31.00026267612346,29.26276623824841,20.308466154837472,25.251827204695438,-18.587273739715897,22.824296022185724,28.983064091896583,25.791548421189475,19.37997740488586,23.295087731620036,28.19564301281943,25.35633071973233,-17.19204609935163,-18.410630106557313,-15.91656378270008,27.035172321037688,29.26632954185318,27.375339345356426,30.029932970329995,-12.433635246386563,29.870280983783058,28.150685502783464,25.04634154483349,20.747959924319556,24.424105994377424,20.000328564176062,31.2587910786121,29.034795496951084,30.337656345443293,-13.23746093302845,29.150336048518966,28.212484203870343,27.954550337944823,21.764456403855384,30.895953741884277,25.908500346678164,26.868043867854695,29.294226037303602,26.226955350977473,30.868564988964486,-11.301628576272753,22.76901358858277,27.848131507074847,29.05888250549222,24.90167695579244,13.184127001157814,30.59776715197457,28.81805070520866,-18.34206276508063,22.506124054651533,29.992204745816927,29.138123071618743
24.848652044296923,17.974300627866096,6.5031882259873734,26.11431371205915,23.909192215129334,31.50070146763238,18.469469575912925,15.619805636090556,26.167476661491555,29.301820185307555,-9.37862336475508,19.46777201367696,23.428769794385133,26.4606912528934,32.09121465840699,-11.374715442328274,22.639371766398433,28.670094233583182,25.075513105328827,22.911669530974624,-17.141409396439172,24.898574263505857,31.52878366448682,23.409112743397536,-10.119688471251074,28.350998934669978,23.509288008618878,16.673438927920486,-8.584466222120703,27.690792964348496,27.670144138045107,17.57441283055455,-20.115568195100366,25.72873894441457,29.45248050542433,23.09498471396453,20.630360092911417,25.507290728730823,31.52277973350316,26.179088199481168,25.47291468129645,12.421594024760589,27.44854670882687,30.12230424016086,16.543034933457545,-8.503123981767905,22.510463988086634,22.24437840980951,17.76631509314475,30.816512921802587,24.738707473792385,25.84668605686469,-9.94134284697022,25.303114286784364,13.668504172167351,-10.711933212855698,20.702639819034946,30.64229355273948,26.682771786351633,-12.523361150325373,21.443347185353982,19.62393177803394,22.90116674000244,26.402480951729007,9.868536922976501,27.227387293532217,22.085158948976872,28.971997040354292,-5.701512310061728,26.671649779191135,24.576292116412368,25.457192236130105,24.442418300963514,22.14839431492733,26.72996963878779,30.278607510300464,21.590847725122178,31.044166486184913,28.79658253812474,-14.252216986560542,-7.407413401597794,16.301905630477375,29.958765333719665,20.81841353663167,22.76083748288381,22.484348621158713,21.80689616432325,22.957487334193186,25.627059418913607,19.351880704539415,14.876133420492337,22.42561142506489,24.27440804902756,26.66360602989688,-13.314508039049153,16.905998150855485,24.977189945952897,-17.265464186914432,-5.690576792184107,-11.443321181191527,25.050258299992173,-13.378736373309357,29.533555165658154,13.286852014327229,24.030918151010848,22.38828426041629,28.75203895997293,-18.569695765595345,28.573485542500276,24.523962892836717,25.474012144280376,-13.941707163140574,23.80849516073038,-13.646827271871276,-19.60752183951167,22.79045841952261,19.041197196948506,22.83968157511762,18.567132256350398,21.060650858737237,-18.22150924740072,24.55582099097464,25.713770738054386,27.996770131319956,25.247171987669976,26.328332723061287,-12.801693574885713,22.743920635008802,34.13929678507608,25.010451451511177,26.362727457089925,23.698960233040243,24.868997835671983,11.176931524527529,19.746367909960416,-12.541834625516763,23.0722986193337,22.170891516087462,31.944774916177746,25.333244380973273,23.57203603135705,24.625296800448332,-11.443075328580152,-12.920217450052125,29.62878219462452,25.62160790657168,20.914469110146275,28.05881936579746,28.98287755730002,27.428642218322928,18.947727335978712,23.91266232323165,-16.857925492475545,21.82321096023103,26.891799382712097,23.942447280847922,17.854796460653198,22.292701138324862,26.217112150540714,23.528808294290656,-15.529654297590469,-17.260569433882253,-14.267927024900423,25.41232403489836,27.407589334314643,25.513910781371326,27.95833458491731,-11.172772858734989,27.99793034302545,26.408371125552765,23.416966873490253,19.424109891701324,22.72124238853481,18.872387082930178,29.461750260749252,27.31533766769961,28.135829809724612,-11.867473193509891,27.41510906555506,26.466098304984637,25.83702058516174,20.479912922706045,29.024897574561976,24.635028917558834,25.365908046860064,27.188699963342113,24.335470597984116,29.17852065479646,-10.229171727517972,21.275322288928322,26.224021164769184,27.11601604020858,23.223407488328956,12.286405862303129,28.790493954628694,26.866941395259396,-16.52561875043732,21.48182131255588,28.081849401833956,27.08055419973321
18.50685383501412,12.9836520396634,5.859497684169248,18.48932463632237,16.94423811503048,23.186159542236474,12.069455989910175,11.325750061514468,18.550943033090338,21.028737890422814,-4.356137064220255,14.627122641847022,15.588741053447661,19.27752574417665,23.982970395580637,-6.636373787504157,17.616026188573887,21.890546392792533,19.130312303059544,16.652275161695787,-9.658471558318997,17.343778832634598,23.309775947705894,17.283272944427,-4.569681855583188,19.982899827857697,15.705782137796444,13.557591423329226,-3.4741504471127405,20.17301009904107,21.30118668763065,12.637129204701615,-12.46066443212421,19.315282472551782,22.63667150133212,16.35392526561059,16.09125801702112,18.96493389320554,22.962208103001608,20.655593564343487,19.33190170703682,8.809257418067789,20.655628004509037,22.121416761058377,11.437044539780375,-5.144720204427574,16.17962626126982,16.88654539157601,11.419435883106404,23.693462312026462,16.952719142951583,19.096426870939116,-5.718117798529977,17.50235032962785,11.290861167194917,-5.41210212343805,14.253011541898433,22.810363194084463,18.17791818108246,-8.05939911405157,15.277432992292596,14.554169260393808,17.153159132664097,18.632302462147013,7.565374987472561,20.648033223809545,15.797077938450185,21.450616582487875,-2.3402690482986324,19.43455979160627,18.35159354135146,19.16777558318607,18.778927335460153,14.902062865633345,18.737901316835064,22.21298092816138,15.09469536662857,23.572610136624597,21.041327751482417,-8.326988451421565,-3.029365857270137,13.20063358562228,21.691472586160994,13.250959405694505,15.733149237610364,15.358560820312581,15.396258995703077,15.880952053669684,20.627290117517003,15.04917859759256,11.486685952834252,15.821274066135679,18.436893325707015,19.432404747109757,-6.344766578143363,13.266041230540953,17.284733099127166,-10.250310659302631,-0.8728514295551758,-5.483683823370238,17.57308572131997,-6.566783986835787,22.068064396112586,9.090569511823261,16.102524339144104,16.730110247175887,22.7581677657155,-10.5222357420071,20.347700405319916,17.4568154179174,17.54682670241117,-7.582280630371956,17.371768864004647,-8.18992304643563,-11.872746536556694,18.523772801278675,13.440637379298378,15.064884479386977,12.586234029144133,15.133547218088395,-10.578693554143237,18.029206484013805,18.50111101210464,19.657949233864255,17.95793823814489,19.31290638593583,-6.722651098988046,17.30164792311029,25.30193352084439,18.186691631265727,18.180325501124116,16.580408618750205,18.09197012333235,8.095371394497533,14.062929307639184,-9.10393069272138,16.500455977521273,14.790620515960114,23.323933586144335,18.769446258044418,16.859669778661075,16.946464012115538,-5.824542406692762,-6.670900796929171,21.997186062607007,17.62575696484647,15.77639669246626,19.8515533191381,22.00572426724811,21.102078189822823,13.22534897822181,18.6387489957723,-9.322420026116493,17.176880201886082,19.056155256646203,17.406738574199025,12.424748280694573,17.527004634681756,19.623010405168984,17.97281429665836,-8.957081258336377,-12.028535529638166,-7.509134815693621,19.829236629058578,21.598933879185775,19.777845317370712,19.813676432830547,-4.88883494826153,20.344369233838133,19.613441478642088,18.5885333458657,15.225710018423717,16.370205313196227,14.050566844115735,22.270867074268935,20.455410860572712,20.25933804538708,-5.784189614972972,20.414018859309653,20.97095004392161,18.697579049347237,14.992725538248328,21.75480001690612,19.437123175380943,20.134426114048864,20.218116662555417,17.078681890459837,21.934480449422594,-5.087748790488193,16.76520560293069,19.920568980537304,19.474322651903442,16.8951278750347,9.049866569549003,22.29573456775566,20.013905433246236,-9.006948898313755,17.026814032037088,20.40363781760306,20.596784295244838
25.636931139842623,18.42244005776935,6.687023408364782,26.937821690344375,24.610816290829252,31.827535177081266,19.145530583677317,15.958405318145777,27.13767350470809,29.747758403008948,-9.796294761014957,19.101681570787836,24.11653164155975,27.07997324357583,32.27943346690845,-11.61189515760859,23.341030900278863,29.560758833472693,25.343000853314006,23.090687349471157,-17.633228117072512,25.349500765439732,32.217902560368046,24.501535443526176,-10.594138225679906,28.604611792032003,23.864273800583383,16.518808043958057,-8.694347174528883,27.626815589050633,27.78402296267117,17.705381336489328,-20.794515482087288,27.047578092007846,29.362753769699545,23.55862368579665,20.46692118604745,25.661489161498288,32.00465182703712,26.316464637942065,25.318086432016937,12.627009596825738,27.654462406488726,30.970042956682963,17.15973202189076,-8.615643002601113,23.192773231021892,22.594443494985256,19.044470048935047,31.377494505597046,25.21066586861402,25.863375155001886,-10.177574832601788,26.445165209275178,13.833189354679188,-11.661663956332614,20.946681377442474,31.601055489678668,27.549441807116484,-13.355489854497963,21.3900105878587,19.940626296615722,22.80434058225009,26.38280896300164,9.903244685316546,28.10221174482578,21.9576484788159,28.576035422367433,-6.527502762175796,26.681308985618642,24.843679987457786,26.446178706953052,25.555072723914282,22.73055155880863,26.98976919708319,30.708001557825266,21.445329889430905,31.568050715167626,29.441937211624204,-15.054875497397752,-7.9893589099773585,16.775944986265035,31.10641517863999,21.69429553738791,23.990237981067228,23.168011001710717,22.218717594756097,23.35968193523849,25.82842887522437,20.217347288656544,15.366782224419426,23.03016011165852,25.272948463370014,27.254543146051923,-13.921108939923931,17.343930894506673,25.108301064440134,-18.420937330415367,-6.362173729549122,-11.993123750866463,25.346494106800392,-14.144951423791598,30.240237391369803,13.843218595392655,25.068427929816323,22.955642237590343,29.340005481027337,-19.401033572188947,29.112611595308397,25.60788657242392,26.331821907802503,-14.650823090636516,25.043133823795177,-13.84460494321024,-20.533905335414328,22.98456987787064,20.24465288919156,23.984636602224914,18.401642767665702,21.463515141709674,-19.226811543286765,24.541882411405577,26.388351152969424,27.953941607939694,25.508589372317594,27.046160313987063,-13.109873709770389,23.041584076706503,34.53239400882422,25.141946974549317,26.959553096112195,24.667276909188043,25.089079362889596,11.916780170822053,20.062586820169738,-12.28134119964142,23.505356616482917,22.57563675932998,32.47614349766692,26.198243924515207,23.88480583491904,25.369129908525668,-12.065788684848359,-13.128847771979805,29.804215043519495,25.876107945088588,21.204970798652262,28.12817386348358,29.403612795187794,28.23967854930248,19.19423891985865,23.65551165531864,-17.40469043383024,21.493621576680926,27.649288036758847,25.227263114759836,18.50664345973612,21.794385416645735,27.296034279661836,24.482896300632138,-16.37156613397652,-17.123812224455087,-15.147790012926498,26.05005683075324,28.14447121308782,26.680940266045827,27.9864648361405,-11.53748618979504,27.83708329195047,26.595276890066813,24.39623485123197,19.35667298470531,22.931205282011906,18.903162076681586,29.061350053957977,27.61192117143442,29.401754445040417,-12.356349392599979,27.390483084904943,27.040643616489728,26.757598299672917,20.48844820991966,28.95365377539765,24.521830412792035,25.184175794790985,28.13346176778736,25.378414163371502,28.984544407369444,-10.660221191703965,22.258656196689124,26.069009111894818,27.258039041621856,23.28180878053019,12.607287604142476,29.04859807408444,27.894993570841514,-17.388261740144596,21.241862389815168,28.472756251492456,28.20809088187746
21.074538277545347,15.132664148703881,6.30110121990925,21.75892191970104,19.742435885210032,26.894173786810946,14.767031703394373,13.531406513259,21.608078827629484,24.614108723427236,-6.40053422025058,16.835474547414588,18.776323326372935,22.44936829577011,27.635047962462796,-8.577595736166957,19.943822124012122,24.638087222030496,21.735777602670844,19.541375506682204,-12.76462499242043,20.534400759457395,26.780154340290515,19.881490264531195,-6.775853290115813,23.486785783550694,19.018465060014723,15.12384132881814,-5.503901046418195,23.496652397934827,24.38418104674879,14.820234801221533,-15.71706426029918,21.86074746659614,25.770312634716976,19.239929937071782,18.14227342437153,21.79436162631902,26.80981618257248,23.104717581495443,22.1247171186103,10.3493031648965,23.734343340738263,25.550512222073728,13.721185510709876,-6.610621110548619,18.763156842254514,19.39906843249147,13.788016595254648,26.86430273064444,20.300837821930653,22.255556185037005,-7.47298441640187,20.51424499635483,12.695313511271639,-7.3449028499136215,17.03953597731196,26.025867745395,21.678053983215055,-9.824546633323873,17.971534949181557,16.96108107653288,19.651959286417583,21.862921649275307,8.498779398555195,23.30244686698254,18.672045183631322,24.848542133090767,-3.552632581300039,22.749153668534095,21.19280604529685,21.64282867324602,21.136763999179877,18.126362196233977,22.32352185028308,25.887193093010385,17.613607104508134,26.89126686854892,24.290675680090054,-10.66063818194759,-4.761736337457095,14.777674238005256,25.02920627334862,16.268624658306248,18.338302046966692,18.420586015509052,18.14510085946729,18.857811855108253,23.096733278786783,17.014267755823926,13.08466272884401,18.80032995218827,20.777255668512804,22.28014159503646,-9.066282842416916,14.748172794303079,20.750428959607852,-13.047529772101447,-2.5464592493750557,-7.814178096394271,20.825580569324515,-9.330888906058624,25.370247449113982,10.95965130603667,19.195003011528357,19.18498194032169,25.268474777153656,-13.765225053132616,23.833777221508026,20.531517843818673,20.87868638198341,-10.093559699445844,19.942249958798936,-10.452063053636648,-14.973003374566561,20.597858149974694,15.518907621470762,18.184676671037167,15.268560765585816,17.964979529105932,-13.673618723354123,21.074890124567972,21.358019172217006,23.386907431813302,21.110703553874,22.084792803605918,-9.228402870530227,19.513744845644126,29.14945228503806,21.039176034421242,21.644398052700097,19.533719082933477,21.068930227229636,9.352388200361489,16.60082829967699,-10.833043257658893,19.518225605777456,18.044528484778407,26.972103017293446,21.38784726880175,19.81639781128338,20.116916485540763,-8.060908288150708,-9.227871603663454,25.33683755407696,20.997137639221386,18.086198180535867,23.50087312098334,25.16141997377823,23.68661166526719,15.3914647794203,20.987658025457126,-12.347182070597666,19.36236112575649,22.285501821388408,19.81254068074347,14.768124510738247,19.834217961529585,22.166149460708557,20.337665577143383,-11.579537330955187,-14.444548551129635,-10.21998992365716,22.093770339483818,24.032719084175447,22.018181990311437,23.59223358945353,-7.2835011932383535,23.787248044849534,22.41675714586368,20.526280038468265,17.409734662935318,19.100041547741583,16.165799480356277,25.665489144340874,23.307754536300067,23.38811008291871,-8.320977021630485,23.55540069183775,23.503829693845283,21.854191342633367,17.182753258542043,25.0648831308527,21.667220606368424,22.575045647154038,23.184298872474823,19.963060851707596,25.113051775611233,-7.096821483345002,18.49519006976316,22.70830901430723,22.825005945018404,19.796463362171615,10.584406007360652,25.21464588601839,22.787719100780436,-11.932800359887667,19.203546854197228,23.676873622142484,23.197737742775384
20.37859765461166,14.497442747352988,6.2663578332635055,21.031371353750444,19.044867622923977,25.848426578593607,14.63151595669431,13.406704297152666,21.283440894877575,23.827671877433634,-5.744564136989656,16.00862227395525,18.183010995318725,21.970810781866888,26.66442940309354,-8.262793919614454,19.55621685920327,23.9716532615597,21.343520867938288,18.758506776659967,-12.074145739711225,20.024633202614844,26.07187274253809,19.36134762846517,-6.449924132705847,22.677726260437073,18.34872710894473,14.653525697628384,-4.73222964500464,22.315831041426804,23.458081662207356,14.563929667252749,-14.967254951490332,21.503768202310393,24.55593442379953,18.547952969575807,17.601297914304226,20.947938073140023,25.821229273267175,22.510900225632323,21.38260722106224,9.914709386645402,22.923813551269582,24.773460357281937,13.060092801199302,-6.14388064274436,18.187078486117574,18.68732560457407,13.761511332668528,25.880650004963847,19.537900105028484,21.13335237577239,-6.96208658236249,20.161983805677377,12.267224155416237,-7.230287794607575,16.603801571772838,25.306140624341797,21.01888759091552,-9.648544915619455,17.143006851018118,16.34019372278236,18.54160158321982,20.799511552402784,8.4109233456795,22.644672562356444,17.573535359562168,23.734791938307687,-3.359581392713007,21.784394466479693,20.7957601240445,21.133663037716847,20.73251780819994,17.599140534918256,21.34148699843371,25.13511910384252,16.863515187910494,26.14070325019131,23.777751120202318,-10.078237299069274,-4.390901935634362,14.072540472654673,24.352925098124107,15.961198221918623,18.25832620063222,17.85609162152013,17.340265240543346,18.347557654240067,22.328069983017716,16.714500247147278,13.004303216270255,18.086618836832326,20.31320220042366,21.632536042991113,-8.416204598002025,14.708401269418369,20.005964956905753,-12.757427526381484,-2.2680261190106545,-7.207095640218483,20.34874143013238,-8.912982794745362,24.479411148775995,10.583104323310558,18.9196065558024,18.757486265386575,24.701323425048674,-13.325466589116774,23.20775770542843,19.972906446199993,20.28528533184544,-9.718082418713928,19.629266008030825,-10.067979820514312,-14.57352310238637,20.025113436648045,15.382893916954162,17.580111187448555,14.66230064310054,17.27427822875181,-13.381383637796036,19.945225427185576,20.596442507219024,22.182800646950284,20.333101930174156,21.515807530707058,-8.679207366485308,19.081321457463318,28.312632973287023,20.155281182787036,21.04431065753307,19.22384098662242,20.45243043439051,9.32406812909613,15.879207860165243,-10.160501282299734,18.927519374074432,17.457701575006688,26.15864209250358,20.779181424034437,19.046909279303634,19.73218088880654,-7.907526308937577,-8.371519951985524,24.2806402626362,20.228532090896014,17.36406719644401,22.554704735252162,24.511081553254463,23.030577997713305,14.892241338332605,20.180543907761535,-11.852427566027036,18.64964675728404,21.55613850082787,19.53895294654151,14.53925917158702,18.70247766506014,21.864196376897798,19.83516575852588,-11.30049990651615,-13.669973334240693,-9.784706054187021,21.51307295575811,23.511565849814453,21.651351756763642,22.732631031134,-6.729261566941352,22.85870026417971,21.93097021580574,20.10980741527802,16.91664359146772,18.53129237175163,15.242379143709847,24.576385866627312,22.515090776134805,22.919811551430882,-7.872000833446442,22.66054464948287,23.006004937920743,21.47928218377016,16.544071101925248,24.14794028846465,20.926454627671177,21.93058978865363,22.603345384288872,19.264649571566295,23.914674190500808,-6.65460780398875,18.265487820272867,21.931393709609043,21.91589646309416,19.18432624574659,10.044948531155168,24.581088150663582,22.35129655649813,-11.559854785690357,18.299814500304283,22.79565823069204,22.814347238032177
15.749100904622598,11.178103959980966,4.535426308684732,16.599900569887723,15.34827553324132,20.3129949064484,12.120204326392852,10.772257401402753,17.196821584523207,19.090959789993853,-5.216591387593863,12.058867479967793,15.096973734437166,17.921011767755147,21.060584168367075,-6.9626614437963745,15.131203013746347,18.497773185855085,17.032838608446593,14.776179777476061,-10.628819886160187,16.315223496229834,20.59785844856122,14.950491242033506,-6.341413938428506,18.014064781438826,15.161857989963064,10.987244236511652,-4.165120755195135,17.44004434274906,18.05435872829134,11.669389411671657,-12.79198592449681,16.9844241013679,18.524926457880504,15.192859490980016,13.99481576991612,16.38687632479316,20.394577030901306,17.461780365222506,16.339230153858498,7.771560936060633,17.829773484538013,19.303471086842375,10.238896123509804,-5.212501524671679,14.420944150728896,14.648581850337775,12.00003616294188,19.612034531284852,15.564668050500428,16.06092621040242,-5.7706485725845535,16.961111945054167,9.380059895557366,-7.0704894531629305,13.628699707006449,19.66674347368402,17.48140222375774,-8.226852002539271,13.207555269996217,12.947164858370954,14.013541992917702,16.74621538746931,6.1890681178694384,17.25464072285039,13.515025996445196,18.25145863058962,-3.74239313978642,17.32287616799986,16.530989469638136,16.29365421121533,15.995160495842853,14.280769340759882,16.965443730776958,20.247434254347276,13.543342365504904,20.32648849614469,19.005985458066885,-8.87567743345037,-4.584082900038832,10.364190247623217,19.30168779653558,13.768380085526456,15.166314295920664,14.421213606250198,13.90111410019628,14.761892267317117,16.850418554691117,12.91791730180499,10.253964134209252,14.695918366534414,15.69942443941572,17.190531103506547,-7.812802620729673,11.830895845681033,16.244673498775953,-11.47981530445872,-3.1844908338424793,-6.675223579916077,16.27167753128272,-8.279276606991411,18.85645780482695,8.720169569963218,15.971184860873347,15.343310946405433,18.839100301362375,-11.735602997864417,18.89041333810677,16.22368127455591,17.110705861953114,-8.802771232847025,15.748418318959848,-8.674515580759095,-12.691775340051159,14.982458980845339,12.56972677404238,14.471814867659102,11.730780981252742,13.97375769012765,-12.059575801266465,15.536972711695114,16.162063071942633,17.52408543095605,16.38491456849878,16.660513520927395,-7.8763107179671845,14.55080090160083,22.21866594561972,15.828037410627218,17.11027308201392,15.907165454706035,16.187548172825203,7.714371850823215,12.264344482875952,-7.50202635581805,14.993484790089072,14.395882457025166,20.760978119326357,16.338849999840217,14.970568301722016,16.737252170496053,-7.457309632251784,-6.97147956387357,18.555334036487807,16.752653894605878,13.456764355677134,17.848060360258863,19.106728524846268,17.919665150126264,12.414440716390455,15.600686729825588,-10.532939069430231,14.205472349217018,17.050540057220935,15.57403159595189,12.250779444555825,13.944367476748077,17.126883782411657,15.50146443417488,-10.161494687963355,-10.667650943448503,-8.811576825988409,16.229203167952715,17.906511628277116,16.745590510402387,18.12208765465101,-6.506645646218894,17.925426381439976,17.432296318598777,15.022799105215109,13.068484709437298,15.011838857963738,11.212078399522248,18.857349378843775,17.41186209632185,18.254017456599037,-7.366850193062124,17.54075596669425,17.85482691315384,17.471818398611163,12.713889059248682,18.837546282820377,16.03100396655204,16.802987363754166,17.597152606185976,15.44196390797857,18.144106282719168,-5.914638435363041,13.832496105907712,16.541005528654164,17.345314558547162,15.2373505981598,7.8905073756992135,19.339358809543835,17.845594861154915,-10.608961883779452,14.027508088621731,17.619559080961714,17.775075271358677
17.75735783322562,12.524641850718533,5.542243495736315,17.75531564294978,15.90362036808477,21.954006302164572,11.347813121425983,10.787258509549497,17.502359781226588,19.882753139065994,-3.9276899786700294,14.247666668042248,14.369774066824963,18.014242552426058,22.58819584753657,-6.193558841291387,16.8064423291137,20.83612395659829,17.795144140949375,15.779214076477805,-8.951608523893983,16.215458163253214,22.020266849463944,16.486151253122333,-4.071416118726193,19.061855777726112,14.632315482255823,12.944060379855378,-3.3918022172436695,19.08547838093512,20.458603393157333,11.651819026547804,-11.570740349766497,18.138511891003812,21.735167374432883,15.044603714253228,14.927002491806368,17.735185272846284,21.716935100709406,19.353426168978135,18.354967905687662,8.245163758908944,19.51371343890873,21.072027684706793,11.023776651023722,-4.693071520910822,15.270221889040863,15.957913848239242,10.557028495369705,22.6391172842931,16.346907358781806,18.502608211845654,-5.388813163425552,16.211592614130435,10.584799208427535,-4.526247192112031,13.31568610746247,21.72921218918149,17.054040632510308,-7.376586533577378,14.854873535556205,13.63428894017953,16.636522942619692,17.42418799315356,7.317567782050362,19.73471961958127,15.181882391740245,20.511352192811625,-1.6819288345371401,18.29074235700625,17.348328597095357,18.252302256485805,17.68554435635348,14.136096906964864,17.696684884012175,20.849128036640682,14.240334775349735,22.38470316313391,19.84010690170305,-7.757435668645459,-2.468394219259088,12.60609054161644,20.560016073995282,12.395456233968355,14.585256638162221,14.438306534180951,14.49304664719154,14.786967497192709,19.759494070246323,14.20801596847672,10.979614277081984,14.830323143384586,17.542707360906572,18.222414292017568,-5.823302610661323,12.148877351909318,16.33203044745331,-9.335263157463334,-0.36599609257363386,-4.945725390173663,16.736051318060913,-5.965862444957761,21.008474539770617,8.35388364171723,15.090470768344941,15.452599023371686,21.595285246600945,-9.706310739973809,19.09808704868796,16.317139415055355,16.255522525865157,-7.067949357695621,16.252233680271196,-7.548048102779971,-11.066350117930808,17.575505386153576,12.5524092027048,14.27125970870345,12.311535546393124,14.07918245784655,-9.633078350492049,17.02254672751311,17.596710261668843,18.748499508583386,16.8108581128876,18.43937257334573,-6.229864367776499,16.537759558330443,24.05651983692819,17.101637273407924,17.08556365521615,15.451825049316591,17.012771736530528,7.339798082288634,13.27071001252502,-8.849071153032545,15.923151993381211,14.144383653557307,22.089076743243513,17.74773475211525,15.894988468999127,15.737023313325391,-5.16221027611402,-6.494734585084991,21.145866899226284,16.422781711459542,14.966548999704452,18.994956407591424,20.875366383156486,19.98417618074315,12.128758890425875,17.37778517328762,-8.616464052867936,16.505370467025184,18.26339460179606,16.42816345701324,11.416684851152949,16.759373076102715,18.51745935865924,16.906271076953832,-8.155857609879805,-11.579974151239789,-6.942569660453381,19.035574714733013,20.5287127606953,18.654475789763467,18.976528809850212,-4.290727050983662,19.32445351703574,18.47553780010335,17.753753244389188,14.329465552980245,15.245273527748836,13.77559091418222,21.26598920982301,19.45262825951988,19.22916997804162,-5.202884767365641,19.39840837769694,19.71300985348889,17.411580355719707,14.19481751788357,20.627542321658836,18.36679172703718,18.931580973088845,19.296218134523443,16.139433176977217,20.933466595498707,-4.668242610413064,15.894577434565267,19.092012845781056,18.559028902762805,15.96255188701399,8.521041835603926,20.950236705732916,18.720561436486797,-8.168390841048721,16.18201114849287,19.666962877807663,19.41443389146397
20.4077878968202,14.313590807318615,6.248240377294527,20.490818509229427,18.664174378814405,25.695128593027963,13.509382024662145,12.657794604160355,20.674916596636045,23.27561637758874,-5.383201554983992,16.0736125051356,17.473448045072907,21.314031274238523,26.441410384875542,-7.904364637051337,19.3733070268413,24.04584201304009,20.985545655910858,18.46229448627957,-11.229594672037098,19.272096706739678,25.780832792560698,19.198413630235542,-5.65578197733673,22.21607264429445,17.573474206436956,14.770518914941869,-4.50314190715606,22.393979564165473,23.323956222581703,14.12383467827859,-14.376059411875628,21.310952528714974,24.92472715580517,18.149519366035978,17.553707830564704,20.959028985387757,25.362009487789365,22.64210384322066,21.34683016206665,9.71936633364073,22.822942320940516,24.534873868632488,12.763130513246553,-6.003378115270977,17.968861638006537,18.46735107614489,12.784852577504601,26.049187513288818,18.969433787542503,21.059704863445734,-6.790094591874145,19.458329945655247,12.353661400855511,-6.513098882536861,15.80376740605575,25.2225988822246,20.31123102432095,-9.241715126140994,16.803447797707683,16.17249913469097,18.898807527270964,20.678856086410438,8.33165545923374,22.786788657675743,17.563860272999566,23.690735260124335,-2.9683150315196576,21.458022047796522,20.203633905973803,21.216847407858328,20.695637195829548,16.711997232082844,20.792604360127047,24.521236579912543,16.65744721494036,26.063920200074453,23.326699440736,-9.721680995148503,-3.821004222533586,14.450359190215861,23.986640399832247,14.85869812722468,17.558761071191572,17.1063266919019,17.10076433368357,17.729540965423826,22.583040792315767,16.636414190221227,12.623412257785626,17.61587302453026,20.271129022659114,21.432094841662433,-7.704694653703465,14.39638058819536,19.205387589499754,-11.816719659941654,-1.6317554385317796,-6.712093825871995,19.55871213574578,-7.932146064301423,24.40411159056906,10.010892350535393,18.024217336104993,18.405488255591656,24.99403135144177,-12.250088171321366,22.515234083118923,19.528572182794715,19.500202964224275,-8.922854599801354,19.36330948862506,-9.53687005118646,-13.559323699593877,20.35681337524732,15.03460537796898,16.93083389623469,14.120527292884027,16.86872821069833,-12.191681987542076,19.990440217435506,20.57435111057074,21.892420669667146,19.89092803505754,21.436643389641734,-7.989650007203081,19.059523288243675,27.926676335677925,20.072719732398184,20.316511935270626,18.409150027392275,20.060281656192124,9.040301994818249,15.541445283805123,-10.211877417528223,18.21190976001064,16.551458174302972,25.757330644041573,20.753244029085508,18.76309470596262,18.854193975359866,-6.940616881654147,-8.10308912449893,24.27540825071135,19.704093483471826,17.454733282090416,22.110007560928874,24.34081375257817,23.12220251581634,14.592643778568934,20.335604357987826,-10.903625294862907,18.60528887641689,21.2488855433787,19.304694948874726,13.767968968203572,19.24435187060778,21.69858229601657,19.887891574549425,-10.39797685855518,-13.500866538798395,-8.854673517488896,21.833149847000037,23.723468740922762,21.75851954215666,22.06303027998327,-6.111041913034979,22.564348298924553,21.620433365247383,20.431956479705047,16.79760754906634,18.09741985392891,15.455427016176237,24.561490178384776,22.42254566502287,22.506186851150268,-6.965266647443522,22.311489296582085,23.030114245558895,20.632995913205974,16.515739379944595,24.089419037000713,21.20678344084231,22.038473062724098,22.309577947942667,18.968606038154785,24.122176019667553,-6.113682398084644,18.45727240299678,21.989056875116084,21.60544868104974,18.610155370994814,10.085786462044101,24.323143003737005,22.036446956982754,-10.577495285772141,18.64436979121046,22.635899484864783,22.728661048930718
20.407405184260572,14.468398229539565,5.939805525344472,20.875001166176332,18.856383117535668,25.387149798400078,13.95166527286685,12.331207013702416,21.032262386832073,23.234513977623052,-5.913856467725618,16.11588461716083,17.71668360064541,21.181215868276333,25.872226643770666,-8.14154346207422,19.009432753025315,23.875671822121827,20.40674973102215,18.19382765333465,-11.848168952688694,19.34870641016515,25.537755742256632,19.374381539995266,-6.226411665890701,22.510231285231775,17.799282962390333,14.185526233778011,-5.225824183939365,21.982207569438636,22.825736776186996,13.834362060272696,-14.648397861081008,21.248652176448903,24.444737406285338,17.855086752877565,16.89097951142857,20.465371446680695,25.20201043154928,21.875043352966472,20.6991694290347,9.605377782674251,22.455662635180992,24.53957772112018,13.058177459846888,-5.969092904709715,17.861500882415406,18.12354043175074,13.460146330931211,25.63436000525687,19.397657266885187,20.9924575985581,-7.057464699432789,19.79033061437441,11.61166663217942,-6.9084627745461935,15.92443151596593,25.22646586553675,20.68922556549532,-9.518793989334778,17.040915596700422,15.815829097452411,18.760665366167412,20.46895271447563,8.22064697729822,22.743483256596985,17.493570016541987,23.279451730731754,-3.229614001625512,21.197727559438896,19.826639855785725,21.228366175206055,20.53497985808138,17.069939077124687,20.814933265982027,24.157791548077736,16.87280911165706,25.6732930882516,23.213917670110394,-10.256714390469433,-4.151210883958433,13.89385901743681,24.210285389033768,15.646489701279467,18.032574569576404,17.29116198151182,16.988241845603774,17.84398881036401,21.78354237956996,16.348323475094602,12.38126969822376,17.547053419014173,20.316015631009616,21.393266739633557,-8.554341429498832,13.872565418956217,19.11901033978557,-12.398375489737862,-2.4886711928352803,-7.278062772213772,19.598306876745617,-8.734830342406337,24.06620610159494,10.20297393415722,18.614144679617795,17.919663387955215,24.40748281586202,-13.003349977640168,22.645499564437905,19.64658390964537,19.681454286313148,-9.634226598764982,19.385906463647277,-9.674421107215487,-14.349369060421386,19.46893060410349,15.438725188375795,17.621793156824758,14.25233299598885,16.522746900471418,-12.89601932760626,19.528913586241462,20.63063634414193,21.931883056525827,19.712408105678673,21.586478461167523,-8.50476001982507,19.029446953041475,27.635794824598328,19.763391872111214,20.442243273097592,18.49613993182896,19.838328705928035,8.849497696740979,15.509283605207786,-10.024478696424962,18.30559038113312,16.73160916679609,25.604523895272365,20.55452917879746,18.48922636553809,19.083497999634076,-7.491650359411377,-8.76737044749951,24.232487829306066,19.610747227673944,16.974399035642122,22.21418767507389,23.794107448430704,22.760200749023813,14.657276331311554,19.60108049942159,-11.688072522825111,18.375110808372,21.39634840035599,19.668824232138032,13.753870714402039,18.62784680655241,21.66939912776384,19.407487947138073,-11.008023781282438,-13.44107337555127,-9.796177469401028,21.542608471331754,23.224749266838874,21.504910403858275,21.937024854742784,-6.855789604821407,22.32400188335928,21.30519348975607,20.121331149058683,15.994416565230791,17.73615672846235,15.444248720558727,23.881510722184704,22.283349775761465,22.8471053521209,-7.547926311318887,22.125679616197466,22.29678326154428,20.524256605776802,16.382134053818895,23.510836312458416,20.529954238381396,21.145745541998142,22.265609353110676,19.247481612450198,23.788310420837245,-6.706766683835705,18.185766204166846,21.582722305241088,21.43102998328418,18.40564979619445,9.870902569658654,23.664232315912464,21.922498651613758,-11.39337962792247,17.963905800804408,22.78396253219194,22.443321162777792
25.269133436404193,18.395678730362746,7.077320491352855,26.156789033138345,24.49318311134466,31.912347684443027,18.77739204999681,16.589101863311715,25.961191671745834,29.805223551344834,-9.504605886682295,18.994340455213713,24.230192883358818,26.91290196157332,32.66748023029151,-11.102109896089887,23.252149325419996,29.39933899186931,26.139848155211,23.926154125066926,-17.375987591802932,25.568763347856773,32.115726251846326,23.30296894780686,-10.03696349209043,27.883869014181624,24.222169272032207,16.80378561309474,-7.916846046613222,28.295228930972662,28.38959199339898,18.182685708213878,-20.590129369310773,26.17932642735357,29.498839850346947,24.485218280904956,21.176493766887422,26.449717312410897,32.05777318422523,26.72170887764536,26.409196444283694,13.50969692002653,27.72651870782939,30.35110538293268,17.024830100097503,-8.793709931765791,23.758668862925965,23.169992707137617,17.987565313059086,31.198858900420632,24.33016747919238,25.761241105716195,-9.916692266112646,25.89084341124291,14.90750869201611,-11.663796452562936,21.475337105890542,30.815466582027216,27.0633947688158,-12.83814048233546,21.44763496762387,19.949373247195837,22.954286315910366,27.022250792806044,9.926610696266945,27.336690080090815,21.98648870852408,29.08909828680779,-6.6839618181399025,26.89692774145145,25.40695205902493,25.490590659478183,24.71064685816216,22.58950284392297,27.49715244491891,31.193363732141435,21.386930672605857,31.17958001179191,29.249074601387974,-14.26043363701807,-8.671634779426576,17.63993497573214,30.520556212857446,20.84314096478789,22.912224376839614,23.55164323765242,22.838206704601934,23.602000756193945,26.450175860131807,19.712095744360386,15.627999792260418,23.618689004174346,24.161075200287243,27.20740627630579,-13.069021547647292,18.404078748712536,26.013873383245997,-17.643963367140888,-5.723974825014062,-12.00280428745099,25.614067848578966,-13.584788582092422,30.490194252019855,13.802488671384044,24.05219028703847,23.649355556716618,28.979659374590913,-18.777665039737197,28.620740502061647,24.768639198898107,26.354702078005733,-13.762427046415032,24.190715542322142,-13.899341405653992,-19.704061208986975,23.457509503214656,18.643374865210404,22.994116014663792,18.572082627180894,21.724930591598742,-18.670753198131855,25.263345242527752,26.21116679229386,27.969229861753973,26.233380650230554,26.133326410201587,-12.937241707755872,22.239101163596388,34.53686579204683,25.997593208797827,26.92389119448006,24.807353691284856,25.384223526712045,11.992893640734808,20.676037411120312,-12.653320077978726,23.7405821502645,22.944383258073888,32.74686258367972,26.285222166422383,24.593446011440157,25.208588192426213,-11.650295939228736,-12.336805198792531,29.36716530658109,26.445004632164096,21.826028993837138,27.859254144025197,29.637403123602553,28.411805238863902,19.054151080620287,24.667780958048382,-16.63126170672862,21.808175602632524,27.307445033413508,23.72084048194634,18.909622813475508,22.091134227829713,26.507024882581348,24.64303267877743,-15.663984506557558,-17.431434418441704,-14.389647736950158,25.5430896494192,27.72744137838236,25.946312588421893,28.13990938152971,-10.859914445286691,28.071998528988306,26.88082151537258,23.730892387804552,20.08185248305033,23.8032962569801,19.32476190502328,29.822008050076466,27.69872099189677,28.17826800895548,-12.209348520349858,28.01839075404783,27.202597202827455,27.05731189090989,21.034205087915772,29.29388243833898,25.348343626832417,26.023946706664464,27.65920573242083,25.086314212562787,29.24448877468514,-9.967410786571747,21.5703605762865,26.082576578460365,27.736824412269947,23.9555940083263,13.279444413729177,29.88369702251984,27.55092363495873,-16.446473688865908,21.935774483323428,27.848726766591735,27.81944942280523
24.684568280198462,17.583270709693373,6.868437555016839,25.023641378345427,23.015437374840527,30.680254384800154,17.068898249873236,15.234058223087162,24.99194871713359,28.173899285282644,-8.055185225748637,18.60806226017237,22.157094267123117,25.46200303197793,31.23582322478306,-10.117181766456131,22.86697575037535,28.83487257345292,24.774133742987143,22.55109254785675,-15.249955330020471,23.79214168161494,30.899031305781563,23.06244422354454,-8.332139897438442,26.697576655961154,22.152185562681723,16.624498233789005,-6.944877846388277,26.84524932004789,27.42177226477982,17.073528749479237,-18.514848523289093,25.58733549796334,29.118586084197602,22.487233801801338,20.171922221865138,25.088657724289984,30.372741427314907,26.103137712332288,25.24955609933977,12.205149017127567,26.847190543231992,29.48165515229509,16.050924956069995,-7.659255745844486,22.428273886279907,21.97298324360207,16.497610156328832,30.65083415016328,23.18873019828456,24.986653576088184,-8.918074989020079,24.180279261548634,14.238936897516135,-9.692367844841963,19.73952183213607,30.269029847148346,25.331134303906417,-11.743479880802836,20.459642645216242,18.937890154668167,22.587852080923767,25.24465455636493,9.881568444895025,27.280263493147814,20.96974076562658,27.89161729165748,-5.098563847958427,25.342401958700385,24.02985477921236,25.3732374777629,24.436678208500034,20.847129599102818,25.62091646698324,29.366555502101875,20.26230469132946,30.558391395770666,28.07125380121108,-12.979650673604818,-6.6462387110448065,17.224844825338174,29.422034929855414,18.93621631696093,21.765103685235317,21.676138570465465,21.09460476874583,21.97096997880691,26.117716728311194,19.302057602588633,14.882145660158994,21.881517373119,24.04248764456493,26.08271656021824,-11.206874864423899,17.148358056524224,23.815292838016628,-15.597917372247771,-4.062819584268227,-10.125891778575447,23.989081250754346,-11.505278836071687,29.426292823271115,12.425940097071914,22.53986917985367,22.146808393623534,28.952631514067303,-16.552187692379636,26.999451250828336,23.70343013519364,24.285357903207665,-12.135341269809828,23.505200213980768,-12.343773098782258,-17.771678616296967,23.25980508857186,18.205616940406237,21.51207623494491,17.41125268650439,20.154754428656208,-16.33087128029112,23.873870220927877,25.327667461896706,26.489293119879825,24.487688517034094,25.725098391948475,-11.102749157376222,22.151677902971123,33.225034807300474,24.36194981002549,25.10032543031827,22.850949648948397,23.966213888229635,10.95491588574259,19.234258437837646,-12.249508899335869,22.189693683153823,20.87933639190426,31.167897437154387,25.327292547220118,23.00805128300592,23.284107159216948,-9.7034122715345,-11.249930787041984,28.718134100138546,24.38048373443767,20.916540352848806,26.570791231348007,28.750981142162182,27.757411722126918,17.734174095497266,23.679029817766224,-14.659801132241528,21.250616480364428,26.17090711246201,23.342913261990944,17.10992825475186,21.929291902485158,26.012985002463648,23.84562950412119,-13.834209094541816,-16.478303907038505,-12.621622304396242,25.681805510587164,27.730058551296338,25.846179149021026,26.4935721432815,-9.070112277802606,26.79535924315493,25.71129334064453,23.995675112883276,19.292218403342606,22.037624041749208,18.87842834780413,28.718400747420397,26.829539901340276,27.32267954974851,-10.172103696308525,26.653622959719428,26.671275154860286,25.244377392398633,20.03705141657555,28.35426717978012,24.785656574650723,25.339993705735786,26.78591536869924,23.83647544488119,28.443709647347607,-8.719481773951957,21.65296807425136,25.535979762712223,26.133992949568256,22.317862443370274,12.412182290082974,28.651796982110458,26.684112621258713,-14.462586969488834,21.478891028194724,27.22415045622783,27.22413936380317
21.383632226628507,15.51753831651708,6.005413320816776,22.827140397358082,21.315373286726008,27.985180145590153,16.69456557816431,14.363705383517884,23.132257919642846,26.28834257748052,-8.052005049668725,17.414129913951392,21.071813198090073,24.066460784076966,28.91154902497614,-10.091101882080238,19.959942239875115,24.95089052894671,22.946751697746564,20.42137436700057,-15.274324350968774,22.378131163871572,27.895140611113195,20.14791976582592,-9.073137115629795,25.280531619388707,21.20770284643001,15.068524959721866,-7.012089323544239,24.7936865597229,24.69501160329562,16.012015195700304,-17.85593023527498,22.37180432632344,25.95288599516602,20.91335332605177,19.204343208166332,22.93337787629429,28.314283551915292,23.686943071472225,22.938238986312328,11.270284942382618,24.60097070908858,26.301474884492745,14.33162115989094,-7.68215696299639,19.70632941655546,20.053376293435615,15.881865636665529,26.974197541590424,21.831451146083044,22.832193043625566,-8.70009796995564,22.6123728690286,12.553578557103267,-9.539964675063873,18.882442786834375,26.62433414067638,23.815379358855687,-11.140383529419072,19.047123083769584,17.72679287933189,19.934447759414073,23.805554738640613,8.569593123171552,23.322053810321776,19.57397578122937,26.06597839381969,-5.0828804774380565,24.364040184354735,22.31801874784299,21.812250527734584,21.393018168273386,19.905309883656653,23.913869031334073,27.514185666724256,19.391904932479633,27.531666712094886,25.557399766683474,-12.347204874459003,-6.631425237245802,14.103246652470245,26.11568975018575,18.851767877706266,20.128891392549725,19.995613905943838,19.572164560682875,20.616787404727326,22.67637551189006,17.024284531953302,13.575082677955562,20.095004177879687,20.93214136489047,23.486653829285206,-11.654388831671584,15.642512841696194,22.6583835389554,-15.443431471751389,-4.907851990441096,-9.982716624544326,22.551837481071757,-11.901978653177505,25.84976195674945,12.121346499699388,21.448768517501243,20.382942235891406,25.18231726087279,-16.520933401579637,25.86876390782579,21.75196090930041,23.06935884932981,-12.36700014197191,20.814306482783614,-12.38295180505538,-17.479549624737796,20.28985351823277,16.58432311494128,19.874157600366527,16.69880669751399,19.30364280081882,-16.474558521465674,22.075023520623596,22.266908673797232,25.004764617611894,22.70617596111859,22.810276305010376,-11.381830104543818,20.060553510925686,30.464589457441317,22.40103024859946,23.562462916094645,21.30320844420643,22.42642831103723,10.194859754015551,17.502328742776367,-10.905742227604723,20.69515761360903,19.999031652818502,28.4452822375122,22.02687595228808,21.027175332716443,22.413301942991385,-10.415088321209254,-10.858620914996052,26.109320040771458,23.184550384495587,18.536235661466094,25.14449019823279,25.816583573977727,23.90837110525806,17.325164791514393,21.789903539649593,-15.0418955102319,19.898333486251985,23.311380761820157,20.67706542732329,16.38977196767826,19.92653003812334,22.78562933760716,20.623791655680904,-13.961868864408467,-15.263576415008522,-12.466989325679512,21.77759959999308,23.820574007015676,21.96228684781694,25.272983038380726,-9.857707371502208,25.195116861659532,23.737393494880298,19.964112089996387,17.75700963394988,20.618588607230304,16.16616568723254,26.541620755100443,24.10780273027542,24.52110909959312,-10.61304652646107,24.83332312639478,23.74070794632891,23.378244808177676,18.048737543375534,25.983305165685653,22.042731830149492,23.01721443885126,23.764498883839686,21.081806276854447,25.9197739770485,-8.860859454791974,18.32074290013584,23.33254068938807,24.166457614868033,21.14180630703931,10.86212782624284,26.035569340560528,23.610393458762104,-14.76865212694536,19.40414840793197,24.501720217373318,23.53740583861618
19.021689747100705,13.636653203100044,5.570458302119112,19.72328560867326,17.987179380395304,24.35975937735407,13.527629963549611,12.170138512828476,19.59790874580615,22.508934229176727,-5.574601283561951,15.419313458296624,17.083362091387954,20.511714385074967,25.05525927201959,-7.574880875152979,17.94386544896937,22.315458368265908,19.832899360810423,17.797168871835797,-11.61756002216558,18.839556865666207,24.304693324017382,17.704230668477788,-6.160283611255842,21.43224016503783,17.468891407276036,13.782357392110363,-4.875245514460961,21.166461316369755,22.208390164138663,13.410995994195384,-14.187481694867147,19.543162142946056,23.338657306028892,17.481322590239444,16.49014476591114,19.589694254198093,24.186538005516365,20.859782403931607,19.928667889425583,9.244227535222182,21.381536746898433,22.925989910249587,12.24800486352675,-5.7646621508941625,16.965946586818873,17.65549685883978,12.600777982620588,24.084727760685368,18.375414226346777,20.122020209499382,-6.609935201178428,18.791500711759582,11.352399565398542,-6.454519705830118,15.779116640264386,23.488380470597633,19.773984736026783,-8.75493239311246,16.43281528958356,15.072301707434065,17.92747748571437,19.88784046306587,7.729493596411937,20.9392857732651,16.808541151071402,22.561602564941598,-2.937974555833968,20.56437171533003,19.380496970503664,19.37667326282419,18.808755906189404,16.451601531315553,20.321214078599382,23.576568637085384,16.358170881709004,24.279292417118146,22.218036153202373,-9.585468413630716,-4.164730712429012,13.13381538439671,22.629479718015862,14.985664770011144,16.740905301926198,16.765849007106908,16.42471856538203,17.199945178959126,20.872165512515043,15.05430231819196,11.913906158835537,17.084511610331514,18.70598476688762,20.338138504597094,-8.167720344055759,13.354792208983106,18.984087969084207,-11.815546658638405,-2.224744191484911,-6.832784637547432,19.06723020934409,-8.316138394678083,22.74040716096641,9.82585374083844,17.618525313835466,17.438274398807774,22.76491695426895,-12.45306114658442,21.743224077097008,18.415002496396003,19.10503041827097,-9.156083518995848,17.923977502824368,-9.421587315180346,-13.6546543311023,18.322405544599885,13.91091840215022,16.430269049777102,14.08589957797371,15.930547434905527,-12.42945210655456,18.80131593704518,19.290921657084393,21.206577453810393,19.23809063331719,19.900647279401763,-8.466934551542318,17.60859301727543,26.485625532923468,18.97809622147754,19.626687739003856,17.72002644925664,19.137283225342916,8.166334639439754,14.942477746313921,-9.842304748618815,17.833559384235844,16.52949664105072,24.56907446844404,19.29796154053024,17.915871847477295,18.55170710922022,-7.370674086953591,-8.213578903962446,22.893879157082363,19.217182640798963,16.30517909233188,21.40786981426232,22.792090750594756,21.492397970702168,14.054979130437854,19.061031020719177,-11.254649131266486,17.88237791234709,20.108965508712615,17.85573475744152,13.550551833015405,17.939164800929714,19.93012419871423,18.079314648459864,-10.441262549163653,-13.243811066107869,-9.195343675163786,19.910917434215005,21.60188551540031,19.728958436024538,21.460729344222738,-6.560583995132361,21.65802250539935,20.671338642159693,18.254650942082325,15.665464972360596,17.40665954973252,14.62807749713079,23.307046414109905,21.233998182381377,21.070420537546934,-7.570146183646429,21.47511960178363,21.12664036306962,19.817071742399484,15.731334327250872,22.721408278985233,19.859957167758825,20.455783523782713,20.8269858445824,18.037869348775452,22.692366222445436,-6.264347106722468,16.46172263710732,20.493318745785718,20.69968649652276,18.126686980313313,9.48426260469606,23.094804295197033,20.711991453164575,-10.838498262133609,17.495849959149854,21.446738082153207,20.809774038663804
17.58915397065402,12.437228362351057,5.6123232823822455,17.76626891364456,16.536174060591474,22.77699940752215,11.867941802211448,11.113624991240306,17.894325172761082,20.728351480952487,-4.469654162401127,14.679112299669221,15.531548671429308,19.032577659849117,23.568456472009327,-6.82117844720076,16.886758446475937,21.006629170201307,18.86387393605986,16.587011349336134,-9.758905814315881,17.256252528504973,22.632449598608805,16.372572320700108,-4.693229075747771,19.72683274147853,15.841818908815801,13.419200104496156,-3.494808868662596,20.020429048763937,20.94044596302505,12.775112959277743,-12.275253060892132,18.112053446027783,22.286930044839043,16.312012244094444,15.999502147258722,18.74898204847391,22.439622106668857,20.221434032339438,19.16990189800048,8.705445357305985,20.273055884863805,21.269635169756576,11.017878201202212,-5.122247346432253,15.705820868058296,16.4825530113165,10.887121079081808,22.73187045680916,16.5442420677018,18.76686269725293,-5.770233580565051,16.975143434838728,11.218761543926869,-5.265658961840725,14.476340015735325,21.88936985500928,17.89713050854534,-7.661563858680496,15.11373051354773,14.166839284531846,17.001097057499127,18.634313052542304,7.345521128205496,19.65134705384247,15.68645310366192,21.396641477577944,-2.207548882580542,19.279501308366928,18.08474793039527,18.114862939062185,17.791876257933186,14.767017193027533,18.692141425452984,21.927539244079647,15.233827384895438,22.939836531892905,20.612615733953497,-8.032092410868994,-3.218035095624818,12.64721466892377,20.80382055726603,13.057795833854653,15.1203255249338,15.17007402555986,15.240842510266722,15.865981184571542,20.068974249185768,14.100036012205196,11.126453354724065,15.654003961656628,17.32371696077309,18.89746385536042,-6.408241543395981,12.90002478172256,17.31896343702796,-9.846203610986821,-1.0641272667524369,-5.6509190154120725,17.49506529912043,-6.573923542482707,21.31118938845861,8.791446575451896,15.740985552917012,16.352075037091957,21.779234854045374,-10.426720252251057,19.961772053763532,16.90811937552748,17.328922904431256,-7.424519586131119,16.595682160465834,-8.511298245639269,-11.62185261915457,17.929159145749427,12.618870074478487,14.476407964235802,12.784690183621874,14.848855001844877,-10.420492830210824,17.848650688571844,17.92539220125244,19.642426028536708,17.92394855308217,18.497146642045177,-6.867999361667363,16.758329609905196,24.738647148154705,17.93004706712656,17.843993797519524,16.08065084688049,17.935429161193813,7.58891395377826,13.744385119548841,-9.115858263947214,16.22882740452051,14.6780935824537,22.814028911328442,17.876480467906084,16.72964039533035,16.81443227946485,-5.84031027656267,-6.698886037357959,21.4858635856291,17.708514949629073,15.322752277668236,19.856046628604158,21.557238595515912,20.18276442652332,13.033585544889382,18.564249031312663,-9.291222929511143,17.12928284940789,18.339029958937374,16.3444283579758,12.32414786703033,17.462928726306043,18.611410292874346,17.086262303956527,-8.814596360456356,-12.035218461469295,-7.356488384731267,18.86833532125975,20.5171453929059,18.530578797623015,19.686712859055007,-5.08466876334337,20.362503724628777,19.451534184975085,17.385583953065154,15.076744205894645,16.1684145968143,13.751662698113321,22.158457637974863,19.960372957431822,19.278719198590696,-5.99310762796209,20.2849755682338,20.321369009233294,18.177804678136916,14.807429683737583,21.527483482826757,19.281282612782636,19.885062501678796,19.25358589869089,16.373267058852583,21.64751537369578,-4.990981593333449,15.631242819828016,19.503310898097553,19.159261806732946,16.80150306182196,8.923384465196332,21.909056228489085,19.185468047462678,-8.949997961255388,17.048668008749445,19.932282564900508,19.433195943107567
16.92436047308094,12.16580742688722,5.373125210757915,17.353151908970606,16.320900641873834,21.597186821213697,11.784822835104423,10.783831644150215,17.27123965437368,19.97614253911275,-4.856785156641487,13.74709898450253,15.309177817994762,18.31953802305867,22.489420020167998,-6.498474915982471,15.97777416068144,20.021615642413856,17.916658616005293,15.795439705824567,-9.972188681329454,16.644858837529164,21.589290803575633,15.715268567511531,-5.058072775569267,18.96528781564081,15.474601375688055,12.38109436400817,-3.6984293377564503,19.150091076420868,19.892962636412268,11.88450685167252,-12.228576476870415,17.52082949967158,20.825372909197863,15.904354562170433,15.20115085357339,17.854873190333095,21.72184905399411,18.883729853065727,17.986968545159478,8.508749889799905,19.11542160600915,20.345596952504046,10.794078966051666,-5.1218716534125965,15.239551910320364,15.883011630488705,11.284193344071872,21.598719040953405,16.157142104732284,17.929817500707774,-5.652062101552094,16.837567951083585,10.546680953503317,-5.735044311833082,14.0045155280705,20.842117865304182,17.612165364874794,-7.670196193327575,14.690576585722596,13.594030170620876,16.04351273396729,18.035485429329018,6.760110553838175,18.568115339570337,15.050635150130296,20.225684109220367,-2.922526305501884,18.550821485692385,17.306945967917176,17.19262302606846,17.011436975405108,14.38543289185958,18.090966750442888,21.139398406858685,14.673369831674378,21.602049947484986,19.54947106435693,-8.093447056213876,-3.8704686510574393,12.033041882300273,20.199992501548312,13.309434334289618,14.822596853894272,14.875616811378238,14.851232464505804,15.297813948663157,18.70753663006479,13.41799713125817,10.768661750462835,15.287161779182544,16.663160887327482,18.172879113738556,-6.908162875330064,12.518844384545405,16.907767220016975,-10.237313516383269,-1.8488756089754779,-6.038893618497855,16.76883233216961,-7.059452153135831,20.424207578743168,8.98037189738773,15.621137280592388,15.906635602793264,20.324169462877506,-10.734959992595897,19.404622903363013,16.37654773330773,17.206911477204894,-7.837691891145433,15.996152187350608,-8.325209793582525,-11.836160193203375,16.54684992475849,12.353816471296707,14.515362641165499,12.265185703786656,14.510777839820907,-10.858249200098262,17.085711428605553,17.212924480993806,18.851559511960485,17.298878196111517,17.566446770904903,-7.145748371738188,15.694293388454643,23.577455802561097,17.310146297962905,17.32884651597833,15.907396748247773,17.03518105234307,7.60624784027369,13.446168393223752,-8.418268047416182,15.796597319890312,14.598447854530479,21.947028037907117,17.323134674089175,16.106498036231397,16.524454816001533,-6.4235463964517585,-6.678874409341863,20.37547854552872,17.166694008565027,14.63654987066335,18.9481480110115,20.2273144512032,19.33609390213242,12.937270398845575,17.48283443620452,-9.524011480655677,16.13609901497573,17.738866819282173,15.870492366647484,12.115440819629178,16.144098007641638,17.782725907012953,16.357933491846314,-9.004297809737146,-11.473381101911622,-7.773942292279493,17.6516770569321,19.26740371053715,17.59397785309166,18.92789538280241,-5.452489737458167,19.22882651090093,18.36931520865475,16.339253735587654,13.995597383830876,15.740571193014869,13.100486006223132,20.83620178451711,19.09760852314741,18.699427034779422,-6.428782198206925,19.503182327451555,19.061526491480684,17.794338073998357,14.087809573039788,20.24077933863433,17.992184134497233,18.47162782150362,18.557754548826377,16.17352783706886,20.452348090725796,-5.368192491125791,14.794703162038532,18.250477268245163,18.443247643696044,16.190470185641185,8.495565889584679,20.896728998795375,18.499982205932607,-9.267949107466935,15.858201311025411,18.932887945321355,18.59378504050018
27.10683452840528,19.628559589845786,7.404593168290917,27.951988540026598,25.694667258884717,33.81759351539779,19.472682865543504,16.956833971009072,27.74718281887165,31.24623390577497,-10.001449173385248,20.66084922016042,25.072190797923188,28.021239406608444,34.39407273612273,-11.995777582413522,24.635147405167334,31.241690056622947,27.021016482607877,24.800628406798992,-17.972124311801245,26.506810261680823,33.94342518497613,25.29498617233539,-10.377302249763966,29.93131268930946,24.95503324629965,17.908715942115403,-8.88115908617902,29.981174175529883,29.868926059686,18.86771918589241,-21.442155799405626,27.930168595598655,31.724629699145765,25.015323646885964,22.10401713489278,27.78193789228567,33.881661582758454,28.299532200235667,27.830307414263494,13.987294430858801,29.50576712847775,32.53279325877894,18.132219977973943,-9.173267519277262,24.724911698460794,24.070005780641303,18.69568812617431,33.543433666112186,26.1933349743565,27.718209473829685,-10.662924063286749,26.893305946516094,15.21061181639521,-11.599088312962085,21.980792232431423,33.06966853184178,28.305884527071324,-13.440127650279653,22.92681511108522,21.16623890698035,24.661803407524772,28.32681292575293,10.69219777100262,29.574421801102737,23.66431087572269,31.048953207245436,-6.411880332388991,28.4461780924353,26.375839092822616,27.630787314526515,26.603676413845385,23.665184072053332,28.686326518890773,32.39350906926819,22.65810121437993,33.33264295677243,30.757180682733157,-15.122567124140616,-8.229872857245335,18.488821463523255,32.37728747305185,21.711055007488277,24.17172097537814,24.29731654891333,23.672915227703,24.579916799707863,28.017621015108766,21.167855010642008,16.175896324337433,24.296712738961368,26.156139302727002,28.649693811393124,-13.791678434043916,18.658521415971215,26.78081888713708,-18.16990691365225,-5.7225142274230185,-12.36386891508508,26.75052655665233,-14.038149360657046,32.29533906376177,14.213325322077948,25.225356853111307,24.22463926895242,31.191610649721085,-19.52005961292019,30.20230495533416,26.220503636169607,27.070677927916186,-14.500757885875267,25.649551928840086,-14.365000748938492,-20.57315105392951,25.09217140994944,20.2132308473097,24.402878138004606,19.556378769386875,22.734899441478433,-19.109374075115312,26.705287046514194,27.899789900505777,29.781468207242348,27.144977817073126,28.359546844754487,-13.34216951512542,24.327228736672943,36.59940015377401,27.29804000324861,28.195714546260124,25.587401442359006,26.694425840123838,12.403915909446747,21.590517116939402,-13.527265138825936,24.79476722676555,23.68569375395522,34.384842098810005,27.7260210345462,25.595032999677688,25.935145299776142,-11.807309781751977,-13.581177763131736,31.79131243584483,27.3312434623141,23.01979964291994,29.707248408893737,31.274121625626332,29.924877377428725,20.01961160800168,25.872072084870688,-17.486217530439035,23.195107892309878,29.076745798233087,25.657277026546932,19.096436031828304,23.904956597180966,28.379800471299664,25.992686962438523,-16.21967967366057,-18.487831782833748,-15.042266269792444,27.658999246216837,29.825967906538175,27.83054816065908,29.67783372408745,-11.464506619811049,29.820826532138057,28.14864774803655,25.80538021215537,20.988817076870696,24.536660226783237,20.757518220703332,31.661672824730566,29.430219274125633,30.223571963523337,-12.340729454295023,29.510334163722387,28.738310481096367,27.85180427472559,22.177782680477016,31.06211343077983,26.618584577037364,27.423471953688605,29.501703274708124,26.408345779052823,31.461621041514345,-10.665015018935954,23.385166449579952,28.21740766764411,29.2329710330798,24.869717484350687,13.697782969340288,30.986641338483707,28.90853333411933,-17.11730868343706,23.134735297224182,30.053239289541942,29.574310200511277
26.081120096472944,19.059080457955595,6.773430736780623,27.948494510013134,25.786680352286595,33.465160149419354,20.753792310153393,17.507216835419126,28.180282376754324,31.521875457643493,-11.26108840585507,19.68232291099669,26.160357668083915,28.79147392767082,34.0740284620403,-12.948792308081142,23.955127354286265,30.201951819748636,26.962286437003804,24.845215380789995,-19.813567395409294,27.31763672704719,33.588950804366895,24.9631260974818,-12.270476352121202,30.013644787778293,26.000968336414427,17.0640176853277,-9.893006231268481,29.309339075720725,28.96565041999112,19.295704313911386,-22.94448905136605,27.532833720873523,30.33711673364288,25.590902828198914,21.722107833138146,27.282399590108213,33.84988465475393,27.436417552426303,26.86588566492266,13.73377982130529,29.094186055655072,31.96714034772816,18.045025955496833,-9.73501540807614,24.435364294913075,23.93420827992457,20.191661404551027,32.19979411682952,26.43377285361649,26.869312410590773,-11.278957471220346,27.949340265452385,14.69457004853793,-13.359309482184642,22.733007351014223,32.325435842875294,29.236594669433067,-14.276759783899767,22.3672531568694,21.221152124277808,23.477241813432443,28.272513083226286,10.118629100515605,28.37897406140441,23.092622171103653,30.20699227380646,-7.761814826529986,28.407973682394523,26.49898880520474,26.674226874447033,26.022793054114974,24.516677758398366,28.946026716985287,32.763827920844726,22.63919005942672,32.733402396065785,30.94693902748794,-16.243047350746984,-9.75818105656225,17.30492884199108,32.098379481641686,23.247782203845027,25.13706017868683,25.038389393599257,23.699748505247804,25.20955797314266,26.560894829596723,20.707234865927994,16.15031473970956,24.829982300764296,25.43218787313044,28.411072564699474,-15.774251731520504,18.369227371773093,27.37474144065883,-20.158996045857847,-7.8293746247511224,-13.725867461569996,27.17567428988957,-16.214035104920534,31.501778470811647,15.035269878579426,26.52529232047072,24.516822736541435,29.75640770638987,-21.558226184746918,30.76093207335344,27.007161170856865,28.29168037484301,-16.20334287418425,25.912570591888404,-15.540386566553149,-22.26923290161603,23.79120448743626,20.671470340703607,25.21028412515503,19.80928491219977,23.218866619607,-21.293882546244127,26.192931783804458,27.2970657203043,29.680116216833756,27.404161780217308,27.63669728329559,-14.899786511174332,23.462239607314363,36.16365789167597,26.73710693032578,28.772780739284887,26.294752830368026,26.651648231236685,12.777232250307597,21.450811530825288,-13.264685206226993,24.89649614302905,24.518505145969794,34.17544339554609,27.071484172450173,25.71515223335224,27.234308687982416,-13.771278658043862,-14.594548032053337,30.80028602455997,28.050227394694215,22.218100140283994,29.736576688515118,30.807702593742597,28.90032969263481,20.386551084502667,24.99461404183776,-19.50215253426622,22.2443994139704,28.728157890184228,25.545060350949612,20.189339029534235,22.64424822304058,27.796107311127685,25.344235648464924,-18.05057947010723,-18.61925729260082,-16.886721554700472,26.170851931601604,28.456661141706295,26.89051896098468,29.951379544652013,-13.43234225071342,29.583726107247056,28.014137661075765,24.306688818640005,20.67125972475561,24.738065395258186,19.376832395915972,30.73452598454742,28.530461558854284,30.223365054947866,-14.3497705630127,28.89624493052001,28.07016085064049,28.589081499611627,21.481119688850427,30.519526792307467,25.463527497528794,26.42780480042958,28.880735476504338,26.41096014001385,30.175687062957817,-12.046927322963036,22.307155933697665,27.038216835694403,28.868161268217428,24.906802041591913,13.489814716210239,30.468559312400448,28.875510698157427,-19.36450429953233,22.240297699632688,29.37171767722759,28.86474046083919
23.388899340394968,16.718735576633584,6.509123738334697,23.845354566191038,21.887528447375207,29.084703171043802,16.350411775687892,14.407163572732227,23.718787764490482,26.74958392915739,-7.711955741327879,17.906916292243896,21.04781818834764,24.17324150169777,29.64971772507811,-9.663583211764808,21.529310160732045,27.200447632670706,23.488982622954836,21.35619890855925,-14.569968923583557,22.69647423893676,29.295875740949175,21.69484613326495,-7.995515656120131,25.47859425090705,21.128532084245805,15.737129765512094,-6.686073236628416,25.51369679219413,26.0710955675656,16.156089560706334,-17.656101093818624,24.111217213492314,27.57371356363483,21.320978069750506,19.180291824642993,23.772272459322604,28.88776422217594,24.70081141749596,23.9414534697112,11.581697949289254,25.42558367431231,27.912876277847115,15.176767838943826,-7.431415284853525,21.17233327176515,20.83533011548375,15.634255282327944,28.991404671321774,22.110050662468236,23.799635376638104,-8.519749843649043,22.941578828149993,13.406338160098173,-9.14620487903193,18.747383027953397,28.585942867775714,24.00982599636337,-11.186020492088442,19.56274787284286,18.058015031846367,21.374886376269266,24.03558348716887,9.358656616394276,25.660857593115836,20.10177595676662,26.60231225389924,-4.793883528433537,24.219769319952807,22.8335284883125,23.885919715071758,22.989345957182454,19.933579805887717,24.372959712579547,27.898642968786916,19.359819415920963,28.900190277892957,26.658055593761176,-12.343006299831876,-6.257919640510212,16.147991846263754,27.80778201907775,18.143205716086268,20.610895022167206,20.642139359257257,20.054284245630313,20.890139645800616,24.6661111126951,18.307718856881664,14.07363449999377,20.76481351919931,22.668216226994378,24.673518183554666,-10.736637447260954,16.255186037011146,22.6866554677219,-14.906853878771983,-3.9238078599413546,-9.619839417831155,22.825410327309402,-11.01751719602409,27.772191183793343,11.870839814263222,21.36902356158611,20.967854728762607,27.32316627544347,-15.818903490514517,25.765236590185037,22.366473889623947,23.05953853091233,-11.635464026054507,22.08806603415123,-11.776731406139158,-16.99215061440917,21.944450903010384,17.196338145258864,20.464406435846286,16.601812697657568,19.16757425846734,-15.61286315361107,22.720223981471225,23.90300429698771,25.2486446818907,23.22308345517698,24.386457400752384,-10.64855684655096,20.989476727116323,31.530023540522194,23.151738584554465,23.91895798754781,21.780096376311544,22.90981337594133,10.394890292514434,18.337210392720575,-11.644575021369235,21.25336898707965,19.93430075969301,29.571206804372984,23.945835790809063,21.778459519556712,22.168472112772303,-9.356258818692293,-10.720274778557743,27.28123939257319,23.238998749236835,19.76190841695343,25.341195732881516,27.174530527147827,26.13387112778654,16.920777444070172,22.438440662678758,-14.08739042841875,20.405948417358292,24.82228781841157,22.01407173909995,16.30578750434222,20.833927841504316,24.501128671178368,22.44609199242004,-13.21493696126286,-15.716339387403368,-12.035144235734666,24.185478902113896,26.104932479459432,24.263698373028042,25.268286763163214,-8.725519074809604,25.578868785848215,24.49141782087393,22.51936860317206,18.26641837207525,20.959483013205144,17.912784437878287,27.322740633926994,25.42162002331694,25.868600303723728,-9.72920661764642,25.371998047644503,25.148068513548104,23.897251675949978,19.08018563862135,26.836608980745837,23.4084637209314,24.025804178905098,25.405483251546922,22.49442277560944,27.017149472233328,-8.324489615174953,20.336228240947708,24.28918437311248,24.960828619413718,21.370898577909127,11.723684636211598,27.15325215991366,25.109395514689524,-13.79463186817849,20.33771392412982,25.828077790641586,25.623738187361173
20.740497202106692,14.856383501832878,5.955828891997751,21.65634999056429,20.180647654321234,26.507256710229225,15.700316304610347,13.772961882300121,22.193477636362605,24.67636990952164,-7.787502054451865,15.47464827894706,20.07457027343794,22.920132843134635,27.364435714448714,-9.497443420202956,19.583581712825833,24.149187250253313,21.917179438859918,19.310410530034986,-14.257260112791826,21.146657256375825,26.838992584129066,19.772425702203336,-8.679151971804217,23.327506607728914,19.870831541363863,13.919258150040767,-6.445559977208314,23.145588775987324,23.166392357888306,15.333739422750622,-17.198462980531332,22.363825016037215,24.181326144822258,20.124632442325,18.054470365051188,21.737460559091158,26.677434199189438,22.619928440502996,21.394365798167136,10.515376236216031,23.28416586036889,25.388900835567263,13.703916150128636,-7.25317237273904,19.11185371992917,18.889052904305252,15.478460205310567,25.81605357160609,20.253515288235867,20.99661913666024,-8.284874437535816,21.940601299158484,12.22067646045336,-9.928403941028277,17.654529271282918,25.7316371102463,22.700234496531507,-10.879815718689144,17.15805338183708,17.06597273182157,18.388331774067645,22.20961527015868,7.963574580936135,22.738842784518493,17.82439763952148,23.80597297637499,-5.733393410267082,22.60079282194976,21.119689570292934,21.45247204746448,21.114698501177465,18.73881036424716,22.32801161922705,26.112180457598864,17.53445054637246,26.372447912397398,24.46359867643423,-12.068428968289595,-6.815372326381881,14.052968350999713,25.31131820490197,17.65877306299179,19.6707265208218,19.005414216187976,18.40088837952083,19.444556140176502,21.815645345307654,17.022637060881145,12.913100747372741,19.39378879034429,20.512329591918675,22.525532798979054,-10.924978414949095,15.333578202332987,21.12050620163228,-15.131854196600456,-4.97533858706301,-9.706539019693139,20.9885477274303,-11.40213326232962,24.968360522793876,11.523919359783761,20.484150820633666,19.971004906204342,24.469614906098226,-15.745651656037978,24.290550078140743,21.244129730338713,22.141647996784474,-11.790994665003472,20.66824148370815,-11.608944390445531,-16.606986103231943,19.66024936024459,16.4581609604997,19.097058029231214,15.029540457027156,18.52594617871453,-15.893575732939077,20.73326766479606,21.380449893414383,23.011357797959782,21.43425381218819,21.889449977791763,-10.73542292867304,18.844469704468445,28.78873476703691,21.04936321432412,22.452775414018795,20.716244789950643,21.159533251334032,10.422678305038717,16.48311292068333,-10.116753560968478,19.29146847133614,18.687018707069356,26.990080715546807,21.606068139190224,19.858974273288077,21.314733557492186,-9.96922896502194,-9.987988657550657,24.29735953766633,21.860804549448662,17.739798777655814,23.091109091764043,24.732105064094494,23.42592177426258,16.297076083939068,20.425657005075898,-14.134092130512373,17.968824383211707,22.42007067429085,20.346600255792318,15.806793453625525,18.259952214875334,22.400906802818586,20.536081930281707,-13.405610616989575,-14.165873549435776,-12.121089110452532,21.206742469049225,23.369424065536517,22.034964693616047,23.357709126282806,-9.274821612293978,23.332775810083177,22.361195386895655,19.897164815450093,16.874258235165716,19.612468567341423,14.970384320928337,24.566814937639826,22.672738845526027,23.828302637635755,-10.154375701852722,22.84024887258048,23.13440975763746,22.722985956502267,16.7172039715362,24.42246588798652,20.694474490330727,21.711774949507053,23.01311091036619,20.49469032714503,23.957995014016277,-8.438569503544452,18.277762032678798,21.577877708817507,22.66491060380348,19.611778455934378,10.585012274703208,24.786576475970826,23.277241724977834,-14.167479931310517,18.13573638728077,22.977684623918744,23.372347318624737
25.11887571466728,17.934052979751584,7.066042026651858,26.28518688906807,23.653669790573492,31.58180818568121,18.593905802691555,16.251837455618844,26.771743342811437,29.29585062758973,-8.979670645139848,19.001230272219853,23.33179304531477,26.829414183006215,32.13888127741715,-11.464278506844094,23.501427056371245,29.079029081401103,25.37772037690443,22.780787785198655,-16.603562424379636,24.88821062303011,31.906911379745605,24.228301154102706,-9.875563239313896,28.106470428281252,23.17393426342406,16.90940818377718,-7.887358616270964,27.23564464768906,27.633608937780103,17.957725154095236,-20.071741304537717,26.725357256464694,29.25034285319221,23.033257440001126,20.62359927945655,25.44701337339261,31.594875479576984,26.643471143666034,25.434373085438057,12.34752923193708,27.774481299914104,30.675117026207406,16.62277053782905,-8.342632739865634,22.598432351523353,22.33292749602243,18.132160301056565,31.24423987956686,24.613803320556674,25.48554238499084,-9.65131254670649,25.62237010393512,14.070849942405435,-10.887189947781316,20.475276461591406,31.157313948931566,26.631168259893236,-12.889200560042768,20.702133618476637,20.078606038539924,22.226371356377093,25.654041993774822,9.927631050511264,27.776528921522473,21.572256270402924,28.39983354191637,-5.8405181463210765,26.487446010923044,24.842775893985998,26.220152652829288,25.49656280990583,22.312733337569238,26.358831405046764,30.433431829482263,20.661247224177078,31.66567629100711,29.17281518911085,-14.291395717282018,-7.037983415748953,16.67883168645953,30.28901503845219,20.71665084828309,23.378142597421736,22.416596708095582,21.52431703398482,22.93221831035072,26.068375823115833,20.52115139593365,15.41871284205717,22.46380717412493,25.00267399249411,26.67978572836992,-12.747996553442817,17.325194337415244,24.59112665955047,-17.551547095730154,-5.246981351228318,-10.9546766968098,25.014632862209556,-13.194880605958868,29.87318374173524,13.401076367081378,24.229968564475687,22.728539963480056,29.581838695361053,-18.435552928628457,28.67395659272217,25.300962769227414,25.483121840505195,-13.810055367431277,24.69929515979175,-13.40131155355187,-19.590991746347452,23.567821091460964,19.922824511556684,22.96533948859361,17.99891567547771,21.41883565704347,-18.299252880047288,24.336639085686507,25.70496616658957,27.376813803866888,24.97714336215078,26.740128264287172,-12.239573463582456,23.01609950529541,34.28717587447258,24.645475983383538,26.46532193212533,24.14398065388957,24.979154793136363,11.955522173670476,19.44731927952574,-12.285170254073867,23.113215042413216,21.90172767687746,31.909415400147047,25.647469473810222,23.429349320628575,24.69374744006574,-11.282104305521571,-12.298765965924941,29.485678486000616,25.28056769902381,21.047666278272164,27.698694551251045,29.50884994732434,27.804913728050536,18.569003795426976,23.668626224533934,-16.566908598035248,21.49621362729119,27.02808746157185,24.709361981864557,18.12313086943965,21.868411922288228,27.038161132619372,24.355223401427804,-15.65925048172802,-16.926794853168595,-14.13683648434276,26.026548107373557,28.266889196460394,26.531961515048145,27.75578226626957,-10.64755869560234,27.786398018396604,26.38367785192837,24.374913105633432,19.86852813024657,22.64689937577249,18.323641178617212,29.16717368901208,27.092905115482733,28.832955704015024,-11.471209983278827,26.94571184098626,27.375678699231518,26.402794751479167,20.02577008184595,28.976502392341686,24.385889612194863,25.60219995847824,27.77168766935782,24.35381063041039,28.675191288421583,-9.834297363704648,22.318409723385695,26.204409478431142,26.868854935958517,23.062581609542637,12.37489021494287,28.911115367470885,27.460008405598185,-16.380248328532584,21.2720776719786,27.967602926575974,28.04402920026153
21.672680723000504,15.148899678621406,6.365546762071596,21.815078838549166,20.015903541092005,27.162372249844406,14.593233926548368,13.179310593889724,22.14920162621755,24.702772841940973,-6.258688977366398,16.98837743779118,18.908634511043513,22.490472469022944,27.817641362233818,-8.73017989735358,20.32827518224477,25.444997782850272,22.048633611032407,19.482901173567562,-12.481167485180222,20.59802205526273,27.281650438004444,20.41556180665576,-6.590760697533305,23.758729233201354,18.895104956029602,15.22657865146272,-5.404902913479581,23.743031397531063,24.29844932108173,15.107973349092418,-15.5786380944394,22.619055878474857,26.163638566536125,19.3220770616851,18.348049275406684,22.215952309625774,26.81555547855275,23.714988139702605,22.485622237761266,10.444309935684272,24.049543457024114,26.062132876269104,13.675831890466476,-6.4346896065888615,19.21908880762669,19.27268437961602,13.966907671394344,27.363460699855334,20.35132472094794,22.188680421613082,-7.621052224150828,20.882754100669754,12.67861060442004,-7.55609058809967,16.901464855444885,26.810068788268584,21.871481632128994,-10.123978758704501,17.962748510028742,16.906065137133222,19.98116319853942,22.12202519364644,8.79947092920599,24.22777685279381,18.645044838555727,25.013775233512938,-3.6168471587576394,22.66836745477825,21.18807606688792,22.59609075824352,21.905175941933134,17.8924953596024,22.149011078042506,25.827031040729526,17.91613851711529,27.423883522450712,24.760289764898538,-10.863058545999387,-4.613464254046015,15.005794411873818,25.642596933310703,16.214377100313413,18.98129541420959,18.392888949973372,18.24340757978848,18.97210833034064,23.444572377347683,17.365261600227935,13.15412737866107,18.71435596670717,21.44687927292094,22.86091847208707,-8.91728927334927,15.135139230665187,20.41351607635334,-13.000882382134636,-2.5438963941666897,-7.890323208040178,20.89815296865742,-9.094044704935149,25.7656860746863,10.66382207758561,19.496411303387216,19.359741814161296,26.228289334692615,-13.6648728333333,23.980125115767528,20.80497058752531,20.84163706859835,-10.011393152701581,20.65437232654805,-10.46588018268927,-14.976269024129053,21.185752876859635,16.20545930048778,18.35205189862187,15.139332796951146,17.78696449210479,-13.505266552341839,21.142836496023833,22.084868183936273,23.363523656205192,21.210942796516274,22.92693356080751,-8.933185965649002,20.268718310646477,29.51080561292976,21.354914368591903,21.80090243414623,19.614363199163158,21.202696122337514,9.592163296038693,16.529948447030545,-10.640888798198377,19.239541881006723,17.73872240556837,27.312248186456678,22.066485606867108,19.936650566751254,20.166657308401714,-7.794391426712114,-9.218560212461652,25.74886629916258,21.112570626788525,18.3629478344475,23.587193667701523,25.591490385086974,24.388448979525165,15.691591339234638,21.31409529802318,-12.165752823987422,19.385710368830722,22.765002636321487,20.704975836074635,14.611723763409355,20.073778844037363,23.09958651302578,20.998622724472398,-11.600788145289977,-14.290286131102889,-10.106900907683814,23.014332188893057,24.931172445229056,23.018162646343367,23.34996627261223,-7.201949104348555,23.875178244304358,22.862290145358752,21.561877707822816,17.43982386974531,19.149566712401896,16.425826796068527,25.736285268049865,23.779030086677345,24.068766930841456,-7.891711288065902,23.60559723941135,24.037763109349175,21.848274631617212,17.582800811409587,25.36803642170795,22.191566447819113,22.98754982414081,23.58259344313858,20.40195425886533,25.539766693078736,-6.97109926583168,19.493064041376996,23.18188996950363,22.897219690763972,19.511711298734216,10.670038497229903,25.417539319433924,23.37888329664328,-11.94798984722732,19.384509529430968,24.150688889519735,24.049754228021254
19.720049251741603,14.226513397786661,5.629666932827258,20.409737063527547,18.036210240472176,25.057728682022375,14.3659801795394,13.251954250693995,20.457029769299464,23.272780685000203,-5.219290299528549,15.868710636430961,17.368181787319255,21.134079300862947,25.460242896249476,-7.928397088135452,18.847826596856905,23.253051811819226,20.518102910093333,18.615144807414733,-12.060228213276675,19.629348090794547,25.225271832078935,18.28745698585405,-6.37035533867995,21.968221601772914,18.132736950292234,14.084645476464845,-4.956391259079867,21.29803958852929,23.092576233576498,13.966140781621542,-14.601054144522763,20.043270158812888,23.927466411745435,17.670187532975802,16.31022393750947,19.784517367168764,24.52563730460484,21.155267469299577,20.73207331839659,9.311657737934132,21.90318964330088,23.751394433073795,12.803945775810286,-5.719795661416283,17.790349406254965,18.03970794096464,13.01081088784708,24.594635916517163,19.012619999373182,20.59686889703357,-6.606420068677074,19.29851641083198,11.663224005915565,-6.563278366959393,16.45315620243419,24.392217030295345,20.439404313430153,-9.209890968383169,16.99176001757443,15.091266783501712,18.405585885644324,19.815105728519768,8.304048149708493,21.806247998692807,16.900911891661604,22.956722075687598,-2.459887367830003,20.42019762695254,20.38167676846438,20.143140735938942,19.097282473434,17.273665356988786,20.829366005455256,24.26126080235327,16.50374109927247,25.10664903450141,23.304149311661195,-9.878638263998315,-4.183603414768367,13.458029775999696,23.473650962297267,15.443700480717686,17.420331702313863,17.65942584749742,16.700126036355105,17.77273311008167,21.78148326753397,15.38919076994944,12.666938070170259,17.665592822204207,19.1708299020808,20.868588991149622,-8.13782798914527,13.654693028174702,19.697395228069546,-12.150821147125606,-1.9638513211469781,-6.894925654795337,20.33824970429353,-8.724623619074979,23.57023956071345,9.692521170760633,18.339065090198535,17.77017916779848,23.45087447170865,-13.059668159627089,22.09893610521507,18.87342512137236,19.557647890842222,-9.359570946210424,18.650699351036096,-9.952239225908206,-14.297459938224618,18.899638536728652,14.10221796836809,17.01973598758,15.135578572435675,15.840296634041774,-12.925473644776407,18.85417389047488,19.97094751328123,21.491241814361214,19.863784247575552,20.66188953874869,-8.80869673266943,18.186370356418777,27.393153611674766,19.059863225860003,20.42539823071015,18.53092404915575,19.637519802906457,8.105875580154885,15.280352283472807,-10.496375549140605,18.860782842540843,17.414024074714053,25.468352215907935,20.07969315625602,18.550089975922685,19.262859814012455,-7.632778122801633,-8.569176161324654,23.346096919038743,19.70878066143779,16.636431748910955,22.10542941321197,23.9082221673456,22.2288604363172,13.609253523434463,18.981398637191514,-11.627174806050869,18.297630128758044,21.073006565857277,18.33142232271235,14.063454906782976,17.927843688878653,20.7774517536245,18.72187492305059,-10.881920353549209,-13.808228293722445,-9.720444180893825,20.875215219407707,22.39341484932059,20.404185268659894,22.341053917384247,-6.34389720624974,22.145562431542032,21.48408158277733,19.042359579001417,16.207518200934047,17.764733815413653,15.263862692208074,23.84235218176071,21.821861101687123,21.863376299907888,-7.9552000489642865,21.842198301628077,21.73731986024673,20.541588459363574,16.263343039958574,23.51331642350607,20.430007820211376,20.943395478615983,21.716711353707364,18.669863351341423,22.78490325503295,-6.438956811884438,16.95980509555972,21.088820873753242,21.497932589570766,18.818312256148406,9.932965150388334,23.770514273642746,21.42531845070371,-11.192336542588285,17.802297008140872,22.329118992956538,21.645206078554622
22.173534046180833,15.89024198637727,6.177359328947816,23.065287842626432,20.907239262365017,27.8792063669831,16.157113310909516,14.001287169959067,23.316956833768366,25.75777962226722,-7.477344883162872,17.158111857833596,20.279850114623255,23.55047568820141,28.481706941604884,-9.675828711296779,20.59555676114715,25.640537166071237,22.411521511499284,20.07380003334378,-14.21504397170697,21.823347524753032,28.09781248385507,21.06004096425449,-8.176941756392551,24.84424241503788,20.292157626222245,15.0380806937387,-6.519107521049799,24.220016146664516,24.682212373683313,15.600243035802574,-17.182508454622454,23.3035924401824,26.122315077973816,20.184402554130976,18.445279948370448,22.494103957808232,27.8654172141969,23.624686263406037,22.582703292735765,10.859770453019678,24.493014849982796,26.902465249667657,14.47561502271283,-7.180308098316861,19.747086786323695,19.69837771597374,15.539811413202994,27.639819688568416,21.590197503256185,22.737221036713006,-8.292696739469664,22.277200734825918,12.443797550242108,-8.975015210209023,17.973103305760265,27.36999356496454,23.27747699945772,-10.958536831804695,18.58750688391564,17.520043816451842,19.996985150628642,22.836120490833903,8.786539800488017,24.421188933319385,19.1892597767125,25.412965261397527,-4.628125777981649,23.509489152279205,21.9324815218243,22.96116807094088,22.17565786674149,19.347400532693637,23.24936638815992,26.822449853400528,18.56695606012401,27.867029871271754,25.609064373147145,-12.06652941084633,-5.754513630379708,14.673295031622152,26.581339607228482,18.008602076322205,20.197288320304533,19.577081478249593,18.99404600153265,20.050180116068134,23.208779828157077,17.81451517531717,13.423417954360376,19.592649648991568,21.87564487459124,23.53485848898779,-10.698493218681778,15.339016427542331,21.65727436091321,-14.849086987655328,-4.066668381474788,-9.176435710116069,21.967132843062505,-10.950427609951353,26.270445716206286,11.617116054393874,21.037805569448178,19.972891557358558,26.136293184471104,-15.65532149985786,25.247641102258626,21.812406216213112,22.265003582509653,-11.657436968057207,21.346646911848755,-11.508177308929156,-16.80657857543371,20.811917122076224,17.133256122044283,19.897115167810153,15.931270671313005,18.69247218935083,-15.532209482457027,21.55500205635698,22.617102568510127,24.305745591626597,22.000483270317005,23.505136761204206,-10.460324591379793,20.432435530288558,30.325194316952256,21.90165920193511,23.162334487274368,20.999814832013204,22.031381049623278,10.154190757344104,17.265306360451426,-10.836155637497956,20.39579977519242,19.162951443521845,28.188514592510842,22.53228572937567,20.56650046067293,21.596415457687016,-9.49640327538441,-10.40027329273059,26.20911221611885,22.24778716809748,18.53473043800058,24.540794784541596,25.972992393386768,24.56017153887257,16.49338006714172,21.242610721588576,-14.077286102213286,19.485003924682804,23.698889694419048,21.495490599723787,15.737909310594336,19.72880421994029,23.63582540474562,21.260991223229283,-13.216040677045129,-14.83635770626639,-11.847426866039632,22.953818864690355,24.92474810880588,23.19951606893604,24.506847083381995,-8.868484117949029,24.669566050827168,23.41433584477581,21.40902389479448,17.563702457735094,19.961751685961346,16.4521330871074,26.044864562229716,24.18259840884451,25.124769538097624,-9.624684824215194,24.10233666478261,24.06882882365215,23.01219686314552,17.866513986985144,25.71392787628401,21.91640847213086,22.814997554984078,24.39303748696925,21.29154687016327,25.667383669895145,-8.309132440913038,19.45508625174239,23.358961203413266,23.82761964429751,20.473183628439337,10.787396815892398,25.768775553397212,24.01252617893343,-13.835699221930788,19.094170533234415,24.7680181740523,24.479885283486194
21.333244466830266,14.854378620592051,6.2915457917051025,21.52226602953529,19.467851486946856,26.40584988846845,14.245937139869703,12.941949047111683,21.85645094068202,24.02599450083497,-5.990274373168376,16.73077636949673,18.202820853252504,21.877435376542422,26.931191585090673,-8.508530398970281,20.012529653911464,25.025770230142918,21.28125185287982,18.886472699279842,-12.01786811125386,19.958350896535226,26.616765929942357,20.258235783992163,-6.221025660661424,23.24316433245635,18.20042778655029,14.864077920409796,-5.212563797897085,22.927867444914728,23.785381277513018,14.473934971987342,-15.080994362295248,22.25560451583395,25.526353687855575,18.51864294388342,17.551910213541134,21.40069678791157,26.12903979982462,22.993224176768933,21.785291937167848,10.050943842779326,23.391330007270355,25.606680967956112,13.447968183642512,-6.242975582648495,18.742822686775128,18.82126534900136,13.818698533488753,26.83735288500601,20.111971816632792,21.767722151762758,-7.200269527718046,20.414661363692616,12.343099142441524,-7.15233682594796,16.207061995555314,26.39071581031625,21.352079812835097,-9.949136061917015,17.604548976244203,16.504413645013326,19.504240299639648,21.17463430986377,8.696340714428526,23.873703829756607,18.153563079361334,24.220287400624354,-3.3552322214142443,21.894241537422133,20.64543420730637,22.343920650150416,21.626144508727815,17.46860127293671,21.40799872986888,25.055453073736192,17.202649503965425,26.856542142255744,24.206995259870112,-10.622415034599088,-4.220832552251751,14.723880163302393,25.191879844697514,15.972717135550223,18.676604384529657,17.945221807044867,17.63161674052307,18.37865720834429,22.88884886574838,17.186708962948614,13.105584585802937,18.16746812332672,21.2260891265385,22.233644863481,-8.576491523335806,14.574462115309428,19.66806549722483,-12.735166640497823,-2.317125895546546,-7.512419058106001,20.37635228209509,-8.873724621240763,25.203194212284252,10.357270336529899,19.17259344254587,18.68800333635999,25.743125739937614,-13.307107826042225,23.388553279796934,20.470791561830335,20.233475611658676,-9.869066315524371,20.350399530412922,-10.011188228834472,-14.721881374014723,20.718537543575966,16.13300218202993,18.155204873760294,14.77056619373141,17.231979185602544,-13.171257431889899,20.417546715403837,21.62263146811333,22.643795717612,20.453099769021087,22.61804664133098,-8.55291546143716,19.921341207967433,28.74853160819114,20.567882369389288,21.18439651337797,19.10603672684173,20.473625861812774,9.404752425852143,16.012595733716246,-10.309934227407307,18.885838150035273,17.268560901213384,26.590978607408793,21.60141940177922,19.249441718516685,19.606820300541898,-7.5217916901139725,-8.990972098044807,25.207753462561158,20.3460231857918,17.900510329216182,23.036118817966386,24.959925050370504,23.833152550538337,15.046373158648489,20.34317289240273,-11.790026829092122,18.957453057517885,22.41753380426784,20.53987225680827,14.077321442880265,19.430043953072662,22.746336323296788,20.62731419634457,-11.286341006125976,-13.888988990694772,-9.904036475210445,22.706703237073665,24.476928211482644,22.648993242570157,22.743998027430106,-6.77190201476276,23.12807570914034,22.1556544019935,21.32776835599556,16.8627275646466,18.44888073904687,16.14010986580946,24.881919849179095,23.13702613931134,23.835745507681647,-7.510140631277841,22.871553008929563,23.480136868920646,21.261511758722456,17.02286537492907,24.59385722437492,21.40566877605388,22.205349381311393,23.232868152850624,19.98530317341876,24.733581822702206,-6.715224072302296,19.33834409607611,22.63296945652402,22.27139019867974,18.849134665749975,10.350188772024628,24.615674007769442,22.82106874407248,-11.571010862582458,18.737096874172117,23.73770431642898,23.655488041120332
18.929316151260167,13.346748544609362,5.6186254862158975,19.058197873394143,17.20352952994559,23.608078157509166,12.679662018641867,11.761760354061405,18.949732852395414,21.67172360452018,-4.521459481415718,15.131014873163263,15.955650343999578,19.564633441397017,24.17441153097083,-6.9260699069478875,17.89738062442595,22.344990144211355,19.3185520234079,17.27409387112587,-10.391465995676473,17.865600586999086,23.740135036507414,17.41371584125097,-5.049930378213694,20.565768390630332,16.34658455855461,13.7281385300837,-4.140432086400803,20.40621909791192,21.820604320809228,12.802148125750712,-12.96453736171265,19.273092453119148,23.046287009960626,16.498860749508726,15.91799835693489,19.0183239748439,23.20163472726734,20.531547251889986,19.723304341876776,8.850017806995707,20.796038112264732,22.477611517893514,11.862505777175087,-5.184106972256385,16.701178527681076,17.162707607422075,11.762347006311234,23.79443349100289,17.6476670350365,19.623756971037988,-5.9399908347420505,17.877114108045213,11.200885412854028,-5.5351112449681485,14.970050597642294,23.253804435056498,18.791613838101078,-8.27728313140717,15.99683650792507,14.434195118169496,17.758765677888352,18.91874243177159,8.005625302927669,20.984525907041693,16.192832243918904,21.892572525827887,-2.1003079924266927,19.495202277073705,18.80010127702184,19.314376523184098,18.59357534515093,15.59096278792353,19.31302082678957,22.600140867399077,15.643014946342548,23.840726427476454,21.58600497525327,-8.830455543050574,-3.327196712384519,13.224659733792475,22.19280401109861,13.836152699203554,16.004248261313993,16.005594003227525,15.75203728785698,16.26908120783997,20.9113473840039,14.75606176038618,11.805702127133463,16.287167591995296,18.53364302894649,19.801141452785746,-6.937966133885771,13.122180358574216,17.999447287152414,-10.6490648113862,-1.109981640728819,-5.934987956373307,18.45554378849652,-7.1887323498766875,22.425096131243592,9.029884199096108,16.695007002309133,16.75061666502282,22.759992535203462,-11.159744495599181,20.635465546408106,17.577815302431706,17.975264519458864,-8.061936910138613,17.562396644619618,-8.755859738942942,-12.537777845441592,18.38679501858109,13.348963370685063,15.602899986146552,13.705367438849704,14.94067985778231,-11.113387597405728,18.076472073742085,18.998092272379594,20.202221249975754,18.493922141685722,19.643483405847068,-7.339004754154906,17.46895457866659,25.84123921470852,18.29891533561554,18.69369127409594,16.99878189186256,18.398673102081265,7.747387321449617,14.294016903674455,-9.599462483556845,17.320610671711027,15.676647920062173,23.955910418806425,19.114210378827416,17.30769371478613,17.497734784437686,-6.19202921352946,-7.464700934922757,22.390278748467747,18.11945366197037,15.99797801189719,20.54877316252592,22.46103197783504,21.448952236270564,13.134824118782817,18.508557588416263,-9.934647386257073,17.534715105166114,19.71698005100566,17.503538076516485,12.752456638895726,17.599975317227248,19.798239231829847,17.95411947680039,-9.41855887270575,-12.664609857366113,-8.17079537872658,20.147152822897908,21.64956443902181,19.772245897737502,20.594572973920833,-5.24976712606363,20.7496574779764,20.09816190814567,18.585806515417637,15.270746115494003,16.59469320631636,14.707279471684494,22.68360208196382,20.867625572721753,20.60232622853116,-6.37422471865364,20.82349897351831,20.88842079584052,18.970381494712875,15.491907425371018,22.155865545301083,19.759022316881193,20.1794989595071,20.576062148124116,17.59949485002996,22.183116956704687,-5.42927220974351,16.629858221198855,20.20330791681331,20.04157144473144,17.436701239369807,9.300093998797117,22.571127308904124,20.282950622171395,-9.572571571583861,17.26907603177294,21.095909992231224,20.725212818259966
20.61993311304315,14.614853349527552,6.106353472725255,21.195319598335136,19.40383990002528,26.06431509674772,14.59897842853122,13.02930797925795,21.412955401133175,23.986766424127143,-6.2730745886021815,16.18693603672512,18.565068700386007,22.007428378694218,26.837152957961877,-8.476896425867087,19.412928064481473,24.10826411998031,21.306076068636937,18.800157693961694,-12.440870035395028,20.18599996490487,26.22200402110245,19.454772042386896,-6.796356733775008,22.959907686333178,18.584246557570403,14.555570531138287,-5.276332001489186,22.707432402914463,23.36230853018775,14.594689827070448,-15.364941586110557,21.655174240810563,24.738105189411378,18.826510724079256,17.75840984987498,21.207547143860246,26.003723097919103,22.60877361872582,21.389431052506307,10.083110923231828,23.051968123267713,24.931658825184265,13.174642674279152,-6.392119277001532,18.352080938982773,18.677782036337266,13.942929967256134,26.015765399602387,19.70912956172276,21.266351098037237,-7.361020711788515,20.45887915381619,12.08677811130338,-7.644614385891041,16.67077454389579,25.485335374390026,21.311754730191712,-9.80274284548293,17.296553586490745,16.41946578795984,18.826427990295663,21.340784990076436,8.30903751030296,22.81440096548329,17.851330672232454,23.95505298737643,-3.8112227075042897,22.065199759647115,20.662712903856963,21.32153474881533,20.814459904227935,17.70547674453223,21.547742544144267,25.179287478398894,17.291471193946503,26.190210448726106,23.878303131454054,-10.623489199253596,-4.752492584194075,14.067019574624648,24.587125320822835,16.207783607345494,18.492962769802766,17.915505015182994,17.6156679660673,18.546292762188386,22.204406423451477,16.705117993467773,12.74491600262719,18.23200511230291,20.436662603779084,21.914834874715023,-8.994477924457321,14.685193711833533,20.057209524326325,-13.09235694990505,-2.8568499704857553,-7.760217055975364,20.307925491287747,-9.280516992570485,24.572778473237513,10.669109358818721,19.132835819273165,18.846077448765193,24.78840006134966,-13.664938330375342,23.42744134480721,20.13026177608106,20.52801923295695,-10.103437908861551,19.7614406256338,-10.243688939671285,-14.890880551260299,19.949358188458895,15.639419879347644,17.891462230968344,14.64379891820608,17.43453932318217,-13.661930001246791,20.272481103052105,20.90536031779296,22.525843206581023,20.515524408495075,21.76903945297821,-9.044842339936913,19.18474181293273,28.39390917248223,20.50375523669859,21.239417007760657,19.336735982086356,20.624679515331056,9.42801658368515,16.01146077421179,-10.127338490402403,18.8791617617024,17.52560521147075,26.315412119205323,21.010487006262807,19.157794620889213,19.884202595886112,-8.074957905109086,-8.870621510856058,24.537449586888673,20.577571471360233,17.499871951800507,22.74839370595224,24.45280944716613,23.175502417155272,15.385539758286365,20.37663279109747,-12.269435189015587,18.69583041031561,21.765478322037747,19.801499460496444,14.579971841633718,18.927059674405427,21.95631696033184,19.92371783081632,-11.585148103290628,-13.801202135744749,-10.15691743269707,21.608210296638195,23.547151580086126,21.768016737034046,22.733902685300237,-7.36185935187908,23.085713079618387,22.045711264677852,20.16050853196669,16.748161951487692,18.685651374404134,15.412804451037593,24.661329620351104,22.708396387173796,23.12481108719197,-8.164144495695659,22.762667442032775,22.935249055898154,21.42381485924054,16.748620149309538,24.235893816968915,21.017557911606914,21.900378900852456,22.6470491872891,19.586818327260204,24.258813057264547,-7.018626183063189,18.326121778987204,22.020246019990648,22.121142228520462,19.189506314321466,10.09548521729938,24.532112774266196,22.473740283924975,-12.002355005172667,18.393102561757395,22.98891336707775,22.874541338181114
20.949481222255198,14.97750267505115,6.4224954300905415,21.307345883190045,19.423928257583484,26.34746100494262,14.359113112858504,13.271168726866032,21.125256367898665,24.157898000258566,-5.826534908322177,16.502789223556114,18.29778844779533,21.956251423600868,27.171326805453717,-8.072371990199429,19.748841947355547,24.523245613534492,21.54537191755387,19.1926786986625,-12.027650742950032,20.129922430890666,26.44625168146571,19.486601791259133,-6.189715866660507,22.94981999134791,18.53958982905907,15.017897326855959,-4.855087779345433,23.03229854458266,24.101018770491674,14.50995861402737,-14.949072096769594,21.627855382852896,25.4068850915485,18.90231241207165,17.953896221876363,21.45065247076532,26.182070595857567,22.87140783295967,21.882738687633772,10.19728412690134,23.281561139219466,25.108554342087373,13.32271646944736,-6.108619265002833,18.61237572702323,19.07222527994378,13.418296903723684,26.506508872554384,19.708812879656787,21.783223353784933,-7.099155071826735,20.14822796015347,12.58459724547269,-6.928820901380913,16.781700820700806,25.70146476850907,21.12163646101633,-9.362935093865238,17.66908286608836,16.444350243817134,19.45760257850766,21.468090618103574,8.52803847332866,23.110054936167998,18.16214169461361,24.433231598052302,-3.259000003040635,22.151651713850836,20.950752613148982,21.411450580956938,20.855404952534126,17.59223049580277,21.806107915861176,25.395260160090704,17.40744838908474,26.45581192994935,23.91268743501246,-10.036373451061017,-4.414427953530125,14.691733770991712,24.695417708856024,15.717769378765249,17.976574886039437,17.99982160015784,17.784897017969325,18.45951486069748,22.964479029956948,16.6634530360622,12.9684611375508,18.364864636244654,20.57006944023623,22.0657113195992,-8.33728224580789,14.831268325372115,20.325852037819104,-12.386947181585938,-1.997225582791383,-7.263632840423749,20.433511174490476,-8.567095173996028,25.04573479860777,10.529602631022016,18.737091741465978,18.954603825509224,25.122660899740268,-13.008424255816536,23.256105189752404,19.861242505165276,20.361366843625948,-9.46115321602066,19.5995831619524,-10.024842193606071,-14.280290263564504,20.39948864597175,15.123110933827464,17.637185969180184,14.935147220999088,17.329859484707633,-12.970047863275008,20.549114676007918,21.12339972419068,22.740076514626484,20.755918808564996,21.757285741540613,-8.645710404335729,19.2534600578871,28.742902504901107,20.793499310948352,21.129511901831037,19.225892287628255,20.735040268926312,9.187763237124102,16.308490946426538,-10.54410587977979,19.170778221424992,17.6141788472115,26.630168305716207,21.244457079372737,19.49179738336405,19.646227533616152,-7.586611592586024,-8.544280447204372,24.883082778390445,20.532493913185178,17.87071915801985,22.887525319782586,24.81829892632953,23.66115888960301,15.138614075167379,20.86594954704243,-11.593694828877437,19.166357657805587,21.928968696168415,19.535728007017024,14.452054638216616,19.497613507771693,21.968430191261874,20.086890309166442,-10.937419509528944,-14.07943409455842,-9.486461686149832,22.025904190772977,23.916430809782792,21.912990811899554,22.98744195423568,-6.606903358932979,23.293716777947946,22.236856531041777,20.456188317634638,17.072200601698782,18.892211134127546,16.0822063812403,25.295813456081582,23.121673991132315,22.964212281234797,-7.704044075086699,23.25742790478586,23.22829449501686,21.467346953740705,17.134801111455673,24.658319021438988,21.71207997348935,22.40927311458703,22.897032704660607,19.672176647789016,24.76098116723403,-6.574366812922175,18.45860109864922,22.402074872553325,22.43423161972636,19.513522082141094,10.326229489492881,25.115088261184756,22.60153136892016,-11.189813107230325,18.991811933319664,23.284111691310514,23.038570782752643
18.46465292186164,13.218885904186717,5.544761595843672,18.994129485750115,17.217778442380062,23.470683975341533,13.00270118598024,11.977334967581733,18.894023026134487,21.671588352576162,-4.9454426143457715,14.795809883790177,16.28492197670287,19.77551752055342,24.252831900607497,-7.133374695605323,17.485374544465188,21.618453007160554,19.295919863975342,17.098836926312767,-10.843019556337808,18.071105975465294,23.543494936314932,17.051156474955643,-5.693647907057223,20.59319537963284,16.664462311735928,13.393913197368999,-4.248736509488755,20.36097890788768,21.572993784389745,12.892284884047676,-13.38311233497147,19.014597306167026,22.4889269377777,16.734341785979574,16.079457947540813,18.891741278513148,23.33990249548619,20.31821592395375,19.443408258272317,8.922279572443049,20.69448502942184,22.161783061100675,11.73977196158753,-5.392749858007794,16.366162879772013,17.037693514794856,12.077092613664458,23.35960360028906,17.637240053084263,19.359725520217964,-6.1539793701865415,18.06814734929551,11.002938415837058,-6.024383201161448,15.176086736115488,22.687340878966676,18.928201444085374,-8.256006012259688,15.80968659575208,14.64206838262306,17.179853739002727,19.072661888209534,7.574803961471337,20.259036473774163,16.09735552586867,21.793616213182574,-2.600484141903351,19.803974982239815,18.884748861230126,18.76364608910395,18.194114465864946,15.822649712258544,19.433886056580928,22.785880992185863,15.663440030056266,23.52035479204657,21.41605548437582,-8.906801892529336,-3.730667432053326,12.65317718208333,21.830539174383254,14.285176105676374,16.063618115569085,16.011648197832603,15.752404500872366,16.464821428475968,20.38297989117358,14.68598165943265,11.638209550528167,16.316169208520506,18.112819804934887,19.54665918525603,-7.43119554917428,13.167690697678664,18.29457823641628,-11.172627935505353,-1.678228286438245,-6.202907978746183,18.402865610418587,-7.661619326835355,22.03706504976392,9.36085635936665,16.880478500302942,16.9027726176558,22.19427736555724,-11.695733363125557,20.940864513258646,17.59965636694314,18.300934532612093,-8.567572625779489,17.2612960080292,-8.931970786524772,-12.910740408968875,17.914649748768742,13.348970635538672,15.669526793145241,13.557728127759262,15.363682656555389,-11.72912195679075,18.09925527898895,18.559366095873077,20.26350893349935,18.46389231474037,19.20321032350071,-7.86525544360943,17.102965445505045,25.689371765213295,18.34885709437019,18.8607167520459,17.21268178693697,18.506546226507286,7.962769272327481,14.328334336668894,-9.38079160029245,17.316551499409492,15.922225360012915,23.784738688042154,18.733048543526014,17.236405832379553,17.843720962920898,-6.958264690223017,-7.4944367110655525,22.044628941877566,18.402596940037455,15.789990159408253,20.51448780993281,22.118595001566124,20.873234502557178,13.553336589296023,18.483609603683952,-10.539900502358336,17.320909032181408,19.406849000044744,17.240951129611094,13.069387823748727,17.26813441951481,19.358541390204508,17.605382130801953,-9.886975820418616,-12.611785487481999,-8.46482658537903,19.393163741708037,21.073308007399643,19.216044678957353,20.761488065712467,-5.8962382661003945,20.855864394218464,19.94489086783327,17.82024760986066,15.237036828096036,16.878061562347764,14.062857335291342,22.589308695169155,20.553360003068146,20.33945816599515,-6.955075935276304,20.73426513961726,20.567181819417268,19.15919717700369,15.167466672123629,22.024222701209773,19.302333186779556,19.92790564580859,20.262422583247268,17.316549741261284,21.862763259607853,-5.7737033398529665,16.043387721892127,19.92831998967571,20.064323729535435,17.636098033519747,9.04892819198806,22.467532397557505,20.033786684838812,-10.109277575341093,16.892464122934054,20.649933995326972,20.266189673771553
23.780398857996875,16.90637197325801,6.711835421652137,24.48994850376044,22.29470177118386,29.88654252516959,16.821968060862794,14.82391219076855,24.561215051255424,27.46803392793535,-7.800271972469457,18.5827530120877,21.408627300460513,24.917029048534946,30.527473394690443,-10.117392844303005,22.075502599803162,27.65440870406296,23.989528155771144,21.673170933016852,-14.860076337981784,23.1229129722008,29.981743479511852,22.447689718421394,-8.265786632700426,26.431523809300028,21.41506009092506,16.456195897260375,-6.945269092756273,26.130851996357855,26.611291953763402,16.598758288648913,-18.07389968082438,24.722015008152688,28.400808691500586,21.50933047681818,19.828623672296537,24.26157414350729,29.77624398779108,25.472471694712823,24.488225499353067,11.688587728153472,26.284067359660778,28.682472140542504,15.459334208568196,-7.618217131472052,21.23394214869216,21.329626530464452,16.061710313489996,29.818883856537315,22.959602588257667,24.56735502101865,-8.790819987323482,23.404186014628166,13.617728433571534,-9.089126945104708,19.03142451359206,29.32131192893267,24.580713198559305,-11.477611134253273,20.06284693075743,18.69192829295228,21.812417964451512,24.512965447542182,9.72670744796231,26.30843514559756,20.72758493213361,27.46752576058882,-4.606344452589343,25.111364351037338,23.399017942184237,24.551176304072694,23.76178577745305,20.421407762253178,24.90159326689483,28.600334033193345,19.872760290404674,29.85559184599411,27.309098209543155,-12.709126385825547,-5.901052819864226,16.188007607218076,28.35870270396356,18.733864522044243,21.178389336151863,20.859132555265653,20.313343766780324,21.3268683409073,25.182314485553857,18.948020179272532,14.45508265933012,20.965713922006724,23.37836852300156,25.153952537371172,-11.049869534323458,16.340328573435688,23.047584727441407,-15.332896326844823,-3.9051730856566667,-9.576412286512179,23.360229761046604,-11.282190284032124,28.288789552525902,12.210500281194685,22.01077828947114,21.227065961452578,28.152867900783654,-16.18917673698404,26.72289879487881,23.12732703408238,23.465682297308867,-12.063478719284543,22.683523934960018,-12.05783546365192,-17.48277319540321,22.590583495108845,17.943120972802223,20.881908077101674,17.051527940978428,19.86629937191004,-15.995067486063178,23.281437650777427,24.300387757787288,26.06743801630037,23.555057721844015,25.114816582606235,-10.89473534735215,21.92204162464575,32.41209899599872,23.544974637085236,24.442646631891694,22.052925829904602,23.465076430095554,10.667539629389076,18.582927326693216,-11.811889210449037,21.63138066730707,20.259491103665606,30.142227044350317,24.181848826476998,22.103819725355997,22.656762159151807,-9.626766929729284,-11.08623777575193,28.251924544883092,23.66185675580881,20.144272913814603,26.25122859107595,27.871916142094292,26.473461990532616,17.494518556916663,22.971947642052054,-14.533191646277807,21.035617295036076,25.28625783574629,22.757126976560766,16.50730872803624,21.622843733918845,25.147285133961855,22.833018808446234,-13.61407923651391,-16.059670285525236,-12.218991250482727,24.76582626737292,26.807646492531543,24.852385663208914,26.12489113380871,-9.022087757150699,26.386826885343545,25.026564619858163,23.097600363352203,18.96900693367482,21.315307611891683,18.037820179153417,28.116246953924893,26.009905703451995,26.625376681160866,-9.888532621709533,25.9874755692546,25.865267134542226,24.34811683203211,19.35836131149724,27.720336955967085,23.836422418906444,24.71934456552376,25.98748964742378,22.759145344093703,27.856010627297415,-8.519314892247342,20.927841090588572,25.233179784915876,25.430047414585577,21.809510293196006,11.710540170725793,27.687954164567227,25.61309013402019,-14.235501796416365,20.812064699766175,26.61256067897154,26.170852561812406
19.249157245243367,13.591295417455129,5.989019383209305,19.483584802858715,18.066751930364966,24.367632301386486,13.272158158746013,12.123469838536225,19.679997058584192,22.330227651590395,-5.479655352017191,15.23902866818536,17.181398288711115,20.514788218421028,25.16276498902,-7.60223623627185,18.23939785815437,22.709127946175965,20.189321777245997,17.719002415034904,-11.146220015823898,18.76649677409455,24.499368039936193,17.970669529667635,-5.802742246025636,21.195804640788406,17.254979717344913,13.843140838127892,-4.367541872638941,21.339443066191983,22.065857604162296,13.713397227771628,-13.93159915725961,20.096063957202666,23.33780667632953,17.756014012670224,16.89974730562196,20.07271351179145,24.20974088082995,21.43801590817156,20.292968450511285,9.504574902113854,21.61625768506163,23.15900917546829,12.190250771133734,-5.847151014282353,17.247427991050646,17.606191390801083,12.571312807740084,24.390555253616654,17.999154195019525,19.836720619502962,-6.6175005834642375,18.89842254921805,11.742244024344101,-6.779625612127271,15.5695226291445,23.743087929873393,19.652962532531753,-8.864979846226499,16.07735441195202,15.311661441609852,17.781867554417822,20.021678418349214,7.802472143870857,21.307368095202033,16.63811401715199,22.484687257332848,-3.36902090242735,20.57872033161415,19.402687010813775,19.826677034044575,19.43711575039104,16.268283515025214,20.091642645001745,23.572035231403135,16.155576190636324,24.532123864739187,22.278030578252576,-9.435374334305765,-4.299341850153736,13.563736831030507,22.86054493070894,14.665621114481777,16.97762704073865,16.680120652557868,16.527526767275155,17.229140187887214,21.145767789988064,15.56997950633406,11.991887500544532,17.11720289599695,18.944275067476585,20.500350386987378,-7.7506864346346385,14.06784341103636,18.709844437269563,-11.646037815425982,-2.1473932690979747,-6.91318752649706,18.885133883927946,-8.046076038103642,23.072378952330183,9.83905505068722,17.485617652566845,17.82156979722015,23.323336829228378,-12.164490299994986,21.66351376337111,18.592571861924732,19.067117297055216,-8.829222591089342,18.352642022518733,-9.381922398206415,-13.351764933447312,18.979033740612234,14.228067298372586,16.30042743380937,13.574338587486148,16.199587335327607,-12.193565561240034,19.077150867515645,19.51677220195162,20.912472399069742,19.269429511617147,20.188769721757186,-7.96831755644891,17.883540920492216,26.538511711177115,19.313673279970363,19.64343662474128,17.959154285487955,19.30230342752096,8.761084304001084,14.95398752423614,-9.572826562607938,17.582627430269152,16.148769376950952,24.638605962567276,19.715281426029474,18.03212357820341,18.420583826907553,-7.011829030212459,-7.717781476129136,22.86990432107694,19.21049669152253,16.50778356396614,21.111971628945515,23.01049640497259,21.890194496328178,14.260276103509794,19.47563788188581,-10.821994192712532,17.779245939471927,20.153507173759447,18.195366634013066,13.605579291049537,17.979833518036056,20.424743821615817,18.770989092965696,-10.347811369284738,-12.88107389435365,-8.922698335723751,20.302179241133224,22.131480907931614,20.359579157776484,21.05376453362538,-6.265937098953987,21.58423532456436,20.758857282515386,18.936302032666788,15.851076247658538,17.541499825701212,14.5780098986971,23.256851266864782,21.348072773279583,21.324542503458396,-7.153780213989273,21.46845508791414,21.70920047397882,19.973247078174502,15.788721471914402,22.74757631431661,20.107674086273438,20.848651856873925,21.064756003278582,18.17955858212494,22.83286580388698,-6.031067679193114,17.15239700326526,20.62423380854366,20.663458033376724,17.9581840083886,9.662472578537338,23.25438017393471,20.992393869600505,-10.576409579497492,17.634944261416436,21.344412326657437,21.38260415441205
19.26259597438683,13.429472831453396,5.599138857279659,19.162254094111145,17.46488858940724,23.70142464097077,12.37981122721509,11.31109761981494,18.969152608522883,21.605123832171746,-4.6095295347998615,15.237826091712057,15.896972931450055,19.368790889959005,24.213106440791343,-6.8446757663296305,17.92926636150049,22.714859789326255,19.107512791474345,17.232276489886534,-10.1654776598754,17.78455589721288,23.81317022172683,17.73721178292642,-4.72747178230432,20.59232654189013,16.14623871517648,13.80315541047434,-4.114435742126292,20.566181960141172,21.85951697880853,12.675972459537977,-12.826586507733937,19.552330071121986,23.39075095590759,16.49323961765037,15.785204719132306,19.153092600538184,23.234459613250237,20.62036140542255,19.69354250855984,8.956423075410962,20.816985406544106,22.669845855224874,11.914218751827258,-5.149533609913337,16.85325601035457,17.211634062327402,11.660692978271868,24.196796513781717,17.65951596937638,19.794649362200005,-5.990604827678371,17.834348524748403,11.257226459276584,-5.420492320253578,14.639105864696784,23.616185663214786,18.725471719620028,-8.3015296625066,16.090976221928763,14.38354354668035,18.136067456503223,19.012494767215955,8.003651120506824,21.478624534009427,16.31427359890019,21.98273522516233,-2.1283024615973196,19.416441195375935,18.598319275732944,19.790315858222904,19.00183149157779,15.240975940813136,19.353593518131763,22.428142656080926,15.695008760356638,23.931966209963594,21.639810855319496,-8.83464407941963,-3.178664299667557,13.593829189852638,22.469866716420384,13.632619223922308,16.081649146276824,15.981411895449169,15.80726703672147,16.283896542680818,21.05592123779801,14.868272585585764,11.71937975956183,16.202748789849267,18.905243782097617,20.051707873060323,-6.825773916354542,12.990449384373303,17.680168749999336,-10.501785453812468,-1.0439954281925414,-5.894702765499949,18.21160548168092,-6.928697444389305,22.667086191368213,8.937881265570534,16.598500350006393,16.629995640003518,23.1676199493096,-10.910122717386315,20.55213088948997,17.665559288191943,17.788638614803748,-7.90769757756763,17.74639180533935,-8.436243581476147,-12.408823310899503,18.59377410247573,13.60737123106361,15.69800519985142,13.40337858853901,14.808491659995498,-10.817559788405301,18.224810669976037,19.394254893661145,20.266781187884728,18.384711580397063,20.00354033966296,-7.14476095711055,17.709774223645486,25.817797126033017,18.496796265644775,18.542859632106364,16.69309723626338,18.234214736333858,7.725512984619874,14.471555698588851,-9.560722578158078,17.02769262985541,15.345876406608452,23.95756080482804,19.38464438191964,17.306072733679354,17.20378345235841,-5.855043611727341,-7.487347071211434,22.697167277263304,18.03885690836899,16.22908104407423,20.52978254504515,22.4583323365647,21.779179781271665,13.174974963684107,18.613562034068654,-9.62025540738605,17.5026685643872,19.928121971219063,17.898263446240378,12.394477656065652,17.86143857446037,20.086801033690442,18.225303972398713,-9.131802963093042,-12.536273121015892,-7.959004225879376,20.566475225258134,22.03704329415435,20.20639304559827,20.288302930289955,-5.086935297451627,20.732094213103874,20.09619280148559,19.116743590069586,15.160981544378595,16.52389871821856,15.065831205490502,22.658253557215495,21.10097233983698,20.83304166092406,-6.071034114406036,20.82245012312772,20.987662685495884,18.782580256657234,15.647635070368315,22.207566382513253,19.941713765591345,20.194795892100522,20.687473829178344,17.85761154887421,22.51424843711581,-5.254375949964279,17.11961611044684,20.36088412844425,19.95639204005465,17.05858794960776,9.310884408474784,22.566181636155132,20.458791281956138,-9.318078275524124,17.316029257700997,21.377874301095712,21.02782805721705
23.179568230553727,16.60805065099465,6.322934565623407,23.78329472960582,21.882693924697765,28.755652172576184,16.45799550868029,14.201478165526238,23.67096994985283,26.67198910756571,-7.8032209241533135,17.80557237554341,21.050479782988333,23.95789547975711,29.283563780652404,-9.765808960614855,21.110699259654623,26.9014010670388,23.142267098649494,21.128598991171124,-14.73001634880409,22.575998691519903,29.00847541759393,21.417209461124425,-8.204073190876,25.49082177348139,21.1526094392743,15.481752087580864,-6.87522338519225,25.231789276163113,25.719628968659517,15.91394847904875,-17.60317547418324,23.784656864669927,27.214154512340844,21.094027965488543,18.848563629132308,23.419721831746,28.58247006361581,24.18727653422898,23.582652098571543,11.465716282654924,25.004061961049217,27.635453189050047,15.071002483204682,-7.335216198277843,21.015818759333026,20.54188067993822,15.815702695551291,28.535523941586,22.18372586525633,23.6147667608087,-8.530294147067044,22.943397105361516,12.960665211665756,-9.204762491485164,18.82752679935062,28.344501873291307,24.035400154046457,-11.191633481368417,19.61753727145175,17.699460197866504,21.25610438199585,23.910327798401468,9.378082960507236,25.39946822976096,19.9659690289179,26.398660956207618,-4.761721633690534,23.968067776179108,22.561918134587252,23.623525721113687,22.595735027723645,19.88833296459423,24.299194962668988,27.606039740052044,19.527739632723943,28.47673758287977,26.423109211390766,-12.402563603037478,-6.330968629261481,15.648691206675691,27.66047061752407,18.390423572741064,20.578432966824824,20.518465082992122,19.839210389534554,20.838071535018035,24.129969857317885,17.774248853767276,13.857892360297583,20.520000244343503,22.452322653817113,24.607723126333447,-11.03128421104508,15.96817943993633,22.6366780558087,-14.999451055021327,-4.214484186570675,-9.737515950803754,22.797217983223923,-11.20776132066903,27.377843744587633,11.766016838951353,21.529708185958512,20.584229569543513,26.8345785481729,-15.991159812861373,25.67136882048956,22.067748925533095,22.985775775155442,-11.814646358305096,21.83581823213003,-11.89203074910283,-17.152300420969567,21.277504937055298,17.09183162831779,20.504053925446645,16.74429422907353,18.775412220030976,-15.783634181769795,22.315938914672586,23.806192275844115,25.19253822940607,23.084627277558617,24.19664277464778,-10.855109795438398,20.794584949680456,31.2611701038379,22.956628200805824,23.799755299122506,21.643165377340637,22.691096406951722,10.12421007457424,18.186413332345314,-11.455329246254351,21.142029883253745,19.970586742475202,29.37750354627649,23.659295614938863,21.586895657762568,22.175272709762254,-9.586372891351832,-10.888365387291998,27.078645952175762,23.138656949884677,19.448111598038597,25.2931493820267,26.757399023115394,25.810927242046045,16.930510671054428,22.091489160899386,-14.262657545218119,20.169721191405,24.699960667204987,21.922386303201147,16.17639043981694,20.4531346824625,24.27894062374233,21.951915514118422,-13.338634004665593,-15.556228232699047,-12.169004223576811,23.854121888817833,25.628475430980746,23.86056999008751,25.16685136484395,-8.977375708390081,25.36213148808355,24.308670168206966,22.07674860991637,17.824317940467747,20.783004978449704,17.82460619068011,26.972312142251404,25.24931076430665,25.704371123200087,-9.96017925019864,25.21342838183672,24.546322416145266,23.644129993876845,19.082686816162028,26.530951650486628,23.14045442698137,23.5425638036904,25.14036722644039,22.442809535810692,26.765553856689362,-8.510714410205383,19.971727539390763,24.04108139807683,24.760923292310963,21.25911059330567,11.443017367837356,26.84349495527988,24.88038146930605,-13.993677500966651,19.920440158976913,25.748454529834707,25.24120124257795
23.323621148301857,16.66939033327912,6.856097799896916,23.92121793946023,22.176598247305062,29.184504409341674,16.676532552446158,14.811391886844708,23.86241615414395,26.987799842518072,-7.792444686973608,17.5911400277893,21.42351376914205,24.638430931021976,30.038014763667476,-9.632518693861718,21.70165003006811,27.161260939087402,23.90595190709344,21.46998139028781,-14.690747502665834,22.97975980871067,29.47743496985351,21.766213282218583,-8.210399068341074,25.481201616380442,21.384967542505507,15.817714117046263,-6.33997149381072,25.630733510353192,26.167879854653723,16.424740853540396,-17.871764805889512,24.420024042215474,27.38069461265619,21.815025850224544,19.62706335391395,23.984309270967398,29.258628004195,24.960787055471506,23.976629318938862,11.780608131494732,25.57402160318512,27.985203401129347,15.209298746158318,-7.486379115714125,21.24886647535962,21.097373478039504,16.100612938023662,29.044838081093715,22.099997433577556,23.69497633729994,-8.489627552028132,23.359501661356454,13.712503776009134,-9.565549340282777,18.998069703499848,28.54592712858479,24.271946687625366,-11.263666455896104,19.444927807095976,18.335676752696134,21.057995148428198,24.256110261334364,9.15652539804586,25.514103372717095,19.987994245158987,26.59711478778899,-5.297075858862716,24.59543867438986,23.20615702152613,23.832897505677078,23.25719418121454,20.06930432748407,24.599537537891194,28.391706202635795,19.327485467508964,29.01465390223715,26.812018303046173,-12.330477207426954,-6.6010640622029975,16.227867893024982,27.93027061421891,18.5250053817527,20.889318428867252,20.85747702028564,20.27307597933103,21.109880100179915,24.69716213768195,18.58235941397127,14.352455499675179,21.08547196946723,22.763469188722897,24.836033466734442,-10.82632444567315,16.78159350483776,23.034953883069345,-15.340855379821257,-4.100102115230655,-9.700922112527152,22.951086712088436,-11.18156783762029,27.886793901829698,12.318953168538998,21.676299242317896,21.5237172714411,27.364941565987927,-16.069063501872503,26.16836383423561,22.69777796705098,23.572404736191185,-11.839867338522728,22.31581833120018,-11.869060579306396,-17.212934642123912,22.033459259964033,17.439858049234445,20.578410668626937,16.464406539861262,19.73466156707079,-16.070502046481263,22.899445139596647,23.836505207307482,25.29660749897733,23.50376137418343,24.23627792138298,-10.746077151074985,20.89451503857692,31.720541849773372,23.398820490489886,24.19441907734457,22.226390826343987,23.10103355174547,10.884207693611504,18.507943093778852,-11.368969442061845,21.389777735802284,20.214405628101538,29.73124982609896,24.047794467321722,21.982242784829676,22.594671820871124,-9.811881450103977,-10.352271747969551,27.18553432347418,23.55745858744709,19.87908780045372,25.340709358200577,27.295984292424187,26.25932862594787,17.33824718930922,22.759321106208315,-14.221448504180785,20.360424528724437,24.78334720020548,22.135096532366717,16.7812859348221,20.689344433910666,24.611448722388857,22.715122103791842,-13.488479213402549,-15.6063163430589,-12.111107271280394,23.98446785598838,26.16450975058572,24.38948012749642,25.448674084998192,-8.809914074431434,25.689140900888358,24.656148228913164,22.456295677532786,18.570987167668047,21.387499887304052,17.55740039198622,27.399406488866337,25.450518829643524,25.98518723772581,-9.977840770303143,25.58019120250887,25.455037711656928,24.49569842312595,18.96534124032114,26.945755712549012,23.413884006674614,24.220039631644994,25.527097415249347,22.61666360248318,26.958690742563533,-8.319715844602888,20.40917188412368,24.196732546374527,25.032052574949706,21.595944087066794,11.728734753148503,27.583570738900015,25.444074138591713,-14.036049821372753,20.33597579085892,25.623304157427356,25.828346072885306
21.284523256480092,15.313128825413985,6.1297145560906445,22.249416972063614,20.483662101962878,27.109961986748996,15.909046289732288,13.90775516627903,22.212996822356637,25.333428037058706,-7.078040412346721,16.481465653955894,19.926664099025,23.124906120499976,27.954815738879965,-8.98625046733201,19.895354079148827,24.790047613726646,22.292386281019724,19.943572169137138,-13.940033591661845,21.510601320450316,27.309793317620848,19.767245953910997,-8.006367687457345,23.907372042758137,20.146236620748663,14.803172556349349,-6.000262538195818,23.60804607187318,24.30496067767476,15.278412817233042,-16.693008457355873,22.233184570187298,25.273706340675442,20.097634371056866,18.353629213276278,21.96496139911759,27.128794986709906,23.001991901682278,22.13238316282457,10.681186795765717,23.678756659786487,25.724566239711937,13.906882538305938,-6.841297111572748,19.370250296651047,19.575786235563854,15.049726569971455,26.487625822338707,20.706233464842782,21.9920228404142,-7.8093466912877885,21.761232552165918,12.438265965480879,-8.73961411460358,18.157633704594623,26.221420306660363,22.69995841824602,-10.432647653202547,18.18260991558567,16.946025809504263,19.40229618699913,22.53207754160741,8.56775032898171,23.217262415563734,18.516485251650813,24.810550019082264,-4.508543492871968,23.029060907633916,21.717995750669306,21.578679468994252,21.0327112695426,19.00229493196375,22.977494590316997,26.58040211539425,18.268790973073557,26.810057360042215,24.945506390690753,-11.500675598662019,-5.911683736430691,14.329776441825352,25.648294888400837,17.58502228541534,19.321059409442494,19.296940897233217,18.68667375187811,19.686319456646828,22.688585483454837,16.811827262250663,13.27183214045564,19.51329674884866,20.78116836270217,22.962772332251202,-10.271935890321888,15.359274879055203,21.687369178763056,-14.451476089495833,-3.8330162085141732,-8.85086454314936,21.601351711258985,-10.581948265903478,25.386746488099917,11.359973921801418,20.348377725015187,19.874366016222123,24.990166604445974,-15.094933854589842,24.536920472292845,20.87254098382147,22.05896357593411,-11.169062976929357,20.37664979346385,-11.283706469854845,-16.23489711290021,19.960074458920865,15.916036957552171,18.995323057945168,15.76523109546573,18.202062147757395,-15.227391297026987,21.01072469242893,21.74406053050957,23.679104631023897,21.860209182725878,22.19343231724005,-10.289547667122076,19.271329601129274,29.539333959459093,21.46100392469936,22.59440398267821,20.71394428651031,21.66977028634748,9.763793978531497,17.034092810148483,-10.607267160538237,20.122986637116096,19.05253097239799,27.6385001822019,21.850691872678613,20.213159070118493,21.3699449388895,-9.416029925814078,-9.689095430192042,25.135527691553513,22.038097711736615,18.19975384413474,23.82573767209723,25.286419310561246,23.965978254209926,16.23917390666504,21.07184003185679,-13.575478690782708,19.14389283012086,22.76648506954394,20.19791909673815,15.847382850621033,19.15882898796219,22.4467802665245,20.4135348174535,-12.802138373145219,-14.577037649474,-11.36649696240327,21.77703000582284,23.80090446387499,22.077853804539142,24.064994703203784,-8.381905470030835,24.04605447114313,23.075580571557396,20.10870484453176,17.27747211110313,19.87747624852513,15.994353249119355,25.57205071175228,23.50012101655802,23.844483529429336,-9.562700440735588,23.835817167841675,23.340345003527187,22.771154582278598,17.588055787022334,25.108272551955963,21.716963842505145,22.470837390459653,23.50324197385533,20.650027648703357,24.88480361330898,-7.800536313240318,18.291554388260277,22.39664420454342,23.319275640565856,20.495262383053337,10.630696663552472,25.712172247727842,23.447676949520282,-13.358904398353763,18.886571352581498,23.759177923653308,23.452543341780345
22.605851544314987,16.038031532488134,6.343488584920785,23.062667091896117,21.04898091468953,27.90587562776668,15.633353757105638,13.678200084607878,23.06715857454932,25.656340829587347,-7.261037456191037,17.413757549743778,20.0256203826582,23.122411386000614,28.396547716315762,-9.28674207784978,20.76096479821495,26.305016418601312,22.360323420655504,20.24972073813966,-13.76851519323075,21.555606570098416,28.12647053537395,21.259951541362337,-7.530673294377075,24.696127327488924,19.955018782598867,15.236787279370919,-6.513435399853682,24.41455338186479,24.911212701130687,15.32973560277995,-16.796114623139953,23.401553392420457,26.62861928018619,20.087312254777974,18.330648848028318,22.715566767380693,27.815885039498284,23.764088298300532,22.894700799837615,11.0192775279794,24.48546874670023,27.000168559286156,14.648254743697033,-7.019586358395235,20.16319211081319,19.96649408730915,15.147396086736732,28.12133652864823,21.490729448034735,23.022994750306253,-8.182244311267471,21.990441206866684,12.688898252894138,-8.47581752452352,17.670680594697306,27.723996887983414,23.00818688066137,-10.846062019908128,18.917024866801757,17.32057414364009,20.59073381888507,22.874764499543303,9.13227334937457,25.01518709025325,19.389095851707527,25.57824187057027,-4.348477097463839,23.245418721963713,21.791180565375672,23.344208225767204,22.48721179735104,18.99169715897375,23.23822470487799,26.585159803191974,18.595667952064133,27.930631573129954,25.564330400793548,-11.890773316934363,-5.550915962620347,15.48848208727533,26.87105788053095,17.49761160707386,20.0026379132864,19.60505661642636,19.086585543903492,19.924109151681158,23.65702540908078,17.80835992736712,13.616704262870948,19.66311130371857,22.216974652783403,23.718386342584147,-10.247305903322731,15.370673945095794,21.40268023021953,-14.265185226026661,-3.591515216435244,-8.987200815628293,21.82002237427899,-10.46097570832629,26.71971081935363,11.435401567078406,20.631560099704146,19.837061930962523,26.53877137748728,-15.099846661450849,24.888271735274465,21.638604474793734,21.89236602259297,-11.21816410752845,21.426378866055416,-11.051250844169115,-16.356462726344855,21.180625537141538,16.954158234193624,19.765017875342014,15.855175587323606,18.33541038927945,-14.848370863921769,21.68848679836759,23.034982817601392,24.245451924338003,22.0085546248032,23.773607044575744,-10.02533151818583,20.65444965753084,30.32060261815242,22.1011487252181,22.82951179417672,20.649900383443466,21.78250806978261,9.973862833696076,17.46384835500052,-11.05475778856007,20.241121823098048,18.901617506277383,28.301552513416844,23.01733218071232,20.749327682060713,21.069121525650154,-8.858183304896322,-10.37410130359421,26.53954968568177,21.972312552789386,18.957594695038235,24.411892341820792,26.05731689678901,25.14313733319168,16.277906176492852,21.40003503453152,-13.461448116402671,19.688312900140538,23.908847684015043,21.633879631913224,15.295102347217826,20.119305961691946,23.8456062238444,21.617778936501708,-12.624808953068866,-15.01288151552171,-11.535886018038626,23.559048505148702,25.367570027185717,23.625253572190008,24.19774841096362,-8.274379413604926,24.486494982144528,23.378333183063873,22.077214546367838,17.43705191577327,19.852575575467164,17.237711256095576,26.130094706904273,24.5465985598976,25.192356031501625,-9.077547324458937,24.355608215045415,24.202761869600785,22.766737117341012,18.254159579661525,25.775120095269493,22.346277388084737,22.979135373011857,24.523266935526852,21.675451045001804,26.12479660895776,-7.972195951815008,19.963719498960497,23.62215913953018,23.768128336627026,20.20799000543547,11.094224343039603,25.85667035960062,24.176853743469184,-13.191716103584726,19.388586884246514,25.053319682821698,24.818303876324954
22.845481943026435,16.335400843084283,6.265519472029633,23.744440930717552,21.37092571090113,29.160375655002277,16.743500925249,14.982121412932413,23.831632846646187,27.03433859034292,-7.095988842579404,17.972543021005528,20.747733139518072,24.563576056310236,29.775215166188616,-9.6949485576817,21.520986855894556,26.741235523464127,23.714967249559358,21.462194797628847,-14.67802734623342,22.814918176850814,29.256948175495502,21.354127940885906,-8.23833499823576,25.645842525442262,21.157948240525492,16.16303158215406,-6.60171337653804,25.125833492141176,26.217244084678203,16.310173200028686,-17.66763041077988,23.603357578049398,27.56180842880763,20.926598446330118,19.239797884133296,23.352789471916246,28.840050398654526,24.675734362076067,23.91103358169663,11.124386406805348,25.508424993407193,27.609279077779053,14.88746667550078,-7.25446629194636,20.68328624085815,20.975208866848487,15.572758665890882,28.61350730023397,22.26469137595349,23.789330800428452,-8.238611321103235,22.7544171500422,13.269952298603942,-8.611763772324858,19.04671151235941,28.28500634922143,23.97950058366265,-11.088125163785891,19.556465324195447,17.992036025877045,21.089997678445922,23.645437628896953,9.553991706545666,25.23292467640816,19.893272312686975,26.71532484809548,-3.9116643965484803,24.252448447784342,23.260383485703088,23.38320947562887,22.48167743367261,20.133936176126916,24.356918595862535,28.184191704472365,19.372029125210453,29.010819467588224,26.857727271113088,-12.192482656939546,-5.600474717362025,15.460518184618822,27.35869952236666,18.28498224144672,20.477509066334186,20.525535906012085,19.677831515081845,20.821205502630878,24.662925378161567,18.028739404022573,14.321035531577841,20.57833167283939,22.368934195597095,24.41589275425409,-10.59573125912172,15.876291125958662,22.922453310209086,-14.943305432296834,-3.459548702958621,-8.944061628416245,23.260726220567918,-10.973855202014258,27.344628881451463,11.740122275866264,21.5025772098972,20.782719019906285,27.108894960758604,-15.85168680567015,25.99613827939682,22.284579659054966,23.01681747696972,-11.63613143129729,21.842125541453946,-11.915624460690147,-17.0653732052277,21.763045399890014,16.868185484993862,20.04932242326171,17.17794762720615,19.03728718370516,-15.695858492419037,22.289388619919155,23.334825570220023,25.283688628159823,23.14818972663314,24.029834375875243,-10.814015974761357,21.010955711430785,31.702275552753377,22.5918900454281,23.880159098630834,21.629486873111887,22.933633195664203,9.940109761067363,17.945032259126027,-11.859321786297,21.428044375234926,20.164354138949886,29.497047653191938,23.35934368540712,21.594889129888127,22.44447046708229,-9.562735786529721,-10.668922802537493,27.17150061130822,23.173821475086246,19.519072400270762,25.62673375572145,27.416326634222504,25.67638391913596,16.65652551163547,22.237428139652277,-14.274942769629945,20.610949633396658,24.46337825933522,21.608951331472383,16.427793471605305,20.86934241140055,24.180851074666986,21.871478988540453,-13.288681785096077,-15.944028354804166,-11.874471784993293,23.86951655239179,25.841525081307466,23.802285377258016,25.863559661213973,-8.570669126203445,25.710066885028418,24.696411913020967,21.947655092333026,18.7272266332562,20.891552696989976,17.36296859840175,27.555168360674752,25.221295778170322,25.5322132578137,-9.869376604180747,25.326138744040364,25.122393586208016,23.951459449954267,18.926645931085435,27.206449811995476,23.399275383444625,24.212332690559347,25.154522611148174,21.911565787770524,26.73037076041864,-8.246066628814651,19.794185343689104,24.44847641886841,24.85709467459665,21.71897424013161,11.448509223255982,27.32091206411983,24.95732281484592,-13.895461008989232,20.378373460658896,25.762915144792977,25.22161410491899
24.502234644019993,17.80421542219482,6.911493084239805,25.51343273164673,23.57102029767386,31.331285121944084,17.96556412616433,15.777545029299988,25.330088591930817,28.99568763664778,-8.813702290655504,19.159856249541072,23.06337892834818,26.321968798403336,32.0728179251625,-10.727863687889606,22.72025032833505,28.571066134868023,25.352703617099284,23.20051852101102,-16.455418341917607,24.69624830983153,31.26946009708842,22.95561338573702,-9.32781043157599,27.550667905910178,23.270765640048335,16.905418658757334,-7.652727417953484,27.599842677079693,27.939606988888197,17.66309392998749,-19.504357799401166,25.339339586147048,29.4689578654849,23.286479391610108,20.882193647317266,25.638842686468028,31.301515351380154,26.333474758280353,25.67007193479175,12.492815557201995,27.386011640794216,29.662699831845874,16.32339228986879,-8.2614953397854,22.468783087603203,22.509236833719545,16.967753322614474,30.695601119067888,23.89678437774825,25.619560115911405,-9.413058290159558,24.71464429089736,14.400572980798234,-10.210989903834443,20.71000852741556,30.179631311104444,26.108113824481837,-11.995181017290179,21.124922228751565,19.562692095209766,22.809838458193926,26.211155201851426,9.847094321543874,26.87311681477313,21.792383889852193,28.809238965640496,-5.478689057309729,26.492705266405782,24.690991017354353,24.91890056191649,24.184328037281603,21.788888900147015,26.700847706490592,30.35781884425655,21.138077766634474,30.825399380127273,28.53381249054852,-13.453577890118579,-7.309587188458718,16.91762569531924,29.539580947569053,19.95412358809649,22.006115240954603,22.45218065858954,21.751376026252565,22.768465385232858,26.09055046283729,19.233955987843323,14.987339150240498,22.59313387644579,23.773348614695596,26.379541809435224,-12.287820371506163,17.302615289569598,24.96915586636071,-16.440868481941425,-4.897643608236776,-10.857316818845568,24.764136077613802,-12.540520976340513,29.564760042106425,13.160509911238806,23.171586371278956,22.609645866626263,28.6006322381301,-17.645051108725415,27.996263423888642,24.119531773640315,25.240987547564615,-12.977717800253552,23.433503704345043,-13.243338648485153,-18.681618584703013,23.092885567874475,18.13035114484104,21.99508304000294,18.19208112686198,21.04344488852444,-17.431387022402095,24.62741164738836,25.316659276987643,27.6131974733707,25.298988343936887,25.621682541613765,-12.151936349507215,22.19803452945747,33.85503753490529,24.953958080949388,25.91607873931733,23.45825361620497,24.79410280708567,11.05185008364417,19.88777184348577,-12.683642482294895,22.918521465524844,21.83055698841314,31.720330217508646,25.18083277776754,23.63114587727025,24.2296590320727,-10.795417025260484,-11.960125578500934,29.188813422353554,25.402064838749887,20.99259893595826,27.583181062095242,29.036019180700386,27.504768550357458,18.52540208973518,24.319273902251915,-15.845967804685975,21.875457765365276,26.315755248736195,23.08677996741516,17.897578323997422,22.450104317430412,25.72007794930074,23.578247780596918,-14.70958492930806,-17.141086215052432,-13.442416804571225,25.146548799639298,27.294720395247094,25.26581547374873,27.611036285868632,-10.152653147558206,27.751253330389005,26.293139307775075,23.24002305157971,19.80214130928755,22.78096448881992,18.893420149959454,29.548706663706767,27.167854010335713,27.346712609960548,-11.346816515663784,27.534724743937993,26.695995809759044,25.92389492391102,20.397222455312445,29.006896249258887,25.019636135925893,25.77718113426488,26.86010412508138,24.02168063858447,29.05555551376943,-9.490822196220527,20.96360332802507,25.920173988754126,26.862787897590273,23.33628932649083,12.580931844996137,29.216677557959834,26.748400021250124,-15.509345190470036,21.905034407630456,27.54275040322905,26.840349082363726
22.93720745594365,16.1978397847272,6.58074321159286,23.522010100231352,21.060794947565768,28.33170247523953,15.946448937685973,14.219399333084306,23.474146477235603,26.053416651267586,-6.929663560089665,17.41647901386814,19.969760594401894,23.628989414097894,28.86361751681501,-9.147536955109508,21.410947069168532,26.73148664053964,22.71977069274689,20.612907958571583,-13.565330246509888,21.87782890199623,28.597835306045784,21.77036819230686,-7.257401238501368,24.851468253381807,19.994790994142303,15.696391784338932,-6.080085426741973,24.352470969356023,25.486429939079354,15.592367718649259,-16.76714477227467,23.964326372569722,27.027627797197983,20.156562274172796,18.40938920865904,22.712246021735798,28.16976154014122,24.174922790809244,23.032553469834067,10.908370242123192,24.920309093122857,27.49328742302243,14.727713432542398,-6.767781642691292,20.29916999309425,20.41195333677984,15.341938007119424,28.651277478333288,21.737970674422886,23.32397926989533,-7.820799192728626,22.218886239247432,13.051555302303818,-8.203787741065296,17.797736230680226,28.26110983312144,23.144821706964986,-10.847125111751444,18.943467815578536,17.637498217319067,20.668539786008193,22.634823140802244,9.268729748944988,25.50179773691752,19.289314621220196,25.699081151848297,-4.030557819280038,23.402559590117583,22.341245859924513,23.795959257520934,23.038627364338723,19.25378717907666,23.41455530266476,27.09076075593943,18.33603296048796,28.52976922388607,26.112323185626845,-11.761780454170976,-5.067927558925943,15.798360219210203,27.209442578124015,17.55165778828876,20.28645582733509,19.80962760634086,18.995258832340642,20.108690635489452,24.27898003180024,18.405000727528268,14.120964090824648,19.88631702322209,22.80640601976359,23.999996731137614,-9.870159694358572,15.486901847787768,21.586991964769723,-14.377061193706615,-3.0471430232843804,-8.419258095734877,22.103992210638282,-10.219501673945853,27.09474224039793,11.529047388500995,20.862892840784642,20.16194561087778,27.20587333002779,-14.963821325247894,25.16849693931507,22.11946394068833,22.077006400423297,-11.10478790478354,21.872727302182362,-10.817155283635005,-16.348843978881593,21.718727913902274,17.317820600102138,19.88413999263138,15.888967071069896,18.547464792164273,-14.843530219874287,21.747878779986504,23.181435658199714,24.311895593561964,22.142362620597527,24.091241384959044,-9.782074162167111,20.8931586880313,30.798632748383753,22.020601832964307,23.04886108775158,20.922032894067904,22.003545932091075,10.161331642836101,17.6022433818401,-11.22014236683627,20.627778477526487,19.053660012789216,28.618923596274406,23.235903863404335,20.866357837158688,21.302331540392753,-8.707588938661724,-10.061181268676961,26.83074500733394,22.008146213004466,19.189973699281246,24.594882181826172,26.636474526969984,25.58822016097122,16.07389073240477,21.469708488025272,-13.30132457018232,19.902736949292372,24.195915091785643,22.03840343628715,15.540114366089401,20.280070390367055,24.307415850980487,21.99943754369345,-12.549897118784969,-15.128808482756948,-11.350298200897218,24.075837811418538,26.007650283833375,24.23038025846679,24.553470351106274,-7.80568338671443,24.7673737909487,23.67877235385898,22.594418499462986,17.96250200394129,20.059183560448147,17.259481291252616,26.46276815198751,24.713175573064913,25.633486633228145,-8.86038496710932,24.46408915873245,24.879186055875802,23.311989895862663,18.287179265958745,26.188291913683226,22.58004346933538,23.39984017756196,25.0607047639761,21.766866147298444,26.177162320667996,-7.688980372343879,20.508878842432257,23.86816349444824,23.93342604702168,20.50557199729042,11.12505214064627,26.440039665074565,24.76118169019765,-13.00911592278981,19.620566314768467,25.381848132270356,25.398456047260222
22.779385285468564,16.816406455574505,6.193120931104772,24.148268094745337,22.385516715782213,29.420003339173487,17.54480545216582,15.18610136262796,23.845731325266875,27.60095083777424,-8.73786627325114,17.819638792308375,22.238242049108422,25.038010671589394,30.16060119000911,-10.321269850466496,21.04410674015288,26.517886885219525,23.922825652998245,22.060371628480624,-16.319540738151254,23.725223364924624,29.364175732301398,21.186032561538376,-9.555762623051304,26.06795862855262,22.57192760785907,15.602821727319677,-7.6348562758956655,25.921537774135107,26.252935761827672,16.69830506168651,-18.94028994740406,23.434121755411496,27.32204860323323,22.272025182349196,19.533854036505435,23.96824821506397,29.535182073364112,24.343571716897994,23.99088544656017,11.896412836974601,25.568399057466277,27.618670274607673,15.447694796746841,-7.954987838682829,21.244912683749416,21.262559685676763,16.50200098961041,28.347576433093298,22.686441432328746,24.021560166950987,-9.113339530020504,23.66678092765787,13.33856855725433,-10.156079335384119,20.11452782775817,28.02813724483197,25.015466770005578,-11.428439150624753,20.085268506523043,18.22738661666787,21.29466281669627,24.915709196711294,9.05754371624579,24.71628673807138,20.39287014339341,27.070499342601813,-5.523673572083275,25.011312208234582,23.49795362910766,22.875658476020647,22.158208270499234,21.02847669469075,25.517689565001028,28.86617307148348,20.203088717811287,28.63829817926121,26.924046425478828,-12.958834381636786,-7.572536767149339,15.494957901121122,27.71495236009697,19.464453022772265,20.91501931133271,21.58610210323027,20.704979253467403,21.82813182070836,24.098477403940052,17.601397299918162,14.162226427811337,21.62917067306488,21.9157985513968,24.807386955723167,-12.336485705204383,16.263326635465315,24.13466778591176,-16.119499532466293,-5.302128882448084,-10.774388875400806,23.724432658441714,-12.611347143010814,27.59563758253714,12.628248121890197,22.291565696983604,21.436403128006734,26.177582081809348,-17.409759257689387,26.57509069353671,22.68809911673715,24.318416412219346,-12.825857800461717,21.826494459790215,-12.913211920272479,-18.237022743238782,21.061763102988856,16.841436372170183,21.03855006709567,17.572858231532393,19.878713106768647,-17.22754855974332,23.077668752941236,23.669692723331178,26.156921738377264,24.136415350480576,23.73438183209947,-12.249287782749878,20.442713387725846,31.847889376321383,23.54083973676635,24.703176296433515,22.49989684873949,23.44504892811287,10.345856487593814,18.907161185283,-11.997117438480128,21.943879787594494,21.263238868009243,30.003197866922733,23.525358571719917,22.450605791083614,23.39789345896582,-10.99204553331782,-11.692411841885066,27.18507135475971,24.37946672179647,19.63961930033394,26.117755430424772,27.143831757063136,25.57146753262731,17.653176101780556,22.68899212911105,-15.721599257649785,20.470168844779064,24.74371366945725,21.411010938470575,17.351529650232123,20.677380935809115,23.797955770797202,21.763126520899878,-14.411944142315969,-16.402542495054124,-13.348860078786151,23.013486509778975,25.005568711489992,23.14409313966301,26.34502712316108,-10.274875422356358,26.213645928588125,24.836994285297973,21.04004635264709,18.455697173907694,21.790209099113852,17.617579283074452,27.741758020295464,25.424755344683383,25.561784429785977,-11.559537543445243,26.04695746917404,24.65370739003177,24.729472911117345,19.24528710650123,27.201100337847052,23.32808767941596,23.901884940275085,25.068089411763665,22.6982902876069,27.023316509236047,-9.451104305496507,19.028220197852477,24.033245511567873,25.460475011060566,22.359796581717056,11.7998664066937,27.520457210871292,25.08134874244612,-15.364018322089205,20.37305025223467,25.765946529003813,24.80385485420456
18.55608881803702,12.816600156826688,5.560485242961575,18.42805553123801,16.788917843905462,22.750271703817514,11.924599822224106,10.829593928323426,18.64201961865303,20.706865909577147,-4.335291485732086,14.652067081904992,15.428467173141469,18.8305509861642,23.1300753100913,-6.663404663062459,17.479009450156706,22.0614442278122,18.472455250684586,16.429716064619374,-9.527940153115246,17.14639176753708,22.994603667977344,17.48847456181431,-4.357571638756987,19.820274623330963,15.492249218101934,13.317151174763508,-3.6622113827366847,19.534895238750764,20.81136375027902,12.428772497631494,-12.131033804112436,19.219176785983883,22.38578292117808,15.880763920018941,15.154542999085937,18.455530084518585,22.296917785575417,20.058464285782236,18.852832149416415,8.528502208555707,20.16437747262627,22.01938884724375,11.46206857635611,-4.800407136367681,16.20996079880273,16.487211756502564,11.502798126647612,23.372242001247745,16.912566075492965,18.82364587003928,-5.561470291110162,17.417168181690503,10.865813961251419,-5.2921857728741255,14.012786007941225,22.961310029716284,18.077058423025203,-8.040545427213035,15.17298077103705,13.899746754787861,17.2085722067365,17.971684314564204,7.818235858471772,20.94593882138807,15.483917051471423,20.81552163840327,-2.1715257030541983,18.515992915054134,17.86992697410058,19.43663782249695,18.82525293674691,14.68191018627338,18.395260359008557,21.466099749375854,14.92401888052687,23.272651586439114,20.997825361372676,-8.490834288194039,-2.8836622766580087,13.114628320029041,21.810211382494423,13.248575547063119,15.956003558775212,15.349891086981923,15.051873737389664,15.768787542174701,20.173914150293207,14.680755677678597,11.413746792676827,15.523814132421352,18.50862593023663,19.371538798998046,-6.362715056808192,12.721458457954046,16.699667918058573,-10.096302683290025,-1.0308030198418694,-5.53998417813642,17.493586656980206,-6.5592912873265945,21.83566808942175,8.745197273495846,16.221628259183294,16.066300197882796,22.610970579877964,-10.499745370008045,19.88032477266086,17.38918055150749,17.16376087929014,-7.571834674663882,17.547073577629,-8.034230586950148,-11.948785032035175,18.087702268872775,13.672812344123987,15.231987731303372,12.54557639676232,14.263890988260007,-10.426697772483172,17.31733275511455,18.722147499083736,19.204296301292796,17.60987193543902,19.544786958447947,-6.502751535212298,17.300401075560146,24.78887891027096,17.615437770210878,17.84105027549041,16.18696137885472,17.537459375942706,7.727121598552176,13.689754637570601,-8.883264423686333,16.24857445537562,14.468796844786493,22.96674097921375,18.686130511338767,16.60167174517414,16.638116502367264,-5.605987005351175,-6.897634512676719,21.783380961331556,17.209742441801332,15.457876056870468,19.642967200324055,21.696618177369434,21.012906183173843,12.645342561542792,17.822558340124775,-9.165904929083593,16.82735427287307,19.13687923344615,17.724099730251165,12.006853305702442,17.01364410696018,19.769317175744742,17.802149925706185,-8.823481266700288,-11.85700638726946,-7.641437941498807,20.037781194553506,21.490383766209764,19.84408874050266,19.196390599935587,-4.79117065898077,19.860104235074928,19.353011927731785,18.785649459465965,14.56838289292128,15.73453041157089,14.242141748835307,21.474149544232404,20.271644181227664,20.448015409037826,-5.61769203027482,19.888046665049192,20.497265670461466,18.18728119222386,14.919052856976107,21.19220363302925,19.0998399894448,19.45017680326908,20.025069383160126,17.210736228940405,21.46824944650762,-4.974814602121554,16.91819242434824,19.560177614879514,18.935137221736813,16.176985341237735,8.928916944626609,21.63819542467124,19.943043968493637,-8.973019759981723,16.531702195166176,20.530318004280097,20.575782672044042
19.154342771032983,13.813931409554415,5.69355802948438,19.801267402016958,18.161584477260774,24.447345073222188,13.557020485849796,12.15607835469847,19.54567200710334,22.59632515039239,-5.635319402902069,15.309380969661918,17.223512446308796,20.58413219249828,25.204518588589046,-7.509106492540232,17.983078062946262,22.481079624865657,19.982625787502993,17.925034794964223,-11.662211137328638,18.897746815086755,24.44484690574514,17.74848546206516,-6.172532891344458,21.4100788836492,17.648266349533984,13.815092278414713,-4.794688965753921,21.30394279154893,22.349024381876117,13.435496542905607,-14.15346628962165,19.701306894230047,23.41696408278403,17.697187986799037,16.664486869349368,19.745116821776474,24.27007004195194,20.916358783604274,19.995865193597865,9.307518319291301,21.442074963745824,23.019160201833387,12.314543883258159,-5.726832366257307,17.154341983014337,17.77182966617438,12.673574007768766,24.155912385778365,18.328522699828934,20.183096080710317,-6.686090826682491,18.957814792228305,11.492852734943515,-6.579650126147746,16.038626135626945,23.588945230856215,19.90135695651057,-8.73481153067873,16.48964054033424,15.137436519170747,18.067869802557688,20.109277639845335,7.756383753775061,21.041393835785463,16.85092143577953,22.622024008602857,-3.072646692293152,20.645510750023504,19.420832523739257,19.38808290921949,18.86786078177159,16.542795660177166,20.51329770847549,23.739098507503254,16.546201584313643,24.29595903174518,22.204222023338428,-9.503209233226304,-4.366881994329108,13.242482773070114,22.82533376195162,15.001545721761463,16.72478047541853,16.869810432254102,16.562743287326334,17.341979203159877,21.00172442906688,14.993217912197089,11.845096522408392,17.22498855253904,18.773121495504355,20.5239089349598,-8.20082926317922,13.566511379745497,19.145050989177417,-11.818466932651521,-2.331779087361758,-6.947608570390256,19.019101673949784,-8.320110809849131,22.900802885105488,9.869624359893432,17.658888546068205,17.60003482195372,22.78242715325543,-12.419809506819478,21.744285369616698,18.41747096068571,19.31785651469006,-9.051436590406572,17.993615308986943,-9.538609261837,-13.606933825845127,18.289262958361505,13.83772343030064,16.50096220150927,14.04940437224512,15.981565127707132,-12.479377970748603,18.940863890851368,19.408565852433096,21.300653492208927,19.456973877601293,19.83260480463283,-8.521919546650008,17.533212495597482,26.584101194451765,19.159186880278288,19.683191224727256,17.93378243418408,19.31904483444008,8.205087593165686,15.194088600510534,-9.884475430054056,17.8784873207923,16.556547572847354,24.75046452876846,19.447700472867236,18.04566723947731,18.67064634198789,-7.470164780239452,-8.134374506499391,22.90514025263277,19.311032012307223,16.389500525353615,21.390438656026483,22.823057362554177,21.73194177008628,14.265764146081153,19.324084531639514,-11.193970134411703,17.867275336261216,20.149630512271578,17.857179800854457,13.708282031731136,18.02009558848312,19.995055921043267,18.131203447373153,-10.480279428531517,-13.189884929979131,-9.163795364246894,19.938352240331188,21.64780934953577,19.842641719682568,21.441477617307992,-6.552796832922937,21.676568077390705,20.715848219570447,18.29843692034029,15.654294427317405,17.594956618713105,14.767057969141385,23.380587835949996,21.40776090526389,21.086650243813004,-7.710033846333956,21.674052275751194,21.163306681262686,20.003559764874225,15.938839413847134,22.805173338838237,20.14396733482547,20.59573063068471,20.980773603930274,18.289453546214542,22.83304090216602,-6.27395174159072,16.448258606957886,20.41408497283763,20.800452506855898,18.401208234947408,9.529162967674921,23.387466828744685,20.9233523025886,-10.836539641742688,17.637521339475594,21.49709120420701,20.884700022826298
20.99823609210586,14.91662912023263,6.1418276495547754,21.73164853187321,19.443147750999138,26.30175323909838,14.737750538839082,13.115428856826579,21.84284013162203,24.108201333819032,-6.3702135178471035,16.497890660433452,18.47878308359548,21.986921273033975,26.874116889124274,-8.71254412810964,19.60577312011584,24.382255133900227,21.05153465835044,18.79592827874976,-12.501220761417734,20.13596820373191,26.42660811255985,20.051362338808023,-6.843259466298263,23.33119244761187,18.496828995937356,14.657886527886498,-5.568798845571765,22.763032995023778,23.547947790340075,14.459601103544443,-15.513552936657103,22.011542508612603,25.095428459005632,18.548641340695422,17.422905491896454,21.132325906979183,26.257833114144592,22.568319280905566,21.404953136914948,10.065686242362933,23.254467316552734,25.452945888651158,13.524516771476494,-6.375515576035113,18.3592752585411,18.737424863534546,14.068804477907594,26.51199916467209,20.247995167154638,21.720321258338508,-7.4255918285010125,20.470855550630173,11.962260080004409,-7.422347598193677,16.436769193846132,25.972044024347635,21.395700669251315,-10.00178432571952,17.521991613293704,16.63555392260622,19.06977466047964,21.12895835837304,8.4017231914583,23.30234392836103,18.199059458120473,24.131848822481302,-3.5835880203470283,22.1508502496121,20.61231899772201,21.86086381203543,21.230232293539515,17.908545514007958,21.611293246575766,25.09872080519521,17.17800680292547,26.548473527259844,24.008690587274586,-10.793553602010965,-4.420881347917054,14.197358170934429,24.897794811506305,16.32707328311596,18.648512144490056,17.982973918951124,17.56717189643103,18.53781830086963,22.398774060855143,17.097907462270932,12.818892497022842,18.14297567680141,20.936060985492606,22.012889239826126,-9.17039270378033,14.303592604562043,19.95279031906561,-13.206144541214766,-2.7419297431127996,-7.695509606474538,20.390545282043643,-9.374327310553618,24.858501783662124,10.740470754506243,19.296955767971905,18.56785066853239,25.13998255784362,-13.792698857324417,23.56950504841921,20.445222169992967,20.36007287820556,-10.278027708571317,20.056709717740617,-10.179593749608609,-15.04935409366842,20.159918087849324,16.085294400125424,18.322139470377767,14.736027843226758,17.47593022552228,-13.676696905006184,20.307185473363514,21.19314862101252,22.774867761042643,20.372752954175382,22.273658007696394,-8.974539869586701,19.58186685985671,28.619315893917314,20.46981762655886,21.38366618965702,19.322155839516192,20.65815810617029,9.456651051850411,16.138035506468636,-10.309211861610036,19.108465575528424,17.5346661226922,26.405597480017107,21.135760193816967,19.219014156031683,19.764957205235888,-8.104082472270647,-9.270330809153988,25.026625424544974,20.370503738553623,17.56412539755137,23.044076151952435,24.6064958077912,23.255937933367033,15.14048632304694,20.1207258444712,-12.406907469044418,18.75158050918554,22.1742523994746,20.292708915898906,14.368260579747338,19.094998246830556,22.32560575694767,20.113381223118072,-11.663059710085669,-13.936684239507754,-10.296994618466924,22.05513756537834,23.900323230786494,22.095961522961083,22.964138827637164,-7.412380908319648,23.244477546974448,21.94077271286472,20.646223536614343,16.736045821257985,18.46320082658385,15.713022266857026,24.781469374579334,22.820717742421387,23.64557370091315,-8.104006547372455,22.75166983122842,23.028425402754515,21.35867136631034,16.817643744211587,24.324587281150034,20.8609587144736,21.813753004702175,23.107521649793757,19.745870357354857,24.468393986767346,-7.163005538474556,18.77766468157294,22.372706113799282,22.26972911110964,19.163891131475232,10.102174640372017,24.370032462866465,22.532642623068163,-12.044375372771356,18.31546522967609,23.47080539693585,23.194268832608373
25.237404931172264,18.023256948620308,6.80177695681414,25.872035959411004,23.72097420068326,31.29587841684073,17.77177067883402,15.299623385524963,25.73437968064243,28.885736353052035,-8.645072047238116,19.48560887190303,22.713776561699888,25.89410865620809,31.873039060148315,-10.688539847803252,22.90224804548757,29.159131166856458,24.940529166885614,22.77952873096712,-16.022528813660426,24.35633667702326,31.451601976188037,23.449350754515418,-8.980322751168776,27.843828070646044,22.726799732082757,16.889672055511692,-7.78199895294642,27.607499125359727,27.89526701723532,17.18512715137374,-19.11616516544552,25.838086014494184,29.75761179944141,22.727476144763433,20.442638975069336,25.50547066032377,31.1690962423881,26.311831456394604,25.663578837567155,12.491063182125687,27.284490732868388,30.116244432636904,16.376555212185483,-8.057221765449247,22.729179483486107,22.234869171738634,17.11097065989273,31.18089168346225,24.32748708935273,25.900046364849047,-9.386678385397483,24.717216458106698,13.93980365707207,-9.88119500013223,20.113815004420356,30.84979663460693,26.082788954721636,-12.026302708644804,21.47370259361658,19.25803497318591,23.24431357824847,26.049643879079717,10.121396010025247,27.675288475089705,21.90215016012975,28.872930602957034,-5.1476591073710525,26.173728201524778,24.35524893285811,25.78971527165099,24.658960487156612,21.424977986496636,26.309374076045277,29.852061581457026,21.200104872587016,31.018770816711058,28.605742662335295,-13.60346130224702,-6.769986703001592,16.972859870877553,30.01007407919857,19.92259716018141,22.241929092252903,22.17232841720743,21.595710389166616,22.403048739662115,26.156155442056576,19.38465165040781,14.971304848731767,22.13674084492348,24.490859545000255,26.6389504265553,-12.138912091237001,17.072615854047836,24.4586313904651,-16.20785613967183,-4.625950042468235,-10.693743563429699,24.673833701144364,-12.170946809779405,29.791678401648092,12.78657026483303,23.321421099509887,22.174785576742,29.211396894630916,-17.39490249356101,27.924249049880242,24.05264738524877,24.792650881046235,-12.947897278153567,23.713151856673807,-12.878291899153663,-18.610871089262467,23.246256327778415,18.711201132127236,22.31844350962775,18.232376341315476,20.55151123453022,-17.025899645597665,24.44861339818694,25.91659025358281,27.580152708630315,25.014140048532898,26.447458078630422,-11.817196662624456,22.836696363678836,33.983926330236024,25.00323460237202,25.795954067365184,23.258979042067534,24.482314861161527,10.988404556372961,19.697960120369075,-12.412267862858503,22.85543283790158,21.635421426374194,31.79896369567211,25.613330182254863,23.34576624090569,23.853703250108268,-10.308957968852138,-12.138076989700965,29.68692360921428,25.059756602681095,21.159840373831077,27.65088763829833,29.02863711715419,27.915294409248034,18.448983242486353,23.965667802057894,-15.529895443071924,21.858351264964497,26.921208551477644,23.88638939579345,17.285952366610914,22.447698221386986,26.407660297960696,23.88966451975317,-14.451021150661964,-16.920292699873542,-13.236947637788253,25.975199648232845,27.91963909532224,25.923013953417072,27.427430136274893,-9.85201266488436,27.609981693989333,26.271364881588827,24.091041981302354,19.394716410075294,22.439467901580016,19.426017034404783,29.411830201226312,27.518617949806067,27.98457782063183,-10.751906509148556,27.427109583100865,26.660555926512476,25.44424219028015,20.702882549852152,28.930804969308415,24.990381468813357,25.568572231593258,27.320423586708472,24.330288071423322,29.319993379949715,-9.336459385063073,21.77755868118285,26.33946506335193,26.92506378930558,22.855343098724898,12.362956965639919,28.918637650398825,26.838553141089424,-15.239574349502206,21.654010574784447,28.118575337216367,27.410101969588876
20.88522857008205,14.842736086001505,6.235849977808537,21.18625269924825,19.355620174418934,26.201145303347474,14.153791802891092,12.941710177983103,21.05777061407765,23.88103770325778,-6.1485906373092964,16.392138544119174,18.285021342288793,21.710854319753345,26.886747906458893,-8.229902268244324,19.56955700881456,24.497101351266508,21.27123729206769,19.12270020958881,-12.13756354487071,20.037183854379162,26.267265858833458,19.50985828120331,-6.269855466277739,22.791941518134347,18.422844967208665,14.7326693237155,-5.209932033153918,22.96202228438894,23.77069231494366,14.441633255684817,-15.124873829988303,21.579863995624173,25.2672283527332,18.82331799091375,17.673463446485734,21.382070560165033,25.988875469513683,22.708830838660354,21.711068525712488,10.211009603311133,23.1553423839924,25.011007958326434,13.336540998046237,-6.346042157939184,18.612197620931298,18.908695712696204,13.38261724935034,26.388214746722944,19.60721749425918,21.60787229265295,-7.235606663502466,20.092477622509147,12.482149134503455,-7.169505565090448,16.482811583086615,25.65933745179119,21.050774683055263,-9.56455736177422,17.527043613322142,16.339404012234464,19.390028228658327,21.399282532235766,8.475558156510827,23.14341582954822,18.058555750288626,24.187303596256605,-3.5193180745647434,21.939483523726146,20.65148183601997,21.475528232870232,20.860187124052988,17.491327328383175,21.64371756546107,25.111758717602104,17.240855239976042,26.28507873300824,23.84530741492473,-10.292261966070837,-4.6292898100314135,14.772592523331678,24.67729694670821,15.643055968386475,18.077012835127913,18.003873549719167,17.70494645894448,18.482324074127806,22.73207308747721,16.721106289226885,12.821495347156391,18.383335109386426,20.497412152494487,21.957746991681613,-8.580070198829766,14.625550540407419,20.012586711202818,-12.524156155616572,-2.4023840808754766,-7.597651083128386,20.18419620628967,-8.84943839331194,24.962630475377082,10.428002874548392,18.644905803561006,18.789951027238512,25.034348747754358,-13.154088910573899,23.051610540888205,19.95454474433856,20.244181622740893,-9.659295944173016,19.664543217437632,-9.964664700607571,-14.407150295861568,20.325109077348205,15.24687391031573,17.71032451279175,14.640197883297994,17.253444377029584,-13.045631784084513,20.525244904828483,21.168749222469113,22.600705740076492,20.58915378854961,21.83116646668258,-8.771581069870537,19.18482451850213,28.430116183805932,20.680385863836758,21.033929405036847,19.065076805640842,20.54675829968122,9.187670744762906,16.282605128196007,-10.55070153285755,18.87129000412484,17.363061057842163,26.42231921563622,21.280926926393875,19.361660747379496,19.473976844821618,-7.562767616473889,-8.853488589613537,24.776069608529568,20.46106390020785,17.81302135586923,22.723805511000485,24.615394730953113,23.541708433869296,15.06226464783977,20.572921360269252,-11.750427113925351,18.881651891168907,21.914356768154683,19.611814813397388,14.271752953754023,19.387393440143672,21.929888983021822,20.14978063498333,-11.038198520559662,-14.020664343164361,-9.816473768367777,21.990698441061813,23.815625636555488,21.91427508287843,22.642259831117126,-6.846964740976558,23.117752585959085,22.02402014914539,20.505795399388166,16.82543720737877,18.684559450052927,16.085203270199575,24.946290714239037,22.918089877389736,22.995657461840818,-7.796643311902504,22.967260590114098,23.084025525090144,21.256338551430122,17.03644048728084,24.427164835660665,21.424973589364523,22.13804741970126,22.759233343716986,19.73300806147048,24.616223796168065,-6.7177703932656465,18.499597248903992,22.198965477409807,22.245559364844873,19.179026765740534,10.409709681643534,24.709446262004366,22.47118143258393,-11.384405108434315,18.809024725666493,23.213111193444984,22.98954593250164
26.122230801684143,18.788340736119938,6.92548938560747,27.324380553227666,24.905640247311343,32.93026204218597,19.418641952354044,16.60315725287874,27.654844321948698,30.531089888616556,-9.72374673688861,19.78579405972766,24.51090871576365,27.855268388479647,33.56834651968128,-11.928284027897678,24.082319125538557,30.10750205752108,26.39827430556903,23.78356683900427,-17.820984879819346,25.977585514939715,33.17013391992849,24.86376108847492,-10.745441580035642,29.36693768357166,24.372629130766025,17.287750121420924,-8.717993212176415,28.713474106360554,28.722452220936564,18.53113240836388,-21.214474025300635,27.555416910497833,30.446620908370907,24.166721908719854,21.61356835534739,26.663329923031604,32.99354412917498,27.575049407008382,26.508281963734436,12.950596064645868,28.777489510300814,31.74647114968124,17.384600875754376,-8.960937604502178,23.60185838187079,23.203216510777832,18.927189705029487,32.33253686293969,25.708745040611642,26.635629924877907,-10.330301929984598,26.73338524511754,14.437778386797403,-11.675987791509984,21.487572972206344,32.24067148817814,27.984919666404853,-13.44183082399979,21.88222048263034,20.758889048383228,23.395399639807085,27.307485572936592,10.249578209314988,28.680040259511724,22.66902675212289,29.804085094799536,-6.374782480954371,27.801812966565667,25.75986250917598,26.98222365009702,26.056510081632563,23.211486485480957,27.691363941984633,31.746800806398912,21.997081425920697,32.6684495594566,30.230029746552322,-15.126829019088891,-7.869394827161093,17.16236956596677,31.559355266103918,21.780678502459907,24.200447111041996,23.492778987749183,22.77463768306865,23.888547466323075,26.892474068426747,20.89109630256388,15.726353481048314,23.507820225411997,25.689530073421253,27.87114164495227,-13.843624934165236,18.00923966780015,25.897923829205848,-18.47718583687737,-6.024176500228807,-11.992536776137648,26.07325387181136,-14.120140936242551,31.026505212496932,14.001008009716475,25.270249004160775,23.716898463529784,30.381457494495347,-19.529659238168946,29.93236147158961,26.077597572231987,26.79192392206547,-14.6780382484174,25.390681860074075,-14.23185519805506,-20.644969378529485,24.131548493773103,20.417948912727617,24.014670085141752,18.984639329331277,22.35078438721367,-19.331723200798763,25.554782498713276,26.87089144137465,28.86930753165218,26.236207342985125,27.659199474866863,-13.284900084860098,23.817895258144038,35.69962517850208,26.01049098495468,27.714916501529604,25.16337805094562,26.03758872298273,12.198024174553145,20.51126223925586,-12.838541255994187,24.01494626542737,23.059081150125728,33.367177095333936,26.750751808978368,24.470869008961422,25.871943874311345,-12.09402986315776,-13.229644948988655,30.72759723872021,26.68239163916868,21.94664668848934,29.013207380933927,30.473868741793307,28.873924307526693,19.7829742475545,24.855550773016024,-17.634614137964764,22.332899996347773,28.19860398387884,25.461797757738893,18.891539005610586,22.897567989769595,27.871578041077356,25.148586621739504,-16.557799100915815,-17.734928056626792,-15.071981138228457,26.73666129059067,29.066308694327436,27.271365489441894,29.05247626740236,-11.611626486181054,28.973767202279056,27.506423240857746,24.952993485964434,20.49247515823018,23.748865446376954,19.254344703201205,30.476995956159737,28.37234419764879,29.793498311298112,-12.397111612472917,28.293612745562832,28.104552762339765,27.396293220769802,21.001277702595388,30.237217055031508,25.485449593182455,26.539678971927447,28.75964438340796,25.54607032648347,30.095339486296158,-10.631436115618884,22.72632864219384,27.209436758399512,28.21828630156373,24.12650137106141,12.932417986399457,30.09328563558174,28.451080611193007,-17.489060990631586,22.20938651710054,29.132630029022916,28.86248775270992
24.255171155092086,17.21779095858988,6.7790741727245925,24.85272055845146,22.84992675798424,30.268513085966074,17.217989828304454,15.071858922372494,25.13723892622528,27.90523761925351,-8.173930521714908,18.43078155669624,22.11084785234082,25.405815377514497,30.951805140788945,-10.355322956084578,22.45468615642568,28.198586801178475,24.52750518368605,21.88892517850806,-15.314185740138795,23.61026332775448,30.563454149138593,22.870573105032808,-8.689265819145884,26.730449847922838,21.939031506285342,16.328076749304007,-7.061414879398618,26.49406743903691,26.738914762533124,16.969982284021263,-18.630615683303223,25.468155570641308,28.436918558821514,22.15803100678324,20.193117644628266,24.775087718251573,30.22230769591523,25.879168069176316,24.767199887149072,12.005326622266502,26.606275268179232,29.20104206668544,15.73609078527442,-7.867355663576448,21.863886549829093,21.540406479327718,16.773678876015957,30.161629542424986,23.167254534136248,24.55111663504437,-9.070309707384826,24.21782958884574,13.74219900459984,-9.97598665122764,19.480330223298598,29.829453877673732,25.21897760668268,-11.980933153625221,20.126301963082604,19.011369467135477,21.834702286459652,25.033783258502314,9.630767369953942,26.763620280243938,20.82243219595466,27.571865845141893,-5.342035004122616,25.42085832047373,23.747202638206463,25.09212284593024,24.293272129018472,20.819298948564317,25.22852413678318,29.103516448714572,20.14219479359018,30.238269923692705,27.783890508719562,-13.149461981179485,-6.583365852741618,16.439952018539046,29.039482564506404,19.272842865594043,21.952372859648822,21.28538103830783,20.81752017571946,21.797325037465246,25.385111557482176,19.369938692677422,14.670701856205152,21.479794347073575,23.862446463158275,25.71906235855625,-11.496501925890842,17.03410489647822,23.478481705679005,-16.01513869657317,-4.466338051341375,-10.204366623472817,23.725904414263567,-11.823343879369148,28.814869401704566,12.608681796964829,22.67289330460817,21.905930343995855,28.581495317422817,-16.849481962205992,27.212291660626864,23.672947216537107,24.18524867861258,-12.49684705694043,23.33487675026857,-12.399832942256719,-18.083131999979745,22.852131207461674,18.528120767568204,21.485378146164386,17.118670200483393,20.284720992377064,-16.713603642856153,23.605783859568614,24.82502420605212,26.25441829331394,24.047227854541,25.56367004388783,-11.261806931389025,22.182601614910187,32.89339717251007,24.07158704638295,25.04237862253719,22.81926621787584,23.87829208918245,11.211794845153625,18.859025912814253,-11.755277253958191,21.893346244987963,20.70068426023767,30.729111796054646,24.875213419573384,22.500853836424717,23.30951891380421,-10.076922275325723,-11.227681104381249,28.429753782933,24.190767576240482,20.474676042056057,26.389613466018385,28.259620617356642,27.097307475785453,18.01305401136547,23.335589631064863,-15.057643449602399,21.001694279492632,25.81513637551202,23.40331746222702,17.059525374177934,21.476497011847812,25.832319079272104,23.465984399005784,-14.25761680280735,-16.108124060888972,-12.826327380676517,25.160507530415607,27.299541566371165,25.52188852929138,26.323490568807102,-9.523891082695132,26.59189145444953,25.43354633123118,23.580830965983647,19.019134149765556,21.81291271135505,18.100675870087787,28.245005986749725,26.425289463204624,27.269289719093546,-10.323084408077142,26.24303133015957,26.332351149403472,25.040926192869964,19.591602994801082,27.936452738855795,24.074663647383836,24.95190126833662,26.483056763270028,23.440368175593722,28.04929252332405,-8.867911229592002,21.425856634954524,25.32647823923308,25.815714975903973,22.07824668714933,11.99840636366112,28.093358815008333,26.300247819070865,-14.890076315525292,20.880749590879837,26.836893569749435,26.878502291888644
17.994151755437894,12.731076961617408,5.587151152977883,18.4105202339689,16.736906144840116,22.713300663785777,12.16920901494224,11.123250526322638,18.323064006530746,20.86426771611948,-4.390389659687616,14.714355463127392,15.3580727064944,18.98570936842633,23.44265795973196,-6.621126957640227,17.011028136028454,21.20146838455831,18.468523453564277,16.339092860153762,-9.794418674171382,17.1279646171749,22.714705133396475,16.860225754181023,-4.783643460596795,20.00226895467761,15.599641053777287,13.383810151415178,-3.6996795751173672,19.69350915768649,20.968286205828907,12.233547143336056,-12.300997567785746,18.561160444807264,22.21856142145363,15.847625761746512,15.541510653579211,18.28890145336732,22.6089007939611,19.854892478426727,18.735257584296175,8.489978362710351,20.09182546607165,21.58957878327723,11.26982121683627,-4.9196367206520915,15.61639597964026,16.576240961216154,11.446550785328943,23.02299855969931,17.094845442949794,19.025092757387355,-5.60503094603868,17.201106331702288,10.774488510686405,-5.049358346781386,14.200438279480064,22.261872028673615,18.03633404005245,-7.756340790634937,15.391437739107568,14.140653347279551,16.97049842858584,18.23857928799323,7.410932824633271,20.005918693778277,15.734035651637395,21.21833844829125,-2.017135655802243,19.152525244459593,18.031213107732334,18.516484743015933,18.114107130526545,14.837326540655328,18.61957035844789,21.788952404853607,15.136605420759144,22.97617104693481,20.62252714005522,-8.256662005258569,-2.8250899674657814,12.512919540020722,21.178407926462942,13.519590917726791,15.430815612383963,15.184689097355953,15.047130947260635,15.661551318998777,19.922186091897295,14.32503200865169,11.298370951986271,15.439491638387127,17.95732154660844,18.98216826126355,-6.621604771231001,12.50821854980703,17.165140108346325,-10.22544279804909,-0.9896751894944642,-5.361423340264948,17.50076943728132,-6.694278370921457,21.378569716749205,9.025718324175026,16.12633200467543,16.067313532388148,21.903464471079026,-10.611182243486274,20.208791112321606,17.078923611576954,17.303502371961425,-7.793340487362026,16.81624092915911,-8.160004974170038,-11.98513861429439,17.633843029591933,13.1671828155176,14.990750610379628,12.813310628035943,14.695711218662385,-10.645940115539103,17.4834882164494,18.04835477007371,19.61096193025561,17.59037667676965,18.834497866940023,-6.899241304409203,16.979223969225455,24.815646995061243,17.67392676881873,17.86248401612677,16.14933883827519,17.67213408017142,7.594099370448478,13.709995317000036,-8.915038144469634,16.498138554520427,14.847853496233666,22.846421064107524,18.014252761459236,16.514657548745845,16.813732225648046,-6.11541651805621,-6.863945167359879,21.72386120864975,17.361431298338236,15.236650080933332,19.894375478021527,21.381970934225524,20.31147126272509,12.991098865875687,17.98871788081804,-9.481504432707471,17.08867535620648,18.687796798973338,16.999009256160576,12.147997378965265,17.191080487671165,18.953598822593793,17.096229720183032,-8.946995023304032,-11.992653768460539,-7.546923193615226,19.142095819536884,20.73384678496276,18.892100112775076,19.81157251276013,-5.059548694845537,20.135552183028327,19.230919723165815,17.738264816659957,14.75224831316623,15.932604466822744,13.823806940799898,21.865830784059675,20.070242051046634,19.84784598486427,-5.983416146802131,20.154993793143216,20.11990487092992,18.185355711800298,14.700610485670197,21.317468976337654,18.85844587371395,19.400755320797696,19.700285433535626,16.66430511296848,21.517260754265287,-5.169196010664532,16.004239925263107,19.552483788268336,19.11896732759757,16.684011731876858,8.615717256909338,21.720810642260883,19.39976908196277,-9.0998187387188,16.570353008390803,20.23249905362367,19.756199775562916
18.567144782292974,13.227766586444847,5.434694295253313,19.719597428287912,18.058750089246395,24.21231654074638,14.087569600646225,12.262687179908713,20.34945770226421,22.500066348871222,-6.220099328271679,14.940686545444787,17.667475017721145,20.902781959833995,24.9414126095986,-8.445748991106703,17.673070724351966,21.794262854905693,19.786833166349332,17.29873888289201,-12.297311169109927,19.0062109735341,24.21292955362678,18.032618844999458,-7.1220267227965985,21.68403910153311,17.629069934796384,13.39984704796107,-5.2934220367480105,20.879433595243498,21.24483533791009,13.833718547805947,-14.880235043919699,19.984709634445334,22.50484229291208,17.547224376103223,16.595927584916325,19.597689518754432,24.39533240663745,20.881807155421853,19.528339434115928,9.205388389795266,21.465924288320103,23.006641808642367,12.18513919115927,-6.2336317010816344,16.567085472441228,17.373888983964747,13.56529428792312,23.739536082530787,18.573956524348137,19.523156868459004,-7.047231175909284,19.450735502258674,10.899008664508711,-7.664045540532896,15.7011030338121,23.382734432798564,20.15375205813363,-9.550845025219107,15.76174525802226,15.582075861510777,16.867249789483534,19.78127773868859,7.450416395109095,20.64329877437393,16.552513841116216,22.127820875904188,-3.8447151976570546,20.841316955907917,19.20032446252596,19.481360624342564,19.26526857734569,16.800014151352933,20.126898424879837,23.535254554400137,16.172627650033256,24.293025623565963,22.211998017952077,-10.325184608146289,-4.625797359608604,12.253381108470794,22.60936283425915,15.82886557836232,17.650881429668942,16.70053416788756,16.338124916944846,17.479708891520286,19.928550266274904,15.507293355643851,11.754806898633724,16.824997604984567,18.760342290376773,20.23353077182361,-9.195425080967889,13.392674474340739,18.75259421890678,-13.051604013452932,-3.4031074787790203,-7.505235267918111,19.018912332981657,-9.499769386819253,22.323663355572815,10.454692638801097,18.381008928608406,17.491129782960574,22.583577773645317,-13.519625070493479,22.35743506602818,19.176718099962372,19.505301168878084,-10.164360469158245,18.460189460666946,-10.108242511017368,-14.618971478791876,18.11307586599581,15.000263300580027,16.928787630517924,13.628994390163104,16.5913363658816,-13.632878867367078,18.65819281499265,19.037813564873126,21.04928705063086,18.98706185057632,20.031949866493665,-8.928054543633088,17.831190696956472,26.312525056850323,18.818395656158028,19.977880453435407,18.12258624820033,19.226638308965658,8.957754327675014,14.575010036087905,-9.142272208542291,17.4906936680013,16.40910833771906,24.334913004879155,18.929092782224107,17.731002678960355,19.0700940613436,-8.353059777427129,-8.618600873382748,22.600667919550585,19.338297420276593,15.849507145037128,21.34952587550494,22.521823625636962,20.835051914922705,14.610812594748115,18.709555670776684,-12.346249265063143,17.24926375713191,19.942417992632667,18.523936592307514,13.904997083223003,17.348904248032337,20.216888375537277,18.13429004936587,-11.672995654468322,-12.759489839397089,-10.051542191946513,19.425919943694637,21.32385321939276,19.81454203481088,21.401478490932114,-7.786335582605479,21.555268880361243,20.415353629779847,18.08762740344639,15.619314377865514,17.286673442086695,13.42513314927981,22.637343096099865,20.717317482897684,21.615329544268874,-8.284503433279305,20.91222147242439,21.141750574912695,20.0842198612863,15.148780232210417,22.394368266250375,18.991927866873453,20.084794854939517,20.77795954206642,17.88032586654346,22.191620889625955,-7.055193172186556,16.640745995814726,20.276682923256214,20.363370544399196,17.843046193703284,9.133632551781263,22.457521662689086,20.709827003208403,-12.170588445159154,16.731532055249993,21.10092744139476,20.917041148069337
19.962724888844974,14.235724244038563,5.7343617783265515,20.54129594369514,18.32732539119606,24.722576411875313,14.152357806185197,12.714920197009636,20.61421398338382,22.95787214802664,-5.519533403273562,15.612540726002294,17.38341916658122,20.870112653486018,25.172804651785324,-7.839697495884191,18.7607474904271,23.349187761214136,20.081154641275397,18.038776397065856,-11.833626766355529,19.2471920307419,25.06097524212956,18.74910682061318,-6.351056213188025,21.88513797887385,17.695207868273997,13.871537973708268,-5.029383084824608,21.135008648215624,22.54585220082761,13.581916066324592,-14.474993340272356,20.62452902416461,23.580381465657766,17.50365628811304,16.203638256606855,19.67741065446893,24.526749136715463,21.06825578661036,20.24695778062718,9.355149555107527,21.72264927227922,23.877337480296557,12.88640198512708,-5.748812593954265,17.674237496069402,17.864066781329655,13.479484941349975,24.776208824774148,19.05168814309373,20.406577575512262,-6.620613512362828,19.540205959153358,11.365579731162619,-6.850519490819048,15.917359999983852,24.563017028332332,20.399957125051177,-9.358737574445167,16.774753466913303,15.211568448919468,18.132114170117298,19.69286115317077,8.242392561995354,22.059566199786016,16.815877121185736,22.51673131769374,-3.0589869412337714,20.36455107678578,19.858753558459824,20.54391477178379,19.72005900191855,16.986959267756617,20.48331261442074,23.840349314872807,16.314585172966222,24.949654156953184,22.95627357179539,-10.077890966889662,-4.208997588335022,13.491829655153518,23.73601353085559,15.62191672781544,17.7555409511293,17.38404903483407,16.579713808912174,17.541945887840633,21.303650262388516,15.790498598596775,12.53350463398023,17.379061156150623,19.682339520548833,20.900538443547532,-8.367211262939472,13.66856642015073,19.08808604957879,-12.4215948466773,-2.34066064527562,-7.058610031823436,19.729527572404496,-8.779354605883388,23.531806548981614,9.942103905281686,18.459677728736793,17.655661945014913,23.595760811689082,-13.041827937768987,22.14548995256981,19.10338911315257,19.478039328796367,-9.60830085856117,18.934927433061024,-9.57383466276317,-14.376377325429877,18.77107562357913,14.861321472132843,17.342273601421596,14.423034683065342,15.979757294137784,-12.995365794668771,18.751668332227332,20.09472072323449,21.19932908118277,19.447619525272994,20.922966131045133,-8.563344412055887,18.30075991396868,27.068140936241903,19.062897764127968,20.22228528065313,18.492904478626738,19.317900407161815,8.560529314096689,15.177768613404343,-9.84697057770086,18.444081386781424,16.98739668945385,25.172498270898732,20.2255716796723,18.210110538659,18.988573801777097,-7.6753428381897315,-8.501533184310802,23.341723634061044,19.341526936531913,16.617063435615123,21.70889377256169,23.405836469435403,22.31138137551203,13.995350402407821,18.72969995032967,-11.584946581299787,17.928807242979612,21.09469371159339,19.041019054712493,13.79272255805373,17.635146495863538,21.121559492011436,18.96470061062728,-10.958441390741545,-13.338874376217497,-9.803242613651724,20.963978393456983,22.56478336875079,20.857873330908927,21.747777247761462,-6.523999133137516,21.71667099144853,21.005923374904178,19.455747872064304,15.705722113583366,17.559423496605426,15.089397449273372,23.235547943859764,21.730455989299884,22.31047128153187,-7.724692140961953,21.5711557714629,21.629793129225657,20.39612693115116,15.994198514684932,22.973034350431202,19.947471064943947,20.522905372714884,21.857196840718732,18.91687109502043,22.711118853477316,-6.5676991363570405,17.527760058535318,20.90198927366584,21.107506913922734,18.258260288083523,9.65942582375606,23.344490477476633,21.561198686949364,-11.295778771825967,17.30760530355277,22.208702817111917,21.9452103894562
22.434553156408576,16.231270787958255,6.412696205477026,23.105094222339037,21.340422044215487,28.506329131997074,15.909417969763458,14.249370414046405,22.784945396455687,26.32167586040338,-7.3113397777623055,17.772079924970335,20.47962570632034,23.7535250756084,29.188876049900554,-9.304691675430911,20.829176021444617,26.261868140419484,23.098339506410728,21.102013605506606,-14.267710995320757,22.168222868192654,28.436871818592408,20.75237019547835,-7.71787332801396,24.989187766043184,20.808556833919692,15.703079998060463,-6.37579184489534,25.13798189083247,25.807256531189136,15.771527913867192,-17.095082987478925,22.88757978332133,27.22437595180851,20.891297030319894,19.065521814156348,23.275613794167544,28.33636515692651,24.119950080235668,23.544243952209264,11.288362912964557,24.92074042964868,26.92322385404925,14.724383146844497,-7.113416695370786,20.43513166752233,20.575369129185024,14.917226689498252,28.144459767656475,21.578646459440076,23.53906466792406,-8.328174344205156,22.111388254596505,13.337852023357305,-8.418389799923968,18.674464248442323,27.538591480511645,23.425522906048364,-10.580658210367982,19.415715340829408,17.554618653207203,21.186158312920096,23.71714657481282,9.047325985222168,24.62035979784906,19.841667096378217,26.420942683372694,-4.24270993840999,23.951176388693735,22.49568723893312,22.717142067853622,21.963087580321037,19.470757247004745,24.12496504549099,27.530568534037986,19.269337153859528,28.141633964634728,25.857327066312717,-11.654979353911981,-5.989831821914577,15.68817874956004,26.78763609170903,17.6489568449051,19.61270928012262,20.0956666063959,19.679230794124283,20.429449457112764,24.227393489134904,17.3385402570361,13.773334995471727,20.368867397362294,21.705123070017333,23.954981492176174,-10.326467973891122,15.736907501541623,22.537141940613285,-14.166764789754787,-3.498146294798473,-9.142547714082598,22.42689204764801,-10.530749711695146,26.98246655411689,11.613876468509453,20.69605487893015,20.432009370583728,26.30195899136334,-15.19893447426836,25.20814639683787,21.580580649132724,22.582666181079976,-11.104681095092513,21.077050826766307,-11.57100572819293,-16.342829517519018,21.280712731170937,16.13166731040073,19.616062694572616,16.63419478699883,18.756303336108267,-15.013560870336892,22.377273996850562,23.039430438424397,25.032781619747055,22.880789825901587,23.29739620412833,-10.503441731885186,20.37177575623696,30.883136439760186,22.680948201151523,23.19678906287594,20.985294136455455,22.41393267672998,9.728383807883903,17.975738583603036,-11.636899347355952,20.86186341988438,19.65165602972607,28.91268216998699,22.938563606813375,21.42330462596576,21.715837722916028,-9.059224493548019,-10.358425373848778,26.745070776094657,22.805336435291128,19.258430624986495,25.05255303393219,26.555929987853702,25.27868294585058,16.566314649798024,22.304019269068657,-13.60507494751283,20.366794406183242,23.87715242703002,20.83897765638808,15.939235072055617,20.784802839567167,23.354470007887528,21.39654616218342,-12.63579554741516,-15.587894975229691,-11.455208338991493,23.213712846819533,25.058443169646072,23.047270319052167,25.048492572283482,-8.356718596269378,25.226357558094,23.983791227057797,21.38504513263377,18.050041305957937,20.592783883070183,17.578736945115313,27.134785386389197,24.922453850254833,24.6947335642137,-9.562627425983713,25.23152947460727,24.436236948677664,23.30801172999692,18.697630588044575,26.522536966512284,23.222668484494104,23.68900766356555,24.4318604090777,21.70821562435299,26.682574750544628,-7.989409691620472,19.206310646582857,23.815155895816883,24.42894062129956,21.206351452391846,11.45631631991549,26.817850508807975,24.26304389980886,-13.217386067327627,20.327072183996155,25.213605710609656,24.408141576060235
20.42339040537169,14.16218441659253,5.88671512207703,20.28673075508924,18.532644279277438,25.214039042039374,13.179795758933938,11.845509806100878,20.583475113284436,22.81298299268591,-5.306733008069604,16.070705391114398,17.14372985361487,20.65104557201633,25.63934705424919,-7.832108894825303,19.067236446837374,24.11213296390815,20.316296311538647,18.06753350864725,-11.033697394903946,18.86960173347622,25.38745824487452,19.145381715886966,-5.400099668947359,22.015172732378964,17.192384703844358,14.3071738907213,-4.734496950515085,21.91569184577474,22.730751054154776,13.74577275019515,-13.931311196934756,21.110652985349788,24.675740205178002,17.56266769375059,16.790786979024126,20.529972466000704,24.663174383883344,22.055751283753658,20.882991879319075,9.488206684649413,22.26745922907581,24.34223787051887,12.679257048159824,-5.754637982072252,17.926488314082704,17.901315031340687,12.65696053869088,25.667978123776074,18.83856315720827,20.77816998988334,-6.687866875982802,19.175439997246492,11.734441581244301,-6.381994148484542,15.454196415264207,25.263715635007877,20.117583701281994,-9.247818513253373,16.805136946346725,15.438568173955957,19.01139597490322,20.262702376285386,8.450977400875992,23.006858938548895,17.30272485672784,23.194404726380263,-2.731152373722368,20.702881483341454,19.478687091983605,21.3876609300093,20.500849561518855,16.28608803414228,20.3637185193557,23.68635824097747,16.639801234934133,25.606235431734532,23.051710977478653,-9.834077298068676,-3.697774649302944,14.209994554618238,24.025435186279335,14.686165105169131,17.52352141843295,16.874745323145273,16.793366201341506,17.381855256919458,22.106913708686303,16.089010595719483,12.217158787407637,17.164392322772592,20.21536732367482,21.37394300679276,-7.687297450530347,13.886063209260671,18.560144696721512,-11.484050141485236,-1.7712831690564468,-6.829678525253857,19.282188714786326,-7.8251764029668225,24.04908306571041,9.544545175687512,17.917243546138717,17.670024864109763,24.744119731357724,-12.05931819307961,21.976309926884387,19.157978864745402,18.996905396317267,-8.778035325782685,19.263989322114593,-9.347696175226893,-13.495878556266549,19.843985081013617,15.025143501520628,16.926320220845934,14.041146600137445,15.951602939444765,-11.86616845700894,19.39094802103161,20.761251205922605,21.567804347755384,19.523278511755414,21.593300617331845,-7.761916152213261,19.09993350623009,27.406981539078085,19.664676074871934,19.95421834067694,17.877637020732614,19.492086126095664,8.517239568871693,15.195234518718836,-9.956755251754359,17.779274376885574,16.08458727668386,25.37884452553477,20.649725743143936,18.32578685230888,18.415145225123368,-6.462304110753743,-8.300203889583006,24.13214151401722,19.23523325895155,17.057033828960236,21.85468718890618,23.8746976736115,23.002372210761738,14.184519705510164,19.729534658974384,-10.654968950148396,18.231440412393273,21.281150312315628,19.43710309690392,13.183447517729025,18.843352530560146,21.729573788593772,19.583786090077226,-10.248405839565255,-13.108122497762858,-8.955664303937954,21.938434584826883,23.533195516291883,21.72133296021667,21.401869067226862,-5.999747381005275,22.023984932177775,21.287173265172456,20.531057589866887,16.019669368314492,17.40543959366672,15.712623667918464,23.826163188379574,22.309169581893016,22.49492116402574,-6.684641569730286,21.89934688732835,22.41904656700284,19.96601285866788,16.509133074678996,23.524733182026747,20.916683021308163,21.390354498514736,22.047311537091854,19.055137138571578,23.877971583406552,-6.024788055486064,18.44006157262612,21.658549186153735,21.12379237832139,17.883444763899128,9.976034766587132,23.6111950204928,21.799087770401787,-10.484880109683287,18.188482232228367,22.735493831675857,22.56122451507076
20.567313502665236,14.609956693398,6.078236255862154,21.17465308502635,19.26656541846293,25.9361034134443,14.42669676748816,13.085480317212806,21.205959298422673,23.86416377657634,-6.11891770839038,16.139051207468057,18.198512850435794,21.795872869433946,26.74588889439086,-8.271761439808223,19.38015686764684,23.987718509467754,21.08085777581064,18.682965424157384,-12.2942328642648,19.890655013703736,26.027782394009918,19.401883840259643,-6.685568968820219,22.83034512657944,18.240220889766256,14.541762469938993,-5.274913293767992,22.60276219196715,23.45534822475831,14.243928459207485,-15.221683118948715,21.492722894351335,24.75759925525361,18.547393432896996,17.545636096444518,21.015095608505558,25.991274691061392,22.415294827988046,21.27384122809695,9.977299781044625,22.89961649080252,24.800976606442603,13.18820605416714,-6.345837108717126,18.220794288282278,18.716635718483722,13.816411008383572,26.056737557897414,19.784716563748773,21.379630092173343,-7.1313033389856955,20.154974865741536,12.057067335110595,-7.266753830488227,16.338561370248208,25.363869268222803,21.109053954491273,-9.623593840538874,17.39233859236007,16.389661758688003,18.841738465809875,21.114931842685394,8.201472015774549,22.707822784507037,17.923903699790536,23.929178514418027,-3.5963854875055192,21.95581001651972,20.566718469115038,21.19694781715091,20.711395349221235,17.44537886292609,21.391398349923385,25.044591376399108,17.030462440836338,26.070269583857193,23.647179510664806,-10.448325341894716,-4.546317302904231,14.178040048048054,24.41404241443877,16.042626101471384,18.16702244091112,17.82514823359672,17.508534623185298,18.158528708027248,22.217259652796454,16.635483968807648,12.87558902103163,18.103099849929162,20.433107101918644,21.706357995774752,-8.864576263211845,14.410966087144743,19.974661189119423,-12.897739776564322,-2.545345149179857,-7.524565062803871,20.20896679640036,-9.091484065133073,24.550814363073105,10.671204496114527,18.923550033138763,18.690544853978746,24.648361779857005,-13.48814199278991,23.268814077644166,19.993270100428592,20.301307837940573,-10.041411598820485,19.576353051684194,-10.015131103638875,-14.70351609069498,19.91895311637058,15.464229662368552,17.783140949476724,14.720605011501096,17.384406082944125,-13.429726824410988,20.19805058806666,20.77439207007778,22.4666608462434,20.33828166148936,21.599206636223492,-8.925167823891934,19.089284090785625,28.295638309237166,20.3733681217063,20.997621163165377,19.04119078398128,20.24178264700834,9.319057962281123,15.895147881621037,-10.156027096580402,18.864446843682792,17.559627491622866,26.16476118343813,20.911345436280634,19.071327916280993,19.61225465757354,-7.963952461377945,-8.850539562364096,24.536748840693882,20.30989076803132,17.492185113959763,22.65973733998913,24.32819035370426,23.072631861596182,15.128970575950575,20.148929172189632,-12.071010726482458,18.619714937293004,21.748102108670086,19.637017005049316,14.30993282497829,18.939627074410993,21.788660840739908,19.880858892115857,-11.339439790464496,-13.858288075212847,-10.003992333568954,21.55813876502738,23.46945079533982,21.62986160667895,22.794023098687774,-7.088862886967671,22.86571219216954,21.7686459874736,20.116951926917324,16.690326178863515,18.545210294402054,15.474012532976616,24.66041787376063,22.62081503909988,22.97797150479908,-8.010098769388597,22.714306362349173,22.81850692682832,21.258305048784667,16.55138041369669,24.187871572880496,20.825017685913124,21.74040223999164,22.57653797892566,19.4645931283351,24.192140460580912,-6.997575945523485,18.25784134901198,22.004424104401775,22.029065342429057,18.954493225195975,10.080071821585545,24.389256995927823,22.300032798014428,-11.74137240578783,18.331637238880063,22.942309151009336,22.76148551839993
22.784950384275735,16.47854798123454,6.470950865979477,23.344901695882957,21.527877736820546,28.580882870475335,16.0461425136869,14.351315557634228,22.96303462468163,26.377716956224766,-7.615426909520467,17.67031748222891,20.75758631380026,23.73367088203141,29.2165762668289,-9.401959451090848,20.979720596330644,26.480875175999138,23.10345412720423,21.177746544253626,-14.392177975691677,22.315960052735683,28.639414312328807,20.96332888436619,-7.92563704738604,24.993303894949285,20.94179309549086,15.548500453065841,-6.517975383652001,25.26324963500359,25.805168391072698,15.853081051183853,-17.369405850166938,23.2577108761696,27.133267981838607,21.12076910316305,18.97767871326196,23.41761536252813,28.47953578301357,24.147560468711955,23.677733706318644,11.595989603446768,24.942962625332797,27.19370811020123,14.988074034415188,-7.2690781708756464,20.789029420043466,20.597593860460783,15.183670634888996,28.359125225225974,21.694197025461747,23.528894824635664,-8.41816132772074,22.363443234913106,13.356824439942327,-8.871778633084649,18.704077853953404,27.755167307200026,23.58376639912328,-10.73856648079102,19.431827823357317,17.72408915420652,21.130529992809365,23.81990068318651,9.093366214961025,24.857300370586998,19.875292362521968,26.353963254345626,-4.6977581795875185,23.958454629496075,22.541490900276045,23.025624642169134,22.195105883811568,19.68850890339481,24.229196997006536,27.566819857081946,19.147406399571917,28.198155895441037,25.98021978819771,-11.939936043653171,-6.343792779357323,15.949073470280426,27.117656664785844,17.826822589035864,19.87622357926795,20.345666865936455,19.869320319244764,20.612081836639643,24.266792539877702,17.645707312692107,13.854879674471865,20.556056031378045,21.8949269759502,24.1168090653235,-10.547545487023338,15.989961571141272,22.657818308587345,-14.48824840372572,-3.791655614106007,-9.504420297887673,22.516973423538765,-10.803306100294641,27.250725675418657,11.730846686195916,20.835842177844164,20.63744487237741,26.468230985372575,-15.494737056692165,25.26075825151613,21.75098363655869,22.730681342752625,-11.38503917253779,21.32651916296993,-11.605293863222727,-16.588252221746554,21.387827115500446,16.406091882310253,19.946669670536842,16.532317296712012,18.93898547941272,-15.307731675109013,22.489515062845236,23.338486638417486,25.016143161552122,22.97569191984067,23.567515187892084,-10.617915580799488,20.356481724408436,30.952590771731955,22.943130584112925,23.443219654568182,21.35745326384806,22.550413198895793,10.044640604403837,18.191903869009252,-11.551711238981794,21.03815919587534,19.847475296245346,29.061035448685573,23.343137049139877,21.57441111189139,21.788306556870662,-9.32253997375369,-10.482331051122282,26.773623577802834,22.973555421289078,19.506339647818347,25.005921686779285,26.615872647284572,25.520638877717897,16.6598186561387,22.239173198912916,-13.795203751031652,20.19462958470893,24.221639691976534,21.14466097717978,16.069898104460183,20.566365199669786,23.6509660853993,21.802850217677822,-12.814611558038395,-15.609439624816725,-11.750282115974734,23.4060022531176,25.29054733935683,23.35182504517636,25.034224369563937,-8.551977221014623,25.259486804812703,23.989879450354785,21.67432210719152,18.013902463464888,20.797201313150918,17.73972443112517,27.08812820216809,24.97539310777354,25.01509680626277,-9.70024231934122,25.216155834396254,24.51165402566947,23.51651739478726,18.77834953739505,26.448000553351143,23.102683652026016,23.608187920139084,24.743022413798656,22.017520739000666,26.6619676048876,-8.160881259868999,19.49873186953877,23.82303711303584,24.645088132847853,21.247096277865072,11.581380096772836,26.81596745881796,24.44739943394803,-13.425386904317888,20.13197344834273,25.26845182988699,24.782219860344437
20.58133432011366,14.583519995883943,6.249245361357751,20.65626157077893,18.99822395048656,25.877088126390547,13.694906653064745,12.679222851150103,20.63327700261032,23.50768318692866,-5.614095969056992,16.16625042766435,17.86181233488947,21.440662562647322,26.56411609196506,-7.937962462401563,19.42559902063177,24.252427650508697,21.17652498311808,18.86797465819272,-11.631605606568234,19.596123875512887,25.960518221703243,19.061327849896315,-5.880638487911238,22.30121035816667,18.09425024778505,14.598310724193162,-4.657812190403892,22.65927498980545,23.600097480638933,14.242858313521369,-14.553137448368044,21.26486395572982,25.02976794058662,18.55281448052494,17.623047436640913,21.161394315604625,25.484813213227472,22.590319409914752,21.55938910692958,9.978818472066797,22.847314419692687,24.61666012697385,13.022751247334451,-6.060358981966357,18.374064881377926,18.608628385656274,12.917192415720118,26.003468753067402,19.06960637020414,21.220787762116416,-6.83264419328362,19.71544718380134,12.45660343314112,-6.818927823291705,16.364405743760972,25.318415359674265,20.694568660030313,-9.23289026425721,17.15709912549365,16.08235863010792,19.20513370429455,21.085342111703604,8.37263587963191,22.835581653778156,17.678293374979,23.836786674401132,-3.169449636474461,21.5712652684352,20.33469937686691,21.127223061337904,20.49062965383223,17.067519992815342,21.22603656049114,24.80017736122848,17.001710694005883,26.00099185065743,23.460514320206453,-9.859000834248763,-4.349094853745913,14.609085969584479,24.28915610719475,15.133620594779506,17.559438212531756,17.54136554138983,17.500763150599383,18.022155845798157,22.697374530392548,16.373844223234595,12.595389697399415,18.050238492171427,20.12395632975542,21.6839776801387,-7.974949643569839,14.63594021179149,19.695065712530937,-11.944152389920283,-1.9447378846816736,-7.172932955417146,19.866672297376397,-8.247733609265723,24.594070087415357,10.061521221613035,18.18561360181836,18.628309515585304,24.814953242528816,-12.515939499392625,22.56835304561132,19.48105576007318,19.936198740247626,-9.061835879472232,19.31778406492931,-9.818021550801433,-13.807440513317342,20.17669322471596,14.752639431242708,17.16447430385183,14.44940704843205,16.85517745134904,-12.488384669866283,20.197599345942578,20.86750834160603,22.20459330789802,20.341416597619116,21.3986874795755,-8.309285505150243,18.845959899927188,28.079490839133836,20.375728941764542,20.627614971784897,18.758613276874428,20.30203019407026,8.85289970160722,15.871174532021637,-10.364715565781056,18.57648089747335,16.951198505847632,26.11133378635278,20.986851546055885,19.029451268055958,19.22174917091913,-7.14264552153844,-8.265255930187065,24.31101676397126,20.131869903534607,17.558764393364285,22.33426878480473,24.430850977382736,23.360171094241892,14.754301610882967,20.54361770991394,-11.116763424021729,18.74579678998203,21.485798663589566,19.1434175789579,14.076700545777891,19.24465794552609,21.648338875429406,19.90799544621,-10.603531525596857,-13.635412767317606,-9.22790099525091,21.759570377850352,23.588309154064415,21.6556423535442,22.265351625295946,-6.27535053823361,22.734642965302214,21.804589015297815,20.2489507705681,16.714989126284955,18.36562777074665,15.880144818285064,24.71061815110035,22.648320742097017,22.491023217240905,-7.315071073041553,22.70168443324294,22.946573720173014,20.927984342793298,16.83023919448047,24.182881081632218,21.49462611607954,22.087576119271585,22.441595338957434,19.341278801537857,24.27912637801292,-6.336414409824597,18.17243452354916,21.87850774935447,21.973710063297148,19.014271456584655,10.354880671981162,24.620301148347014,22.208127604126847,-10.824907581998577,18.85206277551555,22.804723230652336,22.69311942829063
21.201354574052726,15.040510518331127,6.050219507390411,21.948254157953844,19.67022606346361,26.699903319501445,14.979798181301446,13.547181801340969,22.027134617689423,24.509518869804904,-6.518706571330594,16.83461389789501,18.73666042948417,22.32326824294045,27.37565088869033,-8.893429826290994,19.91679563298319,24.6035519738077,21.47851671117568,19.170689884062483,-12.90439187128716,20.572181072272375,26.756831500842196,20.032952138223973,-7.152538450317509,23.74939207784569,18.81374416041541,14.835801211484853,-5.83806477369581,23.25112184920385,24.022567277189793,14.732190212187984,-15.91449410305305,22.01384133210329,25.4503408708411,18.856222128739635,17.800549777106497,21.49563072678787,26.710130247755938,22.948184854582596,21.936515697702028,10.286058988267763,23.60635341842527,25.610087213733753,13.657529634637186,-6.664167893489765,18.70077133448592,19.052715725233828,14.249189594961033,26.747935714780386,20.656689463414065,22.07716552451442,-7.593603731793212,20.6901104008725,12.116700045478863,-7.591136643120818,16.742995773662514,26.13588649643289,21.75727424635063,-10.09013957261881,18.027578357090086,16.83728625601138,19.38707998980365,21.661842998889366,8.543288367097697,23.398762667643194,18.59654778816994,24.7313062978302,-3.6330665524372625,22.580878819327197,21.14871873418817,21.90165703585256,21.201779454237002,18.215058054425487,21.931378495338347,25.62235188567041,17.52300444085776,26.86770267541245,24.43604355352244,-11.040200192025116,-4.6862420495467205,14.305139153555357,25.093157871445808,16.667831855275796,18.83465093856095,18.34433451743605,17.988434963478046,18.777790667442684,22.734994610285387,17.171756509068953,13.268920865878368,18.514131197455008,20.960285663423843,22.1719286849386,-9.449880151956052,14.541881375945227,20.52845717142174,-13.480863476197207,-2.799846902117427,-8.024583318351379,20.979853827446597,-9.737531678358481,25.204066444160215,10.81509862926022,19.60269838125717,18.950235818019962,25.34594984059257,-14.215856525822,23.983516840563215,20.607979087570385,20.72876585107975,-10.69519323074016,20.14109532459636,-10.48505618821355,-15.46493760010723,20.501703858680877,16.055357012957533,18.511114760408574,15.398486202062937,17.829256548521045,-14.013687470018317,20.768712953183556,21.4343693657145,23.22312157366445,20.789413364194107,22.476405412156197,-9.403077669795293,19.86818958346671,29.151588856480668,20.86993787347884,21.751018810894163,19.57421135049601,20.896728985755665,9.547928286081826,16.230821535513467,-10.520664599603615,19.558378997985454,18.212014568867495,26.905254642455468,21.451034535911635,19.578100832379366,20.178181885555894,-8.30135234982254,-9.620420948446288,25.40013276800179,20.93259690054471,17.94515246121234,23.544523472244112,25.04186000604861,23.494600362092,15.428632648471822,20.38720311023389,-12.825373467789403,19.141072821683988,22.607633647071292,20.302063055450738,14.60548132253106,19.40325164601839,22.40825606995749,20.382700533303897,-11.999851516786755,-14.402739220497669,-10.639729158274095,22.241046681645678,24.084038755650486,22.147767853242694,23.64249963946455,-7.666918336201928,23.705743284624816,22.40972591528091,20.69546916649118,17.06570074228132,18.92565691962624,15.9890309126834,25.371627901411156,23.182513249692942,23.829223527471726,-8.351501698162195,23.205517202272954,23.319227266206823,21.672382304188396,16.993547080909675,24.868384292489285,21.139406769909492,22.20169287232367,23.270276292270893,19.968786671355616,24.872043700331034,-7.3469863080577245,18.798482722593402,22.776540448745603,22.785891164181162,19.45871986463156,10.297304996401909,24.70476713004714,22.681502732183844,-12.42545498157363,18.673453175934807,23.832621986006373,23.335368411001145
19.17544938072719,13.344134460176923,5.823485956900077,19.083976174995946,17.523147577005687,23.78283933682837,12.39557878317795,11.32242520241305,19.207986953554883,21.562895246556604,-4.852512159345724,15.33057425176751,16.13957682053307,19.520284917336134,24.32847486136831,-7.1906187986634835,17.954884931451833,22.699697764230827,19.3115736119929,17.103681533763915,-10.178081664515988,17.81753018043297,23.86392318652834,17.92958380098116,-4.820428865779669,20.76720674949148,16.208707772654744,13.740233909366031,-4.115408205145774,20.813317273522607,21.67762947202877,12.981255762048965,-12.88539204143437,19.727876955957655,23.402426417940372,16.66560644656734,16.099494417778985,19.48987179535731,23.42828505082564,20.969662652131607,19.896522649373747,9.141228483720655,21.123742963244876,22.83366297644687,11.906750306786295,-5.302036511960671,16.852247083004617,17.10007562264897,11.786514342698883,24.28710605257085,17.70001273779003,19.75988467409519,-6.198129242582429,17.952300169991016,11.324949807840127,-5.699003210364329,14.631807875109454,23.663756972441995,18.830654140108766,-8.454712510016149,16.012223011362742,14.648100802517895,17.996340715521224,19.22639136793009,7.907958571527059,21.506934901628604,16.43460063107116,22.124610092307105,-2.4534024993164905,19.739832709436232,18.564298345380227,19.939087721603737,19.317660548155523,15.365298772896622,19.299010227433207,22.490580188356414,15.751462140214477,24.142377022868263,21.654970320350074,-8.915467185157874,-3.3437952127604866,13.539967012599398,22.491784369895946,13.760069895099319,16.327954374008417,15.921082926754464,15.94426436730982,16.43212892242598,20.99415818397243,15.151888300879577,11.723584367024166,16.237818119346127,18.955450947245136,20.060461626079917,-6.946233276315957,13.279548317965414,17.630851399385037,-10.548302686900858,-1.3056764254444093,-6.187937094576248,18.215469837052723,-7.089752853715306,22.729362392624072,9.144846985382912,16.72287522282052,16.754966675548836,23.311954284285562,-11.101704428720081,20.77499757183327,17.954775846768634,17.882826347113102,-8.022304449047512,17.94337616794475,-8.634886365345329,-12.46732908675414,18.888586996048694,13.942179174765494,15.77613157886393,13.237492437521873,15.194819670103714,-10.942404659551858,18.517049952798487,19.42157436902788,20.396853017194378,18.47523833676697,20.18399348058728,-7.097251998987835,18.014177256912443,25.900564574470483,18.7299078197038,18.69673441962194,16.824716830653955,18.44616081057269,8.093297494186245,14.45601489453691,-9.39460219167933,16.903197193827662,15.219242247556355,23.956434351756865,19.357461611726276,17.388781225793746,17.295098925546487,-5.936205820051291,-7.507519645561622,22.843531524093457,18.142770750657817,16.188724936060492,20.652621168518127,22.51638039937287,21.65373305927626,13.463885349312049,18.87426057343642,-9.787148175897906,17.53815621967514,19.895902205105944,18.089481727331947,12.465981713382883,17.985886828648688,20.273733137543147,18.417981165614414,-9.391654955738877,-12.431826255980319,-8.108890430455117,20.569534794214825,22.111414980132732,20.287860862432087,20.274534029516836,-5.368072475237773,20.909824774987808,20.09671965303224,19.239073297245504,15.267442635792904,16.567131837794367,14.89193340111208,22.723475634044384,21.122871400218482,21.020279085852852,-6.070725240734763,20.96531662819318,21.2436683542445,18.881417712501474,15.642733307379055,22.27160469598595,19.891329170244216,20.390554053776274,20.714374712923373,17.829062944749026,22.71483390950603,-5.433138078547457,17.316086917311456,20.553362093213078,19.985163641587135,17.048516902654775,9.377535753542213,22.488205415188105,20.43855425871814,-9.530372414164253,17.374618225247143,21.373417387781007,21.116080003290122
26.31514700272588,18.791298684603454,7.195909348537567,27.252284915782617,24.936334118609803,33.10829036335664,19.14149219639317,16.754851245301,27.4552487408807,30.612269548820812,-9.470498820292724,20.034052591145898,24.425342035594163,27.81002122872756,33.79686193904928,-11.719603795591471,24.379473543530104,30.44321638217566,26.642674862659415,24.07597638621436,-17.423923912728483,26.005629683537045,33.314433985209185,24.92814151549163,-10.247082045950624,29.3209642589775,24.254952615191318,17.70890679709831,-8.449438299067097,28.980982379217732,29.11650120401822,18.680320349025532,-20.995366071167396,27.59366086322324,30.88534812795352,24.308205181558126,21.838028181871827,26.958422355794884,33.14333421290786,27.96128591903263,26.969904845188584,13.18926888460815,29.01677590687635,31.801006537157768,17.325960883487355,-8.901998119240178,23.85302295352265,23.531918568181144,18.537969339804988,32.74596252274492,25.569271642296215,26.88200084561757,-10.312933646232908,26.522330118023888,14.880423217224433,-11.3042548832991,21.457447635773825,32.37018981829194,27.730757145432406,-13.238203695056496,22.04229478315523,20.83421566108304,23.70505625306178,27.41903771811887,10.428930599585575,28.922332856688797,22.836814854102137,30.133387285028117,-6.138864162581489,27.838975642111837,26.028126535008447,27.133265615469956,26.268204218453736,23.093327375464987,27.78441827875149,31.885269798107107,21.993185089727362,32.88609828069922,30.34695561325339,-14.838916322781413,-7.640978229415331,17.753751382302095,31.58370711973712,21.370896365995918,24.022234189542168,23.569218396518927,22.973663698975155,24.00779814735625,27.41248350966581,21.042016523734613,16.006231529491338,23.635569592386638,25.827603495352992,27.939658081444414,-13.311052666363649,18.248949163920184,25.96698309886627,-18.03780721808839,-5.457656921406717,-11.65829272870256,26.159842606625563,-13.657833121524428,31.405623860980462,13.965526882843692,24.947232654184006,23.860685001312884,30.82667611774102,-19.103427730701082,29.849646108081444,26.015338412298554,26.59843364767692,-14.27760746366766,25.412911950499346,-13.959954472402973,-20.246259304821166,24.705562189268786,20.222891965626413,23.71931463960823,18.981732080807465,22.396943208642977,-18.835921333658202,25.864242191876315,27.00154105978206,28.882301981121813,26.34566388897853,27.76182382170367,-13.016426148998638,23.989699826619376,35.88101474511416,26.235993936950184,27.564825410230284,25.009001765365607,26.07543518480546,12.259703254358525,20.655350926940308,-13.021794949270001,24.080365660879384,23.041226765009036,33.52341205191213,26.978279382172587,24.74867418235567,25.61014395830039,-11.657128836658764,-12.986962832138744,30.964416430980275,26.660315630576076,22.3561874184208,28.99194748415366,30.791914630138034,29.257039133174647,19.65404881515398,25.179106297883344,-17.16870754252185,22.706309050958062,28.26402139377904,25.393470881403033,18.80053292871638,23.299388862619818,27.960892416139515,25.451288818310275,-16.061456688871434,-17.987950011674403,-14.62970866678825,27.125313556818515,29.444440279714115,27.531128668715866,29.080192894693255,-11.139733426388302,29.150888862563793,27.663422368780452,25.350156371191982,20.817457630681925,23.942942074846748,19.60073629089089,30.85963863768416,28.654822310659785,29.73793686954754,-12.007860686400639,28.552324960226027,28.478541579296,27.439596806996995,21.295727625555678,30.524253752274817,25.9261501157857,26.995497228670438,28.78361960701983,25.60282648707688,30.465978598629842,-10.283505785583408,23.057140211126395,27.601702534167966,28.294902556891476,24.221015048940366,13.115222346302751,30.42801372593812,28.57990075491952,-16.90541484999731,22.584719945602757,29.257489021193276,29.11961789901734
24.90823748554889,17.73998222327975,6.800042489005159,25.347359339924168,23.223147202355516,30.92442745858248,17.21162131049352,15.043286593048478,25.285583173620147,28.324328603648233,-8.417775515742369,19.342611117857665,22.230851164154632,25.383701959548123,31.45242230223395,-10.585927823394284,22.70617258670738,28.86641687089079,24.623204335604704,22.49623145287752,-15.484875669223749,23.901825902199565,31.00877084025115,23.200516043496467,-8.51719286873663,27.38428534771345,22.20253281259196,16.746201851867916,-7.497037559864404,27.377897258898553,27.53083684330662,17.07781713084701,-18.70512408611886,25.48829528732075,29.56833979437955,22.338825626148083,20.232150767812787,25.319024156061623,30.71379438119229,26.18808980874765,25.562616360286196,12.379915557392343,27.071745469990987,29.76145258192609,16.1565788019213,-7.978903737123685,22.407273008734094,21.85872830487682,16.486502048054714,30.93824833494609,23.840825695707114,25.547294224691136,-9.21802019124486,24.091777270349727,13.936122467224791,-9.576234610888239,19.595599546766323,30.48208537978035,25.466789071894986,-11.898946674347835,21.09898430751352,19.055905485633005,23.012918929995987,25.671171943355077,9.996164913354942,27.45696344063542,21.738200031415825,28.620910991826886,-4.941134792879996,25.828676604463826,23.979667202622505,25.592145017609543,24.476994159533543,20.974642840093132,25.83778157996738,29.34009891874749,20.772092592857604,30.745094791283698,28.208210227424853,-13.247102137547982,-6.506081298710562,16.985070017748566,29.528422625775214,19.254407329025636,21.815678463015548,21.718281487654735,21.296870222717917,22.07771796234798,26.06252883594649,19.303616267710293,14.810317646689482,21.74488315227361,24.14384274483033,26.17532739365662,-11.641177482140153,16.86576998371465,23.913064289324495,-15.66894429989374,-4.285165708673349,-10.439500380943183,24.238998367583783,-11.748720797701736,29.499433135358494,12.4137009628846,22.691984858984792,21.807421708016346,29.09131046754326,-16.86154285930577,27.370024865263574,23.70397834439628,24.150180844407977,-12.500904944748427,23.39710104924657,-12.607067710172746,-18.084836459411985,23.357596663720113,18.414288979078737,21.809774847974445,17.8252698737952,20.299650339689222,-16.42744810201611,24.292379648262628,25.614459316038307,27.161318556802584,24.566259135466264,26.20586883021498,-11.362941123323202,22.741253103825066,33.51575409543052,24.73917014151358,25.324758283702362,22.728154751557295,24.170997459845708,10.882889089161207,19.402131864249704,-12.309263604313637,22.38063495400372,21.06169330986927,31.302602920027706,25.33276560090239,23.068379236960865,23.245253075855402,-9.817889232652966,-11.878367989392546,29.41551756781201,24.60539966890636,20.990830712641575,27.24168279929557,28.783491043788196,27.56831109981102,18.033198399577387,23.805375654235025,-15.030576223576887,21.609668847958584,26.54158823613699,23.53619295850426,16.822905273871193,22.393080671916493,26.108920690593916,23.765997595045377,-14.032716340267182,-16.66232839578533,-12.829594469146224,25.858931373876583,27.771293264636128,25.708395279412958,26.931440864147795,-9.48895484085357,27.316498016268625,25.902302056614012,24.075385284431054,19.291389599553273,22.050225248624816,19.284161633450655,29.14134877877824,27.15956331615459,27.576543235127243,-10.23439886451406,27.017353080028546,26.52507213768226,24.931447253513394,20.395504590073756,28.657421155603167,24.761972873206076,25.442800350684188,26.931065119692946,23.904121766004202,29.113776372772335,-8.989370639482992,21.696633020238416,26.17947952413406,26.52407429557089,22.403124112413323,12.342675056885714,28.44939263884044,26.37039317327547,-14.724717766998092,21.52840614231379,27.79898074106691,27.12539721091553
20.962029636774123,14.776671105889502,6.223921199206606,21.377952227896312,19.351852310104,26.08157676538191,14.314024758344118,12.843214140506335,21.463830546373224,23.867943097473425,-6.03944290532014,16.39609004484235,18.162950061246807,21.728820917362953,26.75797566431472,-8.290447435107753,19.56661114563864,24.445627500697817,21.027886505121035,18.683265098186858,-12.058925209147633,19.81721939618535,26.230418800264157,19.81316126117783,-6.3546324991999255,22.97226855336459,18.15453631250873,14.67235056877853,-5.201814246397777,22.70481204412508,23.514503944613935,14.258651481678152,-15.051138955467104,21.890538555195434,25.08009920404363,18.424120623382738,17.507374196448758,21.130610703068683,25.996750829929656,22.614719629514372,21.41464105334192,10.018627750938615,23.07920736093752,25.1746089612618,13.316225950797575,-6.2420457844665735,18.359385099248946,18.713263253198942,13.77353177953942,26.428763881669123,19.885056566841662,21.587384250902264,-7.14672383383255,20.239295570949125,12.109222589806643,-7.1404670315180185,16.208885767454294,25.82938746304895,21.11909442460302,-9.773081591383825,17.44002371340158,16.392522117703553,19.143173292076384,21.091728528773714,8.447859775574267,23.25590920768065,18.00721152497295,23.999876268063655,-3.4370092436520046,21.92776539749209,20.44905012372709,21.74104727552463,21.140683141969525,17.430119923198454,21.376420277683327,24.911090654746438,17.115506665373626,26.35773328536867,23.77426165532049,-10.491110344980921,-4.271683204946718,14.36191970275729,24.767882331416576,15.931760586490043,18.343409362477956,17.75382078447025,17.50458093020497,18.22862344571628,22.46278612228662,16.91447174508253,12.861561224980594,17.989143371487323,20.833779702718193,21.934457825094576,-8.693710264835248,14.423897839760885,19.678956159061634,-12.783527371131743,-2.4054758209500977,-7.426990761499336,20.116295487248063,-8.882309496574706,24.78334885487568,10.500823914342899,18.94646248631707,18.57201277213107,25.136912961957172,-13.247841907609132,23.256000765502968,20.12561257181476,20.160368408480522,-9.853495950307908,19.872517508986153,-9.927732599761859,-14.615151350729962,20.201331021721003,15.790226651438152,17.93929289335971,14.557836941993513,17.25055517627485,-13.20181006141737,20.253858497191096,21.14365239795333,22.49662032149854,20.27913753917343,22.06745883141247,-8.623715523214614,19.468488113278795,28.41354895808976,20.438358578593252,21.01936178010658,19.062696648076827,20.37148109270871,9.324717658425394,15.98763382801443,-10.150157527454327,18.825484629690415,17.245483859548568,26.27314549431932,21.18205596694751,19.049024377569534,19.482664872276395,-7.665874864338748,-8.842390881342617,24.843672811473546,20.18528899308746,17.62822259468121,22.739865937740486,24.482084430733053,23.39937197636133,15.11177087257817,20.229221585932727,-11.822373273070918,18.752553217603154,21.972389110713113,20.084796194012696,14.119641591867895,19.158329339212653,22.20788602307923,20.13744724036162,-11.237590845874411,-13.709889506487103,-9.826310763142478,22.070001151917552,23.91993856243969,22.103051206625338,22.62574091951235,-6.886201340369684,22.94937750347382,21.83646085964369,20.688689930562166,16.7076678590483,18.38920361258701,15.782908152671698,24.671441157879435,22.83893718636482,23.36595773756183,-7.674369539851058,22.724195269476166,23.025058850215842,21.138683594854275,16.792397820789372,24.248802196717456,21.056454606868034,21.874264966925338,22.933941002626412,19.661866747544803,24.439436455925716,-6.778074016204061,18.761969954769373,22.23362397621543,22.09304407879117,18.937308675542862,10.097441187916315,24.428740414397893,22.47208478564839,-11.561602697225311,18.44320129204236,23.269378034421198,23.13527614674486
22.957842161315565,16.292396008010446,6.298847523077857,23.79413368121854,21.69579099629461,28.775330340117872,16.667159977500308,14.495595182384715,24.270948796611425,26.643353072073104,-7.8319867188913435,17.38061277396402,21.109048698622882,24.421060296601233,29.467328314597683,-10.073212425615713,21.405813587864507,26.600157006050768,23.256170630779888,20.619104202192027,-14.750173246468984,22.553086529259478,29.126548259669313,21.83666595323346,-8.647877165688765,25.582031843256726,20.936320771345226,15.43748882762723,-6.723764987176727,24.957432518844122,25.310415140814865,16.19059413622841,-17.864031741624874,24.414345684402758,26.788544523052007,20.965734426440516,19.126871777680716,23.28825125615237,28.765255456539343,24.53309869493811,23.262174841053486,11.218075670191153,25.281135335372113,27.865985330818365,14.916832110578515,-7.486366014950226,20.56996074981237,20.311385054102725,16.40972797343715,28.517465106994635,22.284954822343288,23.225157150542366,-8.523181943931228,23.31752263510731,12.809959759328203,-9.709703946802433,18.596387264744244,28.41435591050517,24.248520160750797,-11.470426844170179,18.968538633252958,18.261227710894318,20.453374111143724,23.630652174174813,9.02962088847731,25.353190950358314,19.615574131387945,26.036575186077282,-5.136411093941509,24.239520378804812,22.638611137786064,23.893207928924365,23.139441030571827,19.99803774340273,23.88760313047333,27.76719832295156,19.058311958574894,28.85472305046781,26.536235491431448,-12.739523695838502,-6.181240578167262,15.121289723648141,27.624538808718142,18.75405509120069,21.156367065639678,20.164447262546727,19.58965520344016,20.694089270074915,23.924836909047542,18.54111349726969,13.956331667047351,20.287902497310576,22.754252082661576,24.39207169302692,-11.221557653783188,16.061577990448075,22.310700328777756,-15.647832293315885,-4.470157701362471,-9.720588020745465,22.673403127308674,-11.527148216349675,27.176750466295427,11.998945367958328,21.99180468171522,20.883290714179502,27.1380985920443,-16.354397598493478,26.135805426278814,22.765671180075383,23.216587589049087,-12.291013210664453,22.356043176778652,-12.007559105915389,-17.54084730928719,21.550137372587088,18.028459934249955,20.659123406095556,16.354730025248866,19.429417415422847,-16.318814179406676,22.23750562454948,23.48467107781568,24.952315815247655,22.770100475605762,24.35378672341013,-10.87956217864352,21.11036351601727,31.33380764245738,22.62601837746162,23.998239873205485,21.92384204452104,22.718845333205774,10.749000902089985,17.582370404182218,-10.911090193892576,20.971097235211072,19.82999884191353,29.177587259834556,23.465841606348057,21.20190923955097,22.510761902686635,-9.933487809067074,-10.724926115344196,26.926598542234114,23.078792410019236,19.194272328932385,25.21285475820023,26.89080015275231,25.54124722255732,17.219382923362488,21.891105947274,-14.663901620696175,19.80969251929723,24.598314123487494,22.501741268998593,16.37653915033799,20.139723264032373,24.674490668909087,22.25486008250658,-13.956521849036987,-15.141222827120473,-12.417810112690308,23.80664803778274,25.904625154030295,24.274951287659885,25.234080767362308,-9.301909352873734,25.34600722863972,24.176768491373892,22.280239896586895,18.088015510293364,20.681528856750393,16.77580325800951,26.711818929546514,24.913286574907826,26.17806711550403,-10.01060689996411,24.710581602959323,25.053773816147547,23.930595254374445,18.30502673970351,26.54751276745477,22.575398371993284,23.523481876162414,25.316292640989012,22.135054184410663,26.33929186444808,-8.658583385834797,20.332425081607756,23.943695726056387,24.54988853714363,20.992021940035542,11.143319904880846,26.609501519556254,25.063085758976896,-14.597094609253736,19.623315336360335,25.529553766341376,25.56867156842788
22.048306212701473,15.769625631082114,6.426577421619406,22.79446091602624,21.106768507961245,27.804241350034296,15.770220010781111,13.922204655682016,22.954762540234814,25.731484599823848,-7.45291524136409,17.27637591963135,20.363316301034477,23.482748914372447,28.466757658971815,-9.456125622384771,20.521732178177757,25.808752527924216,22.57716007043608,20.2596232711519,-14.0170734111132,21.751817415526116,27.946532938543907,20.793688151207185,-7.821789596471278,24.628316196730374,20.346363602258993,15.159830463473984,-6.224586262296031,24.436488962140295,24.846244938307304,15.56990842989637,-16.95939652525455,23.033478498210975,26.26522640537536,20.495188444202135,18.646839111925363,22.74044935826904,27.814404305417195,23.752011902875154,22.791374758950177,11.119870506387226,24.44630605068215,26.65279375216046,14.463393718669423,-7.189793439661525,19.995040138067896,19.94424204083484,15.344158913564884,27.584257060762894,21.31392272648843,22.745060316076216,-8.212785141760069,22.240833493855664,12.94079113436987,-8.857205207787844,18.09019244558908,27.241973601599717,23.25456996470929,-10.8237716825856,18.659607641541385,17.518001329875833,20.269080114155347,23.06740235658328,8.706560857548586,24.291935409068557,19.210369880264647,25.48517809519772,-4.733230600159102,23.503287647017302,21.929350054233684,22.714043019183116,22.153419331232783,19.244850772948617,23.3393684245844,26.905984610317905,18.627173519701767,27.751339037752548,25.467897228870367,-11.857860392822552,-5.975522467051283,15.179288842274493,26.5006476044497,17.837897600566404,19.979897443971012,19.60881489810616,19.208441132898823,20.12107276626595,23.383987339248083,17.586728032034074,13.649026104241452,19.891466671530313,21.655102088035143,23.493147940296076,-10.419310360877795,15.618018266672328,21.709125549111356,-14.52902329625917,-3.940642921712076,-9.248974097619673,21.865347488346636,-10.753066977144499,26.34773513743201,11.590450727068044,20.83694159501404,20.199996198777445,26.02759484013522,-15.331832290647368,25.033131076788354,21.738552356225625,22.37790737361213,-11.399355707262712,21.226972169084757,-11.424112674544576,-16.522130198160635,20.927728489039374,16.800891067830744,19.71660399354858,15.874362471488242,18.693239456653263,-15.288901250097474,21.80158311495515,22.645809915083895,24.272960182140068,22.194544568051136,23.245970905324004,-10.281540595089533,20.20318205659129,30.17167861667413,22.102642237552867,22.91793690810278,20.92959046581439,21.97308457938177,10.187551576473783,17.308781860610573,-10.868047227921428,20.342625257434495,19.116133457828518,28.23689059877367,22.573538488869804,20.779073066832638,21.567015986879394,-9.189788692392916,-10.121622144126976,26.12058909236981,22.35275709211192,18.719461000378207,24.465773330636104,25.948389711178347,24.69567887289506,16.527785644816895,21.51540376682613,-13.68684400911351,19.725207525502583,23.513711409416917,21.19570401463172,15.768335570576165,19.932043083936495,23.389936353182346,21.332444748409063,-12.892244698085488,-14.88219208725001,-11.647802919006644,22.83756653949154,24.740406068461734,22.99769230329023,24.30068601725728,-8.538723141114854,24.61968205383792,23.420080627934013,21.27292726987103,17.517154799694875,20.0656393042039,16.746889619284048,26.109926606148715,24.185506361916453,24.864537243557628,-9.413225531125201,24.36387442539648,24.18881180798295,23.019374866488036,17.991992800354254,25.6687020126724,22.256330304064857,22.934942850679523,24.188420717133297,21.344287090309173,25.801028993928465,-8.01759689766478,19.37102864818617,23.192423217870967,23.792553641965654,20.46310498316264,11.08753256683863,25.94807500938254,23.950487675199497,-13.489115762711151,19.51925810618381,24.64287984068947,24.30693901783072
20.449334933214924,14.312780713141423,6.172067170122232,20.66519113389991,18.953917191900683,25.587658403299134,13.847049267090755,12.560358326995312,20.957453066102516,23.39059748554325,-5.717847829499437,16.122755830761644,17.83072201832526,21.331169007445663,26.207562985354738,-8.114092212540292,19.276333045755173,24.15956108852377,20.866785240459635,18.479654407915135,-11.648337123505021,19.469487643606353,25.745639475163884,19.361980888813537,-5.974432691967812,22.394867374174158,17.798383164867094,14.546044697768204,-4.895270634194197,22.269477998176527,23.05415666097342,14.167359673187981,-14.595132654824397,21.400830199320513,24.701820857032715,18.225388947059212,17.288738238696585,20.936957170533464,25.37436718721285,22.40040864414107,21.21393796084332,9.833767540474094,22.690509160735957,24.584251504176965,12.916556765206863,-6.070683435494916,18.144339012012203,18.46197742620659,13.312359310990413,25.903592219864844,19.22349239246395,21.000678211995076,-6.901418854571586,19.816800605361298,12.133085415794136,-6.947460236442838,15.943826342227116,25.3553353325377,20.62292332072316,-9.580642640473522,16.952721746375364,16.013346838106308,18.84490500569023,20.687929464034706,8.435622526731796,22.872334230201535,17.55868163704434,23.533279095355123,-3.2939930608614434,21.335592050255435,20.11488480304106,21.326871938825086,20.827456250439614,16.921985633236165,20.904388095840307,24.42198723506065,16.81088208325408,25.927702923618572,23.42678256022105,-10.177745218538625,-4.183300323967427,14.34429741762157,24.244939867656964,15.386409008922234,17.997336710543795,17.44237194175753,17.237996662639485,17.93494692317591,22.16874653566047,16.482992645128757,12.694542146675209,17.70696130872341,20.357615632210617,21.611005628015022,-8.239997415400934,14.362855467615017,19.236194540612964,-12.280333479660564,-2.188584557733744,-7.187573916626538,19.789650448623203,-8.517451419861302,24.365092870836666,10.246951352066155,18.47470585843324,18.331122743727207,24.797807534921464,-12.788265955629354,22.67677026240502,19.71863587683381,19.730690311551925,-9.37504484518149,19.60201226217089,-9.8056749798296,-14.115807155614387,20.056468277507264,15.357082642343151,17.355844071540602,14.262184698803944,16.78515242908762,-12.716850211083585,19.85191849163515,20.7828718890246,21.90515797159563,19.99957934668646,21.61907222695495,-8.247684268283514,19.11106370888479,27.838467958037775,20.061448632885934,20.495071364674896,18.58337413219143,19.955670700791813,9.179309537347793,15.581575868676568,-10.012856909881378,18.300659616762506,16.742429300930198,25.813433604769205,20.814995016558324,18.859502634918655,19.083350779112006,-7.301339146347981,-8.486016969905165,24.2703811376955,19.83097035020283,17.32246739587007,22.205098546173886,24.190324251797648,23.09045564498465,14.708547978902637,20.033952608147786,-11.343522215731413,18.496523877142252,21.431855694437488,19.618196916837487,13.879033294762761,18.924190601038458,21.845297333557852,19.881123355005453,-10.821327348573236,-13.496523335464579,-9.45097267723288,21.762452491703822,23.54756659742804,21.77282739657139,22.019849613599405,-6.551538516946587,22.442142716799736,21.61830217784024,20.415198558444438,16.495501996629073,18.034097299247865,15.510850874643804,24.20593244838932,22.428627494534997,22.817694322154914,-7.342918869902788,22.312291502368943,22.804496657057197,20.738197789284786,16.597499291079455,23.853517238289456,20.976168925370207,21.70035723641178,22.34082062320224,19.270360272840662,24.006491127924487,-6.53016178286044,18.535845601429248,21.85879950456848,21.535387204821077,18.447662764670078,10.10670828179853,24.0887866898389,22.149284710371557,-11.128897474999661,18.33689545439697,22.753205869960546,22.788357770724428
26.637850353734883,19.43449675021879,7.0831410600919105,27.459704377099317,25.38413565777307,33.159198384121666,19.494921720135,16.88105635100167,27.054904497877057,30.880772401450265,-10.042985434358872,19.86116226502398,25.021214664382555,27.574400635613113,33.65923733236974,-11.62761020584965,24.0931229716202,30.74240737149813,26.72665690987244,24.82154239206614,-18.202820109763344,26.410187970073316,33.41758379348346,24.41587693195548,-10.560496547781662,29.09670500779081,25.10345535132399,17.205439198834565,-8.950972345769328,29.32067333776373,29.43758472447734,18.579195071574727,-21.452357824152738,27.228959698256073,30.8403768441208,25.064652463514424,21.429175971346545,27.21188741379462,33.0812186782939,27.361177159250616,27.26762472440499,13.823681082193318,28.637128864115176,31.742603210489165,17.965152902427665,-8.988220409173666,24.820744858473542,23.786183908262636,18.56807075877409,32.52813200579518,25.53862722751376,26.98803587426702,-10.513459363868101,26.72295788568751,14.982960527352512,-11.94670396143065,22.20490699112914,32.31705261687014,28.08823254990409,-13.311828214367512,22.56544192330209,20.46080167697952,24.22377064054034,27.95060553033933,10.50715216570184,28.83723850377226,22.956176578619218,30.21406790773864,-6.669392108707188,27.584316067951722,26.076700591430043,26.802636963103062,25.547638185095355,23.503698270768304,28.545346958399637,32.02341918037865,22.356620378384722,32.35346737062541,30.361341875100624,-15.045398356206052,-8.906288336828176,18.30835604251146,31.947047468912363,21.542261259159638,23.759601760006657,24.48268991731331,23.45843192134482,24.428874392527664,27.459499573105855,20.30293786670223,15.90006534644583,24.407867515257568,25.339253208776004,28.396396309469928,-13.88849796528771,18.56217482785954,26.887835384992865,-18.197199981701285,-6.093976305713868,-12.611721285805146,26.601511680593692,-14.221800130850893,31.776903490530508,13.99775571962449,24.94111172346902,24.095259764742156,30.117246224607634,-19.631442965094454,29.46495903895747,25.51965482769443,27.055602046551144,-14.394346181216813,25.131619129219274,-14.40312301083255,-20.502201327803327,24.096165347675523,19.346154216934735,24.10636359625843,19.52682835813704,22.031586297512657,-19.269473678127852,26.007536492210377,27.559973276305485,29.17593360774112,27.149003502695127,27.50847625751402,-13.627167160130954,23.20823358309505,35.879032748199414,26.86409026474888,27.961911963031017,25.578424209426807,26.25234352074308,12.041168947721525,21.586562624295272,-13.525878645243177,24.678080740268893,23.812041896618574,34.04083522236474,27.507161177469964,25.49481533978482,25.887774786581435,-12.048331204958494,-13.499325252541198,30.752772128644956,27.24106663559381,22.625918922511215,28.991368518998613,30.68243105062866,29.65500876089285,19.52309317161248,25.263830574466564,-17.47001058566597,22.493248438420316,28.709454516613302,24.833427843299646,19.264812128743245,22.945103404173352,27.696610203034105,25.455854699102378,-16.204592461710735,-18.378742124612117,-15.24915257134136,26.90197789557802,28.92313629721431,27.11108482277915,29.185869490966905,-11.490680917010389,29.090751564120552,27.80048337472632,24.915841298771287,20.436346009191343,24.436623579146673,20.58880637598073,30.92523828809053,28.915628759431836,29.428766998595314,-12.827202379844827,29.013577872277633,27.868363020895092,27.757993663702685,22.12411278971693,30.372036903564467,26.262098204558797,26.71577182439703,28.90009136949002,26.326540610507596,30.497676546377633,-10.701612445630106,22.468533097899787,27.195803818376717,28.880971643748413,24.771045601957155,13.784487698336306,30.743348132111404,28.646016132190827,-17.147147032740477,22.59545036979726,29.330459035895554,28.97408222054315
21.383578415331613,15.297969876460881,6.202232287430789,22.459202361599775,21.094027476158395,27.931153158336986,16.17015257738822,14.237717305898805,23.066816650895415,26.082571036667694,-7.40627258336236,17.171055818945547,20.730291667550397,24.122274196151462,28.863394804670765,-9.66928464100833,20.29607356509031,25.299858737313393,23.14601411965331,20.358453181738444,-14.460560271449353,22.159898085965857,27.93726915607026,20.36458409986543,-8.293755700697911,24.86779189690757,20.778365007705276,15.344194758075405,-6.176363981024707,24.475242187940072,24.7019045381075,16.073425981720366,-17.32327570008293,22.658285240239927,26.07471469529687,20.842503126673563,19.32415800856921,22.941980377503224,28.037068530430837,24.06842245824619,22.848301133073036,10.944993508564485,24.694173206722564,26.262162477330456,14.037837163436095,-7.327464863841658,19.667503581235177,20.136094164003847,15.600679060563538,27.132386721361687,21.248959685396176,22.489445878789393,-8.286145762969912,22.56679560523919,12.97089968810776,-9.133925258551413,18.58633192915777,26.783570759313363,23.50377669497839,-11.007239211660186,18.468279678635298,17.693600089672568,19.881468629978386,23.401688416021557,8.53203287647033,23.614755755764804,19.168802412652834,25.70340762640279,-4.819430813854708,23.99076688199473,22.320284859022085,22.11825279824392,21.848403156739884,19.368056611380368,23.511559009040102,27.4226902211363,19.02400578349924,27.798573082053213,25.666737028609017,-11.874676614361945,-6.115979963244196,14.563016663069543,26.09300815948223,18.2411584892576,20.21293897938347,19.642888183761855,19.34890644815626,20.405446421736784,23.11031038049641,17.317245352306376,13.718444704511201,19.991777821288807,21.234843419845514,23.497137899542953,-10.724974781029491,15.86650104351877,22.116462926393883,-14.95493884568654,-4.206966058122283,-9.240400392994973,22.176774223911885,-11.066952643378778,25.923794026219117,11.920879693137827,21.221880794341498,20.593703092953785,25.737420776661804,-15.715419742209123,25.57878989125361,21.91576046008213,22.87485591946458,-11.663489608542204,21.14453533883587,-11.904919949330775,-16.860307162732532,20.81037218560084,16.739940487624175,19.478420449562336,16.14482213976227,19.089353795921095,-15.80642746279419,21.819786437536933,22.200623288718443,24.42711333924878,22.484562991640566,22.82449989492501,-10.604180967066949,20.163778480509347,30.35981586418448,22.121691579209422,23.113390317373888,21.051394125188633,22.21380831533138,10.270132627902733,17.148629478440068,-10.808221993755735,20.24560820167614,19.356852657952714,28.329604510232322,22.13700137770309,20.87610338538191,22.21752872073131,-9.687949193117406,-10.047446477994454,25.928559838319025,22.814671938164285,18.566495423484845,24.683152127515275,26.072654006237347,24.3173189212577,17.031304702153548,21.9568368354339,-14.220928236934625,19.91112676388571,23.05582107369696,20.88572167927957,16.2702778629063,20.020544231890938,23.082284805189534,20.952435901934717,-13.32795570625391,-15.035425609798107,-11.78345555193536,22.2031433438815,24.34291982866995,22.519892960317872,24.719354799569942,-9.049400442493171,24.909890826880147,23.807469759950898,20.512885326622836,17.944165324100698,20.420744416676275,15.941492144154328,26.37275609685572,24.074704832827184,24.547746070931762,-9.882211788663914,24.52587710074685,24.32170512112369,23.369753693153523,17.8458959374138,25.978915176961674,22.406588967397784,23.328683301236772,23.683924654615648,20.95031561571016,25.74360626822604,-8.142338292552363,18.83696719998074,23.19652236230132,23.710772369381267,20.739038664164255,10.94170595077411,26.27304289002229,23.944813125690153,-14.07881929059672,19.705458612824906,24.290863247244864,23.919115375335714
17.954648134395097,12.554735818219788,5.480686745577413,17.801312332597217,16.283476076529308,22.255793408066523,11.220829584885765,10.407075999897042,17.69398165933694,20.154364807444928,-3.91667915793371,14.546329012771244,14.640130715440147,18.189099798936258,22.815808012954108,-6.1590401021866565,16.892268730586913,21.31442794526759,18.019906463690877,15.996794962335358,-8.966192990414685,16.399175799516556,22.280785936555915,16.662390436711455,-3.8799673653852356,19.32372478342484,14.89700934746279,13.166325528640314,-3.380013320809651,19.381281845081123,20.640420583061847,11.819709591706747,-11.442356570896283,18.315917798864856,22.22274422496962,15.310528370906729,15.149635678033805,18.07045009076151,21.80853768013509,19.662234701731556,18.559752214172022,8.248829925192192,19.7316306962288,21.26215404529352,10.988651099852321,-4.590315286963482,15.535726635716664,16.130846854897474,10.602143077025277,22.861201011969825,16.40299613716961,18.718551618880173,-5.328297725893934,16.495625418656665,10.693936344240242,-4.4720673796029065,13.618647274173187,22.13498568241196,17.354563396291553,-7.368887594079901,15.079546971826488,13.569346940682056,17.176998153195445,17.81133157051707,7.491023429642174,20.17572557324823,15.352554725542515,20.771710876565752,-1.5741849905760934,18.389912595491044,17.374489500855105,18.57333582407703,17.935847909210068,14.041138487172535,17.982851895371677,20.996933065930143,14.805997056338224,22.631201036272977,20.104541408538996,-7.768525853095391,-2.430313145578824,12.767224492683413,20.912312420418804,12.468819229398408,14.808844319584386,14.548163617108614,14.658827848540147,15.079150318220366,19.973921634783228,14.018013676480447,10.92981885895499,14.96628812900522,17.816918679328175,18.73477518856648,-5.801324832680886,12.283288563187494,16.357488453520542,-9.184321820682293,-0.416425029629928,-4.9795765523082025,16.82369266574072,-5.82412936991669,21.224032633713662,8.309580651605197,15.311498017404592,15.558429514021336,21.94064808070995,-9.5995769925831,19.251424302746468,16.473755853206907,16.4966395294304,-6.890148464782816,16.526514826872333,-7.622333373597914,-11.058017684509682,17.678472279729924,12.688827666256994,14.371479767389431,12.378604281750606,13.908356319016605,-9.531242258746966,17.169261485353207,18.0324759842359,19.037204501648787,17.160882825158478,18.714794583634127,-6.169369800308236,16.807901843618275,24.26768575905554,17.32841168485332,17.14057685591784,15.40749962444143,17.124072721139143,7.127105417294346,13.367217673187714,-8.92207285722332,15.797791294214937,13.988342442143725,22.38704560004467,17.976502456309966,16.084245781128303,15.93907161826092,-4.976679639541921,-6.504384331181046,21.4414186629151,16.661741605695436,15.082021518147355,19.25528344284998,21.08471469484494,20.40834669550844,12.4347063886156,17.819210381525146,-8.480447918344145,16.8035573387923,18.39601510335874,16.70428562690607,11.434388283880908,17.1746781990618,18.821866360497854,16.99120022700061,-8.096973135711387,-11.588885768443093,-6.858266278561462,19.39594296878866,20.807425986530273,18.95583000053029,18.929809575950017,-4.267217792055631,19.540992792094627,18.800138055392395,18.0023357031777,14.321481173411977,15.33512308047138,14.117546993370944,21.454843616606528,19.899389863413948,19.40507388188297,-5.153279825376123,19.74294367441981,19.91375798205496,17.444972063339105,14.636220969409768,20.94157564119499,18.994993262343545,19.251689502566155,19.35801496104232,16.475339104067917,21.381219287590913,-4.5939772767906,16.098595300443886,19.28349675279747,18.630158535709285,16.02966636801993,8.623013553953383,21.3200997580543,19.1191140222358,-8.147969308956156,16.60184533765665,20.03314672614249,19.629345404803086
23.834409571922016,17.055064061823604,6.88374837153428,24.284537146926564,22.467262594989464,29.709024237507517,16.659644674945262,14.87227213607275,24.128470287141543,27.379728061961284,-7.864873712345227,18.258972774394273,21.5615813676141,24.693220249481705,30.426834778073786,-9.80005256989393,21.98540705213955,27.758609118677953,24.127021450979917,21.841062978044818,-14.787942828110394,23.144148109883204,29.892016266500967,22.09738926037364,-8.06985591984749,26.00665559974577,21.553647359268187,16.169802436700856,-6.697677128001857,26.244541592068593,26.683270499401004,16.527340710565486,-18.007994685732825,24.5773034842512,28.2053910805243,21.934188867678795,19.792682185301317,24.46011970197183,29.6600373373177,25.34296353546835,24.609544608304883,12.067655085976307,26.028766971791192,28.4592970021022,15.505752607717932,-7.594525339574715,21.697779252056403,21.411723981770663,15.950326097443277,29.692768022181472,22.561934180668253,24.367809861173367,-8.710551155472825,23.385098541680165,13.875528448246193,-9.322781909063226,19.151979224016078,29.091824890701393,24.480955118251472,-11.352800773404422,20.074173240355282,18.524339650308807,21.832846853931763,24.707081465686368,9.462609589205748,26.12013030027312,20.64018006801469,27.345691983345574,-5.007801554337922,24.914612139665852,23.41985988195655,24.323895968229984,23.52232385737449,20.27867232091582,24.983876056694626,28.60837388653464,19.7888478256704,29.495413956047226,27.130933812280517,-12.47585689163149,-6.4782853383038415,16.675957151155348,28.332154603026897,18.506982619849914,20.96047088502998,21.090536087999883,20.603841060355958,21.361556040187256,25.255970364044202,18.69271043753232,14.53793492802915,21.283106256940513,23.137792401660413,25.21503333818721,-10.863322291016614,16.808654958274875,23.309314009493377,-15.149126411676729,-3.907891296911576,-9.810208949283561,23.331147608493804,-11.167593097849153,28.45320684751818,12.294888693320193,21.757069820055598,21.539178790758932,27.892220516072538,-16.106778715876438,26.381757361227752,22.81174219211557,23.569106143161655,-11.816758761260672,22.501545440638203,-11.968041455220725,-17.257986003743454,22.531446042386484,17.477070112272678,20.813692195712534,16.941579858730208,19.771476153978526,-15.90201856908915,23.380575145781137,24.3881995219745,25.8700991328682,23.83137601884929,24.806735569168175,-10.839247867450881,21.46123951942494,32.25266232868874,23.886522269547303,24.39316786177267,22.23293039789546,23.375654688115027,10.801309683727936,18.84454302519599,-11.847705117536357,21.68913541476173,20.442817068548255,30.231295636613137,24.463600084915115,22.397883636829295,22.588666014693786,-9.566431648308805,-10.806597794408106,27.936027625986846,23.778217594331178,20.282375604510875,25.875468181116126,27.74253042602933,26.720564387382414,17.41575581168176,23.14493987855754,-14.27977733110626,20.882798988254137,25.291445372393373,22.39542889848043,16.647404167849388,21.348878054303466,24.98523827863911,22.996021343920667,-13.375894527377627,-16.06663707792413,-12.184702361066002,24.640366546439875,26.63807271332465,24.71705157204175,25.870818392570246,-8.843061261383767,26.16466297317673,24.988945042261367,22.97657284475904,18.76417028043042,21.585573164148034,18.324180360694356,28.062481950830282,26.05691273526411,26.313169962152955,-9.919257908641082,26.122080093647604,25.753146284390972,24.51088762276528,19.577892922729955,27.495084364394483,23.9722979968035,24.65653679697013,25.880351919574093,22.990497677353765,27.761917691129312,-8.443125621253023,20.804497708028038,24.91720634641852,25.52351065933328,21.853831190373306,12.0349367408902,27.858289602328618,25.6243795146418,-13.958113550529038,20.824939474381083,26.312149268193966,26.17068442392876
19.897584301970902,14.190320231079303,5.863079457047515,20.77749741729675,18.942794019394817,25.582464121373278,14.451888474107161,12.829462312534924,21.057516727032553,23.585094856446936,-6.2897079443873265,16.06559418465348,18.281066706953684,21.70870171281521,26.30051988291587,-8.508458478524961,18.812828557009844,23.2737434582195,20.814106658732534,18.39951887637147,-12.444359488091544,19.864983080629848,25.562177027763404,18.952619788272134,-6.903244936438568,22.69718323259833,18.39143409863906,14.338638712423107,-5.363698938871625,22.25020699415648,22.831139650638374,14.403376975436831,-15.269581014890697,20.92821198456449,24.209979863951403,18.435028018073986,17.418425823992145,20.712196746962995,25.57628528694223,22.060552590553414,20.882744205699716,9.79860398658656,22.644122284556765,24.325218895707536,12.940223903972731,-6.359975814784112,17.700251888712344,18.304351712519715,13.662264843608453,25.3189273224361,19.447480940624295,20.90918015642605,-7.33101409343041,20.023382659061866,11.810378406040991,-7.456229724801316,16.417991500088817,24.763565812273338,20.937252899134045,-9.676822672966045,16.925804331434644,16.224850525772624,18.341637864699216,20.8916890470758,7.994113307495475,22.030658481948148,17.615541838938874,23.570478780386782,-3.662776956568918,21.828289930414627,20.243423825934165,20.628203632787777,20.226905743460172,17.542239812575197,21.226567942854025,24.721070568328948,17.009729136273393,25.65365357760484,23.349774155311437,-10.469245460374667,-4.596967498451617,13.52538089056857,23.835839549356677,16.085807972020568,18.09739815328183,17.537230270705923,17.259192984770714,18.2750933026889,21.543784797819036,16.323155007926196,12.432544544440194,17.835498230963637,19.806029146578908,21.30084605103921,-9.052910213408083,14.140495208139235,19.74190531080032,-13.000379180671304,-2.940088775718115,-7.632186684778439,19.966943992565177,-9.313612612778481,23.82390116597018,10.606592501508171,18.826345582024185,18.380379947351663,24.034550949154646,-13.616994671842065,23.147077372373005,19.822431746418157,20.16519025052345,-10.105856855469908,19.2066353446216,-10.217370511144189,-14.785175188354689,19.39209908803703,15.334792072801312,17.572853261393604,14.463358744851096,17.22472658733919,-13.61327986752165,19.880712092001808,20.246927630720243,22.24844257335086,20.075177654235162,21.206717270507678,-9.036830448891699,18.75102770501705,27.776594042062236,19.988981274651625,20.87377305222812,18.886810193382082,20.28654230153009,9.19795369703848,15.607516315278305,-10.002676148107081,18.55846691652203,17.239310102057267,25.67905587142831,20.204766492735736,18.782236143823212,19.610934442547666,-8.204867486623177,-8.892726095645891,24.05306643378771,20.239336210617402,16.989335792598986,22.509239663287733,23.886120029778603,22.27871419085007,15.075867023672629,19.900033160599676,-12.343554881276837,18.469580513782788,21.141733976838587,19.242012461983457,14.335353730929132,18.622091975963407,21.260430967458234,19.21327900060998,-11.50132720704978,-13.693420312394505,-10.107879980883215,20.831235371495893,22.742415311087232,20.926971489586336,22.480366406228942,-7.523561216109423,22.823508156173087,21.56984762971957,19.341243044874226,16.49340962830598,18.24474378945768,14.870095603553938,24.23997031507115,22.036272961717074,22.55568313971096,-8.213987521922764,22.293232114393874,22.36293193123534,20.94105157725747,16.271843595092832,23.73767667237747,20.412993887668662,21.377829732416362,22.011954843033443,18.887750088699175,23.72992807820019,-6.9769772801580086,17.640271733425614,21.59595273363819,21.670847104493504,18.869158637723523,9.841283044562957,23.869345395772818,21.75185354238422,-11.9989929573748,18.02599444475913,22.46546530901154,22.06648875487964
20.65694462327606,14.66136127004254,6.130328014510859,20.897529578583907,19.05803556291109,26.5737052247008,14.350480260331459,13.574142742091645,21.22364431080068,24.201186334346982,-5.377222111848364,16.252624815596374,18.20396172722863,22.365442520155273,27.240566288226606,-8.254208698135916,20.05189927275671,24.575156449683323,22.1372594082766,19.494551372307658,-12.316192226608306,20.238855439995014,26.697025139785502,19.089248422760637,-6.441236576809863,22.677717330450335,18.792432942023215,14.915467285909342,-4.68068911108091,22.893318910118925,24.23564463752806,14.75938601051352,-15.279475086063455,21.508387266716287,25.28973570143901,19.046434804249284,18.17652628581689,21.47252197564456,25.89847764867367,23.11157189889939,22.06563152348464,9.893711543203112,23.356891313313323,25.003559890842215,13.216496629138058,-6.2958099219184485,18.71964251528144,19.05246372766298,13.274059239248514,26.03994374879234,19.40105479980472,21.296173150792544,-6.894895335904325,20.338787119372018,12.842829737264337,-7.281245527069733,17.172422064874244,25.678795383625047,21.489326173633618,-9.718645522174118,17.21070709797217,16.479874222929222,19.241047486845996,21.39151619918936,8.563896874869727,22.939593906753867,17.735391962785343,24.130332357042604,-3.088661310863214,21.996597679666735,21.127400015720266,21.20261346578784,20.4824740248161,17.739757651067524,21.66434211395088,25.77015981493737,17.21576694607921,26.678007972690743,24.293063356842907,-10.330742781938993,-4.6918968215524375,14.548147825923879,24.679669868656198,15.678412570957304,17.979390788647894,18.06264001155243,17.786588849236203,18.310499747750526,23.308222386181946,16.558441842206552,13.008235093227945,18.753712039239577,20.09752056968731,22.04609217007694,-8.200541614757029,15.133139467354576,20.484593188302373,-12.611699785498104,-2.0339100705125737,-7.39965295548785,20.696450721856877,-8.780929827376164,24.88103914839751,10.093459219881098,18.83051271471454,19.357811395017436,25.080440556499994,-13.096868333454463,23.16064229935705,20.01542226869009,20.819218777068784,-9.41545373188157,19.80798507947111,-10.576848798206584,-14.4486516523439,20.510867975831264,14.764754920263094,17.452133306572563,15.300959317720405,17.271997292599217,-13.247943007998831,20.356409117780256,20.981767780530305,22.591994297774914,21.018731406314494,21.497352096052396,-8.845092179622146,18.934932659739058,28.843692631589946,20.411869160670356,21.37015766800526,19.54176177314837,20.93702066665191,8.889903058087771,15.940177531381844,-10.798334081837135,19.242841022475936,17.695975537384363,26.849028145748584,21.29282776150901,19.349578134435212,20.325260862082963,-7.626714975889478,-8.418625065775768,24.37918661375886,20.8896038515199,17.818825059651648,22.96651323865454,25.362035418596715,23.706648680537217,14.861204332384412,20.877231182156756,-11.70336329966948,19.036519102511743,21.859760479414625,19.14994184276925,14.98439615817805,19.39024731016608,21.937641267510863,20.225129196552814,-11.303519421063315,-14.025098303348228,-9.751910500118715,21.896315102119413,23.842834301649283,21.852816126545196,23.18348174424604,-6.440693597423672,23.157710690399654,22.607215518319943,20.190388006191686,17.41639120235739,18.836680231851375,15.73629160629241,25.271159464740435,22.843644321705757,22.77147364372752,-7.836755609888342,23.027103218689124,23.595086106948557,21.74052292814141,16.91934985687603,24.90565234572068,22.021814052154507,22.74210469233937,22.868609061526485,19.543298695328627,24.265204406124916,-6.462679580455012,18.064649196216603,22.0678515340802,22.604108756793746,19.772279253626625,10.839674414610494,25.39343073646363,22.724856943321704,-11.53257312452264,19.45946972159538,23.082566416088177,23.04890408226282
25.107599062769257,18.05583845739273,6.917393555779328,25.8831728568568,23.806885948781975,31.778344823226032,18.003957541406038,15.820837918707497,25.94497470808525,29.220746557957334,-8.77353902309922,19.35613046538501,23.15408099655298,26.58757119993794,32.430618058627516,-11.000938855183593,23.240058481585855,29.214943023392944,25.67330198963424,23.228368158762173,-16.456075399725062,24.76748208673991,31.854616594757278,23.505649853853875,-9.340460882370207,27.95800638946706,23.289341810018183,16.983823139610244,-7.7155689635313,27.96612700956045,28.17602262196783,17.75705613504691,-19.73400931029458,26.049828748893226,29.904769055487353,23.344739879296597,21.101542713443664,25.952995969178055,31.589993211295724,26.845507680586987,25.997227717651477,12.602608148819165,27.80161700517998,30.318231833692465,16.581742402468223,-8.36064919419452,22.888920718310192,22.5481852812363,17.233713339769217,31.264534894620223,24.255262561458622,25.861364175724425,-9.769943411230578,25.12187460834283,14.507027180606913,-10.410102885199601,20.677274699670665,30.911259278325936,26.503195674238846,-12.423540623210794,21.250690912310343,19.77276973124403,23.124799592012547,26.461540697535927,9.943947483880113,27.6025709623047,21.964546269329794,29.07573521473313,-5.49231186293604,26.72725101219997,24.792212952760945,25.717591324267847,24.82530002050964,21.93299746009604,26.686782478712015,30.585120910316984,21.29782348994561,31.462093213795086,28.953321552739833,-13.763583877700494,-7.241057933110367,17.168255528612235,30.141387973870838,20.121855415779095,22.499790463756806,22.441046840165413,21.95544300298342,22.841652042751335,26.56773272627462,19.778367552769456,15.13225875444495,22.738641140868367,24.39973696880513,26.760160589230768,-12.332754383964861,17.570551489875555,24.95505218549078,-16.66291940353999,-4.891920291806995,-10.992579600473537,24.91684557279055,-12.580893764836006,30.017768248339685,13.044123625057805,23.554694370111562,22.86336515270286,29.37043815698983,-17.76084640749615,28.319975853318265,24.585136083788864,25.449254261030095,-13.15146945362281,24.016646043628366,-13.355564138650239,-18.89320478022539,23.62571255579829,18.754521769391374,22.41485506393338,18.31124801914828,21.221000163694715,-17.5460300716233,24.85966284179726,25.866189544309655,27.852763094694218,25.465800619109174,26.32883717092804,-12.188305520297309,22.794025773882453,34.376140703181434,25.25453247337005,26.256020908916696,23.78646481733187,25.092036996836974,11.298777918553132,19.922570760170075,-12.719753510587223,23.023037399140442,21.881606604239344,32.186194326433316,25.74650368610122,23.70912302081834,24.510672516324693,-10.760838026344118,-12.142226008915072,29.68676264038961,25.575746847132372,21.36186021953033,27.879371814095144,29.551552683464653,28.0536822438769,18.741979647547037,24.5460142935121,-15.968062579763686,21.993197591506753,26.870573969632616,23.81835769763466,17.935450991851972,22.730965063903856,26.478926914528884,24.150296779314683,-14.901060922717557,-17.16761624446415,-13.60053670594042,25.87206036661198,28.032571187025248,26.042208718756417,27.810338084946157,-10.198058311571371,27.97227010865122,26.627197325483106,24.013574614394127,19.952077251387493,22.87291641463662,19.141779454695072,29.81602991086562,27.513730393362163,28.055094822369508,-11.16151546246378,27.69410160911696,27.270023283821267,26.14699151199565,20.62317512376773,29.35536140093785,25.35623131908098,26.11736085084465,27.46500280285632,24.402578578512546,29.43490359603323,-9.531997122887027,21.70348860099424,26.368930332986164,27.22522246266416,23.41280322534231,12.816225751141468,29.440138899729153,27.18992086320641,-15.721925043808978,22.16553352227677,28.058136322378758,27.566020774136305
16.624226609698173,11.82827681078348,5.334201654883627,17.11607120356806,15.935759112260223,21.553266858564417,11.784138839788582,11.116983203796437,17.230642133266965,20.020637216424745,-4.214855610819047,13.764000856005357,15.069037337006241,18.487828478287657,22.457838644051556,-6.359897766549703,16.090316689806727,19.814210420368862,18.112236791270686,15.828541939468389,-9.63877821706361,16.74477005060923,21.548714735317933,15.43054492570471,-4.854538897672425,18.86465553747175,15.411237199333549,12.677694030044583,-3.205037572546532,18.783554407775792,19.975351432757815,12.115042366158498,-12.008788988309394,17.22961873972215,20.736936885227024,15.698793021306553,15.24074701005894,17.582890372834303,21.49467249450045,19.0198780517427,18.01248475253807,8.256498315817964,19.135595016642046,20.091432387549812,10.510063659397758,-4.846597345211436,14.973853043832914,15.91222181679843,11.015812756932004,21.33985689866107,15.923112226372748,17.688539364505644,-5.400288414967442,16.67486383475188,10.631812561583518,-5.3331717281217115,14.121021890568848,20.625452436199673,17.367686322953062,-7.506926407174613,14.423488804643368,13.512709906909992,15.779126208107403,17.63292679822542,6.841674487173785,18.329823004729096,14.76033483311181,20.14623656258468,-2.359503443950868,18.377821951378586,17.628292644556876,16.965078226729997,16.770303456265722,14.379413262126675,17.917644301666794,21.2246101788056,14.488790962678175,21.66651703770508,19.738480517232095,-7.792699751179089,-3.319119171132154,11.767348421404956,19.832175670398964,13.12221592318246,14.744735995066375,14.677993698813838,14.590194957460238,15.28392461506789,18.842311736273665,13.365971541766138,11.027640455820727,15.13117314224606,16.446394877254615,17.96049583329341,-6.347198761985775,12.502101555273981,16.888999906391405,-10.041287121685942,-1.2066129624432214,-5.395798325288789,16.963362500984864,-6.6738141507114905,20.13562730511159,8.736674133416015,15.516574114706044,15.869024149350407,20.42269496126629,-10.413259190605142,19.377099218684243,16.225766889125737,17.008115833365856,-7.542338200460347,15.813984358780989,-8.149238301186086,-11.648908321253423,16.673971365975856,12.140929198139252,14.067292183724971,12.39273368194109,14.290831140328999,-10.622889369214551,16.752210112543146,16.857349021888766,18.555913600493284,17.126619447007037,17.3752208504831,-6.893391356967515,15.682284187255627,23.592620541240933,16.919249091733025,17.17727358502612,15.745317946343732,17.040502643091873,7.481782872194822,13.039809307228037,-8.39758878259392,15.8218232211314,14.576175908926297,21.85641946113262,17.00064104515323,15.968342074077013,16.589161541598475,-6.188796788947155,-6.229923068945959,20.14989589495835,17.089044655061137,14.553057771961845,18.881086981558198,20.435083338786065,19.15753422038341,12.590823432040576,17.381803289330467,-9.282991829369156,16.320912829436896,17.482586172560556,15.621279162063248,12.186906810930058,16.057913545545045,17.62038451285036,16.14552285381261,-8.8050836254774,-11.510443325509833,-7.327885036644511,17.617424065294507,19.24939556021916,17.446564871872354,19.033098617701995,-5.038108108019571,19.30333512157423,18.576288797654044,16.142490976481657,14.278281799394579,15.71223291871175,12.732965626838965,20.906133126287802,18.88812880634899,18.450029827894653,-6.1343586612519525,19.268074544290176,19.206287323898444,17.765866048011368,13.872355020483182,20.34394513057416,18.06733288358978,18.67319429578582,18.297645035688603,15.677534100046982,20.129769538535594,-4.86320270236127,14.651464664648616,18.280735412353557,18.286017356337155,16.224624850413758,8.356305987111739,21.016439220191955,18.418144695661454,-8.961898215253683,15.91175451584575,18.770586103292548,18.44096510949831
21.711588180045393,15.630821910343263,6.125973123056106,22.437444494462255,20.6224850089438,27.139820768234593,15.668750311934911,13.7005073402746,22.419916163867676,25.208617672572228,-7.358239118285286,16.45439356090508,19.994368196967866,22.979942382938813,27.698043094774224,-9.120703042184426,20.12015566200205,25.337100670491736,22.00425094807634,19.98950755777478,-13.97929254615986,21.38875281382203,27.412440002195364,20.416610706308706,-7.900008100709821,23.87722232415242,20.067922871788397,14.59750232494511,-6.266671519957852,23.600264894127005,24.306120019265002,15.140094901477282,-16.777366597421715,22.655391425749826,25.480510727541205,20.107698952370352,17.874316751971378,22.01706016553472,27.06135154164298,22.851525269895053,22.001603286679877,10.671126165131053,23.680236289314333,26.083388942756294,14.30306819998215,-6.872112535400992,19.73956999437433,19.531252296489622,15.236198121956837,26.86084417929325,20.797930172497324,22.100497929324895,-7.977033004217074,21.922884953845735,12.513203029549814,-8.887498718712733,17.916799494421543,26.70729343793741,22.882382383959836,-10.564708818214694,18.176908733686993,16.90714062318308,19.76998670927435,22.37328108021398,8.570787267200865,23.86033069918473,18.519912825056217,24.549616302307026,-4.776916889825075,22.5963156559335,21.46386870683026,22.221470872632995,21.532900146809197,18.88003570277417,22.951002359397773,26.317302271069,18.137918715021108,26.988013574519822,24.990832852251806,-11.700992759846931,-6.161529600285263,14.89721839612005,26.15043371456744,17.522649288407525,19.635775833675087,19.480892094676665,18.738348654613716,19.69605013040146,22.826481035196146,17.01759135575167,13.26771640019542,19.634139924697433,21.253387041791964,23.13523542353113,-10.412219573833273,15.179527801554645,21.399373458515544,-14.426718863452042,-4.09337926980461,-9.16586080277956,21.45625500260184,-10.704584146722125,25.862500063500935,11.370178950502924,20.52787027928297,19.775267273891664,25.25505288756313,-15.226871818812757,24.32287879468753,21.254442907212574,22.079230689608504,-11.21185490201353,20.87418733338195,-11.215312678857034,-16.30935334476422,20.105015054627607,16.33612913615087,19.46595363054426,15.590544285367297,18.024803429345226,-15.18098110553514,21.00044197719383,22.24230215432856,23.57986180928895,21.81477235521966,22.60534362586155,-10.305621988500315,19.44619800468845,29.453583552898714,21.432675400969615,22.48399858091981,20.64484766548618,21.367493625425197,9.774810501852421,17.114107561053167,-10.746864304659434,19.97768775893974,18.889154476271646,27.689134652103807,22.25833981876403,20.386436129991846,21.218597408565632,-9.323934259200549,-10.033359570035053,25.30133237059563,21.841639935993477,18.26843938323838,23.721913006103236,25.339555369656296,24.384136013745568,15.958947375422232,20.805172244362904,-13.53685738078448,18.90499711514054,23.133154970991562,20.75897381932565,15.58419354361184,19.108221812394355,22.948313481043325,20.847107606245988,-12.762846189020447,-14.672903243032795,-11.658922866929485,22.33965459908164,24.18649329232477,22.63304670749729,23.69486738437445,-8.452625985398544,23.79023076373456,22.855819317635774,20.809312431769364,16.953000130255113,19.665870233142623,16.41743691041401,25.27624418840545,23.68378404299425,24.342836291670213,-9.599671677550955,23.679948018937143,23.436611582784984,22.723701056570263,17.619695702037436,24.98431768503967,21.717764253824747,22.173020224394133,23.745890870061224,21.220626436970385,24.90886364676899,-8.011777839639205,18.805477327487484,22.30900619070863,23.189365799226746,20.049815870190447,10.899936559863466,25.481892670019256,23.744413884434902,-13.392793611985223,18.850440501039817,24.05366648445142,23.891647678876318
19.95665753106154,13.9351800826728,6.233479076851259,20.28524484322829,18.68672715694929,25.056560487008138,13.774546166875426,12.731070546531715,20.84416317724243,22.99209903407071,-5.697779307326984,15.341679320061365,17.70067090134633,21.36551934032527,25.978917059006665,-7.939332088531115,19.132364857679388,23.434953778984987,20.743281338708318,17.8545317472985,-11.446790571231627,19.228621299223523,25.37449364123935,19.061370561444154,-6.2054081906230705,21.892876982624728,17.48088221106226,14.109595160823465,-4.376898897069487,21.745336434016853,22.496857347087904,14.066142685766971,-14.56393465195448,21.44496451539137,23.706916978330117,18.181554651618587,17.35568603678446,20.515175674227027,25.130232302570437,22.192210960747097,20.56911882704911,9.715551034487447,22.338522038051792,24.19396048620399,12.557622851479053,-6.060502604325303,17.70148894009231,18.059527839317862,13.665266065473434,25.310158235381195,18.813654872287014,20.221630995585897,-6.73440533465428,19.915166350235218,12.018921091411437,-7.425999122751041,15.642720904712359,24.746090382531893,20.496343696035698,-9.568017628006157,16.22857199410232,16.14898292284435,17.806743640624042,20.297819882515203,7.800798111527436,22.182684959669896,16.88540321062473,22.765894621428117,-3.9340551799726313,21.226347820035496,20.022178977704055,20.94788225696677,20.69903209405717,16.67661871779823,20.359760137733353,24.350905531724127,16.125567647124978,25.519357074381773,23.044856409784224,-10.078088141178474,-4.415123301096593,13.88796941764367,23.807527689400647,15.558858425809166,18.07758965304524,17.02741213305254,16.860213256867233,17.603830971470558,21.629023455275725,16.692117460076496,12.681290369757452,17.546967844947247,20.095963618005875,21.147470880911374,-8.141852641138266,14.617089988969736,18.97828231031662,-12.646044395036078,-2.4115595909556653,-7.1494349666757895,19.32258826832791,-8.580130614303503,23.826192667334833,10.383645858568137,18.52072356736564,18.598556708006253,24.385077314417583,-12.864001348384395,22.662571091239503,19.793234110795982,19.860714183755714,-9.606963599359043,19.515772566495492,-9.56354386749415,-14.197782047768513,19.743846251377015,15.619187465005727,17.17556280501777,13.645005453685402,17.126948550577396,-13.079611634256851,19.537119494354837,20.15952691202034,21.30217109980342,19.589761370521476,21.10777211565527,-8.21181233984545,18.657370075991416,27.372515187781495,19.701326321601258,20.359385038233416,18.713632926296132,19.620287051024434,9.684851165810056,15.061919786441694,-9.261017272273852,17.95875658800597,16.633500610864406,25.288094658974536,20.469571020064887,18.304950063739682,19.186059557252833,-7.542982581902351,-7.834342957419906,23.51376368904886,19.682893601517964,17.007598275360294,21.60875181243483,23.733179592009765,22.626560652055666,14.853149219654023,19.6649087888303,-11.363978561519847,17.913147755599073,21.000528057126214,19.526461080290936,14.037195784312754,18.0771487802695,21.606597932539565,19.824501737388758,-11.046956539527448,-12.90750503480991,-9.473629980634302,21.098753519661543,23.16976130683943,21.547255443784493,21.663531109129597,-6.576153589604187,22.00845485854873,21.155939201777713,19.95554747048352,16.30883349691659,18.03185028209799,14.482703607182371,23.576150770051154,21.784557100400853,22.61210225397059,-7.371389508430393,21.71109454633834,22.71035371202773,20.89232589331574,15.70093820580584,23.325456535411767,20.174583487051194,21.264739098498275,21.993875434952173,18.82276787947253,23.145067977197858,-6.325327106438463,18.31032844597434,21.13797723265656,21.114468412618738,18.067958091248023,9.770122688995695,23.779999266714512,21.97520493502579,-11.29938794981101,17.736836359822856,21.968465119705712,22.590288619911227
24.99847342409567,18.039850214644417,6.646387718445174,25.809582880022216,23.85058626964989,30.968000021702082,18.152455211642522,15.441515787151024,25.541970004954056,28.855743945305647,-9.103434694420335,19.054242680537417,23.164721238191714,25.764008722801208,31.408826289957393,-10.795684053177782,22.557346015845177,28.929403325121964,24.813999844762318,22.982092410106027,-16.708706561011173,24.555407578451288,31.200402115915466,23.09350353741859,-9.550078285779705,27.544975088347723,23.169605135929302,16.335573642993346,-8.253258919570872,27.377507318277942,27.487415278376965,17.187624694836224,-19.680078177624026,25.518265523321414,29.097592261995096,23.016708873410387,20.024540504494077,25.34620865117434,30.984748752640833,25.681933086417498,25.439703971521592,12.774672689757375,26.83669993981978,29.758849636443244,16.72058518069189,-8.291867964786267,23.000493698044124,22.239220602193832,17.461164992538485,30.60854057781522,24.179049829860787,25.491511694428418,-9.669271291882108,24.93889838784927,13.820400471530682,-10.629892720166456,20.474134691229445,30.456487476545465,26.251858745581544,-12.434949098216507,21.412613926451254,18.941606125541703,22.879880258462244,26.022722186169787,10.046095002106988,27.244168298766592,21.64350487667739,28.414583192786388,-5.784185696638305,25.861591723224084,24.260566022815865,25.335023454603007,24.21206451867152,21.806661769650635,26.529087546405542,29.763696727964394,21.12308809945561,30.406878735026766,28.46029928334362,-14.01867766946056,-7.69432048569863,16.98190810288589,30.000686349078816,20.3059155569562,22.40683529829046,22.686931821270658,21.91009469437056,22.72495208898846,25.60360589200592,19.025240334953885,15.03304149883921,22.512943306038288,23.992107599875578,26.529482930736027,-12.7938133315213,17.12520543809404,24.764699674592006,-16.826705647547072,-5.420417040023672,-11.427691249463475,24.851228116422952,-12.994220646714394,29.60699721860972,12.99815866103944,23.46868842167075,22.172263649314843,28.43241074176401,-18.10459734338755,27.75853034154216,23.95310033576868,25.085454115832327,-13.427844768089756,23.587957962850112,-13.184044686331893,-19.168698173870148,22.57735744785226,18.44297118064936,22.599004908841177,18.306694813272905,20.43840171252112,-17.750659062595105,24.199121164088027,25.860126719657845,27.366728009833317,25.13611159214847,26.074094668181928,-12.415679923161417,22.207902830575456,33.588325266959885,25.008062562847808,25.95537046515573,23.583194769643384,24.394776076808334,11.098256721539201,20.0026539022981,-12.390357760123187,22.971580303650605,22.03930130823726,31.7321695904398,25.635863736575555,23.5731194404501,24.07536177015785,-11.01250603736716,-12.534901034638423,29.15830731984462,25.240782956343566,21.122853857279523,27.383500179157853,28.646195387505106,27.690938871879318,18.35308027471979,23.558048567939096,-16.11978502299217,21.392517467504984,26.858435576504952,23.617327413914925,17.63712385487589,21.715988626569757,26.08765194599211,23.73181959733396,-14.928190510047896,-17.04796308688125,-14.034341601650237,25.393932842410035,27.24515370802697,25.46752332826727,27.253662740756127,-10.449718554642157,27.24367032663898,26.050031537397366,23.562150988038084,18.99943095730802,22.565899720144685,19.379882667109715,28.873640834555882,27.175349435959372,27.80529330531377,-11.51223372768684,27.284528131127246,26.084536012555873,25.66771466985021,20.6874432017473,28.407714971330087,24.57160418120754,24.97378713029277,27.063079950561562,24.605555491742873,28.79334789770186,-9.760283397965651,21.30630174189523,25.761408728632745,26.80783287092341,22.900223714610238,12.63133770904059,28.60848406939459,26.735751886150567,-15.87074153038727,21.14091995505471,27.73985215319247,27.1132256583614
21.55084345579042,15.55449602170408,6.515670524160044,22.064209063436543,20.63964517089454,27.531127551155627,15.382930205247302,14.057343712722137,21.988312837465347,25.38328263870856,-7.112274317643721,16.676070808726276,20.021165943371535,23.251695343260664,28.43113759114894,-8.899384039896342,20.334083701178823,25.318852702033237,22.75317379660802,20.428614743499164,-13.713595813908844,21.525687769457313,27.57573372856525,20.05762044479203,-7.485070399014793,23.78712303912255,20.158942421381187,15.150808526538091,-5.749419950637447,24.313557206064182,24.859214899165483,15.581705523907086,-16.646538102863545,22.454551526607727,25.969248283521843,20.675573766623124,18.873008058293184,22.766853447196485,27.51403962304804,23.666108860141698,22.809786887355134,11.03563994864166,24.213326802523838,25.981671387907056,14.136725731179315,-6.997813632973759,19.847332687992317,20.01861288452924,14.625938933214092,27.182827299807844,20.462102458206747,22.344956456576107,-7.878799635365613,21.65869081100709,13.338095524482945,-8.667710320833299,18.066695828756313,26.469462473511648,22.679014730352353,-10.266078152454963,18.24417035288781,17.319703454745323,19.971534781643832,22.99363078007627,8.54335074863414,23.607161844244942,18.830267188775892,25.247558156624546,-4.752844821749686,23.27715795926718,21.96175809742698,21.90239005289264,21.504234554178108,18.75486956973138,23.240188326647022,26.905742428133692,18.268885874647356,27.273265191885027,25.030664126354846,-11.216895812370218,-6.18899312690789,15.415416456786799,25.859445738490038,17.03777794532822,19.15000170825217,19.518352395411775,19.127853837654037,19.815339808716875,23.466013506338864,17.181212556397977,13.496066733539848,19.93471981559943,20.961574416207306,23.186794225012758,-9.829602008190848,15.868994381322304,21.84847784959503,-13.95157748560481,-3.531674313923405,-8.914661474829698,21.545098191798314,-10.2130786992305,26.156068227974185,11.528293173776989,20.012697023724833,20.418598854153608,25.52028992556996,-14.755827472463498,24.47192073839513,21.134417628036967,22.189537188370213,-10.730793992930053,20.642537470878423,-11.257024959306552,-15.767925831360074,20.865099673362774,15.768059373691095,18.85382125291781,15.619936105965312,18.67162313275795,-14.768976897046098,21.793960556503258,22.10316127781654,23.877196741452153,22.27964131565924,22.30813527937471,-10.053474038004026,19.450653992963286,29.816645027049653,22.053112827643787,22.527606227939984,20.6742851232687,21.740425755214627,10.010773913069889,17.377740062117216,-11.007298984936961,20.037592952068934,18.956099468139982,27.950608645828986,22.30884462850797,20.79459089432427,21.203639447023527,-8.985554032505158,-9.502627959342067,25.452029663972816,22.24246188022882,18.736322471889558,23.85580222145383,25.762209020473126,24.568048591921826,16.25687055958779,21.84154072940937,-13.099359199924502,19.477569806730585,22.887287808761368,20.150815413731426,15.811408098115265,19.88060723346965,22.695844436628075,21.123644127010675,-12.332526361283385,-14.919564255043724,-11.064353448257757,22.271555572443475,24.34205581782265,22.504843568397778,24.043878911127415,-8.052739953214854,24.274573300065725,23.20902465908261,20.716683368743702,17.783116806940708,20.257421322742882,16.477096117169214,26.14749122227511,23.938120765711474,23.85650454528168,-9.306896713885148,24.294855570697084,24.066809754442996,23.00509883113539,17.81147213635407,25.607240668036393,22.41001095062522,23.135500919818895,23.624166454736287,20.957930313707983,25.505442923541295,-7.650357397584207,18.709986498950308,22.762859207962542,23.562490824485568,20.51021845486033,11.210026004419861,26.20675907858577,23.73044857873805,-12.852866354276125,19.673836866132675,23.862379633255692,23.869771263570176
21.898771213976186,15.740938919767414,6.191482004624382,22.87710925725648,20.626328398626573,27.654659184040952,15.89272176959556,13.876073796394321,22.842251233642394,25.629352310122098,-6.9476497044923216,17.255381116541376,19.78047828662226,23.28474489639233,28.32126792898056,-9.199364444645774,20.38214899513982,25.369932446749406,22.206511059476806,19.99424143002732,-13.787048258147289,21.515555946714393,27.76434187996704,20.679030355469347,-7.760862905460879,24.638138771160115,19.964951595226363,15.3165449314653,-6.297619710383123,23.938055923921777,24.769549507411263,15.275426617869979,-16.63010833864197,22.804186934455423,26.18316931143624,19.7455807244542,18.336660125831663,22.145737158340115,27.637297634265522,23.417094747795467,22.424966865165526,10.595099730476415,24.2723994013455,26.501928193923128,14.278657295507163,-6.833532933027706,19.36055137839611,19.78698731304578,15.062142829845055,27.49228721524428,21.41279574875519,22.832048452769577,-7.93636787708645,21.741736360559507,12.383607110320877,-8.10524185365791,17.841489726376913,27.047728960213,22.807875718336163,-10.447268072319718,18.66495306053419,17.270437056555775,20.063493254336702,22.504360957895432,8.900494421744032,24.143475093851155,19.10200739307,25.418365285835062,-3.8801039332520495,23.33083725236451,21.85180145483153,22.5214729935828,21.806802905835784,19.07001001742384,23.12440348050507,26.604293570844295,18.50606803319197,27.61571062898331,25.29672300849456,-11.61396303188689,-5.087260461873588,14.565071666970224,26.145075562724905,17.60388000177351,19.604955022899052,19.240604052585716,18.64274458826698,19.717300514612656,23.20620261884313,17.42873486495677,13.393600450330887,19.2623651065314,21.673248165381107,23.252730254647926,-10.207619308876565,14.95554478409099,21.497381585997765,-14.244322607314267,-3.3660171803475034,-8.431539303227993,21.790442500053143,-10.343179468173588,25.953338809581933,11.416516956410117,20.555339174171714,19.604674355399766,25.900494126941688,-15.016706560616807,24.958599268980755,21.31659824127424,21.813245098280326,-11.213326442610795,20.803480425778773,-11.107967875161465,-16.25914053891941,20.59438313932012,16.584750527670405,19.362285686524732,15.973367686834173,18.29911401836825,-14.9077786023117,21.280945817328885,22.212574800918148,24.15409166048594,21.730632207045357,23.091277726831564,-10.123853379445812,20.244246001937007,30.12242793171748,21.56960012671576,22.68346239370521,20.489380157143245,21.752730640645254,9.676536202866698,17.046039310593333,-10.93672825981123,20.3095463078276,18.952280994416757,27.926265226960663,22.104006593829485,20.32648856434512,21.17945294777705,-9.07067105594212,-10.089001149024526,26.1182361956351,21.83966174986359,18.39414276403448,24.39573880400211,25.75210206488758,24.330157462540253,16.198179915082868,21.178382139865835,-13.582105878492587,19.70461881327803,23.275516094266646,21.013768999440877,15.410856137109334,19.917963771406345,23.152365684458484,20.75602354237857,-12.614210887674727,-14.901087610966847,-11.24051569668986,22.754692758264298,24.675849971220746,22.811128172582748,24.45388293219191,-8.288443572350273,24.52639096480585,23.24945618942319,21.078483307956027,17.530772726707944,19.716949461471476,16.469567808622315,26.09259639209995,24.053972683000268,24.60970232612849,-9.207293237237621,24.130058893789258,23.804997539184455,22.6405807564858,17.768761625600394,25.631256364435774,21.979777339090706,22.7763160388975,24.099987897491427,20.85064788528986,25.62897137441439,-7.95877075564413,19.106243963384607,23.323867998124925,23.562266069001083,20.434167128434616,10.550034628002615,25.751238734791524,23.735490182843986,-13.19774201942556,19.164098217256704,24.59469050145863,24.046822169398265
22.645822327516065,15.77708928395918,6.539498194150035,22.823930639592344,20.795044023391895,28.099046230650554,15.170596458720286,13.547533872269925,23.27239859603793,25.54444886562196,-6.520654686763586,17.408822790134312,19.578066504439125,23.33151331135815,28.70084366069407,-9.121435068948037,21.200765288622016,26.53120531896158,22.694505379043022,20.005135418211164,-12.95092960366801,21.300830964568924,28.362638420544776,21.46802358515311,-6.842381828056558,24.625750127211514,19.46948651767749,15.591338542658557,-5.6268380769065285,24.366640701761114,25.03448790795417,15.49083836285606,-16.20828378777644,23.85560627339983,26.932579091646478,19.858322831230705,18.810877379360004,22.84834375021601,27.757348895254417,24.497995976539734,23.0144906514543,10.692046339034704,24.848837929382775,27.227143239495387,14.250876390966598,-6.766065951973532,19.914118134409264,19.891968339497115,14.82753257473047,28.422580760482177,21.18876844367498,22.88152826368255,-7.729234512083744,21.9073502265044,12.905892521435566,-8.042303045524319,17.37722711131306,28.03092527373601,22.80041284924113,-10.669828288830498,18.445172431008956,17.60816942797841,20.536171254398905,22.69516964505506,9.111259017690509,25.3607698699505,19.15570406624512,25.60336665748364,-3.85906704617367,23.356852253855173,21.826913502750763,23.764644682084562,22.967937290736995,18.58833467009232,22.7845539797784,26.661162044273574,18.383582227250315,28.491991925057636,25.73055109298231,-11.47325714906094,-4.745059914871135,15.463849095249799,26.84180830000043,16.992570858206705,20.005441332461658,18.96463681009114,18.740888156080523,19.60965236841261,24.203003648231945,18.284969405404535,13.619645367150675,19.301381339187646,22.55594981403535,23.779696216260707,-9.34331681550654,15.64187349280864,20.928179987745906,-13.769588085852591,-2.7933153123655616,-8.193959458604525,21.52594535813076,-9.623613220202131,26.721231673816526,11.098024218133775,20.467423116335777,20.030843943963887,27.345998622582922,-14.287232276624756,24.901779960848497,21.79921536278976,21.68238245964893,-10.570845722602458,21.738839256445313,-10.786166480888506,-15.76189308040917,21.891979142123056,17.241506302774425,19.319995811262515,15.468655456214329,18.373914324911134,-14.214116597094396,21.675415168530765,22.99160819384663,24.037597614270542,21.80110690075806,23.995250255238144,-9.246583869759704,21.087920496410533,30.549982006470437,21.955770561191997,22.62928852512185,20.48724890924265,21.907225397033923,10.056617383907778,16.95926630319359,-10.867990593313845,19.905331871644535,18.264573628223328,28.2999345809433,23.004394935598572,20.39292705014937,21.01005574881366,-8.102368743245348,-9.563537197799254,26.649786605057162,21.716163471057456,18.921793178104632,24.31213602877418,26.46679226536399,25.397093996959605,16.25363578329139,21.794115556359575,-12.737576608610688,19.866700073396487,23.765705854450886,21.911487985295118,15.149911623860765,20.500180424893102,24.25785108259661,21.926383264646073,-12.230569594743478,-14.553315221313595,-10.723383422608142,24.053935907344083,26.030367721961458,24.216279430570943,24.036881716467985,-7.531213475755369,24.559445993828227,23.582463532900796,22.62488486290692,17.83515717403012,19.641891547236277,16.89868828456982,26.320633404600837,24.585807392520834,25.337180357859683,-8.183001761741467,24.18392890465644,24.962606057971186,22.7106781328662,18.05271155571615,26.085036561774004,22.758162491784244,23.5808289274994,24.697291324785613,21.31749453919167,26.24166531096667,-7.272515207243143,20.49886868091889,23.832820550396146,23.648082329594285,20.081083353709783,10.961747766433737,26.174860566686565,24.413623839760827,-12.600271040420902,19.81852952995702,25.084578857806886,25.22926969219067
21.998429272680376,15.600257894981388,6.391381505251988,23.28882730626084,21.121271647332122,27.847217578800638,16.56263036421785,14.472694941045225,23.890645802334724,25.95582886555661,-7.7663684600123615,16.834817645667588,20.53262553790407,24.041290528665055,28.674797054664367,-9.995152055523448,20.727713173796577,25.506113267257206,22.564418658729817,19.83153263419638,-14.524186490196865,21.945411876439522,28.13699040796803,21.469122005858363,-8.708337124830306,25.00863506289708,20.18772914426883,15.054179857515045,-6.5723632245691315,24.034478586120184,24.422038671093627,15.678934525392169,-17.677277611842655,23.799651621229863,25.714123890896712,20.29617332039611,18.61096764971903,22.481030479123543,28.30548990641583,23.804798619627437,22.303189411663208,10.840771519827682,24.61131515505959,27.0479747645374,14.457894352216051,-7.427061626855952,19.596437787628215,19.952833920256055,16.45615424783503,27.69395064390194,21.934533801717848,22.531775718011218,-8.34244787402787,22.83517072704783,12.465089867157737,-9.532479330101626,17.738372573073427,27.449431472643766,23.616448426195305,-11.50698563526287,18.302701380787806,18.131549808036198,19.319271161403464,22.682165381896144,8.501019517396566,24.30782441908528,19.06489597435773,25.19590773709923,-5.268346951120635,23.837818234207372,22.138447340460917,23.0951747766054,22.812444715189628,19.56148050212271,23.092090983466793,27.148152899955758,18.163141511892167,28.08454554634,25.777526686368653,-12.573773888085775,-5.937346668844832,14.514972629971213,26.663621721007264,18.73355377561708,20.88871910241361,19.648974733270524,18.94803021273218,20.066975279791855,22.898391307897842,18.439267204534445,13.961650628588783,19.738584256755416,22.254867108118205,23.46740363814259,-11.205177115601908,15.47837077234759,21.617897457341115,-15.8092305344511,-4.522028214939394,-9.37953971165301,22.023019639606574,-11.651426703510923,26.229132448528794,12.275305946212553,21.69056139280078,20.350415172802972,26.217696734091305,-16.316174162008892,25.852067819009687,22.629847072367465,22.718335730464158,-12.453453417581429,21.935893959787435,-11.670467478635844,-17.49001060823755,20.95572289094924,18.035659801400286,20.31431482073245,15.693815139009535,19.446515789044284,-16.378796603891594,21.603891598488836,22.424698150425307,24.200456411655907,21.898042034944375,23.599467505611432,-10.66392719605078,20.619605316168414,30.389796218201138,21.793172157095427,23.347220928008014,21.351803856881343,21.92083347991908,11.020690809315777,17.01110715311222,-10.316606019859618,20.393282650800078,19.380350025955888,28.13308166331386,22.487162770070736,20.548468140334037,22.042666310800772,-10.129928167364953,-10.437848011600943,26.155884922457346,22.33564711908651,18.490835970182246,24.550796130064587,25.98448563186918,24.36337721564963,16.836588528960853,20.940998251331997,-14.66744460072651,19.229781034181052,23.74458508694438,22.107288816867428,16.073181035596843,19.382171902056935,23.92402359572277,21.642200740637225,-13.955151094829242,-14.671803149162407,-12.391132012580375,22.767105471915915,24.943446887932954,23.458098213828823,24.699448739017345,-9.317405938155309,24.54086260746288,23.296465815514896,21.508826028863535,17.696128953108065,20.07362626639485,15.697313036829684,25.735395793912136,23.870763099290794,25.69286415871061,-9.960341619033395,23.869236076924334,24.452594557054297,23.499017686325686,17.310410925864595,25.638177983008735,21.290795323349176,22.63738876741211,24.553293887349394,21.33304761407836,25.335376990985267,-8.6922828552006,19.90721017330947,23.252095938389576,23.628821099579774,20.21040517628977,10.68557800412889,25.620717844821865,24.26787561655311,-14.602644666238497,18.761914217809196,24.62308410613262,24.77846042052157
18.708657752740258,13.109770849052481,5.712857719739334,18.68051236944131,17.152176185040616,23.53606335940806,12.147522709224996,11.255082027004988,18.81897433244013,21.308448961037925,-4.673411481463836,15.105398503015266,15.878133687896813,19.393160239991765,24.138401986890536,-7.014160060806829,17.701616164192682,22.226294371513568,19.223103068138727,16.965071856349656,-10.067355811311199,17.581395479721547,23.552047512800964,17.484184286534262,-4.779546259755345,20.40888612689103,16.052917208518167,13.62919084,-4.011788010830077,20.55689297620776,21.4681390844481,12.849720963351462,-12.821958849579579,19.311628025960093,23.107528290460884,16.50960385087087,16.129213059620188,19.2487506429145,23.127434476878967,20.791175121386768,19.659636164164695,8.878658216135406,20.911503594531645,22.39032493283576,11.65998010330494,-5.321006941448655,16.454982686460323,16.95227131648078,11.43146182012171,23.867350793360472,17.283748907769425,19.43720001085801,-6.0944955457793775,17.653868673750925,11.328251966854419,-5.549548518058432,14.5263222914136,23.162612389381504,18.51905089043714,-8.30944070892416,15.63219580883788,14.574992649494067,17.677505224782898,19.014751545141724,7.737762316983738,21.000673688417745,16.143538572985815,21.846378261438755,-2.3216877799079323,19.592028881602435,18.434808582035878,19.435526574069296,18.866815337560503,15.178350774460151,19.07102411537963,22.356537039339,15.538933305526934,23.85616278436529,21.34908029378262,-8.686059924342338,-3.256959646239793,13.348710744790491,21.987141118076185,13.449966088452628,15.95221783756074,15.597519418905211,15.658528579417595,16.213199206591078,20.829299204305304,14.980612805012694,11.498468899531655,16.10600859061794,18.515119817479103,19.688211494233588,-6.752549618227812,13.134022922003735,17.472121089751596,-10.387621799702456,-1.19381817893785,-5.954248918225161,17.902829651060543,-6.9565348237169,22.338572326194413,8.99051687699559,16.35978689149253,16.699365027828048,22.940704354178127,-10.85802845476443,20.510338689200264,17.689307813559623,17.716572531393446,-7.8161550790404535,17.591993455618308,-8.556707202022043,-12.20844729672553,18.669594846224882,13.538968187765152,15.3377346738029,13.044219782955528,15.104035761611106,-10.78019462848684,18.311500151889156,18.920821646343825,20.119482702101628,18.230837752747085,19.68601672971459,-7.072258044201634,17.618895528227572,25.57175232372234,18.405882374715883,18.44274165521984,16.59898325039173,18.320476396202427,7.924379230283588,14.19056978591744,-9.451807752064889,16.63104451221447,14.978597546122995,23.630449506524158,18.988117027856806,17.140389019799382,17.14881836997464,-5.885722002599812,-7.2997043037749085,22.411578205241085,17.96013764093696,15.939014540207342,20.340381643553798,22.29676813703502,21.287394620755798,13.308095013778342,18.790169388312265,-9.681650042295194,17.437207573384942,19.394297638302184,17.578773538195165,12.407225267347803,17.894937563269593,19.794294330175216,18.049050348671297,-9.236780427627085,-12.385531723722307,-7.938994435139462,20.13456957633354,21.72736166321576,19.871458016257858,20.088439548896545,-5.275691519399356,20.708439544326385,19.896815265165063,18.75724453347109,15.248468416981854,16.398623240830347,14.496695812312318,22.56003879715404,20.71793125440428,20.50358583423686,-6.0681571677528305,20.664569771136037,21.069890006453573,18.684832216476433,15.305239720512994,22.096815656711687,19.738990380767614,20.28563533877096,20.31602969378199,17.375348088376587,22.365716226934413,-5.302492879006875,16.848371671837345,20.214037393691672,19.7406143668018,16.981761323053608,9.3143521016486,22.326188734499393,20.13139890027278,-9.367244818174612,17.36481360955828,20.917395903029433,20.683866092665223
20.857305737697253,14.959145863355563,6.081799025887449,21.516501652927158,19.552125265978216,26.441653907145096,14.67422649128214,13.141178972516567,21.433638507548594,24.26243561560586,-6.388418348034407,16.56056025272088,18.66686053530077,22.093932998394163,27.019615135899755,-8.486622885958356,19.569263072996996,24.447815477358777,21.355679547671173,19.2910438561889,-12.719721177207592,20.34640183907139,26.44513975367055,19.655121580984538,-6.803593170236838,23.19566651489769,18.925153680715113,14.765719570449594,-5.623502582804521,22.9977039835916,23.861084001993987,14.601920165354757,-15.561390494760701,21.599988718198357,25.314827837494448,18.967334652187112,17.648335851080883,21.355115415542183,26.236020939655667,22.580204242565696,21.64441370973713,10.148406737876526,23.279393006836113,25.195150181137308,13.58074021241405,-6.390455877568645,18.621820675990776,19.0229979145101,13.782891207451211,26.335122209523927,20.00120622334293,21.817445882106963,-7.480805252298193,20.448936922865716,12.328114610460831,-7.405760583739489,16.985468494916983,25.78120009045194,21.528948250709053,-9.789562199335117,17.71851541549617,16.429846468402992,19.4578677082679,21.506071982745475,8.472243619422192,23.121311258420832,18.21263260766824,24.292706561292114,-3.5467757560072006,22.15154043308259,20.793156114298,21.44798411971465,20.80767410361653,17.96814115452758,22.029895123648053,25.385832698163505,17.54609169781636,26.42534141808271,24.05284692463113,-10.686386089315764,-4.8165428822961385,14.501524584839135,24.87115990947669,16.22197743550945,18.362053350517716,18.29394953127051,17.881761177783343,18.770800467372073,22.607706889654434,16.611648570531173,12.80040367945007,18.590509890102034,20.53332895704733,22.134575552938923,-9.132540379003954,14.470626533285756,20.38267528012084,-12.993820564504196,-2.8101225317164595,-7.863604502441317,20.561858843642856,-9.353992349224118,24.945788776744397,10.710048014132585,19.144537874375303,18.81669306137085,24.857773789430553,-13.727345659813139,23.43753934346421,20.246051973104542,20.667797837541436,-10.092770873606694,19.799876202226546,-10.348215937152604,-14.940978876474581,20.02636095764571,15.423560862504932,18.107727803192923,15.049627246756103,17.37442213239573,-13.630588163904802,20.484218894842545,21.213950156892814,22.960984020302774,20.825239704311553,21.892884473471113,-9.264695869658587,19.223302686961638,28.64886758214259,20.637073410419614,21.383778110258202,19.32180257088803,20.765852170432943,9.088660183806045,16.421665289985917,-10.689643620542238,19.200311199965764,17.749613240431575,26.63338237786197,21.170518577596653,19.51194401893409,19.959092967088868,-8.109261539065983,-9.275849266229239,24.907841352630886,20.722855419250134,17.72727522709882,23.13362234065672,24.726947810653392,23.451050232531337,15.192478637971275,20.52528828716671,-12.342276268265204,19.00350876696177,22.038399495957222,19.73838323691801,14.613266039139342,19.367084414713457,21.982674843764052,19.942959751291458,-11.50238454588034,-14.257836434568738,-10.32151343880059,21.8422845465613,23.657177155645865,21.790953696539443,23.05377118889449,-7.349449954502659,23.342332729438663,22.179090981480176,20.26219201798319,16.883074867027883,18.747073133606655,16.023812957769785,25.037967928682992,23.010539818200574,23.193810483093966,-8.365716006088421,23.13936016957452,22.981802737572174,21.537858853399918,17.10665716842579,24.539321417833325,21.409254014595703,22.06279508839448,22.857199430069425,19.872572480354112,24.633129518665548,-7.0979756081961485,18.25266999587682,22.23442733641754,22.40447554976861,19.49956225910802,10.425384854012329,24.799396481233188,22.623924910287727,-11.978524020480949,18.798713465362013,23.411229194961567,22.92252697828003
26.282805614373803,19.06772943141281,6.987688378159808,27.32840468702047,25.143438893555015,33.01829165657707,19.423259420873457,16.67058989611361,27.10280561708033,30.787072477098892,-9.78294084181933,20.17733572585623,24.73361819133599,27.594395065799148,33.51250590199553,-11.688458428225905,23.867312795737174,30.377505466937297,26.514841257136798,24.539374334200886,-17.95345557028478,26.2711862406673,33.14862909999566,24.290236553277335,-10.39781037554333,29.26027729299249,24.9184085292251,17.4193155356054,-8.746987600289366,29.093270662215723,29.263147197392737,18.575475858893366,-21.091864047956655,26.89317470172692,30.816342062664596,24.6285121012519,21.40862211828858,26.922963551823727,32.92056487505449,27.307610645215235,27.042596168202035,13.454807125656727,28.58714146757395,31.550034250120227,17.649177095313316,-8.805958942868102,24.266695068739203,23.58946480074104,18.431964530436208,32.279269968583236,25.604707481513003,26.999172227951536,-10.319804344612148,26.487369058135748,14.785189590576028,-11.456452940116467,22.0692346512238,32.12565546004501,27.937767660027415,-13.13825001387135,22.51281508160997,20.393411528112537,24.111045113921932,27.67999271551686,10.539765797729993,28.581426601094027,22.952567747365034,30.22863208110934,-6.174286055055224,27.631231095040096,25.922158004023466,26.578163567063118,25.432592817256626,23.412068240044814,28.327384772591543,31.8380306762111,22.412779645866124,32.33171141640398,30.253586911411297,-14.881622698794637,-8.285017947944754,17.758459271418978,31.59014113631453,21.57312393546468,23.646118671153104,24.09538201659375,23.152750392406585,24.264893937323674,27.187326206705812,20.11964389740685,15.78785595666775,23.96628631908472,25.176958949207727,28.12223394340545,-13.699242793826683,18.174635345672797,26.577762411646304,-17.97922459608301,-5.83564816161475,-12.176520015264186,26.527162768700773,-13.95290068680338,31.28426146110649,13.866123420913619,24.920677684405938,23.6970417297666,29.99883001831752,-19.377865172671147,29.549946417315745,25.456084565975726,26.8010781865736,-14.293467625726953,24.904820880138498,-14.325760673743943,-20.383681810702047,23.922678884405535,19.396190760933088,23.893068323478417,19.555205270134312,21.883438545343033,-19.0559316315068,25.754572798108594,27.224201404748825,29.173219039057,26.854719953792127,27.414027638676355,-13.372632430479156,23.338927507527167,35.71698425377209,26.482293515094785,27.736070851437,25.21222871694054,26.17980173878823,11.730500536862232,21.148935624097422,-13.319895431175608,24.545933578749892,23.533703634138817,33.699268725713395,26.94025109208744,25.0924538364989,25.7891570041387,-11.92856410175292,-13.329361308695454,30.762567628088085,27.025244684564978,22.282766483509683,29.181643747222402,30.520623129829275,29.137094258581907,19.446400792893474,25.118719143450377,-17.336570502119773,22.724653573258035,28.355057886776777,24.73362110392663,18.984733652787984,23.060009795727474,27.440076788583323,24.97758359748263,-16.05697929378085,-18.22673022768594,-14.911994149274717,26.672001958169503,28.68433347033406,26.732706061189067,29.1988424931651,-11.341671717434918,29.182559474078595,27.747825246272242,24.581573968311794,20.445893791896687,24.087157175517728,20.275432245423026,30.86593752582986,28.671408197307304,29.277631117844486,-12.498824337925681,28.89408310009217,27.71942090409055,27.3909940131346,21.886401819420183,30.29651264458646,26.09238240000419,26.646935930555248,28.632304195410892,25.836704982153826,30.424154075652343,-10.487632399831808,22.246020761230103,27.25713094117843,28.62200757981449,24.655973818752177,13.37459417785807,30.507061639805666,28.297776670381953,-17.008762165082437,22.559413796353773,29.295380875492288,28.558985420390638
18.68031406858014,13.249453336056362,5.865272883483732,19.01902199206195,17.355921378658316,23.770322545803168,12.674896019176972,11.814706443590675,19.004613906696367,21.68130171721639,-4.826508682498448,15.13102823962312,16.178158571174478,19.844838210490547,24.628116823848423,-7.105427271202813,17.766619353999502,21.95978802854874,19.47142830728014,17.132475017157812,-10.34380080145101,17.939430259543823,23.734385503891076,17.46175214523285,-5.186035444309711,20.732104417011826,16.38566269292097,13.83937944204455,-3.898793454372536,20.795879825047457,21.809749471479005,13.035867723388607,-13.069807075592728,19.379443104833907,23.078320276383923,16.801254181601582,16.471693468045366,19.34128683193191,23.655903129556457,20.917305486553786,19.80373693265875,9.062701410924166,21.12676032046929,22.520137894559678,11.72564780802178,-5.369987250670752,16.40386039161532,17.21822530617961,11.829847516634239,23.982847174076124,17.697433357889746,19.708759326606202,-6.028649428921651,17.92701598532267,11.424520811088227,-5.69838333582142,14.8627424943986,23.065947779437057,18.815175416765086,-8.220549610146227,15.890919412625879,14.974471177128043,17.50706722641245,19.262340315873534,7.679514735179247,20.71782743252218,16.4097814524565,22.2029374254031,-2.4995235980090467,20.17966218783666,18.88088425197122,19.223975116765995,18.832145115962415,15.577203780894918,19.453193590503822,22.887229804753062,15.654003704696066,23.98333776254662,21.489753694872142,-8.703396635378544,-3.3298611690833866,13.089394087520065,21.995970013551133,13.9879752075864,16.015546246020886,15.846147696988627,15.850070541633457,16.45215425464932,20.823021052021495,15.11626345910467,11.722111532975902,16.240537946680803,18.520131923337615,19.73080219780606,-7.005221318879588,13.357084730003683,18.063865442610503,-10.794165279384586,-1.2896241208721062,-5.943532122300364,18.23041385900167,-7.175988774098264,22.37231005068756,9.39656882115302,16.67873456105906,17.003116740153253,22.844440351987522,-11.232351955489937,21.06581096112164,17.845296115397606,18.13559238274218,-8.196089810035888,17.50197565582336,-8.734091570643468,-12.501775613484137,18.60961832778476,13.631472816587655,15.540398400021843,13.259187573538181,15.71318114404239,-11.264457223811506,18.57479209599408,18.789554645853382,20.508914529729136,18.511326010462778,19.56389337197306,-7.353580025569159,17.58713790200852,25.909117323190372,18.664923870981028,18.800023450965814,17.0409630022246,18.64775752321059,8.19945421933464,14.47310032657094,-9.292165007037937,17.11364682293977,15.529109073549812,23.84109018672955,18.87938767152766,17.332861802947768,17.57038390419276,-6.514819348290038,-7.213659083689085,22.542811986092076,18.348021402872337,16.049075629346714,20.700225522829857,22.38650601017485,21.13291287531777,13.71334546068314,18.98525479824714,-10.028245362199034,17.603367818072517,19.46896295804405,17.536374220793977,12.804491683236085,17.92911059322764,19.726248592314022,18.029011315895954,-9.50988553476995,-12.483855372973046,-7.975877101718717,19.836135479360475,21.622022350374518,19.658207260780053,20.728822287262854,-5.505057162330869,21.119778054652325,20.039712967202934,18.420565927222817,15.629860661981262,16.907825164473998,14.286097231534784,22.96010075133966,20.8215887927865,20.560490134082073,-6.420453167105481,21.0156792428574,21.126596195991304,19.133896396376905,15.336140407256968,22.37708164339992,19.655090777009576,20.46033802578959,20.52034583285147,17.337439575112608,22.45827370886477,-5.524275375138323,16.61971737781631,20.423804841816235,20.113749040476268,17.555210101804168,9.126363264931888,22.716022056557605,20.183697274547328,-9.6476799923215,17.308711204936493,20.92281223020795,20.621873257818496
17.96194109848154,12.455782951697488,5.6830815545573685,17.624855354741683,15.885435981991645,21.998541306125112,11.134587894824898,10.671627957739998,17.664532093015747,19.804076829996433,-3.5971165507568186,13.96271554464349,14.34677162947633,18.11049771832501,22.51674109022325,-5.984663746817045,17.12330126442636,21.326960601202522,18.075340433398836,15.808816806799156,-8.593299169213687,16.169469509147085,22.237433040590282,16.743674787047148,-3.6557885944186643,18.72487704301005,14.541730829505507,12.981964535385535,-2.8588430426608036,18.85389508684205,20.408528868566943,11.809557340560023,-11.35639204104665,18.648906230804556,21.71476679380006,15.140631788732438,14.97523324328423,17.823268413148035,21.517726798912282,19.68619358995751,18.374171649504845,8.139395749948491,19.58195695407681,21.230248527919677,10.967171032564323,-4.478134547223638,15.51156174929746,16.031683087671837,10.552425851770913,22.76218608403469,15.8917383884681,18.15537000173676,-5.210327366099719,16.465940142840175,10.914161542568664,-4.674864113938314,13.312996972059018,22.068877611772514,17.036303987629335,-7.580925213014137,14.368965408661726,13.687828211552546,16.491438741328885,17.185287718525778,7.425600045341242,20.146016062423527,14.75213857809159,20.074177224953466,-1.7356482808593963,17.946646922578665,17.326031731262646,18.643464659522756,18.146688689419797,13.999456519693826,17.500866287186085,20.859901268926645,13.984997552094729,22.5903902165575,20.02800669426867,-7.665835086951844,-2.374273389802598,12.939692807556538,20.851499459645982,12.121848434634515,14.895568178705837,14.422836936257053,14.378777544059854,14.841460199482018,20.074939925742342,14.555763246505993,11.066098975552855,14.915819396645546,17.855665548334674,18.467115298240188,-5.323952244371775,12.550266071193635,15.977084028953941,-9.30524245750945,-0.16056991355402375,-4.692161149943082,16.540814530119235,-5.701591857371318,21.18673161587168,8.285728864414052,15.057267394663313,15.730326172740437,22.08071572757688,-9.358244793417434,18.924358977333526,16.570457384340475,16.336452756060453,-6.667217560540899,16.740192641479283,-7.383814221278285,-10.86847133328855,17.935859568354452,12.795167805486903,14.208957830327106,11.78848681873898,13.918396291684651,-9.471300568286352,16.841231889871867,17.76391900921808,18.277315583450516,16.7938086763875,18.6011291893429,-5.805405705488519,16.58977216743535,23.99256112745095,16.950362290616432,17.005350579564823,15.62881376303126,17.056089742143726,7.473926697453834,13.211112403849281,-8.7537540133773,15.65560643325395,13.679210641536844,22.166980657740982,18.099500390898736,15.844963737190145,15.799095972362279,-4.873986766532348,-5.974948030588342,20.897100376464557,16.279194149934717,15.072070565003324,18.60742675547114,21.104253272582312,20.47252281384358,11.993819877335355,17.46413883185511,-8.19028936674445,16.399871836156713,18.237810057015203,16.77808484277232,11.543486738907102,16.65632460781802,18.96132766182867,17.334166269684594,-8.06766571291936,-11.289491757612183,-6.729646462981522,19.430518901038134,20.989818835496663,19.323917266919963,18.479944955117755,-3.860551972291688,19.022444916255388,18.531762248301384,18.324865652166082,14.426787438837,15.15251243780088,13.661083571183013,20.9513403530026,19.484808379504358,19.468942893013605,-4.830739766863148,19.134655255129818,20.18472804911541,17.614171056034614,14.21329183383178,20.56584770300624,18.674583792029754,19.161162618099453,19.488804378911304,16.310435587729813,20.69696598871905,-4.32748550531157,16.41749930295313,18.895108873255936,18.373448853193487,15.881166900183116,8.698361984156342,21.208983569151485,19.228392937270442,-7.940101938881323,16.31246440016516,19.5699890116152,19.955094167383955
18.926853377419437,13.335497777885724,5.67103551259439,19.3729036999756,17.417240727980793,23.39989973460246,13.223268466342718,11.978897667686038,19.36275854910205,21.68653580249279,-4.926330456905574,14.573392614542282,16.21795445512183,19.78620771098182,24.183791145582006,-7.090418227650666,17.872468042237525,22.018278222949398,19.13720746479117,16.85658201793414,-10.72415239418389,18.009327389243747,23.720900431701995,17.68180379809257,-5.641340369368127,20.6255850724474,16.32496327339692,13.354363512642148,-4.211004762824743,20.09781638521345,21.455924445011537,12.71344548019019,-13.373994021973644,19.768395084848898,22.357257589476024,16.548194230162757,15.769545527462776,18.744839442935135,23.42794151587427,20.26809976297547,19.160555070267527,8.851802657196075,20.61089716317831,22.585981254395232,11.908700801606697,-5.287684591421221,16.535545004748663,17.021347404284963,12.664337594890311,23.720253249583585,17.936134306213642,19.343098084684417,-5.949854847465403,18.348156083413517,10.849987373266764,-6.20422360815733,14.78163358083186,23.20411626883108,19.04797660534917,-8.578657083880076,15.798465102147855,14.671322665581885,17.005510438326873,18.73187776054079,7.682414187264805,20.82759464506662,15.935894212891373,21.47759697444386,-2.8164641732468634,19.59897089779992,18.83283766626659,19.435057464212637,18.884078389231256,15.690490789341053,19.221973732687445,22.682334599889103,15.320873492746474,23.69956437268998,21.598071021685065,-9.215122986200587,-3.620121629773885,12.805550907863111,22.333587215975204,14.546704878589487,16.552878068754637,16.11207440034222,15.644258506187779,16.2470164481043,20.346081698954208,15.145741237379443,11.922099135914333,16.212443872903062,18.825954319171878,19.778541580445033,-7.4822608726442645,13.178844035318562,18.000788804112155,-11.553625533321481,-1.716588450649073,-6.158138844640078,18.399386612737562,-7.748574576230322,22.28180556455607,9.530444025169505,17.24912366644489,16.923100705018932,22.602142846220804,-11.883401707529933,21.085259781915042,17.949212846462235,18.304497257007018,-8.779954591147927,17.82961538651094,-8.736014425004587,-13.203995323317983,18.036942089930474,14.086186590222518,16.08914706350776,13.393176692604014,15.3705889508265,-11.957148318959238,17.901092280960448,18.86306673424286,20.044691808436102,18.309643426506277,19.704189414478748,-7.677439756913722,17.40500997768231,25.76326808085398,18.22561051482786,18.945277285409077,17.38345922195688,18.22996997602147,8.35946003929004,14.282066780102799,-9.025097931894118,17.36810041739515,15.94312557871825,23.80256633803921,19.137992687612087,17.106172818025154,17.802606467035755,-6.99733272671869,-7.461263516038218,22.19069093916805,18.168603000966243,15.822090351338199,20.391619317847056,22.160429982523414,21.244563270089344,13.497012476976403,18.080211848204414,-10.516163433154023,16.993503058151553,19.841303800228157,18.037978164249704,12.976961427060225,16.866649671028583,20.031452459590575,18.09487426507009,-10.0495451911754,-12.355850214459554,-8.663446258516245,19.86669711471611,21.60097231356455,19.95127256816138,20.62686062054078,-5.756639453936067,20.54265355523731,19.864785723658024,18.559194940009025,15.119093778323423,16.760102761087527,14.055839705761215,22.219944604572635,20.665535970555798,21.023242672828253,-6.83425054212141,20.524778068800487,20.76292393022312,19.356217190904182,15.04252553736794,21.857544554975163,18.950678378538615,19.679093570018328,20.7619543332001,17.724197543687158,21.700803638832223,-5.8169320826772575,16.788213008230226,19.933525611820365,19.936326701985088,17.20311660270099,8.950809728477145,22.356407648327693,20.457860394513144,-10.25381581815472,16.448733122547427,20.864088008009993,20.946542555440647
25.312635582208653,18.26832810890794,7.145542774310037,25.861413617303427,23.796014737645635,31.651315744094948,17.787094339391032,15.838777555939927,25.61952869167628,29.099966711746237,-8.852284976282526,19.347919398559448,23.071451179154977,26.142337408677715,32.24412838003493,-10.801493753759793,23.191156159097467,29.33098854060021,25.43912730978891,23.29631697986818,-16.265651634579076,24.56174682955922,31.72995713687842,23.4943879924488,-9.126041688932128,27.67901964314198,23.11946969480067,16.93482446228477,-7.738119927179145,28.030582036601277,28.269617563642505,17.568873050656766,-19.562003541663554,25.977396137285442,29.913115044096596,23.347839939381696,20.817373567698148,25.985384086851518,31.525571247070168,26.644424155873917,26.173034655260746,12.868015200821715,27.623867694334304,30.286606334874467,16.798836489063298,-8.280058794369285,23.12909683480731,22.621932548260258,17.001143885711038,31.444897665590652,24.134271606788634,25.940299623491928,-9.619337244144383,24.86541767700258,14.631046438152671,-10.293460525982724,20.460945904736636,30.871292130745843,26.21272443166641,-12.213635780813915,21.335261342798272,19.637476509099475,23.26120964074779,26.369441924508617,9.996618101796486,27.673824626967264,21.995430820598497,29.028969269889934,-5.583507207080805,26.441916992022335,24.701833571576625,25.743772805842745,24.794192009509075,21.763486052123127,26.70453804726245,30.329911146480324,21.063958025905155,31.25680948196566,28.69448993548129,-13.59649853350746,-7.367176635851492,17.637844503233232,30.137676956381686,19.777797747484712,22.213941074172492,22.533676076968337,22.0265469598174,22.766006929953026,26.65418743661724,19.698773538088044,15.171595906492078,22.721431648187313,24.396295861108044,26.746078175633397,-12.156362086235003,17.562097942876147,24.942384127377803,-16.36156754532399,-4.699054907552027,-11.00228777518319,24.84158143930053,-12.391091682006106,30.26386307489269,13.032028089839041,23.18674816657377,22.763091203808873,29.31598530902079,-17.567464514248083,27.949008320477535,24.322976757379834,25.17039203140781,-12.933255519377875,23.863193071389567,-13.12978571597416,-18.618872721924312,23.690335184372607,18.503084456800245,22.374103811288727,18.18687475982957,21.096501473751758,-17.242509270271473,24.958547186169078,26.010766871295342,27.690147147824458,25.418856726927107,26.290099717914607,-12.040787603044093,22.639360530562406,34.209042338193306,25.431477877754087,26.07178746671276,23.710164585179594,24.853959881524766,11.317055082286435,20.121851611025523,-12.808605782713192,23.08589527571734,21.889829791599077,32.13968054722338,25.95348920053803,23.899773083661195,24.071163252848645,-10.600223680536649,-12.114415105998077,29.626769892097776,25.40172681783685,21.639445132893822,27.62486633716293,29.40799046094682,28.20079228393547,18.456438458261914,24.455656119991318,-15.632379764292692,21.916149926364504,26.987655883023137,23.674579073621704,17.73412772946774,22.639118538275387,26.41899610761208,24.36618208487844,-14.608634292674749,-17.265327410221587,-13.424285655554606,25.98613787957183,28.054992346179244,26.053068026688738,27.622022943486108,-9.954624079612913,27.807550649011294,26.359060908542858,24.2063620076456,19.843640447327456,22.8994621550888,19.53235820075013,29.789891429785783,27.592702105544316,27.945983554090834,-11.048701604355688,27.681120800524933,27.09849918848684,25.966340433313132,20.778250023519178,29.209980875028865,25.297567997850845,25.956939839880388,27.504325269120738,24.546417318548134,29.447470731380694,-9.456249977767,21.81428163770058,26.37284913526368,27.274512530668957,23.306478551915,12.926224174329237,29.338931734709377,27.077822634839663,-15.295144769609887,22.0451911309132,27.975367539741136,27.63383433632882
20.26209175724609,14.355479129077898,6.109916652267538,20.500534104643474,18.64206685917048,25.179810542807616,13.61949035328254,12.396696521868439,20.56703936145154,22.957017267801444,-5.626816515131026,15.64343414768367,17.485960190343082,20.987924671777204,25.818021624258375,-7.799860261736829,19.017955814827623,23.753434811166642,20.468667934627103,18.15871355792075,-11.437097628387656,19.10597963872719,25.3995062332374,19.107295424785427,-5.8985268284607795,21.923862492581502,17.50442835283951,14.188660190770207,-4.788708837413217,21.842815568547557,22.76799671130089,13.750252924514797,-14.416419028120648,21.22563132588228,24.22331897916969,17.90845860068844,16.982287889079302,20.456466986471355,25.00317458132349,21.918927906993463,20.67504874461173,9.596497137780036,22.281545783444486,24.278885041316254,12.842615864594775,-5.930922503690686,17.806618960871237,18.15901342436206,13.107189476436327,25.558813547888636,18.856117255608492,20.68211765625141,-6.782084154933103,19.52186137761663,11.893146091986138,-6.840135424469143,15.705087129868682,24.944398775225984,20.28188046914227,-9.29095910968284,16.620819509934282,15.843801346239792,18.48605668129165,20.295237416022836,8.148154817548548,22.52965389677553,17.181654469809544,23.00511528469565,-3.299353915186613,20.997402553154075,19.80386290927642,21.0122868766563,20.4364779811537,16.737238920205684,20.587389441080926,24.078998080890305,16.431063243127237,25.47730233292235,22.96042798625914,-9.940839095953747,-4.14650886657261,14.170431345732187,23.935398078384807,15.091938558337944,17.6451444683078,17.11450973084633,16.880130326567553,17.59529720493089,21.917415694656597,16.39184492610411,12.354172301388516,17.489907985906548,20.12884152709229,21.21876726241467,-8.064427683506393,14.125386126616887,18.97129865931595,-12.112814327299473,-2.127158144039848,-6.984080894751604,19.28615833074979,-8.34502073445676,24.048700176243294,10.133943794802645,18.105950720745827,18.1061823051333,24.382097689144327,-12.527751220904971,22.268056030287912,19.37498577805276,19.471591333439505,-9.200750263184714,19.22338652556586,-9.453629574728737,-13.828903786642774,19.633730846752258,15.073949581231437,17.159261469384266,13.848724156763803,16.551292933995175,-12.518058026720656,19.483638582046844,20.375932758910434,21.505803752499745,19.592826430838667,21.201856221626674,-8.175962456901154,18.65896988022307,27.400618506363774,19.70398711580238,20.182676596025114,18.429950337484538,19.70021480287959,9.008492834558202,15.438609902115974,-9.932946396229763,18.078651108073895,16.482558400205455,25.413837502732786,20.556752817799307,18.457499834497177,18.770261223178856,-7.230689156352715,-8.252591665422843,23.823616803324057,19.409065829942392,17.0156187203499,21.686976379937967,23.72401386286822,22.82714152111131,14.468141987396102,19.690047668261382,-11.17342571815515,18.108671879215517,21.108393450422216,19.319300149570665,13.718760263609544,18.51611208395215,21.492551049594237,19.556852686738228,-10.611791101592525,-13.256476902208167,-9.332040190472775,21.428331262777757,23.231400245882455,21.52979268970083,21.63071805055644,-6.410520511609025,22.021083501399684,21.128701764964234,20.122135078905877,16.1371957308223,17.76917010003765,15.251679717322835,23.775219906639837,22.066413194969435,22.465214872213814,-7.2908097712622775,21.888680847573475,22.405665506005544,20.511624953517174,16.22392440708939,23.382266257011842,20.556189585311323,21.23508377890651,22.142398314877482,19.047307299391775,23.52852892167407,-6.42231888101599,18.18151984381831,21.339187826789505,21.244166567326445,18.316397662180314,9.914616442234877,23.761119159373248,21.891662289812547,-10.894772413974675,17.976490275719215,22.32605150438709,22.482048860063994
20.18222873167911,14.518729384325807,5.875375546467291,21.13713910197788,19.239229091778167,25.908101808779033,14.702151345287911,12.949225250878854,21.27293741801469,23.908927602040542,-6.553295667334392,16.365942060729754,18.569112477226824,21.891442207370552,26.587388542497663,-8.670643939776472,18.928700579903637,23.53907437389073,20.946495751144774,18.670499096705583,-12.814293607552537,20.093769978020294,25.846423988062124,19.177504947521992,-7.167457601403977,23.10396268830537,18.729243605947534,14.370543147263657,-5.73494421747585,22.61500804273205,23.149746032037168,14.4842789724261,-15.507692791736519,21.051586160216672,24.579280414591555,18.60717695868235,17.534438901527192,20.93049663809108,25.905274577505747,22.15590310100031,21.14321702388001,9.936887661259725,22.897729087235156,24.625221356576617,13.186206910697189,-6.449286316295579,17.95783385788367,18.469193116354333,13.869807116064143,25.584433679300567,19.877644970308076,21.339051684246773,-7.558052661705668,20.251169601662482,11.799820715119836,-7.553482010660488,16.7661825149353,25.06328246564768,21.31227015233089,-9.7395456942222,17.412323738115717,16.282935958076923,18.772880301695846,21.287038230771778,8.120404993406671,22.302505942993076,18.033875508066195,23.970475859131945,-3.7057667869609294,22.11194073597476,20.418078733097587,20.809621630180157,20.303729148519054,17.86519476737796,21.61231226283307,24.998091765498945,17.43013213956842,25.87174923320866,23.542460556791994,-10.662074423978602,-4.808551285325023,13.5993130581501,24.188292930208025,16.396877547061976,18.241943422858448,17.826714153869418,17.581012858447608,18.532019909180345,21.721637552834117,16.269277761060614,12.483882731406467,18.09173624023185,20.00102579855979,21.57498361181353,-9.419815558379739,14.154491680673711,20.116436346790884,-13.145507076417386,-3.1618835954700675,-7.964161963469546,20.295558443985804,-9.608611793612761,24.147899043321203,10.717425860680201,19.122364382818613,18.453545871136182,24.136981667946188,-13.932423643719515,23.41140989582674,19.96665792054885,20.457332914564855,-10.349093494474952,19.332567445302523,-10.441627601819915,-15.06861876349635,19.416892545329,15.38903674418781,17.91265191513451,14.890084972300688,17.363950396805674,-13.846412985332194,20.171350324433018,20.57293505113057,22.727951475803998,20.391750823290682,21.45259042199143,-9.371282492423765,18.97821257316388,28.141322396511068,20.284316628135247,21.18182667869743,19.081259916409373,20.520884936762254,9.105461322731848,15.937602113100288,-10.254868797526395,18.864807329068558,17.60076387479691,26.04941177248534,20.43790152190947,19.043028501282453,19.86072929001579,-8.398828231165075,-9.30797079015656,24.45694212597723,20.525999025952984,17.15458127084439,22.931489212535638,24.080697171127145,22.522752963719725,15.320054328725982,20.122184623714528,-12.663939225790413,18.71481169122041,21.490882543904927,19.400057888195583,14.455160553184053,18.896317768306492,21.41524328225243,19.273473022805543,-11.752714042318404,-13.95528438096163,-10.441947714854551,21.022900865351893,22.877223763852,21.02811683644463,22.883133293742066,-7.808054294443177,23.126702096584044,21.751710078865166,19.446609963130406,16.50221876831141,18.46346883342921,15.278889274837473,24.59774979584599,22.43634871425551,22.78709924832136,-8.539066464687696,22.712702131975202,22.394954392995686,21.134446506257653,16.58802778192191,24.063846117412353,20.6640723357615,21.532983184389558,22.256679834237065,19.261688349558636,24.150266252117365,-7.353495052818226,17.65726215905304,21.889305471251095,22.035191128276715,19.201196640548744,9.946012151204421,24.1124804692913,21.97154400010222,-12.2876211060304,18.246749791612302,22.89732506134348,22.177866336266305
21.16989143299081,14.993046088825489,6.054301627540657,21.92850260414807,19.79881644736972,26.226838020825586,14.92392667725483,12.880059002630198,21.930918431941613,24.274222580435442,-6.338173330445863,16.40314066216177,18.59169886029619,22.04064994813301,26.802376894862217,-8.437733903239618,19.57988160153228,24.629792325538553,21.0023075426609,18.852751450732388,-12.695530099643827,20.214635538638195,26.45127300187612,20.089571778316873,-6.846866605443713,23.34848491754626,18.591988630149768,14.604558341445358,-5.683701022318296,22.58673103884639,23.52052669202865,14.207444914113076,-15.511167951180438,22.162204753999454,24.991940335767595,18.56017219432393,17.30657186231192,21.008493335939136,26.263572437477425,22.360819698208637,21.142135931699684,10.00196661629236,23.022655988656584,25.416554674844306,13.628693605235648,-6.310061173943955,18.503946921229684,18.967895949828602,14.483026983109507,26.454095671274512,20.350144725234614,21.736989062728433,-7.2182665472421705,20.813749050774668,11.786789402219227,-7.507592565109231,16.586568773798238,26.13390742933825,21.64291550151745,-10.10444893736375,17.717472279915604,16.418593999182765,19.15839732463255,21.14900005444569,8.544981411467631,23.44582632433432,18.063796760552023,23.940047122448075,-3.598964716057189,22.005705628415928,20.577811329169588,21.903630113589426,21.27323947823582,17.861141179925557,21.75050338860162,25.121380532252,17.41726173272782,26.383468750862523,24.08327524887241,-11.017657229123209,-4.5080900431678534,14.18454779149953,25.228821673073924,16.68578402677385,18.882866146309414,18.18678080437426,17.61726666808416,18.545552278881825,22.219248411488678,16.862400824713873,12.897513424515976,18.22214647760439,21.12925854428873,22.288861447311636,-9.372124084279713,14.282415522832865,19.983516101879097,-13.503809249422746,-2.9483493142442665,-7.7092378832155,20.444584049243808,-9.533522854622454,24.827132227160156,10.892342716269269,19.59331926202456,18.60297021548059,25.030420115511888,-13.915190701653122,23.68701816061145,20.464155519571076,20.64791699358117,-10.433754587483168,20.15466405857749,-10.124579869458355,-15.369615245502105,19.76869304218839,16.18319982815242,18.576311003336905,14.803391917864145,17.2203023593129,-13.939728308711736,20.070574443601796,21.356340274239063,22.724874192575168,20.466688972918,22.292688631621786,-9.112153654585036,19.510975384167274,28.589430779312085,20.420327786348526,21.363021230087526,19.43045166012453,20.469912768802775,9.291696177268225,16.199173236166917,-10.168797490909066,19.175516757790522,17.65447223330082,26.5556353795263,21.305249346753488,19.1480282390436,19.98979364283109,-8.222286936188324,-9.27422730677654,24.988089088076492,20.391991104146662,17.56591110564247,22.992999995975147,24.46224840194537,23.533073410357993,15.325959330220885,19.996466356987764,-12.494019564374774,18.74702350274174,22.274257773813815,20.52701318565665,14.45938710845324,18.904341544459864,22.445443079394398,20.063666059859944,-11.782103339496727,-13.82346942908362,-10.528768484172813,22.060634961411683,23.87011351139318,22.24950400449951,22.86917515635468,-7.403483345654893,22.994821787040788,21.99986828160501,20.657900034994796,16.485588842924127,18.452146188265115,15.82425831483155,24.486095330269688,23.003792818549325,23.820729337994482,-8.231655321300286,22.845633220322394,22.85276281489047,21.50917785856088,16.945124741173885,24.166779399543543,20.899321581322102,21.581887424584412,23.20550371815455,20.126341940582495,24.395378504872102,-7.189608339888435,18.76829567117115,22.123234520682455,22.175927598999795,19.124926318763755,10.049866283716554,24.48009676529228,22.832403013153854,-12.275405011977854,18.18034694068952,23.542558841745677,23.30951296370204
20.573224142760747,14.597575336300192,6.324621537529184,20.909568780845248,19.184664628498044,26.344155314596517,14.290095595663182,13.352645487229251,20.908220060023286,24.12536219546206,-5.6267922330831,16.222986654665895,18.312474728382742,22.163789218466203,27.146516050185088,-8.023224859387648,19.717857281120928,24.3895221478319,21.83757393358013,19.419948325734484,-12.042843860026837,20.227785457921378,26.370790564012225,19.160656668294084,-6.184590647004787,22.593897566504445,18.66711935954457,15.117727996112894,-4.644723506231061,22.85859329314072,24.024386425524455,14.772018000078425,-15.045952543654783,21.39006711995132,25.26735673550517,19.08755530896941,18.101682251944982,21.45440852155972,25.974196454948192,22.99257312036489,21.869432427531216,10.038033745224993,23.280551847747454,24.79491614030914,13.153674196030481,-6.089501221675984,18.562073587648506,19.195884076501798,13.182978507362293,26.168378376308173,19.239083575040002,21.401268338697296,-7.007229969463391,20.11646817417935,12.851219147314925,-7.031835266654478,17.012681482080673,25.45567643549765,21.056373508674586,-9.485885987636363,17.252042728768313,16.463581780235398,19.19583435356429,21.359920186675485,8.507406367495816,22.83336585624854,17.813789242229877,24.179550186265654,-3.244884642173947,22.028059669818624,21.023808201595923,21.053873443513346,20.645304219082345,17.608143145238653,21.7972158109138,25.57211887515984,17.226486319866233,26.402562393559954,24.018119886941705,-10.03397404520302,-4.512012055193433,14.726315607321968,24.468533794487183,15.500369540744616,17.884147402229186,18.040490664279293,17.720274512640458,18.53506786005757,23.03291456453075,16.566766154419142,12.98133936600998,18.58992498824266,20.190277277826866,21.97798432962173,-8.150415646174132,14.961820801652337,20.348676833540416,-12.418669136391491,-1.995774625670327,-7.166872370335649,20.408390714509522,-8.559362246692839,24.843748139264484,10.432642422111394,18.56140717900207,19.156031815119025,24.99338228093205,-12.902775745619087,23.099261602561878,19.90492624107313,20.496504513274793,-9.22993200940405,19.578821805066305,-10.11176010712802,-14.174039086311618,20.418633381899756,14.794577952299715,17.266526236231247,14.813183268703726,17.31479844475528,-12.992547984271507,20.44483128680642,20.85010195469722,22.50903890944528,20.868155616591213,21.38598085337515,-8.62963635676651,18.881147678180742,28.571312963187168,20.53962081261111,21.038992337189388,19.21676879147876,20.813897820820813,9.1038306392682,16.23778553928153,-10.669623852224422,18.993804424456368,17.471641904707074,26.538393973689,21.10171225931986,19.47927261731174,19.81425091082105,-7.536285048258546,-8.302296512432036,24.469599966204918,20.61994057967218,17.837768070160926,22.698838209431173,24.954064728637064,23.590052994077904,14.968279870441927,20.943415029238007,-11.513589969707406,19.059986443039133,21.54861243252701,19.14991054433216,14.737232067954901,19.4490613354848,21.732865974154596,20.004473175764467,-10.934163132628973,-14.0723064076049,-9.441506730449602,21.748760579545404,23.73862801158366,21.760526912659163,22.84254636013174,-6.471341713978579,23.167232960654005,22.334886360523736,20.166743861203244,17.33740916984348,18.922293414445274,15.741945282997662,25.188687423155905,22.840113573939362,22.596902505222708,-7.759672906429287,23.08867058776514,23.389621079332297,21.640626661760656,17.015863161320283,24.673955624213864,21.85627149393037,22.61600893999264,22.58648540634566,19.487894644405827,24.448108984958402,-6.360215849029972,18.144151148545923,22.092459635469524,22.226064993968144,19.605858685237205,10.53826115776769,25.296001719626346,22.657162701381242,-11.187396033263338,19.193783583019606,22.92697024036886,22.875478872400382
20.601292576521416,14.496602314040395,5.8892689468500885,20.52933545947225,18.8487948697843,25.134270100845043,13.532158800471873,12.175341878433727,20.39373996859582,22.957337460652568,-5.706535800227386,15.694162587190258,17.525577822408096,20.633432352881226,25.5050209655766,-7.672626355019291,19.00728803835252,24.270595614402758,20.401753819382353,18.459661153833824,-11.607225022051347,19.135325167354562,25.410964961501694,18.99627828276246,-5.7628248269652635,21.763297325704166,17.65601962091576,13.929075138403531,-5.094341928418699,21.913223310754745,22.875611385404266,13.534323926106305,-14.435267206214748,21.081220040140863,24.35276398386079,18.030813074009483,16.523457850217497,20.522383736111372,24.742932697475666,21.6355786957432,20.832131486179414,9.788275389778942,22.000713392997422,24.248785871586147,13.079530579471635,-5.875252566600299,18.486595288497213,18.262754185446372,13.03581092457132,25.52456459337516,18.835736379882373,20.729532758291246,-6.824266315657492,19.53855329095846,11.87780543233248,-6.934335562055817,15.813971520039951,25.16025718110678,20.40851511618426,-9.416262998186232,16.988323299558,15.326395697649733,18.964089721558526,20.396378488023792,8.399091937160017,22.84213411121369,17.156742799348887,22.911513760149447,-3.319399225613851,20.497662443828947,19.630243232617115,21.127247109440045,20.27311917295789,16.67497530355999,20.71882365983003,23.894356355560287,16.57333888992789,25.23498432198564,23.035235942569447,-10.130188471883615,-4.5805482320498285,14.647723475172507,24.28497422223569,15.013235563136352,17.595362684537953,17.50567917848858,17.148401690078202,17.626649299711357,21.98628819312358,15.91729172889162,12.407123714890242,17.798627381267774,20.066666746531386,21.485409428162402,-8.141623216511984,14.163418331694109,19.07531144917997,-11.989338940891077,-2.284735303795722,-7.387971197352021,19.462556009918863,-8.444680396437988,24.295378612167305,9.867071015072051,18.055229220968613,17.985007435060446,24.255734380149175,-12.59065331736776,21.877926935214155,19.139426055887572,19.488153594285144,-9.117407087983818,19.242341508352215,-9.43056462707758,-13.887184046332106,19.450719227326587,14.730942580465815,17.344346502722818,14.160535640622115,15.991224019928463,-12.434988462634214,19.403853498735074,20.893629201724778,21.473392038298382,19.88177491661141,21.329548093135305,-8.30109293211981,18.43306852776498,27.290338767013687,19.859484141511157,20.169598504364185,18.431665026908465,19.48709843844852,8.682436861976134,15.751588703135734,-10.187700719523193,18.17634772752205,16.67713257779375,25.63606815242756,21.03827361151781,18.682773372127336,18.702604438447754,-7.113335505129183,-8.598461667457384,23.802248115358214,19.495680524744877,17.27391071058258,21.634345770864154,23.718255052354856,23.234083488553072,14.177116558601263,19.503315081747772,-11.08421715487197,17.998455955204985,21.477567006625925,19.25566715506047,13.618131729293845,18.369912369053942,21.549770344577155,19.68938526708972,-10.478717316753698,-13.46139782205646,-9.59764936112448,21.655763704346196,23.20742992519428,21.574236228952635,21.428953607098315,-6.287555444891918,21.732768782018972,21.187921130582556,20.26338666020923,15.757258574043334,17.760150878467392,16.026085212755387,23.603888191510727,22.251649999600705,22.457645552502107,-7.320511162143711,22.04771579200603,22.124776601743616,20.44025216915027,16.74585984011668,23.253408515354916,20.821645573300753,21.044824535870994,22.19361695253732,19.590748684671315,23.567655986623375,-6.413021191836998,18.21224759759614,21.218213965737075,21.366698963636107,18.199504681193098,10.363294186778141,23.756393718334415,21.991595088289294,-10.838252473611737,17.997805893276116,22.544360810467122,22.592145801932986
27.416894003511867,19.645489187865998,7.493785900430505,27.947262308997175,25.457952237867374,33.79408871014488,19.30460924326869,17.088267722438953,27.82908905589291,31.10338497446446,-9.515586672634543,20.42449130521333,24.69412399992927,27.89444132119921,34.13953144222061,-11.725722902182207,25.111112610805204,31.793203434317675,27.064176152871106,24.96087831519254,-17.631702113338797,26.36133107106536,34.12984984229898,25.54729587244606,-9.963263343209949,29.523965596754618,24.690558082159367,17.83122643362238,-8.577923117700998,29.584709383706464,30.04351907643607,18.72108378817027,-21.2531925651914,28.233877232911144,31.77191126253477,24.820187091564872,21.62486623326811,27.545105269579455,33.53971100778794,28.243371168551388,27.786756645617587,13.726965062946716,29.371384833574805,32.69345660025495,18.254015447446836,-8.89468004160994,25.066881872129276,24.15091587478838,18.593204323189077,33.66986436349433,25.997278148714223,27.53456379702192,-10.292704173320658,26.877854032702906,15.458495280710446,-11.408591719631024,21.74251160886554,33.449826122092986,28.23593303395334,-13.543097968666814,22.68948773723315,20.87425682753218,24.710120879195458,27.751797141795837,10.918190004892038,30.076295631433236,23.275091240823905,30.571072947592214,-6.115405072165843,27.76504052986487,26.37085575260154,28.057970071050296,26.821021710668493,23.441593645960065,28.427187640721236,32.25941880950144,22.155570486328507,33.49362529921832,31.01244782173119,-15.08769174212985,-8.05458619206011,19.01594385033066,32.68362670954868,21.388937458283316,24.257468234312782,24.465870573337707,23.47065759503065,24.332833427330748,28.460938898054007,21.347226116263002,16.46679717834754,24.409782382901017,26.428576013399137,28.766115632997742,-13.261283652024595,18.668696013546437,26.48858120001697,-18.017637776350647,-5.291078652034503,-12.030909131434703,26.76726678056428,-13.719170020554113,32.548344769681094,13.877205221621306,25.129187450779508,24.23421036179804,31.533560009946704,-19.213249210507335,29.800610450616006,26.31321355820436,26.946078638879,-14.178863632902237,26.05680462144022,-14.12756811709054,-20.390798737375974,25.326691294727304,20.218839811827518,24.40941531378954,19.47816295782011,22.27768935208508,-18.840429301173774,26.285672592050407,28.16318357591061,29.309910180940715,27.08509036591354,28.527077590485792,-13.000962068675248,24.263615428484425,36.54111336626194,26.920058154850235,28.072385070257432,25.59786455877626,26.398029143555256,12.26623278060801,21.51194108485418,-13.653062730382992,24.789804613375303,23.5035512018225,34.44768043927127,28.149388934843,25.56503702728511,25.851703718223714,-11.52479177259901,-13.320698061875305,31.590958561790668,27.06856803684074,23.121755828087526,29.417813273618265,31.57686396285901,30.416248694498623,19.341094889331767,25.48276594278877,-16.992331698598722,22.959075043661656,29.33415471803599,25.86980238223391,18.99917534142428,23.66697330893407,28.764091737223424,26.45656276109299,-15.998297373538186,-18.427831982817757,-14.905184969722601,28.204536374692207,30.26659221799526,28.38569988918031,29.39202907710129,-10.753522798668524,29.351851767620246,28.172868278633814,26.403853172860053,21.009946040479594,24.303445024674634,20.98316640988237,31.345560154613004,29.39503389059212,30.442370927121907,-11.999151648072743,29.190898974217,28.983835187402356,27.920186179043395,22.20654474737608,31.021771086749773,26.74996621444453,27.408748216889894,29.779772991084037,26.666523002067105,31.058580773567066,-10.314533637815618,23.832478617953637,28.032663477270518,29.101455734302874,24.618327517887494,14.052832648846332,31.109033417420925,29.282968536549447,-16.768040918469787,23.144383774898987,30.121161660623105,30.086767079403163
21.073349393449753,14.947949821111449,6.276394394956943,21.338754185054864,19.16472520527059,26.396628805997178,14.27565872711085,13.207607031314557,21.309567159202746,23.996078881065618,-5.889560552940725,16.49020950874592,18.153011375224754,21.8199739145185,26.995271338675913,-8.316220316620768,19.85288815179205,24.63722010255938,21.3525100967156,19.159074073367396,-12.029752555800368,20.02994765150939,26.496637243543756,19.77893789779065,-6.308420043064753,22.925546720939305,18.344676599307167,14.960112165450582,-5.1789349594001415,22.915918833126224,23.923987272658724,14.559370483098153,-15.117887488512896,21.80694978335408,25.476674390124433,18.62858712670877,17.62382873547044,21.34830780368712,26.04764646781988,22.855566591485317,21.881290357172457,10.0856415405827,23.34768894122537,25.2983567389699,13.430097088088898,-6.203454997673282,18.61757279883727,18.89559471510615,13.318120365784731,26.636395090121724,19.769211445791424,21.731903854935158,-7.233509497560899,20.028666159719837,12.451356137768823,-6.969993450394246,16.48919001173315,25.929335945639234,21.039740517805736,-9.633921151572958,17.502084453632392,16.44421509315979,19.424637261437873,21.181695323530565,8.65851770500623,23.438450999124715,18.08490235163449,24.27396802540756,-3.1900947118089427,21.911318543226624,20.80071214292864,21.771211022307618,21.053977559099813,17.606222237655565,21.620022747167255,25.159854195834587,17.127908119037777,26.62531346049486,24.028141072331525,-10.325160805316886,-4.287106632867441,14.74914401605553,24.802317751034433,15.5465191428704,18.135529786080713,17.955888393090014,17.619843293968437,18.43332392431408,23.023769020582687,16.947162166104906,12.93122286407928,18.279492628804245,20.735873455900883,22.01066028461063,-8.41930803447922,14.540910325769376,20.009395962581365,-12.45867212541884,-2.094415203584285,-7.34076575782112,20.365078941406548,-8.688866454892464,25.12322211828727,10.291385586236723,18.68440938182824,18.71826695089831,25.378241310119872,-13.099194127936952,23.107381581670374,20.067978588873604,20.099778338965965,-9.551880523280657,19.844291162507822,-10.001706432781976,-14.349968160649132,20.59732265016356,15.383306070675562,17.699301603977144,14.82071363521795,17.24165454948589,-12.930724635754483,20.45370335102404,21.26532538190888,22.627749113370864,20.53801107048819,22.085746994416713,-8.6816369034624,19.462116251200733,28.676214754655355,20.556969682068736,21.119893645617697,19.09544156012627,20.672781746567544,9.178798311891773,16.224707470368887,-10.676187935522346,18.98410939460908,17.387386329298014,26.50166489604353,21.362228230632276,19.401312466191058,19.441011362374383,-7.532782364219462,-8.880230404240711,24.95082307697641,20.34732599485282,17.935847212548406,22.86463208040757,24.941320330782215,23.655708316460874,14.82255374625797,20.545030007285668,-11.682138580726305,18.904681979303508,22.08467793337749,19.8008958422446,14.24831991075423,19.477028702115494,22.227591376520326,20.295149280360935,-11.018712858230103,-14.099220811192987,-9.663338359567229,22.327793797324915,24.192896443657045,22.207628202072055,22.863068582155538,-6.680628381699657,23.224161775527143,22.125658506026024,20.85055990393317,17.102779388389404,18.6407100874063,16.091425642316754,25.138950351503855,23.00513831245703,23.203996287403054,-7.663679363176893,22.915880864820608,23.306228330629473,21.280319250475124,17.026680541196516,24.673528935830387,21.517143272618473,22.32513160393687,23.007534608750525,19.695193664467585,24.658093653091484,-6.649905789891481,18.748454195196985,22.506970766306356,22.332427620643585,19.26380555573558,10.410336397510882,24.7922025566986,22.622187420345988,-11.290953668523011,18.847964857018866,23.427779401950296,23.263677127740394
21.990461356468032,15.81547133078745,6.480226401278389,22.951871294006892,21.29606318052578,28.1628634801583,16.265160534150905,14.396036537075119,23.09557564518406,26.166284102476805,-7.651475942365884,17.000927869081405,20.777078208000432,24.035336380983964,29.109669961109503,-9.618980703019643,20.688533796663364,25.64346819788035,23.129343216973524,20.522403769298247,-14.524776848085352,22.21063490975128,28.302419544552343,20.720707172104895,-8.399707064131395,24.80224465650422,20.76816008300875,15.295399616046073,-6.314582585260973,24.696349411436096,25.04072901337003,15.937704487337014,-17.56220684596189,23.26249643076032,26.21443289199879,21.00657221337621,19.232909377601803,23.02527673314688,28.30394422086236,24.09056696367137,22.954603278834437,11.22352291969386,24.728963652302568,26.754548605519357,14.430306909123969,-7.443771241482808,20.02040474325199,20.25560553166593,15.635044948343703,27.65225022221798,21.39309336475621,22.739032971418137,-8.461313466374925,22.6081014183106,13.100415434054797,-9.34894383653472,18.514526172485006,27.19073816963476,23.49812040809757,-11.094860294837162,18.575210944419567,17.952898991066032,19.9559752842988,23.50254731237694,8.579716183533547,24.073892982767983,19.349479046141298,25.76352989307014,-5.07471766345229,24.091458968815335,22.424453525515947,22.525086959840763,22.164126513333258,19.592835774252404,23.722270473996662,27.576195967553645,18.818863698293235,27.960783633687573,25.767821634249586,-12.06831555308275,-6.326077644271535,15.013051733669984,26.524728495370592,18.149212256575737,20.165157974704133,19.886560685158273,19.431205007460484,20.41808556521247,23.52470304771365,17.828210640760396,13.720298281371745,20.233894359328666,21.65694727360291,23.6998965063288,-10.825311160138309,15.978934137501613,22.29524911898777,-15.161259081049918,-4.2136479908218085,-9.407637595553249,22.153292156580218,-11.18714143561966,26.471748647116144,12.003597084102418,21.07758793653049,20.784873954051992,26.079855469969345,-15.816710118246244,25.5501112819012,21.991764171821604,22.898414237244044,-11.729716274753708,21.357876268259787,-11.844047082353974,-16.894977117256175,21.05199504191173,16.836559896155475,19.776261489784776,15.986161028039557,19.30896077467268,-15.902310591641728,22.13077774305919,22.51166393638657,24.54585212813882,22.57344920213044,23.077195692795357,-10.744747650059741,20.135009947984525,30.598998767903666,22.3750896650817,23.38860065446186,21.436652713212276,22.455531155927556,10.569745893579775,17.56640654570538,-10.979379117385509,20.58886873772261,19.562298762622955,28.5616827993929,22.692032848815153,21.101556032034786,22.09572398902101,-9.786188153817227,-10.182423634490194,26.112945787250904,22.840054029341253,18.925501747760677,24.61670941375765,26.251241043701654,24.788117670940814,16.99382440493748,21.971764857978688,-14.22433551814583,19.738843593756553,23.537522470799296,21.11674708965392,16.397220949173445,20.027359371363776,23.385919398729328,21.44971669408644,-13.473401758994964,-15.07815498767991,-11.897138544857174,22.627068056414657,24.797610991980797,23.07982029958381,24.822061576220076,-9.014076979779844,24.961249427262175,23.783882220374938,21.080346386401068,18.031183578077677,20.632554288861353,16.327344970424242,26.523951588949053,24.288065055949456,24.87592497709936,-9.984473262912374,24.581276265704425,24.496092984089785,23.634129572752627,18.008835854449366,26.073111217738873,22.385699152608865,23.36314252903316,24.347313976080095,21.382328020135507,25.898725954968878,-8.30065719189614,19.24434400241389,23.28265332940652,24.09599360585001,21.023093505539364,11.116205206480325,26.464844467885435,24.265399628245426,-14.02497271663057,19.65343771676124,24.535911438506055,24.457466307719823
20.57695540894833,14.511688818040529,6.0473657945521975,20.777769733205172,19.04293304892759,25.518869069253572,13.93336507454132,12.582720590834208,20.825129654280236,23.39574242849511,-5.858281094942491,15.950829838014583,17.871720745179896,21.27305763561536,26.204501089590508,-7.997056972860565,19.227363241258914,24.028640200334923,20.787152606341596,18.45541547513327,-11.830009352007243,19.485199785034027,25.753029890626276,19.151724717445955,-6.217510688394025,22.332161466835423,17.91321372997032,14.321587479222352,-5.0229649652086525,22.268354474626047,23.1074341159266,13.97822571796963,-14.732442364083004,21.35387614970894,24.48119030446396,18.290381342326626,17.271834227155228,20.7839540108645,25.34489903257921,22.15461082462477,21.053563447288074,9.857464375385906,22.481116298359797,24.529831533860662,13.04837400570748,-6.066896796085904,18.217559431051907,18.35410809248587,13.415458027840838,25.75044239793282,19.23139400716237,20.973576284585068,-7.072465818761331,19.891394496090513,11.977078676421717,-7.151037407951478,16.11483370170231,25.216357699022595,20.74025620732703,-9.431080996781564,17.068266714056758,15.940907259472096,18.809583994640267,20.826823027927286,8.306944766602479,22.72443444334968,17.466084027657484,23.437667926458328,-3.4971806725251033,21.33513169212007,20.118785733926742,21.165374763807637,20.50278926565236,17.046637836870786,20.990631166138378,24.48843248110411,16.876019041833494,25.700388793268736,23.311365544130886,-10.247041819416452,-4.484657042390268,14.245181794851744,24.302045489905655,15.535904882777814,17.897690578064545,17.484283055990524,17.248136881234046,17.86747294057452,22.099839764481878,16.35804640907604,12.53031455175044,17.832718696202026,20.22810617817889,21.563764538702248,-8.40434386874387,14.408872001883502,19.471529486324307,-12.429383991835774,-2.386635062497834,-7.385546465663687,19.768220838794203,-8.659512706601703,24.33012283625245,10.209539224011008,18.50884427574658,18.42118001401428,24.536907167577983,-12.934016844527376,22.66198981591576,19.528432147049568,19.896148745254614,-9.55531585590498,19.38696779407509,-9.768334751533043,-14.25748681859419,19.718416455760103,15.179362055910834,17.458350498112544,14.376550656603154,16.76840425698681,-12.914991313956337,19.813548327470492,20.755285524687377,21.95034183071196,20.055043400950584,21.470515788454094,-8.57501444665466,18.838045481289438,27.83243435045762,20.12889132821241,20.59362221317486,18.79581331612436,19.98182818830634,9.075934278275158,15.657051939749813,-9.99705714822673,18.47660712267698,17.046133336500237,25.871814947447785,20.920349270312254,18.76508172078634,19.199655308671513,-7.4913038769462945,-8.5312709861432,24.14478217850156,19.950253503278173,17.351507093879125,22.140572954890935,24.02618523144046,23.136295140950402,14.848874523851682,19.954560575592954,-11.513341402552765,18.399677526598303,21.52977058522929,19.47894784744469,14.00230366855433,18.66320206333781,21.689657078684803,19.76286815940919,-10.913578956980247,-13.530283837510517,-9.642702033351645,21.59368426579643,23.383236093646378,21.644042224695,22.09739301630092,-6.689525786692183,22.405960684293294,21.53578355703454,20.17849461392902,16.301377172828342,18.201779445689287,15.568299999644644,24.16732615705291,22.424440665565697,22.717606318713706,-7.600046690971975,22.333996653401062,22.5381290259417,20.8114955927704,16.54866122691714,23.74512673346267,20.86220087448278,21.465083146892404,22.367366484141144,19.391973044086143,23.893419025573312,-6.568250677287547,18.240492430415358,21.642676192281264,21.710760948916683,18.608041152583993,10.059501198086648,24.116549408276843,22.13199782237918,-11.271207032069896,18.19020217965298,22.690799519583017,22.66593064642713
23.682361600612374,16.801106453461887,6.62951916210575,24.57153919736814,21.95488608227728,29.581867936195394,16.80322300112729,14.686979102590351,24.851128462227322,27.16676086960992,-7.507409806451655,18.317407515664133,20.970985028893335,24.740931005237652,30.093844595370356,-10.085313359951204,22.03254951152367,27.429540533524793,23.511154182344246,21.058319220495324,-14.533132028312751,22.733055046052595,29.76989609310142,22.791222741748438,-8.129182311706384,26.35486677251176,20.899404390010762,16.273668010675497,-6.8013975939787565,25.479768167353082,26.180845619581515,16.258740675419816,-17.872713308500046,24.964145138174437,28.016027388002282,20.8314047611097,19.305191249171152,23.688923138276593,29.521920990506597,25.152945686574164,23.85676753892423,11.263039410622477,26.058639382604333,28.7327209654746,15.335981679801664,-7.35962187135507,20.73643717880184,20.968260466166797,16.208964673339697,29.763529590900617,22.956474968923896,24.29857397486116,-8.587821464640873,23.281416861631083,13.120384867231262,-8.825468686781553,18.468437999283324,29.34686144657277,24.295929977725557,-11.54258440774318,19.607616146400474,18.605800733127584,21.301838321000048,23.70923783832038,9.432711267423551,26.349883273375575,20.369538457776773,26.917114314881143,-4.292870248017354,24.73143975494643,23.060215551529797,24.805811969587253,23.98542879426843,20.184123464263003,24.312502526708514,28.102411557584073,19.35639177861544,29.818879774911874,27.08758164338084,-12.626621251151336,-5.268161085984975,15.763494672190404,28.186909187978575,18.658318909065816,21.35015145536008,20.341082383469942,19.859706656679823,20.925210806253904,24.839834236407338,19.237933619815394,14.329409715364239,20.361696358659497,23.73284059502133,24.88450321904813,-10.877947907333603,15.857283470310266,22.419315407337592,-15.364049984026241,-3.630151705145557,-9.039206781065282,23.004041713104556,-11.077413427084982,27.96515688220131,12.215886449606359,22.050300191608326,20.77864401467982,28.218348802551247,-16.0761632242526,26.625216864395888,23.22432591286224,23.03645524724778,-12.026984036788471,22.79236853548028,-11.698769398279692,-17.417390157304556,22.43881364438966,18.46127156139608,20.97506777564975,16.612963365195416,19.587069996486978,-15.855962870106092,22.67214525675665,23.982431157905737,25.590976724618372,22.869062093800633,25.225576252508326,-10.557579439420087,22.07598659037547,32.15270711395053,22.946421652439092,24.190552583404944,21.785322949085117,23.093320720919255,10.693954426224199,18.066308992533838,-11.537526028610928,21.364527100766054,19.81599998693781,29.724726668360493,23.833848538049256,21.603095453688685,22.376185457566258,-9.550269442023012,-10.953225513364792,28.083325685963842,22.974154145346123,19.71816137504882,25.897840415586487,27.612226851718052,26.13376677312735,17.073521117050923,22.332377109399715,-14.49251452585356,20.693473831691815,25.136267472971262,23.175819538506843,16.181836897276728,21.19196562043775,25.358093465013678,22.647375432287014,-13.609174163014194,-15.71347269338176,-12.093924681110495,24.863269422580398,26.896503245717604,25.048447885004254,25.799831400458512,-8.927182781771672,25.981227416743668,24.636275734381194,23.31241748213025,18.658605884234348,20.7052844320788,17.495076758899394,27.565800214671285,25.64898958307097,26.889541213131032,-9.560235976392844,25.331458833541745,25.742849645701117,24.059096089720857,18.851692690842032,27.25511368925453,23.199028911042138,24.214107362443908,26.050830492798436,22.43732501457175,27.339213873861524,-8.4889127058834,21.240568823235588,25.072275056834417,24.974150615264037,21.332418824624877,11.336478892750074,27.09693907082915,25.485525981211172,-14.15101994678097,20.229334697564852,26.438363940216803,26.28320741951002
20.767512334649403,14.624518952596416,5.887545133392139,21.09268110423626,19.139750083091958,25.768234994170147,13.934592978447803,12.442687469504042,21.087714955851826,23.545839045933118,-5.903752351880651,16.571120904325834,17.77917094553875,21.234546147980492,26.33990669638086,-8.222150851037929,19.213383744517287,24.236940043877258,20.589552510189847,18.46140214004352,-11.873540234325578,19.51586413396805,25.819233172461228,19.47052899210002,-6.137170251102598,22.91046233140195,17.85019818696312,14.538363678234061,-5.3477523371994575,22.563362270800575,23.331265338610027,13.899272796475875,-14.668001145694243,21.288052197684863,25.101421680860206,18.004011096981696,17.135342627318888,20.863707602983197,25.590788797094525,22.2420371579625,21.26824767809923,9.844314278792531,22.743028534356114,24.78803266010411,13.121043728524851,-6.053891418398593,18.164726566649097,18.378003585391216,13.34809504365896,26.1437422010567,19.806853883139834,21.558892288560482,-7.0891795323586635,19.718258491424073,11.747309884296667,-6.648721480373439,15.928274910567588,25.556353497906297,20.800015102039538,-9.408433024811245,17.644360707952902,15.94865712869649,19.385892769112054,20.954989250087017,8.42744122016411,23.084394037862722,18.07641831886233,24.036040359104586,-3.008597049001895,21.55278730540135,20.111212760580184,21.475632720218,20.677907036386358,17.034006225783813,21.10357713971193,24.41750749910713,17.22943865561941,26.002492555106407,23.46348429005134,-10.234878428248713,-4.043678399832407,14.175911612288886,24.424967940427646,15.615611207363623,17.933509349709908,17.4772131156191,17.28681681496402,17.91238190196416,22.2355189505996,16.292327626011144,12.643899444630541,17.637045047146906,20.506874054540884,21.649673748352622,-8.560873556339958,13.9414191070147,19.438625284484576,-12.207311966812894,-2.202170079510263,-7.319746963313222,19.98421251154304,-8.604547899007462,24.493397255415445,10.125260510788946,18.64074937259447,18.026722793434836,24.808738851475912,-12.961473570303475,22.840767973517202,19.611950661367022,19.650764673965213,-9.639500785428972,19.42573139650526,-9.74180208429691,-14.316556015681337,19.92403023101628,15.361974722250922,17.661586408155326,14.773886760659332,16.671636534304163,-12.686146899222871,20.007013599876448,21.055571067336487,22.435217086197444,20.02658913638732,21.932484139356585,-8.498693302404245,19.43885725341528,28.120499054366412,20.252934551433135,20.586677731260988,18.420846868796172,19.953509559491984,8.810642254721236,15.734367094547858,-10.219628287257787,18.581625828024798,17.098540045857863,25.994397865221668,20.893549790751074,18.877591005237992,19.049620291087688,-7.329809392845463,-9.015738255319892,24.836857730140604,19.90122088273087,17.394230239726557,22.696396427867665,24.16703693587945,23.093635733890697,14.81590230320587,19.97618683426568,-11.59990698413765,18.735114956284328,21.830642521138447,19.73897289605894,13.59039739992041,19.186684045324107,21.83914228725182,19.698700061553502,-10.818109120540262,-13.76225446048623,-9.624001660643124,21.954499550805146,23.58727799764096,21.659210483141848,22.43948149590319,-6.751403250274552,22.776219038172695,21.645712984059703,20.443253722935225,16.269446504768883,18.035556479725958,16.035177010761373,24.568866226688208,22.76800328496713,22.985898539989382,-7.398128184386888,22.625658499509125,22.539150635679952,20.50225212418357,16.768811336100278,24.081118356629307,20.98215433073845,21.579089353574002,22.485760445402462,19.460087978153453,24.47799295119879,-6.695297883449225,18.433683081138323,22.216115600251555,21.864608118827128,18.505900561228966,9.956847120338463,23.989043040407417,21.999443665675688,-11.236436111636502,18.377091102988338,23.3202618159845,22.657417180896786
25.78659470779383,18.395163145626388,7.036552117387308,26.73833540106814,24.302990060536345,32.29920909678658,18.647126748117078,16.030569632571833,26.995785418296247,29.787107292001636,-9.127691647979834,19.704776706340077,23.69501942923901,27.097374142101618,32.90971418285452,-11.468793361092986,23.73715060373196,29.777397107470534,25.829491608814077,23.278703234761526,-16.779809197843928,25.248012672567086,32.53359434849149,24.483509421278754,-9.80747147369937,28.753006362937708,23.546189070915712,17.291784459318478,-8.11950511777687,28.202207395377176,28.332577002564943,18.1010434225796,-20.204445181387054,27.082800428874734,30.243004590499236,23.46992771988289,21.230946757759718,26.19020528321647,32.25306869672689,27.30065760803233,26.188028938849257,12.7055340952856,28.316141743992787,31.222925102612077,16.91523081726984,-8.571037142117394,23.10049516823251,22.778400998686365,18.08209680670294,32.02854308942309,25.071245675764324,26.305085682139733,-9.923099560124646,25.85170623657133,14.318302356923967,-10.790246042443433,20.776485891142357,31.806032604728706,27.030818907985378,-12.88333412108057,21.500515565012567,20.343917626364792,23.210087507804815,26.63769511075035,10.247753047584967,28.433105428683515,22.321268564833176,29.41581277554471,-5.723080490550448,27.20052933170513,25.1794792163767,26.705224744806657,25.80043520800101,22.508587907103813,26.981742451632606,30.918979340065423,21.524649104791212,32.21493486733564,29.610832424268473,-14.403667679012347,-7.058686415918818,17.10319978238602,30.913028302101957,20.85171734791442,23.470308511727954,22.74402711043268,22.132100394858952,23.303311483204908,26.72447265747195,20.63510875989136,15.43297302955593,22.79718626126961,25.381627794279776,27.3112557904751,-12.902067516870712,17.654086276441486,25.047423021337156,-17.44289859459666,-5.219579408827281,-11.184576693027259,25.37971149397098,-13.122107422658152,30.529976033038235,13.439133220869337,24.376056052632382,23.071563089093992,30.238276122888287,-18.426234707828307,29.129693261174072,25.378520247598296,25.780687845232244,-13.80921329315242,24.863146442810855,-13.578900938638991,-19.624432922822596,24.075612132483197,19.95210522542305,23.211874160500894,18.405309218148773,21.68795594689764,-18.18970629210344,25.08903048228966,26.423488199224803,28.227368291176454,25.55343415938454,27.331888901923655,-12.380947045686101,23.60439054137238,35.02449924328345,25.503755675282008,26.878318452941617,24.362122034272424,25.549815165714833,11.860455719871581,20.03247981064079,-12.596047981248063,23.440899384218667,22.179709894659563,32.63446247442396,26.249028798115933,23.941194531817008,24.909232389479584,-11.19393625239533,-12.59337486147587,30.38230020130419,25.837625857393096,21.618445393951536,28.39531565653753,29.99765750195406,28.481686654608936,19.1980565493261,24.54302357075622,-16.602182485069562,22.201774494214423,27.590052105617374,25.01654550000368,18.15294652611921,22.853534086561876,27.440581252675678,24.761955809496172,-15.564935513029955,-17.280200945335203,-14.082272204548833,26.6265085905871,28.86198664319529,26.96872778104752,28.2737796399076,-10.726498020534251,28.505721235413,27.001018210581442,24.87928988984238,20.194403586873236,23.097560984780632,19.18312166424155,30.060072231621298,27.92547647417888,29.204528389176748,-11.414544700244615,27.828079117335065,27.784957394421603,26.554948455499737,20.795315643524102,29.724730653356108,25.297930410627377,26.30226226792309,28.29907308767282,24.87942698990494,29.8128314744533,-9.957735609778876,22.655392651039378,26.993236548662882,27.589231540368665,23.582645091590006,12.608288811093308,29.59301172309068,27.840261429252134,-16.382207191983554,22.030506538991837,28.738836086806096,28.45095149174643
23.769191325304547,17.033464943036197,6.555194041219881,24.66848155752782,22.250098201651507,29.9055192996886,17.11622029846147,15.042829327224808,24.64359162296384,27.530820309186225,-8.18879008857595,18.48186539933385,21.619136925263973,24.95930364637463,30.414400059378785,-10.387443623232576,22.002193286019818,27.547965853324335,23.88173999478397,21.84687216849244,-15.363746955375994,23.374063926528695,29.989798215386074,22.442852585607604,-8.76310485390388,26.509075658593186,21.76574304745985,16.11763109034225,-7.379972306213901,26.100322285792785,26.604251183438464,16.676032773220538,-18.506335343177206,24.580074409208056,28.27077848107398,21.63102530194204,19.44982644856096,24.09744705081559,29.73780908179135,25.125402303123295,24.38886140928882,11.75969680977541,26.207897250922525,28.7197206574015,15.649994849594085,-7.70993095513736,21.40651664751314,21.19570669185508,16.268760320694067,29.616900549473748,23.189233630936823,24.57173327426682,-9.029587318797951,23.496617468994,13.458461057127796,-9.406309000651657,19.23452500736132,29.29177231101568,24.823624671520996,-11.676968962231836,20.20049173228934,18.534836393413112,21.804799439161172,24.488843588935786,9.5681938331859,26.23939177136689,20.763356512052034,27.381267121238416,-4.830996901719443,25.005637549466236,23.443609517403694,24.486561735044816,23.542771985097847,20.745475982889687,25.073540682036874,28.651010168206152,19.84200799201065,29.74479045724922,27.438345635277564,-12.973921227464091,-6.340150204802596,16.11280335498136,28.433766612434617,19.03068071622426,21.29886934663164,21.196444596397512,20.46198187528575,21.514868904797616,25.024231137013018,18.820886903689818,14.501470956530243,21.249774092588122,23.241487261696882,25.1318413858829,-11.545855392344889,16.138835434267836,23.33473501903675,-15.665540004051394,-4.370855987328954,-10.077896249108385,23.614292045080976,-11.77285997438786,28.28918166595883,12.172081400446421,22.236239959904175,21.168650860353665,27.843814641263613,-16.76455353603679,26.707141945036334,23.239211309901304,23.644379746976078,-12.490629272694074,22.704760189606098,-12.302408194679394,-17.88602367187632,22.29808800122483,17.92970726894698,21.21140241850021,17.34269218426831,19.82522801563755,-16.43084263152693,23.217953157725887,24.40193377462431,26.217028162030765,23.72151394315153,25.109423603637293,-11.360588756548328,21.745783061451466,32.394820474379586,23.496788077883636,24.722420357835453,22.200241066245244,23.46328549777969,10.611815112299247,18.719251717207065,-11.968257252606511,21.839482793630047,20.640439845738253,30.164365190122773,24.215199635336617,22.256422672937553,22.862244851007798,-10.05904260578598,-11.587435690360982,28.193818294282707,23.882284720576404,20.09261730048305,26.411158445497033,27.87188188245674,26.32789391264411,17.29770218089044,22.67907469735812,-15.042953893791442,20.77440042791101,25.502403794108723,22.687795921238095,16.62868719772127,21.33203384374197,25.06940496939552,22.744630851629736,-13.99851963728698,-16.277275491288297,-12.810400068123514,24.637313921465427,26.58939747236999,24.629937864555593,26.301013647583964,-9.442591688087713,26.459241960773145,25.008063732600107,22.873548524755993,18.763557342363008,21.405667280477488,18.149871383362008,28.045837116908345,25.907010782509694,26.66613797920664,-10.38697392400113,25.954040837853597,25.616684936646738,24.477345630895975,19.34217257478953,27.665770194926246,23.57198640903926,24.430650695392103,25.98845107466582,22.924765741751187,27.658895675940315,-8.880614055291085,20.666029439011094,25.063331194469654,25.551411734652486,21.86405731129848,11.914379392553437,27.518322938176432,25.574053268730765,-14.708809704442569,20.604347865430917,26.71093552597831,26.04820620744338
27.713201906567676,20.144974210012148,7.553202167669811,29.120997006578314,26.528019168936545,35.04740990540724,20.85586561364361,18.03615335957201,29.251951290472473,32.549694592297875,-10.80597764968049,20.771267334827613,26.452473662611364,29.73150963539221,35.591369565329096,-12.864229915295809,25.67202068908966,32.020709377700555,28.036039508476893,25.788063537184968,-19.349874616605213,27.943642661192477,35.25661389684105,26.543489207396345,-11.615058535377637,30.99140583851823,26.375234542698102,18.22756913028615,-9.477590124022274,30.52094659809181,30.66190458476933,19.916757788119874,-22.991719172144226,29.204496699634774,32.29590095555597,26.200903521979612,22.61740830437408,28.35748742840301,35.085659743636015,28.99319611281821,28.131751831452558,14.019263550304913,30.580917475060176,33.776358687298604,18.837013243769704,-9.621985338570067,25.431625175127653,24.844669671651726,20.212919156346725,34.31804719929364,27.265877358382795,28.300581371843155,-11.239746562444797,28.516784401867092,15.730992680148788,-12.80677834965885,23.131213390496708,34.216288262069284,29.91286140990429,-14.380048715773713,23.179561532853462,21.99792339979352,24.907388646510494,28.960942642609744,10.726639435645385,30.431000048900128,23.99174442693345,31.462404293062345,-7.256318992497234,29.34031545505792,27.510309390904656,28.589812646631092,27.68455686884438,24.981828127100474,29.813354291864766,33.90243586827577,23.142422927779766,34.62713299139612,32.225933576412274,-16.22289800417729,-9.056037600981583,18.783121457129738,33.63172879656833,23.207705199789807,25.758960433394318,25.51985695905715,24.443693444564264,25.80048547748293,28.606655258267384,22.161931342991945,16.844247986344403,25.552831661839452,27.165454748691918,29.647917968668676,-15.002949580246652,19.130729885400484,27.888554455892624,-19.859772714136245,-6.787161061855378,-13.201987521523552,27.877463358506,-15.41562632245218,33.24553518608024,15.097152831908392,26.92312247270654,25.40622399567325,31.992741282857843,-21.174105585938474,31.62641813370459,27.972883855564785,28.761201482925454,-15.765788595348319,27.127619853322706,-15.292260436526659,-22.132806702140094,25.56520235221313,21.56196140939323,25.785118466379963,20.216581019424204,23.880936152951445,-20.880324162969792,27.28902108934452,28.65624567185825,30.698935799815175,28.195970851617083,29.214310748623358,-14.462777192641601,24.838057865047308,37.813491085742164,27.67252933219407,29.60551419629614,26.936194493356886,27.654183038416,13.1303448708975,22.219714779043223,-13.967857165609942,25.739451060420752,24.81525657062236,35.49347363126056,28.491978135209866,26.5158298552918,27.61264472226112,-13.202880537108811,-14.351930447451902,32.45641463909719,28.587655821916467,23.409157039910113,30.772568367382267,32.48604390033552,30.734089907122822,20.656732728295857,26.295411927713058,-18.98189000922932,23.467312689601048,30.039983555538278,26.87581737413641,20.39231150797492,24.08988872992178,29.502086980698,26.84647753781606,-17.66403232708005,-19.190305873351537,-16.47950304461122,28.26153883145973,30.689602040867232,28.849868636630706,30.851134637226973,-12.605990904636654,30.808518366343083,29.158021213751276,26.395684746474593,21.80600388920636,25.47274003969258,20.660041681178566,32.308492380974016,30.000600607219774,31.608866579954103,-13.7268587461462,30.071633719883543,29.847534948465974,29.50753575300904,22.358514774512944,32.04057967056625,27.00206923289251,27.98415490599952,30.527520435749906,27.43628126674497,31.75116027963716,-11.630204237488076,24.029908560348424,28.601621699505863,30.00578086319614,25.714032578302387,14.150759840201282,32.02755360532331,30.36775474383695,-18.784621220647477,23.587223955927556,30.884029682009842,30.671477641017255
22.449166036847586,15.877083790733279,6.288318429532613,22.929242301304875,20.673424979341547,28.249274344779703,15.53993048438675,13.785059336117978,23.172406689493172,25.72909793976879,-6.8095247137621415,17.625556593328874,19.77464109133628,23.41815104119927,28.82251638511859,-9.385115396507366,20.90801181209646,26.094948573149157,22.674752311894036,20.23606825942154,-13.462532794535035,21.585256636428817,28.34295448002071,21.13557781406002,-7.402835313949836,24.886738890553502,19.859440542581122,15.622214655152382,-6.1272866149369625,24.56114870985772,25.14657722105082,15.665768145595313,-16.60988809522147,23.36211573765693,26.98480847638378,19.927007430007798,18.795176236071814,22.816909733804565,27.899712042081028,24.290924645488634,23.182765260298286,10.746782070808777,24.912302163748556,27.095977827604923,14.329105663383158,-6.912647769226386,19.78751064607822,19.882419377011143,14.692843781995494,28.23326810583304,21.43221039708705,23.106766551716056,-8.076566628084526,21.74346140511338,12.743374084013738,-8.068900130933061,17.729275896433354,27.73218301326113,22.863458292702184,-10.580601932060068,18.728667433054603,17.610144226535915,20.594361769400532,22.93240884907202,9.156666563727823,24.966099976233707,19.439377750365647,25.969381557240137,-3.760341484851923,23.616135151425873,21.994071954991902,23.316965320193717,22.390545774538136,19.007006593921776,23.139124058446086,26.812708384398775,18.680277388555023,28.38117155272798,25.772929659199374,-11.581938811755196,-4.901514786860268,15.114321889345952,26.58307071737875,17.17101369000011,19.807101951977312,19.21164252129113,18.879141746657027,19.867980266423093,24.061162347700897,18.00264640543542,13.439797376137932,19.399206984007147,22.1159658464254,23.628755187892324,-9.814944635284263,15.357190854350907,21.41930825831364,-13.906807743951777,-3.041550894182455,-8.428988630529899,21.873109907943995,-9.960444181879929,26.60158019776399,11.121977186317313,20.45712451422448,19.889198076195424,26.932356879373856,-14.699461042790377,25.046312286416065,21.60541210591199,21.722544203999746,-10.87645876871045,21.322975391114472,-11.103326784871525,-15.966315689504524,21.599072458560858,16.85315868171946,19.303849334038787,15.937696505592884,18.484318921333017,-14.462419590285567,21.799112869941595,22.840647207603624,24.448975143726155,21.972286687988717,23.809717825851717,-9.777561941955204,20.94889831057983,30.661948982376853,22.063496565958246,22.89028334798592,20.551277119979932,22.209364763159194,9.794365852020823,17.17854321186392,-11.19572860205331,20.22644341911144,18.690843874329264,28.337959475758403,22.728277597443466,20.597748768365,21.128700494388113,-8.572988383790637,-10.053651157511357,26.713202966474583,22.031592528892965,18.86728000231348,24.67773957031703,26.45810936904374,24.98094583721624,16.284037134788594,21.81509930800926,-13.25465006419341,19.99342892710754,23.731670021002852,21.45781411073266,15.30038088816545,20.637361272967503,23.842232616344322,21.512531881074363,-12.453530984095153,-14.9742423496922,-10.950811565735941,23.66490284009505,25.620431829935022,23.623313228227527,24.54940401685002,-8.040190394880428,24.96100443524373,23.704456507381046,22.031873527558748,17.988723449451715,19.83308651471811,16.9110958052899,26.688960031793528,24.551046256380793,25.034106124280154,-8.707354690315565,24.36530208452047,24.61780577093088,22.66211943465964,18.197003464937875,26.28499983540936,22.68825024495127,23.577827625295246,24.543689882191263,21.1236841218953,26.35103350694629,-7.693686016018008,19.87112648214293,24.028572397020994,23.936357390617005,20.540238689922703,10.915857518027476,26.14506900022512,24.094671698433313,-12.918507854739628,19.813211324203117,25.131406736078144,24.763941027453612
21.962843732299035,15.688972993434826,6.217967288522667,22.661753793377684,20.334278936963447,27.645025749785816,15.46173447291953,13.954100367816093,22.649229261465965,25.384282957125343,-6.79820225774603,17.437956793710246,19.4095524471118,22.98930524688276,28.25748873067126,-9.198324162429172,20.563668386473402,25.521892082772464,22.146792613832062,20.018600808081107,-13.39166207329695,21.278023536673423,27.673740839114533,20.7470204725938,-7.338570589033287,24.527819607262064,19.558843863593143,15.379664645769447,-6.2312734591957994,24.101506851540236,24.938081867528822,15.25194472955493,-16.383951891149444,22.631852078176685,26.508715215881825,19.552011690346326,18.229581462389817,22.269043420209957,27.543779586394606,23.586050377188574,22.73911018984845,10.602153997054748,24.37326509825203,26.48865033669427,14.196826509691958,-6.775308438226474,19.46740195811867,19.704130219288892,14.573507679464015,27.711292768525915,21.35081309115832,22.961309120195907,-7.807640621195088,21.259644959302285,12.524059630619085,-7.719686429060392,17.464986608198902,27.073302871159008,22.48680792465944,-10.205755038938383,18.797525649177583,17.248179066202734,20.34637402812829,22.410451204815928,8.936852011924369,24.320053061438973,19.250329249712607,25.6351429716583,-3.649851257914433,23.16619206058892,21.84091772802793,22.671735113627847,21.815165386161688,18.77159844760675,22.86380787986326,26.429899391406618,18.2432689942873,27.74584719219639,25.241196107110447,-11.330109111454279,-4.912263896125192,14.948673763892419,26.01112082741434,17.08296978008123,19.31765687964725,19.11934721039001,18.629495825834542,19.49080245912598,23.574149082585745,17.488082643562617,13.614969005987492,19.19408374728264,21.646314209429278,23.0695346673363,-9.770688252411983,14.889222968044834,21.35332728184524,-13.656037056394444,-2.918959132310508,-8.335737923306914,21.78745685859432,-9.97301718753906,26.188172752620737,11.109452997380245,20.18698950193833,19.459073638292573,26.143122775091015,-14.681685433395174,24.624706876045227,21.175641183084565,21.368099634355303,-10.894740035821819,20.761380294624516,-10.878855793117577,-15.834921737815092,21.10828311756103,16.378793200434874,19.090920663778423,16.09158028400323,18.217537978604096,-14.314377734220487,21.435896030025052,22.303983132395096,24.127039381525407,21.64995485019261,23.234543503050816,-9.82109086934926,20.48970970913992,30.148563768887417,21.61099869775908,22.430821022039442,20.08300618084369,21.527748945023816,9.62066498305641,16.96885118163678,-11.147802200700632,20.193916843367507,18.856542720598483,27.859270847547748,22.207370855770197,20.41553814857794,20.724404796622448,-8.540972638346364,-10.114877411363244,26.327013895865374,21.633748636106287,18.54373589502486,24.386580067714522,25.915351592097277,24.39807589138166,15.791320697722476,21.146626709464297,-13.179592335180455,19.75380299203295,23.416588347506828,20.873383950653764,15.003196779201474,20.15706313408175,23.178760788920844,20.990483838151732,-12.21035566037867,-15.072952904688417,-10.968329130623486,23.094861698892903,24.91478324674965,22.865185692563266,24.42811356820925,-7.901467331138953,24.53257824839626,23.155911507934913,21.42685296496465,17.623104194119346,19.612489494306136,16.824280524051066,26.330539868778,24.158907139247138,24.513092016551262,-8.79047083587395,24.118238361528473,23.97445930958818,22.355145199398088,17.816348223487473,25.803241619623986,22.043493357164877,22.954057566779525,23.985390713668227,20.80179562201294,25.84451700373766,-7.729741706910314,19.32394932238996,23.625604591565036,23.541042238348265,20.13107748151756,10.735378734088748,25.61937159768284,23.51870497679788,-12.702785304171844,19.364204371063384,24.754072639878014,24.094110743107425
23.324982340059464,16.68790796283499,7.039966598324896,23.86802906075571,22.069982294844312,29.341344841715028,16.647334613056053,15.106358160646986,23.919520122163377,27.061328722984758,-7.715135374691826,17.62161676069878,21.375504543905578,24.766651092880373,30.28724551508369,-9.649055474140003,21.92676616475373,27.127528866929325,24.123627384159402,21.461424236737248,-14.620268583762789,22.934171314326743,29.58922463301717,21.862134514259214,-8.244740189152939,25.488300072420696,21.27656942179942,15.967182787386442,-6.25999062375112,25.77372143693972,26.265934862338597,16.571543071119326,-17.94436798825941,24.568072390284588,27.43699381658589,21.872301446367793,19.967162816040805,24.178930520730624,29.472469872615182,25.27183994945611,24.189597461253495,11.874362297106325,25.82707182870293,28.107987782113433,15.179087009353228,-7.5417335385824,21.201974211302836,21.194955457541774,16.030992972469782,29.224924341874463,22.082775595153517,23.73627896085509,-8.505029244669425,23.325693264490226,13.881037432401653,-9.624882446603548,18.96007290171557,28.54020871632479,24.254924912262588,-11.303996235454102,19.349110066756296,18.653408902802283,20.909206432217044,24.30551290434441,9.116906963459002,25.5192939096877,20.02700865516328,26.702932328743998,-5.38342530581496,24.832741731762358,23.387198757882373,23.902281082039682,23.415447242086145,20.093984306446917,24.586048852132127,28.59103815835132,19.171607165713052,29.233268008267316,26.82700175705895,-12.37397132454662,-6.574463753682318,16.31463218920107,27.90347500425874,18.45335080856233,20.863822599954872,20.799872666708758,20.29574044657121,21.02278598899659,24.901723372447357,18.890745117794374,14.436497791214478,21.12602678992019,22.824697263842896,24.7938666205503,-10.684930729465309,16.984960579456814,23.083510111047982,-15.359321755083014,-3.970857173465271,-9.645536205268355,22.98464854581882,-11.164913360515131,28.018878875566912,12.451238348861775,21.606537563748276,21.739220743780876,27.557087683820207,-16.05211913099786,26.340171952241217,22.854034344693076,23.615884115598128,-11.829192293991817,22.41656620573762,-11.908190357595586,-17.20334085259845,22.385936950168666,17.508871650764128,20.46165631137729,16.424134878423025,20.12262276214021,-16.088803503581023,23.13797361137375,23.736661968566093,25.326390528227186,23.530350302607935,24.258863976420496,-10.731936660652774,21.06643674522282,31.881764548059213,23.48444930145876,24.27274156177984,22.305940817407173,23.173707096851565,11.108278147756947,18.451823509246946,-11.359968587064378,21.40819807218363,20.245067941158908,29.76929602141719,24.095546066206236,21.978539632391143,22.604206772233574,-9.732833040696793,-10.228032980986923,27.25728038123034,23.59285682490659,20.033649462071015,25.365252755404438,27.48754105895447,26.308162764919224,17.421858993508224,22.948837720965074,-14.216424710477439,20.46066424203951,24.780687636989615,22.136842724213526,16.860133704218594,20.817823116722867,24.70236488318068,22.92582660980141,-13.557583483973618,-15.612244920352012,-12.091535283053226,24.058275218103095,26.365072403540726,24.5468838888218,25.61843793064804,-8.754762953989081,25.77736282320851,24.64345001472804,22.612510020343503,18.916283278915074,21.529986825354314,17.371406706554886,27.590481092505403,25.531961990049403,26.01392557353094,-9.930311090290047,25.630533541436968,25.76555334760567,24.65065521826549,18.81481598642262,27.172482011137618,23.412660400553982,24.480922820376577,25.585800113590167,22.529972289553886,27.05307757680135,-8.26736995448212,20.521427545867795,24.393749069939506,25.13965731353226,21.650644841786363,11.814734009531193,27.691744422466332,25.49497768108706,-14.025935213015941,20.453966077250826,25.568304376725116,25.983622103613516
23.503838766595216,16.79735304369991,6.4725935101670755,23.958529129678638,22.062513915569074,29.15600870483018,16.411292284438325,14.297296566527795,23.674313447846945,26.931392886267258,-7.681962100967778,18.166046625162124,21.025809958913516,24.06100735074391,29.739811042896967,-9.633640470915806,21.398159905187864,27.251739201366664,23.436265139421977,21.432717295596277,-14.642036323647748,22.66954765485538,29.329395248388227,21.505967887910284,-8.019145114723026,25.71703522511091,21.201704802024906,15.856180030149558,-6.828348216534645,25.753983857908004,26.25525168161907,15.991592924044957,-17.540147098798673,23.87191638450753,27.82186660623708,21.276847216491444,19.15206661195591,23.80789176633809,28.911285858853876,24.566931305930964,24.08547104123725,11.700589588455466,25.315450946707262,27.91996398232389,15.225895920408963,-7.318088749538519,21.322001442179758,20.837111412050323,15.591867054554651,28.989328242106758,22.391781391051197,24.111430683711337,-8.503073469090879,22.837740156288383,13.24625792611927,-8.90374864098919,18.919376634191302,28.64227792469077,24.11975061141988,-11.002826419693674,20.049358090190584,17.81726014375407,21.78451717364938,24.30223507169481,9.517515382197859,25.707660413869654,20.35899494908341,26.98293352622634,-4.516779653194454,24.317838309719587,22.80850942793138,23.822301527830618,22.71346153046606,19.887081276856666,24.584843489155592,27.90167141922229,19.779132296682427,28.817798112599494,26.63764394406251,-12.308533876709538,-6.2111618270140045,16.03416371642084,27.87109216284656,18.26055470630227,20.384037757529917,20.66922707823008,20.143594973072588,20.83499625762785,24.68104871692168,17.84732534580607,14.027494311084604,20.724003328444255,22.619201164711363,24.864119333756722,-10.843425719105051,16.13811695092289,22.953573607116624,-14.714260283033543,-3.8592546545610773,-9.663159469766123,23.036943330113477,-10.896127400967138,27.776407021912522,11.709749010238976,21.4219968682598,20.767455203865783,27.19259866571891,-15.792378996558156,25.804214470324673,22.049168329601905,23.024612655538796,-11.607042203984744,21.871442477469493,-11.883035677981919,-16.9462358076483,21.68046647579331,16.916909600772648,20.465636047885475,17.077422545781015,18.91565053232497,-15.51792721589346,22.738467237361256,24.118366256824633,25.6417270949817,23.447823354935725,24.40424654437841,-10.761503521918762,21.038092589156697,31.690303748009832,23.373695631718917,23.95888189955832,21.681194066412626,22.92045204307616,10.037612356918514,18.43280452317408,-11.688981719485476,21.42029776902617,20.18012012349026,29.713601694370052,23.924324105148763,21.856291111641752,22.16528687950492,-9.331521159100244,-10.889740676890442,27.541515057834406,23.362238523042837,19.852705496512005,25.671567707726545,27.13518214396284,26.181374286085617,17.011132410129207,22.563174546399534,-14.018359582506001,20.538643754425237,24.990775419324997,21.87445275234833,16.164154770418378,20.99346964920275,24.43768480328618,22.21250832441983,-13.112479338421478,-15.793482828995868,-11.91718477340406,24.210117584228485,25.98395053480759,24.02613516895537,25.54091809644057,-8.686619349747986,25.725713460647302,24.644785295281103,22.337995784643965,18.162404225646057,21.02092948376626,18.321102425885528,27.58966942468698,25.68749193909781,25.746673928546745,-9.767905762666262,25.730519638459196,24.858870285965995,23.727579300653694,19.491001538400926,27.008048859401704,23.632111022969163,24.031850478278024,25.422170120876086,22.613746964146618,27.351864040312176,-8.313802686553345,20.123822841875572,24.492782995667074,25.176644768871373,21.54056321592186,11.66277143468928,27.28578175664968,25.00084753855103,-13.716234349294805,20.416551309175375,26.11312633492562,25.46105897117927
22.5572668139215,16.173493891848764,6.321522450151253,23.3685472358426,21.304820421195963,28.51146405886204,16.256169201938697,14.359451795340084,23.437277690982096,26.3382993668331,-7.5007523461027406,17.796549842149837,20.62119256279714,23.89971332857958,29.147886491994953,-9.698788707943047,20.962005943256738,26.206868212346862,22.99608329194151,20.71585530139803,-14.449241221724318,22.226561500419425,28.55016094745624,21.219642054543442,-8.126033218511767,25.334691470667078,20.7085614931893,15.621938323375712,-6.680871897302938,24.98683421287794,25.408188960474522,15.933050456258297,-17.439381783363196,23.354817733976834,26.97165296319181,20.648181848733568,19.0136146607797,23.16097187649825,28.496458146274254,24.24108481693003,23.424147415006424,11.243933476609778,25.07827917068035,27.241783604015666,14.86180979770886,-7.292642365498488,20.25763460266636,20.3524276064309,15.431245564136832,28.253601407758794,21.961878160511077,23.427484370741208,-8.50049693862498,22.41186444909166,12.936155939743069,-8.807131781255922,18.405425069657557,27.761395694836764,23.564486567091016,-11.053840353503364,19.252618280714547,17.830046379732483,20.728582256342083,23.519716451562985,9.118583681155924,24.807888734131375,19.904607753500724,26.30727841848694,-4.478855580118123,24.10724250892754,22.489238552661444,23.157440262013345,22.40021684187314,19.6920689825684,23.88042032857166,27.43322175194419,19.11562164420074,28.386338521079175,26.03128032627701,-12.13393229755232,-5.852466694951308,15.247620868028315,26.946672507704726,18.09742158628293,20.235950776361584,19.99914716649572,19.551462562339587,20.461112057267496,23.903639996198613,17.905705642802793,13.884182105395919,20.109200381615665,22.071202887152076,23.916140875922977,-10.741618856897873,15.673436137125226,22.28032515535911,-14.794370203537012,-3.8237979493044643,-9.319116922509773,22.528968294815858,-10.984133324230848,26.90904182371696,11.79713481872066,21.133970319043904,20.342728301751553,26.59628512660384,-15.722773819548225,25.638007012807385,22.000364921618203,22.56294991985951,-11.665379520825976,21.464621792694192,-11.68605733214624,-16.898762063023064,21.41395155057587,16.964781167002645,20.004421443759313,16.5485294869587,19.036909062804202,-15.516046477415824,22.25986124892677,23.068920461777516,24.9567830469641,22.60644582903859,23.80098458512373,-10.571093087837765,20.84420094544406,30.99067612565937,22.545265471197517,23.465956424007043,21.18384189605191,22.472196340474852,10.169690742469903,17.737689969627365,-11.306287921221383,20.84742605441908,19.663875314873394,28.840585392224586,22.98336089180675,21.235377804026527,21.841361009739998,-9.407669769504006,-10.670623190220851,26.898339882524034,22.740372998642243,19.191069818938956,25.150644206010256,26.56485239040406,25.10023370401342,16.750590831051184,21.962507454529153,-14.157105694011687,20.195631086239686,24.09782956786088,21.51108065960887,15.94476853688262,20.508964034885675,23.796575358833962,21.607387742417703,-13.223652016508524,-15.473312854245641,-11.867340062884914,23.385699791490453,25.3210386876326,23.392524998895368,25.152639901299423,-8.85418646876647,25.290545514288354,23.932946903589908,21.70478010274474,18.060541283957814,20.47161238675659,17.143123794353418,26.93888832036138,24.801976471374648,25.294894063031954,-9.63780441743209,24.91642854234915,24.554775473657713,23.345276836561247,18.412957824379614,26.42909599332934,22.673860740048248,23.555569470778675,24.66424116442779,21.662319590107025,26.537832580964604,-8.256638488184183,19.651475521073785,24.03470056523292,24.389402075131933,20.984297851562,11.196256860648596,26.413221793713824,24.304756416908806,-13.8142793608295,19.847885810348362,25.320725129902147,24.737719745969464
21.258706422668393,14.869994090099228,6.3064540304191254,21.418335060705342,19.354363931332724,26.3578354816886,14.10744221424766,12.819726074503901,21.6848582236073,23.91432799024536,-5.834340074862835,16.43186596999492,18.15880094813685,21.85504680053864,26.9246929895558,-8.33130116554161,20.02569826855926,24.880555265893857,21.290900689053,18.82480287031457,-11.788020667611114,19.948973516045374,26.57825425784053,20.12719346198814,-6.075479495986663,23.011481060384998,18.15356945290144,14.791284340733739,-4.919402433850815,22.776462421816426,23.697647987031498,14.542445096206666,-14.878293727611211,22.290011657864216,25.391474202955237,18.52368150363032,17.615205436945942,21.342414600993294,26.00217282070815,23.026977964752632,21.635797433747985,10.000533337055627,23.364822113887808,25.53057858636628,13.362138831993619,-6.066841168448361,18.60267218112557,18.71074279816243,13.631077537418184,26.762254433952297,19.774031741228164,21.56951735329578,-7.091256084293687,20.304416360685554,12.270925103717882,-7.088275964196723,16.251049701099138,26.259167882496516,21.138366099819013,-9.708056995796477,17.318905476661143,16.435381878506227,19.337249913461655,21.08238185601532,8.55216433800861,23.798925446543922,17.94454083449162,24.056464753425995,-3.291072340521948,21.85817077352279,20.595572490856174,22.268555746995446,21.529008855647913,17.390805606563244,21.33862100695142,24.98814938964168,17.10668323111089,26.77857402085243,24.115653483770352,-10.37509972216067,-4.097099900543091,14.633215722971494,25.056839558804807,15.678631802756026,18.553241529541687,17.697235053529134,17.48855895295998,18.34566166360553,22.931973239353894,17.19973895991404,12.891580578364408,18.04170470765599,21.16907421411718,22.18856833709501,-8.319639188708072,14.645325646027331,19.62378044429704,-12.519133849486748,-2.100639394721008,-7.25957971900758,20.180078849205028,-8.557526580598417,25.093758546230188,10.296142143072343,18.95408267620513,18.717600638861025,25.75578797618765,-13.01582068630175,23.236628354833574,20.318766023002368,20.12463348643307,-9.596271293793325,20.21265467074061,-9.814468291101125,-14.426122856491837,20.67746855692998,16.000636595413788,17.908516243607163,14.476147587882261,17.134330065452236,-12.929541287584318,20.295016548703444,21.46726089131961,22.476906559845496,20.360793728428483,22.445914068394668,-8.350903601679965,19.7891702482082,28.682520243658587,20.530553867133083,21.10910550593511,19.099468326635904,20.562125804308533,9.349451435616558,15.855190282718242,-10.224922116159869,18.777071582595077,17.063456800812805,26.50088898347258,21.47917250457932,19.128692409403115,19.519830276006683,-7.282939312920743,-8.63742513726294,25.033660642502426,20.22737660333578,17.788500465396993,22.758629135958167,24.900569780115372,23.82711897385677,14.980637651662171,20.49233807765585,-11.574967078327775,18.818205821574495,22.2195351691444,20.407960699100357,14.126824738554182,19.341174704520192,22.66399194703421,20.531277322008826,-11.142670077225302,-13.705655457204335,-9.637757542793398,22.655366348206687,24.50952770054962,22.688872953496148,22.545891435415832,-6.632639639088048,23.131629854372623,22.13153697095509,21.27588934543022,16.84311217562316,18.398468106678507,15.939656777191813,24.826571390405068,23.07135347701998,23.650963334623505,-7.3408055623900905,22.740526760403025,23.497706142370532,21.25097935683144,16.87698511560189,24.482271360863706,21.43358660733432,22.235401759379798,23.185841533867855,19.800824073158374,24.62965160720693,-6.507757704964836,19.2394884165748,22.41900420099356,22.15332003782639,18.893653308281742,10.24811380925471,24.656932311554556,22.842511297348285,-11.344804038453255,18.691912096695596,23.52516879310063,23.62443184736141
21.278660489491074,14.957257377240182,6.202007087684739,21.582552911684605,19.710315341061357,26.502519640576036,14.467065658297603,12.987636125251818,21.761548349372127,24.236533532266066,-6.154974945850346,16.569863383837042,18.57412067922407,22.08800501430672,27.11005597827164,-8.512608623972508,19.95355627540945,24.95929059679881,21.44963931543145,19.115756300621673,-12.32821224099963,20.262593629551915,26.698876138829863,20.087080868130922,-6.499065606294125,23.283666562623907,18.59950748727538,14.844589256182186,-5.325572646982927,23.049554276637128,23.85421472457193,14.623732780112643,-15.293187758691298,22.186412969653595,25.491161789803886,18.886896239107248,17.73726760222666,21.520075777151153,26.258657578816774,22.956507552088457,21.77443055485831,10.166250244190238,23.4146247559483,25.53526110482665,13.51241294235506,-6.287460469991513,18.83721442638149,18.936731955994198,13.97146368687892,26.73632918640397,20.07486917403484,21.783359045650506,-7.355995730785758,20.623870876334397,12.326149175519157,-7.39890206627479,16.66727969708759,26.287268177831127,21.568896899732263,-9.89166134903807,17.695258916756746,16.46328465689118,19.575241695480358,21.494934888660975,8.625281400812575,23.732280118008557,18.174261074865694,24.307430411810934,-3.5524709044203826,22.068425049091406,20.795748624621,22.1250033184365,21.434934102640337,17.675767729426475,21.762302802063825,25.31239981509999,17.50708938934938,26.764646801440346,24.272627386908393,-10.678875992944985,-4.5762357179497695,14.695959969523878,25.255145854538995,16.148994400446735,18.72182462504617,18.152031652851562,17.82857008018859,18.639185677689497,22.86139252615463,16.966989020304887,12.997338016416007,18.421436597766487,21.081339771007656,22.390052161452406,-8.850845420519635,14.72139160033763,20.064108230898572,-12.890175326027267,-2.5646272534055803,-7.730858353437753,20.529898437954213,-9.069642141989599,25.232984069336307,10.537705923440072,19.319847214517452,18.911310888368828,25.53050614368105,-13.516450045700944,23.508264066343077,20.445933163978587,20.567100153990626,-9.993314025414888,20.279686177794236,-10.183009004032952,-14.87289549928361,20.48868769263603,15.956721020041497,18.2047193132578,14.913761262933527,17.324326462605033,-13.408891874224958,20.50040787977267,21.624281358480623,22.824740261977922,20.75982486728218,22.42478984018142,-8.860024835196857,19.7319986895902,28.857855465268457,20.758032360479238,21.362890633037964,19.317540086196185,20.657834629243506,9.353425222492518,16.19681754600919,-10.383267172404274,19.0471227912585,17.555611346853105,26.77287997477601,21.602648570769915,19.458670625221135,19.89170656208352,-7.74447693160577,-9.059344534068732,25.16466185245693,20.637654582649176,17.883558294136243,23.090306204207803,24.970107096294093,23.914251241772632,15.292917858948591,20.60978532366048,-12.030465255330839,18.956863633232608,22.37502579221989,20.379021800664525,14.396940116904103,19.400602398340794,22.613307416390906,20.482540051933764,-11.410006697081343,-14.007279174571666,-10.114908602146013,22.490056799794488,24.31464837175041,22.51286921242055,22.886257217783026,-7.052043803617836,23.297674114125982,22.326488909834108,21.04778277698191,16.851995521764913,18.720512092033204,16.149425950501552,25.006626072709725,23.26573307240752,23.698175793658276,-7.8865831527733095,23.113497674178944,23.402024476636583,21.527415388710008,17.130808966792053,24.657658422505918,21.581994375147044,22.24138254489182,23.17263279583126,20.130678174496904,24.818348701134372,-6.883703744238441,19.029366695155634,22.48948413563539,22.364914199989638,19.13264535300403,10.394844950895665,24.86446265099327,22.972812727277077,-11.817991641493174,18.818597523829546,23.69852920061991,23.541042336909218
20.875111677133937,14.654375619339277,6.461959222718672,21.017376721230256,19.21760332958736,26.121775176143498,13.963860622977299,12.845351574625699,21.178255600069278,23.792715275129094,-5.639679228049797,16.24289586841136,18.026145313918978,21.74994386951314,26.86928619938857,-8.043967059680757,19.765908803883427,24.57736341027816,21.37891368432153,18.825068189322064,-11.58992907570157,19.76691948313258,26.309878651751035,19.65405919764315,-5.889707545246769,22.63368684599066,18.047380323008152,14.88470405669846,-4.651916119410768,22.69365889369097,23.65851863202887,14.426804477574438,-14.657361829165923,21.88843236270946,25.19455813873882,18.597899703643346,17.807207864233913,21.320577571453093,25.858308931963602,22.9529863949102,21.596172607156703,9.962230092470014,23.173536451597126,25.060752057785,13.091613720983158,-6.049785969852803,18.41975999266322,18.822881932747958,13.35024762818969,26.4729006513682,19.34736349687255,21.366447636158863,-6.85319112761651,20.07420106442846,12.493331000129817,-6.904445671003316,16.279746801263865,25.778247424742865,20.846987464211967,-9.417165556823075,17.138874491134622,16.419469933462945,19.1386260571079,21.07735802261763,8.42641991826523,23.2780058885269,17.75917938943852,23.959895712683657,-3.259798205775592,21.80604080166291,20.585191404525776,21.67027644741357,21.173228601696028,17.2011944381494,21.26991448058229,24.99862923684141,17.019968935773704,26.46576259763641,23.804061994511436,-10.05801619392076,-4.109066563429202,14.684066311894226,24.627632874653507,15.389703813233275,18.133994077135945,17.619570082446216,17.428578341876978,18.198671344567167,22.853233755546217,16.922092644641594,12.82438649319739,18.043908437752624,20.755463676314523,21.969589823024634,-8.036835939668807,14.760563454433855,19.638417568383737,-12.24883422147891,-1.9236485209882284,-7.00871336400871,19.994209992859705,-8.3190205590258,24.867031706782495,10.378495887933452,18.577053714447068,18.825597307642663,25.379623949337176,-12.697610963414375,23.00715446078615,19.979137070700304,20.068389811737642,-9.255469893582164,19.839800815855874,-9.758762090256369,-14.036416520468759,20.55107612991253,15.46964154463569,17.4602395968708,14.302301740029197,17.154945702260683,-12.697723597953672,20.277972044361633,21.03022522845866,22.249766462331703,20.354406679326765,21.87607225953304,-8.235760362404397,19.360015552477268,28.42371480567976,20.457583535010897,20.81445046079028,19.009707312979565,20.471551881284903,9.310030624128448,15.891387026371447,-10.297327744723763,18.66811683329054,16.949792112724914,26.311699544077637,21.22248337982428,19.126191719585808,19.369571645133313,-7.232170850554487,-8.258338719651395,24.658199321594548,20.12340920603667,17.68295646075141,22.46074288226262,24.696232272318515,23.63801244985701,14.990727510202763,20.637055669099002,-11.278870251606016,18.87386313549878,21.716865654589284,19.83349942820337,14.209815890073521,19.358162692740596,22.19947902900321,20.288694004113758,-10.814644122250044,-13.676827684580894,-9.300988704096438,22.201630153635534,24.11910574367372,22.278076036307446,22.38738566750964,-6.373800168774651,22.916486505612664,22.011959926304183,20.831876267409427,16.939790114622703,18.457608946949556,15.723640425000596,24.81007732572138,22.89274339953475,23.091054868714647,-7.3136794393916515,22.755824331046856,23.385642534109977,21.20580170864382,16.877587426755653,24.37578340721601,21.49965984670723,22.2831077656641,22.849477376811826,19.537584402435954,24.46778120845494,-6.394601677580539,18.839724961654298,22.20754244458907,21.988291243653357,19.024451916810246,10.236134604917712,24.785340078974464,22.639600199254364,-11.000027170976917,18.809834853685732,23.04333271853835,23.25237368723128
22.250485884308294,15.692630755562051,6.541868418992398,22.575528527569634,20.724882499203375,28.0343126183609,15.28100247282828,13.683141885676898,22.77515734965148,25.560221858131264,-6.7070510654211715,17.533260231064027,19.71941068563812,23.26919725260558,28.74456963136369,-9.17102973019902,20.798913528550806,26.082700215027725,22.736142576454704,20.25087694010374,-13.183887644230198,21.465186412137076,28.10865601382132,20.959596030496815,-7.025280630385349,24.587250554710735,19.74421207324326,15.6902329523304,-5.839701174049429,24.568784227421094,25.09727876390198,15.665369420101205,-16.301482838863198,23.14899015275773,26.94709457208818,20.072378378421664,18.937188958550767,22.946182979893933,27.78924798608281,24.351746224438468,23.214005106377932,10.863159828055661,24.80941883933386,26.796547104516133,14.171723616234123,-6.848726211287053,19.794219883222887,19.981744567319883,14.464911795711622,28.139398826445078,21.0685652164932,23.002047122680686,-8.024381006004344,21.571324613833298,13.039349054790074,-7.922514576599589,17.63477590809416,27.497890892764644,22.616061035280946,-10.400825061866135,18.646526536417728,17.52309386105156,20.6128522130081,22.97001708242896,9.076507950862279,24.78683460647859,19.351161192098008,25.923358943715748,-3.8435306268402027,23.516877487084525,21.96192790122174,23.08942466413355,22.411676598393303,18.682963753200895,23.100096298418638,26.745161827059214,18.627050424463924,28.182656187069096,25.56069002536575,-11.257503510285575,-4.982301249289812,15.393608584775,26.39007671015092,16.87913697189839,19.576550848566207,19.20989177119232,18.917231776262305,19.800311150823696,24.0543531201162,17.815971228079054,13.528377512135663,19.432185235045754,21.929924814762657,23.549837264237713,-9.510798428649096,15.538391842807167,21.30222387024102,-13.569589214935839,-2.8776849395122728,-8.340401349629639,21.701037543708846,-9.690749558334346,26.57042386777291,11.155243525640675,20.155424679220175,19.961305595472474,26.813878092791725,-14.362644656151403,24.831452273095408,21.44941591243403,21.61977449506486,-10.528021505775747,21.167376175800925,-10.987175120294705,-15.63054778116476,21.70607425370192,16.584370791588775,19.008223413833086,15.73182670718377,18.470925707562092,-14.14682096648841,21.905360882972527,22.714137923362006,24.247316654291335,22.00199967918672,23.527143840473943,-9.530830760526676,20.808825920984198,30.451668624739405,22.12585384753614,22.594152258291906,20.314772990761117,21.988774561232464,9.881821598399545,17.238060021468655,-11.128053406025066,19.983987440676362,18.496322993338318,28.211379976655213,22.65061205556864,20.68955575451056,20.892041969950366,-8.274353245163752,-9.747409749871338,26.56168046456332,21.94191068118596,18.90882350482112,24.429860687752296,26.329333976949243,25.001841589581378,16.276903314995053,22.0224632288074,-12.852196654740505,20.029669131118084,23.44262944717333,21.182776588070432,15.205164531252915,20.719103127979757,23.618483672379188,21.5093537112395,-12.119650895230166,-14.91067517288033,-10.646224666014453,23.512276716337116,25.48020663569568,23.493998866888383,24.237229021390956,-7.739490169137172,24.783331861269854,23.612506219766683,21.97200455797325,18.01267040573976,19.880975415925096,16.9458562251917,26.628879765020613,24.534823197673365,24.728592736601154,-8.503656809678805,24.477425159738118,24.63949573520002,22.619698732465036,18.205493696841067,26.18018186957518,22.841282481247244,23.673644908561688,24.23945787563581,21.046519854327293,26.386863155038842,-7.418752104078194,19.84505030947108,23.88951851551268,23.701130948924728,20.324499682822932,10.988339070733252,26.220356883590824,24.019738156166266,-12.549822049397385,19.956451718851934,24.88779288550113,24.617755110627712
25.398855664675533,18.169523560285857,6.694431968355953,26.52397251023826,24.106864126324773,32.01577853172173,18.846860555433604,16.139326964548275,26.912005077020723,29.683721092563278,-9.305203967350181,19.042238576578068,23.75447499062291,27.16282634719423,32.647520716339415,-11.494001047858287,23.572285451997438,29.352035204420943,25.755865095956505,23.182103984548128,-17.242324410841952,25.300347288816305,32.32429587034562,24.18278509652327,-10.334316308861764,28.42578152136301,23.65770044843581,16.788451423226604,-8.403742389208842,27.714736542687927,27.91441003887956,18.049587245757948,-20.59962199983283,26.927116812080566,29.558822888430846,23.482499234099986,20.98012666900637,25.80608646451203,31.9495917005616,26.851837705201007,25.63320264182646,12.411889052683897,27.973787715392973,30.85557773516532,16.765804966629954,-8.601205305525719,22.958353554885456,22.57804017961567,18.402361208761082,31.401194829969135,24.865171999765792,25.7373800944887,-9.955845324848926,26.04346974879685,14.053100774047007,-11.340204027772623,20.883252219528497,31.421471442109038,27.1611133177469,-13.088546822397928,21.09721436310425,20.147768127343948,22.630888300979453,26.401951526585623,9.993781368175663,27.98298207012841,21.815857311055137,28.792063283600058,-6.090495354767305,26.871334732726666,25.085390467548095,26.298733839428625,25.379201114698695,22.514575008707826,26.802727260335047,30.903463366578862,21.29620958300016,31.824224623148346,29.5302117818092,-14.739803330711304,-7.541602767519406,16.704883975200868,30.701194014237174,21.08370546070216,23.59641899440723,22.816575263652265,21.893326232579685,23.213506684184807,26.237078079347235,20.36969799778624,15.289285420881159,22.889073398651917,25.084231309134076,27.14309357044145,-13.334341492322922,17.525704897702383,25.09543017291142,-17.983818487257963,-5.779856835082403,-11.456631841458405,25.3084694359632,-13.65491734046646,30.145739644210032,13.52606665967877,24.57626151654318,23.164129634189567,29.669309949104445,-18.91888109872833,29.045369275364738,25.399705836281715,26.060153865420666,-14.208926708764047,24.83361671713319,-13.773602150870056,-20.02165662037795,23.497299326671296,19.878440436055364,23.242406231402246,18.36745340875966,21.602578282848974,-18.77300218142897,24.670485043361513,26.076462272785278,27.891615973128868,25.504886529371383,26.882259461884814,-12.869539578546268,23.060132438340474,34.70713000190421,25.056103661789574,26.910508381636745,24.47514588456842,25.275081741449103,11.837379199431494,19.820816070207297,-12.523232836529981,23.268071700465455,22.322720168458215,32.43702193229789,26.087481804688352,23.737727011452034,25.202523927757696,-11.718270108188149,-12.76855769251665,29.747691229954164,25.88644621879003,21.257283391105744,28.044546183830207,29.743973042994913,28.217874172295623,19.144292910794025,24.0886853622147,-17.10774110641926,21.635468939208824,27.364503736205943,24.813817271567178,18.4224185959383,22.203073195381876,27.168334011996357,24.495735104585865,-16.0589407826921,-17.24678511587436,-14.62892905822606,26.120076382996398,28.40044119762555,26.719070401857714,28.156636285390327,-11.179407286807072,28.076325045416088,26.813456319137376,24.355527984097854,19.962069536888148,23.06866513086785,18.59151943369502,29.54227077939781,27.49765432587659,28.981575050088914,-12.024626224199393,27.360094227747467,27.46129792960141,26.740879889534593,20.402154993076863,29.42006623690199,24.832669953879236,25.850372488630896,27.994174190209193,24.836573966626016,29.089287887750622,-10.352130924540297,22.191814588805375,26.3490781897077,27.31499821891011,23.439033423639195,12.576264177213023,29.374623072272655,27.882505592910615,-16.98039058034161,21.61118741461575,28.280367763458397,28.2211262918012
18.247696048775904,12.757245869602597,5.4336380250620095,18.152319912138257,16.193300510728132,22.161937956034908,11.86288339515325,10.888922330536847,18.17153717704383,20.270201972292988,-4.069785623539313,14.302185307462691,14.812412242233837,18.229659265740047,22.432263252887466,-6.3587851728761065,17.128636211484242,21.63023121730502,17.99517708284919,16.19397000268021,-9.308531214377975,16.768381637319468,22.495544561977503,16.900315031193916,-4.1224744255124035,19.256669604753764,15.165874716579339,12.80288880400803,-3.5564474849521117,18.94114981470398,20.570432922258334,11.976649166117603,-11.791089943551903,18.54852641176366,21.88399373788694,15.278470035579613,14.301728142346384,17.77611158042807,21.576868901895605,19.206158230614125,18.49831453878145,8.305495510481967,19.480460098956396,21.499707868820312,11.273178316743907,-4.6245736292429775,16.213141732838313,16.100826452727414,11.080340721297004,22.730210045058772,16.593174220426317,18.524582697469913,-5.495695016556539,16.77058690197285,10.596992884294146,-4.957860457992628,13.788816302262221,22.437923227144907,17.584534194555253,-7.949946678127821,15.111756968697364,13.263640382192342,16.895358271924266,17.29607195710178,7.732994568882747,20.472542104230207,15.010119118371671,20.33491532083985,-1.6619023430163065,17.74627596735084,17.513289048702198,18.89447674545725,17.95906581181513,14.528717234446392,18.021346298512324,20.954499068570765,14.470236793555433,22.597222172736743,20.570768759729688,-8.245718406882071,-2.7529362738626553,12.85495076417466,21.310798503707467,12.849208391884469,15.357196120429101,15.144290103631947,14.619964117069257,15.421324218210057,19.889898981348484,14.137791648301924,11.290687921440052,15.226580494216279,17.960043031194495,18.812561508316335,-5.995817033069225,12.304654062723332,16.524944641326734,-9.74500726847275,-0.7677554280007443,-5.247730327660478,17.331183780816076,-6.407830883860761,21.4311629552012,8.304602011298254,15.74778786527863,15.477435331906943,21.887865984932766,-10.313456100977207,19.146404175281383,16.673562107590357,16.61773532819579,-7.261102854737204,16.956372941884336,-7.870523637370474,-11.644729870300115,17.478389192735804,12.898001655516458,14.864546683660482,12.63231622875917,13.548042231518494,-10.174062491398141,16.699275155925204,18.320664935257142,18.744188917768923,17.291345386205986,19.05305645611449,-6.5512740734015855,16.689468257934536,24.228818500027153,17.04186351284727,17.4441600125671,15.914103283261591,17.15444040363341,7.285543219049652,13.571923620648084,-9.021280694834807,16.17226582343324,14.406150125935026,22.483289364332634,18.37788669720972,16.2619252512206,16.19050257647712,-5.521721850508021,-6.822501681276117,21.190540711193307,16.70255435124511,15.067998242183098,19.200282390566294,21.28142196044569,20.55793935635133,11.822125907424738,17.05749930395282,-8.85391097736532,16.395192789629824,18.859348143007164,17.025606297237815,11.666194744921961,16.389881638440265,19.233381200552635,17.248376391563642,-8.511569521312227,-11.685451481871288,-7.476031806953717,19.65433484331592,20.92483537714666,19.21160237192638,18.9423944040104,-4.361684758846442,19.274192423915974,18.932161988069808,18.27456538727533,14.223435494871786,15.297032697189588,14.269451138185191,20.985419470515136,19.773850960236253,19.843104501897837,-5.626525867422525,19.441074278149102,19.804388773440337,17.810480918007197,14.949650094253427,20.71721805983943,18.658560479966862,18.850362760096893,19.742547303908193,16.888502154969,20.773234948140097,-4.921782394284146,16.344585686152254,19.14121049691437,18.69440550204799,16.13950606136578,8.822391213390311,21.185623966629795,19.36254285629043,-8.586950071985964,15.981586958150185,20.181222742027447,20.06538494863331
18.92144028884109,13.474786257491083,5.990469985669195,19.48978609047972,17.896982529003626,24.296784844978177,13.320291838653253,12.254882789116136,19.626091036418973,22.302652124654507,-5.436832640386058,15.198864265370242,17.04356902942461,20.60379478645209,25.163325684576453,-7.538691420324635,18.15780229727301,22.354828783198585,20.04926383092573,17.618491743011987,-11.176029143081175,18.67499751340329,24.305063756070663,17.951740163339284,-5.845971756759325,21.192145394452364,17.185813975752968,13.921635220258759,-4.352123766904129,21.15983669245884,22.053201435351415,13.614777249495187,-13.963125595688615,19.95569505645362,23.23029889730676,17.572228627195187,16.882568991766078,19.809160048695382,24.27238629241362,21.307504797093713,20.03466873781901,9.335110459132217,21.6203952333454,23.016697583644607,12.123712193839113,-5.85441862114195,16.843234852733243,17.675119169782338,12.595071000530893,24.269458772578997,18.067411652465946,19.88533240920429,-6.5259386498266565,18.81795901953659,11.749328396618738,-6.593187068268763,15.507689462148514,23.518071157132663,19.58432205326199,-8.867346622741042,15.963870859133058,15.455121523741997,17.556019976437202,19.785401973050185,7.65406864279685,21.003440322642064,16.591748981812923,22.391557327679454,-3.2111477504339927,20.692189113141577,19.4053673165034,19.555232255723126,19.362089265782718,16.304180195658866,20.061970631214837,23.618679579510978,15.973936669876123,24.481549188673423,22.11542755985457,-9.383275785204109,-4.064759741426411,13.342578526363667,22.588280959399647,14.748323696438367,16.847530216100118,16.532843259521698,16.347473512335494,17.16946563608125,20.99259557213398,15.621404496785129,12.013568825603372,16.993880216673613,18.86926496244631,20.234900615214485,-7.777826233615098,13.788392741394906,18.627529034434197,-11.760638102702181,-2.0679119528230188,-6.6648832816614965,18.742006391388074,-8.111556138085673,22.83558967695565,9.948041950868603,17.46018029775617,17.734869525339015,23.119337889034778,-12.16141800921106,21.752106732401554,18.687478388989177,19.05848812444862,-8.907329420351443,18.195087342265936,-9.310942850360682,-13.391120846725244,18.850136532875133,14.246819059708292,16.23474904666182,13.476770566200322,16.38157691252963,-12.292655480309747,19.0216386798037,19.12849166493362,20.885713295862516,19.084762225636663,19.917792668726694,-8.036512720972079,17.761491466740956,26.414743738867838,19.008039075939756,19.521460238374935,17.81244521819356,19.19425693589251,8.744581321409095,14.86027159693979,-9.55665784581151,17.544412175553045,16.086558665075152,24.424925153533117,19.314267192839367,17.85203868722425,18.41265389145516,-7.168707788206655,-7.695984023188155,22.78024631833625,19.03976769583279,16.317848455548436,21.104489330243243,22.875644625089514,21.542274878118125,14.209296260185077,19.304613183132478,-10.921739930011833,17.80897032611529,19.86195946820036,18.053108393293773,13.586125752169622,18.00373160178879,20.16345560172927,18.486795467297764,-10.360503758719666,-12.87489260835884,-8.910595598996887,19.978707526984707,21.894283306786935,20.098981005438617,21.155000344438104,-6.284578364898815,21.557777927581473,20.53650419740778,18.630304411153286,15.942663479976941,17.412317394826335,14.243728222760176,23.200991609857933,21.09274876221758,21.195669023366932,-7.211509611542658,21.352876662890466,21.65038738219817,19.994396770755007,15.471300799112488,22.696208342873003,19.84985488389769,20.744265054754354,20.938820170617856,17.868044741027546,22.643221624783198,-6.046953635290033,16.914598179968927,20.49134745124894,20.49629414699597,17.989324957308906,9.476060554563016,23.157574490172212,20.835593586658334,-10.620504672249544,17.574331461544478,21.185010795488708,21.108822035735045
22.394176974806626,15.746692916173396,6.495406277664315,22.681013537597018,20.651852645536675,27.82502744510268,15.20850984835991,13.575959149790291,22.89127016441232,25.394576651387943,-6.590556279128354,17.376672664996445,19.495110537101787,23.062920799678334,28.450975689370626,-8.969473772330803,20.869123629394,26.152781724169923,22.4639632574024,19.959264743757185,-13.01369005391949,21.201257854264387,28.030348692200633,21.105329438006834,-6.965439998479483,24.46498662430435,19.441074082326956,15.514087475295497,-5.800864655982016,24.252530820301548,24.88913214211217,15.314011017226392,-16.17489406453717,23.362351178113446,26.68892396721392,19.765756714470132,18.616193370524815,22.638093587348838,27.61104235406208,24.10484013833743,22.89626145942241,10.737315438484199,24.576480614448506,26.851041969653725,14.223949583363648,-6.729228781379308,19.78438282028349,19.84025153497445,14.675481488463523,28.10289998447065,21.123764044962314,22.827606642833025,-7.735817702876021,21.629038275818466,12.793922849897424,-7.917683500732263,17.34295914321134,27.587815726277814,22.59604787038087,-10.46535609927166,18.554704699258355,17.362059365861132,20.420561645214974,22.61290253739369,9.052086761252047,24.91510339265783,19.168795877778834,25.536448093687955,-3.8643265022968616,23.23356721419174,21.727645494011444,23.278610161538072,22.52220289219108,18.561473024205974,22.780779217195693,26.471876635913457,18.334865362815634,28.065086389120108,25.42690029293731,-11.406955204906287,-4.844109864327077,15.360667164159423,26.50163859844996,16.96419297115667,19.67366379161302,19.002307893460436,18.782926925238467,19.517378365382925,23.867433124556154,17.901165687550776,13.55662405092226,19.249562539807698,22.158449356017904,23.486725974596936,-9.430096732611345,15.449550536628136,21.000048518055937,-13.677754366297577,-2.864753231603629,-8.247209311949177,21.484444103925288,-9.656484193169005,26.454149952654674,11.109238566655629,20.222371290390665,19.7996700037916,26.81679049581579,-14.317308206920464,24.716244075746452,21.444325496619452,21.509969018724785,-10.599625850651485,21.2781391033988,-10.719136766390163,-15.695757585337784,21.514533295183124,16.839954811869536,19.175476894199058,15.547032109965032,18.27933924895754,-14.181274294675532,21.579552612530346,22.702580396942004,23.97066636980277,21.72358879344667,23.625384246023998,-9.371480858590491,20.75431398405621,30.257006957734784,21.88590295564786,22.47826421932898,20.34116818764034,21.735207111335313,9.965548906755762,17.056828538901197,-10.847040693876663,19.918107422942295,18.38130602681532,28.055947988635356,22.737516582422533,20.38495377438076,20.791510332143954,-8.315647064026118,-9.662452159537128,26.443868385782444,21.647503043731575,18.840178104468915,24.20673820560661,26.123820064154476,25.02486905350523,16.159026936102148,21.602284326090423,-12.77582442480281,19.789547136397154,23.532293709255654,21.461964711938876,15.055952408393235,20.351011235275326,23.795033412133314,21.576525398011114,-12.096311593317584,-14.681193708580896,-10.724070345115106,23.60092896216957,25.54435697634412,23.667709111904685,24.005940653711015,-7.588623927809177,24.415743003193345,23.369538044386218,22.134262899886338,17.67403372180289,19.643140309192923,16.89486987054076,26.219584172261314,24.387875676418535,24.931336944615534,-8.330486292363606,24.179243208486238,24.497420915573528,22.514206762450627,18.040761865811934,25.854627770662066,22.505046069070957,23.309562852766746,24.39913173247208,21.140361261671426,26.086394811082503,-7.329797730813659,20.039933751478063,23.69795498875881,23.545133354531576,20.065602733296195,10.90885257434833,25.940991142077838,24.040630862296638,-12.53275400282343,19.604257345662088,24.82970835530983,24.769669206321986
22.886576424094304,15.94083219748595,6.628331121836748,23.01038388265507,20.950170267919546,28.3171390423214,15.263129099909605,13.68184347464785,23.409204375535044,25.733755836174005,-6.584748013336117,17.599606443156894,19.663351552562528,23.403546393398557,28.89596977015954,-9.255597630053082,21.34594671593259,26.800004488337585,22.808881949135603,20.16917731660032,-12.984453110506848,21.388856185596662,28.571356526304534,21.70183945547299,-6.882057077169581,24.816570529407965,19.520893360999647,15.78013154529523,-5.754592690091799,24.587416994054976,25.242777509840998,15.569076869818641,-16.305795790299804,24.016235232393726,27.240264149300526,19.945359056432757,18.862291215412995,23.059246623593673,27.98475867977793,24.67250358498185,23.269624773174485,10.83498798617487,25.0389027067024,27.459983462820958,14.387368373405613,-6.7794250364340805,20.10004694660325,20.07063904185202,14.865040762428457,28.753824947401178,21.394466919199264,23.14982754226869,-7.8566872768274445,21.978493328142406,13.022415067846982,-7.995264421997096,17.39294637747267,28.300793766942896,22.883876843954518,-10.763433708087373,18.63732230540124,17.70691076816875,20.790560737992017,22.83708731121861,9.230851867304494,25.629241016760233,19.403491360587577,25.87029958392484,-3.8298336140756697,23.47280675685612,21.952893543709827,23.998091087906122,23.202884395355927,18.649809190030872,22.943174786088225,26.78425309605869,18.497695931950123,28.724620987509343,25.887658593046552,-11.5403648136888,-4.725480702266964,15.703150581259763,27.029602473130772,17.007821937492828,20.10313371558784,19.15034226666392,18.89966136945256,19.70200939517882,24.428665539982866,18.415756457839812,13.735270913153789,19.40344396249657,22.793975830210613,23.974529365838716,-9.41392424725855,15.66137569203238,21.049804453471474,-13.776241133340681,-2.723413255322229,-8.231611381703097,21.722660599872682,-9.628683796398388,27.020848689492286,11.22241006226497,20.544851484391664,20.089598141377337,27.606518117628617,-14.337774502540466,25.02938156170982,21.933532448449235,21.710161784307036,-10.61046811618005,21.877797865286603,-10.838600421536437,-15.792855298069233,22.152368582865833,17.353417132797283,19.448110464792066,15.613812969654399,18.48201726289708,-14.182376576838482,21.888092608814574,23.231741034726348,24.22237277134264,21.930757485684587,24.226842215219715,-9.273889243954898,21.325080396090037,30.79282554899668,22.171238247509223,22.759891458966088,20.546177284352996,21.984924356324917,10.122381494257946,17.154794981318403,-11.043839102244075,20.043475322076553,18.38106517493577,28.51602269272675,23.20492973198786,20.6465652610665,21.01262215115773,-8.090345117887198,-9.73390299734086,26.931818944829907,21.814441210323473,19.140058421429508,24.488489510199507,26.68948889884286,25.618367253433977,16.2715095473803,21.933921829098345,-12.758058628957151,20.013915467575146,24.005967697452213,22.095850932656177,15.157621889543526,20.736155063493037,24.47690528241042,22.14983838413909,-12.256716319166975,-14.733231315534535,-10.71442258673608,24.329835364594743,26.28041258140366,24.44825150268683,24.22554184377195,-7.5538854544252025,24.70611491493712,23.730472490923965,22.915824347880946,18.019866397964087,19.763243098894378,17.134595080581487,26.568775893275493,24.82198614719824,25.547171650519758,-8.211427327460068,24.36665860248519,25.143586788623264,22.798444928522194,18.273602741748817,26.326634011999506,22.946453252185044,23.77477937488478,24.904923976162937,21.48632129781996,26.521647641948483,-7.414967743078851,20.778416368561626,24.1604243067124,23.821236977481277,20.161679429655706,11.070928008143664,26.336707147555096,24.583220800799964,-12.587355839866586,19.977192542422983,25.338251058198182,25.46475464132956
18.802028682480977,13.289748523213667,5.836516198893586,18.944500372284196,17.62278127775091,23.888080394889034,12.55109361887606,11.634400529038135,18.936246985948657,21.803953574874253,-5.01357036412577,15.307956936129363,16.436299716774954,19.841552185744995,24.660070603952708,-7.172712622379126,17.752033540567094,22.35582216135393,19.670927661367067,17.410161864503813,-10.519004237836274,18.083142189866145,23.81986923059228,17.513647403658727,-5.090204296744111,20.788775855582067,16.60311835759328,13.861196190720023,-4.143425091551016,21.064990599843192,21.855832853183752,13.164405051791142,-13.184698323565485,19.344313404829837,23.370026884510466,17.101043183413715,16.600565626366183,19.717920660799674,23.695569269102077,21.104581372646543,20.065291376356477,9.260795629941569,21.245902558549393,22.52064580857979,11.813608869255354,-5.523366165961442,16.748835895767368,17.433652552758744,11.765680235970834,24.089184480095692,17.58911785842952,19.798161874359664,-6.332481323429952,18.064384113378843,11.63428043384362,-5.824377669192275,15.030821861525917,23.225879468054526,18.914309418301112,-8.396283119619042,16.046141156846918,14.882795288234332,17.91044465318017,19.631746477153868,7.758060729045732,20.922429838351924,16.575482180971285,22.387166819957617,-2.6415576983572895,20.17128648925361,18.910302527884706,19.315867334058076,18.96179721578002,15.58681487390453,19.64468150935351,22.945646814225235,16.00345513756435,24.04343751497737,21.612626426599306,-8.798752526812935,-3.6594398527968597,13.508538846851863,22.182572690461154,13.895719121768058,16.149997805026583,16.090245002580456,16.155271725433874,16.698880371468448,20.97559239948689,14.990652229306686,11.780917660844645,16.55827685708594,18.52758331694322,19.961058375376453,-7.133960885231775,13.51174221423874,18.13447839577461,-10.722347948328084,-1.469817459153614,-6.280928915159261,18.332127389101014,-7.328362524368678,22.636117520479285,9.453462905296622,16.705333136229623,17.1594965174188,22.955482186513777,-11.266381817583193,21.0040795168246,17.927497394994806,18.266477953969105,-8.118416234802456,17.654413799902358,-8.867310907710538,-12.538402953133266,18.812790864138513,13.542836048282993,15.601536509515988,13.361113360120884,15.624054969514185,-11.213659181641562,18.80272137350887,19.09310636278429,20.595894189833032,18.761421060507082,19.69593091759821,-7.426920563296112,17.67951424727139,25.981663241102595,18.940977932046916,18.802106153301988,17.016940923365226,18.71669368029195,8.184717601319036,14.67672615328563,-9.615936430183497,17.040229421324877,15.531631934110699,24.08369964151486,19.160729078158017,17.65710612032013,17.613485808465878,-6.320049272174293,-7.472786878882083,22.70029694044026,18.511360990113186,16.23532716104821,20.737806386116585,22.525682633643502,21.464581031019936,13.817074106241911,19.277451395423373,-10.080923619229962,17.80711944275044,19.558302350935193,17.564524193892986,12.871632742484794,18.196201526135756,19.789864094136785,18.171505246676126,-9.478753104009227,-12.728886420608651,-8.183260156554152,20.015628401661537,21.70277101097922,19.788609646761017,20.59504208702337,-5.6420246048506435,21.16611434889606,20.240415232250488,18.59540963738933,15.567482192978227,16.988564947139523,14.668597363365164,23.067507466216664,21.066846241236465,20.604405718701003,-6.496342092464453,21.260521811698258,21.26722528088197,19.185490282780815,15.66037301645578,22.46717089996123,20.074697332972427,20.654338026983144,20.441584830220982,17.64825223061238,22.788818991001246,-5.594342711806055,16.779349423906122,20.489498922079708,20.146768384957742,17.52328117181644,9.436790104956804,22.83694418542713,20.33985542186053,-9.710147581257075,17.68370396239794,21.086447538150974,20.716317252301515
23.728418006256977,16.975738956229883,6.626077273649235,24.256365187496577,21.688607777740685,29.37719223346413,16.419247099803034,14.602033053698172,24.237368358878456,26.887756579121866,-7.227992410796839,17.88194057973754,20.710243189423664,24.487481429341134,29.78407309462983,-9.600518958449426,22.12667689866552,27.52309336045901,23.445428769949608,21.32590739079475,-14.308385658859024,22.565118032610226,29.66477662749183,22.41522756814845,-7.832239167055764,25.631368185992006,20.914604434514647,15.988055565162837,-6.459920552697826,25.20090861576052,26.335143157116818,16.090763679305187,-17.51693937614802,24.741410938970546,27.86736223705675,20.903354751725526,19.0117275880217,23.432318954903142,28.94864425257904,24.797677250684742,23.651624810867233,11.10332466847257,25.69079567664616,28.483766238990217,15.457763966086782,-6.9913606026529065,20.972958029432892,20.812531972147163,15.798598316619257,29.412157087963173,22.37224969192346,23.992902503779657,-8.247000568045749,23.055106875734587,13.353929691786911,-8.746596941389251,18.67336030537947,29.179112703784252,24.184969510149042,-11.128052308654416,19.40699749410313,18.146092221827505,21.470244496077996,23.499095584146552,9.426983685131791,26.31520690038274,19.871485991053326,26.391208977496124,-4.277607854193952,24.103756493296668,22.931390642320956,24.546769908829173,23.484346308712716,19.970683246745264,24.256468907969,27.993652464917837,19.102427802787748,29.480911282809508,26.912840806487715,-12.31994346982212,-5.587758825480549,16.137524158866007,28.20808833516601,18.145940445243863,20.856541549822776,20.405682193285713,19.67630586155561,20.672072782427456,25.10131779617805,18.789892093015318,14.138048302223313,20.619949536397492,23.366247380086662,24.8320575443792,-10.424775952129313,15.929127919888352,22.448452530667975,-14.86846883742486,-3.445434723764316,-9.010381650851583,22.803819688902216,-10.671128620122495,27.966468271466344,11.727020862565805,21.63731150409434,20.868971796448538,27.895950181773845,-15.597059464991066,25.90359881575511,22.79384041253216,23.055624783927776,-11.512585233784606,22.561084089825787,-11.530249868215693,-16.949620213956894,22.140548910045624,17.71048011260347,20.670804851875413,16.58789514585014,19.060239562815703,-15.472301234759893,22.38833977479537,24.01040878132393,25.233180859669485,23.008077567987296,24.752245464383634,-10.407760261930072,21.356912882478866,31.839615741492455,22.701260425275,23.961454788000314,21.774522034269058,22.860143617226168,10.181331821181997,18.08691452583773,-11.750845977844913,21.345356844927025,19.74643867550202,29.651335048555783,23.99118704524911,21.49699144584599,22.256255688132573,-9.166157253499097,-10.554790727499201,27.550121976163496,22.87909935331722,19.67807191555799,25.46453236745626,27.54535671856404,26.45131499327772,16.586385133658315,22.253721243616244,-13.91099061970654,20.401287715276215,25.047703266368796,22.62345747369055,16.219020726062404,20.876943190410834,25.0805156938377,22.608995291531222,-13.149227901151473,-15.639079748946905,-11.903056613928536,24.795707058536955,26.75600805454288,24.944647613713855,25.39423381109163,-8.331946220044083,25.561392674014236,24.477957124899937,23.15338497320113,18.42680205958812,20.66627624265743,17.815476121643204,27.32900249317897,25.534031390947586,26.399352744027887,-9.454626136105128,25.180202307614987,25.541401722782446,24.062782508530606,18.779190594062726,27.054331922302932,23.43844289652683,24.049734319391124,25.91331011740862,22.591534148411718,26.920520363457833,-8.165828410133802,20.788900840829005,24.397895156417036,24.894816107512558,21.33914435922579,11.607737691355782,27.32150216377594,25.60402974345149,-13.674605366250336,20.394211338768844,26.18851085324657,26.117960031648153
20.251714276718747,14.165322076152597,5.855859220286108,20.941527544434383,19.29876083429807,25.454854118525116,14.569105768387107,12.57419125154813,21.659451226946558,23.657673065973256,-6.437380104042785,16.04124573630222,18.659980378756206,21.741350924346268,25.969633812856163,-8.77055480598093,19.02067389520955,23.857713417646213,20.663153453333283,18.259069566724413,-12.493379427524383,20.008303281941643,25.732868151464004,19.53569284774295,-6.944911941964448,22.887535923126514,18.478415325883706,14.187680736211258,-5.375071615144838,22.0033718379362,22.51503539183912,14.52700569792244,-15.161198140423242,21.514926039265305,24.075638998225628,18.47978485276831,17.011171126233013,20.665312656293416,25.39180507154358,22.00666080983916,20.718922511075718,9.87906770229407,22.53957539485543,24.63500611534221,13.014118394219095,-6.248326729210829,18.104210917968754,18.126765517800887,14.43559562470021,25.399348042832255,19.673446017167016,20.710586157346967,-7.252368238045858,20.65971004906294,11.569692920083844,-7.910522813548085,16.427386058475083,25.349752190686065,21.352876802517155,-9.977711697592309,16.89707347765508,15.923900765770199,18.42970856286822,20.714796043326146,8.265294129815446,22.671340197608195,17.4070394558673,23.193542427294773,-4.007720313811516,21.337330559237042,20.11433482612994,21.37551271421995,20.859969661400406,17.462020876569923,21.095481751770834,24.45492593144855,17.139936859095506,25.78309992394416,23.675857013586715,-10.846693752427763,-4.770725331079009,13.495290166916751,24.46092034840173,16.579599919253134,18.953209320360383,17.771609335635418,17.275783828481323,18.50060368768686,21.265056567567807,16.3276432668796,12.629805668127098,17.724962972453977,20.33151426657345,21.71508162150373,-9.312690239067448,14.232355911194764,19.418096861778416,-13.305983428572134,-3.3809203690663736,-7.975514819904736,20.162305100064966,-9.557665072028971,23.993078720632564,10.578673386072609,19.56549020533401,18.294908628878062,24.40002235859945,-13.96914631472142,23.257096054306945,20.231171052297146,20.369523014755206,-10.430896061950538,19.93517082764866,-10.337547902669403,-15.251382741846848,19.318071416753362,16.20362628361631,18.129656281697525,14.421554992074478,16.871802858172515,-13.927148377920156,19.539430591269383,20.856527647138837,21.985756159104476,20.073921717771963,21.819867129137158,-8.956145924508473,19.169033841650567,27.742161174083332,19.887732006684754,20.947942199802903,19.035221294362522,19.9675736413409,9.41896439713605,15.358205704567405,-9.478326593473607,18.507076372208523,17.18416279756133,25.806863665991383,20.57347500147519,18.825703237618065,19.852885678421917,-8.23175076743103,-9.013673360046461,24.08999368107513,20.278726339599842,16.922127431474806,22.501452586300918,23.92571718345037,22.68202698475797,15.138370672115068,19.528297528877594,-12.416505451113206,18.21752256457095,21.586855241627116,20.183073226241426,14.31365772516244,18.17784375772771,22.0064997207078,19.631968718176434,-11.84988165964882,-13.392063092954677,-10.39692308051134,21.37271350121736,23.11712194795723,21.58051685335749,22.0928807837821,-7.6797555612081085,22.620764346456344,21.650473504087824,19.99090654919333,16.089544129319922,18.09721170221906,14.978237516716003,23.6620938064387,22.295884674418676,23.328014747213537,-8.22372455249663,22.08864800267922,22.407723810878437,20.987750403180023,16.406067087211845,23.509897811213282,20.366029848861572,21.07290535732088,22.222384739488035,19.43202637698478,23.5417180095067,-7.092717587635329,18.3295432920756,21.51226727737375,21.41246319604372,18.364572444870834,9.736983376968423,23.681418694679355,22.214910458125814,-12.366611870999696,17.645720604154462,22.77680943133998,22.648259198082748
20.02192023685542,14.132974746200706,5.863846439012919,20.268401942002193,18.440503227479446,25.069923899166447,13.497434509759284,12.254090550183745,20.436470744852574,22.829149506919574,-5.699887746380529,15.796063054189956,17.404197892876663,20.823186443438452,25.596256954890194,-7.975891085611971,18.822283266841385,23.546979158090117,20.295576775345015,18.097177822295347,-11.487833011707055,19.038408715317633,25.17472383598425,18.902837000537776,-5.975355882331429,21.92257751973295,17.489418300810556,14.085856582996987,-4.998820265021348,21.804687897745232,22.62350735288283,13.777056667509987,-14.390792194906785,20.816060755446593,24.208529389418008,17.77781677277947,16.80284543226464,20.35319361802912,24.768578253552498,21.77205712339368,20.675992698205423,9.5465320060228,22.184663297512156,24.055988744673773,12.737317097559233,-5.965199632174868,17.70145734177435,17.93985249833627,12.902627335843684,25.303068562725716,18.83864695663212,20.620668646191096,-6.926133463174093,19.291933806780474,11.772887054087578,-6.750869176519181,15.662092525017934,24.759067209060905,20.208932078449177,-9.268305296096576,16.653408792294698,15.612062524252607,18.54923847621836,20.249503920429085,8.164535436390773,22.3590422762876,17.186005050518418,23.009662711224706,-3.1731347080364833,20.843416127405987,19.627542560106356,20.825084089669758,20.166367770568083,16.653469270491247,20.49060349793496,23.87169582627369,16.469883658984536,25.326039210900085,22.86147009690232,-9.949549391178813,-4.149325906148713,14.006941296013938,23.69782489100602,15.011939411822047,17.499631078208555,17.03010737387586,16.806259228632445,17.55364800221804,21.72376755393674,16.086710225543023,12.243610628886781,17.396538679229078,19.8359865251994,21.060793103042652,-8.145297529332645,13.863910933375143,18.87059384551064,-11.93991066235767,-2.2109918310754546,-7.122118689194889,19.31203971388706,-8.374949648665353,23.8393663466407,9.901006008286211,18.011787702410114,17.844635867034633,24.155326476898896,-12.557815904740114,22.1035515482221,19.236940858332616,19.28697879711684,-9.215585991204755,19.03590619065066,-9.512833894976982,-13.801459291196435,19.496926380088304,14.906545915529406,17.013153604889858,14.023693783516634,16.355958084017484,-12.410413536123889,19.41390171403785,20.308393910704588,21.528452529701934,19.521208281108784,21.122670976427305,-8.262247898799176,18.61184239556886,27.219976165532234,19.570386493659345,20.077431634354014,18.123104962653425,19.533754263095215,8.755801128540861,15.288518571307051,-10.00172466883789,17.92752081425744,16.42207167168102,25.231176466067797,20.340124225708983,18.385398181128373,18.647428640724282,-7.146624210050644,-8.49240763547686,23.764447558704205,19.40499006115962,16.92231706620934,21.761521293728904,23.630330917570248,22.53281453631349,14.312904015183115,19.529337010594734,-11.223096821146628,18.087020850484585,20.998170533555857,19.08837794653074,13.526963281540057,18.52578486072311,21.252387578695956,19.311013059522857,-10.581954023435967,-13.340739410497372,-9.388497921903411,21.262845761226888,22.96591419336039,21.187853929323037,21.58430965327443,-6.522746091422064,22.023696487876204,21.055227315133877,19.859629042519813,16.01697246276926,17.6278079740821,15.278504892051512,23.732744059304814,21.9110682907931,22.24182225587684,-7.3064614113584385,21.81255519196977,22.177171314078432,20.21804099014756,16.17819427130979,23.3456827931344,20.47428296035426,21.117048445000833,21.817282527286288,18.840530311993735,23.481224898598743,-6.498656654026013,17.937320994328356,21.34494570351043,21.13865225860923,18.105292369097608,9.935091333547783,23.486944960490703,21.592890561141463,-10.924083641959077,17.968088812556978,22.316501976453033,22.14950629753737
28.02051886248217,20.275428859174706,6.963513271592017,29.73845892677268,27.526977413016283,35.500758346094486,21.746386008794314,17.94287446986344,29.953481040428645,33.41433334119609,-11.80275721873514,21.361168379038578,27.582249020347746,30.112643061138854,36.00206155112172,-13.753889708064502,25.319385889986044,32.37699900610786,28.322883681815895,26.206570351928725,-20.791973158514377,28.7613487392334,35.67365940407028,26.53231171403217,-12.785342436758436,32.15394546551663,27.43290022696334,18.211025622061086,-10.867274327351764,31.270923846651634,30.674061420550608,20.248834497788582,-23.94547362547392,29.18456280779665,32.58491757105369,26.774093695681042,22.863429144082954,28.92546922134763,35.694254012315405,29.042029641516073,28.603574354467156,14.434513046440115,30.72641376427233,34.03872021128671,19.091262503436173,-10.121231260510145,26.032843967813275,25.146594759015453,21.207898535627162,34.33642538357865,28.33114464438405,28.842675381377525,-11.925362716464361,29.466112507533857,15.165001365815586,-13.719077731398551,24.027993487723766,34.65013803945855,30.955223615706934,-15.001191530673562,24.234995228961154,22.0665853874056,25.51674821710667,30.140096737306564,11.258138723113577,30.630612191386724,24.806317879544533,32.37121054437172,-7.693023385888081,29.987010854800857,27.77419893881777,28.68695988450933,27.610849631247422,25.758613845738704,30.682516727208988,34.34843316935557,24.54603635777286,34.71734388823326,32.791202667577345,-17.301661550601125,-9.902745373004073,18.247247033362044,34.27203329593381,24.542675248357526,26.538656750381993,26.331171168929576,25.10101994968838,26.62883073008508,28.15088988908349,21.57417199974218,16.91247615142581,25.931407931312048,27.230763774611034,30.42934626026221,-16.67821595218054,19.196950370991463,28.778035910912514,-20.938858163762163,-8.138453176920073,-14.497066769407569,28.873221112144545,-16.871072427001174,33.41419134034734,15.446638056117353,28.066779269719476,25.47998343950523,31.8422537337425,-22.608899890124967,32.539297260068295,28.19793201181011,29.56668593710628,-17.018981523267176,27.39360650422436,-16.40735485461675,-23.46536176169985,25.087087086380404,21.92347250117382,26.69605795266633,21.3467914048475,24.00511018193251,-22.145297613616034,27.635490473420244,29.424795940690295,31.728277296124205,29.038600133286455,29.7900978728641,-15.659661859707445,25.290069187752877,38.438949585959556,28.4362268966001,30.423492720532835,27.506157590248506,28.15002141930205,13.117751790836527,22.658782355310446,-14.072974214896098,26.271663272699264,25.830996001018377,36.323273444866274,28.89538757754594,27.15040927794052,28.538147164168986,-14.280082649756357,-15.812540363203901,33.127261881531915,29.622872907842893,23.62163521960475,31.79019169633667,32.578052868287216,30.888504708991956,21.714932959982153,26.510248949353333,-20.457313351012896,23.756939806316677,30.770816822295334,27.357430375593054,20.78800636731712,24.297149663092785,29.747574931808128,26.72278781087941,-18.81641754952972,-19.749476101914336,-17.684091269001282,28.25389817764559,30.428649483940124,28.702014907480596,31.719787321460718,-14.127317802748706,31.467567086413077,29.82772650135176,26.098567953676884,21.59264363534109,26.034663736593476,21.203889705012408,32.716330640226325,30.63647178360514,32.16915883254521,-14.927453372974458,30.84677447292624,29.44779030992571,29.754697460644266,23.337689886559712,32.48798299339757,27.320817544858727,28.03420101332679,30.737278848062097,28.20340021101411,32.50030650638763,-12.681662867363418,23.89511217557173,29.15280366254476,30.66907153190416,26.243276577001968,14.14999991354651,32.185485909016755,30.61256088128339,-20.2993794004873,23.57728356290374,31.681505186305515,30.695248433259536
22.684440779977802,16.407481280178967,6.606237689942594,23.649813287953027,21.91994582657739,28.843343989189314,16.828684306705807,14.852803602029283,23.69311658816326,26.851640540414923,-8.046999671367344,17.30830453641523,21.43271776422223,24.639940756498778,29.617179568448954,-9.76551541139861,21.23447552632274,26.58283304751134,23.625411065276978,21.367224541210483,-15.12240346682741,22.880855603926506,29.01750071471347,21.499557623969874,-8.535367442720325,25.312987409697772,21.495722541094636,15.510288131483879,-6.622841532653687,25.221525814409766,25.792662431611838,16.283721825070618,-18.084270790088397,23.851784867637182,26.911831371900025,21.70775216414551,19.29923331287888,23.60469993997281,28.96186918917136,24.35573809906558,23.462713430117223,11.490124817350837,25.281467983176025,27.50748246145137,15.038113304227979,-7.495190058101076,20.897171220176453,20.92299680866669,16.24321249292799,28.371557910930417,21.988298226550878,23.39679905108934,-8.62962205034003,23.318270133936334,13.554332842759415,-9.725874696048136,19.141888243585516,28.010810745029133,24.346926238922197,-11.331905804131065,19.20645727896618,18.09970597489055,20.76071104174478,23.977586159579772,8.873056978202174,24.88182263606792,19.713680050633712,26.174270568914075,-5.44027187572498,24.319083638622622,22.970256628207615,23.218768386671485,22.759846445247057,20.123186682168285,24.51855606219963,28.226078766367497,19.23434598145052,28.578181518935597,26.49648844771093,-12.375294430882475,-6.932108027833343,15.818859256908247,27.505706596681595,18.719217062481103,20.826276661742796,20.860024485288506,20.14786617635418,21.083388140969113,24.106622365489613,18.097149918647176,14.19473436322498,21.069036972447254,22.301964164086236,24.476733964163195,-11.226726766352327,16.354063712204262,23.02558612375594,-15.542337817898497,-4.576454869532335,-9.927995142684262,22.829161191056194,-11.599703217532506,27.416652357202434,12.436110596104301,21.823868205703587,21.28674685744267,26.528023826465283,-16.41868303262515,26.01017806913088,22.70143381356983,23.702085635802455,-12.056329636610215,22.104663210341077,-12.0917824544386,-17.417587419692904,21.363856701271995,17.23258659819602,20.594176402985052,16.54405686698502,19.588905301815835,-16.40271209923867,22.557061180824757,23.368217466012787,25.156939623869278,23.373701653622405,23.679484275932552,-11.13529669017637,20.45466068116512,31.288831969958647,22.950657715679903,23.99533013088405,22.03096059969653,22.793370342320816,10.666657576509124,18.365577351829284,-11.428183441128837,21.202091563899206,20.22318974992744,29.378450252269907,23.443152050258938,21.841006825977693,22.715347231130146,-10.139073622975802,-10.63534565449471,26.713852273695057,23.437323620956168,19.38394047735677,25.209756671386124,26.90309556059095,25.65598488879851,17.13674033695386,22.333811471618933,-14.604503572091879,20.04939984680541,24.3187001431152,21.739130933877114,16.875040070168975,20.298860206912895,24.08816108067893,22.0801325257442,-13.737974057219793,-15.646044542080976,-12.509468188806563,23.283354840022326,25.373174262379315,23.695637439332515,25.323500239420117,-9.2499972313863,25.353336521453034,24.2849739073961,21.69256042761768,18.257623136944535,21.154587787971252,17.10681339459795,26.95485752902684,25.031319310588447,25.602149422066105,-10.52077607749712,25.29141480090566,24.96354526581041,24.421445675078182,18.62971652439258,26.581294578754285,22.997845897369146,23.685189329763617,24.959313050076062,22.391698424231876,26.43356561078175,-8.672195561703925,19.74329841271424,23.63060450374686,24.627901473859776,21.456416068671167,11.676861692191409,27.175980268462073,25.11539583900035,-14.437745476631141,20.089159889986092,25.234226657179466,25.17762134112323
21.017940289789028,15.263911800864491,6.024544193373764,22.250452722716894,20.597382038262847,27.220391014428614,15.91602402014131,13.900430074505973,22.32637285084811,25.439846012184827,-7.453219013555787,17.002940527717456,20.128747102165583,23.294632552385508,28.058488922089964,-9.342312708426668,19.647443099082015,24.543304604604316,22.17095267505302,19.933241309199623,-14.322712005661552,21.584419205739835,27.128170897851344,19.852030896955597,-8.243204504643261,24.365554951226738,20.287363176288892,14.940081178415543,-6.386899986153642,23.92991328552639,24.34604096121454,15.354368510724193,-16.892705472470045,21.879320237008805,25.517617435420764,20.152168697615153,18.510591352038443,22.160181309711426,27.45065430718348,23.04686176313315,22.23044371168762,10.735380001109128,23.912474285898107,25.640474214322175,13.951570985630502,-7.11710564921713,19.124352379584817,19.666852207440602,15.14422446490263,26.531677982163743,21.072254084111584,22.348819935696337,-8.04899260623664,21.753700601383375,12.423367538512656,-8.655421555154694,18.11577320741808,26.06073402722977,22.903166626686374,-10.402338135076867,18.496947837717656,17.18042263137258,19.63303615334398,22.811908854655933,8.399359324379168,22.96922124668227,19.002528218202304,25.23649664851347,-4.569858621215292,23.420070401796632,21.728586760630606,21.409306114888764,21.01536954834086,19.09068203247152,23.155261560563904,26.637399502814834,18.610211871060198,26.903623787828916,24.844354914360515,-11.584186967859258,-5.969493962662454,14.149530306226497,25.479378265504756,17.907513313857866,19.37822250919034,19.347359648472796,18.925676372770962,19.80466615958872,22.455165775907528,16.692124288788037,13.308428549323756,19.47917248901454,20.633603335208136,22.77688527261073,-10.704792392568693,15.068325396517888,21.77427306138145,-14.511607752099682,-4.141842491415399,-9.125015580152898,21.71284950779151,-10.91847016120303,25.34983490341977,11.654261094106907,20.56841186394371,19.751574032176123,24.769488285424572,-15.450884644062207,24.889529072608,21.11561998512119,22.188399162733123,-11.511351084378253,20.29145779670278,-11.570467431259058,-16.499520471414023,19.973927714006514,16.046358555264447,19.19812695922629,16.017002588102788,18.55190040606682,-15.398491463194798,21.353561874341807,21.649416568869594,24.11001206766567,21.889826742780553,22.215250444189394,-10.556766086389192,19.560023592330595,29.58027711115398,21.579808408799583,22.554172239218055,20.47578493266945,21.601185756942478,9.705964876582573,16.967460975731985,-10.667704914607132,20.138698401797292,19.189351785392727,27.58833674498283,21.496406264341534,20.387815221617284,21.464666611015346,-9.618869062201158,-10.149344068244492,25.46197537072081,22.182845574228136,18.11555794601488,24.288320688328984,25.205285203545444,23.54643267312293,16.473737097294375,21.148726599042032,-13.984049238271204,19.52331145975138,22.665897062524266,20.16300259621889,15.715955357689312,19.56245552228313,22.233917663551086,20.20053326626544,-12.954382815098304,-14.85499268096449,-11.606958584510686,21.535126353556333,23.499283484976573,21.64377642906016,24.35975087661043,-8.886046483770228,24.36766465557803,22.987011866773685,19.8248761961001,17.305636286112865,19.872646632951565,15.964927164623338,25.819235018219775,23.60444660047001,23.86718686357024,-9.795897350057968,24.087883029210513,23.269483800141213,22.587206768512754,17.500288369280057,25.284528750201403,21.610768034002106,22.42352706731517,23.21983278673656,20.543382681583587,25.22364433854516,-8.201881868221012,18.043569712099604,22.686880267770594,23.360226469654382,20.411231702107386,10.58130475397279,25.45219553732703,23.087073446677618,-13.685842910912681,19.085786629004552,23.906577246662224,23.047564310888795
22.150292790357256,15.98206055079637,6.376949489039951,22.665442478830887,21.102452362692787,28.10079380197165,15.462676313672594,13.93280779258199,22.317306888590117,25.86582524610539,-7.184676608700282,17.503041738268767,20.136276744104773,23.30242879681062,28.835944023723226,-9.049426515857785,20.506571371720092,25.97762496621885,22.8328045168824,20.807577889579107,-13.897154803827284,21.75167298727481,28.023044584436672,20.406033236989497,-7.428106008763743,24.53215781984765,20.379055483841114,15.53437302340989,-6.207380345556335,24.922415056549955,25.465782744413918,15.475505304968571,-16.765258861159705,22.58950581488154,26.909309623758507,20.671863162894724,18.940491986852035,23.11310263118751,27.98530870687986,23.932058293754515,23.351043769025694,11.229568606798956,24.588687364083185,26.490663385622316,14.42809879594688,-7.089720490529956,20.190966042008277,20.384341663078505,14.558241478421433,27.87956947543278,21.138092040125322,23.1876604052097,-8.078182290668275,21.735717096434115,13.24139455263931,-8.243685890361034,18.26093584400004,27.12961449243562,22.97235482726535,-10.279605023633312,19.12204433127153,17.423536035147034,20.932256478138097,23.502975225707846,8.931878144457293,24.282707844411632,19.590943791511094,26.10961238220006,-4.235745421707891,23.656062710222727,22.146266499876397,22.400703378373034,21.71613747643455,19.01018192977378,23.724321961339967,27.111451238566662,18.976363288326752,27.73142451662343,25.42034611939919,-11.378094441052076,-5.886197358951946,15.684275437754298,26.372697537512934,17.209382756482075,19.229205219940845,19.766929908796435,19.47569933946255,20.081080640703917,23.977629224367217,17.17269627658845,13.565231760623373,20.081016567004554,21.403822915021266,23.644513169245847,-10.027048388725209,15.671470150830581,22.150324413499792,-13.807460332196822,-3.343425297853934,-8.946339427861739,21.962211157144356,-10.212676256287592,26.67151086489825,11.464101972273252,20.200629504537023,20.237430888763306,26.045828754348033,-14.783301018543824,24.778057562986227,21.201968158539774,22.196324394684282,-10.81789617808176,20.747544164195194,-11.254325457577286,-15.904654644536897,21.152554264396354,15.84470969091514,19.224601339092434,16.203327165941133,18.559071288203207,-14.592351979460862,22.179777356819347,22.733268946738068,24.628966267984648,22.54096595332536,22.960588072553275,-10.197588218870306,20.064092680924624,30.42078537166519,22.530747361454864,22.772406415402664,20.62290850348789,22.065361453128865,9.655834478315864,17.781268958857012,-11.454196508324081,20.462905272389264,19.234192461751476,28.520406607511006,22.715958221917948,21.14925910343293,21.272181905391104,-8.80224880757324,-10.07470357646224,26.372245387573784,22.474663023717433,19.10979203370034,24.57433038032729,26.154991243795017,25.018780908151268,16.437563134614294,22.164034669365037,-13.239035825749138,20.1224613500118,23.493751551242244,20.51237488489768,15.642264492654554,20.642683934454034,23.038289164870772,21.249204209394208,-12.27216052834472,-15.35983734652825,-11.128430774551857,22.939513982331373,24.776336302192767,22.79251084578873,24.578146548208615,-8.113617139672513,24.83165426635897,23.63864166267686,21.17903320533557,17.812791213898134,20.36135854084245,17.39404330359537,26.81364386983806,24.623854516574344,24.277163198085518,-9.23397158658082,24.929744856440333,24.18372879666664,22.909808285211216,18.518988689848143,26.15678088538719,23.013739657982125,23.491654614669535,24.077508125961444,21.41132759719067,26.435108242335726,-7.784594897447228,19.049485334694737,23.55366015825455,24.098036063068687,20.865539097954702,11.375754199348142,26.49752601025474,23.913809575698156,-12.825753269327903,20.151350705543155,24.764891981024014,24.14204518626822
21.711667726897947,15.17645051335476,6.439065371210428,21.800073680848982,19.835864325283733,27.10088795759557,14.675398180860276,13.715349866768982,22.03706371112921,24.68938595353073,-5.893131441359936,16.573647099804532,18.669300732732463,22.630455890902414,27.784720650186525,-8.509178465923108,20.7040965691867,25.590103234954945,22.328521052024318,19.693314431594384,-12.453568237384975,20.63323232601281,27.367235337676107,20.264226542386574,-6.49311089614934,23.325389039201596,18.788495847267527,15.18964179284545,-5.071719385672954,23.421278562364595,24.553962131999604,14.951938821890899,-15.736146436367186,22.683473108828647,25.886549293036396,19.349036908791025,18.305191974875846,22.06063161581487,26.743221239936368,23.705569614985645,22.454665536402267,10.31335721419778,23.893178050376022,25.964780254863797,13.74631374577256,-6.493923254121901,19.399213045491027,19.563826809214792,13.99101843975741,27.247458975123592,20.12374991930006,21.913674625840805,-7.315810032283652,20.938045144543523,12.992724249144038,-7.638287530318884,16.916749237155233,26.75068796038101,21.83896995394206,-10.239376938971876,17.719341021137886,17.033051222849345,19.636545816150463,21.786139756947343,8.829130342065639,24.104344510761166,18.303140627522136,24.644810265850637,-3.6134958979814895,22.427141721255243,21.46848856081462,22.432045173383088,21.817517034885732,18.02268294088808,21.99816567587306,26.094964055639476,17.35093896953526,27.410897895180174,24.91029500681483,-10.854039520050277,-4.765549555304672,15.330060038133853,25.6744055313802,16.11813793803027,18.914373330346248,18.561488726797037,18.194984887087216,18.725578271509548,23.754004475356222,17.58938256723523,13.591745492015644,19.073049286769823,21.352230265402685,22.70345866503152,-8.606287266667309,15.418766009651417,20.572637097734393,-13.231487527231122,-2.2290985328549806,-7.719684699561706,21.012732039033562,-9.198667744348363,25.873898665828367,10.679731769136605,19.40949041045247,19.714898903560584,26.185182176204176,-13.604240342184683,23.8028292493615,20.841419636861794,21.03347517589104,-9.962803158342535,20.762426136212664,-10.440038017977104,-15.024501236165367,21.35092734140034,15.925474482070156,18.292249561720293,15.232247772222943,17.81579990429966,-13.637811865990122,20.94697454834648,21.861652459729783,22.95807025201575,21.216560169939665,22.65911249686695,-8.892490607045614,19.849727934124463,29.517798838499257,21.0954127135038,21.806390138409984,19.94468151603839,21.175176055655193,9.712381612360085,16.436692125332737,-10.791592392177519,19.529436417133656,18.020670639343468,27.439745983625823,22.285650562937537,19.868976273414102,20.38335444334437,-7.760250383259537,-8.901793424323941,25.348939476360478,21.08542997417129,18.462360949876505,23.28954604379664,25.818675983126667,24.599526540984243,15.292167938917537,21.05028172166707,-12.080166619447317,19.247622352610676,22.822014424270773,20.48629501507382,14.958262059736976,19.694502446594303,23.02738495346104,21.263393053878808,-11.649539830699096,-14.35075720781164,-10.233174112173277,22.991831596725017,24.955379228921565,23.13338658505404,23.431540092944026,-6.770569851191171,23.51574344905376,22.925166876903173,21.576061564979447,17.56551416879219,19.21625832202696,16.310057131843276,25.580834975142174,23.503237503603035,24.021552082622353,-7.874908013296011,23.391732910841622,24.309117925750932,22.236335956863698,17.289512554277458,25.27257974889517,22.10887161068624,23.01067095873449,23.766783222742344,20.457394851881084,25.030580395199117,-6.799352199903007,19.494400494535462,22.821395118244883,22.969012795274327,19.608804351228837,10.99044774607845,25.614520886908117,23.522332315861274,-11.892565432820525,19.441632743118763,23.900281749745865,24.245431296344474
18.941337066717338,13.272723520550892,5.8402568768054515,19.132353451128214,17.161812020560458,23.644628521110292,12.494342516528521,11.60470521431033,19.156096205974404,21.45852336820551,-4.603502718141133,15.110044244169691,15.768946486254366,19.54130249471101,24.263927878786816,-7.114164836049374,17.93769787606224,22.262620655075494,19.16973797881809,16.904298201526036,-10.037560695833427,17.678056019849876,23.722389882926354,17.796209490016675,-4.818137684129861,20.613434339083717,15.942504975929868,13.738998374509737,-3.921275234962373,20.431702194648594,21.659423845973585,12.80367490352601,-12.887632849977727,19.636554565841823,23.11263362935398,16.313624422600498,15.94786923320929,19.075267355915006,23.383851071069923,20.79217680624021,19.59446630838068,8.857423760305073,20.982847550219763,22.715022994221187,11.818367880575948,-5.270595015147619,16.38705305997997,17.063584164761796,11.675048747293532,24.178405416337615,17.65240727792174,19.648631073695704,-6.056794849662275,17.705925425603535,11.259532112565367,-5.406454049505611,14.361894284254985,23.40059705219114,18.50789488989348,-8.403213107582793,15.700378506822036,14.838308862063364,17.505283604968056,18.731886696250616,7.769303808280626,21.14410407110136,16.244933302609255,21.93511711170111,-2.11804989160802,19.733072755974096,18.60676329650198,19.680551685615942,19.142558628684128,15.422005729846084,19.062792601689402,22.453964234966815,15.281497216138028,24.088101210224757,21.5186205675179,-8.754755425786522,-2.8854428411735373,13.267519969275288,22.094921123998564,13.63092268462377,16.0888073019029,15.655898527687132,15.539664642974744,16.161950725874622,20.942098469361074,15.429085329697365,11.743514811137915,15.980679460520097,18.867315438799125,19.672196180279567,-6.757579933071406,13.01124322636066,17.530535272506462,-10.632746730984918,-0.9070087442424649,-5.636413185222709,18.063128329675738,-6.993879102536331,22.44705597572686,9.156000617989724,16.520335100704916,16.650061865324385,23.177590257554883,-10.977244844499369,20.742357703108706,17.86488992826893,17.637130954086423,-8.019655469951019,17.731605584404218,-8.482059981746156,-12.350942837903572,18.821358890654984,13.867318475298637,15.58967254074169,13.087541796951722,15.265600806402135,-10.920074566625775,18.230367498779312,18.91289714664017,20.162827133352792,18.089465351747396,19.931137156451353,-6.978890229683939,17.78290329895009,25.813167762836443,18.32707513913364,18.596727113207184,16.798848861207656,18.446558834286673,8.166116617789056,14.215675355691499,-9.44285314153262,17.014316640067104,15.174780159651382,23.71260712009567,18.99665649809334,17.138680423097476,17.18703464084517,-5.997640036717537,-7.30161711143548,22.612839115492815,17.83199004722964,15.939173353482303,20.466886831737888,22.435872135394458,21.26072703280197,13.138845421279791,18.515030632342935,-9.793232045155037,17.441851607564274,19.649094816529995,17.88656591257758,12.475664460534656,17.790021109394083,20.02768695211231,18.195420792783985,-9.32435478666305,-12.388041610228218,-7.911227361852418,20.31649209324146,21.96034718548399,20.093575037509893,20.40736151754843,-5.198560933871775,20.81516834706072,19.926514137418913,19.001870628672975,15.409687772262615,16.379648411235365,14.420943501158723,22.65724080991104,20.6766996556476,20.87586523151462,-5.98904707876548,20.60625517213364,21.214144201174918,18.862543832422624,15.222994990103281,22.103347134275584,19.475352502839144,20.24871789648021,20.751696259759292,17.32527741265577,22.295331570785255,-5.382569093064378,17.179311022305004,20.436118186537193,19.896102347414732,17.122021627627397,9.138118956443368,22.32725588933327,20.173762032538477,-9.390805231460783,17.13852869740564,21.085096135062763,20.96206357218045
19.162620682343267,13.893503210829111,5.851081965952511,19.680848265525963,18.382790912186138,24.590213507391493,13.425258235164888,12.27627705822383,19.367273302966705,22.60321457178572,-6.090725770017526,15.729676852632364,17.561109582468365,20.465308420790226,25.354456468675874,-7.769823831472886,17.869598557971255,22.5562099309691,20.10785692442395,18.1962076817557,-11.827381199013638,19.02546781658027,24.39936363657299,17.647351658851615,-6.2045509297965475,21.544430808142092,17.80523794649235,13.77697625005736,-5.0320980219714535,22.009902593490278,22.52210297817766,13.609075176705176,-14.366747931278743,19.41517779414029,23.74097999670801,18.14674262954549,16.866977130765815,20.325771725687993,24.596926737456517,21.171065227739177,20.687501523776124,9.983633407443463,21.69467927888589,23.01241758129794,12.499209837350216,-6.190980650859008,17.476866990029137,17.910906638599283,12.474912221064695,24.406729566537788,18.454945546269872,20.484922604471187,-6.8955469215569325,18.797808698476256,11.856465828020825,-6.745597751635946,15.940990547484262,23.48736058790726,19.932988771548413,-8.70627695632073,16.89654257748851,15.253262535707634,18.419727851287796,20.667723986950875,7.709830536681617,20.945462065885323,17.3160135908769,23.161201359497344,-3.480185198735927,20.98440229582946,19.541073830050976,19.32846397431179,18.87479175600241,16.589915449874848,20.743530010599894,23.826680325367278,16.673288504260647,24.316495618245074,22.161533064736634,-9.489161699616828,-4.859973635990183,13.775129177038835,22.758607904889804,14.958460443936474,16.586622671593705,17.18992466948001,17.100702558857293,17.583861300749813,21.10576164784139,15.016497296252476,12.037165721970023,17.5660808385799,18.500092384247974,20.48829338055629,-8.36909706636826,13.859293807988106,19.431367600993497,-11.65050188443992,-2.5076162824912784,-7.5319521902928175,19.249490989124222,-8.526305090098127,23.26095221539994,10.045425235896001,17.471084416552596,17.771802432310423,22.754227450381816,-12.610800601324941,21.759522616253044,18.427479113419956,19.325082676710043,-9.150401548050738,17.867485234922682,-9.648810017132279,-13.575569679542152,18.72791281498115,13.63301517376841,16.56101835524528,14.20381899484191,16.433056470860265,-12.413293526988898,19.646119050893862,19.658631071809555,21.664364947848988,19.72595668144549,19.96643938009273,-8.599179927808361,17.652947807915442,26.6499181844259,19.84756863878762,19.817736092784823,17.913417856001345,19.37739084148947,8.458638491998352,15.571890618609585,-10.020076545528745,18.006224316994498,16.81150770154709,24.87271617919485,19.636105956765807,18.574384871060595,18.527149065894342,-7.448808074856028,-8.439731826799969,23.20136019266756,19.688196310006873,16.734982904160493,21.663478458864496,22.90520135978736,21.665245959059583,14.423637237754756,19.667561138816424,-11.268889700615647,18.128973723730013,20.302745576204483,17.61603742525574,13.640853119099527,18.389319040568118,19.87335640745657,18.47662794787103,-10.377684685539453,-13.503042149038428,-9.3435517932471,19.88458648132262,21.544453162071687,19.55751357299813,21.62536538127589,-6.7669558929497935,22.013658273738518,20.744267421247926,18.28856138729002,15.792940693375755,17.901633211436152,15.258804724489528,23.807928865949762,21.575439957706955,20.98168801641785,-7.738480584858209,22.124845885637352,21.284286086026526,19.950848885632098,16.248900266259966,23.004583515609685,20.24522039539011,20.802688078253137,20.865669695565913,18.36844703469655,23.339034522578896,-6.542163355087859,16.481314568664956,20.836284962260226,21.161965737324675,18.38848207789249,9.928635773800885,23.320203630481593,20.60609524296513,-10.790971679331943,17.9442809626224,21.600127285977244,20.79666361718784
25.534053322110797,18.383699691866372,7.121828326518757,26.739332890518163,24.55763564864381,32.423937214635856,19.023798586430832,16.682807501057038,27.081524866828403,30.042229289507635,-9.77156699205134,19.33945017388838,24.385412623705836,27.573733770773256,33.1355551938605,-11.772494174427724,23.774162200045236,29.613599931626904,26.186343806907253,23.619542173414292,-17.515084351651208,25.702883756103624,32.59706785869008,24.498269144801892,-10.455535851388634,28.679409392102606,24.12964600472004,17.090261317234994,-8.294983363547312,28.3911765116851,28.37013237803322,18.46763560372068,-21.061745749346702,27.14049336488797,29.8742992703999,24.2841348340917,21.461163177611866,26.51458927866651,32.656625240329724,27.32323873530437,26.256741484751352,13.060443188951059,28.452256813207796,31.175596601963726,17.120245992165724,-9.002116491634329,23.369748436963043,23.132439979286843,18.63831936429753,31.903929798887866,25.061241162934618,26.094207517326616,-10.171022412612771,26.408004925682086,14.740631365041025,-11.774829889278958,21.13993177451262,31.55767232196648,27.502193947367584,-13.294034664287201,21.281586191177443,20.740310959539748,22.835024406245992,26.919376330535787,9.894662835830886,28.024083929425373,22.30721590830791,29.26421711091618,-6.767486622635796,27.46301557600841,25.551943533509615,26.441887825935716,25.841841240913343,22.89380516243199,27.336879367547446,31.452572423025682,21.329900777587355,32.179301689480624,29.734061696922737,-14.781295734758354,-8.126920235199592,17.37489552263561,30.956492223363014,21.372519999760854,23.848707749326103,23.30831738749654,22.648853448677954,23.75301230578631,26.57825809427295,20.818689612287148,15.734848676349335,23.457944340767003,25.17872241966188,27.337715377825536,-13.50465819672025,18.122001255471687,25.62734433686393,-18.27976341340351,-5.97576806107875,-11.937436570530425,25.60667217903267,-13.969421767765748,30.73083543399293,14.132541687993518,24.791117416849293,23.7459715950619,29.900676297745424,-19.28095578582219,29.466826428768247,25.92744635929128,26.562768975613547,-14.424266714340538,25.136185096863567,-13.967307607989355,-20.263734298909274,24.069510394356207,20.11376409726577,23.615984534802433,18.37910080816969,22.44936189283707,-19.121719878409404,25.469911861635037,26.32406074974188,28.279357383234906,25.9486182351198,27.029586943237977,-12.980205117802743,23.230503411119287,35.04276891407427,25.7695192327841,27.275701062335262,24.926005388291475,25.64592804164589,12.489091363970143,20.34445432682379,-12.599174131359597,23.662849548656997,22.739037530568066,32.81987309644882,26.37043049886894,24.456414968592107,25.514193769095062,-11.988230814207103,-12.784853143850041,30.056908482003095,26.397123060885242,21.793808134875984,28.36721072684672,30.081822952865913,28.437294781490017,19.41991694406229,24.620117665223557,-17.28833392899166,21.997638682103144,27.619191213533632,24.941494392496626,18.85954215800256,22.511105821667513,27.326713654041697,25.07638173826869,-16.256562480316298,-17.546534101103653,-14.823729144700337,26.168648693484485,28.556240898067493,26.806472026959394,28.494333966006636,-11.432242544873068,28.555536947553374,26.996715992839217,24.553863997747253,20.39252893550869,23.62303244146444,18.822165786654274,30.00497403996689,27.79854745292079,29.260929398962897,-12.239512035357393,27.845864324172734,27.958859977223895,27.26059544582126,20.588656417920266,29.707205064290044,25.04563250112189,26.231430579594065,28.198996566045864,25.144116715239832,29.521972916419355,-10.389678844267936,22.480051701117983,26.680212808854584,27.72727069107212,23.755909375138355,13.00812025354762,29.736502702433455,28.00952735373254,-17.117581539382513,21.971562378956822,28.376987427610604,28.477090735411227
23.42032201332304,16.811575337113634,6.934209384466249,24.01488176342604,22.282383910252715,29.80052616854114,16.579902316656813,14.988544171895247,23.938827460658718,27.3337905674174,-8.080394289669231,18.439427569152848,21.625304193524904,24.804043673997345,30.615114546682694,-10.108884025330104,21.795245148867146,27.307615175479185,24.247835837019846,21.841204741506786,-14.932543919707848,23.136302644510078,29.74283409208437,21.866093616578244,-8.325759984327012,26.06921413448004,21.643440102463156,16.291162137218738,-6.819911623702216,26.523187033147714,26.622904967871385,16.831277445895598,-18.1689658145686,24.225321709564845,28.230877034090856,22.0447128722711,20.219636253934027,24.666108820386157,29.821739932403755,25.584322313815374,24.834761337800852,12.17517739635318,26.272529617442473,28.268012650041236,15.433240905168876,-7.892470511903789,21.378738089086166,21.410819214322075,15.679388662322557,29.556577568379847,22.482218180560043,24.400514437643597,-9.02078973917652,23.19495359280499,14.062163342364679,-9.394760411431019,19.202540840520577,28.729277663298806,24.39300198594178,-11.345856449255749,19.93781112837932,18.83076476316935,21.6792089451303,24.955349190142403,9.378385347517776,25.671935853865257,20.830077020331082,27.610206546022148,-5.097496947689334,25.341185050793072,23.44931073694718,23.898096397042917,23.36702057343977,20.421256548041978,25.047754794206224,28.75386852365913,19.831055200051587,29.53403202012403,26.977630199206484,-12.483478150374209,-6.560665383236146,16.48327754430239,27.93180567036321,18.440194150361418,20.719172754928476,20.961192671489947,20.68059773628043,21.43367491436781,25.17387930403462,18.73979094283537,14.385844723568058,21.275177616268024,22.69861760143173,24.916425187530237,-11.026268223648296,16.79463560284677,23.38585173237951,-15.150980778410345,-4.052663206506492,-9.983249513792389,23.2972646613134,-11.346172982532774,28.27430547887535,12.370131971520513,21.547050463665254,21.603899543229538,27.707780517125173,-16.16596601718711,26.51124441576509,22.867278261730473,23.57757131013753,-11.917046116506839,22.245682232335856,-12.263033054068721,-17.22644750192493,22.69462362398078,17.296568795888472,20.543581514750425,16.924338554822327,20.263076423279884,-15.971810814292468,23.773522355308554,24.05721880790662,26.065554324153247,23.843086905187345,24.542485317249,-11.004173800802912,21.43622267482888,32.223781799547886,23.978534909241883,24.412141652639015,22.141415428771474,23.591830440122546,10.880606930817617,18.7958855631736,-11.929142145065285,21.58875569350222,20.3831153520381,30.094373098291644,24.0852374892601,22.42035113109572,22.594425052305166,-9.670372766225112,-10.934761430478993,27.924963175712538,23.936695981286455,20.340675337014435,26.04960666759716,27.74767685836536,26.268782525482983,17.622805905122174,23.42557731840017,-14.479006081497369,21.0613976373353,24.944434038465225,21.981446521490735,16.710953183868543,21.71321158650275,24.573728356144304,22.831882097518765,-13.51260687296654,-16.18158129897236,-12.176953777186693,24.203050333696833,26.33387256647521,24.29274402960433,26.06247665851207,-9.139700919520092,26.447299603918687,24.945627581940496,22.56225624875722,19.1257892908854,21.663338594033057,18.013334631930256,28.335157244998086,25.849330904985543,25.999991149172306,-10.037007374989708,26.21921188745879,25.83325692958629,24.44346762178068,19.393326285078334,27.676712132249953,23.940163759969487,24.923379985739913,25.597488481410174,22.551763064493727,27.909989673062885,-8.526847855337646,20.437155638346766,25.042916596955912,25.577932630609503,22.02357924941428,12.026833905544652,27.786639587032663,25.251580525053644,-14.108648825011205,21.07000961230351,26.10659638833831,25.750042060893758
21.63706461396367,15.141355103718643,6.150673452617512,21.82045400833449,19.83099804281045,26.978808221997465,14.477990053063372,12.857321945466914,22.114504131559652,24.523763230056215,-6.118741948763442,17.09077866510419,18.634929634242294,22.23898645423324,27.488404306780474,-8.672394590266014,20.159354075793452,25.37108603066444,21.654530701223724,19.278974532199232,-12.323992809844908,20.38870073068412,27.088762427200315,20.444223820854543,-6.380120897917769,23.758554849302236,18.654792016445644,15.192282373368492,-5.530027022370724,23.452055350681558,24.132137192368717,14.829434352534145,-15.338828991501689,22.459576709412772,26.158500069992392,18.859647666319315,17.968274060412305,21.88338989998538,26.558015069619355,23.406721523718428,22.207517091086743,10.167724595756757,23.86401268428977,25.973640312959034,13.615829691450301,-6.344922994571497,18.964331101042056,19.08661623491027,13.827413657385751,27.26363147912543,20.378670420413975,22.223840445917293,-7.445015550125973,20.651642394145423,12.327682908598526,-7.181563971538667,16.716016536638932,26.793654068716705,21.679261922041952,-9.963457212406537,17.983655941179205,16.66224885048293,20.07351332529492,21.795539970315243,8.91111658266942,24.28115401615239,18.619611295498775,24.862723041847445,-3.2141806639129884,22.37594355274936,20.91431058504559,22.619826146865442,21.751604175409497,17.734210076392156,21.96337065718719,25.43908788816071,17.916995712095375,27.28064165410475,24.63147051434974,-10.785280366537767,-4.236440044516401,14.792121335405646,25.544707079377353,16.08391462636695,18.891520852591114,18.175015573921776,17.973480808884062,18.80603558230625,23.267957851804468,17.1779197848087,12.952174714734655,18.379138994261968,21.474544777436346,22.739955347168845,-8.831672560742163,14.668433971684909,20.106782713265133,-12.748564176220734,-2.3992827472681633,-7.640298133821051,20.74950041290081,-8.917966217315243,25.573182436646746,10.493655584129527,19.41339890076708,18.8773388959654,26.131094021788815,-13.465271929737183,23.77684932551692,20.620605955649005,20.505457615665325,-9.870565976971944,20.490925727740706,-10.262381371862142,-14.856521646171393,20.94035232639189,16.182909784763755,18.297884139977455,15.128955925826428,17.345593334984805,-13.220622888336077,20.80101285622219,22.026130968718583,23.252987426525973,20.905755122948847,22.96758525163219,-8.815412289923879,20.358904420482578,29.31713481609198,21.04104869748941,21.533677995055847,19.265389035991127,20.97207319870387,9.230810816395124,16.333632762774872,-10.691255292814708,19.094511906360058,17.476426402006915,27.096976597288545,21.830877389709823,19.643116749780194,19.895750868163603,-7.525706004514373,-9.297773372880297,25.769650246113812,20.75343511536681,18.104744611536532,23.523614405537245,25.380597786626222,24.224787361948984,15.423977737136473,21.004718504429743,-12.039352755214324,19.358438661453857,22.687177212490383,20.730472132272208,14.301006169578136,20.01495757247078,23.039688557312907,20.690359231007175,-11.415294364606826,-14.194045059807733,-9.998132205880525,23.072878722933194,24.84872187423747,22.931905146593905,23.159619605357786,-7.095011062818014,23.722576645280842,22.68806973555467,21.549897035122786,17.157676106953932,18.74031737850633,16.477576833378617,25.50837906245392,23.743523355767216,24.032699193394045,-7.743768050420128,23.38803932415372,23.741900666150947,21.46448805232804,17.518511354754715,25.16867022764502,22.042301408860126,22.70984051485767,23.460562180538357,20.29239184577818,25.4566009132752,-6.887001726572915,19.40637170522866,23.106743661654725,22.64269616525535,19.28582267819536,10.461427117109265,25.086534466618343,23.187590165407975,-11.777778202911708,19.204377412809986,24.229232974196606,23.880532289322957
17.448612588989576,12.152591294381315,5.529798636578082,17.379738525496844,15.688517740241469,21.676116808066325,11.215558711325407,10.746954047584566,17.396539740739588,19.688920399019246,-3.675286531584013,13.905982701343826,14.245317493356263,17.958068159181167,22.44412988166328,-6.0291388310671,16.65535149646849,20.54081006933125,17.79694626599175,15.51397663079515,-8.66662445291162,16.125644306755458,21.81039367894273,16.239193308478512,-3.972329817796427,18.784099296395368,14.396892382832206,12.912535096148734,-3.0022930685050344,18.75829481234415,20.13785468366072,11.70141470880239,-11.36635465404256,18.045141873377222,21.348930941118578,14.983898401617775,14.926974043716024,17.583881400563683,21.478360251447665,19.351070113076553,18.143710439300634,8.11788233984377,19.337404821705633,20.743092677878707,10.62932069957591,-4.550174152426809,15.047941385088464,15.800241186407094,10.55689674654558,22.371570527886988,16.005335343730817,18.03424039703635,-5.090182307944145,16.153313406303894,10.532813783366997,-4.524844667737956,13.091513095920668,21.420065907070665,16.80237332885449,-7.248862473131618,14.441963366992205,13.552334628926413,16.160476882516633,17.15276227334902,7.175138323984628,19.438348147445332,14.790296807423108,20.191236955522918,-1.7322729465384483,18.058131388588492,17.314049509239908,18.077035855551895,17.619123287093224,13.744474753625763,17.365719906175887,20.687962121374266,13.984978365393948,22.192587051077123,19.750369084960276,-7.553666950738128,-2.291877987180329,12.385286707150987,20.227149754109945,12.261872980614203,14.614767944355446,14.22941702300244,14.255107441185542,14.63650403530762,19.499830872459114,14.136261609069226,11.007323585004805,14.556017114274006,17.418135016242132,18.086150785493196,-5.52913028079593,12.254164581238747,16.086017943683288,-9.289522160312753,-0.2194878502050454,-4.604638641376948,16.553088920254382,-5.685448872860641,20.669931171889132,8.358564218199161,15.000235603644203,15.487551282802652,21.52766111951841,-9.54898930858456,19.021372546419954,16.2134795359633,16.10725520791221,-6.947574054940918,16.182799389584932,-7.337215566631492,-10.901536785875138,17.51046572340821,12.601181659418792,13.964491437213248,11.962149996349794,13.989226403075257,-9.529065862584169,16.727180180645547,17.298165955373072,18.31974103652066,16.59004985022761,18.207720354419276,-5.9844651422163935,16.42029908874823,23.788489824003513,16.91446732377674,16.84579790184654,15.280323284639351,16.733714313555335,7.47048209600211,12.944699608659732,-8.483105291253562,15.577630561057731,13.89223794373871,21.799137630560274,17.54480560377634,15.705065488131485,15.64945703680424,-5.2163330100660295,-6.03786399395104,20.760016241698253,16.309055775446488,14.796175663582716,18.635468868650136,20.705163464713955,19.77264320748149,12.106769220305988,17.29322923950153,-8.41700101213892,16.270966541153207,17.933851392839976,16.370665284102508,11.347574439923825,16.47627692107928,18.446486586422232,16.852812983050693,-8.01686034355468,-11.377742943605709,-6.626589322285671,18.83161050058115,20.44114245901178,18.582723872406746,18.681606365268205,-4.1379013574273245,19.093362977462544,18.404309612957768,17.606287912710016,14.344027078558346,15.230194539689291,13.241367198096553,20.992165876860916,19.214423246168533,19.020546271642502,-4.987214787489471,19.068397846360774,19.6898770449337,17.31684819123921,13.946655536899518,20.443108736251325,18.186820020657876,18.861778724157666,18.972267763553052,15.81368758723258,20.555534655642994,-4.419609233000722,15.875733506396507,18.911768298516794,18.21596160593888,15.623347520291532,8.321124085575269,20.85644302469138,18.655561584594675,-8.015150811288335,15.894480670054545,19.228182343844693,19.365362721884324
23.8879931972429,17.12746307430306,6.365722317470241,24.92714829775395,22.440886280550885,30.016070370150437,17.494378788288945,15.069637016146698,25.153667993541987,27.773381016191465,-8.39014370188532,18.51495042383488,21.911897370621713,25.23218402965938,30.482734598505015,-10.695012134700978,22.055423152345334,27.554041846494464,23.930334894392647,21.713157490486385,-15.785949574685688,23.552953612945906,30.199756527235117,22.62325693608496,-9.250090493089731,26.844798157163464,21.979198716971993,16.038740580262488,-7.702481891589563,26.045374902236933,26.44221606371739,16.725054420050633,-18.85799288903042,24.896900685107344,28.063795783902282,21.63571517717777,19.552640670428183,24.083030992560015,29.900814525497104,25.141617820354735,24.25109538788712,11.625323482330588,26.259784717935844,28.94032271946067,15.816530946109722,-7.89868557817606,21.359574388125175,21.151114103632555,16.845562545653788,29.575977106942823,23.494716980375987,24.507385232158803,-9.096723339316972,24.018524345583344,13.15150301527722,-9.892344987668489,19.41722383907433,29.472577991543773,25.24027721892804,-11.949751633848416,20.14216478252092,18.711583567482315,21.60640264992288,24.593299155476384,9.639895686782435,26.295601851785072,20.69073064849425,27.305029814945836,-5.077229639450414,25.169025174780877,23.50210522632886,24.66406896468021,23.64827780732439,21.034638102997526,25.106351170301785,28.757040705815665,20.064252059501854,29.88632263652086,27.600835692102468,-13.457502295197166,-6.489556849604863,15.669739632858633,28.673696989398238,19.59387712723045,21.79492482639587,21.204059785535698,20.431916677816538,21.612636833026173,24.741629811949068,18.946871922616168,14.387426116672662,21.196067500992,23.43857657341837,25.323552139292055,-12.067127758787061,16.178307395128908,23.410951124175774,-16.275160328601867,-4.831280278398126,-10.330762291859452,23.795266907565985,-12.31303376756324,28.22308747196909,12.401880316595502,22.799216603029926,21.284638583963055,27.875182007384193,-17.27863873478973,27.1345149050239,23.513135365559584,24.023444088751152,-12.982148789550324,22.93950200724736,-12.654535853814144,-18.45414458651995,22.1094916901606,18.406134236616467,21.64387040791491,17.470823999470053,19.982002125436335,-17.043679439327484,23.130296421087507,24.459294613147257,26.29340317553118,23.740656005849093,25.34252584311078,-11.720744391645797,21.87187501542274,32.5608170975825,23.47399039824649,25.024056256609466,22.62366079414627,23.654966043371257,10.714343648653362,18.525539508247412,-11.841080947522537,21.996172439686788,20.83754888963498,30.350875340500515,24.241175263138608,22.130026661597288,23.321537606899103,-10.534360294154421,-11.856238735604363,28.20646741562746,24.066437756200223,19.986921944313288,26.577121191751445,27.871678766001715,26.30600822983795,17.672815032956525,22.54837695968082,-15.625982532410447,20.7881635422864,25.684232719431986,23.113507028014876,16.91574607795476,21.122074098663095,25.33992678130351,22.748890725994624,-14.574729185346227,-16.25587494748492,-13.264344930691456,24.630415658067815,26.61418169526691,24.795633957069835,26.51129776935765,-10.007145984712235,26.510926151394354,25.143812010829826,22.839815760989676,18.70732477750058,21.423250485674753,17.847502560937784,27.92063406810363,25.90294159699408,27.08487275452182,-10.767646976481753,25.847353735269447,25.596752748360316,24.638005598276703,19.261023979447195,27.649612599798292,23.396097467458798,24.282880373801095,26.222965617017326,23.055231068989634,27.54135763321154,-9.309795333132916,20.74694855546512,25.063120390203718,25.726595618509382,21.989701580510754,11.67992267390365,27.448390314382905,25.75284426140733,-15.358564523645695,20.409642464284108,26.780607288230833,26.20986858267605
22.659863308572234,16.490013213665105,6.0038153899412325,23.98621870702736,22.127223415490715,28.9485427405162,17.191028286272676,14.541366773216277,24.084135995085646,27.06776293591632,-8.583093400247567,17.744437590641528,21.75880772869585,24.66495929489788,29.575945298229694,-10.394911928552991,20.796007050213507,26.281316604410843,23.272502230284932,21.14715740567079,-15.861496667445584,23.051642294557723,28.986512149700594,21.437267905964372,-9.427427072892112,26.02729653264077,21.838019440232053,15.340609153298855,-7.62883148170945,25.397978514985667,25.497486427711568,16.2368577334239,-18.588310654654506,23.62747122486989,26.91182510491076,21.47400122954044,19.1448394306481,23.435451942838814,29.07771351412958,24.083010331794014,23.301181592954766,11.454994307709255,25.232134322011092,27.559515445614828,15.171438080883485,-7.7971902441200385,20.649919157213883,20.607792900610775,16.638173405674692,28.157590002908954,22.6731802527231,23.65471948853333,-9.09436375562091,23.560591208763313,12.795971131154184,-9.981143970228588,19.325554342419142,28.053308976303875,24.772937845209498,-11.576666151032741,19.625484413370987,18.08897195428847,20.906091958865165,24.30998275431313,8.908786347714749,24.771781768229385,20.10149509650728,26.506976759062415,-5.391170319881509,24.642947823850815,22.778524853800665,23.15456388739316,22.452440210009918,20.549175317540282,24.700710271367775,28.11771939082535,19.862401364922903,28.506544781125534,26.512050451876416,-13.094204366386252,-6.960800437185948,14.947606333375065,27.530970884478023,19.421213527897546,21.091949546545813,20.796667261704926,20.18126365141719,21.25922380902511,23.515006486733416,17.75970246117421,13.83464839218526,20.832050426192364,22.18373296706686,24.482428106682057,-12.268507090075001,15.75548254441384,23.121444427063437,-16.097940362050117,-5.321949618345673,-10.50138199266302,23.097434856750073,-12.397252713929012,27.047064122404667,12.397230127882422,22.331759399904325,20.862006002067865,26.244769852340042,-17.16421602906194,26.439563739807223,22.718299516373246,23.80925272068177,-12.874596930050227,21.93164835952101,-12.58993649853603,-18.155952135750542,20.823849938668133,17.530593858919936,21.06865732896821,17.03748490534028,19.55369388915802,-17.009368258080016,22.526788522979256,23.451022794362213,25.687241847779266,23.30588430363167,23.956619187391187,-11.855329466668527,20.709958028231064,31.371146573140724,22.956101066440215,24.29978992247836,22.040828633287283,22.940528549139632,10.401648199069417,18.199936350949972,-11.438816516912944,21.335726998763555,20.5264216029098,29.425264661189814,23.168588474466006,21.698056993896493,23.00611820292471,-10.752977390737637,-11.636658795801422,27.05528462805037,23.706098871539787,19.16579966340314,25.798729204234213,26.6527202252766,25.15713719127808,17.58175994850182,22.051891385930556,-15.578045181722084,20.12478658638801,24.51358134546113,21.948979925199115,16.755508346884742,20.36619091476534,23.99195022429062,21.56556404727475,-14.35515495929701,-15.83604785265852,-13.201389460448032,23.046551967379045,24.99873292182353,23.30197047638022,25.74813485228615,-10.267645446554091,25.726285898421942,24.329127503797437,21.253132164102066,17.92247097868661,21.030780474250175,17.100874734380668,27.0218189230871,25.005275632149942,25.83123087058309,-11.06443329553376,25.31224670401562,24.42981390072488,24.081979583951625,18.69967613443006,26.62745479871354,22.681617854132465,23.31850937051513,24.954207412190893,22.338310621780188,26.62601121540003,-9.38232045754474,19.36728887211798,23.864192620149325,24.872289345640265,21.541978758813542,11.35505288663222,26.67989656572544,24.78883513654582,-15.344977954891386,19.839563217778817,25.620093772696425,24.77026119809367
18.330619507618632,12.919228276141368,5.690327241497113,18.49706108608598,17.010496405102465,23.42030393958531,12.261705256152084,11.490430134005384,18.54400930500519,21.324456303462444,-4.627839571769153,15.175121489590971,15.878143344255015,19.41965862092526,24.143957315102405,-6.986990558100295,17.448941433759693,21.82775168666712,19.232728541873723,17.06209474441249,-10.10344551558208,17.710500993333834,23.30450502362169,17.04947474026292,-4.816199873745307,20.412977864564755,16.19662140267899,13.76886338419347,-3.8259586242377455,20.56592763225451,21.55006021472527,12.954182656987184,-12.688189516739698,18.75584771285615,23.012706409619312,16.5612075364771,16.182243737399023,19.164690667303653,23.094153397810132,20.66301426998288,19.755008672227774,8.945434964472495,20.842186982172738,22.023457842697926,11.467666448028126,-5.278611217269667,16.29546819153551,16.989552755960954,11.30522765799404,23.538362370045967,17.288573983555057,19.452912621084455,-5.874305875141175,17.471181397353703,11.357023962138333,-5.364042195291087,14.743552114340169,22.722608511552426,18.44183212381026,-8.034800285100172,15.78306878363731,14.489936622462105,17.614901573545254,19.051310414841986,7.748357475875191,20.480024493036872,16.250325853952475,22.02672301382298,-2.1669595198238887,19.68451268199296,18.589744781638387,18.876170242586607,18.409463980011196,15.22526303804502,19.187662923733008,22.446146388145475,15.630002886215301,23.622407768223887,21.270398751924944,-8.430662388728338,-3.2371641827828985,13.06803785021159,21.60281954014684,13.521465897780285,15.651289147185592,15.677733504160084,15.726948892085344,16.29105028178221,20.656708263293133,14.57198678239702,11.618651878431228,16.054196791668804,18.038416981307694,19.467595914527134,-6.69409882161247,13.10432591145979,17.74907090394252,-10.248199129704606,-1.1076829274827455,-5.864339884431916,18.072876131577857,-6.898457949669663,22.06320329483415,8.97866862721074,16.2787387321022,16.620485663206907,22.52640582121055,-10.8428573892557,20.510588555115685,17.416083951630256,17.70599095359065,-7.775505566324934,17.169218424402754,-8.647691295775788,-12.13790343767177,18.450673880674724,13.11803517733841,15.107042668638686,13.292871632958791,15.130890279163603,-10.76800286182458,18.307904408199082,18.645263189127064,20.21522394451666,18.340368816145325,19.29317481388937,-7.112780508240091,17.395257453023024,25.482830129446764,18.396637301105702,18.360393307787376,16.492562121063852,18.321285385540193,7.792562927405035,14.229213162086658,-9.398492515442461,16.767216700490764,15.18837204063278,23.522446606752172,18.60563469064493,17.20227085692642,17.20111619671399,-6.029205290874984,-7.177639418788127,22.27281784195729,18.111331908133828,15.859121847838429,20.485090944452327,22.181710057920913,20.900530404768542,13.305068316307796,18.826431026392587,-9.655833577049494,17.54672568140631,19.145052713196296,17.055108198757242,12.47809690287207,17.89252114947556,19.327312261107522,17.674406623915846,-9.149300652081312,-12.428791014033038,-7.733932421181424,19.6635060857871,21.272689117415073,19.239394845062986,20.313116220336934,-5.226511567896088,20.855904237963887,19.932384803828906,18.144760242108678,15.378810299221833,16.570945778190236,14.410774413703122,22.720126737963746,20.62639025660866,20.066476473807864,-6.131831937802889,20.818011380549866,20.816401200957372,18.63761191257839,15.351753485646343,22.14519494082426,19.728085122326277,20.32537480451694,19.980255159350964,17.073222559020355,22.30373307670491,-5.1513512382440485,16.295837505240677,20.19262801255095,19.755528337854752,17.197739611882035,9.18080878611499,22.392883567514932,19.783208522575332,-9.283523889328976,17.36250750776003,20.751382891666495,20.179800828857054
21.09548308843494,14.7578762902945,6.367044471204204,21.499107483115903,19.78327945308872,26.520337005181958,14.686367645718654,13.152213259024458,21.895609123089645,24.35651821479661,-6.281437337621907,16.463976384450437,18.813086634286837,22.31846856224352,27.294472936142746,-8.668503080193478,19.86020257074033,24.799257496845645,21.73613469754487,19.063276668089486,-12.459122772796233,20.375317614564686,26.720228262870037,20.00535188609527,-6.703553291894234,23.321736883579465,18.694047137762126,14.927045932006193,-5.250757424010687,23.139120046850152,23.697118815961478,14.854968664879078,-15.511907057501007,22.268727064550863,25.290042203506935,19.111655402075925,18.095344560820593,21.736195471551287,26.46028770894635,23.2073296344911,21.890171050826332,10.30164653689289,23.50168177240024,25.48141759463218,13.386901668254778,-6.4906650159891495,18.78377193663202,19.062965815353195,14.195454557688564,26.662947994211237,20.02020737478496,21.614842988231164,-7.403392588279794,20.83832642414907,12.417695563858564,-7.744952175308647,16.725702238625267,26.159321972605365,21.619452007618797,-10.123033733404776,17.4911544813837,16.785525528123074,19.19757135888172,21.66078083556474,8.548153492682715,23.477720752548805,18.147457342943593,24.35689213525894,-3.873370920412039,22.38023832682367,20.929147187747645,21.977103648791392,21.551121665485372,17.806910074616198,21.78149207108109,25.515209106352547,17.500732523014634,26.806212050803428,24.31940929369975,-10.818775062800169,-4.739220975530068,14.529752636069606,25.144725445918848,16.352981008956657,18.92143153930709,18.17580248331131,17.937379045821956,18.767786371576737,22.711105114872673,17.14480626290033,13.0979358053865,18.477742252348747,21.000930947795776,22.404675322883783,-9.006636648498848,15.038578788278564,20.16761416833052,-13.253884755929448,-2.7873740773881144,-7.840614249489959,20.59338528610711,-9.301648739907579,25.13822059130295,10.843601385489556,19.452825872326418,19.1802327348881,25.51770437676092,-13.738742548515582,23.793690128249818,20.623783462895346,20.77095556300227,-10.136361377844546,20.36088976809467,-10.39016737252762,-15.038401864932972,20.595423206107768,16.13359686510653,18.174430927232304,14.767954193868672,17.718202219557398,-13.73107876715971,20.64791139939616,21.46548621581379,22.806060621685262,20.837524579459114,22.344206639823383,-8.938012766196321,19.750583683982658,28.898097549139827,20.925784491256458,21.51881926604444,19.60017987400801,20.87705742065192,9.783736116378101,16.193456587526843,-10.203757361351883,19.026482155840014,17.59749050094157,26.786787604340937,21.541844527586623,19.548946881803552,20.10567296268359,-8.058674930194272,-8.937823853217443,25.056682308693663,20.808973226029167,17.91715817569601,23.070158171408963,24.984845086031708,23.767222058272612,15.596350398788402,20.79114498777579,-12.244632607999485,18.951547660892114,22.217350809539617,20.398910495798358,14.675915705862995,19.354552076626664,22.608199847067677,20.574071335926657,-11.739416492907422,-13.916504965115356,-10.163943178885404,22.252772523782383,24.223638562965842,22.467918322511633,22.96554942019786,-7.298499134657326,23.371653584995276,22.416021044544042,20.901640951868785,17.12012788094646,18.890581707454626,15.733207959002954,25.02533602824921,23.157184284399197,23.72614721601177,-8.021067218103363,23.116449126160177,23.576775703063227,21.739813997618008,17.122778391070746,24.6859579875253,21.488998230655405,22.402034269437976,23.163371353708182,19.995732988874583,24.7740099798031,-6.951719716173769,19.05410667818197,22.51634466922526,22.38877879002866,19.280743258132183,10.374586434977482,24.943563022027845,22.974873596113774,-12.072091197214458,18.774584264227922,23.460653715052683,23.572940575605912
24.071206712700185,17.36241667976123,6.9938493770697665,24.913176398791347,23.09417164390911,30.61857563159288,17.32898682853603,15.257156546743358,24.917451974694856,28.263507207169322,-8.54977153981709,19.056886226799556,22.46033308196735,25.638902697471245,31.316778606355108,-10.562131167794321,22.292898994049768,28.152070842419914,24.723279414885955,22.496242536028053,-15.711317788637599,23.96993968425493,30.56968130753254,22.689169511603517,-8.743874574057994,27.09804076880522,22.53829220898859,16.589497897030938,-7.226647208394125,27.13287378660456,27.33565130741555,17.231843099896317,-18.752116322580942,24.89917599790889,29.028023238823337,22.666267382967607,20.43254764941955,25.172653895960345,30.594117887632137,25.935696248297898,25.240702093792194,12.272628083889336,26.872337844313265,29.158593344490953,15.864927598505698,-7.971981088299354,21.98991076065663,21.86363404539138,16.54168936846179,30.252728834483396,23.432861910436053,25.15049924039353,-9.185531509065655,24.11094611353156,14.179247248444637,-9.730256638947388,19.965301509257728,29.729160928662438,25.450016450475353,-11.70011005658121,20.723984837546965,19.067196266333937,22.50362350513321,25.60250878979172,9.591336804928178,26.52277410044613,21.36705816228582,28.30742674334397,-5.2407958147838976,25.879724202160432,24.04516995731812,24.688411327818013,24.025057501805794,21.098880235291627,25.89115393093791,29.51146771289357,20.68359252580243,30.332572783559467,27.86114370559621,-12.936614780107277,-6.858578989651148,16.674804183607172,28.920756048488375,19.40987600403429,21.616425543156417,21.704259209474237,21.28730118319079,22.23243780268942,25.599448001294196,18.925842962802292,14.767017070482826,21.88646246446742,23.490268687890673,25.802168696373133,-11.71924082361678,16.945594765021255,24.123539284464215,-15.754835144453686,-4.540168135170065,-10.469579430952917,24.11960772446821,-11.937804326927331,28.9882253567671,12.71541450199076,22.661349228307042,21.994092173816846,28.297171557473185,-17.01374148666853,27.360377917254528,23.655615956294195,24.46544335800706,-12.491643699941715,23.053278998861884,-12.777837335073635,-18.060565578498174,22.881770197028988,18.035934557818926,21.55548432080777,17.678793458449793,20.520514287756058,-16.71825634240015,24.205749128322854,24.898656897716812,26.986773666970816,24.585026419637284,25.366631014783497,-11.521390508564993,22.09247896374119,33.13425494238595,24.497816465088796,25.20999711001907,22.754977923727203,24.156990620247445,10.963022349274592,19.311569827339902,-12.257382226270048,22.30751967498819,21.101613345816833,30.992313393326178,24.672640739874,23.13855554504914,23.500880244969363,-10.24520138884202,-11.56123548017066,28.787130980405042,24.70330581185243,20.586646154352017,27.044535033707625,28.448369895032947,26.922906048381282,18.095389918348324,23.85161179472433,-15.195965589678588,21.597159528261056,25.795820737542638,22.864925461661137,17.20184756152649,22.135111291231347,25.390214252644373,23.21993816347615,-14.167359744144393,-16.6619579346325,-12.874587643228338,24.893905414107508,26.920544349217867,24.88345234694955,26.84045246490609,-9.705314003588384,27.225386936698687,25.714232165815417,23.101183666634785,19.274693772290217,22.13688079911783,18.635931839445803,28.939816771648566,26.675497348113336,26.97132498644958,-10.643270754329858,26.96800849239593,26.304422070074697,25.131437542897416,20.020317637880833,28.365470309130643,24.53893266497016,25.24380625102066,26.337074177132212,23.462140465313272,28.629136309796525,-9.074352166149831,20.928654792146798,25.629376415602675,26.22224910695333,22.56112618167383,12.281096803399665,28.43798951636386,26.077357041158674,-14.856078928406237,21.514800838756408,27.116087994927728,26.39066038505005
27.028514684747382,19.375571415890967,7.152809805582048,27.925394998726116,25.48954108286906,33.54192011722838,19.389856828168757,16.589938735403514,27.969533875310667,31.00876901941042,-9.598414080252526,20.188380876376538,24.669040732454313,28.0941924934482,34.10586592573353,-11.71212106121913,24.74744849292842,31.195570402946203,26.795520069677217,24.327342510817157,-17.663261851961817,26.25263738260818,33.85938840849527,25.4600849055044,-10.21167718308364,29.712218018330027,24.581745272605087,17.67818714093478,-8.561648056646954,29.234998057163924,29.54038728410617,18.523038233697147,-21.11972669637244,28.267570536449377,31.34166444090477,24.51982016583388,21.81835751109943,27.15685898898876,33.455055430494824,28.07980790438963,27.00311508309594,13.168043314497679,29.218635066792636,32.46663246176398,17.77467022235429,-8.781335695831798,24.347498260843793,23.773837430609834,18.99109516134196,33.25503777338974,26.025132165494956,27.305463561323144,-10.267206637301882,27.078226143072808,14.829769118728517,-11.44409745832381,21.73017493209677,33.16711814503711,28.303196728083698,-13.44579070297379,22.44470699596778,20.921799214428393,24.26954354314999,27.721152389945875,10.571384569373649,29.685056065794427,23.073923186068946,30.31191297376993,-6.1594158482598305,27.997904071588376,26.095307686922094,27.782476011517282,26.70772951478785,23.329897312319023,28.138742224928457,32.16224173282342,22.41363765708077,33.28434846267065,30.752148461188504,-15.108327140005956,-7.757973898746904,17.99299363809605,32.412542389889666,21.76431576819941,24.41225479459916,23.868780558216677,23.082568543213153,24.156396800764792,27.783627886317586,21.20912771275663,15.978404211462523,23.94158549958721,26.480597457494508,28.613385293888562,-13.581871152212198,18.37745806619947,26.18847160005821,-18.280507455498704,-5.643333814945163,-11.844669882317106,26.345893517786514,-13.79610904821077,31.91022159434246,14.056802570180261,25.451867284036734,24.0845616683127,31.24302790237099,-19.290133751764934,30.126412106579412,26.34886514833641,27.077451529823946,-14.408156598417197,25.90751644759325,-14.099765697561322,-20.54064524113413,24.71872631528892,20.6067374826563,24.384769468351266,19.184034497339116,22.3231237432103,-19.080450074631727,25.972269374412896,27.67739349034155,29.28351367281922,26.750780825132807,28.29550143895568,-13.097117842847137,24.235334327108827,36.35848046015239,26.51820222320064,27.946906243217324,25.46220836003454,26.347701371847517,12.164981158710585,20.98956636235452,-13.150187000749835,24.43207413176676,23.243327891012935,34.10611378616021,27.576535206610746,24.947011350807678,26.038906209239045,-11.717676887378428,-13.183954549844168,31.416198072839116,26.893444234960803,22.512977490668927,29.330269534821365,31.087383049376566,29.948736442822415,19.900112187384376,25.371865713205217,-17.304487264341347,22.848937995828084,28.88674326472042,26.02625874292952,18.994494595168735,23.497186684125882,28.566877835651532,25.76956072265209,-16.309757342566034,-17.961866314653776,-14.90425367466549,27.736911700664386,29.946962048868627,28.170107667020066,29.27688568097304,-11.181719001882218,29.292387410275712,27.985270910644758,25.884702177072693,20.683721997703795,24.072989233047732,20.18801067652592,31.00401502130268,29.167650616812725,30.393581726832426,-12.111794689604428,28.929369562452205,28.68771082086252,27.78435786363245,21.720955560896474,30.75510755257101,26.348325102218272,27.08927749005474,29.518571119078523,26.33288818722261,30.839819186037428,-10.514902847568681,23.477242797400223,27.68879592246734,28.715087561454826,24.513794312258867,13.290066369670363,30.871951331346253,29.221932550134774,-17.149210991001944,22.823431185288474,29.89077642497208,29.69545276867227
27.62870159849839,19.800405579016633,7.233147877653466,28.763953028460058,26.21090479276126,34.246481471758905,20.26576934660296,17.135443674828856,28.93498948340849,31.872587764120837,-10.396523561982528,20.8866409297698,25.59856768151964,28.70232179312624,34.79113782030682,-12.617159396042203,25.071337716349678,31.69150221995095,27.18054465183583,24.740587396536796,-18.682640920703964,26.99124668753771,34.56620150710546,26.139209264261808,-11.167663302016555,30.84541660592195,25.345161740264633,17.929982843525064,-9.473639534928258,30.062885086200502,29.9401663185177,19.078193229313783,-22.065116681635498,28.78596945368751,31.87385617002022,25.050374116082217,22.132741948824552,27.791336163893,34.387544192902894,28.47411254945966,27.71872054904261,13.752762619075126,29.812633755351765,33.27837576015214,18.34154921641389,-9.377669480845766,24.929025832197357,24.096612553944922,19.93359184933247,33.90982917628567,27.197948078512795,28.056942560341213,-10.918342973070976,27.87304594666536,14.785575976558645,-12.166068890106443,22.25011075342477,33.90083105632829,29.24532832402769,-14.050047205936192,23.273929283855853,21.385337489402016,24.758853427370266,28.53530056420456,10.916663740149792,30.242442423465604,23.95252127664055,31.236621536707222,-6.642350663355384,28.79487640257155,26.645665967631892,28.42743766815194,27.300994588630886,24.167273163869588,28.910426496316685,32.803195070995194,23.13143777502473,33.97449311957983,31.470054486165,-15.977254860501436,-8.310922974891689,18.02827398306065,33.183029876632595,22.862383615200155,25.297040230601052,24.628793993947447,23.781721451039093,24.876930326076852,27.914340394327358,21.569238367619512,16.454210026978803,24.387754664175777,27.02416493580822,29.20319022193897,-14.720117841622427,18.569729201217474,26.993634169982215,-19.23367454164417,-6.402896687526462,-12.795208151821925,27.352358737044362,-14.878180753260562,32.566494722880876,14.544463949833995,26.515368270448658,24.410060695825912,31.68852828682794,-20.53713058642679,31.124990754339926,27.080066876708525,27.76020356527023,-15.506195653683518,26.56570291012331,-14.890878653347997,-21.705870697677035,25.040363979707102,21.42992146083913,25.382585606460825,20.102367085479646,23.029514734420317,-20.151423733463282,26.653469392834204,28.45877040468749,30.238259309913424,27.386752674371248,29.182359733276044,-13.915669889996051,25.055301362107656,37.2469286243747,27.288213797667357,28.87789032650591,26.17189491415557,26.92860982417098,12.660802297906177,21.462736451704263,-13.357823247249865,25.224829500577492,24.251921870497746,34.88824693460948,28.134112176825408,25.659922022584183,26.770774432832447,-12.597183041421598,-14.250365463105199,32.34026126522393,27.748986380893136,23.00292728718691,30.396885216792118,31.668791970571064,30.260507742027652,20.55822277695919,25.654293138861444,-18.42927229654362,23.249005243393256,29.814871450497872,26.82166436047577,19.40403210218378,23.792298630690368,29.246731991338816,26.315080998783216,-17.23637533374688,-18.57848543218649,-15.892103948351203,28.17971655826064,30.366356912266205,28.534434595924647,30.303531962897726,-12.222663749337816,30.162050944580148,28.60379853704353,26.308462387469362,21.01895157753561,24.63285971320865,20.645926664830473,31.714553031250425,29.84138251849051,31.354820825853626,-12.935449077396033,29.627742271607293,29.013182813003432,28.32647029142439,22.223670780545387,31.419808996080945,26.50197433689946,27.379735002037346,30.173746589630856,27.016835541546513,31.607474294684117,-11.306026714119257,23.968541572897866,28.550954152382605,29.531805172530703,24.970095362895623,13.435715691361201,31.112352837123836,29.588520987374775,-18.26461052419672,22.93954782483673,30.765486680882915,30.238279860045758
23.761145568039982,17.00122937166749,6.603342205320775,24.484721134658848,22.18227564863691,29.681640360551214,16.86655484641441,14.858411023647124,24.612483866965807,27.22411409286184,-8.228451033286818,18.19714712352626,21.498914378366695,24.775799871964654,30.24999118639789,-10.35672483443828,21.94619039223226,27.412487496060802,23.73483291394917,21.397700134710462,-15.06411445909634,23.062332549643664,29.866853247694575,22.53513012996604,-8.685554906248427,26.261677693142843,21.38654085500406,15.900646887084362,-7.2114634740547805,25.959125198412114,26.275664868464403,16.52177683060073,-18.385786257011908,24.819459423498962,27.963968809597915,21.51388222317853,19.468137213580366,24.094751600661773,29.637467946548846,25.16091954079759,24.1908829866105,11.697597632882234,26.082004657435697,28.685735483382544,15.526557329309881,-7.753614601863156,21.244653866303466,20.95654438744204,16.260037910499502,29.652090531200688,22.89151781341421,24.262960106608233,-9.07686993088361,23.44231028854262,13.363160955206986,-9.564491250842334,18.827548303695476,29.185077714298927,24.57795083467314,-11.629574658505298,19.776018714623593,18.701035695667503,21.445765722095835,24.34279046588043,9.333452759714927,26.179709011056868,20.518215676406307,27.079768311374103,-5.133175468226132,24.88282561895091,23.20318429145091,24.594331092563834,23.72172090249744,20.475573549401425,24.661004076783488,28.381937887579003,19.530251630048728,29.670688341404478,27.150070221612214,-12.888469977211356,-6.318328392293426,16.091094816409175,28.30258238480855,18.78924635881449,21.334900904125547,20.83928515550095,20.30801039110846,21.254256802796018,24.86486373296514,19.12225983532035,14.282263395051343,20.976462655072137,23.350536750152088,24.960831219873747,-11.397673037129062,16.252338840057696,22.949075567203668,-15.612288232154654,-4.364170345370972,-9.999226610559639,23.21476743450019,-11.637861958811577,28.260818144672797,12.301701580614635,22.076499757976094,21.207051262805482,27.93408623903932,-16.62025033885147,26.578509007732844,23.225738688230315,23.449766123708866,-12.385370909396782,22.754960374287773,-12.11216393609601,-17.669621516814978,22.41425693353671,18.16052530447449,21.121520710141734,16.816347200381625,19.94705136339956,-16.287807488114016,23.165756584826557,24.243692022020973,25.84787809798173,23.36725097898063,25.12053892251094,-11.160726056984473,21.73528711513228,32.19058846283771,23.471581610870302,24.525403054874833,22.16821583256108,23.33686991706636,10.910779519685823,18.483592553926258,-11.7349922746107,21.527005566112777,20.3133942173598,29.930364371749285,24.217103510003646,22.044778006399618,22.59935752902064,-9.94197662330194,-11.344510920394182,27.978598413523333,23.584861005174197,19.973977460508863,25.970284768580072,27.655080776095158,26.264710135017367,17.36112975057881,22.585119597892746,-14.897174422480273,20.53950051146119,25.359886355730403,22.859492723111778,16.520632715514264,21.127960483027245,25.182095268111865,22.917952948731052,-13.916749273881276,-16.0063532787568,-12.636663023276263,24.64377704286331,26.695374864313898,24.845332848602,25.927790888727145,-9.464688519121937,26.167054944189132,24.732112014342597,23.081305529859137,18.640963230366935,21.22296463401274,17.793871463679892,27.768767127747857,25.735003993326995,26.72192596887066,-10.199961837110255,25.586504552840594,25.681170738260246,24.337359764615417,19.054385907649674,27.383425619674387,23.292214583740176,24.271334914114863,25.95446927700182,22.786616877694627,27.45862515390934,-8.949527179097359,20.93521575177484,24.960804819022453,25.36571360815452,21.54416854233732,11.73166156050042,27.24164835718106,25.50404029345915,-14.559506296829525,20.364532836494334,26.38818379279521,26.18906566382945
20.584799105974383,14.595720147564476,6.108645821380186,20.925320970912335,19.12038704221718,25.74953273494026,14.168550094348847,12.856791726954828,20.945324472632016,23.614220248223837,-5.931626330478364,16.051511083001348,18.054462398171832,21.549893044287092,26.52418329225974,-8.075566062079611,19.282716111935198,24.002329888110932,21.04276618280083,18.617967763483993,-11.987040516255522,19.76758638746602,25.93128524062529,19.144878295360694,-6.352595226489998,22.523082299466626,18.154202373567518,14.415618994114276,-4.924184527543726,22.510212362273418,23.3351088359195,14.194694683016904,-14.936988948547572,21.389632116741673,24.605592679225367,18.523594412950736,17.51830989297994,20.978690202290306,25.645259294330497,22.366285276175287,21.280950077806995,10.025006469990378,22.73481107232332,24.648239044845667,13.086689832729647,-6.2246727944351585,18.267784611198646,18.528076887839365,13.485963462548023,25.87016399669564,19.363932650976526,21.115488860087734,-7.0910300032122215,20.010964249265932,12.123975043040787,-7.255370579164191,16.2996967480382,25.22173587857654,20.87947850087505,-9.547062718298848,17.18319064733252,16.181193289663675,18.79687351309665,21.057195792238197,8.22853140322312,22.64306609580127,17.659621649095175,23.723811409643723,-3.575025438150764,21.703097238342277,20.411426508920012,21.11213236293446,20.505986027619503,17.27398147655352,21.22697481592514,24.82852108420443,16.99357422474267,25.86786121886958,23.51443903120661,-10.210037042366624,-4.5595384999265365,14.217636175394675,24.321834874683333,15.707232998175618,17.97272965304123,17.671779118184823,17.419477487486812,18.098879251525208,22.24988339535535,16.52945515752399,12.666970669796314,18.018577350157937,20.21032823637903,21.63071378209754,-8.484706617850494,14.601406873648182,19.78745106411037,-12.599470759267984,-2.398986499662067,-7.429338713782438,19.960287867724947,-8.76551738920542,24.44220682653103,10.391837208910264,18.615180701214015,18.643653360116367,24.605742324327192,-13.107854049598915,22.936727805416798,19.66681932636897,20.120192061826295,-9.642942840516513,19.37987581782356,-9.872705173872134,-14.391582211657703,19.875369791195062,15.189539226274977,17.54698396583202,14.450051425783997,17.094022614342876,-13.118138847350279,20.09195980364854,20.762645246713674,22.19126022757644,20.254773005104614,21.48510416178564,-8.67917297713152,18.90827502391205,28.074918133432984,20.364771088143453,20.84175892428943,19.033695867339773,20.284393490432826,9.216693504807768,15.890964138276805,-10.062556049879129,18.71684500108707,17.26952374143155,26.05472348608829,20.94681233926339,18.933018460362106,19.447345315054367,-7.686419237022133,-8.492171980653163,24.27910240785768,20.216171566195793,17.48290922986272,22.368429222954738,24.21030168524979,23.122168546681696,15.017755742731069,20.208311943570052,-11.686838297640906,18.5744101727533,21.59691672769023,19.435551414353014,14.256397181938473,18.80558512899766,21.69393946596538,19.83501412483153,-11.101254668610812,-13.624163388736386,-9.678723853538013,21.535716384808538,23.416521834156693,21.585758662859526,22.409517234405307,-6.805518197992064,22.709083139754352,21.746284230115656,20.0906850635103,16.573478474725313,18.471759712578375,15.52940962208783,24.479263382974647,22.545281614579423,22.755878696938847,-7.709432839006973,22.56209589743179,22.71828862909745,21.06813311353249,16.64035027449118,23.970113722917066,20.956473636474534,21.728280168292194,22.484605446757524,19.389661803708954,24.05593541331696,-6.601378258445563,18.17746882843605,21.80209891320941,21.97608801132035,18.970857383322617,10.11097955295962,24.37711939475654,22.1626771870669,-11.395979499744646,18.32397956667842,22.74696207437954,22.6819132689585
22.624975964964882,16.260921723394798,6.291480568280547,23.47250613225943,21.99710086650123,28.669236442846984,16.77507835366158,14.543322725985714,23.58266810526872,26.746700710150076,-8.1736287905778,17.512539111683637,21.4800615594792,24.30472301941072,29.464173337177648,-9.981996529355081,20.83255800947695,26.32534861343859,23.489507622852607,21.104256172085904,-15.267695052083637,22.794806836614637,28.854359046667653,20.927508139031687,-8.884940203527663,25.452693792416206,21.485055694894672,15.292079409394228,-6.966408125014479,25.429676703361253,25.48243906836665,16.18438840332316,-18.086811804745185,23.453188067307686,26.717711048053964,21.574520588981738,19.29967100204197,23.629714175679158,28.779959213745308,24.244304425549213,23.640109626293814,11.747405781672079,24.995176267590253,27.249193248567323,14.920761942401333,-7.701512686280507,20.95695192961219,20.575334390774852,16.18673460415651,28.019203508631147,22.114909608170034,23.305537674092456,-8.808798385141845,23.218158397732896,13.107777954294804,-9.902428438587728,19.10181860728053,27.778545972339806,24.354133674512344,-11.382835987208141,19.475678578221366,17.858542764098726,20.76679939786887,24.31082335356627,8.962262523062742,24.594220545077302,19.8693854745748,26.408031785644784,-5.4435452063719865,24.392538885025157,22.738317773871408,22.970675773417778,22.274897330251157,20.083423060204584,24.399767907594835,27.980374936259697,19.557665584289648,28.241308168102716,26.33054345466067,-12.65750018050526,-7.058104667000771,15.339893446841938,27.319824360246074,18.873757595779246,20.665596723072994,20.67640740995503,20.248835570344678,20.949587988578887,23.71136686557079,17.629695923251127,13.991625512448381,20.83240316099929,21.860215298520426,24.37444068556075,-11.531671277878178,16.363826022785286,23.075941004152,-15.571815523921448,-4.846312932134914,-10.329010774433156,22.958932690432473,-11.798791566384994,27.054629912117427,12.13132040325897,21.782368493001243,21.054938367425855,26.252714724490254,-16.574286483240957,25.997399283819313,22.217710322179066,23.538103368653,-12.319563638456044,21.689094963751803,-12.36526246504655,-17.577665164651528,21.065571454185832,17.00110325422506,20.500864781785797,16.86660830466323,19.409686953781744,-16.490562549306997,22.562977322256245,23.43572087842675,25.300984894156574,23.378360429577434,23.70975144256145,-11.36779869217494,20.4562629682322,31.186660025984438,23.17205405697342,24.055770858857688,21.993386515903182,22.80948882173046,10.53411840689542,18.15140326752082,-11.18274299329863,21.18147217981197,20.405268500359377,29.342990908979772,23.357754198218004,21.68030299139944,22.694274244192098,-10.259339845176838,-10.913472713113364,26.700784416975115,23.661461893986687,19.40443275475791,25.369455906647026,26.633799178971373,25.339883082999787,17.407899610296983,22.264461863923202,-14.805571901336698,20.015704827874615,24.39913722694141,21.50907933019187,16.692128927851314,20.208457870374282,23.878941668495827,21.847362729948603,-13.857099149254699,-15.5312920194549,-12.610785569926389,23.00440437228604,25.020521751802853,23.25041328112082,25.43217101284579,-9.532795187856893,25.430668311785933,24.360329458714535,21.284942778028554,18.007548751375328,21.143074052754304,17.216707735183327,26.977764955335083,24.959425339778925,25.397593473785758,-10.521295874758698,25.32446638964015,24.518278146645297,23.989231608896077,18.824474890727164,26.490716433684476,22.86631909730334,23.542470776650653,24.777732563124093,22.213447468047658,26.527577239322333,-8.803306129946971,19.403796165173084,23.77052263793631,24.839360677337734,21.41136688475191,11.52053279455865,26.844575935210404,24.634811390150226,-14.661099340782512,19.890679350630112,25.24802511076731,24.833566701967275
20.54776955534084,14.485493715232993,6.1977708946364585,20.89122667287986,19.086028245580145,26.139601015608473,14.006186094850428,12.869626289886378,21.175586359388024,23.78075160255287,-5.722474454685304,16.435825874325012,18.07204629071172,21.839743113877926,26.789157202076588,-8.256358453000098,19.543992091071562,24.288817930108056,21.35054532053808,18.872951478845387,-11.879202089744954,19.871288205025515,26.18003733786565,19.31702441218646,-6.149977539034418,22.78502057245315,18.317998879831237,14.76678226777085,-4.780284379081733,22.72997798182582,23.677497512738697,14.481528300731352,-14.82315362995652,21.419792713664652,25.162250885169733,18.601476501391915,17.770955149532845,21.219697908927092,25.74303748684709,22.81321841709736,21.6165772016538,9.852336344705856,23.131550586459895,24.86343804844659,13.017547581248108,-6.118169722610561,18.281977679578205,18.672234667249313,13.268066923311915,26.085338679155054,19.463959293875984,21.341330441916995,-6.9211530243214465,20.04458785505313,12.393363360693849,-6.92968688232836,16.502070004782617,25.537922882031133,21.048137399190477,-9.424833518445439,17.225993821274784,16.286940693858806,19.194188575242833,21.157019174829404,8.394264597592022,22.929858232308014,17.819132460398656,24.047197882023486,-3.1405503799447554,21.864821023140397,20.553332537998003,21.33564700788361,20.730674284943795,17.347004473985017,21.321555546688252,25.043675053414034,17.188805748165073,26.37453844575569,23.825506153547163,-10.118811098046887,-4.238706136455119,14.325235286709237,24.402050375207185,15.60310415055617,18.010828573387407,17.584835995352826,17.474312197869704,18.255458947460085,22.68233007502965,16.573312036829766,12.75094813651767,18.099238878566513,20.311262110852464,21.81218010734352,-8.240433625087057,14.606316316301296,19.79509982155129,-12.310489607577512,-2.108674365552097,-7.2328673331146005,20.13553833490138,-8.540222022779451,24.58101749678136,10.17102867690128,18.684078497234466,18.702569743965242,25.02381687650789,-12.890194374543116,23.045228373752664,19.911318625345306,20.193673517496638,-9.431077464603437,19.64001918347946,-10.041199468697647,-14.211273288865225,20.28700618090143,15.235258624048853,17.469169019101937,14.6742249547477,17.085798304175036,-12.873530282150593,20.22412336199774,20.90439218992744,22.466334345069967,20.427817986178184,21.697223490123548,-8.482401271499032,19.1945287616373,28.365294811361426,20.333299358421357,20.898495657601647,18.919127902391075,20.53012982815716,8.980538647085595,15.745073298452066,-10.335749759106266,18.72325859385853,17.109224786929687,26.27342113830406,20.913180847464726,19.056289658208026,19.639088449632197,-7.463204143274197,-8.479952036009252,24.562234488375314,20.37159919869761,17.506563257712347,22.773491768381735,24.67214224089629,23.24975131526983,14.962444012173178,20.538728217865533,-11.533908566255885,18.9508590705217,21.639082734781134,19.50292969834936,14.251863746462671,19.374903695049483,21.85705504452172,19.93354496316297,-10.976924310807275,-13.75838136963709,-9.47772350127411,21.84989238807776,23.696672670394115,21.73108190809569,22.62855142072787,-6.602813208084905,23.07584850235205,22.085769843734223,20.268098968393517,16.87235450560448,18.405658340048774,15.682725136656195,24.863756501024554,22.690844649686216,22.85478216434713,-7.497936176255416,22.765257200891835,23.15477693707072,21.06423296348582,16.804143877919213,24.42523225865338,21.47020401424352,22.205538695820998,22.5700830455236,19.311574024949444,24.365642635211895,-6.469951599412155,18.32835878063636,22.130956067103778,22.095422323880193,19.109183739279032,10.259897070692931,24.669587917687952,22.32470010903058,-11.254843882415559,18.9210211600724,23.0611094319717,22.795394267271053
22.036990915332673,15.595936487853452,6.161938630065768,22.813286345841682,20.963024174402705,28.016370374828387,15.68826940242566,13.725962949119753,23.19269559114467,25.84414487688297,-7.066837789565446,17.73591366895849,19.97568534893555,23.533647622488818,28.72431691444517,-9.578261280884412,20.5591339685183,25.809384824944726,22.557018438791207,20.12106560157138,-13.831535202136072,21.64588608529024,28.025110857410265,20.923533314282576,-7.631422167653467,25.11279645921307,20.005469635242388,15.532472648906761,-6.341810288451316,24.529552674438367,24.95145177735797,15.534618832694994,-16.716753515213313,22.961477651862733,26.785884632813303,20.006835725988374,18.78495470676192,22.742938362001343,27.939109016277886,24.02718201041382,22.911121171967068,10.715538122208429,24.70341634230813,26.755262795770868,14.174070425618325,-7.069159433440808,19.620508118649813,19.893467720431076,15.11386156142296,27.866961435749662,21.68310224527915,23.086477551498024,-8.113153343502923,21.933965181801867,12.631752992789673,-8.179827077908572,17.78791408835894,27.465337952170152,23.115614975557772,-10.724872117466884,18.94918424461655,17.538830616067905,20.585591989790988,23.073391089168446,8.93013888478561,24.530750031175167,19.54222096717924,26.043489367351018,-3.9231686845963765,23.720720205141145,21.921329422156173,22.93499691146868,22.23447441712128,18.911388816131975,23.186145132910905,26.84558504401342,18.95806753476192,28.111517650319225,25.622432189354594,-11.726794590966136,-5.131094657406336,14.797482701298918,26.37919196768071,17.70550353524474,19.8915357018729,19.26945335060202,18.947020100557115,19.875019283773142,23.518952305722596,17.50401229162766,13.59403724875094,19.382369939628315,21.910417135550617,23.55679841090595,-10.28665855282261,15.181134610350098,21.520282572672407,-14.191633553770934,-3.438013455764703,-8.7067062558104,21.990474898848007,-10.391070249203917,26.25614100056062,11.382475831347985,20.860552024789847,19.84168892500575,26.42441073442666,-15.09230485613517,25.27511579828753,21.646337980933687,21.981309394041837,-11.294526158611072,21.19933759489776,-11.39816154384096,-16.368978263656302,21.17860552056382,16.92131036855288,19.47998810374637,16.259390370495737,18.523244373998413,-14.873780973980242,21.76325118678214,22.672316047913263,24.604170974460953,22.02760539766778,23.57889788436711,-10.054401277895344,20.855952915623824,30.52198934813398,22.00392311931597,22.797385203551094,20.360582812045458,21.878100024022533,9.843364834059257,17.019890577432594,-10.987584441311983,20.196239704077517,18.938212513791296,28.268558012230432,22.363376618909417,20.646890889588775,21.397961931272214,-8.871160091346137,-10.310174068445194,26.67516637681161,22.198499114264752,18.579083127499025,24.87676285121272,26.17552526977203,24.59715925051959,16.55271716319253,21.66961652931584,-13.626032891061586,20.05735974970725,23.564495147867543,21.380304045033505,15.319549695042582,20.524814079156116,23.551095896274852,21.146132053854203,-12.68750292480301,-15.016794792738935,-11.29875226898109,23.16890479317487,25.036519558899716,23.095914719076283,24.676672402614955,-8.443618124173899,24.9078426236857,23.66763900288369,21.485360892302136,17.710848772341443,19.84005985566196,16.749345671055526,26.548827578958907,24.427793961061248,24.949834888826025,-9.052432337287081,24.48145104269495,24.329351631121707,22.6501851297936,18.055978015207934,26.12603057784359,22.47493907038917,23.265535759935187,24.14947517334949,21.070649162182384,26.29889976891679,-8.070391710649528,19.558187885570007,23.87030341163444,23.748744718013658,20.26020868554492,10.790326616851557,25.930455323623526,23.86588730518411,-13.354179593849583,19.735876107167446,25.07800558216941,24.31854599590855
21.95168870134271,15.74280181721821,6.191500252276337,23.06522097035655,21.18247613138397,28.089302434536673,16.297426616901184,13.927759107622558,23.263274693573866,26.079846215576847,-7.725228708168818,17.744477038718635,20.632232715446015,23.695665946780053,28.74836877840157,-9.82327955745591,20.316294657012712,25.576033783760046,22.589049697991076,20.37195703441842,-14.49130522059198,22.08546108156461,28.044045361487306,20.872496824378633,-8.3214191134155,25.274153430146757,20.640374149425217,15.468236213617288,-6.828895190769444,24.683201623809776,24.826652091469796,15.885136051770788,-17.22932002439376,22.843030167655403,26.543438141829007,20.43017982860769,18.797021144347276,22.861168921484275,28.179991506151985,23.8183685963538,22.99000310757411,11.125347505205005,24.72993788743195,26.767349889704438,14.477817487457415,-7.302868162356445,19.753829188019928,20.012994515150048,15.468148967942321,27.659753157613178,21.867283698758417,23.160707149278014,-8.40753905756207,22.21163440618666,12.54608845568577,-8.77901741956717,18.35315453515418,27.28471289278564,23.414232468762943,-10.880112852869674,19.11138900123324,17.5691400166059,20.400645030894363,23.350595219951458,9.021348869118162,24.27408509989729,19.70220762534098,26.075714645402577,-4.478430684623825,23.991899308955603,22.08855578210532,22.658005623141,22.063939651279604,19.579251481827626,23.738862590029196,27.03832934759223,19.183793058161463,27.902556268005153,25.69103828103899,-12.106935785038091,-5.763391480811163,14.618064122718954,26.480267979178326,18.252698080575936,20.130864654464045,19.79466090306625,19.284822874058836,20.437248695513507,23.134342059189716,17.42591157590816,13.532949040284542,19.73790437748219,21.646633529596965,23.63987959277932,-10.996762954932514,15.27568342050927,21.999959296669715,-14.764591480302887,-4.211984259716932,-9.376034515923322,22.298815525568244,-11.102622447441743,26.233797977261396,11.78480374431442,21.103062118990213,19.887635423856196,25.979453615688616,-15.794613377416027,25.54441643277375,21.79425708437725,22.36985366600701,-11.787168055057194,21.128853384438106,-11.764064205356103,-16.910191121591367,20.792098271375174,16.925826435373224,19.816421932575626,16.32934005811747,18.846460629754283,-15.5853620437954,21.938342226982996,22.654183382887897,24.876481673951673,22.340148658485965,23.468650416604323,-10.636425332742883,20.654175033741623,30.47930400166507,22.24613179213167,23.22940188889892,20.84895141201947,22.258179825359658,9.977796658371567,17.489878712319086,-10.955168215302344,20.50190137235498,19.344097374243972,28.314148163184083,22.272519602616782,20.896812949765344,21.6862031690377,-9.59630125571356,-10.717831958835049,26.60839720186803,22.602571078576883,18.71320047707943,25.099086109145762,25.998304433207245,24.35327149866771,16.850029869418506,21.698252841672584,-14.269950762450758,19.989922244717913,23.57014402038617,21.254215223936953,15.750379126338405,20.307273000029053,23.34778515792588,20.9691285586753,-13.277414292303387,-15.182084891373748,-11.886074837189138,22.723410214496457,24.63804934433363,22.744599183319515,24.861700110809146,-9.132091305320229,25.167886132560785,23.67727477894042,21.03507013742454,17.757228885438483,20.160960396037176,16.715864956401205,26.503535577529703,24.432340040875943,24.936067513115294,-9.809318678533009,24.714459999097002,23.99115015093641,22.93060089685748,18.26342594293422,26.04631560649465,22.245639319746058,23.125278029658915,24.16415956873596,21.238262366883944,26.277014227010003,-8.395007470329393,19.15208246049869,23.745157313480835,23.940457032150672,20.738997906768677,10.81437000316177,25.924832811148967,23.836761586511773,-13.982461812523947,19.45580971694556,25.00563733974806,24.085721009397673
19.91898833718819,14.134032069691115,5.830999000698376,20.453079209394996,18.93015470697154,25.106803784077062,14.253027622558223,12.592322124057763,20.799865762137944,23.1997596876088,-6.410156524187132,15.319203071982244,18.3028827156089,21.36832662181086,25.821146443477833,-8.383282490926888,18.69802125829321,23.37627694454905,20.66016636832008,18.22609129198144,-12.451182416807592,19.62553972100381,25.3726682386372,18.79530233795558,-6.930972413682396,22.118539460575235,18.266688915679918,13.710991288830202,-5.30333587382379,21.91312147670535,22.398460875021144,14.136692599402043,-15.19947738337873,21.045330515096108,23.61810625359971,18.508783570706917,17.090183694110216,20.565589452682282,25.06217934013767,21.68162114418549,20.561017602381213,9.847035632152467,22.150583963666485,24.072651866649636,12.844134829819922,-6.372533904916004,18.017985863740446,18.00354607745885,13.897718837633295,24.921174172346685,19.028527791242873,20.299620304488133,-7.28110820923547,20.193483908849146,11.683673037254724,-8.003359089811239,16.339196448388066,24.633925036720786,20.9437550244408,-9.747427244351925,16.59337040274677,15.798450217536843,18.08853440826471,20.77016495341816,7.9567520961842,22.005297792295885,17.083681988642738,22.85946668624695,-4.229111472666225,21.18697184589028,19.892308481850634,20.598398935226047,20.11309757917831,17.20265338796503,20.886533710698053,24.378101391917244,16.78384582798184,25.18143399395252,23.116426213630938,-10.530757077764717,-5.265722746846516,13.620056552810716,23.963301242062876,15.976460759622245,18.172774461515985,17.571379937152045,17.213372161794158,18.07065880080679,21.24098193565072,16.037507168478747,12.296074052988391,17.908609775063276,19.703446272711314,21.309359142096717,-9.133881477126588,14.41048501138683,19.533762881593603,-13.065517565477567,-3.3769580033538524,-8.054592458278572,19.669015580400696,-9.430963431196089,23.801319316001514,10.446738861065887,18.84237365382227,18.435829486328817,23.723557846239366,-13.653891593766373,22.66541975489299,19.64390136750556,20.25727294490943,-10.061548248109938,19.31271361783268,-10.194185709397688,-14.740362785425054,19.016513123336107,15.239194695326947,17.59974062958732,14.189374332093243,16.8606163291116,-13.677820220225438,19.53288093968431,20.368289544748986,21.69946200151216,20.012810847450922,20.976136409138856,-9.096385019832802,18.306684089326332,27.353857758348227,19.88070687242216,20.701991186808545,18.992448503718165,19.89824438091866,9.231883259465585,15.520839517003205,-9.73910887360734,18.21014057085939,17.10862751401844,25.544065750072654,20.50054431533916,18.654112988094656,19.5693705565441,-8.238625329250976,-8.760563556574214,23.453724088229364,20.121992032373868,16.87098406037662,21.882626233223046,23.576708004961763,22.507167782992543,15.01724620144745,19.62132079170401,-12.198911308986736,17.746894693228764,21.128548519448746,19.24688920428189,14.368427344779139,17.943161033743852,21.30974248889116,19.372052193054188,-11.620829297564939,-13.304491313641222,-10.281785082603903,20.743788587203937,22.6041193432668,21.061476200034804,21.857412656864323,-7.519604727019162,22.114536614404887,21.29497516560797,19.36993436423555,15.96598952706652,18.17259304494847,14.82910078443001,23.545485560920568,21.89410875521665,22.461579742620007,-8.338470169078496,21.93949963863836,22.077559772589563,20.9359469449687,16.19931496407505,23.249081709441505,20.254469236612245,20.933819281313436,21.881806056765093,19.239743132176812,23.20301552193048,-7.069579677517542,17.64186761199701,20.927520492185884,21.370490688303295,18.501509158699722,9.94597822621571,23.682112090540794,21.88927825854072,-12.075324348085585,17.65032355936474,22.097674629874934,22.188255488232183
24.20017444387406,17.464253538523593,6.430513952308491,25.716792540629314,23.438256941381542,31.117229859263695,18.495522822231692,15.650420094329895,26.15496087595754,28.926384223881946,-9.36092393134108,18.811848552945523,23.254136936241075,26.466779039188758,31.814015601400055,-11.581700193658676,22.404633170481898,27.949057449073507,24.919024404342537,22.375573703746404,-17.084261313338743,24.594573266084787,31.150172470485835,23.258997820309343,-10.398229163609205,27.985333757107007,23.149336490051063,16.419222666339483,-8.43440973759777,27.158955956052566,26.944131767030438,17.65452396314835,-20.182083753866134,25.71173825960978,28.70584988423988,22.766252584243038,20.64139809345781,25.156328803975207,31.271519150056786,26.076809482262405,24.966779904802415,12.1875605958479,27.278182794349163,29.775673203863434,16.210140394531617,-8.648400586058735,21.834695216270738,21.88456550913088,17.864062375066375,30.296998867600074,24.375649092004963,25.181878752935095,-9.912984248584678,25.199525005522283,13.453228255248167,-11.014471568084703,20.419775663919932,30.156618050275807,26.402318728298525,-12.735043179342476,20.606554795128773,19.83452045427045,21.884455715358808,25.912887269073266,9.584285950282808,26.652595125592498,21.51933153600247,28.36978218096136,-5.863471184680798,26.63409240253344,24.304260632883683,25.083441049186714,24.391879097649998,22.11479300278189,26.227348410912185,30.057076890654756,21.014915581428042,30.822201692953357,28.463528760956468,-14.33574036988249,-7.271673172659023,15.638735959512212,29.427711354251226,20.751843759126217,22.79443136550825,22.02668167894128,21.336300218279085,22.706932716581328,25.101232690018293,19.619755871360304,14.64418029675744,22.00300927154246,23.96257598594945,26.126666010527895,-13.404310693916976,16.750114559974826,24.502875581757237,-17.613323364384584,-5.898560685471936,-11.294065080686956,24.62125513487767,-13.604190913143203,28.9242511983901,13.338048157618385,23.924288642972506,22.275035159687278,28.438922165061364,-18.628073643039805,28.523866539473808,24.656719956760504,25.311344909691723,-14.057493927378061,23.760520797903112,-13.741533328172526,-19.628229936633346,22.634723967108513,19.2620291922692,22.53683557915587,17.95427453735193,21.31722930001969,-18.45764153270275,24.182147959534852,25.008995324381758,27.48570098862335,24.71563900055461,25.922333337112086,-12.761228551961512,22.52735515266456,33.69706771994611,24.466617204307482,26.168935031232802,23.65283197954817,24.779863531146432,11.45516719950775,19.238915817035366,-12.157100368229692,22.61918441214597,21.705694591727028,31.374485039884092,24.730557603878815,23.02828999407359,24.557731658522002,-11.645186404135714,-12.71372071601888,29.050735148646744,25.244536087000355,20.450790051982743,27.611566104037482,28.669959816466232,26.740402174475108,18.9303080203775,23.547121381080075,-17.037643085148346,21.228267060763123,26.25971076567022,23.82383280691662,17.909395447532752,21.853361100055736,25.973341925201424,23.287410843432454,-15.86063005028138,-16.753018958958876,-14.289798611080707,24.80233053417,27.065240891181947,25.31349449753996,27.65268517257079,-11.391678384153805,27.632158490864967,25.96192334713603,23.051383753260584,19.534339795695352,22.358005608315377,17.763225692519416,28.906071437948178,26.605448843917593,27.93390873744341,-11.930282288678562,26.75131938596942,26.42962411787949,25.779134140663825,19.79833217913666,28.640035876467984,23.947754803133254,25.116274161488644,26.9059264362224,23.689838879041282,28.488165390077267,-10.281252362433555,21.066753203764627,25.769901876236474,26.573470141576983,23.019573802117627,11.948585894287433,28.294198845846704,26.53282403207473,-16.824139446969696,20.989165555618712,27.413029246490375,26.81961710030189
21.195805013087337,14.873049828741316,6.466656811017751,21.344705699789944,19.680323790152595,26.788672704746837,14.330188707041419,13.276871908689904,21.551321966264375,24.379395149136812,-5.873300457932691,16.586698160963536,18.60475154907089,22.363936638500547,27.57083543079906,-8.332732812116504,20.157671318731282,25.08590196399203,22.10905996670896,19.468659839750316,-12.083617690321889,20.435924467380598,26.90649376905718,19.863713699905468,-6.14828752697486,23.109928511301764,18.70264937533055,15.180379663908951,-4.783043698110939,23.35892266893231,24.22780385806435,14.99365845263345,-15.228655348555506,22.184606869271594,25.74996863408898,19.285871938503185,18.389921466219725,21.990967856721305,26.486344431445225,23.607032508356184,22.297559861896826,10.337712203857404,23.77636599390956,25.486177008231067,13.376882669492899,-6.360709134460051,18.958876770419636,19.371462767770232,13.55448354788693,26.91596221056089,19.67282715947841,21.75590595608348,-7.211811433132738,20.567208596694368,12.956765320358388,-7.325213511604379,16.859800146875077,26.211828944385278,21.392285614090582,-9.8547933543171,17.52343367558319,16.837949071543523,19.537046551630223,21.77748657350479,8.653179052394242,23.613175212305524,18.221614209190076,24.61842239271217,-3.489835866967113,22.426532800448857,21.188262013019315,21.934897646061856,21.48895027587184,17.715390813908854,21.906335015954834,25.774681139151188,17.474274246287976,27.008830040017838,24.445454374800164,-10.327828643133214,-4.5159134093741296,15.063510039900269,25.1077237460374,15.759443289346072,18.51642467538491,18.199065369305707,18.026847738375835,18.801941763857865,23.39613564058595,17.232832817299563,13.19966978114715,18.692271213917312,20.933709186241312,22.469310310189623,-8.323327654254438,15.306556614887011,20.30300824641536,-12.684889187586373,-2.116784339880383,-7.433898695924857,20.58873948738514,-8.752271739323506,25.422437729061564,10.637804549340185,18.956882251168906,19.43309505139984,25.847872655466265,-13.134940478741516,23.56535617016735,20.436563280510054,20.686976623885474,-9.527088101083482,20.22219361739527,-10.177195548202242,-14.491925134785015,21.10617522820759,15.593731643447734,17.782132257829268,14.741617681713219,17.67795580453593,-13.166400120459693,20.915876374840604,21.492700659323194,22.830939422759258,21.011337956016316,22.23176410857549,-8.59673489403892,19.6737759249989,29.09034902670271,21.06507567606076,21.414882366693117,19.500318307457814,21.08345517030153,9.553720255208386,16.401652637126354,-10.608416712925992,19.08761512541163,17.483031617652024,27.009129723352835,21.717944793217523,19.70997092952019,19.992379229292087,-7.481639545982139,-8.531899057872439,25.12902770892849,20.856850532500225,18.196823944808756,23.026773303035267,25.353516715356502,24.137616176784565,15.392041931984089,21.27050905685594,-11.706624062769077,19.321225633135796,22.1741362014011,20.031410809698084,14.706617291630783,19.832507996763255,22.529303728049438,20.74422040983765,-11.218024273566423,-14.101955919157437,-9.685348178400387,22.508648404371247,24.503678281006348,22.6018449728599,22.995797695704585,-6.685516846942615,23.527086085917812,22.65764448195949,21.078784801241515,17.459489943583762,19.078847546659475,16.07542719693446,25.476182084600364,23.3579499356208,23.437858125095342,-7.6274543506401296,23.361691489041345,23.976331680647096,21.852172250722948,17.31293491537361,25.026734188367808,22.120278644376707,22.987644022082474,23.18980797666678,19.957623586170598,25.054565016260465,-6.566399730656167,19.083147643668454,22.683273196588445,22.584191241834272,19.57836951292079,10.670385755261258,25.466958775397284,23.106294715625182,-11.441834788272809,19.38810501403315,23.50865882150378,23.652991497274755
21.75779489708364,15.271396070656472,6.393947105066463,21.913156741453264,20.02629881668198,27.11783577954001,14.680512905163534,13.469420267822533,22.067848170268668,24.690253372535125,-6.171558575046339,16.79837379544537,18.858087374340304,22.49208811795068,27.834678075323428,-8.589188792441306,20.452968223340967,25.512305672299878,22.081238519271295,19.588327390112436,-12.49073935666147,20.65284448142529,27.298287512285125,20.40112975465085,-6.5514851934873075,23.607673407884857,18.85161089339892,15.156858959151092,-5.298662669539372,23.666892273310573,24.461144354406297,14.961009207606056,-15.666417818007053,22.69480106419308,26.051665996857324,19.366196376684975,18.28060078917169,22.148967901946843,26.92288013450192,23.672798150295396,22.500965897854858,10.51332972546851,23.998480898540762,26.03252483175086,13.7715208774887,-6.504322111147234,19.30244307835104,19.486631601938534,14.051584803304417,27.450277238864253,20.35719695867962,22.181673900695696,-7.386448992141625,20.909905562129392,12.737564118736215,-7.57933922045017,16.83762746478433,26.76737022682771,21.824126241021492,-10.079506734501212,17.998666908599702,17.00788111229065,19.868278020835948,22.01575674674368,8.822911681836395,24.179993751215072,18.56536574999202,24.928462836678822,-3.6870026157452607,22.616928203609834,21.38691105830802,22.55383214419853,21.881268409789975,17.93475381220827,22.13025006921956,25.930330952846017,17.66357627588456,27.364784398658802,24.781883697042147,-10.801447838040607,-4.695793392404821,15.196516624356894,25.685932270223343,16.21894969341889,18.949958901897023,18.568232148132218,18.332501259247202,18.925236518512072,23.543290827958636,17.51995511673592,13.412570353833535,18.835453180726972,21.463316896550932,22.80397716060539,-8.842829155285935,15.258229800227117,20.531378486582938,-13.116269772285738,-2.39175513606411,-7.81881941975637,20.967834852391068,-9.162858826248861,25.91001053337558,10.785032802654472,19.44927429643166,19.5022841885752,26.222262356732315,-13.697104198194475,23.95147070744818,20.770444367504357,20.889687444957804,-10.078178930563801,20.63228571662109,-10.318649217696544,-15.013865558918921,21.284291189989574,16.113870392084262,18.410079162103365,15.140903679176056,17.888427104814074,-13.549680103754147,21.128330391952332,22.04181533851149,23.21112226359103,21.170543601192886,22.857251663888476,-8.911171590509936,20.126649125781967,29.540917278807438,21.384589753465303,21.813967465602598,19.74010631045161,21.10272770358387,9.728668928012066,16.6428385047575,-10.65387878940312,19.432184821597623,17.948618029165704,27.391687077331163,22.230782821650685,20.021816570154,20.179839248443063,-7.842053225208239,-9.11986078738754,25.6551679676741,21.097352078338908,18.47957495395665,23.429327238918848,25.608877993226283,24.49869693076828,15.578618737123353,21.182959526626547,-12.170302413590793,19.329743455506865,22.885611810200498,20.674406866744683,14.703337537167009,19.900760438337798,23.08024331219297,21.19897061989912,-11.587055533002275,-14.34099406083523,-10.157501617389283,23.024231633279562,24.966473997563607,23.080172705579553,23.435328193407205,-7.062129714016167,23.75374966579913,22.804104030340504,21.62233686763773,17.46339655852556,19.301552984594903,16.47369272337381,25.713048816391765,23.746965344391814,24.1037456218597,-7.877602355788473,23.57825413381097,24.08789179477105,22.026249330631675,17.4896534071207,25.321953524607355,22.084172411232593,22.937170549607075,23.699667315760976,20.494357678347793,25.387425986700688,-6.967948905245856,19.562432848590092,23.134442319281295,22.96939888957011,19.537128537231162,10.744259709107968,25.488908378119554,23.43048517618927,-11.896718316750981,19.291577641212893,24.06823374790167,24.174345396641
20.32013783850186,14.417836863069093,6.254543678536835,20.57072946682744,18.95870752444239,25.580434044183125,13.857664936793249,12.76137306485654,20.618347042673925,23.38714276220455,-5.702905511382416,15.80488299021945,17.869081907275927,21.445992238381965,26.467141571752496,-7.837207058785787,19.22074582142895,23.83012486271403,21.055484893747167,18.50190537522947,-11.64404854944884,19.506892971866634,25.735316318579304,18.968383540120264,-6.084590492577658,22.172402212830807,17.94213314895095,14.481624896616568,-4.571855151147959,22.40787389307077,23.223100503326958,14.150064048516926,-14.614973225122204,21.284495856055262,24.500829322506828,18.501985792232155,17.66355558248558,20.95837198826807,25.463286388463665,22.416390190923774,21.18739328579484,9.96323023399998,22.65696449687956,24.41316807437528,12.863193981928635,-6.074486079138713,18.07781566550864,18.472863684976893,13.219659217099565,25.735651107683502,18.98541245398632,20.908651517561452,-6.87037536816232,19.791450912421265,12.283567566367083,-7.066577189884864,16.196086007414447,24.982745679172485,20.62286796739261,-9.278813545917973,16.897742119614673,16.16396025780226,18.648072561909594,20.94227339592429,8.120821469007888,22.444015580371367,17.46401732658146,23.539820395070624,-3.5292848034390167,21.618127444166255,20.29181439058717,20.89544180998265,20.46181603824508,16.982085918802287,21.047126887217928,24.738867526100275,16.796472886446544,25.73726961587904,23.24700568957463,-9.909884133343633,-4.435945559717531,14.254888094870097,24.064369082423834,15.344205165688592,17.676826172726187,17.407060628696705,17.284890548228102,17.90183915571398,22.261139177205546,16.448415582528515,12.558037101299524,17.89328011564146,20.04491762389218,21.476875736957656,-8.125305834527385,14.686461611906129,19.579257655089165,-12.256869331031371,-2.1804108793352106,-7.173532901562413,19.650233002232195,-8.383205560682137,24.29191932725927,10.294190190282443,18.27707984766555,18.668452229114337,24.526814066478092,-12.68809543375392,22.698432624892384,19.514030874913363,19.977556270464454,-9.272053127401907,19.236903363704165,-9.71927341803808,-13.941750670889236,19.901521833429662,14.965402325322614,17.164942978025007,14.143084335732931,17.093034277983435,-12.765958448314912,20.048630187484132,20.495889976020806,21.96245624904538,20.145930469828492,21.159162312021973,-8.378040874855602,18.706425696567575,27.856133380335432,20.239027909070867,20.572237024394568,18.840852849423676,20.156146971848084,9.189670976686747,15.767620549824601,-9.959449934337417,18.427027926915184,16.940846305526108,25.82250811760765,20.765978062919174,18.80519468977294,19.224392530045147,-7.407179160409691,-8.086920263360522,24.02221126116476,20.023505497160905,17.379278545400137,22.080608286868816,24.092911086832597,23.046931804255987,14.98156514619424,20.35948188844927,-11.27325296515538,18.458143505211527,21.22517082489799,19.16349614983702,14.170069605638117,18.85205913684503,21.50859277796066,19.762964491314232,-10.787330696496381,-13.400902928994652,-9.287451118469301,21.361802052724787,23.333649015735006,21.48764685500725,22.13240822981319,-6.470255669515657,22.527547184205993,21.56991978986026,19.983463935918703,16.62191271070155,18.40959441595835,15.322074163439886,24.39670840336437,22.404421997414342,22.412095840532945,-7.454019591125935,22.474343227482024,22.762838457800274,20.97831396083887,16.480178270267714,23.893146502507697,21.01052440706294,21.8109675269745,22.27155546441979,19.156495386787547,23.937699430627518,-6.378227642744254,18.05782240136219,21.612590127505506,21.722410103584945,18.86909021017698,10.0637674929327,24.418145644289478,22.093363848369407,-11.026354325188585,18.415274945179977,22.42739971420842,22.545404634012257
26.71273842413425,19.389291159328685,7.045809053519206,28.169990708274625,25.89742036928771,33.797360751452864,20.163353537581692,17.023087519217928,28.323991410041586,31.505577303910513,-10.597154348961482,20.47315830260615,25.634477222775686,28.610585379395978,34.39288230044449,-12.590985818354351,24.36721805711714,30.792770297374272,26.957050245283977,24.60419854404198,-18.893569882684684,26.888539158946713,33.92417969576682,25.44688729414985,-11.437525421905692,30.379700832738255,25.48220961573346,17.58727385772126,-9.516706333330658,29.703977964975792,29.465401290963797,19.006395833970736,-22.185892290851076,27.977185738985998,31.255597663771837,25.132341260222095,22.0536472635146,27.4472319609021,34.01022870611293,27.984743167246336,27.196958352075796,13.556516671828405,29.461300495535284,32.469154821394014,18.05989844388029,-9.406524869948388,24.34316553898092,23.901576509178255,19.652460954569786,33.05942958615322,26.624288044853696,27.537262138467046,-11.019457037124024,27.613542372440616,14.749984439477359,-12.277322395303475,22.369708268945477,32.9612418496294,28.986258777408356,-13.888923052221866,22.773305097939247,21.234184166901382,24.24128460038276,28.36761281417725,10.419145442512866,29.216200059273508,23.558962316544008,30.76667002353808,-6.87612554748295,28.64135709104224,26.388524218160537,27.430029628296854,26.546226488270264,24.118605401952028,28.804385861551665,32.63252631576939,22.969102388967823,33.31229438271286,30.956926177940208,-15.78168797968977,-8.6328558483313,17.63344766545365,32.405120312032686,22.741196486958035,24.898385771948632,24.500215002277297,23.68891804901884,24.87353973238273,27.2958625032125,21.083408127665898,16.0572428647361,24.398476133326433,26.14426103418095,28.648763588937246,-14.888607122854276,18.30448453228902,26.915906140832142,-19.232121289108203,-6.795473154558348,-12.895237200809543,26.950101837951077,-15.06600891853734,31.878853663148004,14.640315259858475,26.17181408848246,24.30092501884934,30.73220736871763,-20.59056577053446,30.82589104695616,26.80428899472553,27.75930668027458,-15.470437701601265,25.948241365692468,-14.947418610980929,-21.564361848244346,24.40678648375914,20.861598653993287,24.991432260542137,19.74881595179653,23.016930089352872,-20.24387975539085,26.412827266834455,27.691710985632934,29.95052634032583,27.175143323955744,28.292174057408335,-14.162897488483749,24.29456375861027,36.584412118907416,26.908704509048373,28.561233479207992,25.882624776588603,26.751280909420093,12.499602174847,21.373805649291395,-13.382321553429382,24.84531853513939,24.021453177410713,34.335234145819555,27.375453693533487,25.516732342990956,26.733099712565945,-12.87013626576082,-14.177540191386722,31.614652935582495,27.660096315821132,22.50954233477685,30.008343140757688,31.103011469280517,29.464527998047274,20.47178545876486,25.48643165008326,-18.620338653781843,22.992612360684475,28.980630491469384,25.99666999213382,19.564578177698635,23.518766909169685,28.34824516437032,25.576890293308693,-17.246227871391703,-18.50357167512979,-15.977941978308444,27.117828677920915,29.37916964618102,27.58193336735474,29.954611068317607,-12.553373297990577,29.881933615676676,28.19424224692242,25.233471976742845,20.81146657295211,24.511812385600017,20.000943286037174,31.31124451423132,29.204535878185634,30.52974192423366,-13.326271372098617,29.284144979539484,28.48763095318822,28.159994138955792,21.806831979011456,30.962404997116902,26.107575763392187,26.97503898539841,29.341286158314983,26.44720952606225,31.02656900172453,-11.434437738340138,22.985801612734218,27.884857072027884,29.059882709171525,24.913989615687925,13.384169612957995,30.75873579551222,29.04052855306592,-18.3895161953388,22.7814885402359,29.989288412695586,29.30166468081264
22.744301361045636,16.138060669466764,6.3831579409939385,23.217466665014246,21.250862495715452,28.406000952905348,16.02373993601367,14.125574197613208,23.296569359383138,26.152564582727216,-7.236682757204265,17.596977308060673,20.38639967748606,23.723734803944406,28.98336446429494,-9.456815070704133,21.079401414491574,26.48165339982362,23.00401235238647,20.747946654075253,-14.070319846809477,22.121826526968626,28.615595703877737,21.15370666740989,-7.779268382740257,24.986952406845568,20.484490766309822,15.546006374929673,-6.352817516126868,24.796181779385087,25.446119887870328,15.83394850907156,-17.101848303359432,23.461993912472433,26.952498294704224,20.62113804882695,18.81416349121156,23.0946050658486,28.142822052993086,24.201336537584037,23.346411469939948,11.122798117249369,24.866751792461102,27.22814868547373,14.687431429484231,-7.050250343936375,20.485510222038474,20.25367983709462,15.2445804207218,28.21890447085159,21.654053809439475,23.198395668151214,-8.224890914601218,22.32830795428126,13.035993320268455,-8.701316333048242,18.289739207817416,27.916212903161345,23.448378793938424,-10.87512959428461,19.096426045746743,17.5465958383718,20.80887514382258,23.340836144428888,9.18315760614686,25.045743011719757,19.533751143906766,26.020879920508623,-4.395688741539866,23.670375330712968,22.35871475215593,23.32450937438314,22.44442109356646,19.402482358670007,23.690765994484,27.274727536514508,18.918997178254834,28.335574252271567,26.133671872422426,-11.986292969007861,-5.784582433677233,15.529176911561203,27.07402905240564,17.77505794543877,20.155424353829673,19.99622147749819,19.40523886323905,20.248985207794608,24.1003417398342,17.836050739454524,13.81896765422744,20.158744665703853,22.1382335492746,24.046067224365434,-10.309325023215255,15.797662383008946,22.070068554601864,-14.485211202768406,-3.6176958764232183,-9.135452145564386,22.384397592799832,-10.580924571775332,26.946198563434294,11.434344823121304,20.94544267703005,20.373335213516615,26.7462499500011,-15.329383469440579,25.274744536050257,21.844037852490715,22.443783600462684,-11.308371473957683,21.574243391199435,-11.504298582128936,-16.563938653130815,21.44662702286816,16.834995025303126,19.83941426723888,16.36792146241716,18.645557944141814,-15.167772763527758,22.02226967129332,23.23152838843997,24.678191707310592,22.5941710255994,23.84644494099138,-10.287724557006507,20.68172537879012,30.860421006143245,22.434310256126658,23.317054942347184,21.142936352259,22.351928969933194,10.02135150586507,17.655214681471882,-11.228564583858525,20.721101761912177,19.44095711306834,28.807145781055297,23.200730134750813,21.07909439118123,21.70772109310108,-9.048151515803552,-10.320820773838653,26.704054896236613,22.65710991570167,19.21628630794716,24.906320128871837,26.63166216615811,25.40495589432291,16.492456922763694,21.885738206286494,-13.65788226812047,20.01467976105921,24.162929386245974,21.52311012296261,15.8596722502193,20.37267376564618,23.95522894728651,21.78845431100196,-12.860635326809287,-15.278895515751225,-11.597739445013918,23.628729735664358,25.522453074244645,23.658466116051095,24.793404652621337,-8.340051850996872,25.015752157490507,24.035119866106346,21.958354563434746,17.951915931950374,20.379438800746435,17.315168475209703,26.72068949417035,24.805271129936614,25.24487709183347,-9.33967208914853,24.7676279196447,24.62104148434389,23.259887979636538,18.527344852931975,26.328132828189588,22.856976007875048,23.537101944580094,24.73154589216814,21.78167741637402,26.363127777390137,-7.945072516482548,19.825152688937017,23.834447645536432,24.29372612155572,20.78733915413141,11.331300725074769,26.536053553171612,24.4887149587978,-13.423761130899525,19.89101729644453,25.28249836221346,24.95941329146634
19.41258350793166,13.466143826575435,5.615111758505354,19.346786088551916,17.573186563734225,23.840943218490967,12.372055391280826,11.00588581981753,19.464503157732434,21.56389298226956,-4.966350394587047,15.580059885875409,16.014428984899222,19.35973354292805,24.23493131143201,-7.3773341987173575,17.935601910049773,22.84952518420797,18.954026908269142,16.94239205598072,-10.238025963544242,17.66836239982644,23.917172489636428,18.26511834559547,-4.869789920320555,21.0597295755472,16.043431269841385,13.704492445461423,-4.5563813223363665,20.827254593194066,21.60074125382278,12.75311328298368,-12.907076355260886,19.88774873459979,23.654532649994685,16.313045123044592,15.783867579660209,19.362259092538054,23.407467464557563,20.815685047536896,19.782548811705546,8.960301210445984,21.096455764648116,23.09447340356785,12.002276532285144,-5.32416780569319,16.78191832630716,16.92376356997247,11.831607754940496,24.507908459754706,18.07116282649283,20.041923544542417,-6.3654847093318745,17.886295443836346,10.973435864397706,-5.519219819222115,14.374206963057034,24.00988301091205,18.87996494763363,-8.562030691082859,16.219971035165244,14.556545777921542,18.302872040137313,19.1482508251669,8.074056177991972,21.901230681748775,16.649362545639537,22.228919500312642,-2.2013837397865945,19.666607749803845,18.300406328985098,20.33341198202516,19.493975654085904,15.297252174406163,19.250422216872984,22.22095241298195,15.900178296003498,24.271948443165922,21.675155755381383,-9.137595959372058,-3.0691143914682564,13.418717194653489,22.693965724287747,13.816707311514726,16.405200320347397,15.802693466417582,15.772195411958858,16.32535081432287,20.932407474134163,15.174915938091043,11.532185103259911,15.986917093805507,19.27442693238017,20.15202837955155,-7.2005405139804735,12.800964732335133,17.380371046359212,-10.546742966581647,-1.3953106430733118,-6.222305621073974,18.17404356801434,-7.158894592801801,22.795856544527265,8.978119021364153,16.851770591973104,16.357039727883198,23.492100138910086,-11.168125493544464,20.79047319547967,18.01905992472026,17.65207206015641,-8.179639812799746,18.10146851583679,-8.658815988292385,-12.577896822245275,18.816689381532342,14.246861374705707,15.997183220434989,13.371659930050502,14.982504551740618,-10.876093328477344,18.413900973344777,19.696236581223342,20.59533605878394,18.30651207506086,20.59239069500854,-7.15269269148739,18.341831691530096,25.963697174570274,18.620110916640396,18.694710122759336,16.591647003274822,18.3393916120677,7.903360043704963,14.392602744918113,-9.46966057470379,16.821144823751762,15.094417338416028,23.92475260899463,19.408381289846865,17.291655544895985,17.107392853800604,-5.873610591247232,-7.976485938083093,23.191936519940988,17.9610825127673,16.083933299560822,20.86783402273625,22.49658056680083,21.670033821126506,13.402239925975081,18.635034122204583,-9.890699693937695,17.489078300644795,20.145740710971534,18.462997556759593,12.109868261987657,18.143354125236602,20.513747206750118,18.365693160490032,-9.412590191403378,-12.416957925214266,-8.205807717315858,20.894844241987162,22.30660220554787,20.48906323314678,20.311439687865494,-5.507907539756707,20.943836713959026,20.030672167481587,19.54103402816745,15.073595526672605,16.25542498205177,15.140712913940002,22.687832112085406,21.223232905588386,21.328687546249004,-6.075444530421854,20.87829601125744,21.10684297003507,18.566740505925807,15.718900524882976,22.317053827340906,19.814475946758183,20.207684520837134,20.901321042904854,17.952340494153137,22.915211164727882,-5.67527344774091,17.56197577914708,20.788654856478807,19.970901660544378,16.822470269411355,9.232046441486832,22.20494925035713,20.4265808307894,-9.62986487370612,17.273345930190665,21.794095803340326,21.242203724485964
24.74327664128329,17.567256546733002,6.840733620431254,25.285472890611985,23.058090562468603,30.955929594156473,17.2866274398178,15.25351787500965,25.50519940226629,28.344279103495616,-8.158719178752591,19.03185967866546,22.166788265904184,25.72447767176152,31.57679997366065,-10.554266994441594,22.91421291096248,28.679462669701923,24.85297079444515,22.31339137387151,-15.453048556741964,23.848741193050845,31.13371204546208,23.214974937788277,-8.707357014910151,27.26488816787925,22.162384249101738,16.652150082457187,-7.221193880483705,27.12557695019881,27.437128323575664,17.13116411488612,-18.827847880656318,25.77606351680102,29.26852614754022,22.32175949036704,20.491749469734053,25.173854622005894,30.71726105656116,26.372065779573607,25.331733764867394,12.121445679280416,27.15107912267411,29.8037966090288,16.032189120055907,-7.985255931647269,22.166884836201447,21.830251934478316,16.700580473862964,30.80403506861186,23.709460611377427,25.227727246319493,-9.109793837139845,24.33601623016423,14.002408789875712,-9.769632068754206,19.625294546126863,30.42868030331211,25.591905825432463,-12.004320292659086,20.61860049408808,19.320526585649183,22.50431173494368,25.47253873319932,9.828107207145571,27.307443267041705,21.329483105959135,28.27831314058965,-5.036132418458784,25.933922921606374,24.073158748441664,25.572437615123853,24.579082643074752,21.05176162170661,25.613545756414446,29.5537514751997,20.482795338607072,30.909080923831606,28.249968006472574,-13.347741210806932,-6.400239277775821,16.736177141309092,29.467704057538302,19.386999156087953,21.971201216941665,21.485182351143525,21.08834359772142,21.923356809628707,26.062686143602733,19.64772156257231,14.811323264037057,21.735279021930015,24.20935447636611,26.115359401124405,-11.543606505482886,17.0649744130815,23.82143970781326,-15.982125162564724,-4.259259309336255,-10.21353286776195,24.114503502168223,-11.783437625260612,29.311240429939645,12.493243097209229,22.839355681951574,22.113993773671016,29.172074533428194,-16.882916991156417,27.57335203162318,23.97150002303942,24.40228246387647,-12.578937473289164,23.599837409996137,-12.63531376727668,-18.16276736700651,23.384254544722097,18.657105887821654,21.749774038716513,17.597931751019633,20.579408939601553,-16.690939979224606,24.108666363467453,25.325667043950705,26.939109715487117,24.44069423622871,26.064808334003043,-11.3527776548631,22.599961559099867,33.54538017197426,24.462173359394367,25.43308406887736,23.002378625817233,24.292952516193726,11.08908616201105,19.082806462351044,-12.124650482213086,22.302110374241014,20.972342880918628,31.243657077092873,25.257760399002557,22.788303526693863,23.557578915509893,-10.04885841804252,-11.51851155756747,29.116623809787793,24.588687930531126,20.867389634354808,27.086548139032413,28.87902405313047,27.497044903868716,18.15936337938502,23.761843022415277,-15.116480729248812,21.49527540235683,26.34385058755922,23.637089043311175,17.094954611988303,22.21016112911089,26.19653364035522,23.845565998329768,-14.242232381233585,-16.4464854569235,-12.827461157413724,25.72100615899635,27.844183800472763,25.86167271025694,26.966587811395804,-9.460507273415336,27.194598035024086,25.889255116441337,23.985882140640864,19.490972751093672,22.051472371062818,18.645185248216237,29.0079814452379,26.85669741636317,27.64411361618454,-10.254123624462693,26.75651791239114,26.804211565042216,25.213166287608775,19.96042914883966,28.650542657476525,24.62000827783982,25.498023624253847,27.016014207707183,23.688601965508997,28.71273040730768,-8.974717573445574,21.72712985648313,25.9726965589439,26.473047492467366,22.48643710413508,12.245185888692887,28.57469273786915,26.565742711069458,-14.904292479644523,21.490428348950704,27.493020387999902,27.258751712606635
20.990588558475682,14.915247000139207,6.122043586244956,21.554515923102116,19.81309827861278,26.67533964823372,14.665932447433457,13.050382507547424,21.67171235709538,24.454906860806076,-6.455481003581987,16.88088598140866,18.842657166246152,22.251785905729932,27.373431323177254,-8.699166801860054,19.65004313449999,24.60675991196503,21.564107776948234,19.253209292199827,-12.672934655784806,20.476398588642358,26.638586198448866,19.802828147021714,-6.788576153750017,23.57702440759128,18.911603812651613,15.02150019661942,-5.549219485906849,23.42772850980601,23.951825315148064,14.816546250573964,-15.523944768457994,21.79247380515991,25.63165134098708,19.12590889134393,18.044280466450807,21.76250916341154,26.537138629304497,23.029418687966018,22.00949955349736,10.335329376787,23.566187369434182,25.390367936651856,13.450295362834254,-6.52405187831652,18.69158674973338,19.05245685035768,13.86828607683511,26.65473926571498,20.23215150481291,22.008504444932644,-7.485210288561316,20.547221703899353,12.348609966569652,-7.424198236353815,16.942198269364024,26.01567551322883,21.634946657467435,-9.818947728869794,17.926914980158998,16.650570693977297,19.64221743113536,21.916720648147848,8.581286653987178,23.32583216485201,18.575965581877007,24.78258608812797,-3.5915077047064834,22.562614725465007,20.918129400486198,21.70635189607591,21.123990974597536,17.894376213931334,22.096731562161164,25.53356678717161,17.87657046121615,26.714257229868746,24.246829014775145,-10.685225821543769,-4.6896405709791065,14.429790433937146,24.97054553115222,16.325258254646865,18.540378215854997,18.254341796613623,18.123028498240284,18.875834168392732,22.696110765982436,16.754668332047597,12.897609584270919,18.483311245192436,20.751733108928008,22.344146281544898,-9.166923749139551,14.680877418024064,20.447675593095898,-12.966074440485494,-2.7741948269546937,-7.9198023726350275,20.733517045127105,-9.268115482356277,25.111765685348345,10.763498387152616,19.303145069077285,18.9274197062744,25.259100344502055,-13.764262954613905,23.783119488255124,20.352935233257895,20.69691692380933,-10.13393952108876,19.935250895896328,-10.486970472959786,-14.961108473155141,20.393916604896294,15.711750341406965,18.146879152301885,15.150824857654499,17.628373872170673,-13.580088291048243,20.854955101213918,21.452424363178615,23.27987860986398,20.946767920991537,22.236606419682353,-9.153985522411416,19.68062343254197,28.964584473276616,21.042589899252203,21.52767742120189,19.312405723207863,20.94052165256502,9.317848764121573,16.391088067208614,-10.512736128219041,19.199801665043584,17.788689593191684,26.818418597342976,21.282406642034857,19.687337951308354,20.02236614691931,-8.002252685032369,-9.289515539211763,25.29879733823269,20.97162615291829,17.90073109977836,23.458880899134577,24.927620906514267,23.54259005208775,15.585203674322608,20.919729746449143,-12.351256733773717,19.248095179879773,22.216747586807426,20.0107873679557,14.564490718395001,19.726184802483246,22.26145017863939,20.157487861177426,-11.605378883049728,-14.235402570093408,-10.146827887926124,22.096981983564465,23.934994486546568,21.98570401197884,23.26896359328843,-7.473830189965651,23.704639371473814,22.468924411528945,20.51537016666705,17.085213462688607,18.960196479949214,16.08799283594246,25.413098261921423,23.30713520344004,23.423371654874764,-8.193203664826285,23.417014306751238,23.270295794480173,21.512000518085614,17.30758900139277,24.873954484044123,21.646448113402528,22.417454097942848,22.97661055347641,19.914947859335584,25.126629839274425,-7.149886973382277,18.58614694583147,22.73728095305903,22.599834772375736,19.48992144075708,10.358315750842516,24.928130338750186,22.67983254567147,-12.008219434147158,18.997273544631376,23.675273446746,23.12076507780649
17.82561439955559,12.511516874553894,5.769944569783392,18.188297460146472,17.081883167452553,22.82211688881917,12.611237058276544,11.60812684613185,18.540660836793347,21.086655540531524,-5.032444408765392,14.116715991928803,16.34022615132947,19.601765654036274,23.72190106240357,-7.050270865754264,17.187468717105144,21.2630996127538,19.209588203188364,16.70646981427851,-10.44369173049674,17.815001226644828,22.9842429076958,16.809466356381698,-5.430239764110428,19.805200011096403,16.349380972691982,13.113076958487001,-3.6559298828249034,19.884972339394277,20.698621125968565,13.079753364074646,-13.091771522506168,18.939258747592604,21.685607999036865,16.92225754644318,16.101903964386587,18.84667254853913,22.80632844899477,20.288508687496225,18.976837901232525,8.978557021342741,20.321815402795053,21.593457848572623,11.288482705832656,-5.421958465900637,16.141809670329366,16.757099041239844,12.091112069597225,22.72353353884429,16.75359379139888,18.407109631901886,-6.045651953104702,18.058024791687043,11.298444896099776,-6.564229060671452,14.822765106397359,22.179069328869083,18.57236351232893,-8.476279893965755,14.871698660336046,14.525687015641386,16.38096543650282,18.74738821642758,7.243812356800932,19.78819745135938,15.381712713772018,20.936633158441875,-3.361337081444507,19.400183388963477,18.466323782051504,18.441016438214916,18.380598852030108,15.327447074323345,18.904654885230283,22.41783215470229,15.081049807481902,23.026563941128348,21.031220866905837,-8.785580628207354,-4.110962557804814,12.676696265750824,21.4152489604956,14.036035975198308,16.161186946584824,15.764742524552428,15.554403984906884,16.373088536967604,19.777162601149335,14.6828634281284,11.569063065270978,16.228736740139702,17.732344254680964,19.250996097678563,-7.184275370555789,13.517037145253777,17.63037325633412,-11.227723984231748,-2.0378249772276305,-6.386563147376034,17.796323896154696,-7.646803525982726,21.54783694376082,9.490266754614568,16.636760651461962,17.04991405420441,21.8809948327243,-11.461334169754917,20.55180637008931,17.688292851882274,18.23095469164545,-8.332651720090393,17.34887990098002,-8.838780985172365,-12.689104299145445,17.854947526325283,13.49239353783284,15.256153775362945,12.571305119498028,15.435078838554473,-11.731398652086257,17.89407824735672,18.141431197537337,19.45679843745154,18.167024106353203,18.736651096475015,-7.43231747418239,16.67397346053121,24.872281707403705,18.04718679121169,18.459776106647453,17.03180324740055,18.119767369205324,8.500730327990365,13.967159522812583,-8.646411571354786,16.494552815649797,15.202259092849236,23.142988289260956,18.385471323686954,16.976750500344004,17.63183763884433,-6.7458660809104245,-6.837164184584186,21.226489227504057,18.18989139388791,15.474582743262605,19.723259409703548,21.64479731511043,20.533966657288683,13.550091468979458,18.332695079224568,-10.140682328887335,16.725729314283235,18.717883498046163,17.113289667133323,13.093905615065577,16.72125776514061,19.145938913656074,17.659959883851194,-9.892872343995512,-11.893821881398539,-8.326214139960316,18.83047411933153,20.672259856698073,19.110468046992523,19.740272037387285,-5.805632239775397,20.22419194013289,19.564374994987794,17.6182376048548,15.06794573986564,16.638533795985854,13.297877586702745,21.674858085882263,19.912515814626303,20.0317566531893,-6.755070311908972,20.1176057145482,20.60595842988175,19.11127323421046,14.661684184404884,21.327747204390402,18.87839640494108,19.672167413237464,19.668168455804775,16.987170899087662,21.18182800787036,-5.492292182866266,16.087778238124734,19.139435361668497,19.235017683982182,16.915790927010114,9.022102389461226,22.071811549290793,19.89448088099845,-10.046375468580777,16.570470035393313,19.828214094354248,20.084405661932458
27.242424277144625,19.709845403043666,7.401291406158782,28.270291205016026,25.875047470787724,34.138365689153474,19.73012851026811,17.014806916446545,28.271608191409985,31.508451783958645,-10.17463549274964,20.644035805425094,25.306128151842376,28.56639568136568,34.662713902870316,-12.182990664577254,24.967371962966368,31.49805837700183,27.194523824868337,24.935002277741077,-18.26390462320174,26.772728148617972,34.293442643789966,25.843112180677224,-10.60516825273447,30.183734871583706,25.207046543998377,17.94271707298925,-8.987804911445384,29.95487833668643,30.041169854050793,19.01391605820764,-21.789858544349645,28.438813342666734,31.900512378322112,25.204226652046827,22.161903663135995,27.813185351874218,34.12602046796447,28.4587994593288,27.627429214907007,13.63801148755216,29.785798994258524,32.93229737649821,18.19727747134454,-9.244404167080548,24.74835518629845,24.211694877779845,19.175844798668322,33.78006750375284,26.449439252391407,27.836049554541017,-10.717265782279126,27.403624226940106,15.347703350136083,-11.824838188560433,22.10350637887943,33.50316387998423,28.792832386481965,-13.703760456509917,22.804266653649027,21.4190658328861,24.719806500381306,28.320870309864517,10.590612783720507,29.920803701827026,23.639080458937205,30.939890460022895,-6.590324910636637,28.58015852315613,26.512170957048212,28.029381663808415,27.075225029917213,23.861603361823935,28.821831560689397,32.73390149241773,22.705168408862043,33.78999845918428,31.161441993838643,-15.412073843232902,-8.28635632813137,18.542750717167323,32.760862570041155,22.095779904318604,24.70896578977296,24.481636876722423,23.708139975807963,24.770022130237667,28.16622161368768,21.56390174181994,16.241169226821906,24.571716145482835,26.629866284889932,28.913690682947962,-14.068069209044422,18.607777715191062,26.79252302172118,-18.62927443581317,-6.037336744785245,-12.435516372094186,26.8209686966622,-14.316521501986802,32.50758493976994,14.463173145081365,25.767222427925685,24.52252450236531,31.49113636112118,-19.879514120409336,30.57849725365883,26.909273738749743,27.57639462821348,-14.801927637879173,26.272410178103538,-14.546178863945737,-20.953546590201277,25.180301282142658,20.814682033677478,24.853991442073163,19.528412429476546,23.000340732693818,-19.539771195749292,26.74140364684941,28.05031429962502,29.938866336935963,27.29268459654583,28.628065108623783,-13.541249318184503,24.477022682171935,36.84582123664229,27.12158785668853,28.473857012507413,25.848553036688124,26.82535154480838,12.515312065270107,21.591758278213018,-13.629559373255665,24.86693991412657,23.719952697377522,34.573154941334934,27.887706295558274,25.6580088615059,26.409558325026666,-12.133413105288755,-13.720782635715624,31.91766872450852,27.52036204403028,22.920722908142725,29.93619679891208,31.589087230032433,30.154941703514652,20.145589865114836,25.86840337821518,-17.812472099458773,23.2374532031899,29.250391240760766,26.18114630000173,19.376804900199495,23.995180829329698,28.78257013753079,26.2245975537247,-16.595513900794238,-18.5544594545294,-15.40276402240443,27.91236394286372,30.15658488901367,28.26932821000573,29.823743657605924,-11.700357263674606,29.946375957931526,28.344649894404274,26.083718583575553,21.123271471677683,24.556207641735007,20.570415311154775,31.65489088036159,29.503345248803456,30.726748654285633,-12.65289974716972,29.475830665602096,29.139430326573468,28.243571428686145,22.033049422372365,31.26808744999078,26.672256056166354,27.478600166573077,29.80781659352374,26.699578542263236,31.41086538944379,-10.97540778169575,23.668732467167796,28.17945400839986,29.266099998291242,24.913222244653465,13.76490188441385,31.214785768979993,29.427337430040797,-17.5639521274297,23.316780549572446,30.264633917820706,29.9351053617488
22.683050346520393,16.199942863662045,6.3912267514446235,23.78272333188214,21.612383455155086,28.650415612487162,16.817878944705747,14.607801949770487,24.211318949988986,26.593897015274884,-7.96063724062487,17.127160487645124,21.122101852236526,24.525585473655077,29.429038716059846,-10.093586817802652,21.234051626920323,26.255152043064157,23.21515574424339,20.546456671549805,-14.929053092829308,22.499070341898285,28.965524857256582,21.791845382321608,-8.886683652621103,25.48497255991419,20.92610641965341,15.365837583856498,-6.877434214350208,24.779735606206835,25.118347612963905,16.127796931717096,-18.086570439520973,24.336429760660653,26.50179873343941,20.917138324283783,19.150674535780418,23.12013703891844,28.82506271694369,24.359154410765132,22.981143888048397,11.107376455798939,25.205978176531353,27.69918348849905,14.861135442328745,-7.602674110280654,20.296259791766715,20.366810384236263,16.54005289471234,28.328636749757816,22.224011031396643,23.12216599163956,-8.675619034418707,23.338569225404843,12.7962181904505,-9.80500285619884,18.578103972321273,28.14485223813174,24.19598285428912,-11.599751377674144,18.7790883023135,18.374885053071193,20.090183774395932,23.499552912621883,8.868391312410239,25.01645953213662,19.487702460963824,25.84552184726493,-5.259323230702473,24.33400445505108,22.61379702998952,23.60191734254072,23.063899375363924,20.10249861388753,23.879059515092578,27.8266278008377,18.907734491773752,28.706427134985294,26.3767145565661,-12.817935957808366,-6.248030879663233,14.977202087909722,27.4208797843741,18.878384569592942,21.153291692065633,20.11435631200044,19.48797707027257,20.709702923504885,23.685939099984193,18.640513981065528,13.926977830866507,20.330002388525177,22.677016250608382,24.1947994186315,-11.436124063570826,15.92297138159316,22.320670520488036,-15.95143789521965,-4.676450939931191,-9.67878828530378,22.488064021629302,-11.80119522990249,26.982173737197492,12.288958104302955,21.995838833734915,20.885119207463315,26.843902093641553,-16.521525253935607,26.219030010788547,22.88446038647563,23.302710526784587,-12.482216232758978,22.295500574412866,-12.023270437270165,-17.6774517579531,21.32140019475419,18.046318429000106,20.636737179929888,16.1547953715312,19.638633384733232,-16.595691939571587,22.140525537767893,23.120859013160864,24.879190598117106,22.64796039600813,24.065018879782137,-11.097138854405848,20.897845518170907,31.180126388844222,22.429307057019102,23.94545198182043,21.955576183059836,22.727405259597816,10.893266697429954,17.595121483980602,-10.941528292930919,20.863921272759566,19.792628517298034,28.988621358484533,23.21289736743695,21.076382191728193,22.553681132766595,-10.248550291186342,-10.768063206410146,26.728036229972638,22.964580633329696,19.01789294829133,25.06547156955941,26.6914361801976,25.268837531129392,17.296363563392028,21.761732533847045,-14.9218469088532,19.653618339655786,24.289825966200073,22.37797861135406,16.526429982613852,20.007006313157312,24.438973372841037,22.024222684246865,-14.107590386216428,-15.130063744099399,-12.622660769165783,23.41448123655995,25.629218583209006,24.077101248633802,25.230456381145068,-9.527600352451401,25.216418959100555,23.984154954762264,21.972736665452622,18.11898682215898,20.620870498232133,16.366303020889138,26.533525563524208,24.645347922207883,26.050861667438667,-10.32358700381444,24.581657255857532,24.95742400888212,24.076405698191877,18.070631796359706,26.36992054302382,22.260049685324965,23.367145402646226,25.178942386976217,21.99104728759416,26.106262544831868,-8.853523761597444,20.111667756347128,23.719240745199752,24.3564871434069,21.09254048216999,11.0407370013722,26.499552860303922,24.99514944477325,-14.818637299621443,19.451228307730812,25.236147228822542,25.38758043858737
28.045324500526156,20.187952484150863,7.54950498942192,28.814919139413036,26.68403454008204,34.9518126130113,20.190506057849905,17.4544829887397,28.548815192229974,32.407403659535035,-10.509152256425581,21.308352082537517,26.091673295959716,28.90000743567308,35.538814642186075,-12.340566057190149,25.37667432429723,32.42228662944338,28.011257740100508,25.94961366889671,-18.84978575740991,27.603840088499364,35.11223621908669,25.886767070713713,-10.796623338021746,30.884129919280927,26.08286396624891,18.344143942107976,-9.368328810214376,31.0750551686026,30.936673787048118,19.541748711326782,-22.248433298584406,28.661539496209386,32.81782403844208,26.126229422719707,22.722642872383087,28.79015154552029,34.87372862497955,29.075192496745984,28.85759832991352,14.47772314455951,30.321729874443463,33.498577565193735,18.619185748538293,-9.488248036960181,25.95976964256208,24.941075860319806,19.359285015035333,34.46955267886564,27.065472294219198,28.64447802117574,-11.06660899505588,27.892013628499477,15.757582526032369,-12.195340022141282,22.96760001750309,34.16629945183138,29.42739309336556,-13.932802327900296,23.9290143168968,21.49536819992911,25.744106132719565,29.514170087695877,11.184797419717913,30.578658661375037,24.429976616748426,32.129146609687545,-6.7542002654632425,29.21253651485718,27.290748646602566,28.461270443016303,27.207968647336283,24.390927001601593,29.870267114704266,33.541181761878406,23.689305189171556,34.261576250086286,31.941616910712487,-15.745459542878036,-8.94188158694835,19.227981226840964,33.590567864124395,22.543782188373967,24.951836269146252,25.451786882889397,24.625012211752875,25.579282565701764,28.918065777347696,21.3821263090341,16.730440057334466,25.36711317708373,26.855787326427706,29.86558435846432,-14.438033953121847,19.371238090459485,27.96739425193158,-18.83403453548605,-6.225507338109992,-13.103672209189828,27.85606648501665,-14.655371971993985,33.41544955090283,14.558323672597524,26.17786132960165,25.103583882363374,32.0296588952381,-20.366010449257757,31.10398095469322,26.942353533175197,28.170984993308714,-15.060592935793554,26.522964170860817,-15.042328309300288,-21.405716295671773,25.649438152395355,20.606230231188114,25.225235551884296,20.536658300169023,23.22413236851367,-19.910244905194197,27.552540522710245,29.129569051135512,30.90360233932638,28.44955057743828,29.23556000699812,-14.046155321105209,24.897504240826432,37.81097439223121,28.333779690503977,29.24534767855563,26.48169643890122,27.534209259023413,12.604278375956676,22.520028023002865,-14.07415646382371,25.66361220658894,24.727766302768508,35.6892636835577,28.88589842151408,26.686808845228004,26.96269988872364,-12.368756964296443,-14.213725431608928,32.76831037134017,28.56712482649776,23.870330054896773,30.777962175717,32.34087876779804,31.138781010561075,20.693640416319838,26.771683709230278,-18.124653276801062,23.874259402786766,30.205619769460274,26.33374892080604,19.808573179352507,24.62186581593688,29.24900835141299,26.829790258690736,-16.82200027407584,-19.232863584211177,-15.721398685808431,28.54587344104453,30.68646515528103,28.62491342086457,30.703698665329657,-11.9186765750868,30.80562427900405,29.297731079692348,26.469597109165306,21.600003254088477,25.535370500409794,21.769859778125884,32.71305708821196,30.549353929714226,31.07637656350446,-13.038468676262795,30.657691712529882,29.479948504778328,28.860130174547024,23.3118032050979,32.17903231147116,27.749022204701383,28.318486776743462,30.354277347042743,27.59415238877134,32.533500308254155,-11.046211775868956,23.953878671653655,29.04273086509739,30.287567136337106,25.758329981192063,14.31056581749573,32.229942045877,30.0030688911516,-17.829716338056905,23.93481930303153,31.13139377109385,30.53124269822722
20.705338181312662,14.794052939115256,6.131212351243714,21.295577046894334,19.00674792787683,26.156004492459225,14.359466902250107,13.103133797195497,21.293975771705668,23.821432012232933,-6.126519812121355,16.44899465462529,18.121043194186772,21.749605758104632,26.708826708885763,-8.439312683683609,19.51785977586845,24.135821371848586,20.978055625225124,18.918133284700357,-12.239263268952351,19.94498583150725,26.150569473157653,19.648266333705482,-6.574353501083776,22.92733403582264,18.328859892801226,14.658302564303524,-5.397766866624463,22.644358603480686,23.619866497430134,14.417255106554881,-15.187369964818672,21.507600116312958,25.113025668636414,18.41874544202393,17.352417299750943,20.989952903893162,25.9257295173347,22.46830143590938,21.4643558960411,9.926970517362244,23.147060890086518,25.066381728237218,13.368426321489121,-6.237683032248243,18.20339381568467,18.6579903360114,13.464614289486597,26.2603161340395,19.861103907438515,21.611901244903944,-7.189100383032361,19.970556428567413,12.138765322963083,-7.022600313589432,16.350859919233777,25.594575221954244,21.033332619544495,-9.565770617851545,17.400651182308422,16.376822926184442,19.12541819930009,20.942635718923306,8.439575607972083,23.022618010538686,17.97723057371142,24.020440622161605,-3.2751081527058092,21.860461101178213,20.582437599306203,21.465243629262982,20.775459823363942,17.647604693570237,21.479671297419866,24.947980466444392,16.984853770872096,26.33705048372358,23.78308991991217,-10.412647826398018,-4.295968030358798,14.287136528500914,24.506366617658195,15.79556001122009,18.09776911358192,17.826132186733137,17.42366201730837,18.341680226365604,22.490259939131494,16.805352294695602,12.743181261827855,18.083412021643795,20.484022499015406,21.716688825956062,-8.736781874153369,14.153622931434045,19.866871607662574,-12.650855533147007,-2.407999848838771,-7.440364886586203,20.233296545986516,-8.986772144385492,24.69514725111309,10.376659593151972,18.763390989772954,18.446502526841815,24.900905413215245,-13.347330442282653,23.12329808791979,20.06282596692677,20.071978039856937,-9.875745630753242,19.636636947865423,-10.023375689702046,-14.551565701403305,20.14921464591883,15.445745966417373,17.789599137941448,14.734510061840604,17.24755621578739,-13.172945968203216,20.24002448783257,20.93065479406275,22.586503507182453,20.27799093641194,21.87695176458451,-8.81392068156059,19.247384976866357,28.358332197246074,20.255270284394584,21.060754720085207,18.939733490942146,20.447575863918086,9.073209414666685,16.023417652241587,-10.509339869866238,18.898914503415398,17.339819742468446,26.16308437049289,20.904226525912186,19.12781378684633,19.442804649967155,-7.767889166963156,-9.070544333816729,24.74633671835814,20.248239960750265,17.531308612816154,22.849927132425126,24.540156790416056,23.092536801922385,14.78353777863427,20.12812651270873,-12.005024695517609,18.765668205589737,21.854564280944377,19.67295435133024,14.149132138182615,19.216893254571357,21.87878510960205,19.896814412979424,-11.214945010322255,-14.022843944553912,-9.938644071226992,21.853166007944562,23.69263853260231,21.735772422986035,22.817904764040943,-7.009537891657888,23.134700613848956,21.784904087742,20.348454769331966,16.83270331282031,18.40808476050459,15.756974582282925,24.818419882927756,22.62587000876831,23.07674899707347,-7.890750916156052,22.660662252741023,22.90892535744136,21.095975575889995,16.675527640484695,24.3669798306668,20.96535993254946,21.86701814771949,22.728801589492853,19.40194323749834,24.31467891994951,-6.917057474842999,18.351113683303026,22.235819064816525,22.142698105931228,19.066164885731183,10.161077354877774,24.35166180744953,22.265685610631007,-11.574825869010779,18.505083308151313,23.218068476016278,22.811818414779236
20.09883486959642,14.525869385683663,6.087049386816573,21.001951178658757,19.530504317506814,25.861787266899793,14.77395382901912,13.150063158630283,20.957469476668653,24.036739749413094,-6.718857896415879,15.834250345954896,18.867362030881395,22.105014830305237,26.785886784145713,-8.44163686179557,18.93324821237358,23.55739064948784,21.313895556316847,18.964262178110676,-13.086503715779811,20.279863289636374,25.89117225257894,18.83500829964383,-7.374285045420374,22.72737358770469,19.030548404419303,14.226348159217507,-5.5042456725362605,22.69150527901781,23.311936962281752,14.449997307041842,-15.803521024293618,21.068271702678558,24.27254131191978,19.23044832754182,17.85109446138124,21.10134701989896,25.988511920110458,22.12220421607623,21.105604356264937,10.14111749486723,22.711896971130383,24.36918843432866,13.16556736956765,-6.589698761491396,18.26333594485589,18.81336282497948,14.125217402876666,25.355873877244154,19.548724154355224,21.07768927910644,-7.519989521380932,20.635585824889976,12.23670358533674,-8.067852281447562,17.129373234083452,24.828003739131358,21.524077499627495,-9.852075824813717,17.23843108175348,16.407143044530283,18.591862083766873,21.611671408289347,7.932244351431379,21.959398427675847,17.821457582306603,23.767055363412304,-4.302706934327607,22.169945269216434,20.639070913071965,20.396108484566387,20.129001390107028,17.89109533205417,21.87138230813239,25.427889233244862,17.446563958316688,25.63196021331453,23.55620208229837,-10.68674049410575,-5.567209075014718,13.904932322437618,24.254821096648605,16.559179942298666,18.219179890836056,18.20878358348254,17.827169225317913,18.65666573200618,21.795729368983764,16.14182945985705,12.650630774752326,18.63350545028919,19.767704316165673,21.72330308748405,-9.572066452644977,14.665346404679939,20.535848806446886,-13.533490502723673,-3.498505975072932,-8.246422926853397,20.248613132587895,-9.870203506788659,24.25069878432239,10.98910469005692,19.194730882510616,19.083135249078293,23.808368679213626,-14.088538973954234,23.415201639369293,20.002289998943887,21.071248943635265,-10.431268314910646,19.356787162204903,-10.673857391589916,-15.193200141618904,19.222242206549037,15.076222335408346,17.926222658324647,14.767346099575198,17.62019711225197,-14.266939739403334,20.30465543145143,20.511170286689673,22.61208549503263,20.776898338855947,20.918227992688458,-9.68598665984368,18.37183246081851,28.085727114975942,20.476422936128586,21.258408873813945,19.52440996246149,20.58088140808075,9.355048884303582,16.19455742120643,-10.210474687421247,18.956206335391023,17.902198638900988,26.254462213284082,20.683387212772928,19.306172923498796,20.28636494831406,-8.758892146709506,-9.011903124011154,23.99765815399251,20.910332911107226,17.346835495716633,22.659777105819085,24.0543801744371,22.816905826972796,15.604782782421054,20.361015570892828,-12.691890265029443,18.538216318175724,21.37977019271897,19.08076759035902,15.023793674865507,18.677038483851153,21.174488886587365,19.434211656171215,-11.993219211327226,-13.921583397039237,-10.580388956933717,20.656934549095933,22.629725755692714,20.94567666350794,22.839315164527125,-7.848114849636634,22.91992846385077,21.83698116674872,19.120853194229564,16.586637983293425,18.92771012896774,15.152011504863223,24.507608525560677,22.414044228490962,22.552420188648366,-8.990535723961514,22.846179766009154,22.453097288588637,21.655674191493855,16.605847154302065,24.027246569302143,20.848129232222682,21.580049456638907,22.20270347088784,19.561128148834015,23.903830049777646,-7.346288290623108,17.34637637114461,21.33892963320175,22.11108759095427,19.50372774585706,10.214761740696183,24.59769521276144,22.240958583647576,-12.4647562059671,18.393934560489622,22.494581347704738,22.172530504787428
22.23125023462388,15.993965458902048,6.406595764316727,23.32439837563117,20.91769355576483,28.46993988214289,16.289783134828603,14.483570810513516,23.42522861616282,26.33401373244338,-6.930737695396906,17.504643884843418,20.172724756530005,24.218821569017997,29.127911738694046,-9.418739794619809,21.118134050884898,25.975142501681386,22.96983457616644,20.721793226634347,-14.107738852724687,22.163476292076066,28.523037241734357,21.217860293502426,-7.824557012898026,25.075196550179218,20.521101595492176,15.862735914373287,-6.092076418334368,24.362766440881675,25.59226934611461,15.803295929418677,-17.095720759697194,23.32592933200964,26.902785070402043,20.359524480610823,18.80254761325606,22.636292086224103,28.264757410281298,24.07880709506525,22.89730661851242,10.667374742496904,24.98867323248752,27.136767418440154,14.527774095478446,-6.952252613152586,19.788553653179576,20.41000124061374,15.366314249621482,28.065391627151584,21.769522403901266,23.274420727735357,-7.925272038870426,22.308603127457296,13.049141293831656,-8.205362943729993,18.38425031752184,27.696982236424205,23.444748926047588,-10.680996594944968,18.81755781404781,17.767574375942864,20.492335661718023,22.84553812899717,8.934717058025019,24.651903509330882,19.333100574489606,25.879726660917783,-3.8530819666932232,23.829273083881503,22.59991460221333,22.990611240291383,22.33440618231129,19.546615311192003,23.677059699848044,27.521781248759357,18.72050092062643,28.497447070369688,26.14472004249118,-11.754560038881166,-5.1848623721411915,15.056662569601938,26.68813760914152,17.935111379670722,20.091055524047334,19.754237960461293,19.030220313037205,20.217574512513643,24.054814701367913,17.942657738383353,13.89589491269953,19.99808342870451,22.134898380964707,23.76792184031389,-10.205984788635282,15.323009116805347,22.113749347775492,-14.573032194625567,-3.2625596766007123,-8.41426134153495,22.342380491683556,-10.474938578007935,26.602064348435828,11.691017049040926,21.12001773133133,20.30820531855541,26.55611578033884,-15.274949419538686,25.52026722757122,22.128248675047715,22.55505550594473,-11.284785793884483,21.483741142072905,-11.419678902403781,-16.557577491011084,21.254590679252615,16.904932291987564,19.721432125776907,16.3701836080792,18.78669135966834,-15.256321491885705,21.741789113998102,22.597740110005006,24.68234069609725,22.359255769490513,23.45223432543893,-10.291724149606047,20.549765024151988,30.894564305658772,21.844765110730215,23.204611270920857,21.015807221207208,22.3304215046848,9.868998486076574,17.349977146246193,-11.39804443966494,20.811016492322274,19.375692499713864,28.60237411791494,22.493439011022975,20.861425999220828,21.94047547125603,-9.217035987935665,-10.069739433670355,26.570879237226073,22.438052544349443,18.784516286528714,25.002076749316128,26.69024729384578,24.93290044881266,16.272569519014755,21.722276274490305,-13.775878492699672,20.16726007536987,23.6987866612311,21.358199222266858,16.058189616853383,20.41768428186578,23.675730108948017,21.308752206607988,-12.892876476802481,-15.291061202253157,-11.419937321724799,23.260833997923235,25.296374723356962,23.345181060231603,25.104210954416708,-8.258527647433336,25.137997552775808,23.95318376998282,21.4937183352246,18.2527620655683,20.18258897087438,16.636942296932325,26.77236816688138,24.467146366042996,25.124781393007098,-9.44453947565266,24.593407187339213,24.738275290306873,23.443663892178595,17.99711350172818,26.40725534281462,22.640345827942642,23.476205581049364,24.634594055568392,21.23748604058174,25.999387304320088,-7.932162876833156,19.472694946364935,23.650087624319987,24.05096408753026,20.996635641309012,10.988743045163943,26.61770955542732,24.43287182970984,-13.447385628233048,19.941939443035572,25.10528369246741,24.629869690416253
26.558909544994012,18.70794788550368,7.618342429699292,26.795292317406602,25.023186746402224,34.681406606358024,18.91133242732418,17.463858161278182,28.008558969911338,31.33362938481642,-8.946388807702169,20.29795423637861,24.910065285879448,29.20831845374891,35.27312187816936,-12.146297281135217,25.739015954527954,31.62095585322779,28.845480632974468,25.41974288369737,-17.55599461186088,26.692040626081514,34.79910505827116,24.996107422935292,-10.097595972771495,29.328603120958967,25.221765665098026,18.27074938488371,-7.552698434581603,30.247596979910146,30.40100439333249,20.097271707618383,-21.51646093214625,28.28367529377839,32.14272456563265,25.865883653700763,23.471657279145933,28.623831453760236,33.65140446308908,29.926682871941207,28.620629377187342,13.317095633834668,30.33288835089665,32.6996880351083,17.3947525504917,-9.226211724089257,24.957846365965697,24.219154064222323,17.968231835152555,33.337681304425715,25.145853435986783,26.850646872675927,-10.135036831423722,27.164107874828712,16.67220761782315,-11.974607034530509,22.494659264630823,33.34895068489542,28.757658231465207,-13.705337791409107,21.58073945038238,21.703667898705245,24.36823091108773,28.48312639807891,10.67597101087595,29.682577826328902,22.90150630449904,30.82828914176643,-6.2726953966462276,28.65379153849033,26.913770635351966,27.749623141541814,26.8878055606573,23.404678276676275,28.390141823087056,33.46833414141975,22.166571955360347,34.52083088838811,31.70024501908653,-15.016954038392516,-8.335954525856998,18.884724732096767,32.33583548203573,21.008242734057543,24.191997009324652,24.1121313227593,23.709445446046217,24.413150279776666,29.374343240052244,21.63455526960158,16.31729960694619,25.08135131446959,25.758134567779496,28.992457843597894,-12.583419723387252,19.97412311264873,26.82943276546603,-17.89669601349448,-5.228039863979972,-12.06577791141661,26.937287202887518,-13.348630980193168,32.37590130645695,13.483402572007217,25.047244838594377,25.62460671573143,32.11590270710341,-18.894508031084627,30.235820600528186,26.984592108351098,27.904314555989775,-13.63421998486089,26.583051830658945,-15.138259498485672,-19.953590860903187,26.398543781112146,19.943462309716374,23.462580330354296,19.518758644914108,23.276774605504983,-18.909221256658462,26.93152808518342,27.760029174705934,29.608422594936346,27.904634198840743,28.07625313451772,-12.852851499318627,24.133707269493556,37.09230787534732,26.9809934114813,28.649006980147824,26.02190678076836,27.447351241843695,12.431668105878511,20.915055466937584,-13.779194155045378,24.317606065244476,23.114945335650447,34.77166537930076,27.99940709935772,25.588061376144044,26.980579919206093,-11.39530374402513,-12.372150340305916,31.131160516558367,28.13552494951731,23.240764909737887,29.86201717018635,32.85281275196671,30.43992008219555,19.819893936793196,27.030580917397945,-16.73975686433045,23.24677591577074,28.702766433695192,25.186203487011127,19.9556624516981,24.609962710270246,28.788412645756253,26.931384172917838,-16.32676378918417,-18.267114360055633,-14.426931110456843,27.91679380854885,30.571335732376227,28.428321610370837,29.808118861801365,-10.510095311576478,30.003374485142622,29.2353465950173,25.995960481128346,22.502150613894408,24.80445035536174,19.869803276948648,32.219410027678684,29.128777939184037,29.884365635974756,-11.866080592949825,29.41214252344533,30.54750523079693,28.6192548317265,21.891599481082544,32.1559737404304,27.925843445327956,29.13813993601554,29.5079441182624,25.92953154768086,31.133217502988764,-9.8580885684793,23.467492778200313,28.10482259311247,29.41644338457634,25.216487317164557,14.78623686133425,32.29492130182552,29.684764335897817,-16.927863675008446,24.75334726899976,29.596869419787136,30.18778177044217
24.91112923416506,18.01297182374119,6.47957258036842,26.045312665495747,23.784636326333747,31.096282968723038,18.65354460281538,15.667412912766734,26.11642232174726,29.02907198219893,-9.475400772637668,18.670912974187413,23.454160050959384,26.269909698946222,31.60539551545198,-11.360921099555881,22.62924050423917,28.643737938302333,24.904484888822125,22.744012569424637,-17.19491481518052,24.821251082481243,31.464034609441033,23.34184443191488,-10.352140753926717,27.784967407429022,23.46019206526357,16.09637702750595,-8.503974223394676,27.136851471673957,27.264429044152855,17.44192077133842,-20.200534317132956,25.96352966209908,28.703485549412758,23.087515420890547,20.130498560991878,25.153388710555646,31.066956439284134,25.687221365917445,25.036419029069275,12.370959633459094,26.909766427140045,30.031104922726048,16.56259682044647,-8.486399264443268,22.73288400491145,21.943735978389473,18.11305895717155,30.39974703481908,24.418537095255008,25.221943527325287,-9.912049929608441,25.502089095268385,13.522113178718318,-11.321440268418726,20.71260730436689,30.571291891184572,26.699381159346093,-12.732342401401434,20.96983375692889,19.30218573494129,22.356779072371175,25.984237012119646,9.861180875507701,27.173691123814447,21.415829265317555,28.13983411003123,-6.18922741661031,26.043764583245206,24.357094351078015,25.447482326941444,24.362871228044163,22.1879979809842,26.476824323417276,30.030802240263046,21.078918260945986,30.649356498991533,28.710714869188283,-14.462164091034516,-7.921851954016321,16.284061399476393,30.099950006549577,20.860155141083137,22.936321889419283,22.605076365014625,21.582067277627065,22.845319161511718,25.32381502330506,19.325615475032887,14.750709756249954,22.51274018919808,24.188303618192947,26.638484774621784,-13.431046376527187,17.085112936885842,24.84715490771515,-17.613626514851656,-6.084295971368194,-11.72797593509959,24.916735543637376,-13.651534378020079,29.438145489833126,13.177797679542001,24.113569864873256,22.431510709427016,28.430881904617394,-18.763548124553058,28.190782128011108,24.45378669946065,25.560482998790285,-14.050397743871576,23.986215463606836,-13.7047911711842,-19.74516445230908,22.352885166502496,19.0775116855222,22.948408950040072,18.28137547310273,20.80117405407933,-18.555686680097722,24.023226148011545,25.706124392274763,27.399908155221524,25.119119684251768,26.148965168144393,-12.930762578347853,22.213185636738512,33.75958485048839,24.71928235916442,26.41233786553019,24.087920548888977,24.717989667498063,11.34886443569013,19.705741330559785,-12.291313315477133,23.001620821182208,22.178991463698647,31.77783851757861,25.53736512859878,23.35526683973832,24.671714108257696,-11.72544825217137,-12.780141202273835,28.96406889564602,25.477710906628218,20.76942928278897,27.492386217952216,28.754090769577232,27.50269810477228,18.68472302117921,23.364369877139488,-16.866823308481713,21.032921529640586,26.930923028608515,23.998358819255564,18.066777173384928,21.375146298341104,26.3083541405579,23.68070303740919,-15.746633171404758,-16.87999821726632,-14.55744915769209,25.241317088430772,27.2783057823467,25.668788326184348,27.511316819543346,-11.17655216884396,27.37297875931322,26.170733516277284,23.413010757182917,19.07692226203856,22.596936663489227,18.639033149128103,28.71406265222319,26.9405950836439,28.168113796594536,-12.162280790613162,26.904111296738918,26.204687219796757,26.02133242254973,20.2897310379841,28.48066940594784,24.21607155086337,24.842022404544323,27.30049165432425,24.528493146710236,28.386159784001904,-10.316223889011429,21.29342225131163,25.526363660027357,26.878606679036274,23.066529700868013,12.305174841422241,28.592644745482882,27.02305200479032,-16.720244630348706,20.8765794161958,27.702170464958332,27.271288301293612
19.650861023063136,13.957290206433303,5.57554102646044,20.56282798195722,18.213782049926195,24.808107733230674,13.988244509464154,12.40410671327389,20.53419642183417,22.984653771030157,-5.401475268970345,16.157547232723356,16.996706347335234,20.730655233102308,25.37410545503154,-7.9725321028252285,18.44803809925186,22.82679268902097,19.725014466771654,17.676963557784596,-11.62021330866806,18.90580006642431,24.779486167514513,18.623970020932806,-6.15244509882767,22.394803829446882,17.26534691034303,14.306385472597992,-5.171281851976819,21.345695228370275,22.561621632452148,13.39103465196817,-14.201275758293436,20.19116188812417,23.986699274150727,16.97726247466151,16.372585175750327,19.63368815901685,24.781565320550275,21.136658507516167,20.223290089011055,9.196520946299147,21.849651328159695,23.779544465570254,12.576118806711047,-5.683516526845128,16.959030975633528,17.760906421765235,13.015623138635661,24.96322699997253,19.422791766782392,20.891708682369767,-6.720840651935396,18.908522294042612,10.9948730316401,-6.01119682389083,15.58009579924839,24.380598645286945,20.008763233055863,-8.938949937858633,17.070382580626685,15.403104255913565,18.336415167780277,19.76600749374941,8.104352825889306,21.794181399878212,17.38164480244025,23.216665761729455,-2.306867609997458,20.91425174822207,19.588225688749546,20.318343723270946,19.594902493658612,16.73899337330936,20.40254983788406,23.633793724263455,16.560168339210016,25.034517688018475,22.626871144662136,-9.77872374322736,-3.330605400751407,12.986357486099939,23.15901509754215,15.419786979685158,17.217658104561156,16.760506047773454,16.459671356377928,17.198491637925642,21.168502193947234,15.621031151186987,12.281741632719417,16.71897751653584,19.657713032439304,20.598942281418307,-8.323687893140617,12.972232034191892,18.98892166410396,-11.966168938430304,-1.7790050402708848,-6.513717472587588,19.606246729933932,-8.345545298810517,23.17466799404042,9.968573541210995,18.18589242808021,17.060860194608505,23.5901465014219,-12.682750453567415,22.351281875043753,18.83611816486745,18.881142342780656,-9.505957310098205,18.404727441193906,-9.418117808033992,-14.041156693060499,18.823961867253757,14.795936732943582,17.004112792112583,14.677670791689524,16.008993659225837,-12.460075435070841,18.911976719553007,19.746390634864113,21.72673113424631,19.077566696443785,20.904714329746483,-8.330869164979628,18.72126678526022,27.224891140076245,19.096006095769756,19.929981886463565,17.70963513539099,19.251883543666636,8.265014358012804,14.873597921464969,-9.881837723375556,18.38403455747442,16.8238477415345,24.963020963149635,19.461074182641152,18.00526767888347,18.553895893450857,-7.279750835835894,-8.68631920157215,23.91613046837618,19.048714389408246,16.395402818498297,22.14038315933073,23.260754136900157,21.67752691076974,14.042529346373373,18.87732494471384,-11.514842027220334,18.31258728899312,20.85688374789706,18.848186193460986,13.30342943152464,18.28869944489309,20.774471038374198,18.362955035769875,-10.650296763774742,-13.424128708989578,-9.262391144563981,20.788179842449228,22.33813208004566,20.395284416725488,22.16132173680867,-6.591973406188114,22.125657517139096,20.893569319654954,19.15585831194045,15.83191745307187,17.217665964139865,14.959440875494725,23.752308482421366,21.723765615575548,22.068780833327978,-7.336066719771747,21.7181083937371,21.488733680342047,19.798451226778838,15.884990937102375,23.12974249830427,19.833360353743018,20.60117304772396,21.58245999684428,18.244862315884934,23.315888135718534,-6.450735644652317,17.356764878510543,21.508368704873323,21.02206214215161,18.08074874543456,9.219852861881453,22.987195592837093,20.924245833045415,-10.979934419645518,17.429659210417906,22.418813158242354,21.45247529032896
21.099315301640672,14.953661415610975,5.984760911745177,21.67985627761782,19.82853794497241,26.337573059159894,14.795080996192778,13.049466034689546,21.923995928249017,24.258159227664287,-6.594644669851131,16.024424406368958,18.860282092331765,22.270854121784485,27.010439895561312,-8.62122137360078,19.715141254115135,24.546368159663807,21.330073364720672,18.85650258959335,-12.89284589832476,20.320744923009045,26.62392696378182,19.962080714032506,-7.178329385791155,23.19166466260612,18.83179988175553,14.319030152137175,-5.556044527297502,22.802380330630164,23.509750666705646,14.457083177369974,-15.889181123491062,22.333385590633018,24.778174028557178,19.05294434985658,17.62878295270139,21.258350453492184,26.256932195631705,22.550628103187336,21.201130227282686,10.068040872238246,23.092743431093936,25.425452704130077,13.531874907293076,-6.520144008733202,18.735305295247034,18.78434960034114,14.59802143038182,26.314932480476973,20.071998338536005,21.380279123385563,-7.6042446256459835,21.12015795119955,12.072171928483634,-8.218032007802451,16.770615607048416,26.024953241027774,21.92178357519862,-10.276040260611076,17.326337521694118,16.5680175093127,18.96310344624946,21.485015808630912,8.17470322465366,23.289602266937333,17.88931325611897,23.788850263961155,-4.255881843044895,22.089444549111033,20.638463161467573,21.875343204766622,21.221990296156633,17.853541356399468,21.73602541030121,25.400176709804803,17.37920689094311,26.447146714639263,24.12862691538097,-11.16709446982439,-5.185492184987654,14.253724798552216,25.231931035013098,16.71591891663637,19.018042041211046,18.171739954365542,17.832969214909557,18.639055521733063,22.303280418866624,16.982431385303503,12.74167974024352,18.515792051848525,20.98533431063622,22.323759435868144,-9.496972320473935,14.752258803382132,20.184188282479518,-13.771724861647547,-3.354158417889169,-8.171074236221914,20.35979207857745,-9.751133433091262,24.938892029924926,10.900553384949506,19.74087377758458,19.145454061629568,25.03091702900159,-14.185815828404447,23.74069735891774,20.657153318826396,21.08951687435003,-10.587778852885597,20.334072166995206,-10.43194525968789,-15.47350945394188,19.858538823262105,16.234851934004343,18.614308743214437,14.677789645785447,17.58041105924899,-14.276709190619227,20.299223997429095,21.37959325129334,22.68370005180594,20.710220018768013,22.116542855272648,-9.464270589645766,19.240939195856168,28.631796862335577,20.59880154394736,21.59003441204009,19.770582250991733,20.633252266296065,9.601100055032479,16.138923828713317,-10.089992946516926,19.02919519556375,17.78525737874843,26.672488228266438,21.5201211486257,19.267048568249685,20.36612117899552,-8.59015477972645,-9.18698863257207,24.66132886202142,20.794756808557047,17.654242764642607,22.861597299592717,24.620363298591982,23.663056042630433,15.57806820775048,20.242646353139044,-12.676093775395582,18.490130813518157,22.295548339911715,20.46879713406857,14.802481779466461,18.758540331574412,22.49235967987687,20.328363952173383,-12.084913608541292,-13.809148345672071,-10.692023670131402,21.95330183177161,23.89747508163856,22.345889808864527,22.84541918150039,-7.742293000429675,22.99543725896046,22.09509508898894,20.564568018336033,16.606053566729372,18.782356020627983,15.518595381293515,24.511236683560483,22.907021842196144,23.767160684959414,-8.572846495270893,22.711189532214565,23.080639137609616,21.808929772490117,16.770908325628767,24.281839912471654,21.018929743266344,21.695958163049852,23.149573642322704,20.211948150400133,24.20967198580617,-7.380858212373509,18.69878124779538,21.901318262570737,22.34159447808964,19.204079707271628,10.274353780696192,24.674546556084476,23.018670305525323,-12.566446031891575,18.318805094891587,23.276431232063718,23.430821826862665
23.736161133668194,16.944520811244324,6.57389686471202,24.039433191837276,22.20622672882277,29.407998191486094,16.281054246113097,14.321486869658008,23.663555315768985,27.07749805998291,-7.515996132888832,18.302258653610746,21.026025873210273,24.146970257443236,29.98438361995051,-9.452593381962622,21.609665636873437,27.645447035226322,23.70014649709199,21.707010572365004,-14.557546964443906,22.754736871405054,29.551564039378583,21.639906665241615,-7.751701450901395,25.77318514811044,21.246681285204627,16.021840051665666,-6.708238876810589,25.98273586193671,26.58658603583817,16.036274611562316,-17.49121845446612,24.027610156961543,28.20652399925134,21.41671394007461,19.36453202077685,24.06672096713283,29.098813483033435,24.85781202737334,24.383696123771625,11.76551653544466,25.578661620807928,28.06100614153334,15.277521015521597,-7.269010056676675,21.563502051977757,21.13450139110911,15.456710833637228,29.32381245305662,22.34911176112698,24.321580988538102,-8.542610608821184,22.89685230255971,13.50362492021302,-8.753795125806283,19.01281731274193,28.884500185265214,24.16340680689513,-10.950144025268704,20.210216366716097,17.840624126143304,22.1328089546029,24.506718585070715,9.576780804977457,25.998859350520124,20.445989996975527,27.201441135773788,-4.378982367790301,24.40139778775142,22.978214774540636,24.017771342375298,22.893723269121725,19.856404451489762,24.737626587379804,28.10417250082481,19.9413623089201,29.047609626437378,26.80919752337979,-12.161952173076836,-6.168137624186589,16.430115310451427,28.088371431470964,18.09274434425212,20.407998016070064,20.78235251028712,20.39916544943407,20.95335852841738,25.111402522825728,17.95992472826065,14.14981770349961,20.92522793815383,22.822132402002605,25.058707344959927,-10.611711117260818,16.31762676336464,23.06573041740036,-14.533989896543192,-3.5893629665589155,-9.526633610748698,23.08893336657104,-10.69809395592209,28.106805057672712,11.714400332211481,21.36355890491162,20.947211709331903,27.523372751185295,-15.574577543826393,25.817300198632815,22.13797843880903,23.11736375569563,-11.399429185410941,21.983750030120422,-11.745631888392007,-16.805073090318448,22.017271714436692,16.854525175814313,20.457530490664332,17.098722616008605,18.934712598667808,-15.287439490285065,22.960092957754462,24.332218688334052,25.74775676792321,23.6136067381273,24.53985244380452,-10.673935858774183,21.215073514114156,31.934054821515282,23.595860907728266,23.958131298108498,21.691696765386585,23.023153018329864,9.970731770376357,18.639543334909952,-11.921493885230934,21.477704287344682,20.17460752159332,30.00832169411464,24.191937643641257,22.050230651372726,22.206188590975586,-9.0961710815915,-10.795891555299846,27.76727127336835,23.43456476950932,20.083882598228026,25.72248337799063,27.404808101678583,26.590016790970058,17.034256065041017,22.897614370161786,-13.840097644561864,20.821238059777748,25.118760133925548,21.95469627703183,16.203969337319414,21.345318499590036,24.59715255378835,22.432714716525805,-12.944717279941717,-15.95102054195116,-11.801645523940893,24.530630781903234,26.29783143556264,24.320313899890426,25.595186889974023,-8.457627797790243,25.83284644837739,24.82885028528785,22.656398582554978,18.305500173848344,21.13747131221727,18.61925788200504,27.84772724463924,25.99715982205126,25.840606544050985,-9.586776781114867,25.987596720818487,25.162691677402957,23.874735162181917,19.716273879736445,27.257210145162542,24.083142557748715,24.368799418348186,25.57060342876491,22.84090933625074,27.676319947255948,-8.183762021590292,20.348853088131243,24.694242429611183,25.31610077963553,21.698221297412566,11.87142224020531,27.625228600703945,25.272056007489226,-13.50613476409539,20.796310592965902,26.296984482348954,25.711946408102538
19.127079528138978,13.343204140966192,6.048020456061378,19.1595871331461,17.828422848871835,24.224515708623848,12.834076984545877,11.92662911813885,19.456640234571367,22.099564088546046,-4.786100561313923,15.22898034961619,16.625519378778552,20.334471125225246,25.09379590460281,-7.282354142230496,18.27558274212538,22.756968468030436,20.18933752303395,17.493909583772258,-10.439653322913252,18.346900480072737,24.33349293578681,17.851239539720925,-5.111537079200187,20.951473370298185,16.713126686098835,14.137862794534133,-3.677055549045538,21.18355640001991,22.081010678407512,13.523396805021894,-13.274325416117161,20.021087474355756,23.480097205436888,17.356315296904622,16.9974532114865,19.99251068545842,23.96578922112311,21.630434722386457,20.321840630229698,9.315241507253617,21.55816220969463,22.990821869973267,11.877644712659862,-5.518917529066244,17.007343562246252,17.564902486287288,12.130559166247021,24.40941406482243,17.706999712006194,19.750383824775977,-6.200396426873528,18.508874714970144,11.872984122339217,-6.158299426169063,15.23596582706806,23.723459145523954,19.25345926988291,-8.735118527605092,15.90194648442577,15.230302359481742,17.80309042490526,19.737622858205622,7.920302946549182,21.346090826848556,16.525283679458923,22.47104551415723,-2.7689991897945974,20.43718825245543,19.24821469978246,19.802498107932042,19.495744183862474,15.767862348958854,19.72379916483814,23.38460735487352,15.969296856954122,24.5547468537765,22.101642901943812,-8.947310351746186,-3.6314504408040924,13.550455895956183,22.6370982786273,14.133457185462019,16.613770882786667,16.191752257113965,16.25933292014242,16.809888588574093,21.37234340108614,15.488419468877291,12.05082533142986,16.70938340381413,18.943045499768782,20.34267629021771,-6.985181546257965,14.056394927711285,18.278109471756554,-11.062565445225232,-1.3544625450839507,-6.23058087782099,18.601829780805296,-7.2912956652710745,22.924324658502087,9.51339601959017,17.095240196237686,17.62908170582326,23.556204812080292,-11.339633072082394,21.37783735252763,18.313434718640366,18.62817210383107,-8.148909322003101,18.19936216136033,-9.072355712660404,-12.73627222628525,19.248275663415235,14.013855114813047,15.771361875254584,13.397697092410972,15.92395379451165,-11.48229712253031,18.933646531060575,19.363680993201395,20.65233739376613,18.994714323783388,20.065756532741638,-7.271609636881978,18.023665920340804,26.44136293532462,19.110389492403826,19.18804865388211,17.527864497400316,19.095326979878177,8.571531440053318,14.669281773090887,-9.408616882709595,17.266916999720866,15.657491373269172,24.45241133983033,19.5164959983424,17.74270540524398,18.07022800541074,-6.318623452419021,-7.11185174933916,22.840507609486924,18.78408208041741,16.45591018908845,20.92056427084142,23.039860239134914,21.91491822128108,14.01481273052884,19.583568547689996,-10.022698949979668,17.830368861188347,19.880193340687736,18.058261063292058,13.260509494235496,18.178403174058204,20.408476721830116,18.6961137719705,-9.788529021292788,-12.478736732063082,-8.12170734962109,20.43190418253782,22.28125413702519,20.430683886985403,20.820241958854208,-5.467205851129717,21.35117213316158,20.692379659888008,19.106949351593588,15.97315201456527,17.21907625186213,14.527616574658929,23.24555512126055,21.29990426999478,21.099582205618788,-6.353411556157921,21.356184899364603,21.895974414293438,19.67133468856056,15.699278630741716,22.775710689861857,20.339799549120464,21.098558105698043,20.9691013486719,17.845568777236902,22.86333604911156,-5.4155777177884845,17.288246273790122,20.669168291625883,20.390575965401023,17.746630408990566,9.529379188424814,23.318770450789017,20.858229724685895,-9.867761229810291,17.835639300121464,21.287949964892228,21.352679956281946
16.85963788972373,12.010081417952007,5.396228043939763,17.586696397613373,16.44612792520116,21.783579844041043,12.255000122290303,11.117004081437484,17.823877959831854,20.300799618553153,-4.83026655483735,13.864118823747484,15.484941775028435,18.821681300613715,22.764011448753884,-6.759824015297544,16.130666115893842,19.928848023005237,18.164208013331777,15.72996176007672,-10.216685723284101,16.91649310749469,21.80290173601007,15.917433532823726,-5.426506082172731,19.393530846757642,15.60731426417761,12.541609000689135,-3.705536965289493,19.11593295443189,19.926693381747036,12.108974732347816,-12.48849432232538,17.73770128617043,20.769365537765047,15.91553478878078,15.423374401150973,17.829331900323492,22.046543347970466,19.10412293548485,17.962730688573263,8.425867665405965,19.357214358618027,20.532927333084242,10.751743206826081,-5.196383273603121,15.072931598013204,15.994583914526588,11.799975390583784,21.620235639602722,16.564338105415324,17.984440449529846,-5.663662794655107,17.222261697920803,10.43103849378742,-5.891980265094793,14.141078072412878,20.9791711354832,17.9676055307127,-7.86427566412808,14.722614235666306,13.913419259739001,15.783305396842717,18.036301678864774,6.74887068576259,18.52601158315119,15.08756584194167,20.34754197758201,-2.9336588381071103,18.89966218288359,17.631187221897292,17.296578995077944,17.232171409988776,14.650813500127962,18.14273268836342,21.478434313324378,14.771289235475516,21.90623613447751,19.901166633311632,-8.357178023619628,-3.722049585406011,11.598121325306808,20.282835940574802,13.907383388735905,15.285274605962424,14.984855514085165,14.83865901578073,15.408519556904857,18.593109011191427,13.677674234133882,11.038465638727786,15.297779513794909,16.854740074827987,18.25557458549624,-7.162508702365308,12.570618268505415,17.07260491526542,-10.748697513450175,-1.9816632413098585,-5.981913324356418,17.100469780610837,-7.372728667064274,20.33886213905235,9.253192045694528,16.17961013467188,16.051127811948003,20.467848051483145,-11.166814658094822,20.01711822510065,16.799081718314092,17.546165638122243,-8.262537321111322,16.247177904691554,-8.511088987400552,-12.323837355375787,16.59504497987704,12.862198578416814,14.776917290554563,12.480151806864537,14.862296146746786,-11.373148125435298,17.062719412242984,17.1385048848374,19.038880733098104,17.356956047420027,17.762173782439003,-7.350920455776811,16.00151624032094,23.878799336268887,17.23566911502105,17.62714638828439,16.15471478303997,17.185381259167173,7.880199751097128,13.265768900675786,-8.20374525055449,16.01920740702494,14.869985336571416,22.08282787846333,17.17816301274494,16.058309353952485,17.0167356820089,-6.797137538836737,-6.720484304612877,20.522448527037085,17.399438046402256,14.533869586348995,19.30189852851112,20.42121246734787,19.17889105250081,13.211899496112599,17.417794940286225,-9.965243366040777,16.28256759235535,17.83612315533549,16.219780788492884,12.421713160674765,16.092062224746513,18.00183195127991,16.392147231973112,-9.4970569661351,-11.47377636662681,-7.992203623369362,17.614507438570225,19.323599275546215,17.666230558719494,19.367005650424368,-5.732454616603887,19.463931066607998,18.59493579635706,16.27705809706585,14.243142237741889,15.867702108373948,12.6650925278657,20.927199458008825,19.105813115294165,19.062954134342267,-6.656361559374002,19.560728936382628,19.284435883482743,18.09969087299647,13.946418114735515,20.444157110801264,17.825051100707395,18.572361377573536,18.68610902490521,16.09246795240741,20.400505224879325,-5.506119931833254,14.897862700604831,18.45983567894321,18.541633330843897,16.312401352881814,8.316850388487548,20.993207395723687,18.64195803232112,-9.754669365338778,15.781322816428782,19.05927320775967,18.71512748977113
21.239146168868096,15.390738488670365,6.071129564737949,22.296783635461228,20.894076951486184,27.266075002489753,16.181852964783673,14.169613170077591,22.527025346482734,25.488207095227565,-8.167442473301818,16.33771623497491,20.727716054678197,23.403333810148727,28.135760771201596,-9.723432408870199,19.780368861084188,24.736997835088832,22.412903650052417,20.105705910431013,-14.864118114754808,21.829586777525023,27.400210263518368,19.96322646530379,-8.85093305654156,24.140572725858384,20.634685243126786,14.441960561687253,-6.673673587035579,24.157951981162554,24.08797415164407,15.638748996960004,-17.602161732762227,22.40122407494147,25.07902182551445,20.825412313342266,18.50912164720551,22.53308352933208,27.57441676566818,23.06684315015697,22.351785832360715,11.255983680056135,23.845988116765735,25.892538535874394,14.202751094182032,-7.614009480698384,19.802900643099573,19.656392461473864,15.743988149394687,26.492154424438333,21.020368645717667,21.980201519634154,-8.505424720627973,22.344809778805917,12.632650788969087,-9.989934368797869,18.25206501055891,26.209905612604636,23.354954357466617,-10.996931167552823,18.204238404406652,17.3532089639964,19.31541977461172,23.15660840175465,8.278416115494132,23.0593570086315,18.75958264501874,24.932638930365684,-5.757614167086046,23.421781486102326,21.737854035148704,21.65999664108161,21.251218506990146,19.31747697391031,23.299566373874292,26.83917405514645,18.37660445038322,26.85555502427959,25.012158256644668,-12.260161370272277,-7.17017259210711,14.479624519513576,25.89012082904137,18.25528702009137,19.832595256633542,19.820722765032738,19.254713647195178,20.093289036342977,22.33788574351994,16.988354403389668,13.313967761173629,19.98594911249972,20.645150649398037,23.05928222947065,-11.356514925917212,15.691648757333523,22.090314191753325,-15.343316748588206,-5.111301345220319,-10.16595406112333,21.808538783341515,-11.748426300260618,25.679512255700388,11.915038915679181,20.947275691602773,20.334445234782144,24.731359736503606,-16.20225759507644,24.950695326700487,21.53005093693157,22.762126798886488,-12.105277205863269,20.79882231728128,-12.06506401774777,-17.04884643633538,20.00441035088938,16.40422138175411,19.664406216636284,15.832490740422957,19.021221321430033,-16.244245935751298,21.584327680466227,22.051606485845813,24.038342755094863,22.312773841268772,22.314778131750735,-11.09907375210683,19.244744132545133,29.58040728922032,22.021308212995667,23.059425510197872,21.232215173322878,21.759531225976556,10.403661255603726,17.263319703932304,-10.452241597588397,20.147382219633524,19.528410613786125,27.817121627100857,22.07552272755193,20.705216104487956,21.86407265907924,-10.243597956075524,-10.430524917894381,25.149323241783136,22.687546461132303,18.342723173589008,24.077034660022004,25.289324272552463,23.86036697031261,16.753288965799616,21.11623334181699,-14.47589797094336,18.79039534565345,23.064574679180684,20.44453760273221,16.201229276557935,19.020463850148175,22.60080800670908,20.88593764825723,-13.626553556981216,-14.707065158159079,-12.34220662643177,21.501157908255188,23.566659407792898,21.993509272107442,24.27177433565209,-9.522390706819309,24.19859918729517,23.002819016989438,19.985059501040098,17.344343292646325,20.2736218288959,15.866100005416524,25.509077376296144,23.46471313834708,24.202018168993355,-10.483041259597238,23.924907118945132,23.41559644834997,23.146498602011633,17.59619660761856,25.154880312028983,21.41166771148097,22.289227774895444,23.51425639802167,21.059822479734635,24.945020194813143,-8.67742751054527,18.31597196363427,22.34858723906493,23.574230575462995,20.428103615071464,10.948344261560539,25.49074088428324,23.445510891139943,-14.429469102857551,18.786830910216388,23.724499579361485,23.562716845799326
25.412538097213318,18.594829414517843,6.967630144693693,26.280376524923273,24.279779236797808,32.1155211032705,18.50779566888997,16.38989154995675,25.847674843868656,29.76365395913108,-9.276633399619291,19.51515358369895,23.77979218195487,26.719966281173644,32.6546152830289,-11.068548669409907,23.323788964907152,29.584218017705588,25.957750865886304,24.111212312036326,-17.23859944977735,25.36631657160217,32.12537927870364,23.44591026874143,-9.73853031768499,28.05803274549288,24.034166101064258,16.93188773553631,-8.293346756577263,28.392220466585442,28.753711189205692,17.92617987710107,-20.46495907490617,25.907212732897985,30.14052858361917,24.07414520114961,20.973165507259292,26.34108111928661,32.04202320001663,26.671306997264512,26.484416817933983,13.147499399520942,27.8799056061891,30.45564142273751,17.171793602052727,-8.607407339614554,23.61476103672482,23.187024303064764,17.391038836532527,31.510561073455484,24.50828916034357,26.244789242346993,-9.95800864079251,25.38018157592083,14.844308859081881,-10.833061470473915,21.315881659507607,31.0160749496849,26.868526931187283,-12.596158316745862,21.84058094935764,19.923928705439476,23.541894783077236,26.907813087948835,10.077178794112235,27.657871799191145,22.306253983759323,29.42302696529824,-5.906246363329686,26.825644191784487,25.297545544809537,25.59095009920734,24.609011616516867,22.531084396799542,27.538879772706554,31.068114841471747,21.506804712340717,31.39507824994966,29.251100858906998,-14.060048058773315,-8.11981451690433,17.906296720623818,30.517981386597153,20.44209186259452,22.55691614048757,23.494860869746248,22.603156303523733,23.424051447265928,26.873636311391532,19.625277832690557,15.493467729127216,23.59168935804587,24.266962262320234,27.132015276759688,-12.870799752481508,17.80317475653462,25.87619483582268,-17.04875790329409,-5.262680251032436,-11.635455020181382,25.614559884743894,-13.25994999472177,30.622986937281294,13.476535234346448,23.68436899145049,23.24264515862253,29.116755113042053,-18.453308717577194,28.40832645352981,24.622976842381245,25.951192320784575,-13.506896539363895,24.030938797092997,-13.664196406889884,-19.381615550638813,23.606199390850012,18.31638087217367,22.875642161415055,18.87563482575082,21.389130890199183,-18.08587830921586,25.277314270775346,26.259892861706067,28.250084962657343,26.098453507567157,26.3003621025022,-12.828674017227426,22.489212434208625,34.66753605612545,25.822032927983912,26.724348365625552,24.274838557193956,25.292553260454888,11.350469797187172,20.77724273684645,-13.336658342122613,23.78787668960755,22.77053048850831,32.76440971815971,26.274649859681436,24.58987699666842,24.834738499438078,-11.245392659107528,-12.71489570145085,29.828432600696967,26.16044400827754,21.813931671789973,28.13010243498629,29.798208399381423,28.44298071930223,18.64103480819223,24.673957507943484,-16.498965464357788,22.204978151947167,27.35649944801548,23.582043939330827,18.423926411237513,22.70784199775136,26.410154839133185,24.432758460892828,-15.186772839184009,-17.946224342232732,-14.333360981066043,25.89018291655688,27.878215624743376,25.916660195456597,28.287492716219585,-10.583658767208163,28.213901121898118,26.863178105536285,23.9531230600212,20.02722416516928,23.499637375204404,19.878440795577237,30.193352082552735,27.878084418889472,28.07555159399041,-11.952803100532492,28.239549415145262,27.174633322793596,26.70015184021232,21.165322621483657,29.567494780300464,25.600654710749353,26.136563005705526,27.664240239485476,25.07038588926092,29.670876948421455,-10.016491444384558,21.520616565744536,26.457245985262237,27.796206530806995,23.925901573187048,13.52661300919918,29.830117906168404,27.44088254883279,-16.066975743342493,22.328808368971636,28.278456717557532,27.67232847531455
23.679475114153437,17.008547094225314,6.774975381129708,24.642002199955282,22.4402960721041,29.94294543768963,17.100735777380347,14.913700443581012,24.819028057839944,27.58338650777569,-8.192249512229377,18.38913890801406,21.79008613078711,25.200851002959432,30.641921220822336,-10.317189238778413,22.038426908718236,27.449606357099885,24.057083078730216,21.55892737599833,-15.253744973821373,23.28092864966461,30.054800444245977,22.572361304922847,-8.77890163566064,26.55118900917683,21.72823765997627,16.14839781717118,-7.135840659684932,26.175115782747536,26.438837176904592,16.744355567900747,-18.495943891869665,24.96109949555073,28.105677375680983,21.74025058654696,19.96491939159904,24.300959037112243,29.990748625803825,25.44869790825874,24.261007465597956,11.720163612507253,26.362572901107384,28.80252237917734,15.558415263486577,-7.886678415965861,21.146555553698445,21.25833334474268,16.52429939829512,29.715402190210757,23.05943604444632,24.456165551441565,-8.955337751728521,23.799358745117893,13.508602159624676,-9.635129042949716,19.23002157627043,29.27153542939149,24.885320649199446,-11.753096112437467,19.8826588926788,18.938155919724217,21.464376500344716,24.65230588124097,9.334502811330283,26.136830437240874,20.694443110828853,27.309797246652806,-5.118951757408406,25.407699964412597,23.42094392374408,24.52709921493595,23.853591370256495,20.720196579613216,24.99983656388701,28.793370025865194,19.88943233868907,29.873470700729957,27.288072696197254,-12.996734013062934,-6.284065933299934,15.91788877815779,28.425200061885377,19.167833562987866,21.499654018311464,20.887131912496773,20.502005369572522,21.494516472785183,24.923894043545904,19.18175267473074,14.357499816604628,21.116856535184073,23.446843685901975,25.181383815201123,-11.553374675773298,16.451190410933016,23.17991597932868,-15.88949556149106,-4.451139790469476,-9.969999111266517,23.36951943176951,-11.772809584901703,28.21893974523576,12.57213366623828,22.345076077686628,21.473523722676937,27.99817740151548,-16.721846364321312,27.046471068301248,23.472740252934436,23.895905553705,-12.486619667322374,22.823057171602823,-12.339424282539097,-17.909432514761207,22.413697698636575,18.29928801878326,21.25174909270191,16.882998656687665,20.276279417506814,-16.600241257393954,23.402942595051062,24.170723139619597,26.148507299737947,23.617745420450927,25.051962030745305,-11.249405833260278,21.83897716471627,32.439038551354535,23.573890550203323,24.764268667435466,22.43683405053106,23.645154749293127,10.93950946523411,18.54207776901514,-11.656919956236672,21.697516610150185,20.400862905228045,30.160465507669166,24.119137898176124,22.09160525925184,23.028987516640168,-10.118254393350524,-11.218737896354899,28.13566880890581,23.841661061592987,20.026262548875593,26.266104792907406,27.77612003690182,26.316370400614566,17.810815226700466,22.994364095890088,-15.07370059895754,20.90733861493245,25.268579828536463,22.928615364114304,16.82483776955133,21.412317093352467,25.205146111149382,22.83636631707391,-14.241886725771753,-15.965145676183084,-12.706092884623049,24.530672936639682,26.691312060675923,24.842894791784325,26.205896999288818,-9.592935999461165,26.460261534959624,24.968265245959305,22.916535422025447,18.898314941731726,21.4346799513876,17.63682330513917,28.003128410917096,25.892536323526315,26.824470482238613,-10.336208070278499,25.940097906527665,25.87879503983954,24.64696534358254,19.11154815226644,27.601263102494887,23.51756330830161,24.56145308495244,26.09752053046331,22.838065426640966,27.687802515785357,-8.949950982561978,20.82781439051416,25.01127732178395,25.498881800013503,21.964254688689607,11.68145261377684,27.61347842717262,25.71863215232914,-14.827808897501528,20.64299447695449,26.43927201177413,26.170527156833412
22.418823189402676,15.482908529769494,6.504910178941477,22.4013825877548,20.271095104784028,27.29260863838929,14.650535873631247,13.141396578809857,22.75681368928669,24.81664716120269,-5.998384134529733,17.002587383353223,18.773068139208547,22.539603157457748,27.861102295940775,-8.57000789477947,20.87546341841257,26.233074519749465,21.976250269431826,19.377705931974223,-12.131095487537838,20.537416597813717,27.69719046223728,21.224052620000553,-6.204692594059917,23.940976459614717,18.578665163203517,15.3464538788211,-5.2401240177708255,23.565240676350193,24.467791021138737,14.824700996130685,-15.400243473234939,23.567063226187827,26.399032852820156,19.033377701116457,18.099312644442406,22.116396870379305,26.97977052187657,23.893445201580096,22.39333478625879,10.316652643924314,24.160358917208058,26.710313925332066,13.896420524269246,-6.277001736351884,19.492887839202755,19.449408490973862,14.445454135401551,28.02609015817801,20.71166751757941,22.41306580224518,-7.264181825381682,21.275896704029947,12.553014650455557,-7.4242270728697495,16.595332252005473,27.638838463952062,22.02658583264388,-10.316064632107539,18.06772555135977,17.06048175820726,20.16633172817964,21.797554266263713,9.083123163013852,25.145111771501412,18.592893870334848,24.859994659319334,-3.4571424669437576,22.480116014002032,21.23782284576541,23.565960827375076,22.733978288497966,17.85978485533607,21.972859482836466,25.770694721996563,17.729692671256267,27.874155045607704,25.101035900839268,-11.025390544009351,-4.144685795800667,15.324180991011131,26.369836056383306,16.37590232071382,19.536516852305283,18.386682129804356,18.116070553687045,18.88371074159787,23.79279608536934,18.001691409721012,13.47516114621092,18.604812360935057,22.422373946365024,23.2410836423567,-8.695343505123445,15.18950975084074,20.076701376389916,-13.162047766065488,-2.248277610360876,-7.543533814307124,20.897651269647916,-8.9214859347025,26.215810807101853,10.710015572854196,19.87365102225202,19.361004929144812,27.042407235961562,-13.524738208379397,24.133331481975635,21.19831256373746,20.821418231270744,-10.05253553606605,21.319445139424957,-10.080506237170008,-15.101321983478137,21.539488896504235,17.007399312013984,18.825224346410945,14.956451644926599,17.64504186771335,-13.440124074443474,20.93412866436338,22.60109273833556,23.192368685042858,21.03619004041763,23.67698869799864,-8.565967452966596,20.808956182570427,29.797668342188203,21.294756699874338,21.852024125898662,19.824643980802144,21.10490916713121,9.826209555252726,16.48773193863001,-10.438503333615474,19.378429329331738,17.621929943478303,27.576823216024472,22.666355250803807,19.808208942982322,20.160848995485313,-7.523129431274407,-9.073832564140583,26.134772507562687,20.81103771487614,18.514319618759586,23.525850679586892,25.83578820620363,25.080931738818133,15.631031323185788,21.053041976756315,-11.953624512013063,19.377366435133023,23.35132665916264,21.728038528836436,14.458011074758414,19.980410825607944,23.98907804588469,21.61258511548471,-11.562859050349047,-14.051302653867706,-10.080021326959137,23.921587431299603,25.79864289239484,24.049867424021,23.24796767613222,-6.797973915905037,23.724409781208255,22.909452546301512,22.61338402609196,17.31444455963534,18.98608796273189,16.710374828035906,25.536957766011486,24.110295855414456,24.964387805307144,-7.468652283845805,23.480331089400405,24.44236965751936,22.01158929352789,17.67099434984541,25.364578537211067,22.219474052772316,22.95188009910875,24.3150458474086,20.91859000726942,25.602532822018862,-6.804912294113199,20.49027276983528,23.390317541432058,22.90549435255961,19.31372707416044,10.591730760034562,25.52394951550153,23.99783274154336,-11.831498398470849,19.21294591109448,24.641936443101805,24.961545945814628
17.612234974702705,12.445812537203661,5.800327738467567,18.05935878949565,16.652817537470142,22.280363739593504,12.4520819505622,11.479697442932729,18.351371122912596,20.573723395556748,-4.864835233747488,13.909492945804876,15.757902082339282,19.100438316610383,23.238336543024403,-6.915348093768423,16.908359995616333,20.698611608628358,18.609692901524454,16.048953582597903,-10.129843098967246,17.2124948811852,22.52509212236534,16.63361438929485,-5.329018896893915,19.559174232158636,15.76192279145148,12.758221303909338,-3.6019206835883657,19.44867257625189,20.310152148816115,12.548107440870787,-12.723318661653932,18.723020324989662,21.169110118165467,16.252804451322813,15.672281400703037,18.28388317366749,22.441523326805324,19.70635992271384,18.478467529982,8.709817219625307,19.855431662543694,21.370221172152736,11.144510592324474,-5.325695051427424,15.68166203637343,16.196197152888406,11.986104337167136,22.398686445512958,16.742563206915957,18.204188390118645,-5.906055241266398,17.585271326939736,10.84717613096145,-6.2738001099838145,14.240742897782194,21.78168671747774,18.173826315775447,-8.275270199456294,14.72742707738018,14.295028913352615,15.951311387435537,18.201065794435653,6.999040238191313,19.419596996519125,15.18580530631255,20.54817488077673,-3.1830056583153663,19.113860116038776,17.999806019286737,18.224427161884403,18.078922045302495,14.986119102736454,18.36400571329164,21.85064288613069,14.637833596866917,22.60484443033085,20.434483254572093,-8.55417163689367,-3.8174994234165918,12.251133260203765,21.005581885854706,13.873944870354809,15.77203107972221,15.238915743793044,15.089446230972435,15.758834282317144,19.3374215366928,14.579431469315473,11.312362137756265,15.65260846862759,17.600867815252393,18.723271450945102,-7.01269890549164,13.130532458548245,17.228707057957276,-10.995021719163935,-1.8738159433909136,-6.1182143982425545,17.358069286205396,-7.39393891392389,21.102203653849887,9.28319853995452,16.366542875064503,16.54217588719774,21.430420934653416,-11.259289744548566,20.23711353648151,17.296485667408422,17.715318512363446,-8.269072894606733,16.963741894694635,-8.577442746308988,-12.459893574304381,17.414154529136187,13.43533411227805,15.118819569582932,12.415702874141699,15.219393250839921,-11.501286397850922,17.471593189787473,17.735000993743583,19.150651089482746,17.63153616059863,18.50222290368008,-7.243571065472041,16.492931566631803,24.45999023442671,17.65190598759539,18.131779592816233,16.764015083716195,17.71091527243884,8.391758694006453,13.619709974586389,-8.39012900796118,16.312042731350534,14.990347187085474,22.583423386621384,17.998702330637805,16.4112872823431,17.146190424172286,-6.721993246004469,-6.674888951612823,20.953303980121145,17.58695513928378,15.066977857519644,19.413941408531898,21.104966578950098,19.991712635937876,13.250104510834078,17.77452667489995,-9.92833965101182,16.348119918581904,18.49406439499094,16.928737768596115,12.670075763947583,16.24254241137937,18.889580060921094,17.301239399218407,-9.659018648697534,-11.53769416797644,-8.125461815740957,18.497524875479666,20.333081469063906,18.725364489883233,19.525459742740892,-5.597333610034555,19.79686261728839,18.98054336618085,17.34936038787596,14.675998841573575,16.176674469589372,13.00721392742646,21.27201285646529,19.498661256575183,19.809710599718112,-6.5314586709879885,19.712321898977297,20.074652202127922,18.631473700497335,14.215365402357675,20.82498029220864,18.168696545363236,19.080739968251137,19.51311608802885,16.59220646558148,20.75163646006345,-5.417142779634239,15.859509401266154,18.90377964160221,18.964033636058094,16.559333456778116,8.639360498267951,21.453350310063616,19.35222334240705,-9.779554485020261,15.979563681581945,19.519000569594525,19.73703213839372
21.465055478024574,15.208473072443331,6.189435741549597,21.832573521035894,19.716951771434466,26.86131845872425,14.86798883758488,13.685750371892514,21.93959679796115,24.661626312877434,-6.052912538608715,16.50014505529972,18.769799731361072,22.463174146912596,27.48179238834276,-8.495480425915945,20.300046188036486,25.16936990295109,21.9559185787871,19.59381313441835,-12.715516888074676,20.655670008051125,27.112367026442932,20.036007389176543,-6.8552770273882375,23.37504782502783,18.98148261946009,14.91582607869609,-5.430051363212875,23.163704066854606,24.30950235371524,14.808554971251514,-15.770060043262843,22.33309009172492,25.571822363024634,19.16472827710994,17.919039028263498,21.63398434453601,26.55125219808665,23.164059587760757,22.130394327129903,10.242355592122266,23.642568685335043,25.707145520302447,13.722413900551235,-6.403215886327013,19.163570955093494,19.348555203094577,14.153371476565907,26.86906945337008,20.238566629028895,21.875286818223973,-7.268903400259713,20.928760701963814,12.522591288856068,-7.6422418584385285,17.10933346924583,26.424185400383326,21.852236280029807,-10.070750704109788,17.824678014655152,16.685884536827334,19.53445815836828,21.621289296869584,8.795804145702972,23.776739330908843,18.15787107143947,24.46061042232417,-3.551148155133605,22.217086558467273,21.382082615914136,22.10651859390289,21.308132661985407,18.12989120151644,22.04266986794616,25.862844011648047,17.50429502614725,27.01376486500844,24.68144560760974,-10.889178831985191,-4.794675437359961,14.83367709478099,25.464829738969637,16.369213960719954,18.864533248099878,18.569518733436094,18.0629150861173,18.853680907854105,23.256368267682507,17.147028319535995,13.363903586160843,18.860374879283306,21.12139307029979,22.585108671533522,-8.959107861292074,15.022734618303229,20.647044409795296,-13.304635815774008,-2.511475594310243,-7.776966707367129,21.04571931430779,-9.401606408330256,25.52735381458583,10.661574091670861,19.52794008395529,19.377616911183438,25.67125096562752,-13.877020259564178,23.74740148375962,20.58120581356092,20.981410237783393,-10.218643171006029,20.408069361069746,-10.411161573777045,-15.192224475351239,20.68789779799182,15.797923758777056,18.366845732360925,15.317365751977043,17.552844556633055,-13.828001889817497,20.596837752115796,21.69169204752649,22.926441119026553,21.106621788529672,22.42948302394204,-9.231317268737433,19.633335539310657,29.28114636466212,20.8724241544503,21.76136897924824,19.851125465903866,20.979285941150405,9.415601656332223,16.42119329395183,-10.742663560096663,19.54749373980132,18.140188163107354,27.241999269889412,21.951626786605814,19.776792754693258,20.368467061544347,-8.130035071442325,-9.160849067642827,25.15033979547333,21.005608113186447,18.190741993016857,23.23839852053626,25.41056274505306,24.2270031903395,15.283589384281207,20.68951995228259,-12.40054202648683,19.105482602598897,22.67650940931972,20.320259502491297,14.91467589848065,19.369101032182712,22.737704407894043,20.73647022485798,-11.749671872949765,-14.38397212920397,-10.426837718079563,22.62228357318802,24.50402504458647,22.674319556928864,23.43573686650425,-7.124614674852705,23.461789604851223,22.672635109809388,21.05904379092569,17.238864896146385,19.173541853215593,16.19184531883315,25.357288825803085,23.399699921103927,23.815985980259857,-8.24047426741886,23.26832363671567,23.670968753498183,22.060110629093714,17.27468719440134,25.03852543959392,21.790111368918556,22.552305887195217,23.49007319032955,20.344552030501752,24.747024601957413,-7.102967050274614,18.99926291311697,22.6335091532782,22.83105670992876,19.700461122885248,10.651066385930795,25.347962832214154,23.320502579021483,-12.113063010159967,18.998201091748715,23.764027196788643,23.82008048738713
24.737540019182674,17.930333669949917,7.1317922638897775,25.55702040142605,23.70475807598459,31.497883253170937,18.0848757163337,16.133501932066586,25.512943103615047,29.10297938214011,-8.835669077664157,18.8705023969129,23.305607496470166,26.535273036708517,32.28798197566857,-10.715946850721908,23.086159962454484,28.896406087575297,25.76621416788666,23.3456046005814,-16.456928949255047,24.85229756654555,31.59801017267303,23.192953774605137,-9.386858473625205,27.438349534817593,23.36027792126235,16.88726496121668,-7.467272065059153,27.735359571101693,28.034448915114485,17.87508554225139,-19.773556866129436,25.823304078525055,29.422073950675216,23.652187377719184,21.10364314311998,25.936122796951732,31.50871227711808,26.693448604947214,25.922530532589317,12.75016367381488,27.621938430650133,29.891029273071336,16.408301127373544,-8.343825933968962,22.857715663965358,22.717399526605227,17.190851075055026,30.96534298186669,23.75690580620755,25.46625654544931,-9.566963475981725,25.070283069630026,14.759117366011202,-10.638159489306021,20.775176518509564,30.38413619593816,26.234082974878465,-12.28319259725925,20.896814195130492,19.76138667416391,22.63134347946308,26.305793568310964,9.742929096018043,27.06962149682724,21.600680211419416,28.710522289049695,-5.902653742213157,26.537665796865586,24.96459748396993,25.215238936145617,24.58419560061464,21.91517403393719,26.70475461804718,30.63122503445248,20.92846877071693,31.07630621477456,28.74714722919719,-13.54770597525785,-7.611726885950245,17.327901378489056,29.79655077522297,19.949784837752976,22.372067992449168,22.65728059443569,22.113481975329336,22.958139767070804,26.384235919522368,19.724951838628222,15.276502788754549,22.914541943886956,24.031304892021847,26.54492692650547,-12.201979924739451,17.855059798264,25.08045053308374,-16.727154463105556,-4.934963548025327,-10.976168573107069,24.841451665978532,-12.626036069986727,29.927720157650786,13.357547533136032,23.285576394797005,23.11118137485661,28.97363372886579,-17.78440154413836,28.103494268295194,24.44732312458854,25.511848329538847,-13.01961456414399,23.815430212896484,-13.257748906232775,-18.754480580902623,23.546321647176722,18.404926512940747,22.156968795809043,17.96010061935736,21.38079130754126,-17.617812484007978,24.8227499523867,25.462795722228933,27.418394860753637,25.443639396441167,25.782315786445768,-12.178284105369222,22.253658752545356,34.04967524322439,25.20089144192218,26.130996506922145,23.897302573547694,24.971855674061164,11.569391655557919,20.088667457568803,-12.662161350935484,22.98609800071625,21.944658092874942,31.98048322280257,25.617973137861554,23.889708373856756,24.430971795991937,-10.937009584604157,-11.78980477891632,29.11296366903814,25.56183299932134,21.350910376014333,27.380557949141565,29.33986411865288,27.908288726268488,18.61262392837843,24.505699702299186,-15.893043322321018,21.787498732625874,26.50041475719932,23.372210029130756,18.239256486064253,22.334672698662015,26.125257254084786,24.145149159216743,-14.87537447126143,-17.19388838672501,-13.553024033320586,25.395990249236274,27.699254217663807,25.761914595887855,27.57465698981188,-10.158672761379012,27.715314582558456,26.427695784351467,23.66925964687141,20.046822057621448,23.107574664433603,18.78268143330277,29.591423195203767,27.261642629245657,27.639356302463295,-11.367530093334071,27.52874521988966,27.177619637648178,26.37326466394687,20.45361669064157,29.09122464358138,25.14616129153527,26.02617611218491,27.137285382338927,24.265023702396054,28.985951237945528,-9.483448305958596,21.429483642407174,25.983035568979723,27.001730245163312,23.455359034651078,12.857226173202667,29.49054859565717,27.12871646498581,-15.603961307918137,21.96628677076309,27.417196917100664,27.377924407707468
24.534667257487254,17.59747541744109,6.8889608426108815,25.629134537490433,23.62446562600979,31.306077138021738,18.304427800580623,15.999259918057888,25.893131077731873,29.001825909642776,-9.119793214783463,18.531552026643865,23.36205895499939,26.666241624466956,32.16453003621629,-11.155290787545423,22.935298459725296,28.49000176328257,25.46233494662799,22.877755083817938,-16.706532252490142,24.800117316474516,31.495161721823337,23.296381086636234,-9.952323777907523,27.527208327906916,23.270069251141432,16.63432500412503,-7.750634797441494,27.39108064394197,27.47662478999596,17.83966378171494,-20.06162052740852,26.072383097736626,28.899425204606796,23.429341301211608,20.971874413077437,25.53449702226439,31.38862074863634,26.495290835418533,25.333050238781723,12.442700833186667,27.428542748980774,29.921885557028084,16.253641201007582,-8.524018348810609,22.45909847550378,22.311009811089328,17.735705322478772,30.62122422128803,23.98577007541224,25.11687372488132,-9.651512476610343,25.338964550296694,14.268321458155341,-11.14295904505575,20.579218881381223,30.361369423686696,26.448378204533785,-12.605982178680948,20.525595244723053,19.987106169574236,22.05435515762898,26.094206073924965,9.582386046234488,26.93656738596241,21.34274257331625,28.326464481204113,-6.231301361582022,26.582431638100836,24.716829739876886,25.269299752002546,24.709373881844783,21.99762041359662,26.410651446230304,30.514919453529426,20.71141780431229,31.01854739273148,28.73236943532695,-14.087547357616067,-7.637491319860745,16.62044976812485,29.757193745504015,20.43383314560557,22.718906802042923,22.370635414397,21.64142964402909,22.828966842709157,25.80998809142979,19.86416792218367,15.053697257287714,22.633519501080116,24.08995546242265,26.41903634396565,-12.77307153375336,17.558020586440477,24.77642653332716,-17.41423476433861,-5.56236421187149,-11.244820016133716,24.671548704590496,-13.174218862041116,29.46676902071325,13.31771917039767,23.70955485376557,23.01657691226201,28.834868775746763,-18.256383076686667,28.349153015105124,24.761538377428888,25.622221144427055,-13.631611098520796,24.06340291423646,-13.495409655122614,-19.28399226636782,23.17818278326729,19.049231433289528,22.389431212192168,17.790372125034516,21.557575229154114,-18.236619293904965,24.523272395553096,25.276610111287923,27.320997726962283,25.172359343559332,25.853913571938776,-12.445021644280835,22.25174996524379,33.85957926619561,24.813451725900613,26.251761849344145,24.012732967360595,24.88673059299949,11.836287167414824,19.609425477746996,-12.165455493279984,22.776614044964482,21.852982682649632,31.673033754297833,25.383154887661274,23.430230033025197,24.64761782681142,-11.419393119553572,-12.023304767371489,28.917581032625648,25.54230591324964,20.99031095960283,27.36952438083489,29.108923777352345,27.48748638286483,18.86983586699251,24.019402973882816,-16.41203874909176,21.24940379671361,26.44804426918469,23.746834418449325,18.21362183895063,21.889249970996072,26.200010051722824,24.033152101975325,-15.441865160302854,-16.776094025461255,-13.988492020925845,25.12920187807227,27.527019847953717,25.778412769909597,27.53669119569188,-10.69243669013029,27.61812665939798,26.235872777440196,23.488958850090057,19.865705034331306,22.899530072617488,18.11206034004138,29.124837539337218,26.80811317445097,27.904892445840765,-11.66706479375011,27.00860151967191,27.030193900739803,26.33561480125327,19.957690316109357,28.86499207797607,24.47325318989261,25.578122835253502,27.156080185009444,24.103721168360757,28.539139390865387,-9.788964264014343,21.428360545138904,25.67191992763032,26.761223059307838,23.14203020881146,12.462773916340385,29.040296623452683,27.096117162972966,-16.311461132490443,21.438103395862612,27.335670522503285,27.351119950256916
21.729012241965382,15.717734519204802,6.0662638516388485,22.888886460745614,20.682908838381213,27.7880322782864,16.073681627939045,13.9602098631761,22.797683261279413,25.83433555905838,-7.319493312287161,17.526638789814857,20.076052301005284,23.38953068636573,28.377983071783024,-9.533695474641375,20.21393121337085,25.245481887846527,22.252917521325987,20.256749759317707,-14.197370548923894,21.73767935409332,27.733467334401727,20.463482152053746,-8.041428009476034,24.855334880722257,20.37390134246189,15.357165344934414,-6.663779927737057,24.224598583759864,24.883556573859977,15.49339758615683,-16.94083594976097,22.379527068313784,26.32819411331467,19.990718536438656,18.365225375596253,22.28482194987646,27.693742133361198,23.30954652423783,22.60803086614013,10.69275152997175,24.28712573478314,26.41621163325586,14.359407846792854,-7.051507317967482,19.468237250615868,19.804431338511435,15.012509457829808,27.283172203381653,21.592512274908135,23.009800987935826,-8.127852663987946,21.74566662449678,12.457000695042218,-8.228342899630976,18.254609150662326,26.91250575917873,23.01651164094432,-10.498512475254591,18.92943654741785,17.24648846404546,20.29508283269904,22.83161437636197,8.91179756891124,23.90037306021934,19.46359638360922,25.73350324428425,-3.932403361558622,23.556516794184386,21.888689715776966,22.198035943641184,21.47538220829382,19.42336312753679,23.46858286050789,26.767601841004474,18.81601530384719,27.571464486483254,25.360770185567816,-11.778164912482168,-5.429062789214775,14.524007645969505,26.027844179540583,17.78905598349519,19.506583398189264,19.454128755301138,18.897931343921837,20.0038099105765,23.169467138069713,17.099022563899375,13.382822839385593,19.548377363919208,21.326708775155986,23.237848495189986,-10.582787858111454,14.858567234660608,21.889214661644193,-14.33590629617805,-3.6949672191058123,-8.861827180441919,22.08800658548143,-10.706777095455429,25.911787845862097,11.42003016311753,20.6620120296168,19.58334445410391,25.57059439926848,-15.337627998904875,25.005071728112785,21.29943386168681,21.996528852057576,-11.369319674149976,20.649721610280626,-11.514358546959057,-16.451000463400963,20.426936812508714,16.302870897232236,19.457652583749198,16.442069295647485,18.36120005012668,-15.153713948951916,21.476336687674134,22.222541289931886,24.561851551704894,22.051659382052275,22.965499801017582,-10.47039266909869,20.076685492185348,30.177407295808784,21.703907955783876,22.86863546797932,20.596849804023364,22.033954075175483,9.521633270978374,17.19787395217128,-11.267312209070793,20.566234201340055,19.284147413755555,28.01589348652781,21.971992339159247,20.593313801081216,21.38232515309326,-9.321319336661931,-10.523301641842355,26.205679841675803,22.15829661382882,18.397117971398075,24.778246965679823,25.811992021323757,24.125100005630603,16.21930727501682,21.261676315597562,-13.898687024210325,19.857996291748467,23.286273225874346,20.652054213801073,15.605126320883661,20.04165303045063,22.85880760746705,20.495573760581767,-12.789436553196648,-15.195004254531142,-11.552688414607113,22.488267847944257,24.302988898716695,22.315651803085103,24.767748292653444,-8.66195419779079,24.84354885209279,23.408450353344772,20.619668578621592,17.56939436025189,19.81944904280913,16.684854081858468,26.367608824359415,24.03790312114797,24.398994521144896,-9.649438731028969,24.363465164129913,23.636509818408037,22.645992138453575,18.037247159911935,25.765797119737144,22.057872360556384,22.8018556650423,23.953744492089143,20.870624697735106,25.79625908744036,-8.14880527523826,18.66421667533862,23.357733237371516,23.77576850024863,20.761291407656596,10.726036160736696,25.75722346100557,23.50429963048379,-13.458812051349758,19.38803832085699,24.728081926090493,23.670012436000363
18.324679754531186,13.089808910470845,5.895782435074215,18.845934208540022,17.306361431472208,23.49155351286324,12.839448232849715,11.916430468412553,18.645777232870504,21.613619295959605,-5.0370800836058836,14.765840250335135,16.282843703207096,19.843940525067463,24.386987638597454,-6.940251060061822,17.533195062705516,21.65208142493823,19.3954481876771,17.279530425118427,-10.61949147013913,18.090639600871167,23.448719265473905,17.15537663385617,-5.317965128231331,20.346371586225874,16.590650531269386,13.628031926177297,-3.94478457596563,20.49390916405783,21.678300605172293,13.035421565358119,-13.204112920899284,18.99609310170268,22.678094006274762,17.036502221273658,16.20984786858555,19.11907911989709,23.46300298811134,20.49099485288314,19.45396666768515,9.115608885372287,20.81983688106004,22.116209130646357,11.701182222348997,-5.442623891317937,16.412207733425685,17.323379711358676,11.891787326195603,23.516260250414895,17.412257933215017,19.44668383051339,-6.073194866883731,17.889414653948396,11.541372912742373,-5.8991352150432155,15.015396889112541,22.64454218749903,18.76663439690916,-8.20632136939576,15.747520989225674,14.74555586053219,17.242391867695073,19.098363510848014,7.436336825588372,20.249335171861315,16.100821233079866,21.812592593394648,-2.8003767197671245,19.933522477044974,18.89888781556517,18.712778934654636,18.499242365837407,15.6071425065864,19.58009956487722,22.913568024055568,15.437051760785202,23.535588067587135,21.396953846690188,-8.685032553729501,-3.774128724458819,13.186746861176376,21.779920999430257,14.06268190241082,15.90449207692375,16.193271305072045,15.842416214950632,16.53437754942455,20.50856883327391,14.830169129543624,11.777706121006101,16.560859259957457,18.112015879301282,19.578352380748598,-7.16585486684196,13.283943691580445,18.225773774431637,-10.964421846634389,-1.5916756418505686,-6.137886718412987,18.21382399432516,-7.423115034604145,22.141529072878217,9.557421337169428,16.605926898547683,17.08832923378105,22.232228475335624,-11.437415868742923,20.85499522407526,17.8034914528495,18.314296149331753,-8.289445865447073,17.325563180563936,-8.73058164319153,-12.634248150463424,18.187384846229406,13.300099415369623,15.475382413318025,13.188088084990527,15.651474573424174,-11.529506537835308,18.395065993988535,18.513033965343666,20.29656426098567,18.616912781429953,19.076226580267544,-7.582579317694469,16.994154470280026,25.549778551913832,18.466470575939137,18.723058698609677,17.026932955666155,18.432509243864597,8.19468085779598,14.62828286433127,-9.366161181962893,17.114931926480562,15.683458428381698,23.62342095874117,18.667591480149447,17.370091505943325,17.627269169187397,-6.663178879604974,-7.1787857728240825,22.08810893166348,18.400970706031337,15.92166035291091,20.44703923097567,22.140321733921546,20.916676509970923,13.50010820432118,18.771064378531985,-10.147504378983225,17.35603921653559,19.188988810066895,17.09068495888436,13.060145676218283,17.53285814093508,19.270393196454798,17.7880850678318,-9.53787687133117,-12.547393437875341,-8.267937745413988,19.27230218739989,21.094968392885185,19.21826474823136,20.51598042743695,-5.5647359963609535,20.87370872704445,19.910577875278758,17.888463939300454,15.501193871388992,16.97080512686561,14.125808643841493,22.625861178117763,20.541233356094075,20.184977269462404,-6.790050332272201,20.943528588064815,20.844402820775137,19.333293717752543,15.169361909622387,22.032722209675086,19.396432582996372,20.150066184905135,20.149015133426886,17.29732264019808,22.021765844101434,-5.542014563261808,16.15589875932306,19.840048135555953,19.851916565004895,17.47684951841831,9.245429761441345,22.661243052183497,20.08042630532511,-9.790272285656302,17.12199674479853,20.531155639555433,20.261823297033434
19.491528088494285,13.78466827241954,5.831109601121261,20.32335565203535,18.137272161932156,24.372959553485067,13.854596690861895,12.279309855868064,20.439588909459815,22.556884323461304,-5.457730013200006,15.161583500872528,16.987810408892287,20.630932789245012,24.94606634190758,-7.727428535926323,18.360527107318568,22.800933274656966,19.653177100510202,17.444211111555813,-11.392029584006456,18.707469758331232,24.607287732494253,18.7384877735867,-6.040814375793613,21.609491297152992,17.02646711962949,13.89053519079031,-4.816239909106604,20.70800607487385,22.01080350193479,13.211431107564552,-14.240343466360303,20.619490790404207,23.228465330445264,17.096341459146444,16.047606536645148,19.384133667709495,24.411877481842026,20.885345089867172,19.597411850389605,9.072450652644294,21.469414241305866,23.617702399818675,12.45242949060437,-5.6654059179129606,16.96913924155462,17.748168160316673,13.287039468788187,24.703556025895193,18.759398141197668,20.11593048373088,-6.487013400962265,19.173202347527468,11.150889115448331,-6.541009565017775,15.241340396355293,24.257341824963195,19.82055486919454,-9.24496403129959,16.124410755887887,15.415636292745674,17.56215625443673,19.2027610995244,7.8209201060406475,21.702511868872183,16.619427832860367,22.166173967359292,-2.940638622645848,20.339831504216566,19.270409542761954,20.363783803186777,19.918556619210875,16.458143884123007,20.004824023436594,23.387390903335575,15.813206519453185,24.726145227513378,22.45351522960644,-9.854256615381422,-3.675101887010698,13.295949718127547,23.151758608460888,15.234133468192413,17.490430994411675,16.70248257270314,16.136230838488256,17.10284870480057,20.86449921179898,15.969599046906424,12.16450091529673,16.79966015848866,19.800540605629834,20.60100812556784,-8.174708409495258,13.23038898856207,18.495705313841775,-12.3159813353038,-2.073824170228791,-6.4520836729691595,18.94397373898773,-8.424118105296087,23.06328220718334,10.248451784265436,18.087470074364898,17.316328234037517,23.471564349728073,-12.60937791053873,21.986938410866628,19.080278407595657,18.97397726037249,-9.368810267893416,18.779334265573755,-9.144368071246351,-13.935289238362037,18.640506036136845,15.094717882763662,17.01014346556718,13.615449266418281,15.962921237127636,-12.655502502423017,18.441559837470884,19.53013938882938,20.87289477108885,18.808300363569668,20.625620246829378,-8.125531903970641,18.144994281015506,26.635222895433767,18.717651173491042,19.68642097885821,17.908018467924556,18.985901737617976,8.797452366215682,14.83029359765024,-9.583780691982394,17.82878586956858,16.24046759607806,24.60012273423151,19.539843435572898,17.77341521758512,18.496442929624987,-7.449328768864253,-8.18222341789978,23.111898604483937,18.695623940952668,16.18877859119482,21.20109255050082,22.924984922263864,21.78290041401341,13.836230203462259,18.534805149659512,-11.322618470880847,17.53425828131937,20.499769070988144,19.054553202097555,13.508858085236723,17.561828575093987,20.90882038315002,18.630751149618355,-10.694995656441671,-12.895194391827292,-9.343735819019168,20.59830880065094,22.313412422353746,20.772881694729897,21.295127606142497,-6.4862587330172525,21.32807010020732,20.541084495970562,19.27950807520563,15.563146896235763,17.02075398853551,14.359579189278486,22.82694161951097,21.203512063837554,22.09090676540292,-7.387417616667013,21.020189099838973,21.56135049938039,20.07068842049992,15.558375783078105,22.449069633372492,19.408073636701708,20.21341622431769,21.568806136023547,18.317474585634695,22.466358517333386,-6.4341913066153475,17.672984808138345,20.654437309016732,20.436027844163572,17.736231795691143,9.306839896059634,22.84344138344374,21.24631752173408,-10.978203257532185,16.954704546387322,21.69927880591743,21.813991349136383
18.332084477426918,13.141469611579222,5.421867811375661,19.32647929254603,17.946487517566137,23.963684489268374,13.713726988623629,12.222021651543077,19.562317611647913,22.391985894493608,-5.779373416314891,15.518548153543222,17.321346999811546,20.497327834398103,24.778286906911845,-8.010012077366977,17.371883680213767,21.694856241836597,19.752538162341192,17.513893813305973,-11.894167223318728,18.875057278342364,23.790573013976804,17.321694944988344,-6.522734471724688,21.612122702447888,17.529627960327975,13.719362948215526,-5.051329200956297,21.0936256174752,21.60008594359564,13.63419541850797,-14.193471491496338,18.913538880472,22.89790513518138,17.409277926634402,16.63011795152087,19.599217216828663,24.141635477728,20.760166147672113,19.958557683582303,9.409841891945517,21.297576232311165,22.406142094162533,11.996522485351166,-5.965490599587104,16.59377832321773,17.43244529910518,12.822032725024968,23.490464837056898,18.445273754810646,19.846736249480763,-6.837908533623044,18.71795254593454,11.091451604996823,-6.689161429027238,15.816269706649265,22.908354419062594,19.747798855729656,-8.904476685502306,16.4720804758652,15.065205027455727,17.526757726424908,19.973168711541856,7.653395242554466,20.246739089600343,16.87919930998681,22.67395840754285,-3.1386810579570734,20.72470393322122,19.319857090886888,18.794305765051178,18.552304844038932,16.53752623555242,20.185395816028247,23.41886694392896,16.540728226920592,23.90777788755236,21.929684748028816,-9.580804487785663,-4.347533318553789,12.485125372971448,22.117562624708736,15.364109666538676,16.84186302421302,16.69228270003346,16.425070772252386,17.345040974157325,20.09483984292792,14.63585119051194,12.016718910426532,16.820663991636064,18.116313832752947,19.932119261306326,-8.600073364160018,13.310725284808816,18.976422781750745,-11.9934037120378,-2.6459529071485703,-7.218578786295701,19.22818347854335,-8.826505875804187,22.194477403194554,10.006236448726007,17.81318696150609,17.207359295532157,22.172010942386553,-12.845051927452944,21.90679613353931,18.3334510500154,19.03996641421043,-9.531442018220812,17.64129527106956,-9.78654920895163,-13.979774235779026,18.072727866850446,13.911581490530724,16.31343974600123,14.283653015663882,16.10388849262197,-12.765630386406562,18.779489815755852,18.913053479379073,21.185727744394455,19.126448237396936,19.64674969717236,-8.57718530312433,17.720670690015524,26.21454113869478,19.001771434853815,19.507784081623193,17.51526359955345,18.999442552130333,8.365803841315833,14.683415442641454,-9.457009944575116,17.627996593087346,16.621229557488874,24.261663513521107,18.66859522384791,17.886407210491164,18.605368535921656,-7.664068355606908,-8.43113464190017,22.74974486048506,19.28298042961263,15.951990724887755,21.526302106614324,22.40636480651407,20.67337352036409,14.35540420963468,18.958749657808365,-11.70090726447914,17.836160310759883,19.685645190683022,17.59708927989481,13.496770229028579,17.733774443952992,19.51246239402978,17.622201881117157,-10.726764077841672,-13.14566955939805,-9.48951156797402,19.181750978190557,20.857470812713302,18.955674026983942,21.506872210740084,-7.0969195935946265,21.685933494789836,20.501409998110166,17.56708838068477,15.484076475050871,17.358752602189302,14.165570433730236,23.127777499114266,20.909012552668464,20.812201170477394,-7.783738707557012,21.496374206918475,20.79112256411453,19.617913925332424,15.4802639522714,22.49475401895666,19.457522012231554,20.280857313706164,20.186656632933683,17.599944261962566,22.61412137559918,-6.566783707563675,16.048343391260058,20.487200067180083,20.393384034301466,17.866674866793687,9.197068243349687,22.567551049257982,20.129076010797345,-11.315096427052051,17.223139779976787,21.205467421365324,20.152109920704103
30.783607829033883,22.097426788698748,8.549707388586667,31.720766174955273,29.666670075142715,40.30338159993851,22.94820802093138,20.696785882903164,32.79874855090098,36.90259574893231,-11.700407562388808,23.457834559447228,30.067194217194555,34.28560136880363,41.07623937084822,-14.659436333465317,29.390535978432347,36.268447155903196,33.35770147270362,29.728231609793216,-21.757413944137337,31.804390330722438,40.381961731050374,29.038059823073397,-12.98665077762941,34.636753977411345,30.250861032412363,20.986694289946982,-9.867456498487487,35.31463820043197,35.03171317552265,23.577848728692306,-26.14860001304383,32.75472921897569,36.868455496321374,30.637961127662976,27.19119577020426,33.32181046472119,39.63212423462619,34.294442141645376,33.06446328163785,15.932267063545769,35.28384261998344,37.952241499760255,20.60477334961314,-11.268695734212775,29.135336770837448,28.319376834334193,21.83067848716719,38.51428161303301,29.747189087103738,31.34108146416888,-12.563105865014135,32.30016581751931,18.942067467096084,-15.02383663504741,26.807747254118276,38.391479564143275,33.934946035161396,-16.339604062759804,25.388336630353063,25.552779292814165,28.071674987063524,33.65050380576662,12.108469780667429,33.94789917636212,26.99158355497084,36.02666976381245,-8.382371579515151,33.73955020888585,31.600404163092087,31.850056406747104,30.958304638470576,28.162649079200836,33.663826779927625,39.21586983336566,26.298979837037255,39.76049872083314,36.894377558141535,-18.12735784938432,-10.728544728902783,21.488114075541905,37.596981033552176,25.491621432037554,28.742830052240055,28.682581892328336,28.152801168479503,29.276487129970022,33.28244516987063,25.148283760374728,19.02566701842493,29.52914841310501,29.80224842485511,33.72470022627882,-16.17615991907455,23.10436229391538,32.01116004335246,-22.102030961616613,-7.4641425855774735,-15.10718518172851,31.704672866530206,-17.057087039807953,37.607762775563494,16.66027849869713,29.914768591394694,29.967966299295682,36.64071222413534,-23.470997999005892,35.74532724545946,31.616250680309147,33.101918625192816,-17.111377837130078,30.823267843001126,-18.187705293291295,-24.405179022318613,29.98360238409145,23.512942210679398,28.108825357027815,22.937617867963137,27.58458484183634,-23.40723008473507,31.577470950609918,32.23300680110126,34.80595999152589,32.70494584979855,32.57869262895012,-16.181201005643,27.786720380402787,43.17057420237331,31.799329044874295,33.840235221095675,30.896922401232725,32.27209339221657,15.028362386200355,24.82731812185183,-16.06911691155432,28.806137163213528,27.832086501687556,40.650106397267784,32.411784976577245,30.264219267095825,31.960861192506275,-14.556891934617058,-15.422102839780264,36.17029752557136,33.34351285681447,26.88645549390953,34.882133641168615,37.731050401677756,34.9985363639447,23.734298353410313,31.187790655626266,-21.073132687285632,26.919120613317897,33.53354780577898,29.42628269362616,23.88811677857584,28.059837248762573,33.23401692368439,30.92828804062468,-20.05470963256996,-21.734525697736697,-18.04022440830652,31.81864448016592,34.84472622793572,32.54538059125857,35.10687279231696,-13.962784909873879,35.267688123701504,33.95328500354598,29.500355594725306,25.820106810008564,29.39902745640734,22.843248990202504,37.39655538778439,33.873315788062264,34.96676694785088,-15.300280547199952,34.20436540139355,34.94195496410857,33.73609613842382,25.50347002218337,37.12213484887815,31.878101565996882,33.302646496390736,34.18127803543274,30.4695692883533,36.10793707890137,-12.576325116844485,26.796055895816735,32.502180768642575,34.52341388193785,29.781034431579254,16.933688315473947,37.25391339007734,34.46015531603034,-21.05969730246896,28.151658712033374,34.332669443341665,34.750339459961154
26.255203013356283,19.060306469455867,6.921499073291715,27.7503712461428,25.459604094678625,33.43507291189369,20.21823781259104,17.299756119256834,28.045521353605384,31.238512065525395,-10.66101447881352,19.628136659348428,25.6253852650834,28.593566141843503,34.130808620792116,-12.63161534678297,24.240277760361035,30.31149268138013,26.973302439536848,24.57540041784414,-19.024183669643822,26.89662936874129,33.68388787057109,24.958154672821067,-11.733353456160632,29.76308235719899,25.50606793319461,17.216420534605618,-9.34701871125369,29.253426816353798,29.042140945458094,19.132420570414048,-22.334768201471515,27.782884837517567,30.48617060116139,25.25805518184676,21.923873409565427,27.20177694960025,33.58824134414784,27.713872093608042,26.88877629890014,13.436825310643064,29.098111253616956,32.06317007387525,17.747139727719695,-9.55411412412111,24.297689589793688,23.6788660573127,19.755310079896205,32.36673654284496,26.179976036951846,26.82160403711838,-10.886325255918303,27.646815132653725,14.761652298862797,-12.869890491275394,22.413206173100903,32.44761959194195,28.910987632364314,-13.924727281180086,22.134989253044655,21.15503344855467,23.52406121182005,28.08947549124182,10.302414986985378,28.649035514736507,22.95778959541054,30.134134837584885,-7.327375903849884,28.314499601570468,26.351581265909473,26.941291929755828,26.115584318933767,24.091858543987186,28.533680768636067,32.58428814036664,22.43759267979238,32.91124330758428,30.829646793774916,-15.872413999448224,-9.154065937306337,17.344792256888212,32.05427744525195,22.675830584017724,24.779599667293734,24.45398575029463,23.393360319463433,24.759607150862973,26.945274243011756,20.905588104969006,15.988006763162366,24.4493177956397,25.609380956601484,28.349208797623806,-14.989943151828296,18.49478220716255,26.96636225331542,-19.547949895427728,-7.158597859974887,-13.139977599448544,26.808916716875007,-15.375959770531463,31.494176198511287,14.524417572284944,26.121355179198922,24.500671021786495,30.20889320520778,-20.754132183571773,30.505940977737705,26.71441515059804,27.898769523413726,-15.608947644955993,25.88227400643005,-15.206160779243529,-21.605000002573917,24.072858759956244,20.6106628478767,24.733402804569906,19.569983876619037,23.049497895520766,-20.584163251355175,26.071951606186392,27.293548542245954,29.462114198435653,27.17010835331133,27.709611626701967,-14.299265119406154,23.577500491673998,36.1847013676014,26.579131471616044,28.553195453174226,26.138725723276632,26.647888807034747,12.66591214826816,21.071688343030107,-13.126086864019895,24.65561473707015,24.047029958688817,34.050412145677804,27.1750070677755,25.331751449000517,26.883098068011343,-13.165856798298547,-13.976893543791086,30.798639522966468,27.73686956594174,22.209795986314113,29.519480886771028,30.92312902140629,29.158058107270133,20.302098417321996,25.15077682783101,-18.726981194901946,22.238840665569004,28.672774246000298,25.558747378819557,19.83625521915076,22.83134164821854,27.99658427925207,25.493772456374156,-17.49040400696552,-18.210118398347213,-16.12858086703528,26.561586560876652,28.93325779559335,27.257666436649213,29.746278141143424,-12.682264848391364,29.50318325884563,28.008862918170884,24.669829941133628,20.816080022611324,24.554657109222674,19.381651476300817,30.822761377784705,28.559191251035152,30.133705202368184,-13.63692986818998,28.74493833152705,28.31891040138233,28.319962963264203,21.4146356029909,30.64247136289645,25.703124613579064,26.7161525011424,29.06578648146699,26.179182732074153,30.214134227707586,-11.47129859376778,22.563458832493886,27.154679929518466,28.81570879311735,24.83130733195292,13.340527651204807,30.61425710206244,28.927337208066913,-18.65822706616802,22.413268117618465,29.35112367882966,29.09838769723199
21.865291012931003,15.534641202311214,6.417113244113721,21.942639021066284,20.192969349857652,27.194713796226015,14.612366120452295,13.346527376614528,21.83658301091309,24.750449348277478,-6.537748434075503,16.928779411989833,19.109568739392287,22.372003758176323,27.829221636092814,-8.656670183778013,20.31099527560036,25.57144060196286,22.079042951746786,19.835551338806717,-12.746794839363464,20.735043997333545,27.308636507539767,20.25254454512079,-6.637866007969233,23.617831028223563,19.190857624156365,15.038266229733225,-5.599858091002718,24.001152042723508,24.588444140237478,15.002659110504013,-15.774843943491474,22.485243948274107,26.183171648899627,19.640281778906356,18.287726261299277,22.375111734987957,26.93105999508936,23.527028029171838,22.693252115370683,10.756368051886858,23.9722315719998,26.032774458070783,13.973360265508639,-6.644460336007744,19.610717497756664,19.483327801173843,13.93045154829981,27.417829303054674,20.329349710323186,22.38374398817446,-7.693481041864284,20.927836393503416,12.868839251864213,-7.74333714014605,17.162858874992484,26.71051070349151,21.949757899211445,-10.014749855063803,18.236122647376195,16.864534706857462,20.23642475964357,22.391055331647706,8.8006767960479,24.13534833967797,18.833353536125735,25.098965621674836,-3.8774161734914454,22.667836931107345,21.29887282667084,22.40873876349017,21.64604250589276,18.124634094473144,22.465848961318898,25.95056478903558,17.97980995697015,27.220922391509585,24.67194485586678,-10.844931412840007,-5.164576879077863,15.42048443905585,25.77080785755409,16.19119431931359,18.777625639332292,18.757982050001576,18.6491691983254,19.146725575656884,23.58788702906038,17.242493675899677,13.209076424127078,19.091001779325346,21.27068865053807,22.895337739903283,-9.078452793416098,15.317970363472769,20.849215412377433,-12.999967609193485,-2.6958244959174484,-8.255932670362778,21.020919996233097,-9.319862821715061,26.06448067476007,10.778839193628128,19.372230194658034,19.53235842745019,25.968058501218103,-13.804361265283214,23.8071349207873,20.624677659330928,21.049110427609182,-10.086343286580869,20.4586692867888,-10.563394701681407,-15.004824603998047,21.083431650448578,15.780062634049921,18.52498170735663,15.305653833371139,17.850682929955198,-13.59595512811305,21.379177162799078,22.23046905189278,23.467684036173573,21.496210985867734,22.749755728430966,-9.214348481377847,19.921849775632648,29.531791091938437,21.685347705787294,21.912226343667832,19.89343273021352,21.294293128983483,9.565703567118014,16.921066945389853,-10.9422755010901,19.582941292119298,18.122201865942746,27.555246939400643,22.344535867692027,20.22983268509215,20.20380957114287,-7.874686556581484,-9.395580684148081,25.685991193687276,21.316476703578715,18.594736420739164,23.52625133175916,25.54874623353338,24.604501803931964,15.66052846505088,21.400164357538976,-12.261321561109483,19.414328867336117,22.947525877129944,20.394289980589726,14.792353826363092,20.015325274846795,22.89501203025159,21.088563973695315,-11.563862571806,-14.540058788775315,-10.351120863903333,22.93758040033066,24.77517420887739,22.851815959518035,23.443568902416988,-7.281844876425186,23.89543200743092,22.814391438829233,21.430035938926306,17.31872729993137,19.42954672934088,16.89527430706477,25.863383361031953,23.929006294951684,23.92582796918165,-8.196127409365129,23.86528619542026,23.8717541865306,22.026187434319233,17.81490500352805,25.304719778223717,22.313473421147496,22.92181381222181,23.67716322957639,20.7236544832784,25.609857769850567,-7.154194746553877,19.24844406979569,23.04168327827367,23.21743671400523,19.853707357275688,10.962192279294356,25.555817713589185,23.357832789321996,-11.931807438586835,19.472932090634334,24.115028723346306,23.994701569415398
20.260295980866104,14.711495130952455,5.51325981739722,21.78455449960075,19.926036291753885,26.17278724444615,15.76074536133857,13.349776839086008,21.924429990664024,24.668295250442604,-7.300393310529465,16.237126315752473,19.48282297579024,22.581698278819474,26.89162201715222,-9.255657073872195,18.84511122613834,23.563075785257087,21.145985287035984,19.06164037115337,-14.238881111988405,20.902057621403863,26.164175693602605,19.34494455404384,-8.453105025798445,23.769594137972778,19.653497181670005,14.212718278333984,-6.683907296070193,22.710272657395464,23.155857613285637,14.645529092066207,-16.62192009002424,21.242623359101618,24.348540428681513,19.106311309135737,17.518322182559356,20.952958292847153,26.448702192547895,21.86805193461578,20.94271222847627,10.080385682068966,22.920495676475554,24.799864584171395,13.547549642517167,-6.844526642379307,18.236168691129983,18.846563573426387,15.16335583969884,25.424407589766062,20.683426944057082,21.51214471507535,-7.979361831334321,21.29413422896272,11.424897793189414,-8.496534073219637,17.522242774374252,25.251599378043814,22.3339392335007,-10.405795127901131,17.864014963458114,16.441860823539976,18.720357141374585,21.755011950942386,8.149035248006982,22.218648682811036,18.197698774879946,24.105526193177813,-4.303343684159229,22.48560757836637,20.877314978093235,20.75035627949846,20.287007942908488,18.64048961918824,22.30640947682804,25.6076042372284,18.070930551486295,25.888672059240065,24.05955546993271,-11.642333197391856,-5.6493957868159415,13.10779633224616,24.718153204172662,17.778506324285427,19.125623702870083,18.6599211096528,17.96041037311127,19.161456683464408,21.237027654621723,16.063683922707447,12.754759212028764,18.620880528972705,20.138309555365417,22.01737105099884,-10.912157410405898,14.085562356968481,20.921226076622663,-14.570240226943014,-4.382306547007734,-8.8348606319018,21.024798636588166,-11.052465813281309,24.20182692170284,11.351774755611757,20.337219682506436,18.763196035243233,23.74445936704807,-15.401254965311667,24.264099643286166,20.57198474001923,21.50820079047427,-11.636292625170746,19.728591452491006,-11.24327213145067,-16.48761724480121,18.7658145002897,15.89115139724082,18.881573175864172,15.565131171958003,17.70331096701894,-15.374048269298383,20.16617716863114,20.840497874047458,23.239648810509067,20.913086163997924,21.559213819866162,-10.591770160638756,18.9536181532921,28.522906145461274,20.454397452042635,21.865346524922845,19.800165789087483,20.722806983192736,9.260690020601155,16.217017151393232,-10.272566001674074,19.414059199572065,18.606484916487663,26.572712474737642,20.61522013522925,19.42265841867098,20.94458880609748,-9.717146558699495,-10.265881923024434,24.574657592210276,21.278183592771658,17.177056930590805,23.483828443023224,24.140155598328793,22.5479933604947,15.970139958799622,19.921789629451066,-14.118553281701152,18.58403521598849,21.914285601226123,19.850263804069947,15.165658628557349,18.52793015975923,21.566713251276028,19.169128541613514,-12.947620083763026,-14.347073052243866,-11.736273110653572,20.711906159231024,22.560656524854565,20.93467706572234,23.584757744056418,-9.06925771737265,23.376404321099834,22.094715277080844,19.033213090391882,16.39508002555755,18.961049045509828,15.117339698544312,24.548741531050105,22.625479645952794,23.33418736692309,-9.869333416644023,23.012349622532398,22.14066719132836,21.839531408392816,16.71965286088553,24.21723478156611,20.46611399679699,21.205278092783633,22.465716797411446,19.90835612238628,24.06611215629548,-8.324511518699087,17.393334796637518,21.73794874513891,22.345246909936993,19.6273933911974,9.912185505633524,24.27238682089597,22.408005234059345,-13.833648942593495,17.93815814088525,23.178951168011288,22.230263450274673
20.106406154128166,14.15152436011156,5.865196890312829,20.38730930831626,18.741134112417985,25.538953881882172,13.62814006605956,12.284821211114922,20.551342628169017,23.25966099545565,-5.621155967663185,16.48084387976841,17.552466978525523,21.100158089442424,26.1931487488203,-8.09931193498007,18.856114609820832,23.736988287344595,20.685794119761862,18.435731113703106,-11.568627645078065,19.327324257510828,25.44546144635658,18.82113883588708,-5.846250243077978,22.485869386371682,17.734138889499054,14.598922002756238,-4.9828797876657696,22.465816735146692,23.108895395346174,14.06159192592828,-14.325659774081613,20.64258243326366,24.935982037968376,17.989198516554904,17.350217060775577,20.88370365576123,25.237793125450313,22.282976403215,21.32629989561843,9.734774268667474,22.624969667065805,24.21615095743466,12.693407262934027,-6.0712918241540565,17.80511998219171,18.274845869436817,12.711897289877339,25.65213557087338,19.22574499409044,21.213781731758026,-6.824975775695834,19.232504014136715,11.946937789837083,-6.399185995814594,15.935895638140583,24.951538238533356,20.377243445395486,-9.19334866216763,17.288261407618563,15.810613746738053,19.13903187424526,20.875091291248356,8.45437245227725,22.486269449226693,17.848435533629033,23.952417948100994,-2.7679267657445767,21.49047014910413,19.967710148985404,20.824692789019906,20.18079925758627,16.73475694879998,20.949720291468438,24.282078846362243,17.129206442755233,25.69326547279179,23.178295270199328,-9.821826109287153,-3.896940701303698,14.000397107702062,23.774822201346016,15.122672173414633,17.381021414439648,17.21548090892896,17.12147216043291,17.79292120447058,22.08662367612891,15.908347096019199,12.413806529705207,17.46531996311119,19.82172807617279,21.35197693027619,-8.119233508510204,14.001058315797355,19.2859466416109,-11.721629379812635,-1.9672086849538082,-7.042142360310146,19.75936017447724,-8.219612068540814,24.03383931577617,9.92802745381535,18.071234428484985,17.92942867172171,24.43149225581158,-12.49110012385577,22.52046993587891,19.19290043965226,19.381725416279956,-9.123699952492252,18.928993534910603,-9.776724819975033,-13.77912461513533,19.848139482876636,14.713360254568991,16.916890143538208,14.577743750773488,16.571848542168183,-12.279142488042538,19.926041497455596,20.5699080333585,22.240824471501682,19.953973079358974,21.344345740216706,-8.228296498412378,19.08987252894389,27.751737005644802,20.093922887721526,20.28283140668783,18.063438343136838,19.915738772243603,8.580436239635905,15.561506661846852,-10.185791938738427,18.18380329624865,16.66337832771108,25.6245087406182,20.385855853774462,18.724189770187014,18.811375260657595,-7.03537723432115,-8.584003030228262,24.401967143448864,19.825239557461106,17.200268991291647,22.474085061562455,24.00728884195469,22.636658170495966,14.683198666024554,20.209492306213193,-11.175438788115091,18.732651598055735,21.156371362785784,18.97386457932845,13.518283654437314,19.315025542526804,21.283387889899664,19.314305995238048,-10.47549912716079,-13.566648290885894,-9.11830730403354,21.41826452129718,23.119089772649104,21.06690242651395,22.1960542095206,-6.461916530189358,22.676845198399537,21.581076485647486,19.84776478072649,16.499797431626817,17.94214014842785,15.689693219957837,24.538300970795387,22.434924216608575,22.211013838718117,-7.210697602485333,22.536660123607657,22.421598156340465,20.23306356714797,16.709460437269087,24.028737560275403,21.09789963799286,21.78446652519976,21.891484546328556,18.854514564059993,24.315788218239184,-6.374176062766191,17.88182493329794,22.052690289394835,21.568110434384657,18.509869918023533,9.967428565514876,23.97603747993852,21.574829268626335,-10.835070802619686,18.53459317633893,22.80627662218929,22.096837446447353
15.993439735171627,11.224814346758553,5.270845122719224,16.10897316423374,15.228096377467999,20.690816097029092,10.669476991676037,10.126682184649182,16.302165350351782,18.949216337355715,-3.5880929191740534,13.489641142583874,14.01930224741521,17.48248067674912,21.54704268554264,-5.7237493038125296,15.482598419593304,19.34778682260145,17.429223917725494,15.054143437519674,-8.520343030283529,15.62245326935964,20.57325857371909,14.885564146919512,-3.750205115355216,17.927028753180036,14.265852748971438,12.436010345981396,-2.606619603783227,18.173764145127294,19.219074584873667,11.463636419793376,-10.839248822182883,16.557599394904106,20.353389810170512,14.844314639527887,14.90996424408543,17.15877498025756,20.536657280596867,18.68276605402662,17.510071800343614,7.869917286648831,18.534819505617463,19.251134869272274,9.895931110634681,-4.495443628726737,14.264725553308041,15.36566891292105,9.98758047074546,20.788697675157405,14.92542465564486,17.095738720436074,-4.88535728539822,15.617735500500986,10.481138687406943,-4.46586167515163,13.123835613401745,19.93338161845318,16.267736182415238,-6.991900938919302,13.784650404169971,12.972432494603343,15.489844145011778,16.94128783024341,6.6815740156959995,17.855072318052823,14.261794113062797,19.487739249586614,-1.81482989020402,17.6423166511881,16.62597422657792,16.446733374866433,16.391802416679198,13.264624547804006,16.905767911580373,20.11569030398347,13.907390765545202,20.94833558134386,18.732650763202635,-6.993201849538038,-2.6177663042673665,11.694157414834176,18.949829708472404,11.900580684719804,13.84124214054234,13.686948311952278,13.919202451135703,14.343097195177616,18.44439852061646,12.91294005465566,10.493785174583175,14.239214686985807,15.922519694744347,17.23865834204026,-5.341130762030359,12.09337532028297,15.658000182230973,-8.836172819738062,-0.4871596407515588,-4.658367084132394,15.845164626629055,-5.6145852490159935,19.408711431426475,8.202468702344328,14.36203184731008,15.145647205930704,19.9882153303808,-9.080402017759418,18.312114217924833,15.424172389902933,15.904785345040004,-6.439841770986195,15.179356615937085,-7.428969002553208,-10.432153011636865,16.508467347641407,11.51355378761554,13.070645617632266,11.506256031545297,13.54673847102901,-9.289446274971546,16.23565524380249,16.21121987139644,17.685152629096237,16.278885531344322,16.764878455502437,-5.807394271366788,15.356748306662329,22.570968065227405,16.322408110808514,16.03876957993196,14.658179451794341,16.233716227305184,7.018078784043277,12.426250971176396,-8.121120609321292,14.78630175704435,13.257362454955253,20.887153879546695,16.323682509016322,15.177726256832514,15.421602972493888,-4.985120744623226,-5.512313031691904,19.55150065411011,15.989415666205398,14.019039168771686,17.95250018148803,19.64661194398777,18.596766135128657,12.023880682538278,17.09277177437258,-8.074220774493787,16.016685691000305,16.516922351688155,14.961323895306645,11.275548059343583,16.00750579904013,16.973833729789934,15.630232235810016,-7.758221302768682,-10.821496478003144,-6.350821643210029,17.214375326728636,18.77116748256544,16.976178291083958,17.841494000289615,-4.122135982819466,18.397333466888973,17.758874317916632,15.913831542265491,13.77843880134715,14.73940868412667,12.45856527426707,20.176280259691854,18.298567066858812,17.58474699857303,-5.019811739546596,18.6358291804261,18.772575859764025,16.68272018880462,13.45295591063781,19.580333836295935,17.799844290557377,18.31164187128695,17.5113674079509,14.885657601597327,19.747225428004246,-4.131966737943763,14.415897723890492,17.734142877663604,17.351319489606926,15.320344383605507,8.110680595274026,20.238522214528707,17.596602982690083,-7.818736087772159,15.78094969937279,18.036449535099287,17.77830683324086
18.206282457969515,13.006870501690313,5.295561185844246,18.835939626922638,16.97425588025511,22.9064927301377,12.569109879284769,11.270623520807028,18.47711858161996,21.157869932733604,-4.944881443868831,14.906799400965916,15.663075964822163,19.022114030688922,23.47442502464054,-6.936352922323601,16.969158626226655,21.275392590825625,18.329203530424426,16.62283993473845,-10.579437689111627,17.409772579326713,22.824089396875276,16.927711012590226,-5.329022294694397,20.35848477171043,15.988378443519643,13.224227543802908,-4.570198547908686,19.90236803810667,21.115705687831472,12.172430000565592,-12.941348912146822,18.469504330592827,22.342805854500227,15.95888413173989,15.227545592101619,18.278234322026645,22.82215092045675,19.534754651767255,18.761267163522042,8.611603839538997,20.070435578271688,21.76010790674396,11.643825182859167,-5.180516728113214,15.889666300550855,16.683308448790644,11.710388867543237,23.06850171199346,17.623281761276882,19.374699697272764,-6.003639386131232,17.364497559655927,10.549554263286952,-5.350633614517216,14.43036174766556,22.41769218569398,18.39451674724499,-8.06060281472011,15.867120009759956,14.104020165313228,17.260807814439385,18.475497012160698,7.458654365361432,20.070034487433247,16.074913566254704,21.457052755014015,-2.175669762101431,19.277334538846358,18.082152758867505,18.535699360189586,17.938376568594222,15.297300497101725,19.00669733611879,21.916893793841897,15.361231775143594,22.950910200727094,20.792884071574896,-8.863377479545898,-3.268340885093986,12.53347530505984,21.405953303725656,13.942574997127293,15.532140515414818,15.585013275515518,15.356249596099689,15.849886621130693,19.8142021684036,14.197627076006494,11.368601199611877,15.77056919810644,17.95925515003667,19.106895499989477,-7.406939397083161,12.189929887836538,17.592137274391792,-10.73145829900342,-1.5083751348414702,-5.972276560396642,17.88680459757363,-7.43385854705064,21.54163074442063,9.11750819260538,16.43269427568571,15.974712386023604,21.670329112026906,-11.323011673823475,20.366035806732906,17.174176176971912,17.527364434624758,-8.402856878968837,16.834657058882893,-8.550926495456377,-12.597833059282982,17.379026180384276,13.146970500902992,15.507545823060688,13.411998101441581,14.708975044088438,-11.197565622175341,17.628840297581302,18.299700682655715,20.049715119246297,17.844685825460438,19.02335287356795,-7.558243019500495,16.881004571428036,24.99622788888088,17.778369288164118,18.19562123756419,16.311375985887707,17.747620342815996,7.517600743322919,13.992375886015974,-9.292073885017713,16.926874081041344,15.45873139253435,23.09646723800378,18.1689333630747,16.767307274963102,17.034419710033962,-6.509540162345524,-7.78147338652425,21.978827105685316,17.652241614992548,15.356078558696863,20.29119676046259,21.418100701399304,20.31853794745644,12.963467779797243,17.709018831885533,-10.206083224467863,17.073119544980774,19.120496587157177,17.023222821859875,12.298342275086956,17.128796280163247,18.9017691695836,17.013861607766625,-9.364563001823893,-12.473737862863205,-8.322090628557989,19.129354779341654,20.56062362162663,18.724890711574226,20.26487647433362,-5.6954672742789665,20.314532633714464,19.28909065716465,17.589725586347306,14.575217845829345,16.04352321013091,14.227940352667728,22.022673199896285,20.135541178795922,20.03195771039902,-6.610319981519642,20.31718503692206,19.846116443001144,18.299725541441113,14.890540533476317,21.368509659259598,18.692783312889706,19.135409396874056,19.846071299777762,17.02631978014891,21.643632183815196,-5.753444873238337,15.83771550921851,19.647413054885476,19.46890723121944,16.83908267740024,8.805958165590829,21.562738116679906,19.378651056981894,-9.712911510130704,16.49864084295136,20.578346865449117,19.70621856657018
20.32580991575719,14.546578831443103,6.257485095277362,20.63181793157525,19.171270868909616,25.48216339923256,13.81223204093014,12.569444634831735,20.433786969319904,23.358268706551993,-5.980948192010271,15.896193824906456,17.99456327173746,21.251130254701277,26.250169676458512,-7.779940335770451,19.010140224402296,23.88993996411808,20.835566938214384,18.600586265142294,-11.861748041557805,19.485332270039997,25.548688143746304,18.989492009999022,-6.083928353144019,22.154691210673025,18.05451208135786,14.266327376197838,-4.921787083209911,22.459741552547527,23.219463332950575,13.955447558652985,-14.698359096881457,21.072062423965875,24.51238936706151,18.564253438215,17.404548387968234,20.952656159826137,25.481083413175668,22.105399873217017,21.086824006533057,10.040730735877105,22.491858634331923,24.27863958717901,13.056737567865321,-6.107411997146041,18.18734659076438,18.595836103815056,13.243692539777435,25.72178478423651,19.01015699925384,21.058547718531475,-7.039034719047573,19.779475723601205,12.292711289880417,-7.055161286701716,16.18787838316555,24.918674574185317,20.640530861691094,-9.269612287092734,17.122797143600042,15.949913587371471,18.864728813934388,21.002229214931475,8.037687130843404,22.398717588658737,17.6012922545563,23.513322214176622,-3.6467056873609773,21.481322301388857,20.122161680758783,20.777989813598875,20.391284477958447,16.98975219400993,21.221146473338113,24.594897980823003,16.913248363778624,25.4915947631477,23.051560421632008,-9.964665539831257,-4.708157558624929,14.506864703167986,24.09696669454915,15.390415081513668,17.628690348780502,17.605984680577446,17.47738535719051,18.013152143856406,22.07867449618707,16.185007976578753,12.547725491842813,18.01675528168998,20.00092566486679,21.458222173105593,-8.359825998823297,14.48721136151061,19.61326887283041,-12.254615175948555,-2.38224720024211,-7.402150473094215,19.605521261972477,-8.61457443315543,24.357449526639524,10.474821363084818,18.238012903407412,18.514259458401632,24.227221105344835,-12.835161953565251,22.58186431610321,19.46426392101113,20.005440928413304,-9.348351290828605,19.139332964992036,-9.676902390628626,-14.052136227113312,19.666335997684417,14.827661975634765,17.371814187430815,14.155747494956222,16.972301678111503,-12.817068451500951,20.089521124071386,20.557439105078167,22.00305731608997,20.171189901681426,21.066416735059555,-8.55136585654478,18.542403462557903,27.669133671104284,20.279132627713167,20.452318729579808,18.697809021904586,19.933579172214667,9.100734254647765,15.995959434366572,-10.13983848585906,18.426599075691843,17.013446036244705,25.82199377577587,20.76460491859928,18.971158038883832,19.111153435324187,-7.531470239969231,-8.419281127521748,24.04127239044007,19.96594603055883,17.388633530413966,22.036547642927506,23.83687251978646,23.019301177211513,14.912436893021555,20.224197287599853,-11.39987851750115,18.50807236354749,21.215993032281904,19.083638910871837,14.057039742449183,18.853875676336926,21.297942087928373,19.628291195815063,-10.740944619997325,-13.647007409073911,-9.556864675347782,21.233669601351536,23.067064166765796,21.297527524880568,22.00096411858226,-6.659029041147064,22.39140840986252,21.35866353630816,19.878286019831194,16.305208778017946,18.328166484528552,15.631748111345697,24.256002671458123,22.43480963975673,22.364927201776897,-7.6983238863727825,22.59477766284038,22.4630618442319,20.900312725573123,16.590168114996693,23.68792253301307,20.94530691068764,21.523756694262364,22.138396481853917,19.387675805245156,23.997047165471795,-6.60906233588604,17.94204101124031,21.492977233531963,21.657608936264857,18.756573028439213,10.19282445343261,24.234801539308183,22.002154888320455,-11.06854199681001,18.376679818782303,22.431524181639585,22.358700251833216
24.45161441697105,17.466735222277766,7.514916790020058,25.630753074875198,24.14671641206063,33.52916863469215,18.897198511337134,17.60024211654403,27.219052910430797,30.791844762468354,-8.567744154631397,19.708516674842535,24.630686382136293,29.431471539898652,34.711014072363255,-11.92883413203361,24.34936773825733,29.339277855415116,28.590587796378735,24.403110131865162,-17.225155908752757,26.410365817882308,33.39715093377328,23.53753905630054,-10.252249075691417,28.82263939070944,24.964340115465056,18.333714164182545,-6.668225235321299,29.066977014859976,29.236588473553297,20.09883552073366,-21.105180402340107,26.705405374580778,30.56973428452764,25.379079259840086,23.978903249186093,27.68791684979745,33.06096779824098,29.469285897376192,27.467712481654857,12.646286010865582,29.824388872456854,30.902076893802494,16.19604766184293,-9.065780501112329,23.00895662936774,23.821219070272203,17.773227366789083,31.595148914761246,24.086176173379844,25.65278002734387,-9.939115187016291,26.797707169668268,16.333907522114092,-11.570750517201818,22.45159257403345,31.155770939585224,27.816929057466176,-13.236738793269431,20.305522371820146,21.812886107887287,22.597837674715787,27.771920026870923,9.686751568155728,27.1752829903545,22.14227114478735,30.14230498567768,-6.14695284410816,28.777914614310475,26.833710742582895,25.584164512606037,25.605439491993145,23.21589782368789,27.592532425856216,33.22377347044671,21.90024530340101,33.456916699353194,30.676238944358214,-13.989124640969498,-7.671741059431545,17.088253574377017,30.179595624018962,21.00314246518431,23.743690574125853,22.96476151527001,22.876252989613135,24.220009072548116,27.86627040426571,21.148458120052023,16.056111358595405,24.165243201181603,24.322255020466287,27.502388786288996,-12.288880856240658,19.61430953416796,26.459107010831563,-17.92184809279372,-5.068642954855333,-10.994016043341537,26.14830563695801,-13.174116098928742,30.40574201384152,14.045610786662047,24.736178803288812,25.40701734952413,30.587859386239604,-18.55520204384651,30.293398095775206,26.400885744042043,27.63587312621939,-13.521014945380406,25.235666377735157,-14.922604927576,-19.617997062913258,25.359490610651726,19.42081251913862,22.277374121554548,18.69031749647697,23.45866074746876,-18.994064351917643,26.148615386528682,25.498452710004173,28.6422634123036,26.89884535716746,26.29588529245555,-12.662305971829749,23.261586187273092,36.033632703272744,25.96859601018744,27.7524445044853,25.488238874461555,27.226265840310973,12.571415044745844,19.800423815699084,-13.118222193414741,23.671475420145164,22.588107668666115,33.54900215045542,25.816927256617664,24.737796382842383,27.033603396067555,-11.689959212489113,-11.24382150473903,29.74857257397928,27.62021912848802,21.938138153370932,28.987512024636434,31.615675408968816,28.41016001088587,20.07659246768766,26.732509549171276,-16.97989935813623,23.389140445287733,26.556706812309596,23.896705087992196,20.2923092542001,23.90759119589907,27.043082396147113,25.088074382154936,-16.34291619028093,-17.818485073400595,-13.741341747823597,25.753251110786444,28.702168280736274,26.49067482489833,29.38575458186532,-10.895504855946749,29.72371127115306,28.636465029455238,23.709492189772405,22.398332958356836,24.472757732783645,17.46799377755148,31.553864837816782,27.768601098882208,28.432255251571885,-11.987643476220102,28.452946383222514,29.83735052311801,28.203087128215525,20.489524814401413,31.206276485736893,26.871352282591992,28.63974513825679,27.72730545068771,23.897616268491685,29.839851247491023,-9.513587752965348,21.78429683789815,27.097926688094685,28.261447705918354,25.184171284534845,13.537868401639452,31.62777693497839,28.366509880185237,-16.920259665701312,24.15585574343988,27.7692598730682,28.203828067226194
21.669524036118613,15.501976947658296,6.381577686378933,22.21408396263872,20.560199016120972,27.381089016469442,15.31323792645473,13.738418646406005,22.15926280602539,25.286645887013993,-6.863848707531098,16.793104225927294,19.7424507397677,23.00641984488273,28.1300138406109,-8.764223442613185,20.2872784633715,25.440634903991423,22.38761860407907,20.133495436076537,-13.419342360979323,21.30975580772902,27.488326291256357,20.2442733109468,-7.220771134822902,23.861613904918112,19.850123789297104,15.149420412709704,-5.722154272664717,23.978614520810293,24.686175155777057,15.262840882689012,-16.380047726240566,22.560825098325054,25.991101453702957,20.19143816191196,18.4631733010074,22.405721578064462,27.284449110058304,23.46295116239864,22.529960737598078,10.814397854070451,24.037705962360526,26.057329440481336,14.076348779535158,-6.77264309742158,19.67021148532656,19.84683891181611,14.597334175664127,27.24079962961752,20.566326547442756,22.34181027966798,-7.717183401477679,21.528389990431172,12.96380835000674,-8.277669374246438,17.77423329699705,26.674408921737815,22.492906129011185,-10.320253691988807,18.2540918467123,17.124036085436895,19.987850543085894,22.594401028742528,8.646886696049341,23.87940698940411,18.793557665796996,25.0769652230358,-4.3257681727849,22.994145340374892,21.684471618548507,22.179390207287913,21.638934455935615,18.603782822350183,22.985704654042166,26.526383435098133,18.19828930098031,27.25336735938643,25.011219533222107,-11.199290327845496,-5.628128462078675,15.254336857975305,25.909004936539496,16.963893735126074,19.22576071793736,19.268909561205383,18.806493126950517,19.629692170824647,23.36781409980289,17.19017417183929,13.41372184599201,19.574102059251153,21.24821973561252,23.157996601873048,-9.654106963474545,15.48403526485802,21.406477817140473,-13.813005192500635,-3.25482474929793,-8.539455924626653,21.401183097237592,-9.951818516341406,26.014572044602396,11.332195929827636,19.999951791960893,19.97433500364753,25.687946565005692,-14.526027019235887,24.350445778893658,21.05576824366883,21.795708936253856,-10.585668647114597,20.688012255115716,-10.9053111056375,-15.690001048323982,20.74287605075539,16.00417451456964,18.898448994488028,15.505949772750443,18.216944795382396,-14.494359666912116,21.394010344528702,22.149053991850426,23.703055641241033,21.89900990076732,22.57586235602904,-9.734853211701413,19.664124268324493,29.692784887811612,21.723407612186627,22.325623878512733,20.389543209829913,21.53826097559574,9.8145059280949,17.189516944095654,-10.89986139640887,19.940210413894537,18.65844390898498,27.77046867462483,22.27839714325461,20.528196187460313,20.935225933864498,-8.698111806998009,-9.491437475945546,25.569362514974305,21.819781281912952,18.544171939663467,23.786171662319454,25.638759267638424,24.549423798798376,16.007956175798242,21.46380960820093,-12.906383117109518,19.45427197339895,22.931841560868225,20.470138817268076,15.484297459030032,19.77351028295971,22.866709700894503,20.989724386657144,-12.162113871622948,-14.71696793981451,-10.893992195244545,22.54139775941542,24.49721668675588,22.690611233409086,23.8210642495766,-7.817934443332637,24.100463678999066,23.09069884507551,20.985690137832997,17.49503314765941,19.82887638963195,16.549777232939444,25.883372453718277,23.906436394700243,24.04619926214146,-8.937447609456214,24.042598435541883,23.909792056373703,22.67175896134007,17.81062934399589,25.392318791688957,22.243456136220612,22.86977476245628,23.701238456915814,20.918778355121525,25.43137142829253,-7.463647811771848,18.98497067527185,22.815533547124524,23.316012327743326,20.224404613059015,11.009211333036722,25.910700222492363,23.684733815429432,-12.64243390241233,19.41652520282151,24.045977554750007,23.96520768262318
27.769236041023593,20.03429375286588,8.056809186550772,28.785779532878006,27.014966319039935,37.81949031085202,21.11521397355004,19.54653847916226,30.228523056675108,34.21851211199217,-10.708964897700943,21.501779963239667,27.837554483038275,32.38489125419663,38.637257255381556,-13.822687491587915,27.443779773876237,33.021193232072456,31.734299338253948,27.824874546888935,-20.439432066880652,29.501880124725908,37.63953219983604,26.32334385107164,-12.535669916673122,31.760482800314854,28.391672487668366,19.323162590906826,-8.900091903993776,33.07286098358785,32.70205537019798,22.425717550902775,-24.660986149930086,30.060473919651933,34.12778157459607,28.91774122037285,26.08547756990991,31.20571214200864,36.80860545980462,32.3218684886271,30.87116627381499,14.537036976515061,33.06740867233774,35.02930193088362,18.81129333986071,-10.876104106150557,26.734632925226606,26.229336600788493,19.770072476227455,35.216409320163365,27.132690943574403,28.697920986891518,-11.728498010539715,29.842189682918004,18.246250536899062,-14.304566504062347,25.281761705138635,35.164971403359054,31.77439177779047,-15.203811981984726,22.895079605393462,24.08544399983753,25.55410463221046,31.51813112665285,10.801102075365513,30.80307062658931,24.780663431802022,33.34999886228414,-7.904237278046238,31.91404803382575,29.408564570003144,28.875893582508205,28.25262119611963,26.33739472171117,31.29126840097312,37.06138336846613,24.086839846813433,37.128664354050095,34.23930340218629,-16.9081989515608,-10.363215159131824,19.751163894548732,34.40723118582855,23.4595968214352,26.173710462984562,26.42362580875725,26.200454991340337,26.98456013816002,31.23605347499505,23.34641994250383,17.242310199159895,27.898600420685355,26.834609766382755,31.0167620023246,-14.875602729780171,21.87509839074928,30.019356139505867,-20.557545376330555,-7.08282913911899,-14.237199203824161,29.357783971171436,-15.875056736907302,34.535974746094084,15.192640180597984,27.396316921392682,28.46234888636338,33.66303079218159,-21.76395013694254,33.28221126683259,29.60995947553161,31.299971524738886,-15.771351095327152,28.474464170500912,-17.500965219007288,-22.4539687600913,27.975279882908882,21.2315145236579,25.526560814692104,21.276097440420173,26.372090399055175,-21.96123538683186,29.685112022112076,29.253525640513587,32.571206379666016,30.745615751081203,29.450679432877383,-15.321399244796332,25.19412898765216,40.10198920008715,29.331831220582664,31.79663918756649,28.985238580598455,30.490496725296296,13.803480822915215,22.781463085613296,-15.146481593720846,26.574290070153467,25.701019805613175,37.63372508479491,29.658938393013038,27.878258426356847,30.23206741803953,-13.755397420532525,-13.964188214555477,33.03665801103138,31.446610867601095,24.89514259672071,32.60564279824744,35.45979998210551,31.999781221387703,22.08699281736384,29.54465744514027,-19.61083225405946,24.898996496791618,30.535634161490346,26.330108175905693,22.710454129107937,26.44858847866059,30.279141121103336,28.655852724850014,-18.94200767470655,-20.105528900180346,-16.795269986566517,28.741816736411405,31.954129834863604,29.65328602862008,32.93532171815627,-12.929154192960485,32.94545056514007,31.676142007946904,26.53667199629471,24.741261019450512,27.452359183672854,20.42600228076832,35.094675436130444,30.868081885895247,31.72589132382744,-14.463702199758131,31.869389028121972,32.90523104077664,31.69388503042563,23.255761056945325,34.909815069926296,29.77349192729202,31.53612805634398,31.507496954399684,27.642410525323157,33.25625422993963,-11.68760407848977,24.02917552500199,29.849981070590953,32.25496013855975,28.218039369228084,16.269357278091896,35.00075067850227,31.815263361643666,-19.79562914523901,26.879862086727538,31.262078105958572,31.79896635555849
19.812450519910243,14.327733529804139,5.761429324922947,20.682260162139045,18.650448658993962,25.050278622099892,14.547207074795747,13.043816919019203,20.345580139904104,23.436141534197976,-5.790513158454626,15.61412495310764,17.806685205521777,21.241440083214524,25.666519992729224,-7.899850287963035,18.753631153337807,23.211298957640242,20.46006429420598,18.64427601115691,-12.37674943567034,19.711654562210203,25.219021989501556,18.42238275242072,-6.665339480913171,22.028110584422823,18.335323840001653,14.10681603857805,-5.191147677829909,21.53190012549004,23.045001552570206,13.887255618979154,-14.809696080914517,20.322707625519165,23.82166024831908,18.119346770668592,16.549385187855943,19.95730490206847,24.899540568967694,21.05527406799459,20.440983894378807,9.571176330652257,21.820463652155613,23.823241884764244,12.994172752133023,-5.8441004093822055,17.848499483931022,18.261877033390107,13.469573963974437,24.726050686874345,19.1681527425236,20.736067797243805,-6.8538216531856015,19.603720413104618,11.664056992005058,-6.979411775317456,16.693095753247174,24.418631940206122,20.68672221937586,-9.193526733927294,17.1340209244689,15.296012006126768,18.44226675392279,20.260781638601717,8.21652004784,21.75578651570435,17.10933765939595,23.0086153047566,-3.153213704081138,20.860509656594783,20.228377537506674,20.033020325390336,19.36449209402383,17.381867338917033,21.206106016359957,24.45011887505371,16.72361445082434,24.91735386241492,23.10080392142714,-10.073948482376867,-4.708491789944836,13.612623902560019,23.70081566790201,15.802607618071148,17.46518662980423,17.860933301204238,16.98300806031932,17.878241431371364,21.50781930362685,15.376670638088719,12.521699125427777,17.913833989831737,19.365159486809954,21.129965242959614,-8.72660157707174,13.794920573451234,19.97174083871463,-12.526682371376797,-2.458258839552868,-7.335959740117565,20.176112255236614,-9.003389563824815,23.674533214728594,10.22016736324452,18.527282546719825,17.99095682099669,23.232673741997424,-13.299903857689847,22.35253129810702,19.011730710982185,19.949984044764648,-9.68927354873926,18.690216788831115,-9.95755593304854,-14.483659135809093,18.57786221683999,14.297869869406094,17.304179719473517,15.00081871583518,16.23653423453878,-13.275802907894937,19.132094091144964,20.06470829064069,21.79292294307418,20.065814843081323,20.50217264658145,-9.041075665302635,17.91923780361106,27.41232503033136,19.420064514389225,20.55953929735784,18.7079594733875,19.682111613504933,8.39446771924371,15.622293888676099,-10.279426633931646,18.983833983100855,17.64399836264622,25.544892174358782,20.08682056698624,18.697101134413426,19.370370445362376,-7.922032265020349,-8.695147143923625,23.44966103290937,19.861350685551855,16.7399442605849,22.091135266545788,23.618297360651223,22.370229832232823,14.160840148756991,19.23432602509501,-11.850223418307612,18.133325337701486,21.102944711825316,18.480024249189047,14.3326590260541,17.885051969218754,20.71662695311979,18.708330671848522,-11.057815056021097,-13.784500323835282,-9.975095472896983,20.56603018348293,22.20750670466815,20.43040886238156,22.338797891143372,-6.795085326753099,22.143557565084304,21.356605719061694,18.88356301028877,16.013719361079115,18.01065085319784,15.3090876640376,23.818833701518674,21.938862703453765,21.93707860547656,-8.284622323220841,22.18356869094042,21.598359210677184,20.87595418489581,16.300339366858818,23.286415583067303,20.340331174505778,20.790646820355267,21.798096064038372,19.02395971867749,23.055059720261994,-6.755328764709424,16.979429337615947,20.878669541361806,21.43053238316085,18.90823106095317,9.869979768488193,23.921415090558742,21.667671145319648,-11.477957437077237,17.721656068841117,22.283555830655814,21.64820852846061
24.630593421697107,17.83299857353595,6.639825360118294,25.396482012331965,23.59318628746748,30.70112367086569,17.55961941700096,15.143454780904795,24.859485979817485,28.538781584584605,-8.94248241587754,19.226853390008415,22.724542225532836,25.25472884917769,31.176340738898194,-10.623568564145478,22.11888592347014,28.548339838719908,24.447718039647526,22.849084345859076,-16.316385032231562,24.08190627960032,30.694334033130524,22.583107738137524,-9.120286691015552,27.304412157653733,22.830908357629163,16.41121159440755,-8.10889234138633,27.43782549966902,27.511598158664835,16.81701917133636,-19.157256612812162,24.789515305096806,29.224382634029762,22.748039960968015,19.894541001572655,25.243892704591698,30.693674520433834,25.41260040249542,25.431533031207035,12.738219200998739,26.562989937679433,29.29932013324044,16.425744178594144,-8.094209172096578,22.705303594086978,22.086162776661272,16.74205149932446,30.40582040531842,23.950510524196165,25.60876390803735,-9.471042006335422,24.22694000603991,13.84861377219799,-9.946084115309038,20.220990373460424,29.99230084561593,25.760839530391536,-11.91150152949903,21.510202555333926,18.757768016364338,23.146337672458174,25.95919336108579,9.914280826073108,26.831878462494526,21.84890181418083,28.584014078749775,-5.33436584355145,25.730292681879156,23.89066343533358,24.820697968067034,23.697857284816568,21.349479143901824,26.389112722407447,29.385435352277007,21.100028566940313,30.0270513214482,27.89339293113487,-13.513889929049904,-7.41755862655157,16.99943112804471,29.42597052016365,19.74353054610928,21.533501609208397,22.293622831078363,21.777365123581852,22.343926221410292,25.542853163003354,18.406476722393315,14.784090182974747,22.178245141385997,23.518684751433135,26.175949246786228,-12.417877113614773,16.748766390242704,24.622316502876927,-16.009986664369173,-4.976115788821739,-11.142964334094858,24.523448686294547,-12.426407728656077,29.33339252551283,12.746355985114585,22.827789814031377,21.728054316701684,28.015039050962823,-17.47780584629104,27.25578411601094,23.331604250468096,24.55406924241444,-12.93207545102194,22.921583843607348,-12.998816685185945,-18.482920590290185,22.391638886673114,17.726680994304797,22.040712659355115,18.33067574870479,20.11380451115771,-17.010324610250027,24.222494007351937,25.595386012884116,27.412725837274085,24.962191636797755,25.58696889554427,-12.104221517994983,21.942987913465927,33.24141205625772,24.957442565616358,25.416820228465035,22.909301057590202,24.05982742156169,10.674547104221075,19.854458150709227,-12.467592997478938,22.748537611225437,21.749051859005167,31.393217158309163,25.153583670695447,23.479627258670988,23.513137399612813,-10.537481720001077,-12.389841236422248,29.086838748698813,24.948073163009898,20.958616400572645,27.291817469126435,28.308313371284694,27.301512548507148,18.05940780255227,23.591336483855752,-15.545414476906567,21.45367722944703,26.47269674735086,22.911322401222183,17.14234149529761,22.000839802905155,25.45938822466175,23.254170894777694,-14.305616251866685,-17.00155927909678,-13.400194549052301,25.07442458976881,26.77094377420983,24.80785312780562,27.10350120783097,-10.051998386468416,27.146820262071518,25.711899285948213,23.109062297260774,18.82827239449199,22.300287412349082,19.60342399959356,28.982127462076363,27.043518671360623,27.106819050452984,-11.14025979880944,27.314274169356267,25.686601598121417,25.058889375648576,20.69841634909944,28.29885575670828,24.639678203994038,24.872284204972637,26.58984574381031,24.192543511281652,28.928258380369165,-9.505137205728019,20.80225723250544,25.71368973238489,26.642703100418057,22.72347321141672,12.608098712530722,28.378275140082174,26.103356862651882,-15.163195195758236,21.30681585841014,27.570941069336566,26.475944743808704
21.93177165502749,15.90569884284819,5.60489241758546,23.419261144211482,21.430387487004065,27.96411386635206,16.979262439559356,14.154652010152049,23.587073327284326,26.304347918081824,-8.513557877305008,16.99701428214182,21.209172388865966,23.925385413651146,28.5179736413889,-10.344894144050443,20.08707295001416,25.31838291035719,22.393810726594452,20.36685308031317,-15.782011641453552,22.464252803436214,28.090489027171834,20.79402502680529,-9.599323908972412,25.357340807653138,21.27567138670039,14.620079471291447,-7.784204906611046,24.330560595485508,24.44455669162353,15.731997730884784,-18.30226291725707,22.947834955374034,25.75806027021669,20.65508387592346,18.27467176754969,22.448912016947357,28.096855617338857,23.0727661294433,22.317987012396692,10.946747237747292,24.282092974343968,26.722135597265954,14.74414846236829,-7.63257107652247,19.952281822216243,19.820737552573178,16.476800114927748,27.04855041799279,22.202946964653233,22.774100888639513,-8.946085422768109,23.02234513278171,11.937523812338258,-9.997559312340455,18.828150703754638,27.18568428195181,24.14953161268253,-11.443008553615888,18.986497225525852,17.484638872938863,19.974075334319494,23.41679296344514,8.683484162972835,23.96329560104736,19.447771111474964,25.51574842125576,-5.291706670493807,23.763197877029956,22.02924904624417,22.452302205729,21.645909318736145,20.123980034507223,23.90818609595949,27.17677743340245,19.27621659717526,27.514612244399686,25.78876088631182,-13.043036293861055,-6.867860733689485,14.015401590235033,26.734508693788612,19.181049726094923,20.677706113574416,20.226955514074277,19.371687350656057,20.624355001428324,22.43818170455834,17.122245774092033,13.34436438256747,20.097196475440256,21.5172829466212,23.73703197650659,-12.39259107150265,15.042059480800877,22.46886970847277,-16.080756685686005,-5.546998129268644,-10.410030594740583,22.548065351051243,-12.54451905759338,26.042169288799386,12.044394749062327,21.964020746663167,20.04048854142015,25.262301324294878,-17.123653703501827,25.749091162507998,22.07575876059556,23.14680589517221,-12.933063911613356,21.338318400226566,-12.481481058020131,-18.07045529897058,19.837121606877904,17.173315395643563,20.650199708381944,16.684444586912974,18.829712499352354,-16.97349427042108,21.52783934566981,22.72363445202348,24.87061192996159,22.536045185921644,23.272834721518432,-11.836173090393569,20.050621886568095,30.393748012904307,22.016910680640343,23.707845121933598,21.476572834175457,22.221955452235157,10.05201419566795,17.469198731795654,-10.96907074440506,20.734029677310737,20.09629508994117,28.50959453235479,22.396605981740702,20.922387424837883,22.502714064907913,-10.809481597694788,-11.660873502021763,26.114041989121958,22.9963303563607,18.384671948348455,25.031023113010196,25.724819603117165,24.219762466896857,17.04630803791475,20.976763153886328,-15.613414874434957,19.18895674403994,23.90440443732006,21.4339205709234,16.323956619867193,19.365209934498797,23.29003611078407,20.742731467594762,-14.446483321739564,-15.306708830046619,-13.221589936791785,22.239741174033885,24.085119095997722,22.56824718847859,25.078998721927963,-10.408585041407397,24.843896043065808,23.55195268761407,20.452949303240946,17.1746149782302,20.29776601803187,16.347497910912164,25.931562965664234,24.11503636613708,25.196934782246217,-11.15431621704451,24.27948274651945,23.396306323595702,23.367340226984584,18.026511170007584,25.686646881137417,21.63796976097306,22.308160100813044,24.202062300118982,21.71928895044187,25.531003201478264,-9.431512294048455,18.669154322309705,22.977236064696363,24.058158189211092,20.843508378509025,10.782925858864122,25.620228040566353,24.04152131970764,-15.420920158285975,18.8057966912892,24.8835681583887,24.000072847722482
25.90239412804238,18.525301840676324,7.159240763465357,26.380210571239434,24.428543726891462,32.260603231656454,18.197506232592474,16.06388289750305,26.351345851707848,29.663843803296487,-9.139002925718918,19.688151731672974,23.681027247152453,26.681434040527108,32.830178796030225,-11.130552542715657,23.717590177596577,30.131947022981002,25.998348418076183,23.716278214554883,-16.661613471291776,25.153699079707938,32.440596348035974,24.129839379302883,-9.358789013136631,28.302570180574904,23.57893060917122,17.152020344049294,-8.033455758224315,28.588918087221792,28.611958000358445,17.99176052703569,-20.096182148577213,26.73069193483488,30.463219581742575,23.887873342954695,21.181764062764067,26.63217546510859,32.15556982762078,27.296440446935257,26.703472690820593,13.203686064281317,28.19166721922353,30.978459669836223,17.011572958213367,-8.589545796265677,23.768622188223794,23.04719749412649,17.558279905802838,32.12486855496689,24.670210241445464,26.34219691625165,-9.883452175584582,25.556055710143266,14.807117202653162,-10.776280523751353,20.779471025344833,31.667257269223228,26.831506127793272,-12.71758992835727,21.73745456784071,20.074421247880185,23.677713952007924,26.935749969451173,10.245253334445753,28.43597696994385,22.452495755883078,29.545246814571858,-5.921877695247567,26.90221057952674,25.181429685967455,26.5403653224017,25.564144466195263,22.17122720966098,27.132193410697166,30.8755577739046,21.474540340872522,31.94356035446043,29.455621207362302,-14.136331077236834,-7.641133288690056,18.036965270206714,30.917744390592812,20.313741738558452,23.008478592216683,23.096163788837014,22.62726296848718,23.31312872390614,27.0835056846099,20.24289389643105,15.627562790482678,23.209139305109698,25.06195548578884,27.410898475072642,-12.554910362905796,18.051731285679445,25.31287080444803,-16.91401265882576,-5.0512480328551534,-11.463257950430057,25.421422559283492,-12.841127616014761,30.934353318476045,13.34250048286866,23.84315787937033,23.27673870341569,30.106588656245933,-18.143113174569244,28.589517626544698,24.98624497319266,25.702013815084175,-13.392632617779077,24.643729378645453,-13.441702631493351,-19.20303845176093,24.29892099240133,19.21277090049759,22.984644009568576,18.498007738407228,21.510910813345998,-17.7514058748239,25.42672137828835,26.737944949833217,28.1572722471501,25.905366732885653,27.10554800744187,-12.28392477638178,23.284165364441467,34.906699131074404,26.005862107409296,26.696723170235863,24.206008601509645,25.302474529949844,11.824028702434408,20.508552778468225,-12.89815514033763,23.41048443848675,22.308970512083782,32.82806215330696,26.704368426627838,24.448966311140484,24.600578217699894,-10.798528590895604,-12.52244120472951,30.272609466243647,25.979687896953077,22.12261558730896,28.14230780470558,30.0488258604996,28.90031623108116,18.915267589001804,24.8484060290052,-16.117071669592313,22.21860563198273,27.704525777949186,24.49770348909842,18.059834737457155,22.981206486289064,27.24457365688984,25.099995218829363,-15.073270204222018,-17.552139456645424,-13.922587979406236,26.717022049166747,28.796314267382275,26.84993607114287,28.043480307376697,-10.33967657074764,28.29296292325053,26.987776330357644,24.971044842680687,20.148223838279662,23.37311874913077,19.919136691824715,30.224410700897725,28.175385243034288,28.77750063629698,-11.277445532485382,28.141914093564417,27.751228812498855,26.540337646378596,21.237517187031937,29.738442648126163,25.753178323089852,26.458798404928707,28.084082547364204,25.21304021827183,30.03724065511708,-9.713338599492806,22.60454540132788,26.964849555615274,27.72988205934308,23.495262590633033,13.268308559470361,29.797815605326512,27.776486374585488,-15.843815486534266,22.35974145544179,28.617650137833255,28.4723504853944
26.138543466746928,18.852955286099725,6.685255144958611,27.581049415590392,25.341413651054292,33.05137878639261,19.691790409568874,16.376017476125472,27.872976863451207,30.86488802962891,-10.193731850683308,20.25100477577667,24.93666489200746,27.923549822684645,33.6436282981222,-12.354213703432773,23.748895313178092,30.1191971258303,26.300320658083947,23.88968178581496,-18.395103233218375,26.22516796514291,33.17308997913783,24.779420023543008,-11.111735819908892,29.956986682778197,24.798976586403924,17.253201850160124,-9.328781569771586,29.06153341059339,28.717588667454358,18.510015415311486,-21.505163886061776,27.313619538658276,30.65069179283181,24.29607885118869,21.623598905789095,26.818701832055016,33.205548124942496,27.43113801080272,26.61204202940434,13.1227391974327,28.782064051818217,31.778654400679464,17.477329573620946,-9.17413935673386,23.70280592113606,23.22439955037415,19.267846090490032,32.27710044971123,26.250238584733168,26.992025908116283,-10.638540109640008,27.004461128465476,14.124019438879094,-11.850199735188745,21.813741174361187,32.33574603247064,28.398648977949794,-13.589214695723609,22.454279691471623,20.7211559479386,23.804325953780666,27.81904918670217,10.353551301247755,28.64800636997169,23.145669603954698,30.27560444324194,-6.410910671793583,28.1080232233457,25.68710658194731,26.894869015793827,25.896401186897112,23.497586161961525,28.062083800608843,31.807299733166502,22.71120714274985,32.61040764058656,30.298530916137217,-15.506480842520933,-8.126522305686656,16.84682080184915,31.694953757295895,22.364136101550653,24.37279281628523,23.68411730088085,22.96894172442465,24.21213907613395,26.573386250065777,20.410386587810795,15.615758155121982,23.562014721419555,25.622967164277522,28.093556602922355,-14.580848929775772,17.811497442178577,26.211716868493273,-18.755278803114223,-6.571624811099861,-12.499069309359738,26.4025763672565,-14.682336157294689,30.973918332565244,14.128426889566327,25.7294818452598,23.551389032673207,30.12551559334676,-20.045167759207718,30.261096644602972,26.08175512280447,27.042804041078057,-15.174900646478203,25.31474723922486,-14.674640804244692,-21.132086183882773,23.759288226968668,20.483672169408567,24.392763929865616,19.517311919004726,22.315994153401586,-19.739907394015592,25.730319809942753,27.134467431666142,29.433803124163273,26.51990768217754,27.82326993116948,-13.760140863724278,23.978411613473572,35.85321852396859,26.295957207547588,27.926638764833665,25.20634176926647,26.174393356092427,12.03342138926524,20.64163174490475,-12.898735582592726,24.230797522406064,23.414278812946847,33.60851832152711,26.683436644489863,24.697221019182656,26.174370501542,-12.479168404916749,-13.916487453391017,31.09690143270163,27.038856182170147,21.848316756224705,29.549324094288348,30.368848428815323,28.722591594869012,20.20184818002795,24.907753954824045,-18.213326797427044,22.595600076907942,28.387128838362642,25.54407114940253,18.90136907588607,23.104325572026777,27.773422297584812,24.82461712030823,-16.86829676263309,-17.96692084885077,-15.529488728729435,26.5911371879567,28.731829491899312,26.92283757093084,29.411651044368476,-12.277129942261245,29.313898313844323,27.676064205450295,24.61902909193487,20.23945375884412,23.812496489972048,19.59414977457758,30.66790303850687,28.576931960541092,29.918666171960712,-12.836157735452185,28.687402064758643,27.76295970619083,27.30935031245535,21.4088021510722,30.34916294442687,25.58313209175764,26.398628707596817,28.72356909914462,25.753233039398676,30.50228665977182,-11.171451314376299,22.485832885493252,27.411874526151443,28.469914760327345,24.310376665763584,12.844671337026613,30.00311727286141,28.302710701189753,-18.02174356180847,22.261774280515517,29.52857896242828,28.60070996277916
22.26975072465938,15.89145740107988,6.673947265915077,22.66412630817857,21.04610569652946,28.061743407317152,15.591038817870162,14.155812090787103,22.591164101479634,25.806740719170087,-6.90424799763947,17.2502962015097,20.118709658592003,23.512336147905902,28.947265611735375,-8.960508135167007,20.877624888013813,26.074385003056072,23.115858642968895,20.579813634707545,-13.508499207142266,21.76642553459308,28.20482184585011,20.63713216131152,-7.270478082386965,24.399504543702502,20.203922918038575,15.573754706905525,-5.6603597137925945,24.73437873713974,25.346757887327136,15.709144615001518,-16.598340883129893,23.12479641689595,26.662550341131226,20.68272571591932,19.21278645899363,23.13888193850983,28.011968900416573,24.314258429766213,23.357772478153443,11.269771519960077,24.730918294403956,26.70732420042096,14.401054781987702,-6.956435007065004,20.21067571037158,20.30798981445661,14.774953631492854,27.976409741314853,20.983816249643947,22.91115890294857,-7.990498237476216,21.92834727163376,13.405237116416007,-8.45112909234464,18.16109447386021,27.279845069743324,22.916149303263417,-10.51969798340261,18.767761603678977,17.627924398182873,20.459142801409595,23.30474003937492,8.927638939672557,24.446284581443685,19.32342207845635,25.877972464546797,-4.425113096371688,23.721420478847335,22.319581504042922,22.69565676039705,22.191406293065835,19.041068916364733,23.457369671081477,27.240210239649095,18.61402760611097,27.95891621467042,25.560936447983668,-11.309066645088102,-5.726939163862631,15.686740034740085,26.50458331535834,17.224561937803536,19.548737735508844,19.622719466453304,19.298320208405208,20.028347063176504,24.10639904197758,17.743597804397034,13.792502489695924,20.037377548716208,21.69279693336173,23.666742888637152,-9.653534013494328,16.17246576625274,21.95590550867128,-13.96130579252731,-3.142719725899256,-8.732885592310838,21.920964524779396,-10.039584519409074,26.71390006651858,11.543000406022108,20.28805207055008,20.58024615172106,26.453816887347177,-14.663707299360976,24.933893839868876,21.421420287097835,22.22447351012396,-10.71084200112132,21.083419699584052,-11.126605632497,-15.882458052115522,21.52559657467134,16.262466417314997,19.162716629103663,15.866176156849965,18.826975762013095,-14.679881650284369,22.13429504677933,22.675462841797778,24.29581394774771,22.470187374612834,23.15172218408991,-9.836806217219374,20.270711865091528,30.527796228374598,22.483845560451527,22.90144833654783,20.955304830221785,22.2161724921766,10.18809770199259,17.648234465345663,-11.1021902994295,20.414661462761654,19.103387463329266,28.508103977632988,22.914872061614528,20.980621500405142,21.3494021245543,-8.69126849526102,-9.51936107944296,26.266442222336757,22.381153122480473,19.174380538561792,24.34730824274569,26.329198943313443,25.200350696091018,16.549551338113208,22.23631574965747,-13.038037841045123,20.034875415865088,23.50410356838625,20.862516165254934,15.835867198183632,20.38310882562264,23.41928561925543,21.63886921628617,-12.32338494839617,-14.978995123964774,-10.980045490236122,23.11573938395084,25.1924675904465,23.284422265768406,24.449798943055104,-7.805409500336055,24.765368528683485,23.708443385710364,21.578726647744414,18.05081316196612,20.451240714845625,17.018829310179676,26.696650920084966,24.555568223497538,24.558677883031397,-8.928795145712787,24.787798097875093,24.64742456148046,23.237834244281757,18.285807352184346,26.117642348518444,22.901050979565525,23.70265147546979,24.33062131080148,21.308818099451752,26.234524682945967,-7.492525532023825,19.534130617667618,23.55122629359413,24.04036185550865,20.817635442226837,11.271771207740239,26.664070507947972,24.2033712457184,-12.76432457800173,20.00917292375844,24.63546159584478,24.587048236688368
24.971004496631963,17.928883520289478,6.9395657649840174,25.803673535279238,23.85620320067676,31.377795153862575,18.052175978325515,15.765769652881511,25.83627692506204,29.04353630986069,-9.003858890731056,19.022001547638656,23.217517020284117,26.36405909285521,32.13667863180536,-10.930810747237247,22.999284471138427,28.95897450187484,25.350579319776173,22.91028192253811,-16.472624507145028,24.62965275921258,31.54299781931431,23.458788883776766,-9.477112332705929,27.727727281973028,23.106728270640566,16.740001902492754,-7.778117351158656,27.66591049356904,27.745163856388853,17.558433261507766,-19.769015522364672,26.073756840258454,29.360756267891347,23.289101330039443,20.900689847017468,25.763274636107422,31.468779949799465,26.52849653700302,25.638974748825508,12.652843403816368,27.46869597551101,30.097525102109877,16.446797918796047,-8.433176667362469,22.74670347967119,22.441933411979154,17.517573422830093,31.036832095949592,24.165823164906975,25.56545258225129,-9.693627519473278,25.18265495341538,14.2850007405423,-10.717492941854932,20.43570441551306,30.642656987043225,26.359771627122683,-12.471995761765392,21.03456502884828,19.78806255520492,22.676491405210072,26.266775266904357,9.82869524263881,27.34356897081544,21.788997420884236,28.68233947712007,-5.947216396865717,26.530890502247765,24.620958914528607,25.57683498851603,24.826709571890312,21.79152446454195,26.486582410258336,30.32401871771051,21.028187332707542,31.072770924989868,28.66319374411349,-13.914374445640314,-7.468185824777931,17.023680258150943,29.997712823977693,20.25066840146744,22.559850173602953,22.386307038194982,21.83708302365254,22.711817517653394,26.067756109908807,19.74488132574413,15.124910101612704,22.557962990864418,24.358621808207953,26.607896928864655,-12.539072188312355,17.55654906670136,24.744802747416177,-16.95964794344779,-5.185416013446182,-11.158315254822025,24.704745098786706,-12.82967020948994,29.83433057726053,13.315847726827798,23.583761027594466,22.798527108384384,29.0681390337595,-17.938225012240064,28.249467796831034,24.524059193986734,25.382252458080302,-13.338831507792213,23.983552224297632,-13.270604085541517,-19.062364921699455,23.348258051765768,18.9246378676753,22.473729054367894,18.00915302980827,21.272197295183,-17.78340550538037,24.706007597025565,25.676063980562912,27.50208245511102,25.208898372994366,26.158026502572746,-12.202475720672117,22.58800954887604,34.016868836111534,25.125062304163773,26.106169228666033,23.784244554224443,24.761963098241687,11.630491493313235,19.807529134058726,-12.317035748898414,22.875853653686416,21.858578006358815,31.901061261297226,25.66240494269406,23.594060498101936,24.350492788416776,-10.92396414361317,-12.105081452731698,29.366538544418276,25.4074821665061,21.205387177250067,27.49313136932994,29.117144057917475,27.86401974216531,18.81529966746927,24.174710873282702,-16.063995099583575,21.635819185590446,26.746794015927392,23.881225177446247,17.887189912662272,22.225854626740293,26.366385456804075,24.121190620340027,-15.088176044115771,-16.92189999969158,-13.741692693635517,25.60735303117874,27.77058476620232,25.96009422992037,27.529431512430275,-10.408328560389926,27.622798312669307,26.269602069730237,23.886673037181986,19.673991547104116,22.8183358343295,18.83404306239357,29.33834826469963,27.285181055572274,28.035911232716067,-11.322394754110968,27.34569656358324,26.97461694931292,26.07778705268267,20.352753570840118,28.934721787038136,24.825191768953598,25.66491005196416,27.301025674141435,24.403236288989085,29.060986437712483,-9.62250396622456,21.711357943877,26.031881854980465,26.94257219896138,23.053864080415636,12.571416263084409,29.074487215649903,27.06363644817527,-15.876348163855566,21.638743429015705,27.729558157484366,27.499137809167436
19.863180287445743,13.843422523004968,5.722518733800985,19.904501397046662,18.10671962773103,24.520558801188347,12.845518926534396,11.44797230724509,19.97183437494606,22.221374920145827,-5.3329772220773775,15.90782311720066,16.656494631933686,19.980146812865712,24.987354616255548,-7.740205606716315,18.33997527818725,23.303027885871728,19.52175841783242,17.464703549315477,-10.747205622308254,18.28936543663909,24.588505855250087,18.652966948426098,-5.29999665507587,21.679934255059397,16.696395130283936,14.04875074828189,-4.818140126411507,21.50890456745079,22.19135055481971,13.206611855749038,-13.45134487777326,20.358679393230958,24.195000323652977,16.95139295742393,16.282489310077263,19.938359536020524,24.14399515308483,21.341157635718602,20.337867797509805,9.33743345768717,21.68686234231629,23.68918018944123,12.377259188157117,-5.602775469757147,17.28809465671475,17.380569048024817,12.307619830797845,25.085588412310877,18.648985440905328,20.580771690138075,-6.621472392717518,18.491736368725444,11.287321316524531,-5.914841040538111,14.941713330571151,24.535390806444553,19.534162793048036,-8.779023641444706,16.703187659562744,15.01283828287164,18.732484947276912,19.836661549391383,8.199924110697612,22.316800992048304,17.16830079363275,22.901548326244548,-2.5123408689712057,20.35281865439444,18.86817664344776,20.732218399710636,19.90607976952203,15.862537696933519,19.92140365171567,22.959868465616715,16.385658738317055,24.868466939259427,22.262066940330534,-9.48667202278846,-3.4178820579712297,13.70494861900024,23.268750342295704,14.388115247574168,16.86314701014192,16.33964295019451,16.317314973916417,16.912972187943108,21.377123326079456,15.529441017454673,11.856003990335113,16.543752281877488,19.674969189667177,20.707950491374355,-7.658095749905969,13.232535042658103,18.106099159448227,-11.018169858596435,-1.7008967410920561,-6.648013014573941,18.770747686951722,-7.573354511522755,23.37257996776098,9.323917229826082,17.419133709196068,16.914172623426186,23.95983265482503,-11.730471001008755,21.46213789592565,18.535213689859553,18.3157776466544,-8.639871408717855,18.518408385850645,-9.051220841918784,-13.069702012719457,19.189482617149057,14.614485965716776,16.512250745379855,13.810963382805609,15.583863238812041,-11.432827638802506,19.022348789970493,20.20606386205947,21.288328424784694,18.963290278325154,21.035189822220993,-7.610920452410943,18.700364370467444,26.695138310813174,19.27009888394804,19.35425184203017,17.215309206353346,18.936692849868844,8.230628879077171,14.880882916161008,-9.6948970095609,17.380024638274993,15.731204897342398,24.62484780535834,19.89233907498556,17.844059015642976,17.73745576318777,-6.37810188165025,-8.304880466223077,23.77697950033164,18.668792747634498,16.577093369168598,21.513465507992272,23.064114516254513,22.147317676989758,13.942282459432366,19.192615278720606,-10.40378004719505,17.8682816277551,20.706442970962687,18.86873860725716,12.599348943267781,18.560426101907048,20.98693068714182,18.83680870875743,-9.817413792763922,-12.83971911904612,-8.601703154209215,21.251869576034572,22.744761543702705,20.86695747591896,21.010281901669337,-5.934781340928948,21.63329893889684,20.59667388481445,19.826418753771,15.504139601538245,16.90637787155941,15.480793100832281,23.386275882562707,21.775583666913576,21.84470679595355,-6.51682660799539,21.53092769885953,21.592535982917315,19.20609686083297,16.16330470407833,22.940808444762915,20.281710227524137,20.735824664282443,21.442358025513418,18.446718694288055,23.51993916119831,-6.005134161598186,17.851260813814726,21.30415377027539,20.626772122825773,17.444608095063856,9.476374870403255,22.853596086162476,20.95650620091148,-10.116843077359995,17.67192186721375,22.309296309253774,21.712303950682866
19.829750130006506,14.093679232226302,5.861041623857552,20.4359481113003,18.558620570641047,25.026871010729447,13.723028588313698,12.221197002484748,20.340466194466316,22.988430516754388,-5.736188425207675,16.115883114064403,17.379219650228848,20.78389554535516,25.7191191437598,-7.935141436997768,18.49128092690782,23.15219192226199,20.06601422953542,17.98245946393532,-11.543660058550556,19.06527554375997,24.96202544298596,18.693458444611515,-5.983698486863892,22.246972650239357,17.512614065465936,14.362856954777637,-5.016877360747525,21.892686332351815,22.67601752023775,13.680323992651452,-14.20497761855441,20.45052305443347,24.288425180303975,17.609794833938356,16.851060556827736,20.24015997172498,24.97931047119164,21.594523248191656,20.59823506838143,9.592530038293384,22.118641584454064,23.912850192609405,12.650935424371635,-5.857968035806765,17.34550678135867,17.968731818560578,12.888495634667517,25.241335096587083,19.167597830232104,20.96279178791307,-6.741551837914612,19.070828166873284,11.50569425003022,-6.3527055706732884,15.717544932977292,24.518524084449265,20.10111575320551,-9.008081845074239,17.057977425464962,15.639997591333135,18.610469207086776,20.356446896209775,8.11009482449048,22.02550716639485,17.579770567953208,23.430134331546004,-2.856781839367081,21.223268428629716,19.65178194478881,20.46268279793623,19.9108878743081,16.707913411029818,20.70886871605683,23.885106342962484,16.754507460791004,25.155137067545084,22.691742070888814,-9.784505633618771,-3.7988879927880568,13.561681066875565,23.41948600696899,15.231127523184114,17.223048436132093,16.96699606582012,16.772155077957734,17.548810224658315,21.460137065701854,15.760739137364837,12.202527281066587,17.10200736588368,19.673354322557355,20.933066248711125,-8.278342391753094,13.541611080790267,19.05783620717655,-11.865313324888266,-2.0633077725838556,-6.89919752506708,19.42703678406685,-8.297736363024947,23.545660830948794,10.058858941518661,17.996630358626085,17.538127985732793,23.857265567481168,-12.545077202187604,22.327781283085272,18.969476467054026,19.129760515877866,-9.293202404904765,18.581883820706746,-9.51149502165066,-13.831271827839606,19.202872990417042,14.739893525748009,16.946169239717268,14.27034848371267,16.40017151029217,-12.396027408079645,19.480985005651025,20.09550871135385,21.891662756985262,19.493423701613864,20.964303901768744,-8.235338072432615,18.677711366994043,27.267033405483645,19.658185629847598,20.020536957250897,17.910984938661414,19.561332314432146,8.584308664820055,15.365325456382307,-9.887291935626136,18.15017841359315,16.612013391674814,25.12737640443951,19.881268335264892,18.34475992261196,18.545986442215764,-7.239997333567625,-8.530762332103178,24.02533115643129,19.379661571246842,16.776367498737862,22.10088687048389,23.372696209433684,22.110764403224078,14.485728091694071,19.588958417295373,-11.282116837849678,18.35064283052742,20.85659175123631,18.846989237584673,13.399550835666947,18.69866607361652,20.89437428474946,18.812831067654876,-10.492615073988148,-13.343706143600347,-9.173843656973386,20.907390955840583,22.611509937862948,20.666252226409195,21.928836261334627,-6.581305527441025,22.31678456256457,21.026394054793855,19.40397783957287,16.048817860621426,17.6211020047571,15.28796663537553,23.993504138397743,21.9754044805481,22.026901321435947,-7.286761335019604,22.091107255964868,21.828686028451706,20.037655618989426,16.248935718711717,23.379995687447675,20.332459087176705,21.055769367836238,21.68127531827277,18.569745820560648,23.75103063667211,-6.402650982688347,17.553843926981077,21.530156918897127,21.178632538412867,18.279248027089675,9.525146325839655,23.442307395117943,21.221762046052557,-10.858593846837222,17.845655932505856,22.419580906408704,21.685119758086113
19.085273402903443,13.603238506303684,6.005804333560774,19.227575056915406,17.682784770346156,24.093305554168733,12.758763276059529,11.94431182341677,18.97432000375961,21.93292036123119,-5.219624707132804,15.366827889442302,16.585728815624947,19.900316533798083,24.84261262113719,-7.268936268780406,18.00735571267441,22.546665873446308,19.73993565346884,17.740360417541236,-10.65209777000222,18.339691992360784,24.05586491818007,17.671590576420453,-5.1721461195428,20.832536461015394,16.85438562640148,13.917857666246396,-4.23009998079994,21.28140734400341,22.18883166809844,13.36241341358007,-13.361490072655462,19.504019633996318,23.550131807939575,17.335948843458862,16.527030937669355,19.80147330423147,23.87376597016065,21.105017697203913,20.311464869694543,9.481660094402361,21.40029914749425,22.80808639150552,12.13031730402017,-5.693335586108771,17.074820642641846,17.551469011958847,11.789286821145392,24.356957222400364,17.78749911200605,20.062196013442634,-6.408728859575319,18.096975788395376,11.861963570745047,-5.9617944936045735,15.206668218260614,23.422138126313957,19.04439868565579,-8.43587898058698,16.282754784886794,14.943596205191065,18.09502539920492,19.73181061813169,7.975292763076217,21.157620743967158,16.685199998330937,22.548609454137683,-2.7647774741222486,20.257255006978703,19.127476789747043,19.48932891615647,19.03540419046567,15.899304818500758,19.971473288513216,23.16232070035352,15.943380037411059,24.178393348079716,21.822944556933653,-8.867408882456713,-3.8614256388854966,13.807681794405028,22.45644254850106,13.96122370140433,16.154100013700727,16.467155982650333,16.301171759406454,16.963140672262675,21.23776943269365,15.209841291038801,11.89876347406122,16.836624659314097,18.623625738008503,20.093463880670534,-7.222986646822907,13.62672768214414,18.42989637806597,-10.81339432413936,-1.5385704631158947,-6.475948183594487,18.557653935727092,-7.463128052905555,22.97884001605217,9.41468487335197,16.69870809657408,17.274862188197822,23.076801180601333,-11.457893211771037,21.028157513410655,18.00433765789115,18.379263343848994,-8.274264583343376,17.713799924560735,-8.942770118239014,-12.64686233272678,18.936851008929885,13.505078340828979,15.801683503312372,13.4991338843016,15.81591362996623,-11.36000047287104,19.06821331940326,19.32255110783015,20.803693871007,19.002018350751978,19.85982532719948,-7.614486920080623,17.642760880451355,26.173090439464524,19.135757835909427,19.085590853920948,17.300247379912516,18.934411663674368,8.246142803043156,15.089574802463721,-9.799575900097095,17.405180209678857,15.819987710882533,24.274354299597075,19.453059702206996,17.91410384103458,17.64622548458127,-6.435040935688473,-7.631123696772512,22.857570045477864,18.73530361165117,16.507241977353374,20.92642145784964,22.74645212542468,21.679741736168857,13.744285089115161,19.322628661717015,-10.147993020487162,17.80851519883913,19.87366001837099,17.585225103295077,12.989366687790024,18.23900237617778,19.921164001584835,18.43456931331501,-9.5222945374474,-12.920130263554993,-8.337448252933848,20.199879881589197,21.901056218996494,19.918841281390115,20.815728339588755,-5.632171528457311,21.410500212044838,20.351070065632136,18.78552030912845,15.786739877046072,17.291044581690926,15.038389417767293,23.300093900110127,21.213613683976813,20.740849196454505,-6.6739142964477125,21.489129448843816,21.347563744853815,19.44447989793176,15.889414881453606,22.644550980116772,20.15152494714057,20.763149097817312,20.779593381899073,17.891967970306485,22.915715591538984,-5.698363394916822,16.86390918501311,20.642466286810023,20.469569576465616,17.855200261427708,9.599237047827467,23.061145372337393,20.4863278439472,-9.735842665420655,17.687666580193724,21.2908239906156,20.913866516184402
18.522888957321126,12.785619678652058,5.767520718212637,18.276262572715147,16.96049052890179,23.26822816486642,11.912059972483956,11.19309087704167,18.595540411294373,21.07450066221304,-4.308227067313708,14.901581069987776,15.696027501200447,19.246020037382692,23.828223287196014,-6.838286815022971,17.68604735801108,22.234134185751707,19.24933527048954,16.928853801841534,-9.672655712663687,17.46021708982854,23.35095053862817,17.240620867610396,-4.399697380277418,20.000112019169862,15.881180521960069,13.638092303693103,-3.4894282021005405,20.25068328808273,21.31834546915834,12.895495651995013,-12.393469856933434,19.12549965295545,22.885611579022193,16.478329423095396,15.983443284575502,19.140550747332963,22.705186759880124,20.76705682441218,19.608839947334868,8.837581511703966,20.681480350758953,22.109118369608844,11.41743730728827,-5.009462112224548,16.493767175734355,16.856375733115033,11.224921224566764,23.564874947402522,16.86896818319921,19.02854801522267,-5.725442249614214,17.50909962090192,11.456813240238956,-5.436205133389827,14.461740150836839,23.010013710275878,18.306123386349352,-8.154216453533243,15.338021980997798,14.308112661678027,17.508004298608846,18.695216721491693,7.782144870107205,20.884636324202994,15.78125544899694,21.501318176239852,-2.221710715446943,19.158657331932872,18.332043809508104,19.295529419268505,18.792298625099626,14.888323795212383,18.78982972177536,22.15107060694361,15.262738106902294,23.66817252425077,21.292437571443052,-8.44870346070404,-3.170066608463645,13.397789916073565,21.81299779129931,13.165242881427064,15.813905632301074,15.512895772492774,15.480867525742118,16.05179405679507,20.78264417714842,14.713220748118928,11.601470642178915,16.01152980259301,18.277648406047938,19.608028019394958,-6.260329019217144,13.300531520065798,17.24544454005951,-10.05397831807466,-0.9193379487256472,-5.733860104225781,17.82320682012645,-6.577764009282904,22.129156253217303,8.729685173184986,16.15740295679083,16.658102820561474,22.87028221338546,-10.472154915927426,20.149072669325534,17.48921054708219,17.547729668441992,-7.42563301791179,17.56090401175984,-8.430250487150152,-11.877875821732225,18.679656290203948,13.326024345205605,15.015115017464606,12.883281218090364,14.770478911758898,-10.457981686756412,18.006083056745272,18.837045169112795,19.693451329308303,18.18254511203561,19.47803769071925,-6.637141309510729,17.395563896002358,25.276088023153594,18.17434545746197,18.16942516989042,16.450086167823297,18.08809855284086,7.865279235852819,13.959891322886115,-9.194848290336076,16.432645713128245,14.728004042883871,23.43711367851297,18.885149951034023,17.032495180647114,17.031199432240385,-5.571529753364828,-6.823793289023308,22.025819378427364,17.830579691883244,15.86280206311527,20.043361491805484,22.251905430418205,21.248593873656258,12.998562167426853,18.67574989947842,-9.179799606432033,17.25638183558174,19.184369135757358,17.37615985476222,12.36913890126603,17.644340934011414,19.70637164388541,18.06121194894288,-8.927940183591495,-12.11986928031182,-7.55851182491147,20.057578369383283,21.61736191979589,19.791324243319032,19.70397621096053,-4.7885065794873745,20.399913314462637,19.869266299348794,18.699431253071452,15.189436046748423,16.274892449272915,14.402725890079388,22.258496553317844,20.521101347804095,20.260080135527716,-5.682990236871428,20.448297284500104,21.059295497026724,18.557197338290013,15.248800845744698,21.878468397293506,19.803397327880557,20.27655845476514,20.07536710550096,17.21451292087512,22.01544895501915,-4.89490107329624,16.829869555000123,19.942652909069235,19.45669219782322,16.72459870356913,9.380892430227066,22.31011322253936,20.06710218624987,-8.990745364408914,17.333316205906762,20.654808484037794,20.61926061704026
20.360157535604746,14.465661554927111,5.945395767516017,20.879878174256536,18.879598581112365,25.560419029346996,13.982197582330095,12.458504392734994,20.8889429400604,23.391497894666962,-5.982981127594107,16.222131237986794,17.78074799381291,21.24878677443157,26.153768794855747,-8.127174947261844,19.00790265124715,23.76618440405151,20.4746590264716,18.376408807908245,-11.93084553571671,19.49439675432876,25.60177438448758,19.23234622311926,-6.297213103310854,22.580547714053974,17.932641758633956,14.352278154246079,-5.231805497164172,22.226270179552436,23.075112013356335,13.972719914007351,-14.72746519762311,21.110528702323666,24.64969867666482,18.046447483838243,17.022430666845462,20.57522203348203,25.358519723688783,21.96329113709506,20.881957222631453,9.736624369728732,22.54847354996876,24.52531767751205,13.031639341206706,-6.030258148003881,17.86355615800816,18.234433840054265,13.310050501415645,25.720838495371392,19.47593960033889,21.18270747120385,-7.03967722495581,19.682191543738348,11.770292569623345,-6.828376831265198,15.995080065163535,25.15943985358157,20.68473324547431,-9.379049237702047,17.185684063297387,15.865607134873837,18.90888141471128,20.68099445703289,8.203392558752268,22.641721568729622,17.672437186312116,23.580539374844747,-3.1963131951496724,21.419495059344833,19.99711705534724,21.096515131527884,20.41324392315395,17.050865232080113,21.057790864996264,24.355499090806077,16.952925762172296,25.722947757902244,23.29800823090586,-10.217376349335122,-4.156971374039964,13.95043294026836,24.10256148868206,15.608055540988925,17.823858760417462,17.408753912507493,17.079944348245675,17.928559871602538,21.918654028921367,16.263995772655473,12.396820706434275,17.62662448119421,20.195149630815298,21.436525500589493,-8.579788503842897,13.852634050904559,19.35905862487844,-12.354937069864897,-2.4103696706281954,-7.2683311927684855,19.735247400234307,-8.66878729636049,24.115908011277327,10.182100787716779,18.50824811910513,18.028289810090694,24.41131702780911,-13.004137098014573,22.72792217263941,19.588561639781247,19.70918920320248,-9.649949397113314,19.2324814749455,-9.743986317417997,-14.301721216633823,19.550683608920476,15.252624578230147,17.503555512256696,14.400651455964386,16.70260579287641,-12.880654900936355,19.781399585771464,20.638050404319646,22.184914163290784,19.90039642920861,21.48858261279322,-8.608182146885838,18.96532457406675,27.762169932897386,19.93114477037116,20.546024197533338,18.447977590696986,19.914696603076536,8.811659239655494,15.660185813761876,-10.091067015701194,18.42381574299482,16.91176803173332,25.66438160065419,20.531399145241146,18.666256337232088,19.084188595977675,-7.574758481521725,-8.807118399127425,24.345118025727785,19.850420182081013,17.127487625714995,22.421384701875766,23.921324637771352,22.73279453531896,14.720318674808999,19.81264654142751,-11.662206119557396,18.48244704856963,21.424241769899513,19.438340230447817,13.77316393891035,18.878442886810607,21.513037880556556,19.416471773793607,-10.919189088161803,-13.60642792914055,-9.65181585853948,21.461085831222924,23.20822777017009,21.348712832741402,22.19862939143842,-6.848575939927144,22.61627470109861,21.45032054212204,19.976784992767083,16.27806254952058,17.961828817247607,15.532300617617514,24.227753276047235,22.35296395413095,22.668671536580028,-7.638269661768787,22.302235955291263,22.33435560429935,20.559444056650097,16.46964160005992,23.787847281634495,20.674813734618155,21.341365258546332,22.231421148948236,19.144790884023703,23.975153989424754,-6.661001742758716,18.02595535307297,21.728760259939925,21.612422749897263,18.549552181922184,9.873788318270234,23.879645212848907,21.872095436813833,-11.32325493988559,18.12864032036949,22.839467827672504,22.344994955986497
22.09723822240837,15.57541964785584,6.389876282632889,22.435404168733506,20.48692348575856,27.392677159894955,15.24678981161739,13.48658870403142,22.52905095595967,25.19669337275558,-6.534372700468786,17.092949823358612,19.397849557371067,22.809417926043245,28.01505306167731,-8.867889245486761,20.522044686292592,25.77279839993029,22.226087173883457,19.84012422217218,-13.037530585047781,21.132368746602033,27.661416749759685,20.621937325390423,-7.023626569690701,24.128684379840838,19.43121006001562,15.234512328416995,-5.7365626678040185,23.83219652974077,24.601391194797934,15.172361271967263,-16.012434620711183,22.899076976948106,26.177287702313038,19.63816321744376,18.30891007117842,22.272699358992114,27.16091125467888,23.605156608704547,22.543914639391033,10.637806044627824,24.092604508780635,26.39924661456815,14.060178110221377,-6.5147149935999,19.61726954254903,19.573270029476557,14.584408739951266,27.506050447878913,20.817541940500536,22.461001477150802,-7.701773495642658,21.434346490579326,12.567472758309773,-7.940791161080102,17.46971173688609,27.143091993250188,22.3850421458092,-10.330294375729492,18.406092764083514,16.992556052070533,20.138241720283073,22.367376157537592,8.9867429707839,24.466782121994015,18.815766830100312,25.159927580971914,-3.84787131730344,22.83779254075276,21.56772137811574,22.77706139559264,21.97438385579333,18.51644676259288,22.662386387171708,26.21350428252995,18.257456345020266,27.516754215923804,25.154076249368337,-11.231234590093457,-5.003020550157986,15.044217894718726,26.189267706389515,16.896784921368916,19.429900563418933,18.986341803714037,18.517476405989328,19.374822341875355,23.48129833375207,17.385986239115546,13.379278901033654,19.141747341497638,21.697369509563,23.26968909983088,-9.437389250839306,15.299615628936444,21.000567069870478,-13.578386528536527,-2.919666983816183,-8.261908772455755,21.425958135961732,-9.678651987720626,26.053216015700144,10.969852767926625,20.076411598605116,19.575808362815458,26.215104138293153,-14.279433511063214,24.37339075617354,20.99656219154388,21.37069803147476,-10.499803188812386,20.89342749497696,-10.740277606864643,-15.629660145359436,20.954874152032893,16.391077030238083,18.946797628939702,15.579459379196187,17.844430653050992,-14.165718034844765,21.161173112082754,22.41868903546547,23.666678623352638,21.606536322745107,23.17938848053828,-9.41008038412461,20.30426103717319,29.882144134760885,21.60453963179743,22.29766744660742,20.23757942736483,21.52997347712814,9.692104544725982,16.882096026910357,-10.773111701092416,19.88445914526085,18.405608610523892,27.79785118887162,22.41286239743493,20.20344438881151,20.700911273362923,-8.265197069451398,-9.539818680930921,25.96654448928321,21.51156631611947,18.509773986579823,23.903931801578455,25.740755426104172,24.718897879039307,15.913376167120239,21.280171601877186,-12.732661094149702,19.5354288822504,23.25679634659246,21.014571047594266,15.075291678577049,19.846255014280427,23.34763208922836,21.08135866258946,-12.093402371968882,-14.543264628284755,-10.728838157385045,23.153187750672817,24.99572279422686,23.1922201761688,23.764164465666816,-7.566632966728225,24.10716043835248,23.194971997192376,21.604475948724836,17.31496170118967,19.50271134268623,16.741018967054558,25.835021305818767,24.10581544944977,24.499753910486813,-8.457192631564048,23.95030519906065,23.97913515960673,22.345560976074573,17.894618559277276,25.439260896666866,22.246301837860454,22.903357166755583,24.02527513035915,20.952989367129167,25.637995159914873,-7.296444789140772,19.52731600230525,23.206183327824995,23.30457896591221,19.97465648185344,10.784723535261532,25.713474763998576,23.76535677570184,-12.490497361714256,19.27071574945446,24.51040156643557,24.308228273869545
22.177002641125366,15.723693479186936,6.710183929602346,22.638284382451175,20.678280827290294,27.953785929052497,15.35095152471741,13.92629740064488,22.836771759319905,25.539975368579007,-6.674418497069182,17.277184286657487,19.67652089132714,23.373819335567276,28.742777643823086,-9.153991739811154,20.892536543315757,25.954764329580243,22.752693552472714,20.127604698155086,-13.197365637853855,21.356161987913012,28.080084300595217,20.96115044362386,-7.107974631568782,24.467590627389406,19.697925584496378,15.590372272606352,-5.611119938880374,24.441843982978423,25.070343354851826,15.540447531379693,-16.368676563263342,23.29954271070165,26.665683685590903,20.06573452089089,18.975596190752782,22.835184766571718,27.832643855018496,24.283769252511547,23.04343321752506,10.857629779626826,24.741306194823608,26.830408006013553,14.217369558711553,-6.891387498823827,19.715669404543533,19.98186817087154,14.685803195523096,28.05081511482409,21.083082901727145,22.8499000919833,-7.828960812090885,21.707845680774263,13.091083729456239,-8.08869829535875,17.617782036113688,27.42134327964905,22.693807779446598,-10.517948020414117,18.454451369604875,17.70078685868577,20.27199845048785,22.810851089710724,8.892990033294932,24.60732759035454,19.21018102206283,25.696601991374795,-4.013024994701037,23.60554851712537,21.958811213491632,22.99200827692635,22.45191739415091,18.79906245025187,22.977876759123518,26.846995059081546,18.32960783539453,28.15057506970372,25.42577223308842,-11.30053477420757,-5.062310033658851,15.301992525393436,26.363274230478034,17.032668010449044,19.55699092684092,19.078073821359425,18.898953375125803,19.646863877089093,23.99381948625663,17.995385130822854,13.628322484028011,19.460323626540916,21.949064800311263,23.41583442348192,-9.51438678146306,15.682993117962315,21.324554740377597,-13.819228131619507,-2.891449735299857,-8.326495145263353,21.585575480080255,-9.803286069277487,26.480955043611747,11.287777422372644,20.23511465993502,20.102493181321478,26.695585307158158,-14.41978663487926,24.874786017613584,21.551162629500663,21.793251753279055,-10.640099385230018,21.196839663117217,-11.032545889836314,-15.707833574110886,21.63285519306571,16.669780684869824,19.113776431028075,15.603442369629825,18.68685821257919,-14.380469474814277,21.85871676439833,22.502318616377632,24.134050373455487,21.926118738862538,23.34887958988991,-9.494629799325592,20.577428228416498,30.402528079394205,22.011733152089104,22.64386239890164,20.57999508526712,22.02810482593923,10.098477948028094,17.142157017357714,-10.953300886402111,20.103385918214258,18.556479415780142,28.163802810822325,22.574641644011546,20.542153145936943,21.05864687172802,-8.458089632624816,-9.541688489899675,26.353090059028847,21.87334955380709,18.83183843660113,24.318393942153186,26.264139854267626,24.89519461431924,16.284155651699866,21.89853750640699,-12.900192770259737,19.857691625745442,23.381815465584204,21.180035164044256,15.392943359218084,20.45857815693547,23.59923513855994,21.544726223546874,-12.297290537120247,-14.694415882367158,-10.701430272912381,23.312066532016498,25.374160683627412,23.451920615229486,24.282009368874732,-7.6901514881345525,24.624630857105654,23.453702898006853,21.841005159163554,17.994701529331145,19.879601692419502,16.682861708928872,26.478493557660958,24.29119031798671,24.7772751031067,-8.516665938551773,24.345736626276487,24.696730437750478,22.81529675677663,17.947476436640187,26.008160355252464,22.589759884951455,23.551062163628067,24.41221564013929,20.994436853591584,26.09496565363774,-7.455019488477516,19.817856543611725,23.648332494941744,23.73229294676175,20.45306463184129,10.973523662953756,26.204769396858833,23.99211090920173,-12.644119410002645,19.831106439336416,24.67517172214323,24.63449312682747
23.716776464303834,17.243262553480946,6.63656303608785,24.712685231076726,22.56422911207798,30.10997509964114,17.094091498755198,14.94619350974971,24.524851676820262,27.766071643920572,-8.361356129501115,18.557104494979306,21.899678641947418,25.227892966368483,30.751331090319,-10.216013937465336,21.957168262955175,27.48637669213005,24.062351511298814,21.96454472375125,-15.534214921748813,23.45085057163658,30.07034864435677,22.41190809166097,-8.781360662098013,26.602598172520583,22.055122877562727,16.278692868579522,-7.3605814340281945,26.37325006472757,26.838900797251405,16.681363376273275,-18.567555933739694,24.60645120744153,28.418270024254305,21.99427571750247,19.94186284656307,24.379541516034323,30.05732525720777,25.260114344790168,24.369035121042835,11.744714627313535,26.35971209085303,28.714284293685708,15.69861877833778,-7.777667243761812,21.319054821444514,21.461493324015002,16.30648580047232,29.726246960877535,23.083013898968275,24.771054530827346,-9.057561229776514,23.6985235827257,13.666717203849704,-9.464717968388022,19.60650282825432,29.196015780188603,25.00004660592617,-11.40116608828771,20.220872366780398,18.84895660887017,21.98095109455311,24.921885506193554,9.329796137695176,26.060566622216598,20.952201073041586,27.57315895889863,-5.015950439384563,25.40184860516387,23.53829342806135,24.255257315942686,23.489197787530223,20.831662510190974,25.408318145851027,28.96182136354654,20.225811764601282,29.798002108357334,27.29149765706257,-12.857575554762203,-6.537488701110101,16.189398450452096,28.431328312315657,19.09780205345992,21.206289455451135,21.194226248895156,20.660677317212354,21.657385085247107,25.11783841346207,18.753854478170325,14.248627438225585,21.407708475443233,23.236303355238917,25.26709442862154,-11.6541216165072,16.288796912704356,23.621005690630113,-15.654223490780906,-4.472142009530323,-10.077828555216012,23.508690986070782,-11.778372618595494,28.392342328976397,12.595457814074036,22.282190574837287,21.53309918186314,27.72636100572999,-16.734667609463518,26.92009838758218,23.29842381430298,24.052131266018936,-12.415057441617291,22.627903370885406,-12.423972766585116,-17.83233252834038,22.223099244162714,17.796609664223904,21.26022532370843,17.272930236828984,20.131551641962602,-16.51783358555845,23.526218221055053,24.270898474843467,26.465106736035022,23.949576942084228,24.846480380032602,-11.504611871854943,21.593280270170872,32.537984508648414,23.732341840364953,24.738069198525743,22.370203705150285,23.70105175878892,10.543394003989736,18.848109657284954,-12.177941329543808,21.95923343562052,20.70795146415917,30.363531665961073,24.117126509485196,22.411578886801216,23.090080948080157,-10.137008067890783,-11.456485164162075,28.225181004253017,24.041692026197527,20.075742455378865,26.459806812935305,27.83814962088435,26.445174529807353,17.73002262252313,23.18700069665727,-15.113414605461408,21.144284308462836,25.301289794364106,22.53517548474289,16.949965445511804,21.655517671281686,24.89973217509076,22.600555854430652,-13.971428392689553,-16.393439858028174,-12.783302194540383,24.43853764957243,26.478568541979175,24.549158728518208,26.409845784550715,-9.648488770362087,26.643129956413468,25.070978746305858,22.63959002647239,18.86628292901881,21.5835425818718,18.077659099730063,28.322307940954524,26.14836928948852,26.535748861342853,-10.638073278620794,26.25953209146912,25.708467518802326,24.6930365514997,19.366932467999078,27.776758796334242,23.883451109786478,24.59192764285295,25.965477251148382,23.00438303775642,27.929934949506386,-9.0501405833371,20.40166622302162,24.973320671684384,25.6958953756383,22.242860270327423,11.858669074089315,27.864279652085695,25.715140471396474,-14.731962653843357,20.997668073276095,26.58852380871803,25.916049412888675
