36.724029228620225,40.95041671917079,9.419636985457473,42.69886231537326,42.25965832726377,18.178291646065098,-8.028615521399779,42.3906450535008,31.470786538887356,43.281038285568506,20.154777529663733,12.081460380979541,31.580245878556628,32.54390795648005,24.235774067134827,15.41403475699335,26.94600770059512,36.71483206836408,12.619434178280569,41.36846235424581,31.895558692894966,37.25325956690916,28.19717524167882,31.72973777993029,24.30021587466473,11.771664841635959,25.117482326755773,-13.594196931097033,30.401852612635476,19.50083487919135,15.23093564869957,35.459386120880865,43.34744262602235,30.360089400084934,26.78366124298596,36.88309952160581,27.092130711203236,22.590262330894774,32.22272688604616,36.53953271536662,31.10661222068195,32.6354007721747,35.99616238091917,35.89562906885928,25.838290701277682,15.948314551669373,36.64095710946828,35.23140814065875,19.163634595441792,32.99932140619011,37.43626975085357,26.369673949011247,43.1747229351973,10.278038962813659,38.67756749291268,32.64103187038008,35.27639480054827,43.78244272532601,-7.803284920154795,14.084437647974323,2.6889353698588865,9.765277153343467,17.837792189401398,38.907511696540965,31.738664213884476,4.311585108387263,40.58779618236068,34.51806540769437,21.719592756751833,18.55992353329732,24.492144552127687,33.86648892300839,40.7791214722236,33.011078993221204,37.70838390420949,41.36046048278637,37.841447229334904,34.232568106973176,41.886890571940825,26.663454761969977,34.910967470903195,5.521861793231862,43.341584110919875,-10.759169148578247,39.50261689319355,17.76679284872999,-7.803802086872356,2.651846258924097,4.486665473294002,16.822377123055595,41.36453841802161,12.20820415476181,39.60055495638125,35.14161712487701,38.64332687314168,11.438633846566105,34.20840361686293,-10.90443172810266,38.743297771791156,42.247852861423596,9.333351149953426,29.26297053385015,40.64261734636569,15.896355469949826,42.12226176850898,22.16909014743408,34.85445755066207,24.250447846367432,-5.422585256839403,38.11654813155282,32.63878127432069,40.61492348514817,28.813287294244127,26.36653461681987,41.88044687155014,44.824025218390844,10.130510779027828,23.56895367507106,23.364631978969836,33.72012994784251,27.33075387536759,9.837049191671639,35.09636737071646,9.33624231064285,12.928213739641247,43.69942075770106,33.57121765092751,13.426926997230527,9.835327136898867,22.68093154242067,32.02517835618924,10.263940947906935,31.639970908741095,6.796250116126672,18.737029656637876,17.336551379289777,17.75775495192132,36.600017884877474,43.66533078590417,42.48122651715809,26.568761990155565,42.7010213235839,35.27092939413188,-0.13093429034959342,37.9668247543972,-6.4547547679550465,33.039732433989606,42.89040774780428,26.940020268478957,36.467657835538745,42.61207862383962,21.745517769361825,8.942288185064633,37.87020982919304,37.4333190055481,35.640176466947196,13.614948513007729,33.315020034581686,37.3757706595251,35.87597979871383,35.96651558646064,31.623167515139475,30.768067646794183,34.57682572859068,23.206593192841677,25.809081927904433,39.679073627531444,38.35313862089491,0.7552999785075628,37.795866035536186,37.14094571239279,20.25058167039011,28.38073201865927,41.41985170543659,28.038944887450196,41.89875836784265,39.12525102418091,4.289088520772998,43.00215436367758,18.33630365215528,40.751285046683925,39.679593429798935,24.424766170146757,24.294305591707282,19.409065256154776,44.430357122888765,37.83931312030022,17.430677626285583,13.942707343201596,20.36923804527995,14.548027954973344,10.240758552816459,37.503890126135325,42.3606348124618,30.429397529489588,33.67199483061202,11.541183718122685,19.44720650857925,38.2521667474936,41.69155903416639
33.958939583652935,37.55981174278676,8.279003733336884,39.41347502590121,38.31094934945452,16.754791366491574,-6.83696737341272,38.70149664502503,29.25770482750297,39.709219901443745,18.25287517366159,11.573458223767336,28.545793381210686,30.114565950402767,22.80410408957357,14.774365841388198,24.443471638654604,33.53163237446229,11.880990460804954,38.37497746548664,29.13287887635029,34.35373992825995,25.722657398451844,29.021757349054432,22.18961310290305,10.918545411713936,23.40020633559276,-11.413206944778711,27.452534659449423,18.01013493928633,14.021337635887763,32.1806652521012,39.82866071984388,28.437817370358378,24.96221422338907,33.373455896901355,24.809931716847483,21.48574730544679,28.850327771700847,33.05112147519146,28.72508659873103,29.735063203685662,33.22554346394907,33.25446782968776,23.202082276020008,14.498285432022636,32.93522803960418,31.91804189732763,17.789883991520846,29.603357563335546,33.72733555943682,24.376899119277425,39.530327555913885,9.471380983410937,35.756011360618615,30.15363405126757,32.50005805685985,39.77332761399214,-6.9831407968113535,13.486889365188587,2.7526185545973987,9.399975316613794,16.711080339454483,35.37798740552098,29.06419635142602,4.253644267844179,36.85614075053202,31.590390313766132,20.079793980146935,17.717982718336593,22.97690946370116,31.275149196374468,37.3084306153009,30.0134589970195,34.34411604827864,37.852589442878354,34.75199758235173,31.576499742259866,38.20000638091228,24.28040579895991,32.01229840372318,5.591251799866924,39.75510479283822,-9.602606255761174,36.396420609427864,16.767502487840012,-7.067372625221591,2.660548533130233,4.116248737694224,15.345632713538373,37.90365503217223,11.668146282773327,35.96129402347748,32.511158666686555,35.062241755078404,10.47831858430756,31.0457385987054,-9.753810427065254,35.16913964981205,38.45286191327618,8.889340716960078,27.288918163686265,36.78188912005223,15.087990194296587,38.50368113738207,20.074788693038514,31.567180124078476,22.72432880697806,-3.9615664196238995,34.87939614036502,30.107135561473207,37.150939034433996,26.252402129263327,24.08244758782316,38.117534174731304,40.73859607313661,9.327295290840093,21.99765855230609,22.01967878224038,30.563709194192754,25.567977334676815,8.934130165345273,32.31524890303993,8.58985401683544,11.879594135266245,39.659933928217825,31.135034041431968,13.067559063222772,9.426031167676975,20.80429283295214,29.80908690151769,10.321538585246962,28.604576746013123,6.00190578355911,17.521752009579327,16.375834204164896,16.510803095005016,33.71406561588041,40.08721219975898,38.96448922074154,24.618505638495666,39.249693573070836,31.987896709245877,0.8284426722680388,34.356164650570776,-5.331481939652608,29.845375150842777,39.47380821338795,23.82434318448998,33.28512641442098,38.753603754576126,20.31624569346036,8.791087350369537,34.4504285567965,34.368760335813754,32.711437768820275,12.623607806849426,30.75666898944718,34.25444934833321,32.39056125922686,32.49552695670626,28.620786978780163,28.272575597178307,31.474117487808982,21.071859542066456,23.76875698958293,36.46488033056226,35.187588105975195,0.9415459117850371,34.33985202763226,34.157912908849895,18.827512238194174,25.612733186892644,37.85438419104088,25.577431005340056,38.393137287534124,35.53371457195142,4.865734559982812,38.94479227378267,16.64160366757402,37.679348158811685,36.10071608508163,22.442773303561758,21.992699196054165,17.825439148729384,40.792219477116355,34.84071339937751,16.27471862274872,12.743736723793097,18.97249190944897,13.858940277908324,9.634212751048095,34.53124070249718,38.66512699879499,27.973763271054565,30.581462844435077,10.987982975228402,17.899050070869208,35.06367604699838,37.710436565040034
33.897008378993014,37.01002729462846,8.287121642253268,39.21964983956088,37.914183506655945,16.589598116489572,-6.4603965892205855,38.44477265400157,29.05420295883301,39.235413616285605,17.972717849024477,11.569430015680608,27.99853879685092,29.975043517998177,22.565467521080596,14.869239850438227,23.94314566948773,33.45434143705077,11.489367136302425,37.99489994483709,28.740460487565283,33.819466835026155,25.540106020460893,28.473125117888774,21.920935224757063,10.853947582803949,22.932815717780404,-11.325134400024016,26.843004875812277,17.634639582089903,13.892029301562015,31.457660028485133,39.502639385108466,28.31793537725472,25.10804931668877,32.83061410226365,24.372979807164164,21.721952037608595,28.38679792347327,32.353411377147026,29.054639723315972,29.34951330182262,32.907813585808924,33.186266669425244,22.731297675353073,14.57485365258284,32.52876611510329,31.33298381201088,17.4546681249006,29.059988003839198,33.19264684975496,23.960834733725296,38.92611230962773,9.404440455397172,35.727747658687136,30.098337481138234,32.586460317607504,39.31425091556645,-7.000910207999284,13.172878354055351,2.7048876096046546,9.180484484211517,16.3331710859131,34.88527283025501,28.55797084944351,4.284206343531779,36.15650386454486,31.082488670041,19.96778686525473,18.031720893116738,23.098970245056446,30.842545218876875,36.635306085751225,29.501330034421198,34.077103357086706,37.42309014461473,34.67049850475804,31.72741073861431,37.574277788043574,23.61300600323155,31.34099523295665,5.7241513808802384,39.625374147070886,-9.577922165177295,36.37789702032146,16.372098337274632,-7.019432306646351,2.5575790941961962,4.231082623197468,15.337271702175446,37.368616920599145,11.68753819425596,35.670031082560335,31.961085727642832,34.83543038520137,10.287622821683277,30.790482497037257,-9.66228999730218,34.55801525162957,38.03097764257935,8.865672255729569,27.11633963921605,36.464203610820725,15.208991155131075,38.102531823529745,19.611587875322748,31.026784076259364,22.3054469540308,-3.6567275108741453,34.573250460395485,29.501734747151012,36.93016898039509,25.63986614768741,23.78530662025592,37.712526329326586,40.424741406422285,9.489389916211808,21.820624294123498,22.14501841303564,29.894309811942527,25.022888515727246,9.149768439587659,32.32819211020187,8.56120025718971,11.8038891380097,39.18479018036924,30.634610054041147,13.241347246208772,9.210841704635783,20.647031472850358,29.746908507677098,10.261959977186484,28.274399657393666,5.930190915609019,17.112028704832486,16.186828891683206,16.37876521281544,33.4748588317862,40.02917789204821,38.407847095068675,24.645727149783035,39.09168334348916,31.590785644779892,0.9657476061768402,33.796982632550964,-5.4428618365832575,29.316220867869557,39.17158200246456,23.34715988299644,32.96150000345749,38.22949718382923,20.16993230833868,8.93288466244054,34.50509276247505,34.37542356762481,32.43860156542936,12.595746902698986,30.269821437395915,34.36551916593392,32.13731664458242,32.22324770246088,28.425190726571113,28.018166181984558,31.163810384724023,20.724180906202392,23.737197744303067,36.29487772452651,34.77968847472099,0.8724385824595497,33.981373734125036,34.25476539529377,18.413385015017568,25.30411454979507,37.35853600918823,24.979491221250022,38.35416443016929,35.22240934355588,4.7233835196526135,38.4815841822557,16.25254833845726,37.618188820563674,35.53221971597489,21.882526096700172,22.343739920614304,17.611094144967637,40.60002948668315,35.03411258878705,16.16192354246268,12.582123215556074,18.657573987233132,13.723196447360682,9.619030554574904,34.31861859877918,38.480323481363214,28.06000823593769,30.050548671168386,10.861859664993295,17.645309489047065,35.185490350636506,37.20488677850835
35.09574646831878,38.76373749273328,8.89874578553588,40.75600154822968,39.98432587822709,17.26225943482069,-7.295660581494659,40.36024245044002,30.071574742644753,40.99552831336532,19.004045739261397,11.93695391361875,29.53183295867941,31.128164450501,23.04983852220167,14.751727729503914,25.123777643554714,35.05413138140495,11.678341176793431,39.36972892669986,30.106783096573277,35.237673323526444,26.77995963972272,29.828234523442934,22.958414215221094,11.207476605407795,23.668598148487572,-12.597643448194342,28.48291783193442,18.578370490443294,14.255278394384101,33.211059830116604,41.2006319639882,28.9623537635052,25.73086739943763,34.75856327093902,25.432657450073112,22.021234294965367,30.30312909133501,34.28754171758457,29.992009198999398,30.75451929221829,34.317610091607534,34.3617581961529,24.164731523656208,15.294928422517653,34.565378537811185,33.09625905909225,18.102722173181064,30.981242787494587,35.19335684079743,24.863471115552144,40.75266528483588,9.730319963429432,36.930011537797824,31.19388159984443,33.81757415116244,41.4688580950406,-7.3746256550857785,13.506042965584935,2.489654749322383,9.262577247643694,16.581850518935987,36.76909181096,29.92054070853596,4.252320824110525,38.14752501137483,32.568263354080166,20.638668807565193,18.11515546378833,23.68060954600239,32.125686523492625,38.359088959150085,31.01626321022151,35.80886980650969,39.1911444916687,36.04987857382941,32.89821716277771,39.495839966971864,24.878713075652108,32.87019571824167,5.533102462403636,41.40762884596541,-10.174437911713476,37.82199525875067,16.575320898109297,-7.355793793268177,2.4391673766596624,4.26628888042666,16.010260162986803,38.99912199478375,12.074841556684731,37.627706383805446,33.25881889832809,36.7134812692458,10.663379692765295,32.341016543787354,-10.273232246960076,36.51301788208918,40.112242025106774,8.911664923957257,27.940742587521424,38.554165461712806,15.386246724230254,39.86594295397878,20.792541448540767,32.862398474959754,22.800516484853514,-4.460949625006784,36.15648506986344,30.67377303571803,38.63730755750201,26.965329580910048,25.01010921763046,39.66269094601654,42.5116241051614,9.79923370955724,22.38569376764888,22.419913803990447,31.606067877323188,25.710470461908574,9.554481272725301,33.44184063853183,8.873502786979175,12.369247193358847,41.336898868688095,31.710704477217764,13.093077898682603,9.297389796312677,21.625504864374534,30.59960446427845,10.171367811345586,29.843134553103642,6.273711274299559,17.677459163142007,16.448872008733165,16.907989544968046,34.75664097828752,41.79220192514215,40.06884054872475,25.525329399237606,40.69192470849046,33.4423758287488,0.36138329319130086,35.716517149258806,-5.983828593833676,31.03360745716883,40.78796575794775,25.125497880700866,34.641208718143105,40.28880140904351,20.651461146581553,9.035685687901447,36.19677432070756,35.659261281915654,33.8453334061955,13.077618211795246,31.459256616874924,35.88865232163516,33.925902808897696,34.09011296891361,29.999744092954543,29.172474996572515,32.79758465080718,21.69943052585683,24.770387871865843,37.734711015063716,36.276540611926805,0.7767037834928552,35.83138768992373,35.598357136849245,18.96322985631243,26.700100591934845,39.20816206135393,26.24042439544818,40.08899385380546,37.14278918965706,4.394194276860336,40.65948595626556,17.059723026977423,38.94875002442267,37.26003741447101,22.852211276884248,23.378972993632104,18.4864611656407,42.43089402269093,36.40090498374368,16.511670411639585,13.152468267379925,19.25594172072533,13.968604463500732,9.806358166330593,35.90533127795885,40.21631418597526,29.129223567325077,31.659129242115696,10.98207509502912,18.44134115739137,36.75330005735917,39.35407648000994
34.29297110356044,37.50532254355495,8.395117530357687,39.69032329528356,38.41804546631005,16.811611238972823,-6.63233471422909,38.99626585982002,29.388164537314545,39.68956238253656,18.240049035296405,11.752335168850657,28.245016247976586,30.38637814338956,22.810541807197612,14.88340045773964,24.133630974436343,33.89502482404079,11.523988482833099,38.38848801862874,29.082355660630014,34.192920283451244,25.93434774286407,28.73272235874504,22.14516192394595,10.861812326755073,23.1263152007379,-11.563021855095712,27.21071515096843,17.949233552449684,13.901272749601647,31.84355266255299,40.016231406154255,28.53111715776598,25.35423256665704,33.26455412720508,24.52450963328648,21.959345526043972,28.807665693101008,32.801916420099296,29.377592718704204,29.58521574245161,33.41332468054188,33.5580155275094,22.960628911943918,14.800193082160815,33.032908225599606,31.694363934168642,17.62238185494575,29.492870028675522,33.601800460925354,24.154598246909934,39.36422908354982,9.400009668809007,36.09859820716479,30.453438619106553,32.939915374551376,39.862402397007,-7.056494987801037,13.303051664435646,2.6418243203266414,9.329698984278348,16.304325702939632,35.38028892820633,28.832074051406785,4.2928479715656165,36.60599199068558,31.394499269163802,20.235844575026384,18.185309514376947,23.357474781890733,31.278749424293565,36.995936555423874,29.798060549689126,34.505315648634785,37.92488868323503,35.06005360460128,32.1822086810932,38.0565253606501,23.828000755373687,31.70148958073361,5.691416303220395,40.14186132269328,-9.740221751936739,36.843413589874885,16.372867175170036,-7.187561700877165,2.6199845184262593,4.275470725614287,15.464520281602002,37.76164275403401,11.901431938886233,36.173551047747694,32.33454205577547,35.35279418799094,10.234546627163343,31.098803862825413,-9.883370904774766,35.0302089435249,38.590278469863854,8.926144673548043,27.467313967285108,37.03255067266572,15.347294462635277,38.50166642403143,19.87790949661912,31.451137813946218,22.352230827304265,-3.6875419959531253,35.02956391368342,29.708781688731897,37.40214872347261,25.88669716764425,24.05241715690196,38.2127705373065,40.993027722000505,9.694450752630049,22.00077539265351,22.28998496728635,30.27791441558825,25.181594348977374,9.182205870644452,32.642186895740785,8.663287170206926,12.031190942119007,39.73029838777188,30.881078662062595,13.304692143128335,9.33344069121765,20.8342637147068,30.056153558911607,10.305133260075186,28.612918177639592,5.847855467802406,17.282079296236084,16.30624883863021,16.474902893865497,33.79701004263269,40.61936350759432,38.81886178240508,24.960170450723286,39.53866989335739,32.06748872224524,0.9367273876669727,34.21076973347385,-5.61242050686692,29.645793877077473,39.670203193174345,23.683760699246427,33.408365516038565,38.76029065819225,20.392557502249026,9.078769345388976,35.02713817846397,34.73532549884554,32.79410593982797,12.731160063809313,30.524827877519503,34.85284506958107,32.51816690382543,32.7153223985928,28.778410588712983,28.32787775247594,31.566365654019652,20.921784502301698,24.191593308764705,36.7269035109065,35.15345726793424,0.8737526771595295,34.44222146145866,34.67361365601591,18.55392682128651,25.598090183180783,37.832126605365275,25.25134148220458,38.911659973257706,35.72508485915524,4.732293020030543,39.00527312252109,16.339174124131972,38.03664862009259,35.8766566720604,22.063061115992216,22.690761636368016,17.820854191344434,41.124304364036554,35.488857462757885,16.28576964085062,12.766186315844541,18.818273444637125,13.829113619524673,9.851469632811385,34.86213846137182,38.92433167058555,28.386677409980486,30.40018970334203,10.898327600090683,17.912044884827132,35.69583032168016,37.71300513600859
32.47023088431714,35.725775989968724,7.96041663553339,37.63465704425661,36.4314035241665,15.90189131398089,-6.373269015384403,36.857163706735115,27.935501757097423,37.75018958630451,17.17649403341781,11.107594552300927,27.123482691697806,28.821231481868306,21.637804431721356,14.120748510725242,23.096209883489433,32.144938097770996,11.045998826744745,36.59961994254327,27.641290113324725,32.558316688612045,24.566825193448725,27.597682623274647,21.278209844266573,10.414302954737579,21.996652310805153,-10.980082482396861,25.842535713514902,17.07864570251832,13.299458350552428,30.403956268959814,37.9441694944539,27.16368411721293,23.927922205107233,31.53136227387742,23.536527619314207,20.658496889826697,27.342644883367374,31.21343097438769,27.692349808881715,28.431813588647085,31.580816078554683,31.806528349434654,21.968665251057832,13.88186188068141,31.291298395798616,30.204084611463728,16.790833480652523,28.022415047544843,31.909729423453157,23.189018215757248,37.40949322543945,8.8762090065888,34.231380792943035,28.69992543747365,31.194065018069676,37.756747864091,-6.604695600843909,12.687922674058179,2.5967208504845343,8.8314944312116,15.627594713081125,33.60392826065627,27.72817866983106,4.2128732710008565,34.85001481218975,30.110770463404474,19.29067581000536,17.19632242892801,22.116938883963538,29.709145790950902,35.2136560384664,28.421649124403597,32.67761369707621,36.02495328234589,33.291096594085374,30.427511972666018,36.12503658990428,22.94956853116907,30.293906271316903,5.514031486648419,38.02921585769938,-9.166608891504422,34.85877389679638,15.802175125759119,-6.800064590145037,2.3791878578484025,3.8915820085508486,14.647960107756553,35.97293444661538,11.09074293086238,34.29128479494514,30.649458986016455,33.43313523886504,9.89249159488908,29.75724933587791,-9.299257054145656,33.267271528821226,36.56307951425747,8.426030344553618,26.10669792480141,35.006167228755416,14.595523682528176,36.64340826845506,18.982209746302907,29.863455408542798,21.509996047508974,-3.6178956312585973,33.31994325319503,28.533560220202457,35.46332917773834,24.814659743832188,22.849045656966616,36.14845565404334,38.8336190344702,8.967181584866752,21.009749161442986,21.14384001143408,28.793323783131818,24.02674562188348,8.688856751701882,31.073131680408505,8.286155819472858,11.24722255598677,37.68158531907362,29.390318042602722,12.52196732633795,8.779342564344754,19.819473170924553,28.556343416838292,9.866676584377776,27.11848400240491,5.645032725114304,16.326756875338145,15.627574130301607,15.728882526550361,32.17703106863921,38.352550840771585,36.96177133134489,23.57646711608072,37.52299155338142,30.447914052030107,0.8642401850891013,32.4909918352359,-5.144794277614364,28.250857168781756,37.522399799195554,22.589762819575597,31.664274840553208,36.79798871509887,19.349469588945137,8.548088566308454,33.06424565224115,32.85749704221789,31.18768362048185,12.139042874104733,29.00813791208465,32.88821255469273,30.81907206011971,30.961742714495344,27.433069635216068,26.98751109429883,29.914167242968713,20.02063280057678,22.922151318399873,34.731399898234585,33.58142360043174,0.8577651007650328,32.607155779302566,32.79566621391476,17.638300347978717,24.38492522132978,35.914217935838984,24.12795345396327,36.71979858045904,33.86786678497552,4.565948607975799,37.0196123841662,15.787498584774026,36.056735474204295,34.14917200011745,21.162922981269794,21.335742636642173,16.926999889060667,38.916205525039764,33.45535392094914,15.506822492542865,12.073149069345815,18.085274803592778,13.277714532950084,9.085930123610543,33.02984088923093,36.959849076064195,26.961805267063916,28.98660964050874,10.416252267132549,16.907437522636176,33.60628996056784,35.77065766119057
34.41059133370077,38.06398871595975,8.594765820540498,39.80809270299479,38.99187334569313,16.968980872269448,-7.259698454701289,39.22724217067758,29.625630528952012,40.31451217884998,18.732736841997635,11.346981418032843,29.102220836723316,30.422094499227846,22.93484832762654,15.123600829539562,25.130695550724536,33.85946750391925,12.1843580328148,38.82821320455564,29.554526553705298,34.920331869163235,26.137977100821242,29.472014053964326,22.37316961697824,11.081712558666863,23.89041280994326,-11.69216258567942,28.126990775894658,18.158888452519307,14.226397268201717,32.829854946802136,40.40654379007854,28.655171709608663,25.134957772157975,33.97920650046531,25.236317819075698,21.70590887262705,29.515677352181925,33.66225155852729,29.15102834164338,30.118988296996623,33.632419316064976,33.49970845130807,23.655811459611016,14.79116050073294,33.534411479375656,32.54176070244188,18.139792673319608,30.146212141629906,34.40275225491862,24.697028691107242,40.18959223908159,9.56879788374293,36.06516177232817,30.714657191509698,32.856212436221085,40.410700542762505,-7.1584097377163145,13.485415600980787,2.935616972137424,9.345099333310234,17.290150132630703,36.003395010214476,29.39572114065847,4.133609047887267,37.57649538971503,32.051111325452005,20.198253282489446,17.773945807980144,22.95497488691878,31.69358812407474,38.00238717634493,30.53187232242827,34.77288965333203,38.35612255816801,35.13892603603345,31.765913251912615,38.96547870520097,24.568181616995368,32.58818660103821,5.4731598753310715,40.18663544910856,-9.866917903689224,36.64800901689836,17.167467450557663,-7.264047209030102,2.6286775994226836,4.196311684773536,15.664041227596394,38.39402098017187,11.447941476362407,36.53598665124212,32.99578261120206,35.61734169449443,10.716854406737783,31.391557800467268,-9.928744129674826,35.768861626522444,39.08102832928466,8.925128783015717,27.52681065403648,37.42036312748697,15.081936778817202,39.053193926223315,20.40590327387919,32.26319398635898,23.064185993344633,-4.398504044512765,35.29236881099987,30.50970175817305,37.634392618927805,26.763294641601192,24.483209420782885,38.712234248088244,41.367828484344585,9.647379542775527,22.089964246543257,22.31703033065146,31.162437408756745,26.074133287693545,9.090184605059633,32.550762376324684,8.712953026622534,12.178202595521006,40.28594325464309,31.68498690659351,13.148010996664434,9.46921759271027,21.134283084836877,29.943640797403823,10.143750299139203,29.143799298300024,6.119672966466982,17.946634727504694,16.3872624347716,16.701387641589978,34.06671714229645,40.48066958413668,39.67343047970176,24.918698598168422,39.72779730900509,32.44883922484752,0.5746453604024107,35.020322017129956,-5.590272238532374,30.45694330833399,40.097786297091105,24.275835576615783,33.75652882242736,39.28967320303022,20.687471870050075,8.551981537702131,34.90181561898652,34.87256153730823,32.98230735454991,12.691004326984093,31.27054495102868,34.63043000320179,32.946783087323425,33.03020127337441,28.94413882582214,28.791378096035544,32.004766237108434,21.64046785934793,23.908261180409983,36.867261325511166,35.693598472651125,0.797767657804624,34.874663034712675,34.50555184431713,19.422697619407018,26.12945177422639,38.47345113775601,26.071988360228953,38.91083896148347,36.17012289294123,4.706062941579347,39.59264630096471,16.849111351849476,38.030776797671145,36.85532371796011,22.94364609668621,22.312814669335282,18.261960899104782,41.18054199265587,35.1376435866302,16.325557294204266,12.992544703847257,19.127545538438845,13.83904136797121,9.711947030733256,34.90994981667993,39.23697817241362,28.23241780667922,31.017355903863304,11.146802201904935,18.16233720860151,35.456216943322055,38.39788151382531
34.41512923560378,38.24549512970233,8.51358009525177,40.18962856619493,39.07585343298291,16.87470410826267,-6.9761461016035815,39.517962412060655,29.533069922080085,40.223783382265104,18.267900404810423,12.035681870135301,29.020979098683068,30.727243634141697,22.709414668719063,14.23069305352079,24.377703685778126,34.49968068824689,11.285677965675916,38.84642720668383,29.51474439768774,34.50504461188229,26.20232923252308,29.389144460689284,22.66229518291849,10.82937330521503,22.9962243186244,-12.361138172548202,27.67921018370252,18.473513869106696,13.859365458901587,32.46963220056314,40.456153418825465,28.594794334006227,25.319570304616164,33.93718505762649,24.887102263916532,21.599657277775144,29.48871389720237,33.581501307993584,29.396915856431498,30.332762436241545,33.70073398033133,33.89068861089645,23.521894959489615,14.842992260277546,33.76495716485536,32.331980112560835,17.698143806234505,30.31168018492664,34.36453155712506,24.51851777095736,39.93149568782039,9.49671850819026,36.443389615366215,30.334810132017946,33.30863377138712,40.640733140640975,-7.021816397370328,13.370715987375645,2.2789938245496852,9.009407387529011,15.911149473974902,36.002947933260415,29.548414701396055,4.501342110563073,37.326573949390585,32.15711348767779,20.3976657792011,17.86530206126431,23.51813413301459,31.58326094439049,37.42408507343662,30.261778594917452,35.11525538416233,38.47349682329941,35.501818251076664,32.58486478885199,38.59456374005949,24.50911438612462,32.224635409496095,5.484585766111214,40.749627657017875,-9.843390370266516,37.31329679178514,16.13827042465319,-7.141437166469547,2.2410367525267856,4.012680699886204,15.530457224143959,38.27773197795614,12.057534472031406,36.84280427953388,32.499794038532265,35.99774884233793,10.358082708866604,31.8789759961934,-10.009497897574445,35.71685838932231,39.267497029369444,8.809902774387572,27.619070346150252,37.694822329880324,15.196628223572837,39.11663959328642,20.33065697952277,32.063472037837485,22.357705755775914,-4.136492904257014,35.547954114467146,30.208180435535574,37.93154002540021,26.360942264384008,24.404002727399043,38.778303478398165,41.673182870893505,9.38239895621268,22.1323892894701,21.98971372455863,30.76216106258455,25.025385186115553,9.230434985983116,33.09017776326402,8.681601912247865,11.919664232710648,40.53134163211186,30.9149966585444,12.730671127784996,9.015855525951157,21.141294636732766,30.281889001822364,10.25682070686369,28.993083626574276,5.984560414860602,17.068034203874888,16.35166618625575,16.602500006032056,34.192382586277205,41.17231474946446,39.245309261457784,25.035936828515382,39.978008700265775,32.86394764089559,0.5498348392992227,34.86475569502043,-5.724850169814233,30.234045533420023,39.94923897028614,24.58025292436694,33.9143644266751,39.584114633996066,20.238509231477817,9.233323271091326,35.557056447695935,34.88232257076436,33.36476705456846,12.85800765374925,30.647419812130554,35.24139281288204,33.09592326826863,33.36172014466493,29.530241574589073,28.620477921222435,31.981749356348082,21.065967150993732,24.69248471953219,37.05832195688347,35.72169806707763,0.9046238920798094,35.098526747277006,35.0646476856705,18.26220227352056,26.102545580154214,38.41694467325321,25.645339079987615,39.326987634019744,36.37488209689862,4.527597427018268,39.816429647725556,16.751539630350518,38.40382138331102,36.338696623196476,22.29698076397193,22.875765331939586,17.914550096531148,41.76003089005001,35.77397797867261,16.27040145887309,12.722773525837678,19.05025408469064,13.85028709458668,9.454083576657307,35.472548056425246,39.447897847854485,28.71401496192692,31.13974418945232,10.80797693111096,18.00402873256515,36.098396529546854,38.48366330914361
35.65700661826506,39.276914223423184,8.892863449244615,41.25764530295378,40.525821873375264,17.54510703854669,-7.626191448587569,40.93567067786142,30.60670877244404,41.59718236187454,19.449329419502984,11.815891931644956,29.913453951654613,31.586714618725562,23.308621205245366,15.327513167079076,25.60529924422442,35.33156511329276,12.032634048017403,39.924378217528755,30.412830795178802,35.93580196638175,27.32811392942764,30.294294303189055,23.23148933986613,11.356877989306835,24.202889456149943,-12.670351563229307,29.002808507547098,18.66269828105385,14.280364408953128,33.8422910483824,41.92770911298093,29.38849229529532,26.020878693824237,35.12933904169042,25.682146696735806,22.5037459120908,30.788895293819895,34.72280371074545,30.52550328805749,31.049566437595143,34.82554472082819,34.649157482735085,24.413153399374544,15.567610308160518,35.03641801353492,33.45026268900028,18.5214608317365,31.196209139609095,35.52997078185095,25.1900897303703,41.289327849490874,9.89718093035705,37.3757848496961,31.74420855383089,34.15703905501353,41.94489707418188,-7.47609198684074,13.63943970297938,2.6085650586640763,9.40752900307132,17.22109688475728,37.34268002944868,30.185183058391534,4.172786734472317,38.661204556210926,32.97382572088374,20.93905449654259,18.44381460523837,23.828014456262068,32.516180082372195,38.982467516679385,31.390211517901427,36.0756568496495,39.657478406407314,36.42729070309945,33.21899290944702,40.17485199172695,25.015473684606338,33.41931126285977,5.465346119989913,41.88628908238144,-10.383968087234571,38.21136024646437,17.08522079966354,-7.621666073202395,2.6575395750679323,4.426100289735874,16.369042363677902,39.38023649345678,12.06370103775354,38.07574183932716,33.8438650569609,37.17372831810526,10.82094522205347,32.557951685221724,-10.55617585187685,37.00715285238959,40.74606624486518,8.98197744789409,28.368459593061374,39.16255372568043,15.55286079824394,40.36950457032776,20.94517288543413,33.324486890870475,23.296864514889844,-4.661263936476865,36.582607426933244,31.096077380863733,39.06191217162655,27.203572838750755,25.21811002411597,40.08383660490664,43.04954880800639,10.208398278851512,22.679372575913344,22.946577928289805,32.00555345404547,26.312088553775958,9.661666774253565,33.829879714572,8.973083600528371,12.745699578129072,41.8573155814256,32.45090605080809,13.377787206485626,9.438713670212568,21.844492317548077,30.855911141714145,10.1931550562369,30.204802784040595,6.173758703142401,18.17556478166622,16.58950631026663,17.199079492404273,35.160966696514265,42.30515694668238,40.71205737541167,25.98628021189215,41.207001108285546,33.823175192922676,0.3294830971814356,36.15507925127864,-6.27927930111713,31.33815573290583,41.525341574237785,25.247973847635038,35.050277376140365,40.66755745420071,21.315893395799172,8.843954836434222,36.67070153129827,36.13612111208134,34.048244827868565,13.276778273521833,32.08849443028085,36.32123396481394,34.190364293500714,34.495497273048116,30.182592339386137,29.704411408304566,33.223473911599704,22.23833467326612,25.071675220153608,38.09075407108507,36.83512923468553,0.8341191424680716,36.24225997077048,35.942730571828484,19.714952224011835,26.99922230139561,39.65311923202713,26.614633813147513,40.70338506106563,37.80286734163093,4.3919415037994085,41.170058658948946,17.17987999443404,39.330740759561664,37.827445071911335,23.28793005654059,23.763075250954216,18.959565383305474,42.741150834079214,36.7591908297571,16.468766753456713,13.543696858426102,19.443938175953523,14.211922309451566,10.025246301009663,36.448835467754456,40.70079827912996,29.385109073196038,31.96633801071943,11.02032677434601,18.903451826981467,37.11949595999219,39.844914623370684
33.111379520773774,35.92878939639677,7.939424160937844,38.37754418849998,36.74279405344243,16.162683813590146,-5.994024477215918,37.40312136387948,28.3655031962336,38.11087554346,17.21634988137007,11.632128592656303,27.024824751457956,29.37613752959669,22.057787335873527,14.441822481481694,22.873116059635382,32.745001873245954,10.9007982920762,37.05804708909299,27.862985929876118,32.72460640114851,24.760675263275825,27.58158571748281,21.286919428188448,10.615542699675824,22.05704395801138,-10.891058759029233,25.707454342378156,17.2810415182217,13.433043933345248,30.235684715374923,38.37599412689703,27.71715176972201,24.759540739711955,31.72230479899825,23.551835566125327,21.451906658143194,27.313849147013936,31.18221141815141,28.502771350261362,28.544747178059907,32.06344974099542,32.569540482530506,21.938079830817838,14.227060637638369,31.441147857232497,30.195367620608256,16.87355237749474,28.053772409058237,32.031379176732734,23.262137748467,37.664525583488604,9.167383132477136,35.00752295255109,29.230310674337314,31.899801106616554,38.13861714604552,-6.757766176967804,12.88726618028737,2.5240586380804926,8.89577732421763,15.488887753847408,33.76079572926294,27.740664060799,4.321765374371175,34.87446924815528,30.191077453302718,19.546123532189174,17.92128642270146,22.871771308393182,29.964377229127685,35.333980307958164,28.49665960107613,33.15435502857268,36.3594724921202,33.86423613502975,31.222540034873752,36.27211576531551,22.804742726311233,30.24441608221415,5.902860565760833,38.75553725422873,-9.206962545112262,35.73525452759504,15.643347471289268,-6.839970102444937,2.3629390998707116,4.0627442579426996,14.973731332922439,36.21192139049355,11.747456394544464,34.69935660911266,30.93261202663145,33.87341976769051,9.960645156648656,29.97368290811132,-9.444025077318186,33.37508583278629,36.9024512542659,8.714214987596826,26.46625590406871,35.36243213568196,15.08472795717231,37.05343751249664,18.910688353224383,29.940911383875456,21.546714245628795,-3.019585540296282,33.63809950330277,28.53054316092942,36.04558852060654,24.674547488226423,23.08416904779655,36.61196949026144,39.24408863800129,9.195688904003608,21.406069281904244,21.684483470881066,28.729914336345463,24.07665066169556,9.035207102818944,31.64802341169679,8.434419190921002,11.429450919479914,37.984264362488275,29.58670342389886,13.093394429912083,8.966925508006543,20.189464197419028,29.231955432083012,10.281856917278658,27.358621660981534,5.702771432648713,16.436554652984285,15.94160167592968,16.036617091615142,32.577323081257965,39.19052004528931,37.125538526473896,24.115658429578772,38.15985701630531,30.663601279640105,1.2824365659256096,32.63237914639338,-5.138051845989425,28.24074455740437,38.03756609560799,22.4532302797163,32.06756490071006,37.08497396178797,19.555538706972946,9.153675696534972,33.69664721944424,33.51125440569239,31.733681950295157,12.423130126069516,29.2383192026247,33.67961894851275,31.178512817917746,31.283387444918446,27.751567698369396,27.28982310171927,30.23884440944331,19.862575565649664,23.310774918076458,35.37660102619025,33.775187473800536,0.9100135711788946,32.97188201900956,33.575240433354274,17.546012153419387,24.4282778414121,36.20257184541642,24.03021816670629,37.45104317138392,34.1523657609027,4.865159394553342,37.297497082232546,15.654503339438557,36.83825697966136,34.21531933393766,20.98536013671031,21.890620173107706,17.09585745166687,39.71766796844382,34.42499274570506,15.807334151362316,12.090184998569878,18.201269753612564,13.505031505121693,9.314893834069283,33.58208931115007,37.434457433450284,27.529944108048678,29.0826491123999,10.712790184038715,17.084680650226957,34.51950263393389,35.986751553771896
32.954176601125795,36.294619979499785,8.240672235429498,38.2816778519357,37.31423553478673,16.243822382639713,-6.604916659896559,37.6416370274617,28.28005421077398,38.44260881371053,17.647471225039016,11.184176704553245,27.686747164172957,29.235886264562893,21.881227923856514,14.135688755952403,23.62996872202925,32.79764517962415,11.185394265688128,37.09562134798029,28.204267925180783,33.034652325582236,25.040066981064015,28.098578054301612,21.546661454810213,10.688364415712055,22.305724659274066,-11.525185572824022,26.511695698000256,17.40127116790652,13.45337375268517,31.0357698408687,38.56011924625469,27.474495069536875,24.34956617687525,32.39409683881021,23.93741033147301,20.795155703671288,28.128357839806643,31.968928199919954,28.18731994287236,28.930037633697257,32.10577990742839,32.30811584076078,22.56891558884116,14.25487942084516,32.133129859962416,30.90301321646986,17.033263423720058,28.81523699536711,32.81133746151612,23.50966652300884,38.16299203961988,9.247919480878773,34.73736578467948,29.22902315101947,31.755074051057118,38.66248003591592,-6.888364784763683,12.719089817666001,2.5346466032058577,8.81253708815343,15.784289506123805,34.32609197397174,28.133492725892246,4.0817192162828455,35.645329797823734,30.624931578643427,19.449495595920045,17.238924148113412,22.352640562165544,30.16082674216867,35.920925921444635,28.992648126441093,33.481109423635004,36.69061010215236,33.843903568045384,30.87100908537944,36.89776102293113,23.38513986455269,30.80577320517913,5.450853337934466,38.78291866227726,-9.405174553588951,35.45995393515935,15.813256118728066,-6.868641961171652,2.4526575226531557,3.9788687300660444,15.063413073056301,36.6118211280033,11.239388870646009,35.12024581508571,31.17058304382437,34.23942983939243,10.196006699723801,30.306610583492425,-9.511362995881143,34.04629154979643,37.38261274272589,8.525655508259335,26.301442603439707,35.86148417503778,14.59684805119875,37.3666637717686,19.441226575030676,30.621171003749943,21.664391849085007,-3.9885359098829563,33.86861507330642,28.940189415904367,36.18712441763972,25.32745874055709,23.39821094820116,37.02659996999326,39.700188794625674,9.17618082268554,21.277433407061363,21.330496936579,29.502068216713948,24.283394133409725,8.95035211469009,31.516677675081343,8.482919490012222,11.500575031199178,38.542048839746556,29.807318493737686,12.49995603900052,8.869875181610032,20.327552765317908,28.895584519917282,9.74578549209695,27.852848546483006,5.868783829081204,16.62591204324205,15.735518850172566,16.00931906555482,32.6739457264965,39.05882170952234,37.639145577182816,23.960332792230385,38.14711677320449,31.14403207955914,0.5655442355447136,33.33761001592437,-5.465112760214155,29.01226170509348,38.19084231921044,23.309675993358507,32.35310475739041,37.605241484446864,19.52676507277504,8.55746527307092,33.76536002924946,33.485471422344716,31.802579917770053,12.374940779078813,29.482803650263893,33.54526679984932,31.67373950022238,31.75000153357839,28.05347356227982,27.435516498709863,30.647244381444928,20.38724503945135,23.211338497083734,35.38450983244873,34.11643227239804,0.7698154659701388,33.39701816902898,33.395365689965665,17.87082053617068,25.023088853133274,36.67588108512501,24.615380771470893,37.4643001704752,34.606022078761626,4.336315756455651,37.912064161837044,16.06596716882454,36.60455913196534,34.899064856952144,21.551268385449145,21.734536969174485,17.285214872011082,39.69198174464654,34.088091418121316,15.76594752971736,12.29897488329964,18.266743697498693,13.246912740533642,9.265877115997931,33.59652818540767,37.68579363682955,27.351123914734334,29.626905732454954,10.574318139894823,17.267346322558897,34.32128866456024,36.67863408992169
31.096307017475503,34.299792759016306,7.499001676982437,36.14678544214196,34.91386879455917,15.360118091079476,-6.122848256759452,35.35014405896918,26.836903206842454,36.2560409818967,16.45547502699198,10.724422386550016,26.035023150971885,27.67811252770926,20.744693301833816,13.587032837468055,22.147910019748423,30.753590681145905,10.614918584429695,35.149178979274666,26.470170521304077,31.37757750008724,23.39652669195397,26.49300786208394,20.34537651877975,10.069280006246581,21.14387363232178,-10.350482061851666,24.832071575211742,16.453321179680394,12.795126398700297,29.2079132948278,36.39769913713063,26.086571509039963,22.98873838833801,30.295109835143975,22.563712585585044,19.887830205641603,26.17673388077337,29.969590218658166,26.49711009577367,27.252898782670137,30.24115547468184,30.577892910018374,21.07248344452164,13.255274640865025,29.936215180946526,28.98106906514268,16.126511200436195,26.868247383777817,30.6014035135149,22.27700828209111,35.95489919238024,8.692559222105146,32.87100946535748,27.536071745217093,29.942317528507992,36.23272730838028,-6.418480227306506,12.35300750001517,2.394001255646942,8.475913790151088,15.095568065757979,32.2013686418672,26.60428210892367,4.0320467117714385,33.479316877847154,28.927320369814257,18.416922319972926,16.50456459392443,21.203206227864744,28.459061866803374,33.86698881555213,27.36473867485266,31.279372841527355,34.49500123761438,31.95449706201779,29.074931849220274,34.705108079622384,22.0747749984832,29.132579370452195,5.294879046057844,36.40388087317715,-8.805272728698856,33.44631901436514,15.218680317811843,-6.42819264180153,2.3389930123463434,3.6834551669448707,14.180725678382428,34.54873523000516,10.82702776280103,32.84140238947452,29.47411918186378,32.02613239261237,9.63728735849204,28.50357123176574,-8.999935938139624,31.934662321614443,35.07730992343396,7.989829833190399,25.010606536204545,33.54582015334323,13.961832287662041,35.16716375633563,18.160174536533244,28.67334865120228,20.6616248478254,-3.322900087538683,31.840872096044887,27.407106822894466,33.96152176644012,23.7923092095564,21.89963595338851,34.69942314242733,37.18965480691369,8.585329731937875,20.20004167410833,20.26943775993171,27.683872531504417,23.199988037296524,8.278531790890387,29.77716294062815,7.854516199320614,10.795406673358906,36.11324946843394,28.323056746466527,12.030105923346484,8.359308866921845,18.977186940253294,27.397994360631664,9.631928569058324,25.96227614218268,5.417178883323117,15.795044991549627,15.0116787705259,15.19063216949714,30.903610009173992,36.764400640534134,35.49844240639371,22.557156903120887,36.00971706261918,29.21118970590986,0.9923673320024772,31.189385937656446,-4.767748512019138,27.081968482823076,36.00784920470423,21.592363166459247,30.377801745785817,35.31768794604809,18.615442678907392,8.235674835864415,31.63934471501114,31.46163862338341,29.9971766898377,11.754681287744553,27.934375040520685,31.469330439114117,29.540865405431962,29.644379477598957,26.253094411901465,25.859619532827008,28.632746600537864,19.16895640921481,21.886241780278866,33.32615228200328,32.18877225538341,0.8646332797829076,31.241698564889447,31.39948685980534,17.023717454730768,23.31409131557038,34.46785565774671,23.103401616329773,35.16974715757287,32.466738714906015,4.6080835195566845,35.47844850264175,15.164661635903398,34.607737048165184,32.75205566459593,20.355837849407767,20.331231930890127,16.32717154272221,37.30523826475737,32.012560360342626,14.945946762513465,11.502180359365674,17.28642157299824,12.646046130405674,8.680796841424849,31.66814202239219,35.38217733315577,25.739807712022987,27.819862379749516,10.070537110520068,16.17781280907344,32.181018193755314,34.287959881204245
34.355501724208594,38.02138937328891,8.5557637182318,39.95013467790357,38.931119525156106,16.95313868003315,-6.987859030300913,39.24679270782031,29.532285861465454,40.19535664643976,18.36560427469238,11.641687857969954,29.023763060349246,30.51441609513167,22.81241111453422,14.633944235290953,24.732365314053464,34.19157890345504,11.717593143340023,38.76390841094264,29.497297019640957,34.58405258960304,26.105480336392148,29.456249979419983,22.65271115452872,11.072094445447291,23.30949866852351,-12.095650427308655,27.78453498644176,18.157290128089972,14.093867815830595,32.54677505563086,40.27944417631134,28.721067635323333,25.30842705120082,33.852711788001486,25.073105569186183,21.51297519115246,29.357673441184364,33.481890518701725,29.19556481112348,30.323214756113746,33.53500360000951,33.729233546506414,23.61180097987753,14.725028801104536,33.53713003137588,32.33577331433139,17.835635827205742,30.152327991908756,34.26936730665402,24.62678487824372,39.91150647500428,9.639883717521142,36.32196035495071,30.385478241900454,33.09716102040157,40.361955102136754,-7.213595231642853,13.404710989663299,2.5180066506338368,9.404812432402759,16.50857866030237,35.86519914854894,29.545121295640953,4.213590445770772,37.298351390442654,32.09509933531019,20.346633191233117,17.8886655396597,23.2591953501002,31.522175093348064,37.610735648746235,30.408413843247757,34.874186813016266,38.37025995419079,35.348371788422305,32.183868139517955,38.5549449823432,24.632484897085444,32.251495730947866,5.538884625518852,40.38112691860346,-9.94721083055449,36.96569997192958,16.633734701392374,-7.226800252681896,2.6645351874247436,4.14774223607789,15.639748267194417,38.34102290433344,11.713422844401396,36.61811112771412,32.61896157492295,35.67581809084001,10.586672891543218,31.74566574547628,-10.06424086447692,35.647955287255414,38.994777371188015,8.796371241884149,27.529421358337984,37.416083231670136,15.114655910140126,39.07280007580224,20.366041840096145,31.946078378848107,22.69581286694363,-4.313894645226344,35.42766888195669,30.42131504971984,37.71847020347332,26.50309812930244,24.337598959427226,38.6366917569189,41.4354910014638,9.42750986213414,22.210962582177654,22.171811733029788,30.890027897503977,25.435915278796926,9.108937808204896,33.010425760275126,8.752884060493264,11.923401770575303,40.29651825008479,31.188563952016086,12.85987853214604,9.243570369887543,21.111516190082128,30.162433226807114,10.119984846021396,29.007779828592998,6.179272124305603,17.31012174388432,16.51639947009646,16.75657704181631,34.16270631600278,40.737336404146134,39.354122885369854,24.889969476142667,39.82713913022697,32.536608393750456,0.5124094095600928,34.840980581347324,-5.705747610224838,30.272950619557296,39.86692824961571,24.441330376557904,33.72639323319474,39.349216651650664,20.39643292546779,8.838172733739631,35.17817252045597,34.84200822136135,33.21054677682525,12.826727214180089,30.853185069984267,34.847509425142896,32.98693090230356,33.09519642724755,29.280586961815878,28.616215379053482,31.951199384970387,21.370445675861415,24.239940748707905,36.9350678350957,35.65900800710395,0.7926468993298764,34.8556482685969,34.770068967598846,18.706038729033327,26.012514656062997,38.29426791960194,25.71750263980111,38.99821135108792,36.118497453173845,4.526196850780812,39.60750635271571,16.95810293577376,38.23595462434166,36.50821763127616,22.61752324712668,22.562787300459686,17.95497178510642,41.39627860777581,35.43692105348148,16.414242823371662,12.805648523206902,19.09558987693454,13.856814567530101,9.654877415646453,35.05498866571161,39.30339154194077,28.486057835364434,31.075308436554625,10.957162520408913,18.022472487986676,35.666841919899014,38.29236059672662
37.584601654296826,41.708386127731,9.736487678036305,43.52048175953918,43.339188254209866,18.616533159925133,-8.393411813615508,43.50679293821693,32.26111098514617,44.242380130799205,20.970338745330956,12.057481116566091,32.14207903483236,33.200153582588754,24.5956097845712,16.026355145699497,27.727456260389452,37.39653164128959,13.030835722106042,42.12273964561924,32.486528824845365,38.18920882823665,29.070017628446998,32.243066790470024,24.64999315900624,12.09596599506158,25.850535948437756,-13.908368166237649,31.298491380850407,19.730740334041045,15.37347760889462,36.29670656536908,44.44654311676969,30.841051812151505,27.29403786654429,37.79572059638669,27.56508637510546,23.264770437818292,33.18737795151372,37.3470573849568,32.03341308150601,33.055912991557705,36.89545235579004,36.440309587485885,26.424427153756536,16.636144675265932,37.63333883675302,36.01313611038383,19.68039413462442,33.680141692084035,38.29156063678814,26.755630776641294,44.11043648935635,10.603146242506352,39.323678087242605,33.65715415985503,36.00117686789439,44.8128937920563,-8.045323679379736,14.223416239182324,2.8884858123146717,9.917757964738836,18.539805152536207,39.878077565780636,32.14376243396477,4.269633861849011,41.5197321884296,35.07727055003936,22.042667796521567,18.95990626619881,24.778584545367366,34.562074858399995,41.77685992744249,33.68941963560994,38.520153247376214,42.21987194664581,38.538478819344036,34.82103151520865,42.97750692617596,26.898578623128838,35.69967262775299,5.480596206734493,44.27921412685515,-11.098470815984621,40.219628454852455,18.191572611047462,-8.122569824479674,2.88247080488771,4.727015431045279,17.35886673651482,42.05555653736853,12.34107098065361,40.6058019257235,36.00480602008221,39.602164599842986,11.641712347069891,34.678210802178654,-11.16774327960147,39.68358127791194,43.40698488374458,9.516290885808907,29.861050075383318,41.79311355984863,16.133036670685563,42.944919585893906,22.678884381808043,35.78688549092032,24.74429762622371,-5.696629239066066,38.875001322428204,33.138330867348316,41.48551142534231,29.33780649031085,26.9864757701957,42.850171728844714,45.88844082655839,10.774249250146227,23.84027815774497,24.031791944721757,34.54654008121342,28.05517821914731,10.196582366163625,35.64773775540538,9.527434356004775,13.564931074403374,44.71817210542576,34.51865271451777,13.833821536531199,10.068724334346056,23.246542070458347,32.42866451936673,10.26185945766159,32.5337476351797,6.786616351465696,19.430261629687767,17.469625332920945,18.1623656273258,37.234231206477354,44.6253358384933,43.47419183048785,27.318212122464455,43.590943641419365,36.05376411448837,-0.27918666566420314,38.87406096671106,-6.880192564952192,33.81638993956929,44.04882405287356,27.435860155637464,37.363353432620634,43.433366435238575,22.461907384483688,8.817792459007675,38.852443684952085,38.36862888495819,36.10303780952925,13.8731152220155,34.22492764859424,38.322161896983914,36.704051971271596,36.904732452884964,32.1113346891175,31.587033351244386,35.501970661376916,23.894182114551707,26.23083375973715,40.44358560149278,39.1240970948678,0.6678161515123127,38.695490013923525,37.914930247249345,21.102420493094286,29.064933235080954,42.31922222767499,28.68086709652726,43.02759820776225,40.21941547486952,4.187651602218614,44.03420939068007,18.510589980469398,41.46758899824709,40.66818154589524,24.98971974175551,25.03540189585718,20.159023584633232,45.27468715230532,38.68691931313697,17.681740840937906,14.578960474368731,20.656034329646634,14.740464939223305,10.670604471882825,38.344518596617775,43.296229411568476,30.94666738520718,34.25473356000308,11.670884866583373,20.081440082107186,39.16319503085792,42.727234501800794
35.000653758198546,38.672927127634054,8.793858902506457,40.59048471800568,39.73279464354752,17.294741932390355,-7.254643584775055,40.00057666028977,29.975517566808666,40.924122369044326,18.818618659810667,11.768812892492164,29.58672798291192,30.89118358136865,23.087096621691348,14.988446088912065,25.32924481379225,34.74256824960235,11.961269830972508,39.38103696834728,30.09415084803399,35.270245754310146,26.5277195166158,29.955218044786676,22.886461695333836,11.254179320517348,23.84680944526335,-12.296912941557943,28.410118085222877,18.465210285590462,14.413595100176694,33.193967482047675,41.02140952133145,29.065370751373578,25.646820352111476,34.587389211268274,25.554845781221765,21.920181151798264,30.0429159466122,34.16915937287256,29.756994324574293,30.788227402034792,34.083831205189696,34.21076039208112,24.102578821878197,15.037005131987138,34.248785245276125,33.06706551347332,18.197398019702486,30.779122552594476,35.048849508544784,25.035170122604008,40.7506199805905,9.77336936849817,36.85346238703074,31.089931674455595,33.65039649689934,41.18968558571089,-7.350399706454758,13.562956306010406,2.715981919623128,9.380018991096074,17.005614709823117,36.565566500496644,29.96108665134097,4.1966341571570185,38.10179665443227,32.60508138439364,20.542119286824885,18.090044432147877,23.54648835400057,32.03764249923161,38.40440550952392,31.027839172628056,35.59006364293771,39.056163634894006,35.89859033520691,32.58373305063,39.40004468682352,24.974343176849015,32.89286233476988,5.481980199319038,41.08217568861008,-10.0649860800412,37.510867472561756,16.97686016014816,-7.313728293676995,2.5478490413658794,4.208116195261793,15.96049305346487,39.01334691609305,11.825397412298962,37.30932589976765,33.26747272546967,36.37991344075946,10.842483984271391,32.244060613029085,-10.116199769464316,36.3601895575514,39.797566975112126,8.98363570284489,27.880610325978463,38.16773258368078,15.337642467268887,39.757044988896084,20.73219290841373,32.72380241138266,23.12025422952289,-4.516539703933683,35.979300290141374,30.872433709345227,38.43078811492242,27.051160013515172,24.900714481349308,39.452748175259416,42.22057899303206,9.69361448950292,22.47132912935993,22.54805448873329,31.55993222361081,26.012929339336118,9.396955535459023,33.389708343325054,8.803235052732282,12.233104306642046,41.07969275158425,31.861706497009997,13.141939443632449,9.362641077735194,21.50884342931934,30.561107921890905,10.250486298710015,29.7211844019793,6.307703579964872,17.752688236325817,16.55764434857792,17.062999259379065,34.71383567330413,41.39977750188379,40.141493889165325,25.34277231291064,40.50205334321229,33.14184691809774,0.42963345157265936,35.61553318005467,-5.854823917349521,30.952679794617474,40.65127538859525,24.93584162312209,34.436947510334285,40.07160427930465,20.733635823173064,8.888002464821792,35.78422172783437,35.57425084661308,33.76048437088643,13.04977284773606,31.560562696243544,35.480823814672036,33.71858223005444,33.76190003076121,29.764065337070022,29.15738264316111,32.545336065471325,21.848648488872506,24.464745587053283,37.6212636101756,36.27339775307201,0.8730332101473874,35.60073150962039,35.35225703665418,19.13435350169747,26.625912179025462,39.1001646447151,26.276448662010218,39.711608322354955,36.84066927326203,4.536535317992275,40.38709804574087,17.140580449126666,38.840441195645,37.3124303115191,22.962531423815495,22.975051840880514,18.340298727850236,42.1077194803597,36.03182823118798,16.55385502898672,13.038101107116384,19.29335309594027,13.935413262064197,9.674965626224697,35.57578846279723,40.03185514559323,28.91161409336623,31.613286549059577,11.18733869856979,18.2926517477181,36.339846128442694,39.122011256500286
34.132970226876424,37.59764146490939,8.315391883566024,39.53155700091585,38.29249508528118,16.764428487484917,-6.814480273452792,38.734404178443405,29.27742453015706,39.64832258260789,18.121944323065215,11.558146827597618,28.446800884941663,30.243757751438338,22.670915982637084,14.944207406044796,24.35227110999946,33.62747256338221,11.715345291121162,38.37431612538205,29.088783844740053,34.32954968228064,25.746735486850252,28.86814122283019,22.185624728852844,10.854623702451061,23.30788161741163,-11.495191319937256,27.27913375159999,17.92093851639265,13.938330294688466,31.99997372522488,39.939154532443126,28.43854986410596,25.082972983141484,33.23370194149812,24.730225176700056,21.692948167901946,28.747462105212367,32.89143302988355,29.05785335912303,29.71004470499193,33.20352690416584,33.330652773882385,22.98550047470086,14.605662587025575,32.89728016530987,31.840943842095104,17.74133384006447,29.464050933772345,33.63341745395784,24.23216773817698,39.49186799705884,9.436596976382289,35.954747423070465,30.258029520082882,32.69022198122914,39.76202406553,-6.82821167701367,13.362016500521706,2.7094963033837316,9.280733748113056,16.6766116093201,35.31772113719541,28.934179443132653,4.233672024166744,36.72459937043021,31.52866862519013,20.094150078087626,17.888757566175624,23.069101946222926,31.21271275039045,37.16648794708162,29.948513358990503,34.34343381819617,37.85291115883639,34.90573706011446,31.845471844758556,38.111733814143626,24.018028439372408,31.863818120944238,5.500616359464902,39.856549177979375,-9.647437793271282,36.541682653574576,16.72273546136952,-7.080147319812665,2.4788524112198727,4.108303871252131,15.401483353161847,37.83892859980707,11.643893641993914,35.974882824231514,32.390556650655306,35.10022525499554,10.383026511014895,31.120564518579037,-9.681143451696881,34.989497442706025,38.439193762070374,8.950777624175066,27.379006034504073,36.81785863103413,15.2282891341722,38.519415073434274,19.913890166187144,31.500204095975217,22.639847707945417,-3.9195797258306277,34.937144433114725,29.938902529794284,37.21947164294338,26.084909343009205,23.99181976447887,38.06874906839419,40.817676127534114,9.527463723784194,21.96044829358765,22.150821653584273,30.346806303433407,25.469663176386668,9.00579770200472,32.53739829521482,8.520853938771932,11.922898196080551,39.64205992621159,31.05983492966429,13.132473647275717,9.284514217678671,20.742697727410974,29.938364596101334,10.303532855525557,28.527338087082754,5.924588945407176,17.332193111321907,16.22288506464148,16.56090109569832,33.817459923980856,40.2684111396669,38.93253301902792,24.73420520160808,39.40608991733867,31.921139703863634,0.8442211539527535,34.22048871339344,-5.508142542536765,29.71889701952839,39.582344860444046,23.715979837787042,33.26050090667495,38.72613025748417,20.405546924345465,8.850081697647912,34.68447760449359,34.58630796733924,32.71998156934908,12.661091552113685,30.663747016895034,34.45010263872313,32.3831659717671,32.50834471911423,28.66364717937245,28.358564110018953,31.351981962870543,21.057792463410685,23.943912820805597,36.585709843112255,35.18611546612707,1.0531812151779643,34.3761828775528,34.403850185762316,18.76375494571767,25.60846223001812,37.799966960480106,25.37557202801308,38.57024730404821,35.571122293250305,4.765179589044068,38.909657925840094,16.49365389745413,37.87588586673881,36.05359499551762,22.212377500316943,22.348861571362722,17.732879001078842,40.885695049131435,35.11321842532838,16.10820290151269,12.68614263964055,18.862157707673703,13.858738573488546,9.53273933652054,34.627318773880454,38.79425815999275,28.18120871527301,30.458558640199215,10.910479003946351,17.829408737276644,35.333297187546755,37.66893253936339
32.03672053578626,35.70552212723631,7.896621082144144,37.26322407687872,36.368023153129,15.83182977775876,-6.610400142937923,36.564954875912676,27.647949930576477,37.64221539018251,17.140261553878826,10.877205644911495,27.39390573090934,28.47051367033321,21.523440877223216,13.716886087314961,23.25927040051624,31.84062038339859,11.110908589590233,36.35933619498446,27.648743867202686,32.51840605018728,24.30296225554591,27.727777515305824,21.24696865471413,10.32077205295038,21.96144407118023,-11.13288262593588,26.06997197156135,17.14084767768522,13.313855965711127,30.6451837550539,37.673540408730915,26.815924262257276,23.44541407484664,31.683575090925792,23.672980602064104,20.00989076589505,27.44568733441604,31.46047304904399,27.060516631738718,28.511919046493855,31.279983032766598,31.41604539277459,22.169359496599323,13.623124904479402,31.323599570476464,30.420034202333675,16.76360125122383,28.250653411274687,32.09195071316841,23.20065081619129,37.46688835419002,8.846085630791967,33.83976223893538,28.288318446636218,30.79680908702056,37.71156321045985,-6.667108431371337,12.67450323829856,2.4336559541369747,8.613568067252729,15.668817959334026,33.58262071142854,27.861211365169783,4.1032916614429285,35.06408307485027,30.22146820386921,18.996325251260433,16.564807085195284,21.654366184306557,29.522108654064862,35.31825920514791,28.579348809109597,32.54158520786947,35.895380217494555,32.97128914478619,29.89571546660866,36.168181063131236,23.31565813334067,30.407472359240938,5.212481248081094,37.63185655335,-9.02039680148342,34.405778406936854,15.839621703706326,-6.616598565255435,2.3293912694857495,3.7144368022703675,14.49043287176838,36.032741861918474,10.887337905970758,34.130400343489825,30.59293482231438,33.2409335161866,9.984230951429467,29.767005564191347,-9.13804967666654,33.3856729369635,36.422481466020315,8.261954339821582,25.802598543788154,34.83560746154209,14.143561783970531,36.55474811903032,19.138023833256288,29.962358867098207,21.446495234399393,-4.045942666275373,33.12216062083111,28.693423174558113,35.179252619212605,25.038267119350305,22.783097292607852,36.070251313230564,38.652163773168844,8.650476313632296,20.786993048623707,20.67508619976957,29.01099331662468,24.034106410183718,8.380711807446119,30.768821000041207,8.182526833835519,11.046379650590245,37.652175722223134,29.29272125381911,11.999799828899022,8.644825798553427,19.716894469966125,28.15734490571755,9.670088770115171,27.076388229085683,5.806941994333949,16.329966582999504,15.455137931018422,15.683079995147674,32.00190656329462,37.87694864277519,36.94049508788188,23.104658767322732,37.18457453733067,30.44213639878033,0.5843150445278893,32.62306588211342,-5.051752357080541,28.418863284465807,37.224296096391306,22.90978344776483,31.513159850934773,36.84076961674003,19.10190532951655,8.2317154262591,32.63920126023195,32.461544535757916,31.109754480631686,12.02599678832728,28.939901300861806,32.36059305123966,30.78198658335665,30.87759294617453,27.376961479180775,26.833094736880877,29.756862532661877,20.08508915309834,22.5700624877602,34.45290413171616,33.49225248881542,0.7867126477454697,32.52738858577654,32.35819897824434,17.62466104699932,24.43180632570996,35.888251178777125,24.24635298415185,36.24129247007737,33.69883751808395,4.4710760830112,37.01932585449779,15.941275050487837,35.64349434012352,34.2608396192295,21.328213865920315,20.830675737457465,16.78909727471419,38.60060638084235,32.85947151040352,15.439467925982461,11.938213567307141,18.119225199531975,13.011065961123887,8.79478702653138,32.70347171214906,36.721506451598614,26.521456471732208,29.15705483771632,10.375102786392006,16.818518490821862,33.08317905612283,35.83413282734423
37.491170605002665,41.48467038347944,9.557688332967281,43.433363496549646,42.8167102805788,18.414388306390354,-7.99512379202749,43.05267287776935,32.01178465473968,43.8826726634979,20.335827568758365,12.437742968662338,31.856743074983036,33.09135321904924,24.444381342513772,15.882758590777394,27.188814138246816,37.38996288479625,12.619295957501107,42.06502189057518,32.26196714809803,37.75156534463799,28.535012678501676,32.06199821941226,24.666650133612674,12.001413685441479,25.36713263891409,-13.653295057498534,30.58244522059385,19.678760591042906,15.406625717959948,35.68676730868704,44.022341760823245,30.937183439768305,27.441545881424112,37.26014096296733,27.433121573932297,23.3008861044,32.52541619699837,36.78589940695905,31.917576294195314,33.102462986647225,36.5082714376593,36.589487911327616,26.003714034348306,16.22920976375152,37.0372247937176,35.58345042058,19.344196171441407,33.27296449817788,37.79530921021862,26.722603049997865,43.67392441142585,10.412905302492142,39.47282744543107,33.296983847422744,36.06890950907131,44.32881154078291,-7.922493094385675,14.336268723701522,2.706287382937938,9.808750944173827,18.016742416967293,39.38565124406483,32.14299944725937,4.443729212852486,40.949165800759715,34.97364920261824,21.97998588218843,19.223535901977293,25.109021602333684,34.256576246505766,41.19824632966052,33.38431603212794,38.28954359935037,41.926706787567774,38.56414837479916,35.00776047660031,42.32526238480726,26.767450555382634,35.25719596436906,5.68274157749285,44.14878302596987,-10.884344445899034,40.289288810233074,17.965069145510924,-7.883590518508049,2.6308930701875606,4.627853900928173,17.0695292616192,41.84600896706179,12.544702259184383,40.223792536446155,35.540619959066504,39.18806206225732,11.496524160268073,34.752533343145984,-11.070857346270074,39.11015714531085,42.8344417812672,9.453696761079133,29.86671738496606,41.20386344944832,16.389083787095633,42.676598736423465,22.346792970172945,35.20206726410878,24.602213300541113,-5.22493073931096,38.63427499709304,33.00354837029121,41.30393533740848,29.05075726555185,26.801514751449407,42.396423820011066,45.47968279912111,10.41243715477843,23.97723281521985,24.016028811158797,33.98247978828024,27.652220792900337,10.20168567849549,35.806069646328574,9.534032070140267,13.085402332993551,44.22303092130562,34.004326810018014,13.905178663991373,9.858084878849045,23.1217974250713,32.6835980677099,10.612069513608077,32.03860924687523,6.844770511370999,18.9088721426533,17.52229143038467,18.082915803679395,37.18000144157738,44.455600454993686,43.02257111500534,27.1429283916143,43.510519284710035,35.67315260693789,0.11583128609180954,38.33490815024854,-6.5121776461331065,33.365079618056235,43.54256850497732,27.09934699445318,37.05126690505911,43.09465376022927,22.121448883674855,9.277391478052271,38.59052662072809,38.192723173253334,36.18569595153968,13.89689019307869,33.725915141620646,38.19286956920928,36.389886004161575,36.458337537098615,32.149864016031536,31.297431524437066,35.0477579323665,23.472799413631243,26.314979577438535,40.33987877829573,38.8645740063086,0.7813929902111046,38.32957524953149,37.95113342165285,20.408335776061058,28.685311973055008,41.92693639815579,28.216611987435826,42.68742391192773,39.69625430704562,4.452731441828696,43.52351762038706,18.43994045573528,41.585707230687966,40.11417253539891,24.634039631982997,24.956372455702457,19.742854618441413,45.20145109860317,38.726702579611704,17.723694769067496,14.018402511513957,20.52316448877503,14.829015357428945,10.336954219625147,38.18625120257842,43.056544176231135,31.107156147461335,34.01551907750922,11.777405254587864,19.5965287220156,39.10157454897888,42.145327272388954
35.754455726452015,39.35316048395102,8.883602431935687,41.36442998855768,40.54507384498734,17.458159782324945,-7.415282356486405,40.95577589123921,30.628389455860297,41.69328756609647,19.382538820766303,11.896712404528943,29.973837796590093,31.667946381527102,23.47342726574942,15.432133782555791,25.590827476857463,35.440213341493426,12.059203478416098,40.048111371376514,30.462979170512927,35.99243557122023,27.261788460466033,30.300476580803625,23.299930924925494,11.355649652324496,24.183843333007218,-12.612391856071664,28.95227606915442,18.68411889004772,14.452381903540843,33.817336443302466,41.98988162316124,29.520165609862726,26.205411227993707,35.144063058420535,25.830385198772056,22.62451889470265,30.70111065701478,34.732086962803656,30.60996341538338,31.168165032488705,34.85924856024313,34.807899606199484,24.439082252358133,15.539298101759654,35.00724423375456,33.48435527855637,18.500327932001372,31.224013224944926,35.53589523389992,25.308417683749806,41.358480289538996,9.9066792500958,37.54502145621543,31.813386532648725,34.31657698600593,41.95520926400824,-7.507282964278222,13.671913479896052,2.636422708674293,9.404718079369031,17.245196326468268,37.357266095448594,30.297355784380095,4.384998107360402,38.68712295425573,33.03083850235237,21.021749175899036,18.60282520460295,23.97740598059413,32.61073820333772,39.051247342423125,31.491811604427564,36.19240857008847,39.732618320566175,36.62756615315897,33.3926848049563,40.18145454455515,25.130654849605506,33.482859510420305,5.559254606981317,41.954479881654514,-10.329634295666297,38.378583498657704,17.166442152453744,-7.563138640856986,2.727229157267,4.535384283258149,16.280687854605308,39.58259181696791,12.123891948625571,38.10101159826157,33.85845466891513,37.174221939631636,10.807818089493093,32.70227682346861,-10.511245932655893,37.014428994884156,40.68702622422588,9.00287522444337,28.537023554351425,39.12284981185408,15.732974874847963,40.429674851457754,20.997121838445366,33.28348874116987,23.46185082824654,-4.52369626893321,36.651075010640135,31.215349804060484,39.16911336366043,27.278972300450995,25.31663771484254,40.145537763632205,43.08954968258102,10.13328880906513,22.817263017506786,23.066034277517904,32.08222615771912,26.402987224563923,9.665393170657822,34.00810538572905,9.032081221997792,12.616053531235165,41.87711358428198,32.50388380954093,13.573509396597347,9.463366643445436,21.928470014830967,31.09187301250318,10.318142325031676,30.2436722014452,6.220951163805604,18.207449058443174,16.733960837269276,17.173411342451466,35.30687990024845,42.39178536347866,40.79944633361139,26.03405249887299,41.37663544088909,33.78299007679832,0.498563990188216,36.178817809428,-6.159169444231112,31.399813425271997,41.55506266476292,25.265366026782182,35.10206236339601,40.720191030379816,21.372344158649483,8.90506792110333,36.703614935814294,36.29954012930904,34.202403654516914,13.195876142835967,32.145015783432235,36.401024326749734,34.2780401160591,34.538911669573466,30.25483479582226,29.76620843360392,33.259266581876126,22.206628398979998,25.146227403015335,38.26848323762233,36.88467152702225,0.8139897579071118,36.210833240932374,36.07938299029678,19.685657895277934,27.036769754269603,39.71264061368796,26.660499526854693,40.73914407531359,37.744109875289034,4.515194675930193,41.19622586855905,17.27746697132176,39.518509301113205,37.894744861953214,23.358911435119545,23.847729942336525,18.86154929639564,42.87966942671998,36.89786011763283,16.902406492604182,13.54897460070605,19.531012109111824,14.232543478199537,10.109906132743589,36.456292340092155,40.84567603615707,29.575530244418967,32.08246285325303,11.20198267526293,18.838259688191823,37.20173580398428,39.83156795514057
33.854775382697696,37.34280946080307,8.39096114521665,39.2636643157258,38.21553162418382,16.679536420182135,-6.890050888109769,38.59221895358739,29.14757869154099,39.483850849889556,18.14891795586452,11.501427244444773,28.369772035341445,30.047395553511393,22.554587208542422,14.652176278138635,24.229148847399827,33.54154546079091,11.552584320531176,38.14614774840813,28.949334875416923,34.075527235197505,25.730437521877914,28.85488714739825,22.101411487740183,10.845003871904058,23.05775706462275,-11.626275966140136,27.22750483605426,17.85326339265089,13.647865846317146,31.937886824050416,39.678781547613774,28.22700277995171,24.869337422841824,33.14334602095338,24.55716834815357,21.448721626941552,28.796816041197324,32.80416586944851,28.87864290534859,29.62971405974188,33.01752737205368,33.07645351973637,23.040005397445828,14.593302039877477,32.88301862919908,31.659435863273988,17.608393978327296,29.440167746355968,33.52514444914513,24.130906484634888,39.20573014068738,9.343546369883194,35.632617325154385,30.047555737960206,32.49340108637431,39.613381449650475,-7.047945694874402,13.28792410259923,2.607443459590209,9.114416989544653,16.406786668052256,35.24416309145435,28.899697303077357,4.278662316707173,36.57373010223928,31.443854456894158,19.999990786121742,17.73398362588168,22.933299117993798,31.018456504842426,36.93589712841388,29.726017780925407,34.22015709326396,37.65568282629687,34.66054067632787,31.63634127353825,37.942630741395675,23.96980120535221,31.736997214732426,5.554469383894661,39.716212192557826,-9.58267177950583,36.313107736267,16.453046109907103,-7.092851718485752,2.4842806314702868,4.035190538885089,15.307363701635861,37.560825569456945,11.563718409328443,35.950142552244984,32.13756541788423,35.015777000315865,10.317760679197718,30.980081937977097,-9.805400276946697,34.93936221059402,38.37873677092819,8.704007527167532,27.193359559060372,36.75436320333826,14.970239214892056,38.30833791743295,19.873416122725526,31.402988898337316,22.406366422499914,-4.013382449524856,34.739747611377624,29.81340653639069,37.04097841697805,25.949502745041052,23.868145637119234,37.894730894361395,40.64279879038397,9.387604690403794,21.822187070321156,21.96866105256195,30.22507699649455,25.139266865397946,9.094822659145816,32.28242136434225,8.639682420582554,11.823068839403224,39.52106824275844,30.80421168095926,12.902404871551612,9.099233991212772,20.761444164262475,29.5981092842569,10.125207625543743,28.445381682779317,5.9263227766766855,17.203493582307843,16.11558483776542,16.356800311309243,33.54003597761261,40.0461803033592,38.66728361579598,24.588146930715556,39.145653486201496,31.90492215565596,0.7150204273800765,34.12600562227128,-5.521544249609108,29.638289330695393,39.28274229869799,23.72549701897952,33.14795416541266,38.524390129997876,20.21960571749658,8.776109389904441,34.52912566224569,34.27959163650632,32.52025573900261,12.55643883412752,30.4295119797877,34.335887500031475,32.269691613159814,32.472574075832675,28.61634835192373,28.206517074874206,31.372550784932162,20.95166482825116,23.823734412584873,36.23490222357007,35.03106629861414,0.8813661328335866,34.21802894415364,34.1530073425287,18.56358469411427,25.51299088140236,37.58657541033681,25.256401341027,38.39856514066403,35.52898444516975,4.616510086951892,38.83811828349265,16.480674377825494,37.543468828027294,35.82320297416686,22.213498198294218,22.21823372175678,17.77509861159713,40.64478242097847,34.88033018127911,16.077556627214225,12.678228449948575,18.807937073051413,13.704655161250415,9.43040998501226,34.53006096959458,38.57158601230254,27.988744772528396,30.413237782853788,10.729315491791132,17.802308078461234,35.10633268169422,37.564692509799556
33.23832603504453,36.32681551456857,7.910655154932728,38.53910508799225,36.797166308170794,16.230328837800226,-6.0316168617288834,37.40349992244558,28.404571911509965,38.27001997855681,17.06219138573927,11.794334013975877,27.314006055968697,29.44347916685223,22.030769506237267,14.449222416197722,23.076278136127858,32.87045667461842,10.902182679022363,37.360829112220046,27.989301168388508,33.02946149255519,24.593207137063285,27.94575651844926,21.592618659565368,10.6001813222417,22.168636452737385,-10.876502726131,25.826872573079342,17.38637723532004,13.579004511703019,30.4917857482792,38.53295446233901,27.848309570927054,24.7964912980518,31.83246364935269,23.90117102422515,21.389923664006478,27.352322869683796,31.40497524172799,28.393536258917297,28.95768015506766,31.976765129049827,32.73974284403281,21.99220191666508,13.906544852923021,31.45676709339434,30.467178638702308,16.90876221759852,28.22684430859925,32.181446122985,23.635846854973646,37.94632410455727,9.162968890048525,35.23770608671055,29.200521679247835,32.098236568204584,38.228801208936375,-6.689434617194752,13.113134449485957,2.401258152740384,8.946488083748465,15.612409501465109,33.900310307308565,28.169733727453472,4.413170015148103,35.105372000507565,30.55959735204741,19.518520945991067,17.90455337220605,22.978361295513483,30.035776644916382,35.58091216918863,28.813022237553234,33.28541124794154,36.55491448895598,34.088792092308765,31.313049275263825,36.43145008547526,23.190003100680713,30.55380864563596,5.796830352422655,38.834572246019746,-9.261241417334162,35.803987132348155,15.96206058846622,-6.5306105198173565,2.3150801841862765,3.959185274993516,14.89547101409526,36.55363937023283,11.795243698689735,34.759929742123454,31.04458393197839,33.88062143604656,9.942926232236303,30.346073028414853,-9.254446355863415,33.53780344050123,36.96803360441357,8.572923757305716,26.681256713345935,35.341945132301746,15.179026789832935,37.23404622030782,18.98256897113471,30.07549827588251,21.840340632467466,-3.0911832312009353,33.790426751578615,28.98733814751732,36.16664709554762,24.940223946321627,23.219752728701845,36.66549792469842,39.36078100487398,8.968182142373678,21.5356031122507,21.711957262613744,28.95113664090367,24.34858270747318,8.909735943018946,31.90914470562018,8.284375082949465,11.230825935570197,38.12722149374249,29.789814594504,13.047566909934838,8.80938823100602,20.269873120754617,29.459043761659903,10.561426584135614,27.348506218236437,5.712401409216403,16.37770511425085,15.851467966387888,16.229983349192015,32.91444175009832,39.21689784720963,37.41363991502082,24.030304445336444,38.388271428197775,30.756151812710364,1.4315156083396292,32.76815104226162,-4.967634621157284,28.43957968480704,38.110806921278716,22.658185321962957,32.17186834949236,37.35239956197585,19.595025575693278,9.184163942060884,33.641189696894344,33.5808652749586,31.980621648945398,12.490881031994883,29.408259181286393,33.62582728239503,31.28236082093055,31.312919416112045,27.963802638539583,27.389766020571713,30.1872460567304,20.033475410824433,23.491443964770568,35.523078183693045,33.97989107387153,1.0427349362907359,33.102999717231626,33.63168226406048,17.56873697750845,24.566962570537175,36.40712195059097,24.195658789010828,37.40747832543829,34.209228039791896,5.03109468269203,37.4260748549897,15.885708591263441,37.062113977892274,34.44494327727482,21.2738967181489,21.81189358524116,16.98004152642956,39.83022911353028,34.432653064718416,15.825145893914353,11.885711974952011,18.308454391111823,13.555893397256131,9.040612705191503,33.71547370661744,37.58659125822835,27.64796168602835,29.346560798964184,10.799753393200278,16.910668799772722,34.47838474701198,36.085206067252464
34.67377807768899,37.92573427719819,8.388620192556209,40.11166561311652,38.730137720369285,16.944555131962417,-6.6620970859141835,39.26876140803478,29.663645427905422,40.133240316556154,18.236054120830644,11.894933007754835,28.698734326759478,30.65371723506548,23.046244601581428,15.098859901063877,24.373800982554016,34.2368915184876,11.692188873493153,38.88123675188665,29.3642216242008,34.62683763515841,26.062377404668588,29.171298162545135,22.51384349314164,11.056024361201311,23.325197481580677,-11.609713998844246,27.387845338480453,18.095931022346708,14.174892816544531,32.171115670807104,40.38841676474097,28.94329344488791,25.64978783736849,33.53580278680425,24.90642685424006,22.192655282735593,28.974575622037758,33.09914520566136,29.677639921170357,30.132749233080382,33.628987138815454,33.920609868295294,23.21329414484651,14.806082389238236,33.23451504899109,32.016684083210166,17.861472403556583,29.679380546739804,33.8965853441665,24.50739828656622,39.81517777429675,9.545945706981287,36.57283646463684,30.662634432276967,33.31058069592115,40.18408512585684,-7.120750679292215,13.490647050966592,2.673921933149146,9.174194486844547,16.59991959455224,35.67054973530294,29.298093222270232,4.512755099337161,36.97884325679999,31.884562850156456,20.401535297866783,18.430773723357714,23.64052677281281,31.524334384056687,37.4352288285232,30.18686749065919,34.8716275288023,38.29829392198461,35.48335958027849,32.522321417919485,38.390050696008956,24.223490251611207,32.07939348377953,5.754011215934377,40.548453735741134,-9.71085616625858,37.25264013490891,16.70356530094306,-7.183705359226528,2.535393829630997,4.213593131023584,15.621449340487793,38.22500219692901,12.039804581898968,36.496214150041524,32.64607356363535,35.5923983835917,10.464252834865231,31.563267861588567,-9.89846055246865,35.329934749602856,38.872768806034266,9.021713855734111,27.751936576726557,37.26068346717649,15.556665678030386,38.96078601725002,20.030104879103913,31.697879175813558,22.8315695699077,-3.676274821464573,35.39176812760174,30.21526128433147,37.807988761858894,26.17652414031017,24.306504924111728,38.50997185948867,41.295097773171484,9.603995603391454,22.304090961611625,22.607938051239277,30.515683148295963,25.56243529560995,9.283283294593417,33.11914833460539,8.660650404092895,12.009068153969668,40.08101224045968,31.33296053439863,13.482760868444952,9.343000439462578,21.165034426778444,30.432529356746798,10.59210825504883,28.866760831436284,5.951845415824532,17.42609442166423,16.513095433505487,16.750693688949305,34.237067250815166,40.959622421698995,39.231091977815986,25.174969735514935,40.02062942248912,32.310728383191936,1.0303457372646174,34.51793086667783,-5.560462462113345,29.922292397631015,39.99634862266178,23.887708026297734,33.71862458374131,39.10599510840302,20.588245547593942,9.137076243072164,35.262174492321925,35.12245023959212,33.222151315971324,12.820174255443776,30.974867180084356,35.14321942959934,32.79176208184822,32.934232230798614,29.13288124958654,28.688481237769853,31.81143812436427,21.127285669736224,24.337313747659593,37.079680331202766,35.59114882814644,0.933191520670409,34.71075114549097,35.041488031126946,18.7386027840741,25.803231291873768,38.161983545153916,25.505824478103964,39.20946618249479,36.03241142269174,4.913153541959908,39.35506226434902,16.566881550722616,38.48239520034324,36.279600959900456,22.34366574326814,22.83917067884339,17.97020445229019,41.5369376565551,35.82171077102073,16.49434749677053,12.797473844209865,19.057920984200557,14.058840778893629,9.658863002332458,35.17716909232263,39.34893191637489,28.707768155255092,30.75229521248972,11.09943647177291,17.975797462825373,35.98905128048592,38.015920163046914
33.795835765666126,37.085906258198165,8.1918643973959,39.13265512904946,37.77199764913836,16.614677346994718,-6.534503997741997,38.30098362786992,28.981504804929173,39.15112222805845,17.828463917923695,11.70098361528706,28.001891983059433,29.93228660815788,22.4768251525291,14.730086961711134,23.826601657156203,33.327117748995505,11.361288726402282,37.95647154366646,28.656817405637454,33.85159759426583,25.30957359602356,28.524334787989293,21.858638367415605,10.785277118737762,22.82630143099327,-11.256045821106163,26.791660938595946,17.751496268533643,13.782171290112512,31.458629015964256,39.42037657987549,28.160395467129536,24.969961013331,32.74265976013875,24.390699991909127,21.63423051206616,28.29104352957328,32.34596904001123,28.84614558114712,29.382514060222178,32.75984956061006,33.107218293159335,22.704902380684175,14.41010952630012,32.399297773215324,31.302899664692173,17.409995194703175,28.979049973355707,33.07058969032757,23.98803261087431,38.87669870784588,9.31864120549679,35.60164290967303,29.877083862775706,32.44867671437587,39.199101936272754,-6.853319783281927,13.270894426641291,2.556194385492632,9.128139741062409,16.255721312406575,34.82530657941689,28.587342985516614,4.278783757214918,36.11675899637218,31.154942036175232,19.801815817631354,17.923160509820452,23.053875383956782,30.701340407018442,36.598848241228495,29.487386347071812,33.970067858227644,37.33516814468017,34.55717559848209,31.598747818438888,37.511399534857595,23.64592790921141,31.398545234075012,5.610734814851547,39.50553200819361,-9.436511468701477,36.270219905717106,16.402448313215995,-6.965260312388897,2.4209601259333566,4.043469071941314,15.237249818267243,37.272521234776264,11.808374547071894,35.546010001146094,31.90316915344289,34.652925810687485,10.203166373999979,30.76700173482811,-9.600343410230577,34.4865133630436,37.96668633830975,8.778019123674337,27.074907113329317,36.32078495292149,15.18499821282199,37.99547216819482,19.57179559189506,31.00649878340376,22.34999085723124,-3.538237510088719,34.45895696823478,29.52922040745366,36.84908284497301,25.619224106237798,23.72805231687783,37.57017460138187,40.25664435302944,9.353892373259788,21.7468914813048,22.001139702050715,29.84537712747511,25.048518882574083,9.020732689253949,32.20836797942358,8.414153427977372,11.696281340750247,39.099096606726654,30.636997460255625,13.159409091262305,9.06059023203881,20.61753864275885,29.687282112218828,10.451747461578218,28.15312323905558,5.781441796530839,17.072903293988297,16.068027550827367,16.462508205214263,33.35987512336005,39.88302513282048,38.329850082309534,24.531973443214078,39.01915507924773,31.515778270032527,1.1139324169749178,33.70238350850309,-5.282048990300661,29.24289289367696,39.034317464961084,23.267648684524506,32.941087093682654,38.18491052743576,20.117469852760614,8.987634555815703,34.27439111636732,34.175016505857435,32.40062052243673,12.580543302982651,30.2703957753398,34.209282811808436,31.969745011854773,32.10531131880449,28.383538871352485,27.985371505813838,30.983227162975084,20.63533781039772,23.770105406244625,36.08773659264459,34.69530608832563,1.02701371194472,33.886570867962924,34.08105415976848,18.36403266688356,25.17995179279397,37.28755636796481,24.961694823013993,38.17029621124156,35.13439689830744,4.920690854666171,38.381959855011246,16.16981418159257,37.49668910809935,35.41496251102508,21.905860111281925,22.148522464973524,17.565765794222283,40.4818513384519,34.87232145062947,16.05799867420366,12.440282054084804,18.65743545244681,13.695628823970475,9.315118497302082,34.35071303935671,38.315082189607,27.955260003043065,30.03327274989801,10.870662132377273,17.528330491158822,35.02765480494851,37.09669750986807
31.947550165990524,35.03331715086588,7.762522929519415,37.04537721171477,35.734333591884266,15.636562706112194,-6.099086689673953,36.18724164937121,27.40717932961067,37.0295051693203,16.744396563259805,11.01068177735205,26.575711048640933,28.372186073046024,21.280681264488216,13.79780309294911,22.53372455021793,31.66335898516269,10.739160092238244,35.96262632932019,27.11197977458285,31.851668155622768,24.03952892386819,27.09102865061418,20.869137289611665,10.215628635523968,21.451112775921274,-10.79301329101466,25.265862124595742,16.78927330120355,13.040191431701116,29.71939058000208,37.20818255431234,26.805505759305547,23.662337110289805,30.91541511733288,23.08465700239072,20.32766865160125,26.768752464607907,30.558086632849484,27.299748800689542,27.95902931229399,30.991860201302494,31.36014539931604,21.472394346202172,13.623094235575795,30.68778175232042,29.530191711288442,16.426691684954967,27.452903536805472,31.269317288060584,22.742375094613458,36.651581116379866,8.762398302590489,33.741070643739356,28.136543831459935,30.784898064729557,37.051286683372595,-6.569277766430133,12.447029459562392,2.3685721328994616,8.628233344109349,15.157069362425801,32.93609101723197,27.196190072098094,4.22055816656629,34.098084182554395,29.547514873777224,18.93223085718405,17.00427808538673,21.877132228369735,29.111793292682496,34.458397555900085,27.792984399693843,32.13564866081779,35.333716918092136,32.772193325951356,30.041215723295128,35.35045038014534,22.478865482638955,29.612200088989127,5.512632466853215,37.445856701336496,-9.010370801441535,34.376021107467714,15.371657477734082,-6.576564517850543,2.3592890011441945,3.8575899303184844,14.456258971263606,35.25547620052689,11.041612575555025,33.6903373413956,29.99841508259529,32.8647690469367,9.702326111275523,29.232627480158403,-9.07996920257943,32.59347508283471,35.86443497036646,8.228331979301752,25.58792020646977,34.35455476763976,14.338723380384776,35.97653946134153,18.511765953845725,29.2301903863726,20.981360741380097,-3.4363924553582645,32.68330358086017,27.95284591241847,34.854397183766814,24.251394304775555,22.400465584988005,35.47414234104419,38.12732847326561,8.779649628066968,20.68679016970039,20.80275603450239,28.140274367067036,23.426024830603694,8.57747308413229,30.649568868728434,8.051969762973576,10.97994580759864,36.96890073702593,28.754340421917348,12.280485843040251,8.619604164047816,19.546241787044146,28.143917153501015,9.742898292439117,26.535824526939678,5.504504671771513,15.89816177840997,15.401359055061109,15.486934583876184,31.59452115344759,37.77982376126552,36.19819756038251,23.209347065976075,36.89597227691087,29.88149451004262,0.8954568100754076,31.819298058982337,-5.052491032480397,27.63927897887497,36.80460626934616,22.12524292581828,31.03922738656614,36.11896347729547,18.965601149703822,8.555068798176563,32.54938806122712,32.27972940182457,30.654734608248493,11.913307120572753,28.379900503321704,32.370410527827445,30.25797635005061,30.39408961548764,27.001605743240496,26.473706082351796,29.335280594257416,19.552276552457826,22.58350198200978,34.1245708743826,32.932812273139774,0.8239040003105913,32.02788406816124,32.319689798652085,17.16456891781754,23.878679937477823,35.22490182807914,23.537121454980973,36.14791237728683,33.244151764102234,4.480770748117013,36.33379745191458,15.434252632007205,35.49579243609738,33.403380090133346,20.662172734613147,21.027228257851,16.58751914080856,38.31155802784945,33.012056970447645,15.26988771493374,11.726667122194156,17.742641156618255,12.997071326992284,8.916130147828333,32.554954039027386,36.31822652650384,26.54036354708931,28.424232683808285,10.24090745836803,16.603588907255876,33.13560665881219,35.06864717555504
33.50896018791785,36.594238598686886,8.02461374849419,38.87285858179918,37.155329757362615,16.47833731910936,-6.164570834403381,37.770196393702804,28.727789375161596,38.629560606386896,17.427100705312693,11.7524520856129,27.466737803108604,29.77001434488761,22.48494615150961,14.634275866260344,23.352890714600505,33.10443027948185,11.224687997389124,37.64011070436071,28.308705260173546,33.298264859682064,25.032145703028778,28.092295201824356,21.63671744845966,10.709806847751166,22.493509821183014,-10.901148885586508,26.107001494830865,17.542710013699956,13.645283677060267,30.766566910122815,38.85476310662766,28.20334350523971,25.033498023862343,32.15135954027572,24.01975331119501,21.594364383518492,27.62978311307373,31.705953606831546,28.64155632835724,29.054771164165107,32.4703047564135,33.000615926862835,22.179169679882925,14.190075330228387,31.774283251550653,30.685842495431856,17.118666671172168,28.46958406645544,32.469367275322114,23.727671470315745,38.29284413439168,9.266301525101357,35.46158432238618,29.555358423559696,32.252508158233795,38.603417631965755,-6.819927915180501,13.2543393699453,2.5727489755003146,9.271033921343003,15.851934333123339,34.22145585114347,28.29721733917976,4.451582155794251,35.425319297471106,30.707840124624354,19.87738276975542,18.10647647907798,23.17301316493913,30.49171308416074,35.93776063237055,28.954703352718703,33.58604948384911,36.939329999737126,34.32313229248969,31.586956066108005,36.815333783986176,23.368166390611574,30.805525610167514,5.910107131783911,39.15913674469879,-9.375362506137375,36.08694520315685,16.085497431372495,-6.88922043210031,2.451020224174619,3.978889121227826,15.05179915488463,36.858394903499985,11.812027212376666,35.10260365461164,31.452246169506807,34.20515167480557,10.026036662128407,30.40116111812187,-9.55965133505755,33.84069768061429,37.33362094559952,8.704535574553015,26.921479470296827,35.71716039634828,15.265404331393368,37.571436023311,19.184551314637257,30.37837818241973,22.034104975472363,-3.0993180398863944,34.1490418356106,29.13571859472055,36.49187318370721,25.180261434538462,23.379835551915832,37.0581701899272,39.722649738727746,9.207907962829667,21.77869549039403,21.927726570655885,29.216816082117298,24.61905192228173,8.946315362085667,32.04551628755526,8.382473648570215,11.496278398002136,38.49333387175411,30.106995842050708,13.202594167548142,9.236092668561486,20.3051588297111,29.683990998827493,10.516669028354489,27.62784718527847,5.692293533606498,16.71028705230471,16.156140430436217,16.268875402761797,33.08861984626596,39.582225578131805,37.75965857696777,24.311094094980607,38.67795331598708,30.99450202638794,1.3917612077008343,33.06366757694527,-5.123026865353938,28.676772458829323,38.50184342467185,22.784909914551832,32.47320388982034,37.674287631659396,19.830061597343832,9.229734657678353,33.92377124103159,33.85793421836303,32.19642634115202,12.521954229977364,29.70060302184159,33.9030889613773,31.505694921227573,31.54791946614142,28.111427777971063,27.64064364601959,30.584739926400136,20.258937124664676,23.633623674726493,35.8281687986294,34.25487956478786,1.0139115668888015,33.37305795358307,33.893131379218026,17.888738221547392,24.744755855426945,36.76447619966997,24.501455176001407,37.78913714186079,34.497095085532685,5.041970701423554,37.75292318692651,15.985385206795309,37.316610548378215,34.757795786960386,21.49580006548673,21.938644955363902,17.249291787627648,40.17818692285937,34.71522084295254,15.981476111277885,12.207999882493842,18.501135611424004,13.747257324707446,9.40102787129544,34.034506112577,37.8893530024908,27.833601333781125,29.55868665619657,10.862720699730737,17.302866228089833,34.79022414369924,36.425830606057886
31.965741949308963,35.19877901292313,7.882766655300773,37.18016024493782,36.04577337524558,15.68801184782905,-6.2881566708578145,36.435562694353564,27.489488500587143,37.23789391344755,16.959129420104365,11.006439980853072,26.808452283623264,28.443675454369693,21.25114740103968,13.671083597846122,22.74431534265225,31.82468911988963,10.814145975977244,36.02591546179968,27.313738492499763,32.0045922183317,24.237937456457825,27.2275311128503,21.02678761727329,10.305153262096425,21.58452751004843,-11.091522290708337,25.540704350823336,16.928329735729474,13.106947194114511,29.970041109372907,37.3440426456543,26.764339277757426,23.672559886676865,31.267559376582003,23.154292419658088,20.180669672907253,27.079865335382035,30.874995422429546,27.282153461334623,28.089935436479568,31.172493253865806,31.438036644390507,21.78494770378692,13.753514245903036,31.01454718999513,29.831267937829246,16.497881208965538,27.8147955967064,31.645882622058433,22.861040496013707,36.918910067895325,8.924306004334019,33.81240309418873,28.207255980275594,30.84531312156116,37.375577311546714,-6.672248101836122,12.500578244554998,2.468730324632791,8.718253691836983,15.163669467605764,33.17228967688213,27.38777858914972,4.001186894216585,34.442167342557525,29.71985751871444,18.934487908528304,16.87430098482827,21.830630716015992,29.256301637004192,34.70976539940751,28.100978738853232,32.3555596506479,35.593985518642576,32.87559363434744,30.027920373817057,35.61338848164809,22.711578690916536,29.75075372376122,5.263348320177715,37.56085537083284,-9.133121658437792,34.477143382009594,15.309233785335595,-6.74200714605169,2.403718728282807,3.830215921445396,14.594562677073567,35.50054976939832,11.071093546345958,33.921490296683864,30.214638961620665,33.113646213490526,9.80184328154752,29.44870619417904,-9.305832923457672,32.91819536761839,36.12875128508887,8.37344972453148,25.61653050222009,34.634487869642534,14.18327482596424,36.22153041338294,18.83689466914413,29.457535262720075,20.971230142354287,-3.703596010296268,32.90156641001557,28.102238424949913,35.05113677171746,24.454053819719654,22.48564275119126,35.81625241368218,38.40094391291944,8.806566255819153,20.72377138577097,20.71627269489123,28.454055034888064,23.454420487903437,8.575668303907905,30.72016325258507,8.089593538389623,11.091701008707602,37.26982242578542,28.807030607930056,12.12489552888071,8.609881107110816,19.56021613413648,28.13647349749263,9.606366088152587,26.848936953795604,5.640531109036091,15.986548456048313,15.411796890164277,15.590074319985403,31.703710115466677,37.900396424044054,36.38510080434151,23.20289328960185,37.00618564675947,30.140980232999702,0.6784970762705023,32.158076745702864,-5.239253940571601,27.94908995479771,36.96043104022929,22.504166328790927,31.31206375837105,36.43083601623659,18.92482575335869,8.421198021315751,32.70873338935952,32.425384200689216,30.88101321722048,12.074924105266158,28.492405959598454,32.49989493007081,30.56762033103227,30.658119442298023,27.20869368086012,26.551199406054515,29.57162308435018,19.698187120433442,22.569599909513784,34.32089849172045,33.0934010279721,0.7351984582079213,32.25595617149087,32.41948966516219,17.17459961537782,24.093282647620125,35.444060018503755,23.69647607735851,36.25917424756183,33.43954559757203,4.365039102999224,36.62462456196719,15.591526420541927,35.60883566289094,33.67918821397804,20.78467043762634,21.062076290977128,16.6489389399114,38.51490612014067,33.05927190190255,15.263649809822507,11.858015633188034,17.805730580946566,13.034523023299576,8.996394150204221,32.60478365752932,36.47223560496273,26.57842442501918,28.686345237559017,10.231459720613223,16.738723357469645,33.24715561175321,35.38772488240667
35.52726684218295,39.42239185828403,8.858775741473204,41.17824793509388,40.44670956013722,17.44047042483994,-7.557534796164257,40.68971665399669,30.461724579002198,41.64090019256418,19.25631959961475,11.813020460849675,30.126873338085172,31.461859511371287,23.556782172812177,15.19895403116716,25.76531868475477,35.23979356371736,12.139437133272413,40.0422105168757,30.564503320143462,35.90637058680064,27.107493188961996,30.42776760315092,23.273841293141025,11.2912887278828,24.262749907663267,-12.620015427717616,29.02451437653883,18.810684730861578,14.478964995210251,33.89555099652672,41.806878064214494,29.446522368087212,25.87543292949538,35.21306707804072,25.952942521316274,22.210734932932837,30.660007806057067,34.89360353723855,30.162597488480063,31.240946198218257,34.75202411444527,34.669430185700605,24.496388488934766,15.339568821818252,34.920132685584875,33.67392510718518,18.498518639576872,31.38200309285186,35.68537876727793,25.3901230626594,41.432359332574414,9.702812070974888,37.32836575939719,31.553884727145796,34.06160902838795,41.93232536183156,-7.368138049645084,13.727181660832773,2.6849844221552734,9.442900929596137,17.303618967603857,37.29936981640046,30.428457160083326,4.237548232570066,38.82875276398416,33.17457163363401,20.87843159134559,18.211558087991,23.807804997769914,32.641428682232466,39.080721207716586,31.477910999352453,36.13817687946913,39.70129286721178,36.45062692873941,33.09380366267907,40.18744764233664,25.39457192270169,33.569491523038685,5.438382812245487,41.760563117895984,-10.109191978890285,38.06576724280895,17.31436274371881,-7.420625850991982,2.4921866141752833,4.329470684685128,16.072041669104248,39.65056724198761,11.924863826026842,37.95440210100168,33.88941415451231,37.013196860739484,10.832921278404058,32.69653536371412,-10.356113230111534,37.039078421758184,40.535535929125516,9.137149204858455,28.442767649019817,38.89204434551816,15.591095555985907,40.351769678004835,21.15986605289871,33.36208563530944,23.50988519372283,-4.731840713422262,36.58111824625378,31.38515652207503,39.05473383387685,27.595632644716563,25.31655256101218,40.06036541445371,42.982481097055526,9.922136607200445,22.753778363435075,22.83101220149685,32.14853758765775,26.445397295713075,9.425789442102973,33.81986286933533,9.187873204617905,12.442620903396698,41.832318385831925,32.39148028126605,13.262720479038041,9.500825683979809,21.778848061529335,30.98883050041542,10.311102968420379,30.13468313164862,6.3220085997555895,18.135553121091593,16.774529996963878,17.13383221039121,35.22977878236012,42.07124842309285,40.84693320530743,25.694804852671524,41.13274835335322,33.7815498616722,0.28640280105035076,36.25033286849571,-6.01145223389204,31.503978955199468,41.37659146089173,25.409362565957846,34.992678644949024,40.76722689531705,21.160321030170156,8.914206938412667,36.395812562132775,36.056478580429946,34.21893312317235,13.164926615936322,32.05230550958018,36.023797264200006,34.20101106430476,34.38005954147496,30.170607196884728,29.642864711565046,33.096390956970204,22.23147013230504,25.021212883420397,38.165541374996955,36.903740708080306,0.8670535390768815,36.214132546997995,35.85201695622439,19.587238813406287,27.071416240886414,39.76105817143835,26.87868141941751,40.36408110406059,37.55566743747803,4.522398627877333,41.130114591361426,17.44033967878971,39.348009522468885,38.009459184831755,23.436534303294938,23.379713582163937,18.74507813900417,42.76242003333152,36.527654103210466,16.84877759144066,13.429893389150283,19.670633531964867,14.185507828721963,9.85492784515721,36.26160794902533,40.67141375968799,29.398880421332546,32.19716985762287,11.276751557518462,18.697475516768016,36.87684309558124,39.847740256832566
34.838092128794806,38.199091534123596,8.448062803874345,40.22609999390266,39.00122318582494,16.992453336431506,-6.999609162203001,39.52602436312052,29.958515051715377,40.47310731814412,18.722849724593715,11.836300097246909,28.87576090720517,30.835058592833008,23.15973754367851,15.45758516821147,24.752518742809706,34.13182896433042,11.963265163792796,39.17241668138122,29.54125130002673,35.07601996414784,26.249039630311064,29.382663936507697,22.38831796032885,11.097342494934756,23.828701876750817,-11.42233492659195,27.854915047530397,18.26288336683042,14.20972353647168,32.647334987470096,40.74709756669607,28.956779766537455,25.60052096982631,33.8419465301356,25.12957848631955,22.418866746530984,29.34569475228172,33.49116519424027,29.72181108748011,30.127994578358937,33.89790543542403,33.94717825832496,23.410804859542658,14.944876257083077,33.44697755146586,32.33897616165716,18.156679365584605,29.88714305677538,34.18087460358383,24.69910379044627,40.206661741694624,9.430037555201853,36.5046528970945,31.042135058946076,33.263416876685895,40.4756239921671,-7.092169126020074,13.703797191719742,2.8358196557973208,9.301257582989379,17.20118294108693,36.05376435668818,29.362992474821624,4.3628290616667424,37.39358447392559,32.07296281257202,20.27691623857023,18.3718576164109,23.527384508802506,31.752765929062935,37.94347460066127,30.429090001639967,34.92824588050554,38.448753514674,35.49279723472946,32.29881849513885,38.97116088253084,24.310585344770224,32.59026737344927,5.737576687582658,40.616580388377656,-9.742036148589763,37.208644950922626,17.169497528930883,-7.316527041704003,2.5419396722286467,4.274158250149802,15.622270603569099,38.39999870386765,11.973362421506533,36.639856293613754,33.14205822626045,35.74499108105116,10.535276506044246,31.480693704659284,-9.894449538527743,35.693390783562826,39.24055108180074,9.14659311143321,27.891251532114808,37.52017734568018,15.568464383395884,39.08682589534097,20.18855670369341,32.17085531802545,23.186682396065333,-3.806203519373928,35.418016260704874,30.445980030701403,37.89280009738398,26.53747705122521,24.528768808212916,38.772555674703135,41.48348574984149,9.766840523324689,22.269122501262494,22.756537306552307,30.957157394642664,26.141074583853232,9.305055740806047,32.85352270685209,8.793397453651952,12.245201895746668,40.33686572875672,31.830433884676793,13.68890292864669,9.378788769526434,21.282073143684734,30.383953138119033,10.657877417296014,29.08679522186046,5.9446829972329525,18.057845108488706,16.44576380993855,16.738375783356922,34.27275074845703,40.99594617456239,39.6627795503182,25.303791888513594,40.13343266022577,32.527052416584446,1.0853232786689977,34.86071132634675,-5.44999003312931,30.230788210434493,40.404830233997586,23.894005103219317,33.942633296861686,39.29734349385093,20.92719880312732,9.046696019971758,35.25343126415068,35.185895472923725,33.16977444006163,12.758331963876232,31.401085060842952,35.16718897527084,32.883541196461096,33.11281332791992,28.991800502671783,28.925679385354137,32.0540140233375,21.380004936857162,24.32070237100414,37.147869660840996,35.779963747715406,0.9739211570721311,34.95066278229404,34.956213192439705,19.409847255421735,25.981031253186377,38.49724197748364,25.96958341773851,39.33910962166674,36.345240856189804,5.092883292904605,39.59312818533421,16.598460019787073,38.48323917631835,36.71674585033188,22.776722152703343,22.74916417228227,18.40104439754678,41.59483972892324,35.72595960853394,16.461501401868517,12.960308237924632,19.12775676309611,14.050296979815322,9.73875672621774,35.35501779192954,39.42865296802115,28.63350745931151,30.940457546160953,11.286527607740908,18.168988498912935,35.97227929618714,38.3350745674549
30.60494869170803,33.46908335269018,7.49144081429441,35.59980064293495,34.27974726610365,15.038996973357085,-5.719042436729957,34.75087161525237,26.239660658119885,35.4854458474777,16.03657384291585,10.739395534907384,25.388704465556042,27.188749052336007,20.352672672857423,13.170949223225858,21.486003983785096,30.474904731616455,10.247300409508256,34.40673347395324,25.96738713907915,30.431155282515476,23.027571631260756,25.903241982298958,20.01138835004159,9.953861783092426,20.50296595019283,-10.340646292478132,24.102552679365775,16.056281046249293,12.600954619135806,28.362616358962992,35.57062265943271,25.75419056672185,22.845036635512546,29.678502927934584,22.073298404821237,19.52129191903876,25.60044455752821,29.213777629626275,26.203037686940764,26.770042984019025,29.712225708311777,30.219954633765607,20.670179614927267,13.101450198039775,29.39982127360778,28.275397536409987,15.726054679098883,26.322055434936207,30.011582887081467,21.77234060809815,35.123147449778195,8.656319218044388,32.43499750473866,27.001552238327967,29.634641775436563,35.560375825507535,-6.294635467998601,12.002129231482122,2.354467253522935,8.394208495314043,14.386611710693803,31.483766868076675,26.046425261511413,3.9468233771152175,32.64003264418699,28.264049698149684,18.174113450250605,16.377217733649765,21.1136908086159,27.861665598770355,32.96912050017733,26.685288033662495,30.88357139879298,33.88844404229412,31.41765438999882,28.83933547637328,33.78357552002515,21.54510099817808,28.22865964163831,5.303897781452717,35.9553780526363,-8.612971605184693,33.06760007782452,14.545405984826187,-6.332756808838496,2.3514078705959234,3.68587573329214,13.955858159742002,33.817945719493906,10.754133381841266,32.32533177835417,28.755524001796665,31.568046022500408,9.450556406528245,28.06708330044337,-8.691102942476778,31.223980207159613,34.35788179809891,8.084096426005326,24.41510923672265,32.92477306797748,13.755128147656707,34.55962059446694,17.77233820518451,27.936565216390054,20.034817300950603,-3.1819691838316992,31.349966792463796,26.717290403831523,33.47278170575253,23.146865753313612,21.474645894130923,34.12049981228404,36.550555128614235,8.43723075876342,19.91194245589974,19.90095415786177,26.96322731285148,22.34780420184401,8.381273550020529,29.418064641639223,7.7172940755732045,10.612814047947566,35.43766832400364,27.451059077924658,11.827786951376558,8.294015846017327,18.73136344748381,27.042709889240005,9.406589983653122,25.53743412717307,5.4329720107916275,15.211659597653265,14.850994139591235,14.992460453709226,30.36026377553895,36.27037350855229,34.615347063625265,22.26674720185865,35.39179334814085,28.677776967332925,0.9617354680969369,30.542828062663585,-4.799909334051837,26.518937593479876,35.22728581559954,21.246409007740137,29.865366836835264,34.65006400261163,18.03346053323714,8.348519305841293,31.257773980780353,31.01894236334096,29.5680067043553,11.642906646869765,27.15214243834261,31.155817819761793,29.131054386427802,29.14638788978286,25.988936441491063,25.283587324847062,28.20811439851871,18.625160413666645,21.53625411555989,32.81903561496088,31.507113223373274,0.7913557470590069,30.729604851861357,31.094508271247104,16.262814996213088,22.93133776783011,33.75997891717759,22.460312454309538,34.69386491017047,31.809268572704568,4.350488045452002,34.83443440323041,14.81818436253834,34.12357717111576,31.955839103298644,19.675276319457026,20.172948434180697,15.830270485946565,36.865053762910776,31.77852333449707,14.653073137664762,11.209324962025384,16.933211029763207,12.532635056044109,8.670268575187542,31.136719113859808,34.80677834287425,25.51971251764557,27.208398016905146,9.937061643213042,15.929382769188399,31.893788534881306,33.60914166123791
31.365703787676704,34.63737331177283,7.6026979011930695,36.39376726115374,35.27190932772303,15.470270158538366,-6.302661835612051,35.65990639910571,27.14169572897608,36.68794811253961,16.87180927715087,10.65803866695235,26.35203311308032,27.892556106185552,21.22152160267282,13.902477920226968,22.556347746978958,30.816259902692767,11.041896870150357,35.53285654077295,26.79836166450998,31.777996143703344,23.738931838141138,26.81885978385102,20.415532195553887,10.215106641146813,21.69288382320703,-10.264784072716376,25.301580672822993,16.66266068947874,13.037602978031101,29.66950761382116,36.760668153619065,26.359366538689123,23.110211689637694,30.681485448510244,22.890298200308116,20.055179297294387,26.51425342976545,30.39970263174863,26.61913213039142,27.418697114673524,30.678067278468703,30.72970055051631,21.399815070093098,13.42666345419608,30.232938645689675,29.35507095503852,16.576608988262148,27.126243096027324,30.996779814323276,22.569697008572142,36.437530333932344,8.750787558918269,32.97503080779005,27.88253627514705,30.04745039443697,36.60762329614866,-6.483388362039893,12.474444162941971,2.688801673800443,8.664349424821854,15.652266110322726,32.6182401580187,26.79650838023605,3.9668373589869126,33.964304908088636,29.210570348067627,18.500736970305095,16.490792781139895,21.253494590356134,28.873968628978385,34.42041185838465,27.637415160192035,31.50695317627739,34.83615796468242,32.03486152608209,29.070045085894108,35.25952178512961,22.318318407818087,29.603454376749777,5.293065041132634,36.6332084730837,-8.8135334880775,33.570589996351345,15.677113584489524,-6.518616344502418,2.4310616581604947,3.7930726443816845,14.277905788498638,34.89447161456107,10.806889782572203,33.08985731579933,30.063630706806045,32.28949866234303,9.82700938412375,28.52984004564297,-8.94625518274928,32.373313960915176,35.421058426775566,8.380373330882895,25.192444289377363,33.81868211098728,14.00694758252888,35.47498228306074,18.442597475562327,29.104125691305743,21.076241143316096,-3.4438944852295874,32.10068084558297,27.81293018202652,34.214395491141865,24.225706497311503,22.1869203426448,35.06383626651098,37.47733952186822,8.742059245935202,20.393309317601755,20.509706070822617,28.109116344623327,23.744624366907086,8.25634825416843,29.77998516676243,8.050505322998433,11.014066390882281,36.46319791350142,28.80636584456383,12.233883340557634,8.681039478364301,19.21737823024354,27.515463879880365,9.690332928728884,26.26548822054292,5.474275355228934,16.31951011459321,15.245238941502388,15.394679150831088,31.06538194614575,36.93240107607667,35.98999162811025,22.774120840883647,36.202551686398984,29.466649373947455,0.9812100024280527,31.610627026625526,-4.758702240181627,27.460344211999406,36.45047535076537,21.724249396523938,30.65520255122975,35.63647437863055,18.936274199154717,8.18562163203387,31.72918180596271,31.696747516246294,30.13537563436381,11.742661610096972,28.375717683321792,31.57087313268752,29.7457632825187,29.898432834370922,26.287517417622528,26.183962911229344,28.972122287984824,19.47824469617398,21.931839297877687,33.53825112545256,32.527675014102535,0.8517668156283597,31.56619897760978,31.517935994981464,17.601038769141233,23.579608134655583,34.898403199863154,23.567942050744087,35.408253408324306,32.784354815410225,4.759165201394995,35.81769442684354,15.345093313176495,34.74032846051046,33.26855979002938,20.733803272461877,20.230028847666052,16.615204753287234,37.55223762637024,32.08729241610493,15.089127336175888,11.751470421730078,17.62465161334129,12.811148751683934,8.872611036606049,31.90581692393662,35.63726370576097,25.770346060773715,28.095260958332844,10.313696770496454,16.573486544157962,32.28829885682464,34.67661569588284
36.38708527167967,40.32101721379041,9.08833404415231,42.15109266789045,41.344232126747926,17.906317879523975,-7.694642846517039,41.58210995151811,31.219866237140884,42.595222185101115,19.68760807199746,12.044161514168914,30.860814626798735,32.19972702972354,24.074570058627046,15.624589629763484,26.444700724159574,36.07916334318384,12.563249352071544,40.98669817450492,31.347908351196487,36.78164991326317,27.723442133858835,31.21612197351873,23.88438117856565,11.580234386142779,24.964217697380302,-12.87720797051631,29.6642701206334,19.181322577497088,14.85231673307895,34.693720492748184,42.75280305993127,30.20060428303586,26.551596397912718,35.98825370603518,26.625032129752473,22.70868987587502,31.31744847778462,35.66882847315191,30.854125767618523,32.05341272470377,35.55747917055308,35.44091676305633,25.065842556323684,15.609116330093649,35.67377038577847,34.48056491411885,19.030986503765753,32.07817453060876,36.50134051148239,26.053125974814037,42.463755371602296,9.998499795254306,38.23808097524401,32.31697922558072,34.84595313803801,42.85785264187467,-7.570635991989412,14.143901976061473,2.811937669013956,9.742107641998494,17.831232375792865,38.163753109253165,31.265833887149594,4.3540064696592236,39.73113394524899,33.994480267037915,21.34663008118678,18.675397165586695,24.331563509173858,33.41197363196579,40.03758501805307,32.31050472630758,36.97516845689152,40.663777210275335,37.30256510555953,33.849808728651304,41.10823813690423,26.065888505805336,34.33416861954584,5.632593596969852,42.69128100646429,-10.417594066922767,38.931064826366494,17.80874841086094,-7.68470995221688,2.6749097363024883,4.4238412435185985,16.43594509899078,40.651457388463,12.134469317220807,38.82198553074165,34.72681121263732,37.81875437447496,11.100927293489802,33.53896499665677,-10.486509153758565,37.86983599930489,41.41020716988092,9.398996755288099,29.12367676370704,39.72840033574453,15.938838942258228,41.32588191904292,21.65035605050725,34.09966409320462,24.16474757553254,-4.9284637947920595,37.466208310425664,32.2210698511064,39.95365581561379,28.232521137956965,25.848476281290566,41.00233002848997,43.93716394086387,10.076040413545783,23.31101480236819,23.432834813426616,32.91140471691686,27.172656883004315,9.64859568044157,34.68067894512399,9.27019169915743,12.771319823188838,42.78053971796524,33.218317470527694,13.569034570906856,9.823946293570556,22.3524246187325,31.722419005956244,10.554332114446058,30.859501104422367,6.530730467092082,18.552167401695492,17.19810164829644,17.594730424886524,36.13361050948536,42.990528497961066,41.839777644438946,26.28961555788375,42.11617404047152,34.49360534955607,0.31699489569166156,37.07636286939791,-6.164612903805822,32.272947055765975,42.332001944566734,26.006132898142326,35.75684029076182,41.726608465586736,21.663412321850164,9.05181693390356,37.173111432602816,36.94550833193203,35.00436311258508,13.407791746416418,32.850878429239216,36.79362534589067,34.97855714348629,35.12765343751774,30.89861774233737,30.42388034603581,33.86193991520193,22.823763487276473,25.498920306629813,39.07936328967451,37.79452933279411,0.8497542237401294,37.022601310061845,36.672824105471065,20.101811789073004,27.748809189323037,40.66894741890675,27.478316866357055,41.25631075418417,38.3600262820279,4.615738856113773,42.05450958446642,17.915660046010277,40.32915459233866,38.94941379816987,24.065319167664875,23.87488086428662,19.129706285842587,43.75001517342538,37.35735170483811,17.242634045922873,13.668868065201345,20.196422187752066,14.54643150088335,10.145806591209153,37.04454824111349,41.64571955139963,30.075179175262036,32.95130296828018,11.540475867707297,19.138232557177066,37.69650687335126,40.74407912354717
30.7935469656557,33.7777323605107,7.5866453334855,35.741380246297794,34.516630894189085,15.205683735182365,-5.888651648129163,34.89172324469065,26.403924100022685,35.76092236591945,16.164530959209127,10.63454043335227,25.671881371942867,27.25947382720583,20.549359186592103,13.302134392318413,21.839810233531075,30.588786839665648,10.417040703921508,34.66315568674199,26.233532103186803,30.76061388895535,23.172599256575307,26.168835559428313,20.138882559756347,10.039450346762763,20.753117911699338,-10.398165540621529,24.386764848181226,16.22561264300931,12.655757746357288,28.686906429021004,35.81385742441699,25.84799664663646,22.84232772299447,29.920325752487294,22.34023290597263,19.541448808050525,25.833588218671725,29.514674213842984,26.250671707076155,27.0100590049021,29.84288750233393,30.29978390428371,20.866717854054645,13.111403279948577,29.61170497484862,28.593525688786674,15.873642132110817,26.576992952669485,30.280575559891865,22.009994340657858,35.44045431368315,8.604790197926377,32.5443829468089,27.160506163780536,29.694010496903562,35.788766363220724,-6.426418370491425,12.088827311757441,2.3381738491836463,8.443767769092867,14.69428694891736,31.74489588225746,26.315411874137503,3.979555451441456,32.96579143180423,28.538995702362975,18.239128626716898,16.357001869045675,21.11890924636844,28.083037040964584,33.32506290975276,26.94125470327961,31.061514912605613,34.14627794858437,31.589308421381897,28.884756193861065,34.11835065157086,21.79734305507009,28.573094104665934,5.322387470036601,36.0939210399635,-8.702188807602052,33.11194004603505,14.857751577696005,-6.364006930340436,2.3090368630057836,3.6408269328808522,14.026517422724801,34.09873512069201,10.666805898411475,32.53276507041119,28.9727504622927,31.698154737957392,9.494248133218552,28.242354124134177,-8.79786575486153,31.494439343331827,34.60602091065308,7.942705493086251,24.62309645024996,33.12134821046669,13.808740375045991,34.79707101436117,17.959719352077222,28.236701595775415,20.302512036442632,-3.3066610930551024,31.56573889574829,27.03907772118864,33.69999462656159,23.46062735920395,21.647848059541154,34.32796883070666,36.78354812978641,8.467047592450623,20.03342715782206,20.013959041475445,27.225424370932124,22.671593609597643,8.311675174151926,29.544250840060887,7.782191264449652,10.579694102211683,35.696467024896094,27.773538453035247,11.845930020045003,8.374887612070596,18.806232473297744,27.152180259434253,9.402439886505462,25.719428714606106,5.432620773284382,15.343564100823222,14.854450239975524,15.113909830045113,30.546409793287012,36.38617007202494,34.962650460372274,22.315801667563672,35.5914466809927,28.819557155696337,0.886741991416269,30.80411137653288,-4.774362176554912,26.75428855427755,35.46827282941346,21.42878521926409,30.031897364609428,34.90992096209356,18.179393041597066,8.24316541542988,31.326848960861252,31.170060869378585,29.735075870033764,11.626246939806114,27.454653347968314,31.195665548373825,29.30448738619303,29.30405978052963,26.09934158940718,25.565975526407847,28.368607896987076,18.885094514113327,21.620522636331568,32.96623787495515,31.761895097347967,0.7861035401804644,30.929018721069845,31.163844381149033,16.52356171309892,23.107864641964344,34.024919459582684,22.770722407876416,34.80048361164945,32.01609577617895,4.385299662701374,35.08508122947706,14.979650357672671,34.28174631207732,32.300704242489374,19.947319292969944,20.155351829228014,15.974263070803397,36.9849856075786,31.820685102456174,14.698625788265186,11.319829645140226,17.064311709654728,12.541996845208176,8.586211731458915,31.27844267085653,35.02396513286467,25.565855733424932,27.46730114916461,9.939423242669065,16.008430156114358,31.936554306512562,33.873480600095654
39.32905618037056,44.06241469490788,10.207883917832131,45.64599960314622,45.429845338484924,19.375299577647883,-8.91144208379196,45.497966574855525,33.67261389991671,46.44770160251064,21.696603007751527,12.710192894823304,33.9665628886659,34.777409884247,25.7481316204852,16.37844384159822,29.073889185322376,39.3048364050247,13.463837359684225,44.3302240994348,34.2297757701862,39.93417515478444,30.243302356804065,34.01317586906462,26.05252688541152,12.414411270267127,26.86757736831081,-14.889280664460216,32.800044532833965,20.91301246131503,16.036553308194875,38.152005068067155,46.60458554548043,32.282188156272085,28.450636809204553,39.714398162855005,29.063193604733854,23.99269870742498,34.80560767066171,39.35820432681167,33.26932644622614,34.984366347266956,38.60642400506018,38.22162370203404,27.688003301138306,17.157600817437487,39.51040462075849,37.942173189799604,20.46780824022792,35.60070267532355,40.325993625837405,28.216394320050213,46.33295224999404,10.839271230493587,41.28747534698217,34.92842008603543,37.72210852511028,47.047127638521864,-8.268366003224244,14.928583076515364,2.7350484828317514,10.276007791997218,19.076748550141694,41.89724240498187,33.99645420666652,4.536869102914906,43.65210268510052,37.05417326152071,23.055230794741554,19.590680379618043,26.031127795790773,36.26546572613817,43.76404322074472,35.37344051385886,40.49467014180244,44.32502587063096,40.53870220183817,36.6185398124324,45.05972175183806,28.51476147050608,37.531405624350384,5.721122643044307,46.47727595608516,-11.552252086074818,42.1863066367448,19.069981416608595,-8.313491903412881,2.8600814969487587,4.745385964601447,17.84604885323887,44.274364198667136,12.929428344175,42.61786399691789,37.623086797086096,41.50482758964393,12.11301484615972,36.68654178095588,-11.670628401247123,41.704007601263974,45.46334663110665,9.721551130369905,31.427379655691407,43.737778557550534,16.918700964153235,45.05561874633661,23.925511787219556,37.603151040970275,25.95500294523701,-6.199608838793425,40.76930328571093,35.01178756375872,43.503736791735435,31.01884678071123,28.368984228620374,44.89364487872288,48.21601004623437,10.942803666168809,24.993293994902167,24.962859124742177,36.28148392354212,29.213105727817126,10.39840169121191,37.53164943264925,10.14387627399869,13.840574297517943,47.00652114946081,35.898156543305106,14.110902655531415,10.351811136863924,24.376236723570237,34.15177415733291,10.697134225488488,33.93648286053773,7.210295131522898,20.040747879292216,18.325001414427106,18.85352808937298,39.12077893183417,46.78420219384719,45.662884945489814,28.45631733871234,45.716365589409314,37.909883918738856,-0.5072080626118365,40.79746277574101,-7.184718291452421,35.56926518206259,46.05738869423637,29.09182248276517,39.10227595273431,45.77875897612427,23.364404413201292,9.355987834683221,40.66786908299753,40.07248874181542,38.03547357429976,14.338738104470465,35.622341276814225,40.01477717673499,38.5289558206818,38.735626412595394,33.84605924273565,32.997897936199685,37.0711485793476,24.97466901121403,27.850671114433762,42.43396903543727,41.16984833484872,0.6671040888342317,40.63867587862397,39.75833108066214,21.74812554029137,30.49961133592908,44.48111568761989,30.145473746527014,44.938397167091246,42.14074126177259,4.315489075603358,46.243948077508094,19.591900484777472,43.56751830157844,42.68287907023556,26.307613008640903,26.078625626802182,20.855985882913856,47.560231370912255,40.456553095589186,18.584387079648412,14.980231712980252,21.79386270732533,15.42311459395506,10.892272694627113,40.31907787272191,45.43488415016709,32.55236904397791,36.271238722692516,12.243791222055275,20.833420337925297,40.97493268466057,44.89904784962504
33.41869305935032,36.224557567367036,8.021498902003298,38.72795298443523,36.93577415095775,16.35021203438648,-5.879312958713553,37.717462183511586,28.566120123691114,38.36259013034213,17.28053385741345,11.833777895401177,27.081276695269757,29.637345360487895,22.253463917006346,14.570328977789895,22.948795162709484,33.04018253358028,10.985762667796735,37.31808652206457,28.04760752489085,32.900018174417376,24.947153227021793,27.660531545414223,21.468087399094774,10.654873304056121,22.162847635364844,-10.915584829676911,25.757307469606918,17.345635313981408,13.5086128280768,30.31874655984137,38.68211679435801,28.021852234715134,25.087052397940845,31.893406942783816,23.691270253263397,21.651339621790875,27.42115895193956,31.309210081082213,28.730831547383975,28.72168869333313,32.33491488451272,32.92168658116979,21.92868349644322,14.31450735713763,31.622479288640438,30.308310676764243,16.926379319888916,28.174309150421216,32.15810634381819,23.392211188341587,37.920144894117705,9.370985925846684,35.369255856220974,29.461132599367385,32.22480330182054,38.374705933755976,-6.676123211642035,13.067024705074964,2.5261781720467966,9.188426741342482,15.527813753166496,33.91243893046934,27.84587447704729,4.462807026163209,35.00198086855846,30.27424783001847,19.83185178171961,18.193981059730447,23.247097339692168,30.159083346228968,35.538713582774385,28.68365230806496,33.43921359317492,36.65983274447554,34.21052588575342,31.60506357015337,36.43513609822462,22.933875904182116,30.335217166049368,5.90855219815745,39.08194881460715,-9.351724555861303,36.107796125959624,15.73952548117023,-6.902069512300096,2.5096526736977434,4.1078726528291725,15.067814833019233,36.47665310780494,11.999117033361182,34.93342742442376,31.13989821322378,34.1215655384872,9.912813300070171,30.20792381405468,-9.471541185245712,33.54099985250443,37.13085013286426,8.769276433394444,26.768772318241805,35.594557059956756,15.325247797145142,37.30688855395225,18.98834742815054,30.023907760044512,21.700150984414886,-2.8882916974287225,33.96127697084032,28.704130299827582,36.32739870428925,24.756232162586674,23.1761838397368,36.866478180216475,39.56523564269875,9.256530412012951,21.64517087597379,21.92127354430681,28.880322667242257,24.219971626954983,9.06223850582907,32.0193079235101,8.22386056200476,11.510846208224716,38.24105700423919,29.764557341918113,13.290952704786479,9.099284887282108,20.161930470126865,29.609907247322944,10.413540573766593,27.51258682779519,5.5982324031849595,16.494626143847814,16.087320151895433,16.139406824271603,32.828201189794896,39.60091125725259,37.380157510107324,24.378754803877577,38.4992023812106,30.82159064110984,1.4157675129148017,32.729202919519224,-5.220662108850882,28.369540825915585,38.345867572292526,22.548843118188163,32.30346302439986,37.397422871243485,19.720464252333816,9.318878126786743,34.02113347915736,33.85207935037283,31.966563767089546,12.506879447906584,29.389751394375196,34.01300375921179,31.409668087823388,31.477874685945142,27.969336116578095,27.369146144722805,30.38696981179552,19.968364088507673,23.616060324601204,35.75557684752342,33.955423835252034,1.0606899438664805,33.20106104339505,33.965816689361326,17.609593202592364,24.531951515469796,36.451388857103765,24.147452697204432,37.78079818480826,34.3380595510058,4.930463169451118,37.49416249072803,15.706618870470553,37.22618138219725,34.395667818722444,21.08270531701691,22.136781504574373,17.123063543192888,40.07270345192298,34.829610205128375,15.810013748836974,12.144607810672882,18.250916165791352,13.723353010492666,9.515247181215654,33.88558790649122,37.75974525788984,27.77015806642286,29.224574149033938,10.81938407149321,17.231333935507962,34.86787227396124,36.17688732587212
31.356006494173656,34.54355257911417,7.639356890429913,36.53161508875823,35.06404456712567,15.41201906086376,-5.911229011830182,35.575395148775804,26.90658597132908,36.345196272544044,16.266028358796074,11.107856423459483,26.05407751058228,27.962738463740685,20.885115807526436,13.363926938076384,21.984062463544557,31.238547554597808,10.32927241464564,35.385831194837856,26.692263632789818,31.241353445763043,23.4788222111308,26.577291921548934,20.564378310592303,10.013583363690458,20.932832416204516,-10.638717769292361,24.661427830881532,16.639381057083177,12.837881989035195,29.084266607550415,36.55915282073977,26.32084681711532,23.350459497520944,30.361914465078712,22.618579757294018,19.96806193308693,26.190247995312482,29.998216687695173,26.756885124074476,27.51200077302709,30.414229964010637,30.968397852068048,21.018855502790363,13.285625335027595,30.11345644187454,29.034666938488698,15.982470231341699,27.04315148408209,30.71245401362507,22.32292743358927,36.01475117737769,8.66091687261468,33.302203874814516,27.548588649394343,30.331515352132456,36.430618972689274,-6.354570727084697,12.410862688669315,2.2104923096831364,8.5237056634533,14.589012036388684,32.30338392503302,26.806254112331622,4.1298237350309615,33.466341072438134,29.08077979182579,18.6933799730134,16.74232790735524,21.68185114623805,28.584189319923095,33.75989541701676,27.34493963007093,31.620109099454368,34.801994333837854,32.28216066787534,29.68823092424299,34.63771428189634,22.150891610018803,29.04450224960825,5.457248346509174,36.856427786789496,-8.794542121955528,33.94538661828883,14.937240279452174,-6.334169748510471,2.140502835084847,3.612482018217297,14.136027068284447,34.717022054978486,11.153215012703466,33.08336351805851,29.40772329066381,32.28787861848769,9.499851072760693,28.865088432911485,-8.987610800962736,31.993765455138934,35.218628658161975,8.095139922774804,25.250902022607,33.71382723010458,14.22384981426168,35.38397198002508,18.23735822694812,28.651186837801312,20.49971180731566,-3.2013037494938064,32.18688058708456,27.469410683498722,34.287260589183916,23.821587205248097,22.027409646117803,34.8942762871876,37.50697179007372,8.444712276009465,20.43270466724831,20.35698915239846,27.589613971526987,22.882069876086877,8.351402283122049,30.25426600077817,7.9522669613673,10.69571055174329,36.33770276137471,28.099183332276304,12.036966168417493,8.381242567553345,19.123468344873945,27.861970350064265,9.7568956344973,26.057576656435803,5.537895620238541,15.413322080108728,15.173866270320442,15.325453791345446,31.13817537355877,37.22526310110251,35.508695692087024,22.721760777331085,36.29566325101725,29.403465053337502,1.0038109455149387,31.228870241002834,-4.890973284453495,27.11667044242797,36.13281812846785,21.80679957666264,30.563382264685778,35.61246499667064,18.48019976126171,8.663624946896846,32.021675561330404,31.72309547115929,30.39136907526572,11.875963777041138,27.783292008928722,31.887333085713244,29.777631724391007,29.87357124573152,26.67003655212056,25.91102471324841,28.739743713276432,19.032112241061707,22.374030302580664,33.67234924642667,32.3525181132276,0.902919195817735,31.502596713559026,31.860594831875595,16.53998019163827,23.433292131454248,34.64188891194438,23.039271158503063,35.47940634244815,32.56742532711357,4.516628555757029,35.66457980874265,15.242480603550002,35.04674674626829,32.709571001189126,20.222674659298715,20.658752937341653,16.101820631550265,37.781751087059995,32.55164260443006,15.01286257505706,11.384822085316992,17.45902997712717,12.825809494627448,8.618669741402318,32.02100617452638,35.689698710697314,26.145405529205203,28.00660197509619,10.06548109712646,16.168381625576178,32.65070023060899,34.438628133752246
32.60793537454104,35.918945684830334,7.879737621360741,37.69762774902848,36.500441046871224,16.068876050353495,-6.582521770148978,36.92807285922468,28.113121190241397,38.0245508624571,17.57120532281274,10.995028516855005,27.26857261570126,28.873605004990146,21.897752159603208,14.599935284935478,23.44118378383412,31.83344842383082,11.475269082145351,36.81686845542102,27.73508224681451,33.123956253176026,24.49976125987549,27.68130253981022,21.026288319793057,10.532242309064412,22.6202033710629,-10.444832086661238,26.255176743263508,17.25246535589286,13.508581429926755,30.767111464042983,38.16188670026516,27.278639727106665,23.99136701047093,31.79103648996671,23.70969932891061,20.946206917082097,27.441084557051173,31.508352019348195,27.62007604053781,28.320114979196134,31.75468540635346,31.81402343498687,22.04372035052316,13.819302178096356,31.270160151075103,30.450718862520098,17.187820096304435,28.071573336950934,32.112675139394064,23.391644935866154,37.87989399377715,9.028210965971308,34.223294963184216,29.10429578953544,31.08340845221348,37.91859575785911,-6.746020589253226,13.03428361648193,2.7880641497294003,8.846289749329236,16.47766719802331,33.79569515694711,27.67142068597359,4.105888402020776,35.21700880785525,30.207561763466526,19.00819230225848,17.118513074232816,21.941612016904436,29.899894639926924,35.808191477537314,28.734573887435666,32.65382511985462,36.063661635405,33.25017380564394,30.082080476083863,36.65703284096148,23.05681473679759,30.736418221725142,5.322907592649954,37.87802681204908,-9.210397743101815,34.75691013484699,16.41182558545146,-6.825696052775106,2.4808751663003124,3.9425240710470737,14.780946526185506,36.207965086047025,11.174452659559813,34.238555893840164,31.242251203492067,33.383894255563455,10.04211589988016,29.483772687723057,-9.244854741571686,33.541298759206704,36.71157176850857,8.587473184096357,26.15772039178124,35.04539596774434,14.573318017942556,36.75279559165922,18.958238106807602,30.221757264263335,21.9623949843564,-3.5634030477745546,33.169392260087356,28.79792418877649,35.43775984701163,25.064566015402548,23.024356519177253,36.35917023430977,38.818535136851686,9.026248200142659,21.048974396840315,21.300164918968427,29.170233540755518,24.85923560804269,8.484484357873326,30.771261429598386,8.153880842092256,11.434391518456286,37.782657333069494,30.097177094383166,12.855047638344038,8.969803268813276,19.893785427476743,28.506381774446545,10.110411618908662,27.25301235405852,5.6175211105847085,17.092876928564657,15.534906235207682,15.911700722183827,32.232963227220274,38.2639392120954,37.353250178553886,23.54971825011201,37.609505393644625,30.413585284601876,1.1285762043959788,32.775986503745266,-4.905811053937637,28.39470753084933,37.88181913283413,22.416749528534286,31.78376063532038,36.90929135380421,19.691859152362973,8.37727978292073,32.797321396081735,32.94089107627719,31.192070414760575,12.054354669001885,29.650276206964982,32.69356890701263,30.79428092870609,30.89857576106696,27.09261983125651,27.175191648275284,29.98459211399644,20.233699911489747,22.6135460108411,34.831206786826336,33.59601669468809,0.90673780594477,32.71694919788067,32.62220564085797,18.430393402783142,24.373232410295937,36.15878445120925,24.457805447154556,36.67907513262415,33.95567019133551,5.01314414321382,37.07495733427856,15.739280927157045,36.0769063957319,34.57716981893379,21.538832836072825,20.991896358726024,17.21074808454636,38.881459849255315,33.26181213396625,15.520628866390208,12.151536908059494,18.04890352582907,13.189184196190466,9.135756013616005,33.025891004030946,36.90139463038614,26.706966393969143,29.07584139920803,10.693945470755446,17.100646599743783,33.48334153364096,35.9184907619914
35.60581000286029,39.12806792363941,8.780048955695335,41.213120551958596,40.072830758662526,17.433260851195374,-7.070905877316448,40.48150609197623,30.485080387615522,41.40472084510507,18.976373225570036,12.127312878668304,29.813415670362428,31.446088393593843,23.578965306045397,15.43745629048507,25.330768238369057,35.242083469129454,12.067749801607373,39.9714800943891,30.373600058793823,35.78844255506608,26.840320397120962,30.2681819687036,23.3187093593531,11.452549397234037,24.12099021880499,-12.177002948185557,28.46173112497826,18.614208618802206,14.657666721301082,33.474506916058736,41.5794069377412,29.676968598247143,26.24963727660792,34.74588490720798,25.876041792447673,22.546220572982108,30.11339172941807,34.35457648143396,30.312724607580588,31.26140909619566,34.53336863590088,34.86159267714118,24.261166646931844,15.202774651136167,34.432718464815956,33.24238583390642,18.42941084007213,30.867466695652677,35.17399889350701,25.369938494671683,41.15711829342348,9.807566242369266,37.55649141945459,31.51288837820757,34.22292213868416,41.52989586019884,-7.4378733061588465,13.902155525636314,2.6871010449785837,9.563757747532222,17.250171523293822,36.8871018057656,30.418357919566557,4.468515248057757,38.34628959585178,32.98567825460295,20.9560729105337,18.724675936423335,24.117449116502478,32.40318416542628,38.84638126872541,31.43649946913193,35.93374296557924,39.553500125393896,36.50521321359746,33.235737758314805,39.73536067635089,25.25281987556092,33.255766336852226,5.850857939759266,41.6414303335043,-10.121177750402174,38.21667665705974,17.298244982948628,-7.368405179827565,2.603494361787204,4.386029593981665,16.020816674515643,39.5698462162038,12.169848681421312,37.69256363659825,33.70267134629619,36.65285868302346,10.918563799968918,32.71581043171363,-10.311568451353034,36.602413469221,40.139630309858674,9.22799059211715,28.468801968865336,38.483242552940396,15.839529671692114,40.26005115237501,20.8869522060462,32.8313303872743,23.613869569509173,-4.135614483131418,36.485186784502,31.351667400433346,38.93691290610509,27.19511186751219,25.083952412393447,39.799705112100334,42.60560352663104,9.81115763239956,22.98380685749095,23.083092680386404,31.775165676247344,26.485736369575037,9.5837866250645,34.02516982041589,8.892657453863642,12.276845062087725,41.43612507371513,32.37693498655647,13.703534959665497,9.55238737651958,21.745296377152233,31.216865012565457,10.702011962690996,29.94265261839016,6.416819905196845,18.042346021620293,16.91792551928182,17.23731221199904,35.298123428421576,42.007357111896134,40.542389360038015,25.755384215389338,41.19845965796644,33.38979944912269,0.9225728642747625,35.84828995496731,-5.681994853030851,31.121862118876347,41.15462063621069,24.9515797021463,34.85630306230293,40.438844173656584,21.149033905020605,9.184908601581514,36.21408409040819,36.096174346936735,34.28871164486865,13.171895229961084,32.040865974738885,36.04609983989715,33.96751587601821,34.04994166834083,30.188558685005187,29.621233608089277,32.89857603236416,21.94426545002787,24.846251543625694,38.16093855235952,36.671943354044565,0.8795577489659923,35.85441033150781,35.908081938085026,19.41329057483382,26.760601819010688,39.43546062134752,26.491138657504454,40.22709691814522,37.15081623330772,4.939717993733146,40.729608865450125,17.391648423929986,39.53916777561692,37.629801301653124,23.253421485606907,23.429322183113076,18.582650786367836,42.71658446788876,36.70209172911428,17.070294350494752,13.23595116727745,19.60838583754779,14.371851409801016,9.858605818673752,36.06987649641138,40.54612662313417,29.466989343151866,31.907195664888018,11.380283726705422,18.538628663696702,36.87411465560929,39.340382702680486
36.55594199781762,40.368058157176094,9.207822400117042,42.48169078678859,41.6135584664362,17.964984314875988,-7.504183562765412,41.95040475651989,31.227720295317386,42.67375128491654,19.67323313688208,12.316425334268752,30.84088736538094,32.41472333529666,24.09165709913402,15.336547166934501,26.17892811559676,36.569612237003035,12.225156124191047,41.005634981956135,31.412013807567654,36.61454198929205,27.908205536955325,31.11071869199462,24.01234825170224,11.685926189440009,24.546379333904614,-13.283082872430018,29.575840776654594,19.28511481261699,14.915239216761616,34.54390650835562,42.83463706358082,30.283493249404803,26.950097920363472,36.16236916328469,26.536300191757817,22.804616078988236,31.49372481092998,35.68219965492303,31.200212089901655,32.21503133676582,35.72684452012489,35.81556244728827,25.190051158700882,15.876085212097399,35.99690044407935,34.46461913766413,18.812146022726836,32.27378040035818,36.65491351184958,25.905850236680283,42.4172586922034,10.185888473631008,38.58575029020659,32.35342995609626,35.26083917356146,43.13783330912734,-7.640470094433877,13.985110883664325,2.606794527260452,9.669187103630014,17.219221700075572,38.26529503261516,31.274251759437014,4.433216462960344,39.70738666998983,33.99064553135595,21.610152205609364,18.871700709483445,24.736620602005754,33.44256796812777,39.91542604648246,32.35337334757817,37.30058068230508,40.897745803863025,37.62239451053787,34.37134221767315,41.03463097751944,26.028368860118817,34.15119962574664,5.7550594132818205,43.10774700998923,-10.549966526076785,39.471559059981544,17.255858940770008,-7.671847724117523,2.609750983400224,4.4699150770229785,16.68658401924187,40.717951379155096,12.48653783866113,39.172751831677566,34.54005185290919,38.226436020979584,11.109072179373875,33.84543292732176,-10.646285145074225,37.948195230609635,41.64169999326015,9.436597391830496,29.074982346741727,40.06770406019697,16.044507575552938,41.56803281105674,21.73290283852916,34.09802589152476,23.76335239042751,-4.7945749040021015,37.771854813659694,32.00933442559743,40.26180668666519,28.10766941345665,26.031470854090795,41.29670152935775,44.292134150244216,10.113451676121283,23.47179106868953,23.364671892879038,32.87422388040718,26.67923124668434,9.839615538338775,35.06075003409523,9.217033278516668,12.791945148623666,43.0193893908388,32.93804511812646,13.572572593572302,9.729999802678918,22.490438112165368,32.03374025842873,10.47065177139197,31.08130359938672,6.587868093548818,18.228417521642882,17.297815107119376,17.676779375039878,36.2659838368662,43.50934225630189,41.728822958881565,26.50522979440891,42.41219835737299,34.754385495452354,0.2868600959787444,37.15908697706872,-6.336228365408219,32.35048622199671,42.40350771407931,26.283950668238575,36.01948833535738,41.9948960454432,21.54142149576338,9.28984466004876,37.71347875176465,37.22469055616974,35.335547116938635,13.587236346844557,32.67171848882119,37.331131904626986,35.368004637744974,35.50344032733217,31.372312189876112,30.442919404621644,34.10383236914182,22.636970897866654,25.789291968186728,39.382550060598334,37.828304863138825,0.7628371746299101,37.22436418412006,37.14655267349982,19.64290907046249,27.8732813877288,40.80003574639446,27.306016844716954,41.68860229141443,38.56346826162762,4.465623234604003,42.324470104702,17.86660649960414,40.6350404417176,38.82638393253766,23.773986108564046,24.386695172186798,19.089345834968153,44.205035624445806,37.936494279408286,17.376687313573758,13.681971207797186,20.116655501895742,14.62791902885315,10.275548409688575,37.3534749604045,41.95591541216795,30.412074121028887,33.013706144404885,11.472683712357146,19.207698888334964,38.250086039679445,40.94556364384425
31.06589526066074,34.207646734304426,7.775131747832025,36.09801409202992,35.110666897517476,15.35713705044638,-6.137543624676115,35.44489064699518,26.66461068978524,36.2325201765922,16.538424961210254,10.746364622310713,26.17844758179768,27.557686752099656,20.56014926571446,13.267270095698548,22.213353608909376,30.994376555689378,10.498046283778004,34.98964323321098,26.62982744792443,31.145551430737672,23.495444103017284,26.54533602595866,20.51854602695309,10.191516796604851,20.99962871674987,-10.789085699139997,24.90426564372311,16.441384459591056,12.830664740198134,29.19912263362597,36.24690221396945,25.95436032615156,22.992956294941816,30.50705086880839,22.63921956000034,19.558209152656886,26.43324018727829,30.093131624620224,26.472671062259614,27.413786524439928,30.162654608086047,30.546358463419615,21.355065426307082,13.328079258581953,30.213606793952007,29.1707285700931,16.002902253138597,27.182037456045304,30.91488830812638,22.259618890606287,35.9706527082671,8.787722650807902,32.81955530808463,27.482771650657558,29.962640211323468,36.41119048559406,-6.508561418839621,12.181026410356807,2.411831958011365,8.411263779625504,14.794016194079456,32.26993631353982,26.72191937945259,3.9540534032089747,33.58444204701651,28.971408320620704,18.330149839568357,16.304471265097476,21.167418325933088,28.398259939966643,33.85815981180823,27.481621457099013,31.56044488573339,34.64175840810026,31.958071250837396,29.107115627142566,34.67324848339689,22.218787605712855,29.013153305456783,5.160162541699133,36.51840541512232,-8.83940218569878,33.48398704658734,14.863842482210961,-6.45072790335086,2.2864756030985403,3.7518386413883698,14.244847090148046,34.610884071523714,10.67425754016171,33.092603432392686,29.32846730503865,32.219702795783626,9.677649410160774,28.74057712588096,-8.939794370140262,32.078096144496016,35.174171608155724,8.089410011228924,24.792398228797982,33.713453496969045,13.778022073745475,35.27578753429532,18.40277228652605,28.7681143506982,20.411342819995717,-3.662809125366164,31.99409739034118,27.396136815411737,34.14166377036599,23.89208990323041,22.03125259635304,34.89760024063686,37.371935874460384,8.485701982116042,20.19383542157292,20.069881379381616,27.799155465661464,22.865091304585558,8.455151943942719,29.808802745363923,7.825133989500565,10.734820477391008,36.29390692335027,28.058434983716957,11.806597836617755,8.318662363738811,19.16502683498759,27.319215824581057,9.352741255053889,26.23359965357498,5.643514864630751,15.533286623150802,14.850118411099865,15.205621006381945,30.900335448557307,36.79058991834935,35.432050387600626,22.471550387724907,36.00576139876355,29.35411500462435,0.6621668297309199,31.411838020549705,-4.961841954506397,27.33771209711806,35.87919229715422,22.046294983181852,30.522868770072517,35.47871684886675,18.271653518601994,8.196472898125265,31.760540472199803,31.555552227751477,30.139494134786492,11.757774846056444,27.76444286918511,31.61465759762236,29.878825801294298,29.89216201205693,26.580194632278392,25.888728620492486,28.847499426164696,19.19054765825149,21.78580144979511,33.38435077555107,32.165697634184376,0.748314546997112,31.449074251108097,31.501580848810764,16.666992584539212,23.557901179244332,34.53387240834521,23.1214021170643,35.220253571302756,32.519527476096556,4.255513352538783,35.71090073931305,15.258680800010714,34.61329204570231,32.84503812016499,20.24787709460358,20.45547335212016,16.20058988494845,37.464443865550265,32.14198660972884,14.846378434011491,11.49713510015877,17.301765732683354,12.559008334339243,8.616994724921767,31.603830670152007,35.50550281717698,25.793931303448275,27.949590536273647,10.01970032462063,16.155596047844377,32.311928058783764,34.5086347543535
35.730541048028186,39.15904546858349,9.053579686141834,41.36153337726105,40.648460732623306,17.60603357217524,-7.406255896579893,41.065574211051484,30.62351826753689,41.60203027844861,19.51669639480335,11.896949187707731,29.81482515506928,31.63907531971616,23.33169010205985,15.340902274213137,25.545037025790716,35.57691027471643,11.989726638156005,39.89373986837531,30.40420833322317,35.79933507490503,27.41164938429565,30.191219112503912,23.20172495336069,11.49592024519598,24.04735996377026,-12.736757044949485,28.939666358444537,18.598720287090785,14.375994067619963,33.68298277947279,41.91070366281787,29.464371352034437,26.289944468775822,35.19194064547631,25.69814026272961,22.661247907835786,30.81636260673471,34.638153339844415,30.789940093103677,31.02634642459756,34.86506152537672,34.8277668821593,24.527859505220675,15.765218068066696,35.129058197362774,33.39172471605855,18.399167311542502,31.2427257315317,35.56215998554422,25.123605787770305,41.21897375542263,10.063108208788995,37.485340123624084,31.8819663555393,34.386915701611045,42.00782699831747,-7.64293602916267,13.532328405524552,2.5563223986997774,9.468975093323063,17.002064594517588,37.33972746275135,30.13897634633905,4.238461637322196,38.56978632894917,32.9160514825223,21.010802603775968,18.680009201707577,24.028019781964346,32.556519786002205,38.89277418035749,31.31355792087167,36.268231613042786,39.72335661191479,36.57645734806872,33.44141246872584,40.08258100549257,24.931617505919426,33.27934417818454,5.718046071551127,42.08209737605893,-10.470396909559032,38.4267921042638,16.86025546229018,-7.645078039474871,2.8448687113829685,4.548932641667897,16.49793469643268,39.380063177985434,12.143474526787706,38.268819725099114,33.7225306074198,37.328803721006686,10.86817547076438,32.610188822191446,-10.63144843565925,37.00953826199285,40.79799986238452,8.983208901113343,28.340284588269135,39.27078588981326,15.656785059570637,40.40319284999749,20.94827804739212,33.29781172715055,23.17249514895612,-4.527763600592351,36.669347661718014,30.94932724169616,39.23083694906216,27.136066572199354,25.375387111329207,40.2214074770337,43.165154668983476,10.348309261916178,22.729712665555,23.036458217773834,32.022839976424144,26.119599309434324,9.91833116663173,33.94997941334434,9.129080438025746,12.786108399706004,41.91559012310739,32.292012896828425,13.545087288814026,9.487363581198798,21.991406286348703,30.97725706868941,10.156548661127648,30.39162508560758,6.300041642949242,18.111372156116065,16.678187526777634,17.205288529818777,35.23327462127625,42.47520749787895,40.6560956228094,26.170327042241798,41.35024543838732,33.855549440896525,0.37387499775453326,36.17716145733813,-6.3022326607924875,31.427959839098268,41.52399958932021,25.295637407123873,35.19155033262557,40.695289005570835,21.320698421748478,8.986919725898344,36.88395932587592,36.318274306953185,34.17359384786726,13.348851486912148,31.967211874200938,36.597277535630575,34.40726185976178,34.670261301347566,30.336302538917575,29.736881143896913,33.42380156913129,22.15326182401399,25.17326564140022,38.203179777205676,36.79512830331158,0.6877367926949741,36.248651953390386,36.161183064959964,19.533448035216647,27.089591325020805,39.69531181838082,26.549609886857926,40.93066267756724,37.84392280716705,4.320273114538241,41.260376044691434,17.140332642792334,39.46490881539869,37.75338583077738,23.193980988462553,24.00010745918939,19.040526170858552,42.94508870074785,37.062531833444,16.883767315572157,13.67858940776195,19.488400115897157,14.181601806123929,10.330707969550604,36.51791400520687,40.85595618907267,29.584484324943755,31.955092344003074,11.105637771662334,18.925480021248283,37.38996355628238,39.89514514274298
34.003653507866225,37.505546049180985,8.371454928151524,39.521209623893355,38.405780374382324,16.744535744980727,-6.757073931385189,38.77124351160154,29.159445353018622,39.63441694597197,17.96474353761602,11.677794052390029,28.539957500291994,30.16340509364559,22.504870156566355,14.432636635395344,24.22394927806525,33.8578681616211,11.326827699126252,38.30271139070793,29.076125979187694,34.09368825902078,25.650420381125333,28.956533767598724,22.266329161290226,10.97081068927738,22.865499858641787,-11.864106275204888,27.235845782166365,17.96148116571041,13.898538485153574,31.935219237849402,39.75015393890522,28.359955930165484,25.117045320433483,33.35858393091414,24.659658604651188,21.454921746907125,28.87030572917483,32.919759715420305,28.980853291518972,29.89656057496446,33.08100443881216,33.431814714708715,23.188487903869824,14.528950560258677,33.02862419410946,31.853837303127687,17.524307452723114,29.683156917223645,33.763191133926625,24.213908583439558,39.343832772402344,9.452276121926998,35.966103461374985,30.055223994583628,32.79739897123237,39.858577970565996,-7.1243694879461,13.272927933975854,2.3995154447257403,9.156537300996083,16.11428352354933,35.34287779932323,29.116811510057538,4.205547733665978,36.70598762149649,31.638810351868717,20.037921266808446,17.81101749648575,23.154904734306633,31.037575958416948,37.00215637085331,29.953858803352855,34.49122223920662,37.83463257549501,34.984935638693365,31.94830482582257,37.958130748073216,24.204838587214805,31.730502308468,5.602374943145575,39.967117122391606,-9.706071209060527,36.66794701025804,16.230169067689708,-7.075196574022854,2.3591663805855383,3.958052771656098,15.474825973102067,37.77995574342114,11.793166351337613,36.163709326965964,32.11132564658753,35.24541005787979,10.395489753482018,31.351126866866604,-9.926030684084498,35.063771216217326,38.50231395786978,8.68662772367899,27.18411790718897,36.91715850962336,15.043740688902103,38.555647112008366,20.00679543681148,31.493990954529593,22.271584958957376,-3.959756577139853,34.91563773048983,29.880380288030967,37.312401281937674,26.02898270227886,24.083443965763397,38.148463439725255,40.89960608410116,9.285646973535387,21.926585722913988,21.91769525321069,30.350215684086823,25.017964580072096,9.063684198918091,32.64285820575612,8.613750463894473,11.75064942941553,39.75126541706238,30.715188616141553,12.81245814486536,9.020983046987672,20.888043513836035,29.92294848507005,10.208464835248988,28.608830337092193,5.9923816200599695,16.9833426122013,16.21842593864844,16.626492348004884,33.74004736236192,40.3468222642612,38.74382156391786,24.63935210475035,39.423930999161946,32.10169657297231,0.7096990611485117,34.31829763229661,-5.528074052403097,29.79201076359423,39.34300131741876,24.00785038298872,33.37305249286153,38.83288384745066,20.034378663101258,8.947673143431645,34.82754454190984,34.49429952540201,32.917516925803284,12.777512066358822,30.409643369459097,34.57137191395921,32.584152053672774,32.68342337636617,28.945651281230727,28.266994165560725,31.47649280536352,20.8805576489761,23.977292683006272,36.51801653862846,35.130838761873036,0.8325961598788431,34.41302603689848,34.48431525451219,18.249310436176955,25.664752704711226,37.787891223822896,25.253900882352283,38.594226391327986,35.62673304647476,4.608181047424226,39.05670563020184,16.553015079522112,37.88516136607819,35.8913744885866,22.145826397863907,22.406809688860474,17.707292336343073,41.0065012793831,35.19504310857909,16.27595690141691,12.531731650622596,18.754410852719065,13.68009556145413,9.307783243361602,34.688820431691695,38.83207733735676,28.245358858113793,30.57945472300187,10.888607312859573,17.681339291427975,35.42383609048407,37.75427324377539
33.95478367421753,37.050942107345556,8.183133089306008,39.430135260075986,37.87011334607009,16.63424173988583,-6.320651453981783,38.51419055368611,29.089106615890152,39.18749795247712,17.78078239760889,11.961325623114377,27.85729592087304,30.168395479155894,22.547587876282485,14.710723861320984,23.59851546276672,33.69362215501178,11.24434343023186,38.082858850816045,28.670310804304403,33.7416137361346,25.524065066915963,28.492205542101512,21.96184424194951,10.928294801040368,22.648081432176014,-11.307815768619669,26.570231205515434,17.757733638733015,13.722470374951321,31.252574212521957,39.456368614269195,28.470850955525282,25.381480948946,32.72411484129679,24.25442335422247,21.864066168204065,28.238545011256928,32.22358960706062,29.192307820941217,29.450462914923676,32.9455544364394,33.476581743701814,22.672877217592383,14.571376709563667,32.45717434186166,31.118551427219383,17.385238305591972,28.95445534081967,33.025594842067854,23.948417686561125,38.81720477720897,9.505830098810957,35.937835746672604,29.967494877919453,32.83638667762672,39.31240816462607,-7.0435719994913395,13.280318460901423,2.5193255684866287,9.27999153551075,15.911746122562143,34.800373792967996,28.637865396558446,4.430387575093012,35.95943471298975,31.125554862621954,20.1428422134496,18.302917783925533,23.44137167325718,30.82189780166339,36.44130958927938,29.38166540602677,34.1629478540542,37.48259888083892,34.80417857437114,32.03430662935473,37.38025469019934,23.58826435139567,31.202676707664963,5.829778540830607,39.828041424870285,-9.64414684884465,36.68389974320546,16.07466841453027,-7.03658614400966,2.48045648176145,4.121668064542663,15.398940491396043,37.243286025810704,12.089290732995634,35.76296176828628,31.830962111431433,34.881303228281986,10.228501060110153,30.868188732091195,-9.795458816200219,34.456801528079495,38.06709764083027,8.875965650744575,27.16844820502987,36.45403813399929,15.329566039907922,38.132212724041096,19.517557453820938,30.846807211945464,22.15123816845335,-3.265971884621773,34.65785131348452,29.4172527412632,37.09657945674708,25.427843638238922,23.6808657539662,37.7078099859843,40.402819780815285,9.449089702445551,22.005968098332254,22.157870545565142,29.699058181711543,24.764523629840767,9.253301225762629,32.52657639614244,8.428742138450794,11.787400414723244,39.18176110335119,30.48420734705042,13.282861482561596,9.130012605853612,20.648203995537575,29.954247338642528,10.508607058652961,28.209371047971214,5.761885524025153,16.901095900794605,16.23359814030735,16.48290730080009,33.49116966213595,40.2740138147276,38.22740381031129,24.774469348804697,39.22777185138967,31.601447565238306,1.2662406662074728,33.64382400337394,-5.3825051099354315,29.135911058483465,39.09680665276521,23.239556201870766,33.06239849501919,38.25503101986369,20.12542642314392,9.298269721850192,34.62165181011558,34.38138215218548,32.609200829379276,12.748801497072396,30.130588309049212,34.59738704135811,32.095820315246705,32.22980187102318,28.63127863363399,28.029448342221315,31.123581136160702,20.476413433723366,24.01455887163654,36.296599384550454,34.73672971313177,0.9353983564233301,33.955066415580646,34.44335431992397,18.058655968793317,25.15756311766341,37.27797509932425,24.77763998376127,38.50669801891452,35.22340094278961,4.937739833852467,38.45799700110256,16.152650963924177,37.8068688239733,35.23264236597737,21.66497362619903,22.43707145147243,17.635607300361944,40.816041270209965,35.296797950955224,16.17888851344233,12.462167017608547,18.633299979963095,13.850586122779568,9.525495487787026,34.597724954287074,38.4800219461285,28.21060199745571,30.020532159689026,10.899984234128821,17.645871799389848,35.44062805524763,37.084031459953536
35.93028513229102,39.72243842135911,9.01319530171689,41.687588679282875,40.80690666725849,17.643844963160085,-7.407296254105048,41.16419280749246,30.769938878336863,41.978924208806895,19.36697845102878,12.105943073836835,30.28955811932137,31.807045308071814,23.641991437932575,15.316389244922197,25.888678009498836,35.701115386427,12.101881412938381,40.41044751168815,30.810245868739404,36.15743813224848,27.211695290314854,30.546562640984078,23.440625286199474,11.565786949061112,24.373326354436546,-12.66773333369879,29.142463741292975,18.99110788520202,14.72903640614294,33.985642528042746,42.15276846150924,29.751100922563804,26.445081894552263,35.554994930148844,26.2002764358094,22.565975915746304,30.892937692030234,35.1041078601441,30.58947445996894,31.528655804221216,35.00926091280433,35.1983534802876,24.66266296816522,15.521268500262584,35.21041280218048,33.94086360052606,18.51780036313563,31.668096401281737,36.02575724779497,25.58754156440776,41.79283112794094,9.963333114047447,37.84794781873952,31.936147625640164,34.52687220738614,42.35907034069898,-7.483802373038124,13.954316359915635,2.6300423372733515,9.553495690846068,17.30435292048554,37.573988597853244,30.663627957153583,4.35999201621099,39.07587070732545,33.39434221125849,21.036177617646977,18.586007078753035,24.216847341835184,32.85537141952192,39.4022965195097,31.832410257197754,36.60154906410534,40.056094608195096,36.95583647122175,33.54707271001565,40.475764796748514,25.5581076233949,33.72522734548247,5.653204107549669,42.238568051298905,-10.36295470615279,38.63631388380785,17.253892465495568,-7.489064395218617,2.454694545297116,4.358951200831708,16.356549081463204,40.00362979899605,12.280764046466357,38.35442894935344,34.08514603379059,37.39223956084398,10.97235240426535,33.08009071546201,-10.478936317887605,37.3167110143339,40.9177571238252,9.159002738211903,28.679228797007116,39.27709739825016,15.85271479639406,40.781269676661836,21.327814308660447,33.6374188472116,23.60883558042692,-4.576984414819752,36.898356796420174,31.569617835866175,39.51914785800669,27.743622760768094,25.635136567838707,40.53354044172606,43.42019595669386,9.907319879599426,23.041379839462202,23.087626150195277,32.39790326257122,26.593140035503044,9.593367038933708,34.24449267424455,9.058873446978795,12.536539088842714,42.222647817441064,32.65581145347503,13.533361410467318,9.548595418454866,22.078105204554024,31.471667106585397,10.511865593908562,30.482251346558563,6.399980427573305,18.19477144494206,16.84094294164121,17.36392157082455,35.59932831893647,42.60925660448892,41.15011147687869,26.014256237151216,41.66096380817086,34.05542885564458,0.4227838435153572,36.54071608369582,-5.979982030424759,31.785336617601008,41.755350078576974,25.632583356513933,35.39361750199266,41.19458169730244,21.238194324033618,9.138191809668557,36.85334567970435,36.538994460750075,34.6473745543154,13.323146438674385,32.33728556165726,36.53778400230325,34.65764405016661,34.72649737383725,30.544260585519197,29.927164696294582,33.409146475463075,22.27515017168579,25.240773977111605,38.677783766549744,37.14063371720739,0.8615215057630384,36.605814955769226,36.3644500834783,19.57968956001964,27.295950234548222,40.120556700900636,27.041591038164864,40.8217229982806,37.8441771631918,4.653744340178305,41.47372305915075,17.50138280541515,39.91613913912631,38.26528958717684,23.535872130895076,23.727970295492263,18.890491622207108,43.323253464271005,37.12258526941262,17.017295154937877,13.394784224669172,19.742845240355276,14.277756118310828,9.891780052761913,36.600310070701084,41.12581119338547,29.739515883143266,32.43887299772939,11.422041688035659,18.7313332051725,37.44619705614609,40.1977993475255
30.601717888236585,33.258019720038,7.261551907103411,35.35732492806891,33.749752621005676,15.001703024494864,-5.473996512120002,34.3184554847506,26.275156854186232,35.23629018409402,15.808847745322998,10.694144444781438,25.063268679165358,27.064184058063027,20.503906766094136,13.65559749972964,21.323857298434067,30.06430326787583,10.379291781842166,34.36548585371552,25.732309530464896,30.47083607759806,22.73852506490522,25.671653905465604,19.874491620497132,9.882511268834,20.61242000119707,-9.689313267863445,23.716288126848262,15.825811393116066,12.567126049840226,28.04504058849177,35.429820709991205,25.802173041477115,22.820687397083148,29.10981216743668,21.97511310564838,19.85274686519871,25.00834770303494,28.728871035565927,26.17430219168155,26.52165243662655,29.465585915979617,30.033164985909938,20.180459666875784,12.833622350330495,28.780501882846178,27.893284642117063,15.716434556218372,25.710206902949615,29.381961212693316,21.732661760553782,34.83548576853819,8.446143828416256,32.37496813769296,26.995982169903822,29.42001013274383,34.9758286061559,-6.27276017130577,12.12861301686573,2.4574823509776857,8.426680897271304,14.736965576214104,31.065527683944445,25.85098746806259,4.057963435177133,32.19670489282147,28.028023747170252,18.113546806402592,16.688621309777762,21.09828920432094,27.683901732143305,32.75940147871334,26.455913448386237,30.43580091722036,33.57964572112197,31.249260120288355,28.691415524725016,33.457266484613825,21.302767568540585,28.106576265701328,5.477140511881975,35.56410529475617,-8.478184537549897,32.81867646884901,14.956014490694848,-6.282411283200953,2.4115164001276073,3.7185823222176726,13.795549911085988,33.600538360244165,10.715322176591789,31.821069146885954,28.680417530719133,30.99075566402988,9.264072037891605,27.72833793227159,-8.656170117775241,30.738469521595462,33.89781020403577,8.02682143821584,24.631959142020182,32.37923450134285,14.001292664512984,34.19540542636125,17.416429326018257,27.512808430406697,20.320446785513045,-2.727644263321948,31.07355419179609,26.70501541843193,33.16982632181225,22.891756547894406,21.229049943343913,33.59465564515182,36.05171833699902,8.473089902061945,19.93838241602245,20.235202944564463,26.58378874426352,22.658920355690253,8.197404192137512,29.3346471553971,7.711617574527705,10.451391225071783,34.89804808494613,27.634501408618746,12.247728102909267,8.31122055338995,18.50168162724406,27.04189975986934,9.751703769968719,25.12423002721321,5.247831777492288,15.295722579491391,14.839219632575514,14.975902896354233,30.265635224531344,35.92853345712167,34.43772297240694,22.161536454397258,35.23269562447212,28.12652398223064,1.425824322542594,30.0250687351012,-4.515848913670735,26.01655224281756,35.088205767584455,20.565263895076065,29.494866659391477,34.129802524504626,18.26251060830885,8.318576295080243,30.805947169911835,30.89512824876468,29.340289038141606,11.599498293228814,27.21815822053572,30.828651843511317,28.57462617383819,28.623290713784648,25.50790242882116,25.208523600050725,27.785243453739838,18.547201747475455,21.386747302792234,32.61246835387775,31.273079057334613,0.9309182440305926,30.236664714846295,30.844006203511004,16.483430370232036,22.45479752719006,33.364419423144106,22.225345000928787,34.3381292113102,31.36914149881027,4.764182106640836,34.26775876321403,14.65503154241402,34.01957114506767,31.663132742365985,19.6611796861614,20.001047524910742,15.703856323536892,36.4343253970974,31.55593241981308,14.705225127163931,11.13122990782807,16.9482225746011,12.628580214035265,8.55727257405301,30.86301223501397,34.48786494992038,25.326241618664312,26.84834026056947,9.965858336202338,15.73692875155895,31.523271819843043,33.020864337864815
33.243924261949836,36.14159060115184,7.814608630668984,38.41137952880019,36.56327361861233,16.20236495176547,-5.990564010260405,37.31545415058767,28.509125007788644,38.14644629865225,17.170203261300397,11.669601326646914,26.90588363985401,29.481900918588533,22.269465588432688,14.820448883659664,22.977518886827948,32.559383674666854,11.167553652221978,37.269253348306115,27.906002359992254,32.97904221893211,24.689133431014525,27.555362257566415,21.21445093548692,10.534949390995926,22.371040344461917,-10.380328217105328,25.707166229695442,17.317427991359345,13.515776758852295,30.255569405735642,38.54548744377526,27.89823117679079,24.770677081784203,31.578912710207018,23.60018050157433,21.72879769285397,27.094277489474685,31.136613728157627,28.473716347958884,28.42602049736554,32.141185496034105,32.59820452281047,21.59669563275481,14.084293887584051,31.190379893940328,30.1610856279742,17.02719907151611,27.81488680777775,31.84481656272914,23.368070341129858,37.81796219649915,9.06899550782234,35.056598981278285,29.41545305587374,31.890083220967124,38.01658446684254,-6.633248788628902,13.189756256025404,2.6351030832396654,9.05573464882109,15.912443332246516,33.724243256305336,27.68976532797039,4.4002004867394575,34.84559266134112,30.14156591266186,19.593060014523402,18.046941883502374,22.946738021647647,30.120949306331006,35.47105060936667,28.457799299965114,33.04744201006082,36.36916435488177,33.860253980278145,31.193488406005944,36.36893596458816,22.744143729555066,30.428864933063,5.928793144667767,38.66763502166118,-9.200436135028285,35.61090345904768,16.145735388574785,-6.730426648194905,2.3866310196169285,4.022880514883082,14.812512906605008,36.270124818008036,11.857188910171978,34.486776578179466,31.207567221996378,33.66848422389403,9.874190073396768,29.794199342669682,-9.296184762176496,33.278382526566084,36.832741514655254,8.695452464966491,26.787641242668865,35.1917374099021,15.306024472483077,36.97484939984747,18.727790257333602,29.94406625250536,21.922603297058497,-2.7487994312171984,33.58368947665263,28.684133589373445,35.965884740929845,24.729966305845107,23.143468868254377,36.481580195112876,39.15249271177871,9.218093294244424,21.464011550659198,21.958687962192297,28.723787685557735,24.543225969366738,8.815907044523785,31.607628631404395,8.246837176134369,11.415073862950193,37.87824022196551,29.923030567141776,13.388740525944337,9.124647274456372,20.037171657536778,29.364230080057805,10.64040958073088,27.164011473958706,5.5020899794483125,16.687047603992085,15.98248204667813,16.067122552462475,32.64188492376679,39.14324611827409,37.32572532613552,24.212297979387237,38.18465073888262,30.489833065772036,1.6272617231895519,32.47595546430376,-4.9364359621114495,28.115674724468597,38.228849784473205,22.09073099455321,31.989248750374767,37.04605554607638,19.856206720706215,9.223491592050914,33.51681429061848,33.52346855033559,31.601507189563982,12.344380459274056,29.487852958057076,33.520526063423425,30.942515163492004,31.032611479409788,27.473328515375687,27.268655308927567,30.042902851846975,19.940346611779166,23.468207954284864,35.42077421892276,33.81100406961533,1.2059342426516553,32.903616724632904,33.52552545840101,17.921364841949114,24.29911565324397,36.257964540538175,24.176736374090307,37.391120689870654,34.08202818900399,5.196584485264626,37.0928314507104,15.582008568933258,36.90735667594957,34.284014198537726,21.172065010470735,21.694418418382416,17.104442578526474,39.62351265943722,34.359443075359444,15.769681702156609,12.087524095058262,18.23783345188527,13.67719064869817,9.364935100247543,33.6235900691403,37.360329217421246,27.450570785122675,28.994651120539782,10.80799065037626,17.097122298984544,34.419021748893876,35.84317135028728
33.698726914111845,36.861210680740534,8.24080077530243,39.03094307416479,37.711190158747364,16.544876308725623,-6.4253712820228905,38.18776839444832,28.793454385524615,39.01835796910253,17.74030619153395,11.519994680033548,27.924866942429485,29.72727271842869,22.303082779246147,14.67915094309092,23.84578453101667,33.293998080216305,11.30224208210554,37.78566026469654,28.62152450567831,33.63683818318085,25.2327177929884,28.337459379676428,21.78074038716931,10.860622048116841,22.74090995725303,-11.32605342089899,26.65895452660171,17.62323094450195,13.899454794982699,31.244051951186705,39.201562036284784,28.09360603065367,25.02904758479966,32.71662350020618,24.297874033518273,21.49790809947508,28.228109350231176,32.24187534505771,28.793874184510845,29.30522900016911,32.615623481424585,33.06795008273621,22.658318537265288,14.427928103064337,32.346756906256694,31.264989673161512,17.299301861547832,29.01037969779093,33.13358384840238,23.89733005727241,38.78554342204702,9.41775418856309,35.58706584132391,29.856818774886605,32.430025818823026,39.161548743910615,-6.911577744155138,13.107089900258265,2.6286163767441013,9.057707274717062,16.18953397833073,34.67470643581717,28.470841987858694,4.266387540470381,36.02196961637413,30.97316607517647,19.74516966303231,17.856561158403785,22.98319931794325,30.61560775957234,36.479777721896916,29.484660289179036,33.96421141955157,37.214755781935914,34.532146060237956,31.536139787123574,37.364109537081426,23.585309921056737,31.173674487991416,5.644478095734737,39.39064925861896,-9.541640719589225,36.201722388245685,16.22192665332209,-6.9242957815207085,2.402861142479954,4.131108146428949,15.317462611902027,37.243502321519095,11.677037571780495,35.510476015683984,31.721551171276623,34.63092985309892,10.310651859867328,30.744065612190518,-9.56762015029543,34.36984862028158,37.800141478458755,8.756708542753323,26.874692192121174,36.23199508406443,15.158136625502399,37.94039167131153,19.549806654952345,30.924114029295232,22.160772362578456,-3.6533533854094604,34.34400675024778,29.343299250360598,36.78814391378239,25.560193350693666,23.731824335732192,37.571448470191385,40.21872503006881,9.36398828356179,21.766956829690884,21.92747211025803,29.766138230537436,24.88718035597986,9.057843033994004,32.179677498903146,8.438665063801782,11.648579488961404,39.001296104377886,30.42825086684362,13.086097651317223,9.10124599751027,20.520016696353572,29.66313379349773,10.21959720414519,28.1478975801698,5.921027831486807,16.92337731301341,16.048692494946515,16.372682371743654,33.315345719698456,39.79441480654022,38.220898552553095,24.4054136294377,38.92962358476013,31.409294197822838,0.948992552068356,33.68181705426487,-5.366358058566842,29.221331954494552,38.88164415445565,23.349395883363606,32.847008545280474,38.11494720988793,19.92603171305769,8.894183682527908,34.29468888688305,34.2304974138636,32.396124905525475,12.566047494351611,30.09602286775941,34.12406953735741,32.08388059231009,32.0325318446481,28.36662087711243,27.93480376383672,30.919245414531268,20.61454281966326,23.5599685055861,36.17928946704801,34.574988336776,0.9349887702928185,33.85668124212298,34.11583383761861,18.155767524802968,25.224144740014257,37.198055550211066,24.875091446174377,38.07154208253523,34.95794226964246,4.752502171060883,38.299925122622014,16.205622967444082,37.490882331472626,35.38352929973918,21.67413708263683,22.155902262028167,17.463613099687592,40.43763445802153,34.83965213307343,16.047827926023736,12.313368515933952,18.415761704330166,13.546471522505119,9.343319785032646,34.067810016076216,38.2899111882409,27.918332995840682,29.962099505708093,10.89821264574628,17.395614123465837,35.02773392641947,37.037169910820545
30.933583039825926,34.3050991216212,7.738558239449941,36.11025686051608,35.152292605620914,15.320884579644904,-6.14752317712736,35.42027270829357,26.655466627589533,36.25584625390724,16.519494430869933,10.733966415446544,26.243146231066333,27.550259424318817,20.653429356920636,13.087309172879518,22.25223305018781,30.964810722176328,10.570175152577974,35.017174550760565,26.633816729980225,31.15261550093047,23.531629903194435,26.67473425966956,20.529886456366555,10.128104671293599,20.976500000765512,-10.878396654008888,25.004298329663943,16.52709502926849,12.81248818986236,29.335622305895846,36.25106048273493,25.96974539643655,22.896728717420302,30.559249361257493,22.699625344076537,19.394135441341167,26.47155106036092,30.191316785325157,26.321786077601406,27.46023204028153,30.2333999835747,30.514177419579575,21.432700621165786,13.248250798832768,30.261579064153942,29.181949844255904,16.082941821210728,27.237546763540912,30.924577042686078,22.291239159621007,35.99367075624529,8.799311457796929,32.78191305594392,27.345038125862345,29.95710570525653,36.43494667847828,-6.53561251415409,12.194578952898897,2.3547295879496364,8.521590542573557,14.727045090056562,32.346501505988826,26.818536978971434,3.9390939667808094,33.65606023538064,29.061841654993355,18.466735458526472,16.20154830758882,21.128602398459083,28.501900154459165,33.865631028705884,27.445754370586815,31.519661914069125,34.664417701538916,31.881971191024896,29.075639451170346,34.706401047601645,22.348867933466725,29.109549048136046,5.147795863340342,36.49335072718548,-8.865474826172049,33.4413364625066,14.86588948823406,-6.475464709229973,2.3640385204062233,3.6466754840307987,14.206695988687382,34.65791685513304,10.674766416973021,33.06306407499012,29.388113243206362,32.23722880440202,9.695263584962051,28.744010739003375,-8.973758426197223,32.17511636142215,35.18987837127896,8.027534150078951,24.789378571772257,33.71863058984968,13.67565148743104,35.306381073958,18.479661634600003,28.786771333774816,20.41716882650351,-3.744488893292139,32.03733289415247,27.489028980123475,34.06054817665512,23.96070137013467,21.991910739189066,34.88729978284979,37.380521777820874,8.443058504147796,20.166411515220585,19.943008664300894,27.86423445277223,22.84803859271905,8.325256926881274,29.82419670793971,7.962801727445961,10.783285904969736,36.33616336361338,28.022679802632474,11.597271715365615,8.353941664800617,19.113673592986434,27.288755969646868,9.305204336727531,26.198877504492508,5.661383926141959,15.547567259573546,15.091647740789805,15.276747891390821,30.894805553902426,36.756487026278315,35.46241569941269,22.459435270766047,35.92538312874784,29.45938314907087,0.5900982696367068,31.449437920515663,-4.938082978994994,27.360772062959374,35.85458002805189,22.127272666080373,30.480778221192004,35.54191167732742,18.30228485408543,8.213885861068588,31.735840719371808,31.39140431751057,30.14856368574088,11.784944203742395,27.751385269694698,31.510470043361128,29.832288533134257,29.894312725320063,26.58009089394356,25.859294536084548,28.86440315472835,19.19879564492956,21.861353297033773,33.33642350729463,32.239540290752636,0.7019988583762711,31.444414493118895,31.415237706948528,16.67957305767013,23.58346289633084,34.58063048040608,23.162298752622316,35.179374529476114,32.529544987407284,4.211498357717352,35.76911564975806,15.409513103298671,34.52524483155073,32.84964686097225,20.34944809165408,20.29456626680374,16.18241661835718,37.44050036502956,32.007603328671365,14.994486940109716,11.518488979028596,17.398599100797426,12.607060865000536,8.679978057226252,31.65291151827683,35.475601632880796,25.749636866258687,28.084302695585016,9.954872880284986,16.305223490151704,32.18537612486398,34.54947619768926
33.451919844621735,36.87074860305195,8.274032488969556,38.74438851472899,37.81111325975535,16.366412320946612,-6.82434098577201,38.164412032260614,28.720138450142763,38.99596210091976,17.966669575554103,11.236038687674313,28.08628631024951,29.64496893914654,22.1400741423388,14.471130483486467,23.979779280535407,33.10907798555024,11.442096110097946,37.62137982319301,28.592369012379617,33.64881420036314,25.430042859870007,28.465446292587615,21.88270435977879,10.657940796266796,22.760966776098524,-11.619287920746217,26.967215554628392,17.606348592611727,13.64729261754425,31.587857683349032,39.21334523644225,27.791325171745967,24.517598498678915,32.79344194664338,24.275744360566303,21.108707169571968,28.53815841701445,32.45050639949626,28.494581663037195,29.280943943963976,32.606748121820594,32.63617632454639,22.86416098203403,14.44531098800747,32.57934365607624,31.33744727293716,17.375283361328876,29.17480766429748,33.18984996493461,23.83299112291892,38.72750956641625,9.23365957125337,35.182802008766906,29.652043280659683,32.05869043157878,39.168107149089,-6.883919154010384,12.919666026675323,2.6076028004155916,9.016521209329902,16.19638323072637,34.84945516832722,28.524230321689704,4.136757539111807,36.176621285431914,31.035858894844015,19.768347095829814,17.427769521727388,22.55030708360484,30.617165369111877,36.514484281906036,29.45598802297414,33.81308688217476,37.20490719259205,34.27065409070797,31.21771117010699,37.5015083249571,23.686177880487307,31.32630670061979,5.399233041009139,39.19907033536298,-9.52381065523711,35.87414011123525,16.236018211464035,-6.942517786528932,2.4677282202056743,4.133119739893461,15.170913358476986,37.11875595490276,11.32513497508022,35.53537560297791,31.707519170464504,34.65983155966155,10.170136345099623,30.670282896928576,-9.695874863087079,34.53354081740727,37.91444526968934,8.65560645913421,26.770030910995086,36.36851164502334,14.840070020364319,37.86051256940714,19.691641593718934,31.05953537416108,22.069051189111935,-4.104727037338318,34.34257841953919,29.39406174951312,36.6066387737027,25.700214160601405,23.65877203913941,37.47332875745164,40.22167997823156,9.380033025602485,21.548981935524584,21.650231474700302,29.96500432572348,24.780650664765002,8.99811748327429,31.884278753737803,8.445467222136418,11.696610977563475,39.059236297606446,30.389064455772278,12.718294374347222,8.977143718498237,20.462186130864932,29.234952087642284,9.876686096311165,28.185803189979755,5.883008925503406,16.9606498795429,15.9127909212628,16.121377099061498,33.11822707682727,39.55094531694664,38.22187308916218,24.255396934123954,38.65952626614793,31.55227766023299,0.5687902691297687,33.77308778991597,-5.5248318540043435,29.358989030728612,38.805148357281745,23.574730176401953,32.75209768631798,38.08292965415087,19.982226835556094,8.50863571103138,34.17895854929772,33.90950700211824,32.08622039463467,12.42059697516411,30.009395358944865,33.906026963570525,31.980216206165995,32.16060700600596,28.334016752822418,27.881760147889185,30.984491995146076,20.755227320636507,23.504660383684783,35.81499134653488,34.596921687162435,0.8559990056876418,33.800214287753235,33.757233861787746,18.355253455635875,25.298641760800802,37.17861531736445,25.012929362458024,37.94354310935924,35.12451906610797,4.437442187286114,38.414551814323715,16.244269145302226,37.0543547764616,35.43837166042996,21.864195386718833,22.08005165757505,17.619030553281082,40.12046068336555,34.42625807811977,15.923898248562923,12.531767186682806,18.51082514993742,13.489289559417736,9.404207705950844,34.05286134158693,38.16521745852151,27.662245460487203,30.020187876446904,10.581819928618716,17.55627163828013,34.68186952976646,37.16508915249735
33.683167667524344,36.97173488226654,8.169836279255364,39.10845348760669,37.67327845748137,16.506296663012034,-6.479748058179059,38.223811354958364,28.89963589040624,39.06443458075539,17.706500856020998,11.660661193482083,27.955776073033945,29.931494436919504,22.43753315401906,14.515788055325634,23.66861397533459,33.3214960591668,11.272798452573111,37.88825986508641,28.58285882337978,33.63138367974277,25.33394075052984,28.377867240968815,21.86369501565547,10.761147096667697,22.646389967153628,-11.284319936166257,26.63987123158511,17.782843450356232,13.742387146904743,31.28836680008781,39.287972869787595,28.18665943518466,24.996262652138675,32.67754403222848,24.180167412502605,21.54900090879976,28.186258938564777,32.24398992510633,28.788187080492147,29.284716619400694,32.766989776067746,33.10209816080206,22.588964027344428,14.391441264329064,32.3378073775856,31.16789298670085,17.286918834753134,28.98501796802522,33.034091959812,23.93435362060172,38.72616844330513,9.337158658961975,35.59310717594401,29.756806899854745,32.433206550584345,39.153673750713956,-6.941348119922858,13.15112170659783,2.4828739166510183,9.007618138318184,15.968758384472764,34.72172192615316,28.531299651201493,4.366118521772279,35.991366087912766,31.070185212638034,19.873237827209962,17.864292367362154,23.103939247509118,30.703837981838518,36.38700146866997,29.34306022284509,33.89997669956447,37.232485392689846,34.56322428575484,31.670863400679412,37.36326660260082,23.62996372841501,31.195404108029724,5.720613114445869,39.477139965402436,-9.554456579280371,36.3108095504701,16.138413674705667,-6.980049324998917,2.372267021193362,4.011708167583106,15.229080534785682,37.18191465593485,11.78928135129534,35.51541920023677,31.72126595509668,34.68163337594598,10.228962644922104,30.726709891422647,-9.654101258959553,34.37823253844283,37.844256270510684,8.687218948671385,26.972958473809996,36.25938952351865,15.150512592593875,37.95703843582138,19.507788050372383,30.891595775173524,22.086526503292053,-3.507402913174675,34.387615656436665,29.368180564695532,36.76274670925385,25.478794837874247,23.670654572677194,37.50581628759241,40.22207950202929,9.226882385218945,21.751259396660277,21.87429767646821,29.67733968059939,24.76853265620847,8.933377448312632,32.191488174004434,8.464006728310467,11.621733603007758,39.03537949745436,30.362218482368977,13.03377163345217,9.092261397775461,20.519461167957118,29.690394873210774,10.315883011313401,28.000223392702384,5.742543711414789,16.878989870703663,16.102867936917754,16.249819674146856,33.29205504165504,39.92250279028456,38.15404279296932,24.446189917699165,38.9404313881759,31.51143776007276,1.0466678842560264,33.58242722880615,-5.331813590852869,29.12202784258959,38.90530797655724,23.276198236796024,32.80168330791571,38.156149317963035,19.953493084274633,9.040241687598334,34.33525773189302,34.07983347051106,32.388861764158925,12.572725203672455,30.00439103502118,34.17274696255484,31.920295083026254,32.05558794073141,28.363052971660597,27.864750417998213,30.917718339648566,20.465044860289783,23.808894178252938,36.081603657522535,34.64833624561871,0.8440664093955633,33.777223126803065,34.10951143368734,18.106897198413005,25.13829316668507,37.18018598052899,24.84296546669431,38.14514116090942,35.05060760869788,4.870505426800998,38.304553425174745,16.15095884812207,37.48937039217709,35.224535434566484,21.702657593639334,22.15946217414182,17.477684286960496,40.473009606598026,34.82994056315209,16.03114234966765,12.343275212661789,18.562893724426633,13.703658526740789,9.402211603085338,34.30712349510413,38.26529632054261,27.9367986749903,29.953382101052295,10.830497473118648,17.496654618175494,35.030383398620074,37.00760551413479
31.379625612597348,34.201927465336986,7.556622841403944,36.326118663348176,34.77337179883896,15.337622012071245,-5.715878377956266,35.309579500021925,26.86878435687262,36.20415385864104,16.27265748202444,10.907211672065444,25.843874998337984,27.776714319719506,21.069353597710872,13.754934313714347,21.913908923385513,30.970355307147035,10.599677269721063,35.21025522493711,26.522755139875194,31.134580557524327,23.43633611203188,26.334954030131318,20.40878748453598,10.029100926989171,21.08598413326926,-10.239755987502486,24.456261623471384,16.394135739860843,12.921884391925841,28.836243140865736,36.35821608200971,26.395998811705653,23.37494470218755,30.05512824031549,22.53845521076215,20.145385828406322,25.85263848664345,29.65279800416566,26.74635340501156,27.238480763892433,30.379542758494296,30.806883090985384,20.844810743893248,13.26154449849434,29.75163692210715,28.75283550259503,16.104109047580526,26.640857368035544,30.38656679116421,22.237229498541243,35.81856242088815,8.675207891462087,33.2024289579977,27.638068310754548,30.160388113401094,36.07799230045664,-6.365367148575978,12.306325333459368,2.5224852399897126,8.705099261978157,14.91865594145239,32.02169895484275,26.55155317539767,4.127864366601294,33.18470896080786,28.77897036330873,18.63526971079769,16.9108907375455,21.637425050250044,28.527760701013634,33.639447222394864,27.20875809453542,31.32421976378335,34.57270018857171,32.093966757760846,29.529164051409424,34.425681800762774,21.940111990654557,28.82977350288913,5.532852937638524,36.565903264148396,-8.722801660579407,33.74495191903948,15.150329510055826,-6.439030677335025,2.353590939877161,3.856896857810455,14.138673225813392,34.58718734876076,10.944382230201345,32.784859383692336,29.426788517465347,32.01366484222823,9.495605343502827,28.566222591179585,-8.846142654444511,31.674186777595033,34.843828924541945,8.294221782860227,25.151214653539004,33.37617867659642,14.297600146571334,35.18923111069025,18.02250512374005,28.369134255555736,20.630136972704808,-3.037314970665312,32.00694898445059,27.333979483585534,34.08311099672765,23.616994820754524,21.870933726485312,34.66184445520635,37.187657749533756,8.585492603748081,20.468553432610893,20.542951819990254,27.369346461845268,23.035495312318453,8.341447618345423,30.105732949118615,7.834339803458398,10.736749498057565,35.97234287529195,28.145144851547563,12.357205188568734,8.636306846685281,18.986256668516774,27.78576443456361,9.74454973778367,25.873129440795804,5.442488731306581,15.577643188593537,15.271288064838139,15.290377373745448,31.016429432571236,36.98315404192913,35.379902230758766,22.67802883386269,36.149945435466904,29.03021665131238,1.2096347699403673,30.94747854784119,-4.775587452314952,26.88352546166329,36.021348024043334,21.397731956956623,30.29137759989132,35.23755422695207,18.632721572510523,8.531529227019654,31.770975691317744,31.742463265888738,30.1404817397461,11.733982611636186,27.761594121200673,31.66393851866958,29.510736418519887,29.569623506137255,26.335951270625625,25.893765784086323,28.57560771939949,19.058233550991236,22.005113844297174,33.57524006274131,32.14942971707021,0.9028136720336565,31.156965014160736,31.72139745290083,16.76097287817485,23.241749944731577,34.39383739011752,22.912626408537108,35.30184568388969,32.244300424865905,4.65209744144352,35.324719455098716,15.140117527010181,34.9119402934038,32.58964748950088,20.0900046357301,20.57480157293653,16.06957749141191,37.52621537098575,32.41056306506431,15.065376784634116,11.413126744315324,17.4086463267011,12.96028977302261,8.866607810783359,31.706291604861825,35.512513878707416,26.04256667880486,27.671511561766398,10.190536006261727,16.221630793512993,32.434216050183046,34.082339478586306
33.513559550557126,36.52470525621801,8.025530768215102,38.74249828085467,37.224002271348546,16.460039729285008,-6.318210069144667,37.78119393379534,28.774124132629456,38.73717030983878,17.610791298059283,11.466330335349586,27.537367460962166,29.622009693974405,22.38091172587337,14.967939464445466,23.62204494164464,32.91393864134586,11.523760189452696,37.62148491444646,28.266775446615053,33.49968617615102,25.116271437321018,28.17344005139707,21.535726967912037,10.77206846501176,22.816128505922553,-10.781333259146548,26.34220517858784,17.405202335009964,13.72093930471244,30.988418464744313,38.95144160720333,28.152687556699785,24.827565760448607,32.199370844438484,24.114048696097104,21.650669965817926,27.75767413090337,31.783823035941207,28.66677991331114,28.96546765554412,32.47116358529841,32.804867959871345,22.32095335595944,14.311452927519273,31.799892443413864,30.780638830248055,17.345555689978838,28.378803567860857,32.52382567965732,23.767493279889152,38.41405118663743,9.279531698895408,35.280639234912286,29.692279131848444,32.14881053084374,38.60949886039618,-6.766131084680352,13.186144893122425,2.790219964736316,9.235213011089852,16.407465936533672,34.27378345707295,28.200601550473127,4.299357387954929,35.5785248512891,30.702186515127792,19.74575720304653,18.008269395527684,22.901221652516938,30.483286399914277,36.17717202672225,29.052515252332174,33.49595822962089,36.889210217445665,34.149663696283284,31.240160440232064,37.012450883579234,23.297640099268598,30.96100986783108,5.815035383773842,39.02879520085378,-9.292557167269164,35.81559592302911,16.463347676395916,-6.930796690138659,2.630665267824593,4.1059991845930535,15.154640345947522,36.818347865554465,11.57880834824743,35.021281816365864,31.640601788892273,34.1574357445721,10.289205760795511,30.24924802964688,-9.388179017510208,33.9433421593629,37.3988982342397,8.814627640796363,26.842132184635073,35.74012756548896,15.15329085254392,37.56910610709251,19.21782067167302,30.4934855804773,22.33835430609207,-3.2903302920517805,34.06001055290869,29.21612698232273,36.39735049492564,25.2605710016334,23.369749251078623,37.07391190109559,39.65180561491566,9.414434447027688,21.676953411677786,22.0530949683096,29.384169376132203,24.997931129079404,9.041005782345445,31.860449766781738,8.349957016648432,11.633747077105026,38.484223945943114,30.4510075986315,13.282144836010824,9.2084550477702,20.368134376596167,29.414306088291234,10.437391680773413,27.783543415564402,5.683552825163815,17.051924403650176,16.118890059192008,16.27159559783831,33.047909982293184,39.37544644713216,37.94040738897971,24.399410652815664,38.568236337462736,30.939296120057218,1.2919707696784528,33.19217482712013,-5.149913662404216,28.811436311530866,38.6425058617848,22.67342176260152,32.48320132267329,37.562159733513404,20.083704387754604,8.892523469133765,33.80628337212674,33.88545214875586,31.956556299405246,12.499094186805365,30.018550214211658,33.76924971974145,31.501357608087186,31.532583396136264,27.893845698663394,27.700458221399842,30.643365032111923,20.478751978674435,23.340720591298826,35.71080095108188,34.32642961168362,1.0145767710663507,33.36958832586635,33.70194620209222,18.380664488314114,24.800056381696287,36.79165530858893,24.65398990037875,37.74339092193538,34.61310708503555,5.04319979319948,37.77422045296391,15.937389019006908,37.13807574573677,34.99360386159587,21.677770679728585,21.819105622561842,17.46241306256815,39.96027922503895,34.49625814294334,15.937531389440023,12.417178260635414,18.49279901454698,13.710205501182697,9.525852654483847,33.86537854187261,37.86233111917903,27.662925866791124,29.498363108915346,10.910040153681592,17.4454627513261,34.601938787572976,36.49104477494274
36.092818708732814,39.58562492449137,8.685922809470183,41.779680205044336,40.25689172396031,17.511485192055318,-6.844116091184673,40.86798439915105,30.851567736031658,41.673388768716705,18.916004515138656,12.58479264799982,29.784038632727906,32.04864364061312,23.986751358076017,15.580393832271403,25.161322633134596,35.73290913971758,11.928883930599527,40.455868756976336,30.612359862813474,35.85895630253674,27.069961656139547,30.27366856861043,23.45857155281886,11.238593080902593,24.098427749582246,-12.193296710801336,28.3384256170323,18.8430077469544,14.497852958374803,33.37329957843473,42.07303190065117,30.056980967710928,26.705043076447815,34.77009683785703,25.860026878560685,23.04166199128731,30.093507620927358,34.39128869463425,30.84036534384446,31.37866285219668,34.990832608483274,35.34998180424421,23.9876904458211,15.383540631344475,34.60928286437013,33.23285905702581,18.44199777792807,30.89913589328961,35.15382492847523,25.375156043688143,41.32223630989725,9.668871545060913,38.118245805533086,31.779500284819854,34.73749993533241,41.7766293831612,-7.1782720096473795,14.048970435097392,2.549573021121821,9.663825871050468,16.926467467128134,37.09272820895877,30.47373828241205,4.695175314469343,38.301714414774715,33.106014821305536,21.400186517662206,19.1937843316024,24.780517863735515,32.72293290532223,38.75871677997278,31.27501993069779,36.26961378064202,39.8627400935529,36.96116580358629,34.04653552226783,39.81724200750947,25.13441170241041,33.29737849122415,6.0848528666583315,42.281775429974786,-10.06186293923165,38.88416701480298,17.253085179934804,-7.313757579285623,2.5206029909358043,4.446072374483757,15.971076465786698,39.73033865900825,12.622549401375789,37.961803383956116,33.88350521155118,37.03082619131462,10.665144475213012,32.92909287956426,-10.161716933124984,36.64041045414747,40.4239761456318,9.36437184279816,29.03167962464784,38.74383756090463,16.44090548227159,40.44918140995403,20.773201707541514,32.910513344740586,23.654172793584642,-3.766036485999476,36.82881561159015,31.360065551289352,39.311812290024555,27.205691446812395,25.271776310447766,39.980689684327565,43.03997519007927,9.997360759170231,23.202246106831847,23.45019021491853,31.663167876391167,26.34133997017577,9.665282933760908,34.53018318906529,9.050007747130115,12.407559823813623,41.68092375931962,32.33921207010386,13.997093716118082,9.701723120849069,21.88795804140114,31.830504656619595,11.028840702278723,29.90821655385241,6.260289158278664,17.929186224236766,17.168436289526042,17.270588261973035,35.611136585151236,42.73910821744913,40.727757620828434,26.181786304665547,41.64886062407569,33.665117864355445,1.150536649898498,35.76265592079398,-5.712630622246135,31.051089687461232,41.58427638805494,24.879481933491828,35.04322598756135,40.74440653532481,21.42450421616446,9.74077613799823,36.780930636531274,36.48647850365096,34.62207378141972,13.363491961046503,31.938480160516907,36.62882712426181,34.087421985710655,34.27513670411866,30.450166552138402,29.715303989327065,32.989154767243264,21.90967573588056,25.62992726149854,38.60890353302857,36.9793669059393,1.1993834190354213,36.14214494399389,36.57721740499114,19.241389199115222,26.841055506005947,39.684617390268514,26.472383564339474,40.82863556695854,37.445340736946626,5.029053827957356,40.92733898942944,17.27272324865614,40.090958608637926,37.604136561205785,23.12201211575039,23.93899872726516,18.6045988192855,43.31027789788867,37.43145916847367,17.099413826436663,13.207523115972892,19.917563495883954,14.702889216512823,10.061718788138673,36.76088914007605,40.96088153537237,30.021247223344986,31.977166771252218,11.46006519231362,18.716940229055165,37.5573598328069,39.51571462608016
30.694575315501453,33.52306589999864,7.506057743815965,35.6441345525798,34.28483759158482,15.013177337337542,-5.678070527221241,34.78858821186378,26.32221104521322,35.48820919929856,16.029208245404302,10.813320034933394,25.3361657371868,27.250568354383006,20.373141407678354,13.255826529181329,21.436502419011976,30.489316266666936,10.203828863669882,34.455868794029804,25.96545525972882,30.490841972497492,23.043318024060227,25.889590221326266,20.035372113939978,9.925633137705022,20.508882815112,-10.318794323141908,24.07781791557287,16.06126240652561,12.565934625695865,28.361174129502118,35.662734077617145,25.746717287930725,22.875175164691747,29.614927137065877,22.112322378733456,19.652630843883404,25.576784566444157,29.16608770246199,26.311711370280634,26.77449206369094,29.727026854252593,30.23655067808575,20.63244425477054,13.13850497647723,29.38386321103296,28.24327836504141,15.704055113074235,26.25387582158873,29.910298080758388,21.7730887458635,35.09214798251178,8.53224093194231,32.508984511937456,27.0486032552164,29.667119380585333,35.530575857314815,-6.289892436162131,12.026753039964365,2.3047610267467222,8.45597732034281,14.39004219304923,31.51529756330289,26.07924317249501,3.944920343769324,32.596320530467025,28.261764001260488,18.209977019776723,16.533280966120515,21.169529988814386,27.850227553151154,32.98354676194925,26.683512106392392,30.872883040663904,33.91431095577101,31.48388015612906,28.923598740565822,33.78152710976754,21.507372139005316,28.274197643602204,5.437155706177114,35.98350334485056,-8.612061061605768,33.14807317600412,14.589678981615116,-6.332252544294472,2.2761242804363553,3.67752640607475,13.93356128632513,33.8198366261922,10.8040170653352,32.319471069203324,28.748793877174265,31.531305492763778,9.362360334050988,28.103683933578125,-8.761023400888723,31.188408570979878,34.39445625810499,8.010667452020122,24.535514079898622,32.94682939959649,13.860264302196194,34.55331989904588,17.761343915175843,27.910254161902813,20.06088148393099,-3.0640074514688203,31.388749871753742,26.737447351806363,33.476477248411214,23.113837456308193,21.475184988073558,34.08363962638302,36.55995464791383,8.424101373113182,19.97057082441181,19.9989394141787,26.939519274005672,22.398758685787442,8.394966387162505,29.50368991312476,7.7047049887570465,10.588560993393315,35.42224113918624,27.525756334815238,11.940963704557527,8.242863455629662,18.80193704301615,27.140482029500042,9.497304800797844,25.543067847002604,5.3798785013720485,15.207268932418398,14.860170313325881,15.034600584866586,30.380411165452454,36.32837606246172,34.62082516583195,22.324579100979186,35.45705822168386,28.643344792765355,1.0691974005497533,30.492079645382926,-4.7639249971857955,26.46062629653092,35.28857013400139,21.157479956922728,29.86467005860043,34.62311690010312,18.111467843563677,8.394631829904435,31.29989513926948,31.056394538374498,29.564874574754022,11.603771625561977,27.21919711922297,31.23333946577037,29.089036261875044,29.17826766709301,25.985299145492718,25.36916708015398,28.18617614915907,18.594084504165984,21.61891402003981,32.8266027754375,31.512915677251172,0.7948339238060332,30.715887513509475,31.11266953034239,16.29749084623993,22.901177458078372,33.75049560631794,22.436005757096222,34.748084253698316,31.818216045464524,4.401327711013874,34.82536345372663,14.81293627835365,34.18526513069353,31.9185909564875,19.687013153718315,20.289997782174495,15.872716519924833,36.87429014963572,31.86793083948375,14.79739646587498,11.223833082273467,16.99480386694019,12.618068106095489,8.599261101395209,31.19077292527902,34.86196852892704,25.56752089645568,27.224023085480763,9.870894790329249,15.935094299623502,31.92924004195876,33.582053895963874
37.1484318102253,41.12698713817413,9.271504436206797,42.88782694076216,42.07057564681377,18.146799588306244,-7.850397279846637,42.36853171435129,31.864021986415086,43.37061005554918,20.096956118326936,12.226658413508511,31.316812683779567,32.85365664891611,24.631740488787678,16.102742463537172,26.902306354043333,36.65437263980614,12.906214080889862,41.77059054990343,31.889743674812973,37.53353695991676,28.321137441799166,31.64648612547635,24.308439180596604,11.685519136045976,25.51349127190058,-12.954289614542626,30.201497915017725,19.5181103207612,15.184480736654676,35.32802020592232,43.67840218069563,30.75395503676991,26.98660392262022,36.53494731941146,27.116471962780764,23.324084487206203,31.847813122403416,36.27143819389234,31.549231932957323,32.482303356077345,36.30784045539325,36.05573047354647,25.36074266617225,15.941965692180563,36.314128061014536,35.061263962039426,19.43641107807184,32.54702619849746,37.03863571177787,26.479149479794508,43.22737440813319,10.038849144551815,38.944698936474374,33.03218709062928,35.47652699439045,43.584752999489716,-7.660980114716383,14.293549652112555,2.9287540300658295,9.909616027908713,18.272772801739883,38.87236308060325,31.690848762078247,4.451588011936833,40.40723184875527,34.505384572234014,21.865494435125274,19.113264707220548,24.78562021531264,34.10491135653211,40.7612666268176,32.78404035536682,37.59115311611239,41.42315585443694,37.97437355719045,34.55321198001705,41.89984045865176,26.408238244472667,34.99402473040611,5.711293282031223,43.463429168159074,-10.604513646942683,39.65171461533418,18.296804352189376,-7.814031893093556,2.6924499505728763,4.531523414555087,16.65429750919014,41.3539478674471,12.30278910727176,39.43783900955268,35.42656863923799,38.485266092990905,11.151551192526762,33.99794707812345,-10.69299893966088,38.49584163195755,42.18730578785268,9.658247712333896,29.804291042679164,40.45076174514463,16.35294412681937,42.03150967097737,21.943957232542594,34.70497793507159,24.66762057101373,-4.90120139252404,38.19763048059882,32.76357269432171,40.65764078931366,28.72647525860699,26.34434905784634,41.67898656829052,44.73630884428889,10.429755245176935,23.71922235421591,23.9562385292136,33.47316431001905,27.775108058047863,9.811719906889902,35.2613377309008,9.3941636811634,13.046196285056674,43.520683765062316,33.94292376367476,14.054513883491465,10.085743490074668,22.676676840090032,32.32506763768175,10.808563716078332,31.381130480547405,6.5042308368783734,19.021777784464128,17.443180730652664,17.802900631246132,36.80660427295242,43.820161112684836,42.6452176466786,26.884291369647716,42.90277556598273,35.048219108658664,0.44286887467295166,37.6548649204507,-6.303076091512845,32.76864517530829,43.23527115773961,26.29974998706049,36.40538739264629,42.42431655213974,22.248653788968838,9.188356853037686,37.846964709736824,37.65555664742336,35.54109180387659,13.62509267031801,33.55587072325546,37.503240638470494,35.51574594365414,35.73756155155919,31.324260188643382,30.95611546785758,34.43479026371306,23.160837979631566,26.09199985162381,39.7888835667801,38.464495374823386,0.873588087372797,37.653991287615646,37.34554369801215,20.647142959009162,28.190602010955082,41.40846996257705,28.035355530447458,42.08541096533619,39.0858126553668,4.756172941283369,42.75700985218196,18.07875848267196,41.04519823466997,39.6289240106673,24.49316152371064,24.444869841744882,19.47354003587137,44.50014145167336,38.07616984462345,17.553592971931653,14.025967479985608,20.593085695505287,14.967726177549308,10.424679061055897,37.79125985747918,42.414823073272,30.647223699210937,33.44018555688175,11.749694712006882,19.596156758686185,38.406071319601054,41.440006913221964
32.543238576458876,35.71795586094324,7.995235084229368,37.81947027410177,36.451533587972385,16.001701216389314,-6.253325390368731,36.94816913089781,27.903047243432415,37.72542890912705,17.11104517793312,11.263039569295687,27.00258165117062,28.925191209768624,21.632210530812188,13.993004670498504,22.917117795922465,32.27387972057617,10.920737901477938,36.56950656585512,27.659639131320645,32.46345066043411,24.511268776584604,27.48392525309052,21.18617255107909,10.46852063803183,21.88242416373722,-11.001713744035358,25.743911984070866,17.16545090663059,13.300870006790753,30.238320541224844,37.91747421665694,27.287680799399237,24.17454069764814,31.599307656912462,23.415779923122415,20.719568083446593,27.26889403729828,31.163869263796485,27.778412451874253,28.36364167569164,31.695641342522194,32.031035282295726,21.8852403047427,13.899996900282911,31.296337868065592,30.122919358132222,16.74572243915713,28.054837316055938,31.96053904363627,23.071229088716276,37.44836479010161,9.126498878499566,34.43856841045028,28.742789451361862,31.35236851528263,37.86572992680258,-6.715914795929194,12.742842693299178,2.4023563919209776,8.90862698875233,15.407371220217248,33.54608649057446,27.62546591720773,4.1411098737684355,34.78583393763761,30.02804455851493,19.308773663050946,17.264555184363413,22.323335282168742,29.70743408215942,35.165391809240376,28.37508008916739,32.78768300735654,36.052915815906445,33.40241237595643,30.61238314957743,36.076442198918315,22.877801767671283,30.09909686427091,5.445383352258378,38.15392552317662,-9.286354351285237,35.10207198118518,15.539374746253129,-6.77152478200366,2.3200424904206973,3.922411337394558,14.826743063731042,35.95133183873279,11.391351252990043,34.36615369960327,30.67895367270174,33.537203581601176,9.868629236772112,29.728922340263903,-9.406761768871158,33.260490751131606,36.578751311954896,8.472849395474737,26.016053306693838,35.07169235904407,14.588643807906445,36.7390201517996,18.883922544923028,29.827780460851216,21.32194128326824,-3.4716672635325647,33.346213140260055,28.41247801362272,35.55771800093993,24.656289574935286,22.823962334549257,36.300764299651355,38.89710106835642,8.946680910061025,21.10933472987843,21.084742864493386,28.688699318990675,23.88061739221849,8.690989171231726,31.18244097998603,8.14376652833864,11.266707782806517,37.74241445326741,29.30414454478214,12.501316644152322,8.891395394198442,19.787449040744185,28.703161016807826,9.885267827747079,27.11199859884056,5.660662559765449,16.25424626410784,15.638691411177817,15.829810387461556,32.184594732114064,38.57440800597159,36.87356607168917,23.621878762624636,37.63254702236394,30.45547600476337,0.916742663501347,32.492138863121646,-5.230531888710324,28.167213543005918,37.57028687512693,22.58791856109935,31.711598551536483,36.895493537171795,19.249085818342976,8.753615027757258,33.19552842883091,32.93574332634754,31.31928526451237,12.178424817634365,28.965110278124325,33.01973800880606,30.913730715191928,30.99577605899444,27.485636974914,26.914536059871985,29.914157555179578,19.80895364555089,22.94419753327925,34.892785004153474,33.44312402420773,0.8737475122221356,32.709283660884665,32.99211954169913,17.453792768431285,24.293142325961988,35.94267229733401,23.994011699541456,36.863125936060456,33.84424617637448,4.588386712928886,37.05105356922509,15.693950424337933,36.24302796798204,34.066070126068965,20.947654250984776,21.40745629741837,16.887198985199813,39.14795160261122,33.69532919790779,15.44072907936459,11.97133816091646,17.958374427699365,13.260748931808427,9.110460687750148,33.13932000519029,36.990730610392234,26.988346191974106,28.96173712516547,10.419306772838892,16.995871752768828,33.88670338918396,35.79499401352337
32.91101231138443,35.901185524995704,7.988685458545142,38.09709892050888,36.7090560779319,16.13380397926628,-6.171363953465739,37.225349739212604,28.221621435408444,38.0394370823668,17.31493236614775,11.379131774453443,27.136059546279082,29.153130226876872,21.862348989297917,14.449491473116067,23.109450071388952,32.51346226442941,11.05173777205597,36.905727950217766,27.789233540815548,32.83248001710963,24.657737040409927,27.678537563330483,21.251925120328806,10.621665071717388,22.139163524906422,-10.898812347865373,25.89132631133096,17.1596990916148,13.409021173168943,30.432120184847882,38.25194094007697,27.51189774032964,24.452503940733227,31.73067403340649,23.682836739818686,21.168631017499685,27.412615996485165,31.278830928918374,28.21073601889184,28.58115167313118,31.802237569791355,32.29384161529443,22.060128893559437,14.090230885273806,31.436792774338276,30.276365570145103,16.87463297663613,28.092733038010305,32.053626211908266,23.310985780438653,37.69684054636164,9.125790283613604,34.74154577781541,29.119953491626287,31.659748095632573,38.05093218504682,-6.7821752650279254,12.91438992503122,2.492297996793706,8.949675632533669,15.764160291434255,33.77831449920674,27.807353716439497,4.249074930547244,34.96328288362018,30.228881568967495,19.35679044765384,17.674375485923083,22.51759407406456,29.801555487899027,35.47828588508812,28.610162654213195,33.041577410021674,36.27115890580146,33.707718871702184,30.834107946888796,36.334544995531374,22.93922194173636,30.365891671228358,5.687889316303618,38.446450617752895,-9.231886621483858,35.37816464156023,15.850735667435783,-6.8057126335536635,2.444868327187551,3.96988995518212,14.932867218386928,36.19218897425369,11.456569916436136,34.58976309016662,30.910363692206356,33.697860171551525,9.975414034135403,29.946050162219272,-9.448188146594742,33.412621797640945,36.86030559338506,8.585171266361582,26.324892439874645,35.28730965018548,14.86983254383351,36.95093232788844,18.902278149776077,29.997082311333987,21.671938072415976,-3.3046306876875042,33.50567627670512,28.635930227897124,35.85686369339047,24.789204995181247,23.014160668895258,36.51033584351433,39.12329378634945,9.131681085664127,21.283771780085875,21.53889525217974,28.914609688438617,24.246882547622736,8.946011581899645,31.435855915074033,8.220777592716678,11.346423971036327,37.94956844822235,29.703352696274987,12.921542070474777,8.853957836490732,20.069843637576774,28.959958211003126,10.172093777304806,27.389685436824806,5.677000687230082,16.530237912521667,15.706813126244125,16.01360484658761,32.48564633961442,38.82492542499258,37.18491734446157,23.880423359888983,38.00424102342805,30.561966903347432,1.191876019217459,32.69294874438145,-5.092823839761541,28.354932609754165,37.89301333999137,22.53888235660753,32.01661027152821,37.02622452373239,19.572548400526525,8.806042336212759,33.4044741402814,33.33108090855365,31.547788490040418,12.334041808165223,29.326838714052528,33.385042839137704,31.128566950161925,31.18934813246853,27.668856023338023,27.253073513759222,30.179295951512835,20.032941556040054,23.07769759289235,35.11429591621415,33.68875379362357,0.8999687027335741,32.87431656248801,33.229890768036256,17.760665036687502,24.496300897086172,36.14542139426361,24.14841424697337,37.1768514266176,34.09787682499941,4.797289493607777,37.273416277430876,15.706985765197441,36.56280506268868,34.33123364027877,21.18412109186806,21.691369390307184,17.140805135547637,39.395767815706215,34.04921856103917,15.793551670925208,12.103762233948911,18.097236847592853,13.381292300149797,9.177919649354909,33.36282106434694,37.297125491244024,27.305906786843018,29.129757827906353,10.574717770102028,17.059173415602704,34.163037931854085,35.97740846564726
35.84717204872169,39.442444322338005,8.84193717002774,41.55880007121115,40.40514545603859,17.528536038303272,-7.113541060991323,40.81607923975535,30.573595954577165,41.63636693314691,18.905839509525695,12.280537304401145,29.984179678068948,31.752390554076825,23.53916763587408,15.122054710178803,25.371673124533114,35.65478087954697,11.698199949673265,40.22556550999184,30.52090441418676,35.75456709649716,26.948931797084505,30.331347302945264,23.39254190329086,11.374026757802918,23.863349142934453,-12.647762054805892,28.580777215139083,18.85956076902621,14.472707416916219,33.501730665044654,41.83495583390664,29.71750694907151,26.451316929292148,35.04815941937775,25.84149404716053,22.60017502269681,30.403099723695355,34.58835260349056,30.589262860929374,31.423190591653434,34.751751338094294,35.15505139532863,24.281209916425514,15.306654372741274,34.80396156751224,33.44416623301246,18.271495807056308,31.244071040234765,35.49070629260009,25.35757988709215,41.27745171178589,9.791193448539103,37.86729698370951,31.596364730532855,34.53708985878133,41.925174938619385,-7.50457369259822,13.81152486661756,2.3510314675312887,9.380892641006415,16.74966548304372,37.16703173849362,30.516941396345853,4.404022396380084,38.51027258434677,33.19486462595764,20.991140116433993,18.75821538702655,24.41669079766071,32.533211553632576,38.78907307100486,31.41530572861496,36.306813555530645,39.73993567685229,36.86736222515235,33.73328426245155,39.87982413140914,25.27146202407343,33.25672756319526,5.82250425478269,42.12759304559235,-10.238435190993568,38.659445693611765,16.91979804962789,-7.4231033215019675,2.3559203197284244,4.27312566008264,16.18286678965315,39.662982017537416,12.443154900098312,38.08610022724682,33.628617623513094,37.11272414715304,10.698435548010032,33.001118700771805,-10.473349155607488,36.829328114191014,40.5015476679711,9.04543473805055,28.589429455949446,38.90078290593638,15.920087490241503,40.461328677042665,20.935174594529578,33.12397801007611,23.28250128270931,-4.242652696425964,36.671298994432604,31.2782701734999,39.296241615664734,27.295728816896236,25.372832195655512,40.087944447935996,43.085893148275495,9.809743192996926,22.973362196909616,23.05470905644221,31.831559799054975,26.083842701777556,9.56116809945794,34.3621823276762,9.078819841529988,12.358024844821644,41.81790151058692,32.15336006328487,13.470232103858411,9.40000501024357,21.90296642007535,31.484396219093824,10.641589584665615,30.029106965767056,6.300706581731967,17.726621532751818,16.878440419015273,17.346086028888518,35.41251413745086,42.54376029282511,40.65517529046762,25.887069882394492,41.505853016716195,33.777357467708455,0.6520491365212369,36.041110289296405,-5.926425677983312,31.271061340343266,41.364595130301076,25.300045385186355,35.04147081432069,40.831330439260654,21.051655843509177,9.396458276838082,36.76723607841074,36.342358692710235,34.57745008192665,13.261635835019483,31.849218758564373,36.46973358501323,34.29467714170473,34.442236027712156,30.479317270674088,29.715791624731118,33.04467236548174,21.919164381562343,25.38312229256641,38.43789646781385,36.861133045245474,0.8566560457888801,36.204061330214806,36.36061261942561,19.054443126758272,26.979216792149593,39.69375951770765,26.497118094135505,40.66806485821019,37.540215303188816,4.705791497712481,41.08402838506428,17.327439640783563,39.87230806120747,37.69079347076242,23.13670323305655,23.8405631586588,18.589030326484348,43.163270583452636,37.146807442851,17.05621533502479,13.15832305660656,19.55963812492737,14.250176751909535,9.732598171370586,36.581575261100106,40.88170050873032,29.817077728908608,32.14500165894929,11.365641351357873,18.522129060810013,37.402578225849105,39.71892709876284
34.09073972856801,37.39396484023376,8.097147470195404,39.379300094014354,37.98878187808268,16.691788395952447,-6.730337611106298,38.562010233934934,29.346388950836285,39.56051389444571,18.165884400706396,11.56588479800538,28.238154907732305,30.20592314271296,22.82573934781907,15.244401435338611,24.16317715784518,33.34672195139134,11.819026804664514,38.390054560083236,28.87859958465682,34.409574301203506,25.609128129922066,28.69390007916928,21.938191253155654,10.877200379765615,23.413881287406152,-10.923153367151047,27.131398987414336,17.928614638367833,14.030580657693406,31.85142360996788,39.85993228698185,28.477801667071716,25.130457103376482,32.96934434914368,24.564363066489115,22.051620977746005,28.48478601659526,32.66283416345062,29.09584029066993,29.474538793050346,33.180175227311686,33.22283829006479,22.74156417031167,14.494395095620519,32.562997234609085,31.577812735890816,17.838342148424097,29.08096683947331,33.310777926482764,24.234350976847672,39.356871536877016,9.28724351741621,35.79656860714773,30.35968290860501,32.557276534837115,39.46040540715123,-6.9766895995386635,13.47930231487128,2.856122720847967,8.792688501991643,16.9490638212786,35.147187725423855,28.730405839617433,4.402957775977777,36.52623045254492,31.362787378274234,19.88577293209401,18.03349202022833,23.042080576018353,31.121760192748887,37.0848685277356,29.734563869039043,34.11948588413967,37.58396756852076,34.72906152308721,31.672871920007967,38.05425256117132,23.798405324941072,31.849411799788353,5.60910245106115,39.68389228640721,-9.490843518199815,36.40997524095012,16.9542443720931,-7.0799020262902665,2.4988563974348503,4.174017189810085,15.373182678916777,37.59966330279611,11.793765944589392,35.680578028040976,32.454518638078554,34.837659926744266,10.313307629626177,30.733991773303963,-9.559949666626725,34.788851915750456,38.25274737260909,8.968836584850889,27.422344995113765,36.542002094314356,15.361410664313741,38.25892011716378,19.612144704868168,31.33538901098228,22.806184125736735,-3.5400749979010833,34.631455563334484,29.839039181937732,37.0510795788471,25.894804542832176,23.949856696037617,37.82779604347729,40.47651646333868,9.50368521096466,21.911213647291408,22.38586122590945,30.146924060871903,25.720021680840862,8.978458768564177,32.220792890279185,8.540445236509587,11.856313102397868,39.334058038916766,31.280504122991193,13.53307736368647,9.274871545687592,20.739702947600648,29.80777161480903,10.629720803060648,28.33075408582255,5.756746697434496,17.68236461353987,16.186656943942282,16.445762997035715,33.61856378007068,40.09551304862457,38.776552795706195,24.739547149907942,39.2760849408716,31.674857798516115,1.2189466496927188,33.9725711729673,-5.240928865752793,29.408003009752857,39.52665048808886,23.20230387338096,33.145039665567346,38.37711365049349,20.533661518641058,8.863634372087331,34.36920005768174,34.44816900086828,32.500394467530505,12.627823509711234,30.837977405977423,34.32368577152874,32.06107895662812,32.19714257890053,28.298836719711222,28.26284836794555,31.242263367398927,20.93816214693145,23.80230579815254,36.389952223027365,35.005657452190434,0.95238067133381,34.098749633320885,34.2048874837225,19.022510119254783,25.30363322467798,37.58324214193902,25.31667934018266,38.42498843016141,35.433958106426644,5.144744078866594,38.5906989796546,16.21137015584666,37.706053463610466,35.88176861303504,22.278757660534502,22.162052360043415,17.852493007418975,40.65723885240125,34.96270830113279,16.090928845719727,12.66461385911231,18.803565800638125,13.800899148294892,9.54271259177319,34.566607624734495,38.51574329157615,28.019723855097865,30.16497974706425,11.086016152329252,17.806703765976867,35.15649770757213,37.3559703979825
31.45510252707516,34.82914911645736,7.8603375243774085,36.58614758400256,35.53220715849495,15.455262450859449,-6.404515050694182,35.895236414333574,27.179792224599034,36.749461004244125,16.866181437114246,10.824539519906772,26.49780249086058,28.10153314714259,20.95379857019068,13.548613602745602,22.549979673594876,31.253960619768517,10.737928285444795,35.578751290256996,26.945424807981738,31.725931683696487,23.918588405102966,26.919222939604456,20.769317721083993,10.078823810679367,21.42532308944095,-10.803747261491358,25.327855214827355,16.740770729229922,12.804315249348283,29.750437974366722,36.91939175008342,26.33290816196368,23.133334244059885,30.79950026804688,22.864504595715555,19.90449311917196,26.78809638138141,30.54846258263246,26.799150621648288,27.691748329982406,30.712193265031377,30.822511111908906,21.463051528062948,13.50838022751832,30.602041688066674,29.48709677037431,16.342394060509424,27.44114618563038,31.17455424316334,22.53926098459749,36.45899862613896,8.65134564191971,33.18172742044078,27.872530987615423,30.252435213890454,36.85466713408002,-6.5242627090763,12.443738470265439,2.419408946996732,8.537062864379324,15.161739636004162,32.80574686174845,27.07949083715875,4.059966214097799,34.04505624804496,29.397236214147917,18.704806643370027,16.508318759313493,21.395694404083958,28.92167408402752,34.33892128876862,27.722290409440262,31.76195769866661,35.099745679266476,32.32388036568073,29.486741501865513,35.2767358818183,22.431828954361748,29.5876770658139,5.238061708310997,36.95367467397906,-8.963859837569421,33.82841237353525,15.310434249143285,-6.580933573886417,2.2807174225098903,3.703939023289735,14.254098530478377,35.034354279577435,10.787339039333352,33.44015253677582,29.871687534107153,32.5920812582369,9.603694946595823,28.956617744692252,-9.16521656148346,32.536960477734844,35.6940253697103,8.123280401405154,25.366731775251157,34.174072540226625,14.001572046503929,35.666668367871644,18.6007571632807,29.187561497572876,20.8210590029381,-3.7196668287543173,32.40195302100532,27.831514094213855,34.437938435199435,24.25091851271044,22.23777350094316,35.21674821258515,37.841864740501755,8.676218159072464,20.36470900403404,20.383906746364154,28.156100617454797,23.340332783782078,8.407498309868258,30.107559547868792,8.024959806188367,10.960716908485953,36.764443797282624,28.57962734689326,11.971824106066672,8.459110744451177,19.32204293579381,27.63033039844602,9.525500852348811,26.405695743904044,5.587359133107998,15.935475345471602,15.119218897469302,15.233804231281468,31.266790647013654,37.26242672719695,35.98315432238329,22.795871073699868,36.43938338669933,29.778283422518076,0.6899977030344828,31.74000014491495,-5.018552064266971,27.599878348146564,36.48630434116851,22.163208528846493,30.84963436658528,35.91390154458325,18.80377509234046,8.287429026079694,32.13028551037844,31.792694178069894,30.36675058280522,11.765385840008102,28.221191166488907,31.937834357753314,30.00549437660922,30.225208942655286,26.735848196755153,26.259734267775173,29.18387619306276,19.48447492207268,22.28052303766796,33.71136230282412,32.68975980816609,0.786213125216157,31.793319290740747,31.777305667166175,17.19823144923618,23.805115925420615,34.9953928157043,23.499867056873697,35.68463862516876,33.053798144021215,4.350395657153945,36.14004107825728,15.509000501214015,34.9733557933452,33.29303825281808,20.742766162060644,20.674828060250203,16.525746106597875,37.83200436684115,32.404835462440715,14.993134481764473,11.796510505646326,17.645657765794837,12.829342386359865,8.774257681230308,32.196422167721245,35.90331351474058,26.103344115848216,28.327515770099,9.973541647331954,16.51244889168045,32.60316170472676,34.934330622514594
31.073262155498284,34.497885152707774,7.80521186889762,36.18126692355042,35.32408660602464,15.38296151202259,-6.343401701807148,35.540610861404915,26.749041095968515,36.426837052789395,16.641982218007804,10.533161743363397,26.43723248198099,27.6447981151925,20.68722544585291,13.232870030318974,22.521965149046867,30.998245006382366,10.669590825997753,35.12776094191295,26.806714072023823,31.359497222028914,23.63112554193452,26.742852832275858,20.63383468421251,10.084507881039091,21.184340452657583,-10.977357527881225,25.237470462188032,16.55253272292718,12.895650004929418,29.544383259866347,36.434937149936935,25.977755809722396,22.880019510975615,30.739207165394607,22.856518048888322,19.40094517802888,26.67908437284536,30.40109998278765,26.34830572476898,27.58142582044907,30.355600281780855,30.508500172318865,21.49428206515911,13.291409157118967,30.451078654495674,29.428668908791945,16.180945367844494,27.43707209296143,31.1360327852356,22.37418856093434,36.23877325408577,8.838294764069365,32.85564254184711,27.49111627987776,29.919407778916778,36.605669269760966,-6.553277271498884,12.175769677869491,2.3800238452898927,8.516342621245595,14.97479923972662,32.530469597531905,26.877247868604098,3.8363030172933,33.887030065034224,29.15066025246228,18.522391741708496,16.12266980960545,21.03406044393082,28.597493491097204,34.121734055605565,27.689458426215296,31.60755992729041,34.83102805992631,31.99364830734828,29.103530512684607,34.95377303288808,22.44317042218267,29.293089069351304,4.974086617636476,36.549925050505436,-8.972599025184222,33.46814150328861,15.055734502382599,-6.510458182112994,2.302234576308061,3.7210417023448166,14.259708081687082,34.85279806262526,10.607591947916715,33.18368181215418,29.57138741598481,32.34269643451622,9.681787924876511,28.836056221623824,-9.07071207913904,32.344140203737595,35.34152657548151,7.997806913389373,24.884508856390475,33.89654516868722,13.700641965318427,35.47019646554242,18.58107453712953,29.007043827911186,20.519852538037725,-3.9619145159598568,32.16465937805731,27.625307622905083,34.197961051220425,24.174294169844526,22.09930690386016,35.041454150469406,37.5668309032094,8.473681121199816,20.084072761857527,19.98567262867275,28.069831478035727,23.046278538060452,8.288261062698547,29.889894270904225,7.958099576001176,10.830028304487493,36.51802458731439,28.247628031144565,11.59426263033466,8.410607386970822,19.105199431462612,27.335936338039712,9.190289203992586,26.342456219692906,5.683843201321151,15.6503334899358,15.013029120431977,15.282591411856481,31.005184851066165,36.82968012756855,35.70973940064004,22.50322453273583,36.08361857081164,29.539174548370006,0.4119897316035829,31.63446682952201,-5.082416874843854,27.57003123447269,36.05935826727627,22.297560540113906,30.61142459964024,35.721669776114396,18.4334238954386,7.952303576374223,31.814265869607194,31.55422697647194,30.18301526741,11.683621786716433,27.95059713803942,31.495367619158152,29.99720230513779,30.028483888328353,26.638258913173903,25.993153032306477,28.943722408148336,19.42868280634553,21.886729128397665,33.46584456570277,32.38737266104158,0.7683213305969194,31.584656432446213,31.48580476404942,16.922929241318243,23.69137248311744,34.756068635267816,23.3507574924299,35.262982167328374,32.69476326154783,4.122022840332624,35.92382656515747,15.449489946338433,34.61830030365099,33.13418088099899,20.516280679823655,20.423121729037536,16.22317629701754,37.49125758163697,32.034294162410724,14.829063700222713,11.545720732571167,17.468149876426516,12.593980440576551,8.641762597557578,31.695821120714033,35.649407655655104,25.814188804773107,28.183892306779363,9.94475979390311,16.32987758395071,32.25847697491249,34.73513779840717
33.56883910073508,36.87349565860841,8.29090595637987,38.844951617186155,37.78598992757072,16.559484407262566,-6.771424239117825,38.25440465498172,28.945714494948593,39.12174709831309,18.283096041368303,11.348931625839981,27.955987217965628,29.756226574720678,22.399507382707537,14.945309767110274,24.06699344766953,32.990754599364784,11.77122624925128,37.73937683389687,28.58659634325536,33.95098620194404,25.446914997309413,28.410902770691067,21.6678294915243,10.834111885869078,23.203305078267324,-11.061285321717392,27.091656274472857,17.642142656204953,13.84365247370618,31.662341593867527,39.342584356735,27.960962924032525,24.72951436788796,32.83712222880159,24.392191990685134,21.53367402191858,28.492759572614236,32.44303443627394,28.630142977025073,29.08486790508467,32.77368557751099,32.740927896961686,22.785964958013103,14.539089191125068,32.477804170541326,31.334137674401944,17.607093754975427,28.992718053749396,33.14821256298753,23.897776394239145,38.93989883996378,9.388657018984228,35.201093937639996,30.024594451371637,32.108617539685454,39.173708191232414,-6.9644043123392745,13.22652588284972,2.85351440131874,9.144163536209069,16.73833812316388,34.881330448413806,28.361032960194045,4.132513257942257,36.25412101177955,30.941969792376764,19.68353027272455,17.687748522695532,22.60990426888388,30.752613919158577,36.79205737276535,29.549418127101323,33.79093382478009,37.24296586721577,34.23585367779453,31.06437379911096,37.73423595887296,23.58314363968968,31.52398606177641,5.4610606545827505,39.17190373969487,-9.545181408087895,35.896764126393194,16.609470967915364,-7.118598364931146,2.730769285637281,4.205288540374456,15.308717958493249,37.20490267096993,11.480288590172774,35.43589422141111,32.12247526975713,34.58021842180211,10.335860872649295,30.387689677229027,-9.610150289877941,34.62030824608844,37.98093906138892,8.875673984279466,26.867102745675357,36.336799057725216,14.946666197063905,37.867892662943305,19.616915233491575,31.132385990717268,22.397190575889354,-3.804681844947246,34.29949862543197,29.45102968745529,36.598577088106396,25.74014551202779,23.697602406072182,37.59523916319946,40.14342334341083,9.533248660400087,21.58953089011751,21.91905047643541,30.116140074084203,25.344764975444456,9.04470923703275,31.70091783771464,8.407473685639163,11.93576204063406,39.02711307546019,30.811521231212673,13.206316280776825,9.22993633723149,20.538149073750894,29.26464726050817,10.15883397532054,28.297918570441695,5.861838849094799,17.548667486592766,15.957900476875894,16.27116831179544,33.14231680884824,39.545341793369246,38.388202758984036,24.434691331275896,38.73126374992755,31.441763516976316,0.9404352160218277,33.809695255703716,-5.276805096058344,29.36770930264054,39.04767920369906,23.249079951900573,32.888210679690516,38.05224264111579,20.274490806029526,8.628186722290113,34.013224206667665,34.00884776392339,32.08085459678457,12.44212075583567,30.406653637518364,33.93895861060919,31.938031519663067,32.0730271837111,28.065826901828583,27.978081538292777,31.09475042482105,20.825704064683663,23.348148231385743,35.92731847850403,34.56430451330161,0.9115929620887593,33.830750372406555,33.679453293580785,18.8685450064106,25.216859497537232,37.26148062334902,25.12544305199791,38.008361721157364,35.11309541221522,4.810287186608414,38.35576068488447,16.195819216748934,37.10171848214433,35.597249681128254,22.095161665314773,21.910554056670076,17.79336834088995,40.1537149109399,34.467379242904265,15.957583581565448,12.685427821340367,18.603312876270582,13.613513170403799,9.657999067586639,34.043727382799915,38.099205107544655,27.58468130834923,29.979323638202203,10.874112164891148,17.77896867026045,34.68668621542502,37.13850728843498
34.90971460603924,38.49182866861971,8.761762657986953,40.56919434782421,39.52712866607008,17.24567323515998,-7.040275741722206,39.937409567448455,29.907698465281086,40.7398636837033,18.664507181165597,11.964593828024599,29.369975930811936,30.947692883299897,23.116109052501017,14.91481294197979,24.93561148416044,34.76276341454297,11.638791161335059,39.263723133870315,29.85834143464281,35.03623901985515,26.38645582416137,29.663849123054423,22.83797812153673,11.312363919221976,23.55104794126093,-12.240092619325697,28.07260467278983,18.42232155118513,14.350365293000651,32.858475326565745,40.87965418780401,29.00371213553991,25.845731545207986,34.380688066015495,25.382874925044167,22.03209956623323,29.80905433654914,33.89563321765805,29.813963066307778,30.660991793004598,33.96184647211326,34.27213484470033,23.937486010510963,15.054918584635816,34.06206663600486,32.79447249058219,17.940069959875874,30.59203830051016,34.80283356195817,24.860232695156284,40.46453747845501,9.79153710947958,36.87294584069683,30.967249595187237,33.67366410431074,41.0138149245328,-7.283075188819489,13.569211647736989,2.5789700582570276,9.233748067245028,16.659464076531588,36.367973024152384,29.82263719528802,4.326044525179996,37.78562161686759,32.43695845539128,20.500013965689067,18.250731613029053,23.71491628133425,31.837180706082062,38.0997868025612,30.84853588410748,35.49932980985197,38.84266993479151,35.92336119618289,32.724535673598446,39.11130683592805,24.779818561516933,32.619584404977054,5.714919251053419,41.0733315082204,-9.98514971358718,37.661777553750554,16.698241893207502,-7.293581435120776,2.4850336398335657,4.188233983290805,15.924025475283939,38.85834898344148,12.062632025169766,37.199275566010336,33.015551749026706,36.27433847351006,10.764131714975072,32.19894222524411,-10.101623942769237,36.09734366684664,39.631953350827814,8.97392073170857,27.882310403218554,38.02334367998155,15.481957599176063,39.5988548570907,20.591261447124296,32.44259964519573,22.899371111602115,-4.209555945410792,35.83572518467889,30.64113218806931,38.36787994983902,26.783653991843234,24.833839810243383,39.29373891748493,42.07521600220358,9.599996324423065,22.541745528842334,22.519778171493893,31.290825533197864,25.725245398904047,9.427772029121572,33.44309721595725,8.889788436485702,12.149970762352854,40.892240585617934,31.58348165054159,13.279086885028839,9.278529136588924,21.479309306202854,30.68134266383715,10.340556000666794,29.539685883966825,6.271696697333742,17.60637797165525,16.57522641850525,16.98914082516331,34.63748724801191,41.44893353949311,39.86336808963125,25.30344390747062,40.47175048298295,33.018201922809176,0.6400480460562721,35.346502641236675,-5.745161217684384,30.718510829390656,40.46825941274982,24.752984223530245,34.33456062024305,39.9277769539506,20.627624636780087,9.100595912454203,35.8146537046769,35.51830462856222,33.76679982519751,13.051340237917582,31.295317507599623,35.587091155522636,33.61143145203555,33.70602878008329,29.7352328350763,29.067131908027793,32.42231222916154,21.542226524897234,24.587944812103313,37.588318312706065,36.07748866657335,0.7835616274789989,35.45358174556974,35.39596431861391,18.844143709328414,26.47977867710728,38.85886635748787,26.038823085784358,39.68434616577435,36.67574625369918,4.623838567528931,40.187125400886934,17.056889078609043,38.848789231947194,36.99994059191959,22.758030690962315,23.107572051629816,18.215268753142894,42.116061666542734,36.17175297206403,16.67200491138074,12.956083314930469,19.246461098930016,13.98740843221975,9.660847552354637,35.554795093559754,39.941908920462915,28.972203192117522,31.43711165200455,11.219311254055505,18.172573189401945,36.41437324155686,38.89809132700777
32.49714961070752,35.94422325393297,7.942489142480032,37.90559648691597,36.6913360834106,16.007495793293856,-6.352131180643092,37.17196993658715,27.88608716732155,37.84711893361363,17.10964591594768,11.461478074993295,27.22292985865162,28.962593514274715,21.469643291783473,13.63813011467135,22.945899556989886,32.51077218284569,10.6550047151478,36.670693508692864,27.764583394649804,32.546069412437944,24.5080270604533,27.62941289192453,21.263850448841016,10.429737096574726,21.676453433765936,-11.312358989023911,25.929781209514033,17.321176471274644,13.20383535450387,30.421763103674728,38.029331735716006,27.11437022018962,24.102958369321307,31.874586022199452,23.45401243294253,20.561981803862285,27.573697538044765,31.449761126447683,27.72912214006542,28.526389952787433,31.66970084445021,32.106571777094835,22.08716432212814,13.951857833777371,31.58815122578593,30.350872731129744,16.609836743937137,28.3891872227632,32.21705164366296,23.11604670029352,37.56755972310574,9.011699836405011,34.44110686352649,28.642941841072336,31.479982950013078,38.15227447990008,-6.761736091497717,12.811736499731845,2.1506236974986,8.780609870095981,15.089633403738144,33.77047255445991,27.821866514413166,4.259741295803139,35.01253590812773,30.240984809704045,19.266785855069067,17.0788734022952,22.333842274214078,29.698192307623778,35.25731312901604,28.540259728835697,33.0154357411004,36.167875144333074,33.51807871939581,30.693680538076435,36.22511419139396,23.04105725927417,30.28010338522206,5.371541317967656,38.34557039396243,-9.300343898956225,35.22068430763689,15.303743727275467,-6.719390696759519,2.1600366892399974,3.746364689956804,14.796037743398436,36.05338589436461,11.590203704508479,34.64113853000136,30.599922465058388,33.785562532340336,9.885963326511325,29.991365869431437,-9.394546763919562,33.53061310371296,36.87202683982937,8.226484490145289,26.048567185479637,35.3441911281111,14.524921537373029,36.84236068598646,19.063762854787527,30.070593536749733,21.154918574235264,-3.575085026514471,33.40976872082289,28.441678503301794,35.71679979601162,24.772742339559645,23.00145250219324,36.492509939791915,39.158430222874124,8.845900297072134,20.983440118324484,20.866745446713633,28.917719402858353,23.692349302528687,8.618183253617909,31.25467815661381,8.240652286420694,11.276175037706633,38.02555381507189,29.203662339441628,12.234139912052298,8.592379854619557,19.89395032199332,28.71239084353405,9.89154494687239,27.262832926021442,5.6618350338913155,16.11605722790116,15.52622652540142,15.858743350286623,32.24369021504505,38.76997170312461,36.95992208105993,23.588446221040353,37.73346689843416,30.792795728413356,0.8214096876088954,32.73654954941233,-5.211031515523667,28.367545092472582,37.60580565655807,22.94558397502329,31.90115673040913,37.2092226133739,19.085959180094598,8.841034632070182,33.42936475533934,32.92834609572384,31.527244633599533,12.281528343703341,28.937446271433725,33.19146132770873,31.13420164746527,31.265655388813034,27.756382793278444,26.950702935855293,30.03307906021886,19.81124705246947,23.187211757084157,34.94724850922094,33.57853350428762,0.8617111628091187,32.92357425404737,33.09692578885956,17.223790630431207,24.468093051078522,36.1345013971559,24.06862835265443,37.00745264701072,34.12761276179958,4.540252892159168,37.352089731028904,15.803157144003004,36.307125389778136,34.139405277238495,20.9894694199674,21.48296637479116,16.905880743961514,39.34423119641154,33.77352051293934,15.47771815831139,11.945936372458709,17.943292074664324,13.107965591904778,8.90196365905494,33.33235735468234,37.13685239355906,27.08743775774216,29.242175099885134,10.304227403822109,16.878853450697825,34.02900172252834,36.0632639341064
30.08938051253838,32.383902737602476,7.010273461593287,34.86552917648733,32.88574663419329,14.73210151950965,-4.950289321421608,33.7377633125041,25.878548076097665,34.360446799525235,15.345138909257882,10.85097213004754,24.0846111179256,26.77447876494973,20.18491238815482,13.42703554342418,20.34552950970691,29.65045245166812,9.857600010624214,33.61806902893821,25.01200211747473,29.588127571576873,22.317837494785277,24.706460866721187,19.26635493956431,9.74603730080901,19.93036306676103,-9.238668144837119,22.81367727055299,15.566485231725508,12.335347209650049,26.939350359185983,34.720609420144946,25.41924993104871,22.795832600230842,28.25703591129676,21.05651488921569,19.95279392403197,24.171623903943,27.701098756498478,26.048821150993042,25.592837216516404,29.055432035005847,29.731034222944686,19.4273874986566,12.813853354450844,28.008903580387507,26.907251665636732,15.249394445366798,24.837596175041224,28.451071603590297,20.964288646552895,33.847821160981354,8.324185088132017,31.949913023720562,26.60356566037346,29.13502741679669,34.1669449074503,-6.130592986858968,11.868863011962944,2.357112947669912,8.208075944344843,13.993083812457641,30.231275350620294,24.95066899216149,4.046485342760947,31.117085586969196,27.119313661843794,17.89229343919354,16.7824063767245,21.120313326336507,27.078894928433403,31.678815672863244,25.588303862160476,29.76883101169017,32.776904417042985,30.765507045940588,28.53742062749759,32.46144607033856,20.361806308950108,27.10301831681157,5.699454143367405,35.06603061305728,-8.252859609408997,32.56177194642332,14.239514135448685,-6.174269832278793,2.2780526366897518,3.622134043000706,13.649995957003206,32.6574068944757,11.022933004861985,31.11501178043787,27.954016525339508,30.457068898892434,9.04902408208405,26.975699118637056,-8.419940959880094,29.822484925420632,33.118557781090935,8.010573667273535,24.135918243235242,31.6819215974525,14.052981563374042,33.40149165427651,16.765453116880753,26.640730806457398,19.529688891601527,-2.028343775246411,30.394145577682576,25.656691722768418,32.4792259591718,21.95638589895721,20.69461599400955,32.88570645771794,35.30082802218641,8.457903509899024,19.51369520023737,19.977787205652643,25.60731436956424,21.845359584031353,8.161933989098765,28.869640299222507,7.547844136841575,10.386199105100205,34.008904757710496,26.771144240696966,12.354725116964662,8.302464588279607,18.113209651548726,26.77374842216152,9.844931999202682,24.47633554986392,4.957823881969805,14.845621700202015,14.64221244023552,14.703098623197189,29.57835649558846,35.59248689746124,33.404216706426595,21.959210563513928,34.6143238347142,27.477053244501285,1.7705182338788583,29.054968001629714,-4.4046528233480995,25.098238651181415,34.433113590952985,19.726207690423518,28.884055897752692,33.30782813044657,17.879162011627372,8.681117323318118,30.509482980557387,30.421534424696336,28.782215213331597,11.5056032588851,26.421630794680397,30.607551763171767,27.906560044672855,28.0102151078441,24.94059672210043,24.561548931049938,27.13076386695998,17.734121636872406,21.19907565118785,32.11511667179303,30.473448972917918,0.9044656759532471,29.536540326668412,30.575245003443253,15.827202271304547,21.80126239017859,32.525590680620844,21.38083109121511,33.95907801142066,30.662466072074515,4.860145650297758,33.357620000679184,14.051993345738797,33.569610269903336,30.581008117359076,18.781800578686095,19.945187298594863,15.38756950445846,35.95495536656966,31.380659549998033,14.460753429246418,10.899549267921303,16.49586799630764,12.527578435449715,8.636808084416597,30.39988484371518,33.80224757491899,25.04231261621378,25.927238711358786,9.836083841426387,15.475921902322996,31.333949062961786,32.11385062023708
34.565826129248194,37.999870632730236,8.41034016224163,39.974791260741874,38.6737801846916,16.929644434872408,-6.858272299579102,39.173504373114504,29.727045041510188,40.12357448203726,18.350618303359347,11.792509274225491,28.737206998981314,30.681040858643797,23.133231594304437,15.149538252554924,24.513668809960535,34.029850079182665,11.82896669283687,38.87607857081666,29.404370762271867,34.66770525063643,26.075571792891207,29.25703723444269,22.47294648354265,10.94260176174263,23.523305268570795,-11.527730014899108,27.511266785572648,18.13988033293607,14.049242967694616,32.330713360222205,40.40672267136695,28.88424915010374,25.39861289526895,33.49501285521683,24.948131716462232,22.06626962646893,28.998700247080716,33.16467587551109,29.447403865271504,30.02839543288992,33.64326302321832,33.73959394779121,23.230235162946656,14.775339232658256,33.21404638454337,32.042604286190745,17.936667783587595,29.709881928252972,33.84761202989223,24.583371260111246,39.8193974116858,9.477068384125744,36.36262238173679,30.609566064549597,33.08805263990818,40.11181935146526,-7.103520255705906,13.52668279548933,2.715838247321888,9.426333519861846,16.770009021843435,35.71852276268377,29.299701133227174,4.2937657540241725,37.02096246879991,31.90458149469233,20.430563336401438,18.269302467168394,23.47782843054815,31.551450106152163,37.493154609641216,30.137034744381154,34.676881857840755,38.25556862790654,35.30772313222634,32.3174424092129,38.46827096302339,24.26826705804727,32.191815635358,5.720590493476555,40.37685885118748,-9.687952835657246,37.02028604524286,16.938743440105462,-7.172764826476822,2.5528755545058486,4.216842992333768,15.506615268331327,38.18024090519167,11.841986502999996,36.37886473135657,32.762762607522454,35.489874166215074,10.42389372781512,31.43458142626849,-9.927823212900174,35.32838730643704,38.86260583465966,9.011693540103375,27.823337687579237,37.19077069039255,15.500662717538631,38.90477802306081,20.065691396811726,31.767724818595347,22.902996437239242,-3.8110010812244197,35.31283304035955,30.31418964052099,37.66591385729657,26.29825807343242,24.234243493565643,38.389028620135136,41.229148631597,9.621953745398278,22.2945448081046,22.558600081765384,30.592296350511408,25.692616029723997,9.176976045770058,32.92117631223287,8.683325400570773,11.970253530021056,40.026017380544005,31.370062820470274,13.406466476121706,9.44235229490125,21.053659038688462,30.297785649751436,10.539089637934119,28.789163290111762,5.930219561994847,17.53271553275603,16.51317262040429,16.73130068369666,34.13211899291548,40.764921397264004,39.307119843910755,25.045283408750983,39.83959367657959,32.291322826126816,0.9673345289450975,34.503373268049614,-5.508739480666361,29.943211527675974,40.00016795037925,23.84135728003783,33.62473888457976,39.07318791469023,20.71342129341714,9.051893720611536,35.05245456480295,34.92653007092456,33.06428731641361,12.84549684676301,30.950146152129935,34.89961362421595,32.64849319881209,32.861138025811925,28.993384217560532,28.643463913126258,31.760777819765465,21.269873019429756,24.380236608371984,36.87931151077707,35.59906705026899,0.9863832831466408,34.66591163413118,34.79651278114614,18.949511242456072,25.822870643559828,38.15485059948079,25.64693390766401,39.04479068129117,35.99842178710192,4.891811493980662,39.30081545850205,16.662244307923828,38.28009868425246,36.32285012572664,22.496971154978777,22.63681387989744,17.998065365330493,41.32536280338595,35.54419416493743,16.402411121350063,12.833296429748794,19.21872224206938,14.127304391416494,9.679690058012913,35.15374669487761,39.2220617423025,28.54676795709029,30.738897696211374,11.039266337991336,18.082984674114606,35.73223209860548,37.99792319581966
35.04478848419098,38.92412758306018,8.698242741088645,40.811207471625934,39.784279839114916,17.32265827227115,-7.227455851088153,40.247064126867826,30.131741394858203,40.943694430973,18.7273997181375,12.074264332003459,29.513228619375013,31.24824060616341,23.21673367764161,14.745124357646578,25.016016633577095,35.068359041402445,11.648798309951394,39.529222373486235,30.118222426403758,35.202685952860634,26.621767939607064,29.867439692054013,23.06720175195478,11.145001159702609,23.601564984883122,-12.465103213276157,28.2683771141925,18.635311652311017,14.289775082659444,33.11358362710872,41.22593395439973,29.12791613649853,25.815637765675852,34.588806975683134,25.375174406573663,22.01402405002615,30.045733312708418,34.17318671230174,29.883295433140535,30.82840740498141,34.29798182830802,34.43917246491368,23.927477913952515,15.137310053465058,34.393175672500696,32.97810536462657,18.033586393553364,30.88628622021032,34.99536728027948,24.903525054547362,40.70527869197259,9.651360747478051,37.065544168899194,31.00290230303745,33.82926287343396,41.317846426008636,-7.360117201696078,13.698568858107354,2.3363566470112374,9.30665630441288,16.453178805189594,36.68209102059165,30.021453848819224,4.350918147507255,38.004950145295034,32.62971575377271,20.880910196978018,18.189823882687513,23.855118562914818,32.10265869940284,38.23178584256287,30.89378789908257,35.68516284607168,39.1572160943321,36.13084475557441,33.04853477726003,39.342412106973214,24.914128379101005,32.81532324793474,5.705764536812329,41.38952828374453,-10.134666020615152,37.91368426022909,16.68654531368008,-7.240640191085098,2.3914622629909674,4.092079464319171,15.914762191910642,39.00616938671716,12.247336435459204,37.475956394002296,33.20738085747341,36.586000329736706,10.655967900215135,32.39108485526917,-10.291053005036018,36.35698223025211,39.97647406452059,8.854219477980818,28.19070023626527,38.349381001865744,15.599173483848785,39.820455911260815,20.681863412375904,32.676142561462036,22.870863371999334,-4.283971226281134,36.13647627634717,30.782112349041878,38.57882877526933,26.968561843614417,24.914246983471408,39.48276564337451,42.43954554820174,9.633762882515063,22.57819012228953,22.48499277840423,31.424916092593822,25.67566423866018,9.325912178428204,33.64033832800744,8.85865580480129,12.156853222592197,41.214043719513384,31.611182168858747,13.095884319961696,9.341680984683094,21.462842017341234,30.838198048431728,10.364209249793326,29.599713825303386,6.271445715651891,17.51049039143964,16.64094261057161,16.952436192210307,34.81819730063478,41.811416134793184,40.04896621287636,25.453974623759727,40.66617625528687,33.34905814248073,0.480676400971013,35.509597327576955,-5.856802127162133,30.819479661212192,40.74699425706419,24.99820872525712,34.53946050012514,40.28755224113446,20.727673597344534,9.235696940173483,36.108253352883416,35.55754371495043,33.935948893730156,13.112751969907555,31.333121769228928,35.785782801443176,33.76722742038311,33.955671211468065,29.991566798783502,29.07033734643546,32.52893950464302,21.59433926165909,25.09937044301314,37.72704270472,36.357402731778556,0.8108939209774662,35.69233675590526,35.6054899630776,18.8130554491647,26.58923443868739,39.11423520610857,26.204424713386288,39.96708560644287,37.01807625972501,4.552970386421177,40.47942160416248,17.121454108722915,39.0498080081436,37.103686919315926,22.84660841520012,23.248139743996397,18.320346928086977,42.38789045623108,36.35841380689685,16.590063583391814,13.039707876143833,19.458078368113863,14.120718598091784,9.708222618611504,36.000719862081816,40.17981081956437,29.150924912710796,31.64931187315286,10.986660070547574,18.375472589635365,36.685601252155976,39.18824261073539
31.123462259973344,34.29347117142666,7.602282083483809,36.290193586335114,35.009828901114886,15.384381595377228,-6.011569908287041,35.498426718586394,26.78527157516789,36.23720656230066,16.40433201983847,10.934416092402396,26.041300855533766,27.815232529127172,20.798219088971727,13.294539911595802,21.951000565918562,31.05451642359612,10.327199893471361,35.10084596210636,26.522081074558233,31.130595484737686,23.49740140579033,26.41174359711799,20.450089867901024,10.162567968405678,20.87503818577944,-10.633251993844091,24.735127080656376,16.57909582408451,12.808411200301471,29.04645730300608,36.34434233887428,26.074281687284696,23.18761537994458,30.381794370672004,22.45688378031647,19.804638613272278,26.22894788385718,29.968170418308297,26.59102370777012,27.317611348705753,30.327640452529078,30.76168506916287,21.14905209626085,13.371880920338317,30.097848168755668,28.962199048713625,15.97479089708516,27.021003117929993,30.722594607903556,22.182390746671437,35.89048327784782,8.80168449714782,32.98579057128852,27.47371083758401,30.116069873868497,36.37810736697244,-6.41482444562612,12.313348828754552,2.280879080808928,8.449969317240209,14.592884633949648,32.241272306451066,26.628982559401905,3.9868465677893425,33.42455889351774,28.919765338717237,18.513129101375682,16.481194451498148,21.429021560293403,28.419211952877486,33.704584848017355,27.331114180156355,31.451923206908685,34.58721415538765,32.05250669042381,29.373175637277342,34.58688586741629,22.073083932198905,28.926101937596826,5.338867238148039,36.63572682921976,-8.843385163492425,33.71654460593526,14.792642554196533,-6.425504209070157,2.230944245760667,3.6628203521947307,14.29525200497942,34.53869797930889,11.076690192163175,33.02405994474199,29.333898611125495,32.255645064116386,9.641691557109283,28.678685614199644,-8.969155531434057,31.961578867004178,35.1532591184384,8.08905837646039,24.940639445365136,33.68706350165654,13.974806970356758,35.27880195421235,18.24351680424237,28.6484290471766,20.33847006886916,-3.2912277859513,31.98522522987134,27.272847902882415,34.14565006911695,23.71179047163337,21.982864579743588,34.85092805965694,37.37640913800447,8.48035246655094,20.266401623067857,20.122837565244375,27.588496966217882,22.765194926108045,8.359547670849988,29.95740342890863,7.883195387460458,10.810322856705282,36.23838391742531,27.980030153711457,11.90162077339163,8.3796031802772,19.079100941864084,27.568383303172148,9.53163652613613,26.040257475505282,5.489921833088628,15.491025077369446,15.030045774055358,15.330253222485494,30.915678357877745,37.02699260296165,35.3507727729361,22.58333895425133,36.08689896944265,29.364996321948794,0.8977372029028136,31.21053948083607,-4.86455700380864,27.130861653808417,35.97232745381568,21.812430838764254,30.471119105661487,35.50496083120294,18.3831786691715,8.455856150272757,31.91899092812205,31.568526794432255,30.19426183630416,11.908095648493829,27.66030326439841,31.727495821004762,29.744576709444463,29.84266603883886,26.531370141621565,25.79877725348489,28.74041218435452,19.02869364053711,22.123405275273225,33.448902623774345,32.18294578672482,0.804503060345053,31.399277628118703,31.668768288034357,16.604205572057964,23.427578843886245,34.49246888079573,22.967144939553727,35.352153248441844,32.53613381503067,4.466758123329378,35.60274818852061,15.180794053439353,34.745719680558864,32.63389783312632,20.13980610906166,20.53962958817969,16.18009019317681,37.58438788223073,32.319096253205714,14.866500249195584,11.458402332796094,17.35805746601189,12.73170469688586,8.706029975112816,31.808609479021257,35.52729132584359,25.911201155484182,27.835231560653792,10.032628927232452,16.224410441930466,32.49279552571651,34.393784750406596
33.90011802965971,37.16724423155386,8.432810700814947,39.27428282233152,38.059274293609,16.645066101738223,-6.667971200480733,38.486789845165255,29.02246466223057,39.36911476763958,17.95505997099462,11.50756638162803,28.2404785105046,29.991375480438265,22.48656218321546,14.707157326244992,24.143030384874244,33.53613152967771,11.459606201498794,38.0592821393949,28.843909937762696,33.88748623623907,25.489443639780824,28.6136802373169,22.06104387486519,10.916396570546988,22.926996311685965,-11.546819871425871,27.000619274528248,17.73687379283616,13.90789745514532,31.615706318892723,39.52926305699978,28.277099142528005,25.115724809946034,33.04366833544597,24.496716702794323,21.52116646582711,28.562863053573405,32.55847221833409,28.922048922874595,29.56324102247844,32.91507386724491,33.217416373253236,22.89750155491388,14.481204382772571,32.697778946513424,31.56415241163925,17.420673919698128,29.33234672005714,33.446328014383106,24.071427932984204,39.073546864738496,9.470304422496072,35.77355006023174,30.054693304683045,32.58332163701949,39.46556939082252,-7.058845406759745,13.18282439097306,2.59167196103265,9.145199240127956,16.283599730411,35.014055815995626,28.755373324158565,4.1487187948509625,36.35889048706387,31.27517849418403,19.92178881406816,17.87091865151025,23.065766941616204,30.856489253774786,36.77712535457089,29.707800400361098,34.197987003163334,37.5376815721732,34.7726975320706,31.709077566042243,37.70291514067806,23.83226047758311,31.44504217948701,5.637129088617921,39.66711113899095,-9.709311531958361,36.410005981342906,16.357614219065905,-7.055471604378101,2.4798782612909855,4.084384765688085,15.445988052706294,37.5153485391173,11.68876779444411,35.82224721561695,31.98048019958846,34.93613851989952,10.35957792648384,30.993552929344695,-9.763833904565848,34.7172946524644,38.15398120658486,8.699153195066906,27.08708083778365,36.58841789203509,15.109373795667329,38.24952677719444,19.754832743407206,31.21646108916257,22.286036342218434,-3.874461023638562,34.64249421969069,29.66566540656094,37.03660819785541,25.826676964189826,23.930982221150682,37.85444262493539,40.57451662778766,9.364002638203962,21.84031332972197,22.018098541607174,30.090134250779602,25.01737808689926,9.069902251149037,32.40207874823037,8.572735034066673,11.752735263127114,39.354870885193016,30.641179209927657,13.045885180096143,9.123107007784872,20.6895968117885,29.77348615799319,10.151932951351073,28.412334805419402,5.947828465267665,17.016401522097727,16.149508997661552,16.46168334122073,33.51382900478373,40.04727447384316,38.5420100179327,24.546139026000592,39.17610779998771,31.696919907011686,0.7727320142824828,33.975298736169954,-5.50402959606452,29.517224663652225,39.18614211438896,23.639888306236394,33.06429824813884,38.44530413996276,20.07267548609361,8.827121094758615,34.54321039239334,34.39682324568347,32.57061765585489,12.596389787790036,30.29861777337389,34.33108231576081,32.33202547515209,32.37008711717373,28.57485276147211,28.05811926575398,31.218291031693635,20.807081558257,23.76201565738907,36.350723291275976,34.87452610101974,0.7736720017661863,34.10602616208998,34.26710013491681,18.35294454159184,25.439412455311313,37.48932059377757,25.08024287065169,38.349542404048826,35.31938028233042,4.631224288704466,38.65166664267289,16.364123167646444,37.68380965848552,35.69488563272129,22.007069024825253,22.345127618317317,17.5960353264171,40.658561550179876,35.00724993609358,16.114561547461793,12.477449858492175,18.658212733438187,13.666419040227145,9.457014280805447,34.37489383307603,38.57358594441152,28.074884264117227,30.245383252813244,10.912678090259343,17.602590881894216,35.187990136477104,37.39561624375774
36.07275745437079,40.015607161615335,8.9766305625285,41.83783674832596,41.079432165763784,17.714717331736075,-7.565756359567682,41.307224974539196,30.895988104219157,42.257560222142054,19.399553088962914,12.021127558072942,30.702390283597346,31.925263591475566,23.74918019058541,15.313242638777295,26.099665416082384,35.93965606105305,12.203467048551571,40.62717252041369,31.096865828289946,36.37922537292329,27.394551677629458,30.878641504327714,23.778307156352497,11.489867250131278,24.481971300078875,-12.948264672254354,29.343150154151584,19.054062734208994,14.82222083121985,34.33096994160005,42.41720581123164,29.89583433118857,26.42752873908037,35.773426221185225,26.397342685893697,22.479586819348363,31.11214533277365,35.39313651634323,30.674050753711263,31.92005382995156,35.19182991008266,35.23787950103378,24.88644971478057,15.477523336835462,35.50369500931705,34.2524881554782,18.680235192413104,31.926233627629156,36.29614360967746,25.770226113210605,42.08982461400454,9.904455908442506,38.04120101998858,31.97542895113726,34.7157910220894,42.578828651363914,-7.552240020553252,13.894272512249668,2.574678419482441,9.183952617918564,17.40371153909967,37.82902142004609,31.01561679813687,4.327199670683453,39.41044908196765,33.7257523246068,21.16750631674645,18.514928900857313,24.234035106088076,33.01608810056417,39.62916539129765,32.10696295200482,36.79649911114948,40.314769530813315,37.13099951626531,33.740145786989245,40.716819490428826,25.863950861102822,33.9657872204095,5.563417598776156,42.475105524104336,-10.355458498943548,38.775286449385725,17.449952163287925,-7.541096071659293,2.4985569802546403,4.296406694764721,16.34299070308113,40.33723031499207,12.167180503657463,38.57926417517162,34.29101310042514,37.59004789042054,11.09475220178021,33.45793048771159,-10.463814546945926,37.56107610171257,41.100303388638906,9.137044263301078,28.876497131423054,39.48087211733442,15.82690905452211,41.06358426458852,21.493410705875835,33.810181266784404,23.827862278691573,-4.8666191887490236,37.145935290936976,31.889940994717893,39.72291331917759,27.987365802612604,25.709868679675974,40.70156946493749,43.68671389374915,9.92588906053957,23.081107409433756,23.202532132148008,32.639688659723376,26.741322616926535,9.645703675846933,34.52203750948697,9.191262237706772,12.48307980960092,42.50787780046061,32.79339092881926,13.412676578718827,9.56804289646096,22.166107523194245,31.533893100623896,10.424004579563915,30.686369167098775,6.501146510477629,18.217614861651462,16.97411533035898,17.40679201944817,35.8390957257043,42.767677116320115,41.40823499840428,26.076707413550547,41.877078907337044,34.275268184293694,0.2536559104602305,36.796644475825616,-6.164480233079367,32.02770567622628,41.937724990359946,25.949627098250343,35.58278613667768,41.45918498167886,21.34638770711622,9.052178532504483,37.03349522355497,36.74262532716385,34.91454584490101,13.39695857989933,32.49165927340644,36.654219292213014,34.89488839234223,34.96470311843718,30.84664948577411,30.112674257370134,33.58875701038816,22.55381687255946,25.366903996467123,38.862333503816686,37.47423137833082,0.7812899644582383,36.79182160456598,36.5402956217032,19.65441200507942,27.537201703808908,40.32046252382291,27.15066224231864,41.00582757658966,38.0939987790772,4.491571620931057,41.794477049869684,17.75498040307797,40.089595506124866,38.606206760874564,23.75407605853721,23.87008984385033,18.92113619417085,43.521712418534314,37.22981659507519,17.121179352554243,13.46111444416811,19.96151777873729,14.33025754418962,9.901683090503768,36.793464031551245,41.40093812494321,29.946914542049377,32.728991423211774,11.478313350432884,18.864697610514284,37.555964487454126,40.48523326135346
35.4995924357506,38.67973775493442,8.698387916178632,41.0773921580197,39.58522869328763,17.393862381154236,-6.7172510190173,40.19889909240182,30.41309409259928,40.99443471454246,18.72882778927856,12.208435672300043,29.188757409756835,31.438397657800472,23.571805544638647,15.565016422023048,24.90550048601947,35.020623773346124,11.855137866272873,39.733896007054526,30.00744546064802,35.329311825052656,26.6791047957101,29.668195686457608,22.959066360301883,11.34321726924031,23.89545899464784,-11.825104466360678,27.8982060201333,18.42141103976957,14.487747526917378,32.73984904953731,41.306552726663206,29.631766345736175,26.398428979187308,34.23503469678041,25.38459988180973,22.81557017243922,29.55770407894351,33.70864540672162,30.471561973498154,30.713445665288184,34.41031093750415,34.78043117204638,23.660303466079682,15.260852041018738,33.95766263228804,32.66808839326311,18.173088721778697,30.306888476551116,34.59111927115453,24.996953730192818,40.6243515216494,9.845856692265915,37.481977848775635,31.48673050934887,34.14870600454177,41.04926274631144,-7.314184059100795,13.804349478297604,2.7531166800088913,9.543163453216188,16.94420853538471,36.39481268513557,29.873184109310372,4.473374801993976,37.671524490953544,32.45415034251873,20.90623971052488,19.002576427884133,24.283283317021894,32.17926406847295,38.205256538884534,30.823847330219017,35.63124485947526,39.12690836144017,36.3510259958892,33.34155345064989,39.168974589130826,24.614149326534946,32.654015453953804,6.024841883033307,41.47922071373555,-10.056166716345325,38.16887468223716,17.016496065001505,-7.414051230961029,2.5960259306288704,4.369868831517322,16.027104656056675,39.04540202720846,12.341606195946712,37.29796633380834,33.34817252686174,36.38646430589377,10.652659603622297,32.247949882559084,-10.2055225380093,36.0100379432778,39.73463658714375,9.239857672221538,28.45948223436394,38.098854814359534,16.0235036144121,39.82717207508354,20.4320969827247,32.34434556149984,23.259148468742183,-3.673460399703477,36.158703514422626,30.810515225445357,38.66367541773975,26.710577074769848,24.837799275474623,39.375924074512334,42.254772912543444,9.927158071562767,22.895514949924653,23.236269443279387,31.14240191206728,26.085090339734506,9.61304282205412,33.92307450493668,8.858924301917762,12.316835284644844,40.923579543782004,31.989839663464426,13.943723289183534,9.575715602435492,21.545355784703045,31.211651234199167,10.820254142279182,29.52508664221578,6.148304883000541,17.76965741979706,16.906135441847013,17.155488047663535,35.01588463527821,41.94816259749882,40.07142318251633,25.7641136172111,40.94165230473038,32.94683752595516,1.097268513715891,35.21874591385581,-5.655139491460109,30.50664077392147,40.94956317064381,24.330979236403092,34.49852345298182,39.931617839604975,21.096504216391754,9.421480172698812,36.13194447825322,36.020768113205044,33.97969472518295,13.18443199657901,31.609266795662016,36.037042265320515,33.57525599886415,33.66153156384129,29.7698858783168,29.345164890437477,32.52043125101135,21.623087928748568,24.894150460056718,38.00686746938774,36.32531116780547,0.9349761648416163,35.48784058001124,35.90813797874451,19.12211801144697,26.367153323550387,38.95301832146497,25.998121325588947,40.137834443096054,36.78251908620993,5.005333812869717,40.164095678579926,16.92195891288713,39.46630759183194,37.03682619970412,22.785564663711593,23.520122325233338,18.377671500463983,42.50980551281036,36.776568278221056,16.881817254282364,13.051627292697118,19.449247768038234,14.379800778570454,9.976674824076296,35.95491269147311,40.23813596932901,29.415585362115362,31.348715876444906,11.381290469707473,18.362628449830662,36.89875970594307,38.8124847673838
35.775463171426985,39.67369216580786,9.142202236039138,41.53787538200717,40.977450721283944,17.688254087713805,-7.6440458730930265,41.24010163063716,30.666097432864042,41.944482001017214,19.583230994904948,11.956222767035523,30.383321384093755,31.7212532475484,23.511798633361703,15.140917717936885,25.954605533086085,35.75062364719984,12.21257538543267,40.175371872509096,30.882759686243748,36.135736368764874,27.46386098826002,30.705991685159624,23.607814129801437,11.515058763728643,24.351479258750327,-13.029856038075025,29.348873021650373,18.88452549888898,14.67359635002275,34.24924351379553,42.129563614540494,29.57373802724082,26.18977405994902,35.64815737267381,26.120641339363587,22.22802382248465,31.149906433618593,35.24056798213291,30.482094974126355,31.5609169721585,35.055643960358964,34.940565590956496,24.945779668109683,15.648410314526812,35.49380816142677,33.98324313005108,18.640227728713246,31.785478692826338,36.11161358921158,25.496336648644036,41.78189341921136,10.027773116572593,37.62880720191949,31.82992911640067,34.425206762242276,42.41509530789906,-7.618045790796626,13.771132025274566,2.617425456251012,9.615280401646219,17.211704705837327,37.73109193948728,30.737865682324912,4.183351161448028,39.180312644118274,33.38908087233725,21.143345723535738,18.30497263309378,23.982522539041028,32.864268104772556,39.439454517214514,31.8944788526125,36.58105913726205,40.15572154973322,36.75637564771077,33.41974874319044,40.51157659249045,25.60577948560074,33.74956070029241,5.481305557682741,42.19534837468735,-10.485681093925855,38.48957824382354,17.158689200579524,-7.626883635344854,2.7436692238298566,4.412749458800792,16.381039153247368,40.01011404089112,12.035272969741076,38.48438357236199,34.1301320829619,37.50517703634298,11.02211491492303,33.11695546467683,-10.5298423548249,37.493297611883705,41.03476870430169,9.10765470732094,28.512815199508758,39.45672167268801,15.573348736361304,40.81582543223033,21.447246526124154,33.673379988164584,23.515311486293143,-4.965712854438134,37.04669059452726,31.574257321985527,39.43656661989039,27.709222738225293,25.516999331682246,40.60020286913086,43.486618482825556,10.055886028664917,22.952608646872868,22.875132476014823,32.53540083349633,26.466810209898593,9.721599992229347,34.15088921685163,9.01962924213283,12.697035900508503,42.340757613869116,32.55237394048909,13.245074783407368,9.637201149591329,22.071397475776685,31.1435098619543,10.116125839617206,30.647266513697787,6.536711524441696,18.232638135608628,16.848204738953523,17.286739835925808,35.555226167738056,42.52777921118065,41.118750706765404,26.025453630263012,41.523537776141,34.16760846423084,0.15505245916290006,36.68482554149199,-6.318554797827659,31.90894682879089,41.70383452052616,25.90400174334905,35.44145025031955,41.23678067280279,21.244819245477853,8.92622917095088,36.86873077652727,36.393072267312924,34.553769718635166,13.297027824125426,32.29185294399227,36.498265396868774,34.74902733030513,34.89367130496209,30.707610480077932,29.918726479375394,33.605087228728756,22.439799731141356,25.193142318926906,38.49167645631305,37.180694918906795,0.7233806947571819,36.63042007778152,36.192594424079374,19.63464489473316,27.464974591315688,40.13256749838508,26.994899133921784,40.87191343254989,37.99955197135979,4.2801729002256526,41.674431467307,17.67999447366068,39.653753304967495,38.32330921795595,23.589020515910082,23.77070137743734,18.938282791380637,43.21346287331804,36.974094136866235,16.937972019718426,13.640824693776796,19.76725967520104,14.257082514177135,10.141042535459556,36.58423702929868,41.13038425380246,29.64136481508631,32.51232004975124,11.161312121145912,19.021068365788995,37.33901374184822,40.335978641043894
35.98205947991732,39.88260497662974,8.992570492090785,41.77961773699518,40.91227060615486,17.784870582087738,-7.500548748362791,41.17840220122309,30.952388808715256,42.140396317964836,19.483591655063822,12.057662623260594,30.442926352144077,31.90777386474498,23.93581816262327,15.419766417897677,26.092700185737012,35.75732297798792,12.439188985397168,40.57179964821392,31.01191496463577,36.34340337344019,27.476727945994924,30.83070085834924,23.567215006880073,11.567736749953864,24.650272620689588,-12.627400590863665,29.301223444312452,19.031517774667776,14.702261979698301,34.24956220477347,42.2803264126492,29.97502956938595,26.366456944569435,35.622375675405664,26.329937777531633,22.532213710376173,30.96068600925376,35.24539219004128,30.563436789809217,31.659017183695102,35.24490391957469,35.17215313839032,24.799606101140462,15.510317603803168,35.27410993658256,34.055857506226765,18.72202500246363,31.73288151746172,36.089478214740225,25.727959239732733,41.98079617305119,9.986752319227602,37.86228197595172,31.980249667905916,34.54779143571056,42.41323321870167,-7.515223618688174,14.029815503986763,2.7529868208469734,9.725222881218995,17.531766609035813,37.70592208598098,30.85755110779256,4.315844219640803,39.25358053291942,33.59746004944617,21.25244439517642,18.56226322115936,24.22010601146786,33.12694428289683,39.57197493503673,31.871004492217285,36.61259883397097,40.25369969384958,36.910540070794845,33.561969899102735,40.62750319661936,25.76025000394004,33.93848750334062,5.688540623605472,42.3039893512735,-10.302512565755574,38.579265168357175,17.53240203899584,-7.582162152587112,2.6336174599495057,4.296016647374467,16.342861276963887,40.18667768462236,12.153519012306862,38.42894378815553,34.333940971703235,37.44168436071418,11.132510815168692,33.09976250226975,-10.4207520980672,37.46869644615201,40.994734440544406,9.223682439352386,28.802792347719947,39.30444312645949,15.761685913010636,40.95549134255454,21.403140492106804,33.71002461771779,23.87603890476246,-4.667743017020527,37.10061298466218,31.83898963545135,39.53622270662452,27.9007686975241,25.61093400960227,40.60146744128428,43.4731278900096,9.963117974851714,23.112610646708674,23.178410643702616,32.52837664396756,26.830702643559484,9.553809351934172,34.299656217564056,9.298219922829794,12.621856416952228,42.314042255478306,32.8246919877547,13.503318491726924,9.818252468776343,22.129814340284053,31.433045758434677,10.518552919925115,30.557002945124417,6.455071974312006,18.358042804219217,17.153952254802498,17.439575763512636,35.735600272829814,42.593969222708665,41.35665283647641,26.08025932255946,41.6823878644573,34.1369205868854,0.4182200050283641,36.65282991859026,-6.025615555020239,31.891072019601467,41.880726772170135,25.666986117940933,35.43437481094562,41.27817309702283,21.41321436511542,9.141470871738584,36.79354631379981,36.52581769737388,34.70525590212748,13.34735492436525,32.49665476001409,36.484960119378115,34.63431612658832,34.745703191177036,30.560609292866648,30.02882358552128,33.57198484528186,22.471302949737787,25.243347909729806,38.675277724532094,37.37167756151797,0.7931201982078143,36.637415338173724,36.33128983019897,19.823959568733443,27.401493204217545,40.26367575885796,27.15812198027864,40.89020513577019,37.92905612332495,4.701026432160982,41.59732551614918,17.66441070872864,39.92083198761267,38.45943376327633,23.76944643886778,23.566994583089507,18.93446786717075,43.356669285337155,37.05331316330413,17.107280485250772,13.596060419346362,20.08643094322446,14.487921567611084,10.122808633153902,36.69266284819849,41.17301111990976,29.7559941969009,32.57017012557989,11.455505053002028,18.99782599529591,37.36294878081418,40.29334225208446
33.13349505765359,36.35620694719311,8.011116307044757,38.62655981130421,37.150616634808884,16.308593618404792,-6.187738726348247,37.74727773453551,28.46203532495281,38.45361799038688,17.36666553392469,11.703231856346493,27.487067087777692,29.49865567498043,22.09322815914622,14.125290017519276,23.109797194657883,33.03454890897316,10.989454881209465,37.28634093558841,28.13591550527016,33.03437573905582,24.94678661669005,27.941507837953445,21.622772959875793,10.780697474418371,22.135209989580616,-11.197909717280279,26.13219103195272,17.584217632073482,13.65388403559116,30.728841320709865,38.59277013342315,27.814699736008997,24.790274055746718,32.25999028953443,23.80702459783393,21.20072704318594,27.74173944115693,31.729697169735193,28.390915438207276,28.94975195277641,32.30102616802468,32.80817667316579,22.366139933806767,14.235000755170002,31.88563971877683,30.67144314575325,16.940595843935213,28.588592954344715,32.57785204581305,23.51403876587035,38.119973940527515,9.349777068711779,35.172612639020386,29.21413270877161,32.10548989689406,38.63968437831558,-6.870354484490449,13.010702007595748,2.400021646789917,8.898716126993541,15.455749801443229,34.134649118101294,28.170109036595033,4.311806286899759,35.42897554068976,30.61665713418207,19.6504650835328,17.664931516759076,22.900568920809324,30.20295800059278,35.7634955075533,28.99406907709565,33.47412091904434,36.742130247164695,34.13412425610808,31.318962107248957,36.6837117863922,23.364444356036717,30.60945874086533,5.684469800877349,38.99857411084775,-9.377287324645057,35.93957040482689,15.61089474296894,-6.834862662864769,2.3875748282515636,3.9396247696114695,15.09287167433585,36.66570353944808,11.869976594465141,35.070206585878935,31.180456653410168,34.24370890235591,10.207728751145545,30.417147928990588,-9.498459349498285,33.902272434917904,37.27566822566306,8.685221060483233,26.511998121996577,35.74013741907472,14.900322293096552,37.47244556983594,19.322345306780154,30.331346315607774,21.588247339005978,-3.292489041600049,33.99780815691487,28.885833636608226,36.28945100150553,25.00687507652316,23.246373506358438,37.037554608738844,39.65572158287902,9.04933978408151,21.479453050455096,21.45355908438495,29.21450966114378,24.200615324757994,8.898101503030544,31.852951577146012,8.37731490371983,11.530954593272392,38.472948377699765,29.72962175327877,12.801129895481676,8.955853559272882,20.300711610553055,29.369384675990826,10.194037668231507,27.64329367309833,5.7318037479841575,16.54577311617916,15.98742570733523,16.15793091091153,32.87873307617579,39.442680328292674,37.46146049609596,24.087257009095083,38.438813191153,31.134046139413716,1.141147133259908,33.11902132149726,-5.176263403069421,28.706318417103784,38.22761221994677,23.02953535898039,32.38252383741961,37.663907339979026,19.477555856303614,9.114191498592154,33.958703927213186,33.58721153922169,32.116440888612615,12.59426610124422,29.44225387932505,33.83497646480068,31.57825200179017,31.63385158199884,28.174066375938928,27.420174958400565,30.542493766622414,20.015906830134146,23.428563720389093,35.64509559964594,34.09837567874419,0.7857767658816868,33.34822515904201,33.77948360440101,17.584106477911778,24.715673305497557,36.596778207114106,24.31079732375713,37.64804357867894,34.489132931882345,4.886919800709637,37.780207752118336,16.009014179750814,37.05116127426732,34.604977646517995,21.23593646045735,21.88220380627249,17.191512606727468,40.07875956941172,34.493836119620454,15.864695138746551,12.12003672679225,18.31155587514001,13.531113773102566,9.3146971440842,33.788469877115475,37.72067003453149,27.62793882066949,29.560548027254722,10.74949277695361,17.250577530681642,34.68545958683386,36.46107908751346
33.413273264444875,36.910183684431004,8.374614171275264,38.754720754806854,37.819667971962524,16.55049536323844,-6.757658322479006,38.130280084848096,28.72348811482091,39.05555534346245,17.91600176415032,11.391552680060759,28.22920252312506,29.58027993688814,22.259485291396075,14.409994235842943,24.073969039827364,33.23315021801441,11.496783434806046,37.70881582277457,28.687892726611487,33.6431540530684,25.365850357291695,28.743106724531817,22.06538658541497,10.784901682777331,22.798039070962574,-11.616694944403768,26.967610280530568,17.55906662841519,13.810765205046955,31.680839146358522,39.14450871827573,27.927844841223525,24.529765447969712,32.80932374802877,24.503462284505147,20.97896897334268,28.53257537236786,32.49442839270882,28.416975960634424,29.526778410604,32.50514266834205,32.71195520613659,23.016188989141156,14.323023529810625,32.574050749949755,31.407611756801984,17.4375119979012,29.21476325054624,33.22011372463006,24.00252002394229,38.76362764040525,9.302545718807377,35.22400431567359,29.570542348855298,32.121202134544795,39.14736910895143,-6.957144167494903,13.054737780795543,2.6889785927818375,9.167305358564176,16.204472222461472,34.85829776770511,28.788522378192962,4.213615911138248,36.22644752637468,31.2119912782764,19.857149492296536,17.4764951215173,22.65085443789935,30.613233088331594,36.56161686276361,29.541714802040815,33.86717590919232,37.299586963080074,34.25190295514525,31.213453027065032,37.452393212708124,23.94262283241712,31.418465854929618,5.568313092678073,39.24349987563966,-9.522783003790536,35.872768315469266,16.33685282667487,-6.951593621458882,2.577674985190116,4.120701154016012,15.167797373161822,37.260214771249395,11.242506394734013,35.55027362380922,31.70966954101655,34.63016490790099,10.337628986979425,30.85649426591727,-9.60081909855495,34.61403832256152,37.890436303357646,8.7132371475992,26.782681743654287,36.29145479510967,14.835501765151312,37.927764877674136,19.80387683825846,31.029958040255707,22.21290838578343,-4.135222750149647,34.44630823429676,29.66160589569318,36.68324027357788,25.83132775549367,23.675988763087425,37.486741949526404,40.198735827112266,9.22661072786062,21.69393591130065,21.681851014345426,30.016536119009054,24.830903646813688,9.08611369371588,32.0168836242779,8.46069425230335,11.624199101729833,39.08774980241665,30.390006403928354,12.679016067209231,8.998145627319282,20.549490482898328,29.277425217161152,9.954912769180424,28.221455129882404,6.104034312158189,16.90455191071284,16.08709974324928,16.290360010025243,33.24107720297721,39.49445636203854,38.28851733689529,24.22089656128823,38.635697790832786,31.608966414628668,0.6173895134331917,33.846184759394994,-5.406534643229064,29.463124522912153,38.71358217572671,23.689532705390427,32.78970184984967,38.14678660180679,19.904450146741414,8.639169915919819,34.087484083020804,33.85155498383572,32.245926024421934,12.526432961844593,30.027055772695647,33.87091413607152,32.036932480425484,32.14261412520161,28.51605507045995,27.90230330875887,31.077840042559924,20.84875106686477,23.521053879464027,35.82103979301664,34.7249895574137,0.8245529093455644,33.853313352656286,33.72869821338408,18.26539606057099,25.377874877591076,37.2359374083245,25.07128191622174,37.8618767900244,35.09164908080585,4.469808888907411,38.46479643145668,16.549543166399143,37.06785074166138,35.48323703017864,22.016238601612606,21.918380469009897,17.520108658720122,40.141461521740645,34.39476926417275,15.980956135579202,12.495627286876388,18.659877095469334,13.537672013074065,9.355215230153133,34.02882067498895,38.19821305894387,27.691697629533596,30.149523182836052,10.713059195770404,17.525993079918518,34.58560752350842,37.18437813177403
33.375024894681005,36.880172419573746,8.127617792615272,38.75202801628273,37.62772109465634,16.4506087146369,-6.812863307814903,38.0323174775522,28.705125668643227,38.934709509318225,17.801754100755613,11.392641386870295,28.015280583771112,29.65449107387795,22.15036916104265,14.43625513294748,23.840225781655047,33.0232300426713,11.328256478407443,37.647971317535095,28.47699363646799,33.66525975299775,25.304509113671717,28.52059219687341,21.84419015143365,10.686322945447811,22.706173214499927,-11.426378578984293,26.82699218608697,17.602040302738654,13.610804805056212,31.516094643178967,39.14939352422963,27.866826044519488,24.50890287230249,32.646254187913385,24.220543900194265,21.16445532677535,28.321199867702305,32.32214984441617,28.43220876136854,29.272203294391343,32.545205845085675,32.67538888444774,22.7088188451555,14.298043388282643,32.36419632622173,31.20759727865552,17.394214811360612,28.978561423076915,32.997944113152826,23.831442595517718,38.644341223606496,9.2199899619553,35.21249548561823,29.54780223996236,32.09843862054332,39.02846618769585,-6.880336139262048,13.121567913395758,2.490731036904759,9.005935579368082,16.16298064368505,34.75374480773953,28.537261036674888,4.175229591231285,36.06817554443772,31.069466257628267,19.69196664579589,17.494331521902343,22.599048296362064,30.535138321666615,36.421650330847484,29.36508833323656,33.67152789001636,37.11755497357129,34.21689784297907,31.194353165703692,37.378604182965624,23.644764748276863,31.31425045479692,5.5220586015690785,39.13357173050051,-9.494110983799194,35.860867988008906,16.27017130659902,-6.966389799378824,2.464567462319048,3.941272236705816,15.130534559924875,37.05330194920203,11.48007616879249,35.3848932217954,31.6964680281298,34.4817875335573,10.186545266079685,30.622506897263452,-9.725479380866897,34.42852130482839,37.79994871439336,8.585483673397475,26.773653458974838,36.2001925848205,14.810974818837128,37.78233819921615,19.542351667182864,30.926641959484506,22.103172498430137,-3.914769267080489,34.24258717560849,29.417261094646495,36.484827992490644,25.55759371763464,23.570757108910005,37.33072307397156,40.050854182762706,9.243202763027659,21.55636116009393,21.65001665102004,29.816165647320297,24.83390179685062,8.885352298601406,31.92476658089659,8.448679911512336,11.630626857850912,38.938306987267616,30.38744860171601,12.67888947364317,8.927965424482938,20.461619227815024,29.25878324156675,10.075253003321567,27.974213675521394,5.904610150245935,16.92214113694989,15.980789976798592,16.319717186071284,33.10243882034323,39.493590209367824,38.12478105805694,24.220502427747988,38.598847653940325,31.4731839621943,0.7659120338845617,33.623742940190766,-5.364080178135017,29.154281230223848,38.72461120043744,23.38196615337376,32.65469768212152,38.010423966808084,19.933896678793943,8.6857808547873,34.05661284953725,33.77392895950542,32.10826448380364,12.468478845938353,30.014498325743034,33.8060996410775,31.755941274794093,31.971925211420015,28.237577170835056,27.763776693339704,30.85127330238745,20.663454232853645,23.5451828517017,35.71739663550743,34.568044905565145,0.9063813397524936,33.71062297815348,33.65263045568534,18.31257072143915,25.124527329912734,37.08042681716103,24.848080482786802,37.827740757856546,35.02987012741556,4.624295187393893,38.25815526519244,16.317598694637965,37.0489413076339,35.28239244310006,21.86135854765384,21.901218892093524,17.517877387372106,40.06465156234569,34.3685502422892,15.938185816444436,12.469819763175874,18.475676140908433,13.48250912322294,9.282935373067785,34.06749362407293,38.02848253852135,27.611226480185053,29.980883818524614,10.621349179586156,17.463681620782946,34.582370962308744,36.99747166229649
35.113275259480936,39.024103047925166,8.791828558111144,40.85350212967176,39.99872671244618,17.27332239122487,-7.292228116189676,40.17647171464486,30.04789581342691,41.17711463119773,18.645399946138735,11.923913469611467,30.024816147412015,31.14086532721991,23.03512475143739,14.666800574805661,25.34414475999336,35.09775315057017,11.595215987701623,39.67947746357443,30.239037642684856,35.3748016733668,26.450478174860866,30.241193308566665,23.260708175633585,11.352361905891554,23.553972388417044,-12.696507035440385,28.46585436290313,18.681951661854644,14.38562052227535,33.38955744460314,41.23715543881158,29.196775831956934,25.857187924113802,34.82588915208791,25.750918985558396,21.82775666571764,30.222753320786058,34.440035827650675,29.85331359620853,31.320230693770426,34.093456951705654,34.499256763975765,24.329791776651867,14.879293337701581,34.525431498289635,33.33268661194155,18.117263527556478,31.154612742442925,35.344934322062066,25.222489137512127,40.90234676089275,9.703007632975917,37.199536923944166,30.990655199027348,33.93180790392121,41.45720964317286,-7.479092201614462,13.608522851641295,2.2526335767613346,8.878598084148974,16.65193425630084,36.83653398571611,30.40489987218236,4.341807388838058,38.346626177848485,33.06755252984852,20.54825154235471,18.106054257101384,23.74866456823455,32.05993861844966,38.49883409417375,31.26295892519165,35.884273309240506,39.21600515825547,36.321065367874176,32.959466409419996,39.54339101329617,25.34052733350944,33.05106014227228,5.558985524487648,41.44298196351627,-10.097675232589504,37.913933662288166,16.804521995451566,-7.302602225596291,2.2717849122433686,3.9687748564810175,15.956226501343936,39.30196624446002,12.005160051190092,37.6651389173273,33.176780446951696,36.582019235516,10.801509041908751,32.77035921368977,-10.399523487556548,36.574971851265076,40.01094983907501,8.706847566603736,28.084852806263406,38.41234451434904,15.351812015597648,40.04704905610518,20.940725132139217,32.89368228848176,23.099640982180702,-4.641949806763648,36.116293891726656,31.21295010597405,38.728869002116895,27.23573171269048,25.135077821927283,39.609851937592126,42.541545359132904,9.45327408268722,22.620671262108296,22.528628697306658,31.72354474874455,25.855062404243508,9.359034729805938,33.810944073827116,9.03321200217654,11.925082170832312,41.42590398983235,31.803024081788486,12.941995847721353,9.10589753544585,21.71548549763644,30.846429743502686,10.302818237355378,29.770129352643398,6.4253651394843345,17.495405849102475,16.55349046299976,17.11467722902436,34.94538164618673,41.70536371492282,40.277482278809686,25.31478723348609,40.86407295421183,33.43623706982414,0.34612592600603104,35.83875770492931,-5.887348956583325,31.161234961754925,40.70462338134206,25.363498932606376,34.65138083602275,40.42290825661464,20.556346489685797,9.010685476995189,36.06595252660996,35.696484251653224,34.20692229299414,13.098454561630428,31.536141669283754,35.7320352820394,34.015041340897575,34.05194061340952,30.216434840511734,29.29364590610729,32.68694292897919,21.785517712171174,24.813060097624668,37.81340576120453,36.5162081529786,0.6842791756081705,35.83570444434568,35.64328496993868,18.817341070285668,26.83356706961324,39.26613871083739,26.321116348151932,39.89946372142072,37.0973076024791,4.456105620108573,40.73333261489128,17.3967998898715,39.160319837425796,37.4664057823218,23.163323906113224,23.21112732051284,18.32646214752168,42.464586878778725,36.30652650948373,16.843030526540463,12.898720541582852,19.38838424672119,13.840479027924086,9.317472210699364,35.97099887109999,40.34247292372968,29.203024279132872,32.004933050047185,11.260404285177117,18.17740739313209,36.584265610610146,39.412434876748726
34.4571753106306,38.121651504257905,8.535108096503956,39.908924919963034,39.07169631147153,16.982192129401277,-7.20587427242027,39.475006698025915,29.683572404131414,40.28673045517806,18.790712135079893,11.527740582551667,28.94850883842758,30.589275122417376,22.94695162511548,15.072428855085233,24.920334611436108,33.989807994614765,12.008147469543413,38.79701707670527,29.54703077806233,34.910953269491436,26.245243361637115,29.298198705476025,22.400161956568212,11.030680082235081,23.78201093191718,-11.802938089179614,28.076118694813648,18.160264558749684,14.176917681379162,32.75814745829737,40.567059916140245,28.582416051165875,25.20085974968027,33.999820112753774,25.10058368601117,21.832830492837978,29.586045660899334,33.65552111377943,29.312759595939347,30.028933970807266,33.75531375267312,33.556129871047695,23.556239518318176,14.951446734863955,33.69636133973884,32.47276259589005,18.0463001472696,30.153278211702368,34.37323647865179,24.517251654523733,40.155472564649266,9.593290303365013,36.13373418242164,30.790185904898234,32.93460962693001,40.51190451765989,-7.088014211242419,13.485965108806075,2.797094486649515,9.295641856837197,17.061070488584154,36.067790181088405,29.283181128844358,4.166148959824714,37.51185834327272,31.917586275493875,20.306988453951178,17.81765404288278,23.074995707848252,31.66710430835313,37.9284788799186,30.45790395068197,34.90218222423784,38.41770420656745,35.20970070532996,31.984321314712403,38.959972944315496,24.38876978379556,32.54037825059193,5.4104265966516625,40.361732863419924,-9.814100773735303,36.87958338317807,16.96564503358966,-7.153577493477158,2.559954505856705,4.240634761434352,15.67589946835529,38.353468225869705,11.747709972320223,36.601047251743026,33.04053843226986,35.74183416715506,10.525278623311763,31.38690173518441,-9.9549524132374,35.79414751387719,39.247417047953256,9.007094290349183,27.6563794543695,37.595560459099744,15.269162540213527,39.03401047028303,20.35730210696092,32.25433274454597,22.908059801728008,-4.276773876806043,35.36887399910718,30.335440768547343,37.72542278603167,26.652446605651193,24.50647504656367,38.76693100626777,41.5148876013616,9.712913429861345,22.116953730265397,22.314938447280504,31.126394753908297,25.914246554105727,9.156512069542798,32.61387972350094,8.7160158662145,12.294556704239866,40.37575984127408,31.630700497545853,13.237215132389299,9.385954485925016,21.118561426359832,30.037123675462844,10.219486903022545,29.18250652204085,6.080937484834787,17.89420738993427,16.341123165680035,16.679584701250395,34.101316388070614,40.729062016680395,39.59190963688148,25.054778621932634,39.80391627993776,32.5715743157716,0.547729617993726,34.99588759991778,-5.669067072452853,30.388645334316276,40.21320146812687,24.280747991638304,33.88683554897657,39.35659426041664,20.74843582966319,8.69618169503635,35.14481091188911,34.95690737130345,33.02712430098299,12.7589837307151,31.253436012756083,34.8988521873005,33.01177999513878,33.18636213255859,28.99792161812052,28.713833929398955,32.02320815845889,21.513130095484627,24.16750916453938,36.96722166731387,35.67442051575843,0.9218068529881309,35.00446369624475,34.66138150012267,19.316825346350807,26.139688885585723,38.47862361484474,26.04483232419127,39.133165145982595,36.3098198753056,4.627753011758725,39.66670629268175,16.781050066200457,38.091236585150085,36.78284739474772,22.772554794090894,22.57665089352754,18.264976418608722,41.33574086370436,35.401070736289846,16.33067585845852,13.062961155161737,19.13741411422422,13.892136713563563,9.755805068743458,35.07661782912308,39.30547429833364,28.368816659844033,30.972267158024646,10.986501545604302,18.275081460772174,35.70935547801479,38.47547740453671
31.653288516359012,34.79642625646047,7.768684798481422,36.80095517560819,35.561672240000085,15.572324863832486,-6.1462444589183045,35.964425588629005,27.22711431043933,36.8280386461522,16.701188569243943,10.927113673561351,26.448350573183884,28.143591175200473,21.11586113545988,13.614943982109319,22.435542924533554,31.47133036132107,10.703759901121536,35.66627058504806,27.010574975823086,31.649543760020435,23.89384155742636,26.853678177794478,20.774818785350213,10.274186977789507,21.359202583358496,-10.763937692405547,25.185960260730965,16.69988752408927,12.986341673918727,29.55529684827656,36.91035852359952,26.567863500490088,23.497760360573537,30.84679998035615,22.922580874480932,20.10876302924003,26.659291523970605,30.42899135963295,27.002421676227346,27.74746651855573,30.788167005516723,31.141359761048346,21.458488277997414,13.557914562091081,30.539515787268726,29.455263862010366,16.344599214232964,27.42595574551029,31.20824158757168,22.580132253957057,36.4908032443123,8.824111175029465,33.50483962620753,27.96907571152027,30.535663006880498,36.903615487355324,-6.603660248061698,12.396702403462905,2.423027994927284,8.65342223641801,15.06148943182818,32.7323730777772,27.04573225455249,4.035439778681206,33.98004805725941,29.370424787537505,18.802233297896628,16.781724184977083,21.70150792820949,28.921236727368488,34.30073338538066,27.754289874419772,31.924335638198155,35.13762601595928,32.552770670539225,29.741747782540568,35.18033352715825,22.46834599357117,29.429388613266024,5.3996335202265495,37.14520980274632,-8.959313323172639,34.13865017750015,15.2083030454632,-6.58137202128788,2.312405649053267,3.738309087492429,14.382859701533375,35.1077121763362,10.97583106053751,33.527665350763215,29.856089371150148,32.689731590024856,9.740500079547255,29.06257753869141,-9.120125481493076,32.46004004273266,35.64720814614458,8.256496723457476,25.360316363478255,34.15581806144945,14.17970405387506,35.81415703836098,18.525666021510435,29.114407771403833,20.794550969089276,-3.475978290379173,32.484018025070085,27.79407278062537,34.621805920386294,24.160654357230403,22.283547977296948,35.351843318514085,37.919047924700195,8.683416991649185,20.529632447212386,20.544073872032463,28.070511471519257,23.273749067030057,8.468265328485217,30.3909037026067,8.109581010138234,10.974111984453673,36.771423632105964,28.54544335007889,12.142412186675053,8.592542548217477,19.38048478457782,27.951384008957458,9.599416379305453,26.480246855071808,5.588481687447707,15.83431845551867,15.288653192398186,15.454063015780887,31.407788224884914,37.49886953198423,35.984199113730796,22.903672655438285,36.655095049034784,29.745916433077976,0.8520477502611934,31.726784122998428,-4.951644475827922,27.567954794204002,36.538364025453625,22.120489559683993,30.90666896663144,35.97502864651873,18.715698389184286,8.467224958918054,32.31868649074373,32.05546277286505,30.59234442267894,11.9384654947857,28.213419447378463,32.12971999451269,30.165791481312528,30.236713061931844,26.853820565620733,26.309457812553084,29.198466247995103,19.365397675445916,22.27164409253287,33.979334847661505,32.68887916538221,0.7758404930558165,31.853540907238834,32.110554970894654,17.017384830607494,23.773526788625734,35.03384570182804,23.42556726462404,35.85722683459161,32.99558161785667,4.446038734265743,36.15807361862959,15.470765845370032,35.27238272427941,33.26115096125009,20.551706397009173,20.8071747375473,16.48513334371458,38.109092533459524,32.72872916322756,15.11901198800331,11.673882118896845,17.659613568353357,12.977344905462305,8.83268094456965,32.21636418533532,36.05734753368416,26.31674398367709,28.334004309555187,10.20342998198006,16.488931187253193,32.89106681272208,34.914265833880364
32.69207926818652,35.93744017383945,8.030218603452543,37.91966796663399,36.80176418378419,16.08239685412583,-6.524171455600065,37.25958121449987,28.165675107816945,38.09483861223139,17.594805523534443,11.215862759281212,27.24354986872929,29.045168528734617,21.747933219640238,14.289867140261425,23.29656553039538,32.239763682011414,11.144161840917532,36.819125519939135,27.812524326098814,32.90365782441655,24.631535121245115,27.6805155833348,21.089188444020945,10.567137186740995,22.273080357918218,-10.897512342404392,26.251469281711802,17.283388031435695,13.377034152705289,30.71214336687624,38.25859109851373,27.27543843200038,24.15817468675222,32.008211337593664,23.62019701406955,20.944622508609516,27.71669532795876,31.579213770970476,27.868041936452713,28.436212686340692,31.863528764392825,32.05213539593805,22.18943586272923,14.08106836561262,31.59428480845871,30.458657086367218,16.960705160235072,28.3107464951269,32.295503321075294,23.22537263355181,37.80980590684009,9.108246156889201,34.36849047435969,29.1010350812714,31.360482831401914,38.196306673645594,-6.750501615672999,12.871363254480286,2.5711851816701454,8.800766303220074,15.939694734225165,33.92922734526632,27.669891320468476,4.1272136193851034,35.23798148623765,30.23495422141371,19.176250542327086,17.222924714137154,22.193318956516293,29.8800827921086,35.681225010189486,28.679172164031865,32.92660100917555,36.197452878703,33.463018691130856,30.425209807328052,36.64997753007402,23.02047816954217,30.61677689240444,5.3741648555143255,38.26760335102681,-9.238408037109444,35.10374582111174,15.890452269729137,-6.80598492605615,2.353431588854112,3.9259303319238135,14.892536462257114,36.15600127619788,11.41256584721336,34.60229746189234,31.087873014002184,33.75703441598725,10.015791219883239,29.67790244823472,-9.51115883468165,33.67603409161371,36.97426116469206,8.5109104855179,26.135454569822347,35.39857825406173,14.575353523619961,36.88284914110381,19.10596831960726,30.320099301085794,21.605344925352288,-3.5832371229223514,33.3341890152715,28.64296512656185,35.71257286715604,25.037829402857515,23.14346378939984,36.58537582223625,39.13497568664156,9.113748682945529,21.032435933243573,21.249089809346852,29.20873514733788,24.39352466990029,8.750476466080787,30.93883931238881,8.246254332300323,11.516410624703028,38.03700635487338,29.792707465583064,12.737994905490321,8.855699988765275,19.998026316022067,28.641562038896446,9.970620685841903,27.42664807449298,5.659177216172316,16.865342638506586,15.561018785839167,15.88334828799626,32.219824161677124,38.63379855311032,37.28736843801885,23.76005655505861,37.76320838597446,30.731633947653112,0.9495017552071217,32.90628364095954,-5.107413787531929,28.556522958952453,37.93397735114478,22.698273896402835,32.016885480766035,37.10926993292754,19.518480980610807,8.629246653797733,33.24327926449235,33.07582837411109,31.375844386987872,12.161532823655172,29.40609206224691,33.14762230051021,31.123931169189277,31.264075933063896,27.44654099224442,27.20895594914974,30.227596879984617,20.090834257934585,22.889137693376675,34.96605254230672,33.661619675026344,0.8726359194617942,32.95450686451082,32.95489294804625,18.056653424212517,24.55027630172186,36.27481620556145,24.406843461444176,37.045124780608056,34.21977716905344,4.747449910701809,37.35507453988225,15.75367776501205,36.216582328080406,34.50496911015957,21.40032837330625,21.380789503529872,17.34213527175267,39.21724447021262,33.64846447680691,15.565339262502691,12.178813823416595,18.038981314738546,13.161585437085913,9.145005855709387,33.314363526746426,37.11700275203741,26.912918640277326,29.209589290217924,10.646288859424805,17.11321397533753,33.898224325236704,36.166581747148044
34.32343964058184,37.65252598537859,8.297092041150457,39.924381487801924,38.44663855809428,16.80417444997833,-6.455779402595348,38.98379992170586,29.480723329156504,39.80634237800454,17.965705548612547,12.007631136911915,28.44952598385807,30.50398006970182,22.831030822315906,14.71941941383466,24.070359561863043,34.11798357997077,11.462900149860292,38.6311624752375,29.174106396272993,34.21061858866217,25.847055860472118,29.009076968568678,22.351171162899906,10.962294511850613,23.015259514763073,-11.615704003429013,27.077440000594965,18.091220961714736,13.968459806574886,31.859735165625057,40.00954912875608,28.82302551116127,25.482005880019585,33.28985953774025,24.727514755555433,21.898492899454833,28.7327784556948,32.8225433013772,29.3737347983327,29.98460538437657,33.41794747427805,33.82975108595447,23.06739438197703,14.679223255895877,32.983002650815976,31.721313519359118,17.60158988649514,29.52358254466473,33.64639767900583,24.386287892788918,39.438596162519126,9.490401131433886,36.3507380752849,30.243670641498923,33.16156105669286,39.92727348226387,-6.994340510964366,13.431298205246586,2.5044301652341825,9.287570974798326,16.153039936531822,35.3595009172873,29.167781353235156,4.455248649224819,36.64809543908765,31.697892761132756,20.361197241831295,18.320358619733483,23.605752684497663,31.31502134859722,37.01552058512843,29.853653286443258,34.64518583877776,38.011474584667646,35.23767581348345,32.345617356275426,37.980368949384975,24.159128176580936,31.727606453039762,5.92223876986983,40.3305465342356,-9.615475857391505,37.05355467221281,16.362253236824863,-7.076185675408136,2.5418490486573684,4.036434068217034,15.503787247702753,37.911341300908354,12.072406428028964,36.23522908936433,32.29861427896471,35.36240002952253,10.470079827345968,31.398307257485733,-9.807787687254688,35.04108247027601,38.595626089963986,8.916096523873875,27.528507621240554,36.97087656526446,15.385481348602681,38.73987143430319,19.96186553359946,31.37625442599363,22.51554358028226,-3.5575676592330825,35.13601750692603,29.97684773837607,37.503771850184265,25.96861878475525,24.0532005507779,38.25207451275128,40.993898652147614,9.419642053507715,22.216327952605717,22.288921724525245,30.232821888889163,25.147798362351672,9.24625733202922,32.942512871378646,8.679175762382686,11.863305132851002,39.80436782563201,30.873114657667987,13.196313419684515,9.35934508545387,20.929770088372365,30.288919593237186,10.548985868524165,28.58905064455649,5.926453274367218,17.109516556616892,16.57815306020249,16.651770846254912,33.976824922622576,40.72057361170378,38.83969578519374,25.01198823442462,39.687915487443625,32.1378959054096,1.0517973972068138,34.2277260737719,-5.474975721524467,29.70861876354946,39.60043311006688,23.765499184109743,33.45967940832429,38.891352979506294,20.28766779688829,9.35117140634665,35.05376879701282,34.74589624150836,33.06633265023943,12.851890409182463,30.533255110261056,34.90333052452317,32.58579541765131,32.683850137938904,29.0371078571315,28.405696962701885,31.588234921576223,20.843384555876124,24.25625746780684,36.79091939698374,35.34776215077667,0.9390110892135989,34.50610557944888,34.83496959177226,18.31567168882594,25.60042364661015,37.874122999965806,25.22641547932613,38.92878798136567,35.71829401756339,4.89999748134289,39.08383057075006,16.553530615122433,38.259072040472,35.855758782794155,22.108354866587707,22.588183401022714,17.78008647096019,41.353701367962366,35.596155176487294,16.43897980872225,12.611223595944052,18.982745666172356,14.019984123642848,9.662601343902036,34.99747185571624,39.018645332766766,28.558523336643354,30.578077622731474,11.031614989055804,17.905744020617725,35.76103799241639,37.7216137476759
34.6482691563436,38.10097832073232,8.788003695178203,40.07527947178146,39.41570376808097,17.031310448152407,-7.188083599360011,39.720963593970694,29.725291837585914,40.45960570451468,18.93498546449168,11.401825861943228,29.10836567033356,30.59621628639335,22.854003380749184,15.054657553632117,25.107012470351783,34.30394315464032,12.007302428371755,38.81032087959687,29.689685201481762,34.87442534646282,26.50970232556965,29.423055289920047,22.48365039909389,11.153975137566999,23.74944912250252,-12.184282075472673,28.20428206554905,18.107001840122237,14.200637680283062,32.833998682226735,40.666174760423544,28.678557035166783,25.363578168583622,34.2423566519272,25.183732399469505,21.816100368157414,29.869865698146643,33.76863978677651,29.60679853813633,30.190169467997286,33.87173454642278,33.711951010274305,23.85974390238313,15.159472499634903,34.00769349279008,32.62161028510264,18.131146496902737,30.370473344074316,34.65285703104355,24.558932493935814,40.268862932437685,9.729758771435323,36.309621071776945,30.963680568636942,33.177519703945826,40.78602563042084,-7.228829117695543,13.28421954369643,2.8508593288370982,9.339686993919525,17.010202363948284,36.25076791530885,29.356997367299225,4.12529086954509,37.65500536963914,32.014969979480604,20.361120006442498,17.942630238755797,23.145508926974426,31.751976095752067,38.01924349842379,30.568943956705002,35.18774516605081,38.59965099434053,35.41059223700556,32.170515324038284,39.067264077974095,24.4352498910936,32.49347931790054,5.462299337890552,40.64609017998766,-9.972539290140244,37.060105761352695,16.80121817219976,-7.371064278279214,2.7116068647844673,4.357660914898132,15.890470953767364,38.46123164094715,11.600385860638228,36.97004972064294,33.03385108794732,36.08430454880878,10.6598647562013,31.623901507876027,-10.093189168354023,35.99266633908968,39.47801867167408,9.072094710601796,27.561572273565254,37.928965973136364,15.188966322027314,39.252868081736715,20.505363342938143,32.40399807424526,22.843474819492595,-4.528137618163894,35.577312964609305,30.325655185662168,37.98750235738449,26.703040057728792,24.597365156485026,39.07087905119433,41.82170461417572,9.947764668139927,22.146025379557408,22.422242713416992,31.25602107153554,25.779801099958416,9.452473843369198,32.852012800979466,8.777435215858873,12.42881387070641,40.65380314644853,31.586306053496944,13.171204141261757,9.490418819384269,21.25012074841092,30.079074255218806,9.921799974055617,29.49653300168456,6.206121898524368,17.83971188694722,16.391330224743495,16.76081568350614,34.22485330716847,40.97941663697369,39.715664789735165,25.255566126843686,39.99990601527346,32.77600434940073,0.3158322237020869,35.2436525780722,-5.971686769150392,30.620000700364002,40.35232783213522,24.573426465660045,34.08481449526413,39.538756017119724,20.703357205977927,8.6178342830641,35.52919763289561,35.262793732906275,33.14587021813981,12.829528759382246,31.236246291556053,35.212679242848104,33.3710123942311,33.49502447142644,29.308694314936297,28.920504915437746,32.34740535011669,21.680703979211614,24.164078702716807,37.1692103348305,35.822675149881945,0.7594776250020288,35.256522020806365,34.967971678394925,19.240927852071934,26.37101239330853,38.64340068748815,26.05456330033022,39.44708679379062,36.548188735107054,4.305399953301039,39.98496445504402,16.84067696793783,38.27290482922334,36.96786013095304,22.715047342033994,22.887785910947414,18.41425183779119,41.60177469585893,35.69231023532762,16.415037978623037,13.197898410667735,19.03551149893631,13.827472161771984,9.94516659680174,35.18306873120558,39.6069886350652,28.54068109655699,31.12001853329773,10.979955323661937,18.388857414112433,36.03583975549166,38.76881330606975
35.211541674518664,38.79547993261651,8.5737896988359,40.71286355683012,39.605380155823106,17.270547442146643,-7.127885303242549,39.994038847850106,30.3156205360413,41.02087106072798,18.87423796995961,11.743347994936475,29.48444607568681,31.111097368114415,23.546253018491427,15.566778428795212,25.36627448193751,34.669638918600555,12.350826759706841,39.67071836396551,30.095275070148297,35.54386397509561,26.654735844989734,29.93673184834879,22.872857535754992,11.244526038836684,24.30217241829856,-11.824838007595215,28.317346077332434,18.457768841619764,14.482783764088818,33.197067194556105,41.22840973402481,29.415152084517945,25.793877694420996,34.39546472473536,25.635951111861935,22.37067712945841,29.802447961393224,34.06439205614954,29.93177166873749,30.711466001173584,34.334603247789836,34.295904551767734,23.923907344524196,15.086134321635337,33.99867752555622,32.992224827970986,18.482079071129547,30.47772877093435,34.82632344183066,25.14197430903833,40.88372908815943,9.715818612404462,36.98260366439534,31.2977826501237,33.657656712714,41.076742230234764,-7.185515237948192,13.804450092641922,3.055956604808163,9.609779588745504,17.510321147718866,36.54045751644391,29.956727951576195,4.352830963330187,38.04837734827152,32.607547709371985,20.74943715985361,18.412606582679043,23.656563856077785,32.30057047287482,38.53663070369266,30.994015119559336,35.46853281746387,39.11194494534985,35.93336794919839,32.698948625773,39.476316818114725,24.93510906367426,33.04055711311724,5.702266862105898,41.08246780687885,-9.852535160558592,37.5704951296949,17.494148926760083,-7.310058410283643,2.699887879531121,4.341332406167537,15.875864483330824,39.144101926455846,11.84411277213517,37.15319731271226,33.606201740754386,36.23591740431652,10.859967682283147,32.07973184750185,-9.911560071883502,36.23207529371908,39.716309100529855,9.35597561576327,28.28100709595174,37.99047770094975,15.720905078503705,39.77221755371122,20.678725580463176,32.620603892920364,23.568225796100624,-4.18918831410843,36.04738423872716,31.043832486766014,38.42187182868816,27.10391079944277,24.83214426866104,39.36105843636349,42.11238007023664,9.886556700194028,22.701729020025205,22.949232927108334,31.472736506911467,26.502496025653222,9.29955041065253,33.46379134017328,8.940295792445097,12.382706725220476,40.94290010888688,32.22525421178185,13.597225688989747,9.740830596698947,21.5051098469529,30.764411123214888,10.622295681274489,29.56609294369735,6.2529951870079366,18.163534546753596,16.85497128716083,17.068807227972453,34.91975477228428,41.421584114718236,40.33532706223403,25.534505478183316,40.603899948123015,32.96262011517855,0.8065195590134604,35.47342973207007,-5.687717966851394,30.838702401523012,40.88366488550219,24.516539540193715,34.378098552486286,39.97059403897464,21.18771548535082,8.943571911456358,35.67908539137061,35.71050900900682,33.724996979442416,13.075698719549365,31.791445377711767,35.45104181448054,33.478094524089926,33.56387666222157,29.560547868762846,29.37719264590916,32.49395199175291,21.934314345994373,24.56828100923077,37.72329241835055,36.425013036303156,0.9607268525218478,35.47877565027245,35.40320716500025,19.587536496570205,26.505786991598967,39.092275416791665,26.37505271489045,39.74772584902844,36.74003533856669,4.926704477430597,40.2123479481398,17.11056665493371,38.98012128484943,37.393417152124044,23.108659498866785,22.896640473598296,18.4624473170939,42.13373643695486,36.07600946759475,16.7747737568069,13.202040927067623,19.611279431008846,14.298331113119213,9.961041915615242,35.66523824069344,40.06894973656359,29.02165313218959,31.502775608807678,11.383026248768894,18.523321158444954,36.33591741250714,38.95582000492877
32.28848782819601,35.36638446283122,7.965750453421561,37.44241897120254,36.190327443962616,15.897589115242361,-6.188214678752599,36.59396577749286,27.715164487165644,37.4749313256068,17.001384677049625,11.152550631442873,26.860627813749282,28.63253377517789,21.522220748416125,14.035714383304407,22.87793365335117,32.04520457465496,10.918240398706143,36.31339975931468,27.443556818401202,32.23253757141628,24.3087141837018,27.36976007485945,21.13311763515531,10.510109672670469,21.7590881888927,-10.902469927173108,25.591548432589082,16.88262496710619,13.250061946049403,30.0651363846144,37.58090398914808,27.071796194940248,24.004218564954616,31.326148183133586,23.35238018753947,20.57174189662759,27.0820463639128,30.893053665859846,27.590667460652714,28.25621728395185,31.294820156908013,31.713466161765574,21.833150653769437,13.786598213480605,31.03153595145908,29.935139368423677,16.615280649446312,27.80280140187674,31.68445195564527,22.952710744800815,37.10516162893163,9.077724076090984,34.13513077023407,28.55948258161845,31.135440669494297,37.48492891481977,-6.74467338011335,12.616213143647057,2.477306402558251,8.884618708677815,15.41626845299856,33.28389034799347,27.522610578637018,3.9953763262088713,34.50921158123192,29.863434081658045,19.140075374509408,17.208139138043176,22.11130558382205,29.410196224894083,34.91776286266813,28.21602460200899,32.518362890282106,35.79653637030621,33.10161812164382,30.315915438941435,35.74860232724341,22.794958776187215,29.943666287510187,5.563546814839242,37.80767318381817,-9.162597004240546,34.74280865609926,15.571201274150702,-6.6900655682185635,2.472598540917615,3.8638696756648434,14.658513112500422,35.740021281136926,11.175467734024107,34.09588274471819,30.392934911694386,33.20416078168383,9.943066564032117,29.56031627781834,-9.294036168131997,32.98751649726218,36.259570316325146,8.396912138027462,25.840461283311722,34.72464398094535,14.48165012318386,36.42522404170435,18.826255382429274,29.576249980905846,21.241368970653454,-3.5031466967745226,33.07109058328868,28.337036451525897,35.265954197317846,24.548615599931527,22.76815181926394,35.96224641985769,38.55778159539479,8.930463739747015,20.997364016995938,21.041828918129116,28.548317116749924,23.77632197386293,8.710113775094175,30.99332288537701,8.283888138390985,11.188503616116103,37.39086308130162,29.103139955094,12.497095698819114,8.719695165113027,19.764971043582115,28.44723295693059,9.822386858218536,26.979892061703485,5.74682085202178,16.157880344271568,15.574613071934166,15.821556192111338,32.02402100744943,38.12774210651832,36.63708002273393,23.39764971211931,37.312728070559096,30.17902672109859,0.9368239546407497,32.270710203886324,-5.1067269622191045,28.06429830180565,37.21533931686004,22.43122974313794,31.486998746142564,36.53906546868371,19.198022354663014,8.624262700077425,32.85286658219552,32.71835833750522,31.154949243342045,12.16305563799551,28.754817646643325,32.73772484333489,30.69685700669294,30.78881606564003,27.318526098201772,26.793617047711848,29.762765854933026,19.778468356107187,22.68348928049092,34.56769372868556,33.24094834521486,0.788799190606224,32.37301937871731,32.65709288204824,17.37942593704012,24.21835882845093,35.65258260644053,23.79444162890134,36.52329650766098,33.55533907038298,4.539581736033372,36.760713121314936,15.726581244454293,35.906705736429195,33.85859135117431,20.97400932913833,21.245223526143594,16.72778632782686,38.73542607423748,33.384534695484845,15.544305562406914,11.960478830877568,17.949294624010953,13.184228886810585,9.054143963953353,32.776016714485415,36.72520404678296,26.795194126308935,28.77416278911962,10.479134020496307,16.862104017054293,33.47488484066861,35.4912928165519
29.37798359715158,32.060762145222675,7.103848801927471,34.21035898032661,32.722397095435,14.489808718926978,-5.309455152843003,33.271639834647914,25.22819893397279,33.932096687874235,15.23481823088722,10.505306236478601,24.184321449195377,26.184572974030363,19.498467475018547,12.659610505836255,20.412697575317832,29.259375864027003,9.686376255095224,33.01470812201445,24.764832251927835,29.17209238119201,22.010474879613266,24.779958460103618,19.20460336537942,9.5954415873487,19.51816142571126,-9.753228070036583,22.908708549133465,15.41974631329401,12.045287757004614,27.003016156515372,34.068384116156174,24.748381614765485,22.044944588563318,28.2733298589607,21.068825692373423,18.90742329164052,24.33968708354828,27.795021198802008,25.250743693186525,25.632865298485456,28.391015207823646,29.094487201594845,19.66524721377292,12.521839180790835,28.01523456200351,26.927039642940525,14.956632872952822,25.049211558238763,28.51873943013491,20.87643385481237,33.517494705895714,8.366524978955582,31.21274955006424,25.85882224803684,28.540192938536528,33.9479777773378,-6.14101524654122,11.587624448216394,2.109007167273104,8.131585521827192,13.615524185156726,30.050088547695964,24.984731344736133,3.8751810277652656,31.073344806479646,27.060187624602317,17.480753961422998,15.966700240071944,20.43277641622667,26.63969124096398,31.44276023843111,25.482503000599475,29.526971900139007,32.46138455939151,30.216413274595034,27.804167788581736,32.19205873178728,20.560352064964984,26.95697810828496,5.215414094204316,34.488046195461955,-8.365322235187227,31.831359898384623,13.847687463512415,-6.071489447791083,2.271118630655149,3.48221959679373,13.485652756061851,32.3252919389459,10.49376329674586,30.917894961872054,27.411497096471223,30.184918440929586,9.009680869521222,26.92726826557537,-8.485979257092678,29.772516899720152,32.872576350051936,7.568601400985214,23.49715584589306,31.475928888230698,13.317037629272443,33.08412660287109,16.913922228466294,26.600160104690094,19.14452115442573,-2.690936826886233,30.08672186906717,25.55087201947998,32.07899991307777,21.999774537646225,20.500581656703364,32.58380421419625,34.95422937369409,8.072252011209583,19.187098617215167,19.17236763289098,25.646371370129458,21.335182218496524,8.058864470675879,28.350321187693364,7.315299663187025,10.099941235887853,33.83784882021798,26.272097700558962,11.460570233641368,7.86202008380641,17.95700895782064,26.051969574869958,9.243902885133428,24.35921920313863,5.074525238477163,14.431998733734563,14.267848847353756,14.497666515905806,29.114566800826008,34.85225743635316,33.050935450090826,21.38580500123515,33.996842961102566,27.38685866798631,1.1919767585574224,29.067505393352956,-4.467387489212119,25.20114415930004,33.70929764617095,20.163072439372492,28.591480097342256,33.12607132581299,17.322385759288256,8.20878782224332,29.981115245251527,29.72070101645266,28.389747603829555,11.305264522325755,25.959434391632026,29.964314655118773,27.797478355000898,27.853618244169986,24.92389681865597,24.26940868032259,26.93853489807606,17.744344211686066,20.771240164843185,31.435400572820623,30.136116403248646,0.7949562755782733,29.319993045629428,29.866129579321345,15.462135541288415,21.812767193310318,32.237494028815476,21.323486570907132,33.287472645297186,30.404044747736673,4.370446568918556,33.25661241177741,14.125439628597618,32.823298699049246,30.389472901811818,18.768907165742426,19.426366775505148,15.160020444533174,35.34015744316381,30.58324448884161,14.090170322801566,10.690563746652249,16.23201985889389,12.060764396441982,8.270704801139377,29.928120091390635,33.34162969731375,24.503886992719668,25.973670301229447,9.488791214622166,15.170613871462617,30.631877383764248,32.0212269640216
35.402050201231816,38.69477759801121,8.893990169832177,40.93502336753849,40.09330648715082,17.469954160845408,-7.219710695669365,40.619915585421815,30.454061508679743,41.14620479947809,19.369011332581703,11.874704819505418,29.354702337972917,31.391827078183216,23.21684915122733,15.511173822914465,25.22350107656601,35.072450359084044,11.95998963324016,39.51702076205588,30.03393491412733,35.54938161856084,27.089373451134744,29.831527202559947,22.891636720880083,11.423062971799913,23.97591470408931,-12.304065939030107,28.52242267599927,18.293503574864737,14.29083961472813,33.274581455299256,41.54850241454162,29.217313562544437,26.09425146343634,34.65381006413444,25.377488198005004,22.666669800248048,30.311646016320367,34.11343538263809,30.59399523964537,30.60329995373685,34.48387148564972,34.478131033284996,24.11964091281725,15.639743157956868,34.58829268501158,32.90947108494175,18.290382824416337,30.65992067868529,34.96155489147123,24.870223975387876,40.7672505244697,9.9507949377268,37.141998756671946,31.689328728860065,34.05120204242195,41.42982396744667,-7.538959464758625,13.51717697465647,2.712303995619118,9.426647211769255,17.107496451959367,36.8595147277699,29.745512274574853,4.16254952028068,38.04844782722264,32.45950750298591,20.793729175602795,18.69250272933172,23.848948207132217,32.14238556687934,38.513467178926255,30.97485431334214,35.77505266423887,39.237813876889334,36.17122495308952,33.04050678324858,39.63214828268182,24.533613519901408,32.9405083675425,5.740205132545248,41.58046178811939,-10.318196984764084,38.013098071404414,16.941120383499086,-7.610358423537496,2.865094366554067,4.511185153240461,16.309304025343675,38.93451651524556,12.091215133158705,37.69122477759166,33.502828181092,36.78387567540256,10.759012819794789,32.15764086495155,-10.479244098432927,36.501220590011016,40.31435364884505,9.042472429813897,28.197461992107097,38.73580836763355,15.655895102181447,39.90633894185567,20.630012935678582,32.81161969765441,23.143761148498296,-4.248189118796023,36.21360795748145,30.66840371595573,38.73249434276203,26.773775996562534,24.976867438824506,39.68736374435116,42.57981504967589,10.369258987053593,22.547244586784533,23.075635343738703,31.61572083929969,26.099710143304975,9.8773501917218,33.60200161801489,8.943360756709534,12.729313228588698,41.32629397929001,32.162579813978255,13.701582979346993,9.426713775734044,21.725967046522644,30.692354732971808,10.295573028429368,30.01287342422474,6.167266686247645,18.136466154049632,16.541081175031195,17.096001927428723,34.84283440130688,41.99622411552519,40.24285859059041,25.95573030852991,40.89262302086064,33.34399959657759,0.6389316448395129,35.66461073971919,-6.151917499086608,30.902467319170288,41.180009968634074,24.71929326243118,34.80144724517076,40.09225649573753,21.268770389509733,8.966211065180133,36.39513443722715,35.98958590230951,33.76149272541079,13.266085228773322,31.803408368792837,36.23484224970787,33.88022536967043,34.155491306921185,29.86741005973255,29.425522248347757,33.01649131371485,21.92982358973141,24.851970210428007,37.809951224179066,36.37991645503358,0.770741133063191,35.79968961943165,35.74954268149813,19.559347594275028,26.68016676890436,39.18262154936488,26.202871438662136,40.477066612823066,37.378633232088944,4.459611621186844,40.66367016465381,16.948057925715016,39.07699256360322,37.33812753981103,23.007664486446316,23.741734405456707,18.857866952054756,42.416762042834236,36.67518105808643,16.683723385749886,13.549398930611323,19.234610718054522,14.11167325947353,10.197140181982295,36.070946355629985,40.3407779810191,29.23986777748657,31.485387406924577,11.051962476895643,18.733372115836115,36.96065007521438,39.32178630052454
31.286998717424773,34.4361984250111,7.6668230860788,36.46081179760734,35.24069803857836,15.46147622095622,-6.035659987097759,35.63820491208607,26.85249092163758,36.427514041767054,16.497900015989917,10.904321515446465,26.25716412997972,27.857259834124086,20.806580059176433,13.278496914560531,22.167410109733467,31.275395778216673,10.415513222124398,35.27481259554162,26.755598006928107,31.19989631883787,23.65930539581391,26.63455970613241,20.623934668795833,10.137196166305467,20.977862393538626,-10.834956188421382,24.86696967257114,16.587192781321185,12.821681500770573,29.21296021298911,36.47394475964722,26.272669007190515,23.32060155083925,30.568673499574462,22.67631699114301,19.752025156604716,26.44475099498544,30.1660816041531,26.700527574608543,27.60072443258109,30.464701870827138,30.860061666393534,21.322987397876123,13.389622760779515,30.31752663089512,29.176351264364722,16.054721540722536,27.242539961439096,30.961023320300686,22.31797505665318,36.07537717107695,8.804055487110709,33.17565406887553,27.560147253059082,30.26686620329772,36.56823378871186,-6.4969716111405145,12.217521377584557,2.2783549310309357,8.423252940537196,14.659626314743932,32.38310478320305,26.866438754315457,4.061155882573913,33.63516143855584,29.120793522932516,18.652170169690642,16.53695017738782,21.54348089822686,28.601210985773037,33.87632775086758,27.45968845768265,31.712939880903402,34.81981723111543,32.22165036346427,29.52318534612489,34.75302001549127,22.30143922649404,29.037033164226138,5.369952227121347,36.84934982509282,-8.922501103602754,33.86483074585411,14.846162474049995,-6.488949721178908,2.275276785305162,3.774133450313251,14.255254427773322,34.74585955460809,10.928552231111336,33.25801054799676,29.433620771737704,32.423660697659116,9.613146751584196,28.88729514449102,-8.95382102618028,32.137518240414295,35.30889109215824,8.131998525546562,25.049848409273544,33.84524241850325,13.9873531082107,35.4965700536434,18.411797170030926,28.82540136827602,20.45940463363595,-3.511670921937187,32.18727189332931,27.493351210899913,34.371655097866224,23.899937821126617,22.140759298492558,35.04284151068184,37.58648274962356,8.518985537997857,20.418995065093405,20.242593500272335,27.76316689263334,22.840068061772932,8.463192261160764,30.133777214039743,7.926353286277286,10.772657209799355,36.45708993063686,28.094322515967676,11.889290265040978,8.445625753798183,19.203370295514123,27.681858924595613,9.43078734000913,26.232426471904084,5.585509722002159,15.500156572958442,15.122115926060923,15.309780498846496,31.077938221103,37.17010772739166,35.54567123333299,22.656354215823452,36.26973195677291,29.488947401697697,0.7612533744816714,31.436451750016136,-4.935534657388243,27.34278050734254,36.08901920990047,22.056287581994972,30.627540108479185,35.678113084838884,18.408284619847475,8.425708173749952,32.0311007817156,31.737387118081752,30.369749692726536,11.829257570227352,27.783633209827055,31.847870590343135,29.978830733251115,30.020070382345672,26.758483708839787,25.97513468400818,28.93265597510009,19.17171644887434,22.096027877306028,33.62131186434045,32.346536128945125,0.7953645142223967,31.58636401394581,31.79990125565238,16.611813717090886,23.599585340012318,34.693269530698394,23.152618057075443,35.516612042181464,32.665339258533514,4.320756106622051,35.858495476998584,15.313499457465571,34.921507330341775,32.873723492863064,20.28592008063473,20.64255226049031,16.23812679076634,37.78984068107195,32.48387998227126,14.899411686942827,11.538786565210927,17.482678986371077,12.75731238369875,8.749735845731704,31.96595267692944,35.73467285729982,26.065549509434803,28.043953048279132,10.096909432061564,16.339008484209735,32.61083360632648,34.61951513480804
34.7971539803369,38.57102380664526,8.859991546662197,40.44544824003194,39.931439579123186,17.2508817292019,-7.359152148446912,40.16548264421594,29.814454659543042,40.81963931746002,19.07601999227346,11.623974920430173,29.57306712724292,30.83250105168403,22.84029099883117,14.723804208977644,25.276315012741698,34.80766908158105,11.899121356865246,39.08148422040666,30.047902091905595,35.15961172880996,26.672319035263175,29.852879492017177,22.85035695713254,11.297029134555878,23.682554930152136,-12.696369650710308,28.567062945244203,18.383395710986687,14.305028865202292,33.286742901159876,40.96432597469089,28.77514367295951,25.554778088941216,34.77429382195959,25.52111285046844,21.649491356418324,30.363525132586556,34.300592994088454,29.702514583836383,30.717258528242663,34.062575371644606,34.05728135167545,24.32621190469946,15.18966079783077,34.56443946545631,33.10057369318796,18.091790815480895,30.98969929794231,35.22319571065708,24.812423529772452,40.71570178473821,9.855285624080029,36.64404481355883,30.97921549234823,33.554716222000835,41.34595347661105,-7.4212642028973,13.371333786348677,2.530019721252089,9.289637217829915,16.771385728922404,36.693179216473155,29.82324166234683,4.101080181711513,38.16159640304548,32.49604075888513,20.519037644252855,17.850875008252892,23.33011740092494,31.960931378065812,38.413400043070354,31.079878033577035,35.71534161100225,39.056184409361485,35.7926962725881,32.486924321856556,39.45749176581705,24.919238112416245,32.827285441573416,5.284958581222122,41.10201118275766,-10.205522513376257,37.48833957062083,16.624914823354114,-7.436360512281305,2.639110855737543,4.2873713252463,16.09967732702635,38.928079353813274,11.759863241523444,37.4762193616664,33.17470261537061,36.53060369659393,10.8754862760094,32.242742634628605,-10.294754493998015,36.51666137263505,39.96332861205254,8.900577524288181,27.619423183070595,38.430065359747005,15.10916658267712,39.77099729083972,20.858552370396453,32.79084803613778,22.863370018596306,-4.812183479203586,36.01238366568089,30.667620815332874,38.45951359850645,27.00908969013329,24.889405295870418,39.5894689330848,42.34195362308303,9.775210235623536,22.27165090548602,22.2439102313095,31.746819608558553,25.75930828190736,9.484869593309089,33.21918072001465,8.797273582971023,12.312156695289893,41.24960829546733,31.692160553322115,12.907155026286594,9.292364793167973,21.534828398208692,30.305775727772584,9.852124828776562,29.97042395243853,6.35510144665118,17.74917905236762,16.369328605494577,16.82955335039956,34.564050196537,41.395304323606325,40.03031929293704,25.364905382286977,40.429065528608845,33.265652099871275,0.13071025835193656,35.75845618742201,-6.134967950485166,31.142552524301028,40.57947995779822,25.24335978809712,34.56569893524299,40.16338187879489,20.624585200687488,8.683632408317255,35.89481063317403,35.49482889251542,33.64989843563009,12.976698464040387,31.46781483448252,35.576500297087584,33.93871350321508,33.99789234584301,29.884653455951582,29.145044948974526,32.73934125727827,21.822824294071406,24.430969100452863,37.524213175800114,36.141591682320836,0.6970251439982716,35.720632817750605,35.268738720628406,19.082476703075,26.75063181707725,39.092100487765336,26.3126214119169,39.79743005059646,36.978166312363825,4.169850605435359,40.58790883255961,17.129471281633332,38.61010448017046,37.34237483980767,22.923262281401275,23.095232012569937,18.44740900006972,42.10035621950572,36.03452389017416,16.54524681652151,13.22017491372932,19.191038079714176,13.803839210694436,9.847272618427585,35.55424284635722,40.03552442963156,28.842157487631912,31.66182414475208,10.92939577637692,18.452191136105988,36.39573988199959,39.299989358992185
34.27061035928217,37.68107499682488,8.567713258514939,39.69087798611013,38.62701548151997,16.868001078612785,-6.891484376530029,39.01189981802878,29.392977039600087,39.90954761004746,18.354408691668944,11.58499134935973,28.699984950719095,30.315487058829046,22.713759725321964,14.906765216870717,24.57718159034966,33.88181426790353,11.728886552195373,38.51916112905987,29.224836572574564,34.479968888963356,25.874428256703553,29.10814129235749,22.29978677148447,11.122760020592787,23.31849447551758,-11.710573471300384,27.52144344570692,17.978801866152995,14.098355299498083,32.22626865870546,40.05000481360903,28.526662416869417,25.287830106788824,33.57255302333053,24.947578175871993,21.7165217392088,29.086321980398893,33.15281025990638,29.206920204092437,29.99340686464691,33.27069606571778,33.52903937974682,23.3813254429784,14.726808142704607,33.19934171684509,32.072549612610786,17.70163558795271,29.790125152073966,33.96587108049398,24.478019412735865,39.6821978164184,9.580641007104392,36.08850254991273,30.421092863973,32.89573837399086,40.04042623348948,-7.166407388104318,13.356548189720655,2.7073484313043825,9.254801400611864,16.710314139294443,35.55875790654298,29.177432553146026,4.251110844456512,36.99465537179011,31.75950754736218,20.10731211279458,17.994527810312686,23.17299900187199,31.2756368476412,37.44603471894816,30.226861224115776,34.680632651306446,38.05905436582776,35.13975743306471,31.90556441166557,38.35412776543935,24.249357600674358,32.05679496469783,5.544805206675495,40.09903073129778,-9.808507392095638,36.748480186961345,16.687655996801002,-7.196752009892324,2.515886882357121,4.1294610766266295,15.608929105147164,38.04357304751169,11.706881203626335,36.30447714507582,32.46646287296152,35.366133042524794,10.563441533139564,31.3842767298891,-9.92428109326457,35.302044351775216,38.736356035334815,8.856323760124434,27.379471250302593,37.11729017611417,15.214018407029585,38.75649077008012,20.113652471459424,31.74369781190788,22.714651979907764,-4.057020094143618,35.099300802283004,30.11577216159402,37.50744946761044,26.296008003912398,24.237326740490655,38.40004400283108,41.07378248846895,9.46906746869333,22.085769484710447,22.233375914518238,30.670108962603095,25.52844989249789,9.1998992105517,32.656846513567764,8.584770510074089,11.904799626239852,39.9323700034994,31.20990168568827,13.186146458424272,9.170996021228138,20.988196944995916,29.998798772588536,10.27115676268057,28.914482350869097,6.03119362812394,17.417455914797234,16.260772214007275,16.661124679695153,33.906322969909624,40.4275732216531,39.11970557724756,24.825085686420408,39.63447352910242,32.16039890497144,0.7499801216739628,34.56183486315749,-5.557926945498598,30.033153672000587,39.69049145140601,24.034748036405013,33.59189088336006,38.96152525777027,20.346017566183658,8.766601236988754,34.862850817664125,34.79975670653674,32.93230188216421,12.681934694644815,30.872748568637554,34.7149719908363,32.76407574761473,32.811299322163634,28.94643502654592,28.51620102510772,31.714766062152965,21.20896004508963,23.926250906447144,36.72781973193317,35.343478269830634,0.8281824631563564,34.57482119341787,34.548108897414444,18.78478002145067,25.83498085433065,38.018366425268994,25.597047409831735,38.75950667859633,35.82994691296704,4.705489231316821,39.23100763448198,16.61209207713265,38.025419144254066,36.29596433346737,22.427416853782177,22.494327201166996,17.960104104677576,41.09864540516375,35.29291736198032,16.364228187296785,12.730662680764157,18.865106414263785,13.774995438858419,9.503198330706896,34.75137508290959,39.03359451286415,28.311962523307432,30.730622132508035,11.023076268038306,17.82336282754541,35.50645031046144,37.957191499272675
33.417398577401556,36.709950782627914,8.147223955135653,38.91188270240235,37.62596232058757,16.495845003003733,-6.455725756296037,38.129566974829615,28.708927905396553,38.818681182172554,17.664798291045138,11.797003841598924,27.799708950842714,29.78648141320763,22.073054762210383,14.207864413857932,23.47738069632378,33.33277651666821,10.939820015124559,37.574218285661615,28.359503144574497,33.43264467491471,25.210572262944755,28.338306896201022,21.77365988355643,10.806090148172132,22.26329235849088,-11.479556559205516,26.5194097224981,17.688713908796988,13.482244657277208,31.153239633408237,39.014662565048134,27.87323753802817,24.8395505046053,32.580120402630286,24.051270292242855,21.328923102196036,28.217500621805588,32.10172340848237,28.688577186470688,29.247121179375313,32.4587268962279,32.953708568780044,22.684470180779815,14.338545455168266,32.34347185985856,30.978240924946327,17.113713197572707,28.924500358342577,32.88545934379894,23.723229578475802,38.44606238853941,9.385592200154806,35.37697062505518,29.529934275510723,32.3618077994917,39.04190812518535,-7.03063145748344,13.108967563747076,2.215567781557903,8.915973156508176,15.58263842698644,34.59447928154927,28.47761985041472,4.2706890697990385,35.78844923672648,30.972885808208595,19.683803115156152,17.773660697254236,22.965767538241224,30.358217437597496,36.12100243314075,29.228135199261633,33.8184903141034,37.06600787218077,34.36958065062082,31.501335438014607,37.10725582682052,23.500547890036835,30.993555049173626,5.665078248328264,39.360584354513435,-9.604719200840615,36.17693411287834,15.731056796183896,-6.9767954110692,2.3751845434108843,3.8889405736004283,15.338815530885991,36.89475339148775,11.895919198930827,35.503122738281355,31.41280883410732,34.60593375013138,10.109265990130085,30.712624204828657,-9.80460584821478,34.283902639357315,37.82855554186728,8.539607191517382,26.681553977344443,36.25584897998628,14.885528982514812,37.779816561448705,19.394544595763882,30.740096221577115,21.742268633077785,-3.5234753842158866,34.255165760679326,29.12752471638393,36.66301667864831,25.255173520166178,23.571462404145144,37.389328004611556,40.07896282115908,9.22947691224513,21.58079825448242,21.598378165332083,29.594253988963192,24.370666120318393,9.103853627740198,32.07748423417739,8.345414337439472,11.556749976427312,38.93460623870666,30.069346651619593,12.76708453014401,8.781329453722437,20.57959179005332,29.411111172051445,10.251816525558198,28.019559589261664,5.772483996773731,16.65167126164289,15.8809407811165,16.386161743663067,33.07002941210523,39.76134636026519,37.8320331256273,24.33254974668579,38.75785565621165,31.479598465842727,1.0164810610030042,33.49332969096586,-5.309946574187277,29.03391561316797,38.59362169802341,23.33484921052557,32.803196749777804,38.003349584914815,19.73394330546902,9.090736776164784,34.263671165473056,33.86641998848278,32.288859370027026,12.694491464619794,29.754375628671422,34.171068129178664,31.893072617709826,32.07424250770542,28.46526998878744,27.731152912613787,30.906261295914103,20.36008393414032,23.706877729074748,35.76935516725367,34.385195410084016,0.857766455547078,33.703070367197554,33.91540820603385,17.799808188017956,25.07948846845483,36.964744251592755,24.553399277008616,38.04503450735232,35.00988835310698,4.689310956723149,38.26714356203785,16.082727094695056,37.22950334518652,34.94964691658055,21.566184497396847,22.163925226044043,17.48606571679834,40.32140797951435,34.767862600987065,15.954224826933222,12.30841381534675,18.364574063148023,13.494391833649548,9.241956355667142,34.24189824534844,38.068740667839336,27.81017944524943,29.845727779570687,10.619183635412183,17.380761058725614,34.95130780829528,36.91569127240101
34.60812113557569,38.265853422325044,8.47297931441757,40.12064722241923,39.089619522696,16.901363132424688,-7.074515187345503,39.42977043143955,29.687389205440176,40.388222608839,18.437771850388224,11.722005665406934,29.1304644203948,30.668126526474698,22.937888940371725,14.856818059556643,24.831470481358156,34.248648878770155,11.780565805752486,39.009010820309015,29.636919011576563,34.88543915368303,26.14114390613179,29.52014967049058,22.647409860202085,11.054787851566712,23.52524037410589,-11.954301865218213,27.905079646324253,18.3086362729803,14.079389159851864,32.719738993378414,40.55874458289099,28.776285055261496,25.327209842700537,33.95657907798923,25.19020831429666,21.804479873462167,29.464400257253228,33.64294899824491,29.383758151242258,30.37064347654744,33.724095836330754,33.832918054689806,23.574042201216244,14.720673605900092,33.63657976384256,32.49304721975201,17.96759109822846,30.205775636766063,34.381113700524175,24.701851257564638,40.17593345517653,9.476929132574655,36.46645702723261,30.630966998906885,33.20672768733731,40.55630750301806,-7.115042339277134,13.557555016341492,2.5583560637915985,9.296228805150037,16.75899006649365,36.06070649727616,29.606623421230747,4.276696442022003,37.48968822451493,32.228257776551494,20.35186549363148,17.993119323308974,23.32473172385006,31.67071375627344,37.83233500669768,30.525337010915184,35.023598793477326,38.49814012430544,35.46971657450307,32.28991517114486,38.83629186153363,24.62602821941751,32.50676241692146,5.508588055120587,40.55750729824835,-9.836741791703892,37.08901475144153,16.831075114937054,-7.229782865525164,2.4362719318896455,4.0942359706482705,15.60996433339832,38.49476885480272,11.839955752076783,36.723062710046364,32.87389311946226,35.78671873625467,10.56447118720918,31.787618464415942,-10.000995112352205,35.76922604874367,39.22195421078478,8.821199654713064,27.72687812104526,37.577109206157445,15.255603034714083,39.21018064629081,20.374246848957863,32.16563809944075,22.89396374501685,-4.217116211413097,35.49480470353724,30.518296378517075,37.88310019620849,26.60942337062043,24.482007078181155,38.79416962101202,41.59037106232701,9.510268571654715,22.15444269759421,22.307504649021503,31.023630965550023,25.727110292183102,9.08468093781418,33.04394136617782,8.800681234514887,12.05110691393336,40.46893881312606,31.508371092978948,13.018393288486248,9.244739639302008,21.165117434398912,30.29637340780977,10.33882584936278,29.091111999838457,6.050431404943054,17.518295260258498,16.448884262541522,16.792640276819608,34.307757900696224,40.92053921419758,39.58890651236641,25.042946312758357,40.03524348467288,32.67118192820025,0.6484272370931502,34.987381757103236,-5.634401721645424,30.363675357645423,40.13730845897928,24.39228116261024,33.893142357734206,39.48395739923049,20.554994726496965,8.876844484574429,35.306003571725554,35.01902479774431,33.28926414852314,12.823757542319107,31.16553093369022,34.9991949564363,33.03850286802512,33.17671986350439,29.285837464722206,28.77118421632696,32.01606469425597,21.42800371061672,24.32587810396654,37.10201388498737,35.826201510941,0.8907031219599565,35.02912915604046,34.92058285693852,18.939635780221035,26.129180136259855,38.492687132034675,25.88463252050606,39.18880045376002,36.31407364046403,4.692684618622052,39.75037077355218,16.856477118488183,38.41187258378283,36.70239459819465,22.708993590328237,22.679122641749753,18.069976381667516,41.57032547530604,35.58570785728207,16.38821849301813,12.832573640138959,19.100285842046695,13.907100107024384,9.502775997868653,35.24558148981876,39.4531232966663,28.63482524111038,31.134616529844337,10.970590713420217,18.064305299614404,35.85857051958429,38.4542745775613
31.919753490159458,35.018791409734064,7.858988657042444,37.017858758385906,35.85266171525935,15.723415870236998,-6.212752906098621,36.245155569617964,27.45849792159199,37.165013094602365,16.932385017641288,10.930421652350867,26.676006100995362,28.29807845411477,21.32346295708289,13.906540799251523,22.721179570696815,31.59020832360917,10.946459627748409,35.973340478507914,27.161463924972434,31.99649878093779,24.05373715527686,27.131265324185115,20.809298000484308,10.44815839546766,21.664934550374294,-10.685011147760145,25.46865350588693,16.797826747081228,13.126443953677216,29.866573985800937,37.190716774541684,26.794707633967537,23.658525345461825,31.119912729066684,23.135528468292843,20.350250941575084,26.889603805914373,30.684630211369555,27.207136759850457,27.91847058017796,31.05207619795292,31.349556954347474,21.69700578059088,13.65823488584109,30.716054825403067,29.662118678387852,16.538096693981917,27.568356172834246,31.455064302051852,22.81613188442469,36.83251677561528,8.972060813199283,33.6657565984063,28.271915512637324,30.729335570257188,37.177803110812796,-6.6997946381615545,12.55756293361439,2.560886777274004,8.743928292935468,15.444314752392591,32.997884618305044,27.21360415874947,4.08480145827521,34.281924181067424,29.612534741880637,18.853527754408343,16.920270235709076,21.75081673197679,29.176957125676964,34.695426999634066,27.967310790405723,32.15098462332626,35.349417884918594,32.71046487766913,29.811341764443927,35.53528307365671,22.626747904389113,29.7333807521197,5.4882253317245295,37.36265329735526,-9.047895989724516,34.27993007398283,15.501822751713851,-6.613192175257609,2.480470547995813,3.8997608020201247,14.592407443304735,35.35739103446352,11.022714916128033,33.76127032340815,30.190350154094602,32.90110892464977,9.958067129046906,29.161685541057427,-9.163295728806784,32.771406212611375,35.949040923353095,8.273485970960508,25.51641517203728,34.40778380146072,14.235145515977283,36.06909925076604,18.641715088906373,29.38398314091911,21.101807115915314,-3.474772103473221,32.62794423848111,28.06152818685652,34.850467281700226,24.37067797478166,22.49393946321269,35.64697668314891,38.13489834131389,8.800587458274007,20.699641417701773,20.79902517787982,28.355142101397643,23.670091764420356,8.582225657562677,30.506737404734018,8.132775706018803,11.13612939718776,37.04043220637875,28.937739890419543,12.31932973660106,8.70748606023915,19.54836560397452,28.03402920445656,9.700812910526418,26.718157715652186,5.651791832463137,16.19820804545477,15.409919358422933,15.578766991545319,31.614862505502337,37.696925168004356,36.337498835179694,23.182411052649723,36.88322008578535,29.95024753940493,0.9134644453015776,32.01841108733032,-4.9528498577765285,27.812685434759818,36.86436836481332,22.179608072029126,31.115666048066956,36.18311577176228,19.004185513659564,8.437464584554023,32.480349710847044,32.313117981525515,30.7193929300226,11.970630678755759,28.55552636065443,32.30585432048367,30.381527971475954,30.41895032373667,26.928456422494374,26.52193990145181,29.486528547720678,19.651532989029665,22.33990258537552,34.157999917300224,32.938086402722014,0.7341022483686291,32.07426056913007,32.27199583966752,17.394440220651767,23.912983456849588,35.330936614516645,23.669347034144717,36.11163797387889,33.27709815705228,4.613405952748358,36.40341183287769,15.523704758943314,35.469479686853745,33.58198124423888,20.777866647415628,20.83906116200863,16.777572096381064,38.311850644805666,32.88247152634286,15.372616465691943,11.846976997385495,17.697506135399717,12.945488591057114,9.009936421109588,32.42051410327941,36.28478659689935,26.380445339062874,28.519259994858945,10.399374634845,16.737273634692375,33.06960325332983,35.18328661168524
36.724486259074155,40.711387646805335,9.1902489616558,42.72033412029774,41.946645370465276,18.18163975783552,-7.648297747381896,42.28945953530742,31.58294059725027,43.075078622950564,20.00608624177013,12.464073743474156,31.137357911003285,32.63388297989033,24.298563371156206,15.612970099414785,26.47963856843391,36.67438123383056,12.502713132989038,41.3469981067053,31.615761832764665,37.11243088739621,28.13442216126266,31.49845837982351,24.17808781115648,11.906535971563715,24.94235724904975,-13.136004465238097,29.970214576090225,19.4514921484021,15.05366233344133,35.02932396358406,43.23432029316475,30.483400053425257,27.0216985447198,36.479780715826585,26.822498923293082,22.99758064081971,31.789489022497598,36.03881632080116,31.3345888156272,32.387710233793186,35.97796039090255,36.00480811492743,25.506618962389634,15.958214832420332,36.24757344124823,34.7232262357029,19.106410818780198,32.468055923476435,36.893969352025145,26.210215555713887,42.8401403821801,10.333264464991512,38.724546898762206,32.62784919018979,35.46310311510417,43.446948835306465,-7.767528500387186,14.252333461910473,2.6844820841483568,9.84254231095635,17.664156013062346,38.61040328730582,31.508428794128726,4.474489474730659,40.104282729637426,34.28456755778641,21.748716153675606,19.001744947751543,24.77860621883586,33.713455109870466,40.405474403882316,32.68939462939131,37.496856609724,41.137834407812015,37.75076066375735,34.35672523502663,41.49854812754365,26.279522890087886,34.6343735700271,5.668203782202643,43.32477398722627,-10.6837287278013,39.60121567461309,17.633513671900147,-7.828889337184812,2.827313298509476,4.493797071708276,16.860764310245195,41.0283877328653,12.565304724736565,39.42044417816104,35.022320694356,38.43340311261017,11.397151379302226,33.956503995594616,-10.779379180497104,38.38879813498307,42.036609922846075,9.436614302241608,29.32872800239215,40.365481395497895,16.08602351236064,41.87231379828031,21.86993876272621,34.41257549460265,24.189911706900332,-4.78530458860064,37.9623136457972,32.40139213673651,40.47709596731586,28.373766875251032,26.137784173339742,41.58604938592351,44.53214090765697,10.273805457484638,23.608541274202647,23.590991520284533,33.316092970892356,27.208027752959097,9.955233895142989,35.13659096587979,9.283946940229232,12.948123981435593,43.344393178774475,33.43431042820272,13.766593886239676,9.79908252487846,22.661908135377416,32.0928639858753,10.661243600344617,31.35556817847979,6.568095977594942,18.768378394644078,17.42926911907145,17.84559228418953,36.47798481658608,43.69905090772448,42.163360881769904,26.77989780806292,42.636861019644954,35.03137346931638,0.43556983164243773,37.506176599040494,-6.26054375179484,32.60349605595532,42.78949106254697,26.37772243649669,36.373342966757136,42.25026897664694,21.857029172782948,9.31143753235123,37.805699395314775,37.36729368649011,35.50631795651808,13.755322212062612,33.131823167849994,37.50473798475691,35.551927308672376,35.71599958800677,31.465837605692943,30.65529674703436,34.413422796206234,22.906394027312356,25.889495710588026,39.536634530541235,38.14799347246672,0.8281470922532413,37.504750071105626,37.20782039586274,20.132392707992796,28.03178447797341,41.10486066859641,27.62300684265694,41.94494833182822,38.93802522513151,4.682097268821764,42.656891374899196,18.066130430276043,40.77397627940552,39.21001438095952,24.195029539352287,24.340725698279712,19.44488206708909,44.38015334146408,37.99883220535835,17.49389858780318,13.883146864588603,20.3539624630732,14.727012739818313,10.388004539724827,37.584940616484396,42.159739357006366,30.442933604441727,33.29658367068196,11.642002667301124,19.4703635435023,38.31810173098302,41.24775109889217
35.53502384116533,39.18964209305058,8.80247719022843,41.231492139727536,40.134199478079346,17.470585645700286,-7.151447563852919,40.561996647735974,30.472412153675872,41.39671385777528,19.00771099478875,12.041643109197643,29.813880494027455,31.492729878222445,23.48888438021998,15.256082858364866,25.409096883940588,35.26725260850088,12.037855141130516,39.93281911325306,30.377875325493278,35.73175957364782,26.909949289604977,30.136480142457742,23.237825490343813,11.373051038413502,24.090660690297657,-12.31481355351412,28.553503174876774,18.654052321004396,14.634530107361948,33.45454802335187,41.615154591437275,29.561507437251812,26.23323341802692,34.907631149748354,25.827701466031904,22.42669604092444,30.23459569753566,34.46388786741668,30.266681566958315,31.12584525076233,34.636140898761795,34.802705679188485,24.197439631971644,15.260301807799351,34.56824497504892,33.336812517662935,18.321663149885033,31.026387442971757,35.318072823209135,25.28182191441535,41.192399879331504,9.86547977921596,37.507904241551465,31.50238523461129,34.191923304751995,41.633621018134484,-7.396457191925381,13.790362747045302,2.65234409598944,9.502303743281642,17.096497614906752,36.95105406262174,30.32605786545118,4.462677300947021,38.416892130357986,32.91464583822779,20.94856653636109,18.54719170253993,24.06701854754773,32.47991290538213,38.81310445638122,31.391863876702836,36.01325798397265,39.54095884861936,36.51185045652171,33.25319434290117,39.80224385597155,25.188829635449732,33.22520538304277,5.762458214960184,41.68402679167037,-10.23144353301776,38.21756158811767,17.138798958573002,-7.465770889758225,2.5581345356033522,4.272950914468373,16.108908470257134,39.51980745954423,12.197558458039241,37.73725914987076,33.6757698642596,36.812758385557906,10.860354640924259,32.651720722048815,-10.250767046097401,36.67725895477715,40.23969495428512,9.051352358417091,28.44887901998012,38.61289354654559,15.769539879002332,40.2670996209844,20.898543517727937,32.95824724379113,23.436266789032558,-4.271590580948391,36.491596554991695,31.18932310972282,38.92828515310647,27.21880739815359,25.121740591475486,39.90371405604096,42.7339105363336,9.824986177022502,22.834552923209863,22.92868521550722,31.81253568534256,26.33064979162667,9.46660799547204,33.95130136072726,8.920533227278483,12.410841572068781,41.526926570292616,32.257784320920976,13.52882872753,9.535547650038017,21.70687726733064,31.164725717882842,10.526942174971927,29.97499783014448,6.267951415103247,17.952882314631363,16.883179524440802,17.21515086908188,35.2329670505626,42.09652373569141,40.568554982358805,25.75629024518974,41.1761349069008,33.470725225207794,0.7068792637312055,35.881329276905674,-5.845084478958454,31.13658312374116,41.209738127144576,25.087599551305146,34.85063157227582,40.56020477324448,21.047653936718298,9.124558441578586,36.34428225901692,36.08221229906409,34.238435550520094,13.18302342277132,31.932247330023767,36.05643143012151,34.040786145137055,34.1399342891552,30.12924072137646,29.534814639236192,32.89036873055858,21.932244292129127,24.941164382395158,38.213642004910135,36.69002283834473,0.806897756714353,35.94848061539177,35.9562700541769,19.358146382343335,26.79807207962788,39.47688851192459,26.515916159446498,40.30513046532759,37.23873004329765,4.775953382375792,40.801439186121264,17.27417072172166,39.51601488531965,37.641592064272615,23.197327234142705,23.459126594283052,18.558772505331003,42.76242281174187,36.69836328251686,16.881591167132907,13.193764162089796,19.58763545396564,14.316568155431018,9.912450795467473,36.118864291158985,40.5705459814491,29.43497294580299,31.912390721190693,11.34882181695403,18.54948454212012,36.957868953574966,39.46846178887964
31.347631895820268,34.06947158856946,7.691694013300711,36.26152068607099,34.96478172311058,15.43353112118389,-5.867242192377766,35.50551209236746,26.8891060282884,36.19160356284833,16.54880944684363,10.785165054953566,25.75686586088794,27.74836582426878,20.841416721396612,13.764810363897386,22.011405797614177,30.97221093727392,10.501729897413739,35.072303764820255,26.393615280720514,31.161820438485254,23.56727218518299,26.245083229846983,20.199855056768648,10.110349679537519,21.063055546270505,-10.397985690730426,24.638449842519886,16.248365331204067,12.790611303088061,28.89676222962235,36.419094263177676,26.212125463926885,23.328747816624666,30.221353053912377,22.415446154773228,20.21825322121014,26.12655829817852,29.72361940424378,26.95814532118414,27.08496639797588,30.32206477683926,30.71681783334942,20.957328048013913,13.538203231723086,29.979576715948202,28.766878614509903,16.057722063966832,26.7284172986193,30.500842600877938,22.154016437750464,35.78316977107356,8.835519809243616,33.03747281280729,27.816866330590123,30.15410178327836,36.21743352011541,-6.56154526701376,12.105595905878822,2.457599697808201,8.515961813385912,14.943755982135626,32.12555374467211,26.35885239191925,3.982896068233079,33.230274685628714,28.656317446083783,18.45757209766666,16.867994215293145,21.48491437700151,28.380887952951422,33.682820317341175,27.1328927196903,31.429231069142183,34.49964672273491,32.066107354684185,29.411967651042666,34.545458817364306,21.72033477514237,28.807592330128095,5.460465652568529,36.65084128406828,-8.86845606889743,33.705367422059695,14.990830571595504,-6.492960542264417,2.4234655889716827,3.887006313366149,14.29160012055729,34.3797663116722,10.908719094307383,32.96768919611341,29.37964322040566,32.17719247491072,9.442414615051739,28.412174799427675,-9.003982208283478,31.796852935273137,35.107732804764396,8.16366079733796,25.01627899905958,33.653430954623566,14.193832933056218,35.13255257510092,17.994983405762095,28.568369591226354,20.48002127064299,-3.1477927908482313,31.89265350965646,27.120981459224456,34.1519063977138,23.548398185838316,21.952236164391778,34.75249555824715,37.29255938954039,8.846164794044647,20.2581803196956,20.57138572571435,27.466526113144123,22.96623091358288,8.598058356900513,29.909410635448317,7.846004321050567,10.951401536782452,36.09501106167717,28.182777882774992,12.351996876228597,8.492198385874845,19.09601204018385,27.532539264088946,9.582855695985483,26.08334357993258,5.430576562636923,15.736645107381555,14.967044242103299,15.294276572838571,30.877630897021756,37.030206993876604,35.351202946160114,22.800303909764644,36.132502537682214,29.133235403257956,1.0424827114446222,31.10223212423917,-4.980156658551911,26.960664097186978,36.10642079858812,21.44538485950418,30.4671744302593,35.20648757132162,18.631525786942646,8.365745050903481,31.917318478288887,31.776904613940143,30.007396482919138,11.828029359317187,27.8076348648784,31.858361721515,29.655791853441478,29.752212334821852,26.314488055080204,25.898645841891348,28.793970898295587,19.118692019368343,21.997950269752476,33.45222637757921,32.040927040001016,0.7975701988910462,31.28239931292407,31.706749626058986,16.88498050256231,23.337426806185135,34.41205487121986,22.940338324773947,35.49362293514525,32.51116912659517,4.443974023495565,35.47949459385897,14.923107865660436,34.77040037806751,32.62468653165632,20.107186908836162,20.754375538041447,16.33708529236253,37.49481153609113,32.472904218288434,14.976372035015384,11.62788695189705,17.16928496453622,12.683388166457817,8.89793043112469,31.785754913619407,35.522634911381346,25.970096541976062,27.635019355740585,10.109120541564089,16.291017619431795,32.59162536212731,34.26208325187303
33.36321143157247,36.54000178477329,8.377468921194728,38.83073902320196,37.606956749836165,16.413230476350318,-6.3537356154549425,38.06219242674007,28.553801122375386,38.738504738470986,17.619832461171423,11.692746672357867,27.739767218417448,29.64901450872853,22.074757668144997,14.097018331811764,23.46392736098707,33.34003767677721,10.902576241749808,37.43535848547225,28.366645385693563,33.13308367010721,25.161356919883673,28.15813942841817,21.762670070328557,10.870237826841917,22.146087331578475,-11.626662237186178,26.43689089838867,17.586348615910364,13.52635264396797,30.96538308698449,38.858427728482255,27.815619146689013,24.91526933571443,32.58166741736784,24.01982688995465,21.18738243503068,28.193599818533645,32.025393479731456,28.664643800323994,29.17735176479727,32.370844538593836,32.935582077723225,22.667407957708004,14.395139858686145,32.339526450872995,30.94753744365146,16.92296169289474,28.998261333624175,32.953880894160434,23.617054896093226,38.32494301652772,9.388172267387095,35.355129774814415,29.489456404733584,32.37955755448069,38.99703681127875,-7.032006462429452,12.9246669172082,2.297251675494555,8.952006209107532,15.426448741826315,34.48727723716701,28.344425239238635,4.244425334771368,35.68516044473173,30.836529958283354,19.676927078915412,17.734680119901014,22.95845623550882,30.312072944338865,35.98447508730498,29.152019178674603,33.87196714437681,36.989453053301624,34.368669333670816,31.51705224321469,36.9667062077163,23.434996858654035,30.793348763826117,5.678035092041382,39.33247608486692,-9.609116668436494,36.14814902138983,15.54965501648425,-6.939978109807021,2.389444206995204,3.9535069861586707,15.258257888984012,36.885240459383546,11.763467448272333,35.515275902661905,31.243678373288482,34.633157516186294,10.200144054476361,30.711628305267954,-9.766919625724006,34.22865162762062,37.6856736664565,8.515011084245952,26.57224341158555,36.187610998798064,14.909933869878834,37.69614987315642,19.45849602034646,30.686295206354156,21.572223642075706,-3.6557514261996857,34.19686393640406,29.009392295367494,36.61887290867804,25.26820358213221,23.59661235732701,37.38903574958441,40.08949299132431,9.193554142627576,21.518191200727234,21.54708013870555,29.551908465096695,24.14204563247383,9.112962174947446,32.075620977914056,8.566979814302343,11.538528332732783,38.880503169644705,29.81740486784384,12.736906329372573,8.854710339181546,20.519976786690325,29.428554161100823,10.033829920737892,28.04519219927683,5.911326131643079,16.486811358980482,15.951211817966714,16.2251929030628,33.00914817005825,39.713637559913074,37.74525391223097,24.29115405989082,38.672802535346165,31.447099930877428,0.7954181144081047,33.47983883005059,-5.468175690747588,29.074329543887654,38.46147955129719,23.441171400593966,32.7303845129343,37.958199524678356,19.538647459681048,9.048944283118185,34.31736527652031,33.908411238999854,32.30444422398821,12.560981125358577,29.566770360024886,34.173227929799225,32.012246169596715,32.08141170152921,28.464112046723802,27.58594980936739,30.915338940232846,20.27144405782772,23.607939521335762,35.87142947843992,34.31838962081285,0.6930941253408105,33.69168331538676,33.98028907988359,17.57431374113573,25.127801975034185,36.90980620486787,24.518076900998633,37.978980058449984,34.8733365356056,4.475067028429787,38.20996017414001,16.15954464243788,37.21008132384179,34.91799371202654,21.420216387830987,22.220747869633545,17.335597956429186,40.328749964204945,34.788612244884,16.04294033102636,12.286232195422752,18.317520671812613,13.401694485439897,9.303051432342034,34.037011134190735,38.083882315655494,27.816807758778204,29.844948788903036,10.677808941356016,17.266808016817727,34.9592140617332,36.89074644292422
32.61194821345661,35.81889179841742,7.999522493068061,37.85954430934573,36.5663647586282,16.079389835910394,-6.257970859430906,37.06082240699135,28.008153868564584,37.83686711345795,17.21142342964344,11.283305903792483,27.14331330740856,28.965875217636174,21.73661995753968,14.099452766357745,23.093426324062342,32.345117142211826,11.060320640328639,36.667711758608036,27.77551525015469,32.5915567094827,24.589460741726572,27.60503296355452,21.2946541610299,10.424131928271947,22.01483457352605,-11.037888511647242,25.88107891395375,17.131600175405282,13.431444765561025,30.38142455419926,38.04638234820936,27.297275807378618,24.16241021870261,31.68360670348681,23.583341655522943,20.74345654046842,27.38111094896637,31.271864245612207,27.82209943992846,28.462602185048283,31.736906057280585,32.03227098556976,22.006327761393017,13.955773685648165,31.408467735521022,30.280825826977164,16.796904177479924,28.120403042111136,32.02478093125335,23.242491500844082,37.54914333058768,9.117973202815547,34.461165596904216,28.81438606274613,31.398838620040035,37.92223457527341,-6.662974787136359,12.795834711041778,2.53207198948885,8.984849673475582,15.529071653185724,33.65956707332299,27.756569679835984,4.161651502944475,34.91558130386208,30.12660647005221,19.380771007762114,17.330439093122415,22.334497187694552,29.818784205189363,35.29455961351038,28.512692105875182,32.8741209523718,36.15431719719467,33.45005650628709,30.61951540247083,36.16524886732579,23.010235998791917,30.262886193748713,5.558651567720166,38.23301546516174,-9.283236223067538,35.11086307576536,15.72477773685628,-6.809635133584365,2.465187971488045,3.975759079324709,14.857453263386285,36.12228831272797,11.344240981459524,34.411366550300535,30.760816235385658,33.61213096290696,9.919290157816064,29.869787999957538,-9.2792427682458,33.356675810646394,36.687478134899976,8.506578239437959,26.147848046058098,35.15241933059049,14.67445630519361,36.82153846172402,19.022395918504717,29.90805971758261,21.458123756716898,-3.54620766884197,33.43992734366045,28.532764367725523,35.626360718788355,24.80189218504273,22.901167994916484,36.363618412438115,39.00902207477635,9.016685351537378,21.107223840557687,21.223948871669688,28.85076955956899,24.0222530160023,8.760003780256893,31.271136881488673,8.20093066803115,11.319573476971868,37.8098077768067,29.420301280036487,12.586305341672249,8.882400164603032,19.8574736371907,28.74326956628342,9.917419598665969,27.239806546019235,5.696024096759071,16.330590835452846,15.754146394120568,15.91953037033801,32.310950007766934,38.60265325837296,37.03034085968929,23.697707287640426,37.69217919419575,30.56113268640545,0.9009516019870168,32.578203939883494,-5.190130813079034,28.315060804209878,37.676402868954945,22.68455901985269,31.79452917753938,36.98196453338635,19.3402582664475,8.677185105893804,33.25323255127852,33.04547035548741,31.40908988547489,12.333311761150904,29.07709444996318,33.07117357487581,31.01362605840996,31.085645281612464,27.567623112633786,26.96369396372036,30.007420678606536,20.010073917441204,22.991768104702615,34.964589629864605,33.6190101592074,0.8863656908916685,32.77343035835665,33.0279896915159,17.567204172131827,24.439750894744186,36.04757256182218,24.081682514138468,36.922344334294195,33.93700512280788,4.571403957570427,37.15794775300175,15.79430860574329,36.29089235515426,34.205931840492916,21.114107135418045,21.460882500856233,16.90468132606305,39.17646653324831,33.73233417800138,15.592169416734482,12.026163532145029,18.117607727266208,13.359736288241443,9.22798146138012,33.14970633868358,37.10519217601022,27.064623311021208,29.055929112932322,10.435306577361231,17.033774172892073,33.86457470648954,35.8908884660775
30.612441268560865,33.29919849422359,7.3700241851725155,35.477422651789865,33.94073459414039,15.052740763258544,-5.514875383410558,34.488830063777954,26.228483315291186,35.25375866230289,15.879252131352834,10.778186829080807,25.083810650361453,27.131768936549314,20.40510144931687,13.422358469965022,21.29334109446681,30.230455114263506,10.180804613633363,34.33017293066358,25.780315753032504,30.383751305398082,22.849211489832577,25.656043031530576,19.84222527201505,9.911613960541505,20.497756138669512,-9.956402514684065,23.797522707395327,15.991062624532246,12.462219889364286,28.04021363991562,35.44994482182964,25.72353006083768,22.88545226715421,29.299764912927976,21.893234055731487,19.7931668973565,25.20830881368635,28.84618646006005,26.27794711422232,26.539175553106034,29.55595969270296,30.11831119123242,20.318591826201725,12.99036164821085,29.00131482004184,27.977918822734384,15.643593216836654,25.92869563461107,29.58622286100327,21.691635155140048,34.88892574641132,8.556369285262004,32.39814378173222,27.02658314526564,29.54191325228795,35.21580342443423,-6.291452267490974,12.05564075526634,2.4265263544772147,8.357445655565733,14.478414515234508,31.217952054758786,25.834503037736905,4.030381327283477,32.29699129521847,28.04171590424076,18.11116988769875,16.59660888447809,21.164688963620627,27.729387382285307,32.75618269502271,26.488395806460705,30.61358157851212,33.6574536785517,31.35401502685128,28.802463489011238,33.53806016005521,21.244923354032878,28.067163055921817,5.461813172959085,35.73323083371171,-8.580344927690634,32.97246988316552,14.646270539787768,-6.305972374475935,2.264358882394882,3.635733229994214,13.943647737231329,33.62965598175996,10.801936494135791,32.03803562723292,28.61726128887991,31.23494107208094,9.2834618914419,27.83189312063835,-8.776242676604653,30.858921303697123,34.06802561055691,8.034678378716546,24.510737355151257,32.607842462162786,13.930814641797614,34.298985183693404,17.529726258243695,27.657311444304852,20.056051026959075,-2.8126034154290895,31.15145746270083,26.563117904478325,33.26997978842408,22.925015280179036,21.33438471970653,33.81012547931392,36.25925048416253,8.442916315561828,19.921474342196454,20.078947800358502,26.642095544190898,22.42398092701489,8.311074747334354,29.366058561823685,7.65327331493824,10.505881622065052,35.080093511279905,27.464993492710562,12.102657835210696,8.28786874282441,18.624477552226953,27.077584276314795,9.639977591247442,25.260218922363507,5.281061650217895,15.199665027002883,14.800263339843294,14.969807466363829,30.25169775209831,36.11591626599727,34.42869377856479,22.228977123869832,35.29858481790267,28.316158329014804,1.2862629188922228,30.17077918054796,-4.637925655345363,26.16805470635407,35.12096608214727,20.805041774310887,29.63239885357595,34.321449052197565,18.11392368973876,8.453986574991086,31.029487311300826,31.006433022706087,29.391457932560677,11.537859527818974,27.117842084135926,31.032681419551345,28.80183168940499,28.868676172434455,25.702228047388406,25.26994943904099,27.896853600436085,18.51200347565612,21.50366075522256,32.71732429948269,31.302290919832352,0.8425270410538274,30.421283383692593,30.97253243691412,16.286981674859824,22.645135213125894,33.50595161004929,22.223419674968504,34.50962199957957,31.5043192743381,4.584037217203283,34.445009136490384,14.67909941814604,34.1018324162451,31.691906407550675,19.539550577932282,20.143203523130527,15.742329082200264,36.64785885200606,31.72879377801737,14.755808486526586,11.15503053805582,16.879081937855236,12.567828239711487,8.552730951382504,30.989189430234795,34.62250707151258,25.430212206593996,26.960706853310814,9.908777478520037,15.748442099182322,31.761698369936973,33.22903654071558
33.71850766711448,37.37416935607604,8.314037513960862,39.24193442872858,38.17995311663766,16.6418242459873,-6.710996062050732,38.50031396866583,28.966218129331057,39.419821488968736,17.89313367015457,11.67890230363535,28.534485417456548,29.979644637935266,22.41962519500663,14.271587568851267,24.1989458329718,33.59742082486817,11.394964121007963,38.11145731344853,28.986930188088312,33.9794380094318,25.43587034336946,28.951883793609067,22.22255417003456,10.902144827952016,22.80818272543864,-11.737524984199085,27.155641471816615,17.967092928751473,13.930950438434442,31.88596526535925,39.51270434189695,28.18240336280662,24.897518497047393,33.20241469764471,24.67015791709974,21.153007382835707,28.74807121517871,32.861501087865925,28.644531407549017,29.836041405927684,32.829123258536036,33.17866245770285,23.151505920519543,14.286775419620142,32.87120992206575,31.76178825399236,17.491937762026293,29.582849180388337,33.62229411148861,24.24237976396993,39.22279678138723,9.325421061792493,35.69239332581218,29.79322620418086,32.55915348409893,39.62218082889454,-7.091767503601295,13.281337681234097,2.4070590554278954,9.03686507589684,16.119258089440866,35.18740688697586,29.09737078128956,4.351780278232572,36.6104006121204,31.57552024966702,19.90026399494402,17.609584372886598,22.93344889079749,30.921932445660996,36.91182985975617,29.898373135711978,34.31955828164882,37.640068223334865,34.738571281395465,31.613559156379374,37.81096870975349,24.21925269594668,31.6974025246093,5.534342149729357,39.67041100807016,-9.70878306260291,36.35264029461178,16.270860043479306,-7.0830224624707645,2.353211184761541,3.8950045596071012,15.390897326183678,37.68787766364281,11.635244940343403,35.908468155664885,31.98538272744678,34.974483881266934,10.370411824676427,31.254055289905978,-9.793175261344274,34.96199291337293,38.26952005244656,8.600310645878338,27.0236747113454,36.65524366410242,14.925589856003198,38.359603850262054,19.97972942005404,31.34482801104536,22.282731342284972,-4.05112196587194,34.72732243990038,29.876073813800307,37.05171670986539,26.035684197228,23.931591667727183,37.93576506323602,40.631452809079825,9.147167621811674,21.810132721272982,21.7387736741164,30.31404254377603,24.99254580715201,8.93999727633605,32.42095187633379,8.509036290252995,11.59582087396036,39.54379967284698,30.64353217909591,12.657464228886857,8.97065095488925,20.786694425488875,29.666295506325213,10.184786859065639,28.46478860952444,6.0479463857627875,16.935532487739096,16.178380751847993,16.47599594318087,33.53756920480664,40.00126141665193,38.60136855582458,24.435836706865917,39.1342649898403,31.946628151452916,0.6746366960534277,34.182393872778256,-5.436820483516942,29.67990291998075,39.07340494306214,23.978215621839134,33.16779680581773,38.661667106590826,19.884140363045503,8.895760759602362,34.47432551896958,34.21088301709229,32.74237818564488,12.665397234604873,30.35138909175998,34.228589015806804,32.39107523165393,32.458173828463686,28.819221203889576,28.091773602922196,31.270534631898357,20.87357148708454,23.783490890193573,36.28988228033921,35.01430707975096,0.7814762638769955,34.23452468197173,34.158635991607746,18.207300081532047,25.55986493607806,37.62371121241998,25.224463269336706,38.232600764179196,35.39937517072638,4.614602312155178,38.85863448456079,16.62226015946875,37.593426913967456,35.79078375050432,22.159528265782647,22.083619869752773,17.576783399292996,40.72107405627576,34.837765447395135,16.222614056775303,12.413332437877886,18.74764338740694,13.525796307232199,9.18210825082584,34.42879093853257,38.60153698485397,27.966545687894858,30.500892302336837,10.820205895611567,17.55180581947043,35.04551008746197,37.56066181373744
36.59400618439855,40.37643629173519,8.889432124692538,42.385676860017796,41.13357753989656,17.86528204263302,-7.378442812996809,41.56984668228631,31.3144233125212,42.49250081062951,19.311222512312828,12.409934830052531,30.61894771269842,32.41675946882546,24.139334588468586,15.754117152728314,26.00271398596973,36.29412946908714,12.23658410462519,41.11981545249068,31.121766195415397,36.728055624044146,27.591703813014206,31.072216299062937,23.953468580091034,11.526000549143118,24.565737158039262,-12.678172637125659,29.199383738287434,19.190652709248237,14.82791074880132,34.32464081943761,42.82398311866081,30.439595604233137,26.861808245025404,35.62435908187348,26.451360720600345,23.154073116959285,30.90937391259469,35.292606365010755,31.216044988799904,32.06502115233149,35.451580101433656,35.76782384460677,24.751434701556576,15.61904651941125,35.400458833785855,34.1209482026637,18.806028992264153,31.713556232516574,36.06623527318588,26.001853187432637,42.20461391367925,9.942261116527877,38.595635207415626,32.28857379675718,35.15909075613055,42.656761292572845,-7.543414263533805,14.185516781589522,2.546601971345984,9.711915713841028,17.458466219766585,37.942695384592135,31.189069361391812,4.608277345826965,39.320145766279055,33.92891731823522,21.601338229019138,19.201251217935784,24.794176802399047,33.35176184483913,39.71112849798172,32.05199587292162,36.92562572059696,40.6203008037242,37.60605227540816,34.37017047775422,40.76446762094256,25.81368596287499,34.12621960443349,5.831657062325206,42.901129112765915,-10.355482870942446,39.315339751972296,17.667182372193388,-7.450953055281478,2.515655651082234,4.387959523215983,16.431228963325648,40.53605823248211,12.500929362922069,38.732083975739876,34.4267879199063,37.743000885754746,11.006679615035596,33.623631109888386,-10.581887026289461,37.52260437967207,41.2781446442578,9.199619994967932,29.38848961006943,39.6004396156785,16.375841044483156,41.31379705728305,21.358355930640293,33.77109990912633,24.13859196415521,-4.318570007325756,37.5102137556569,32.108239340493014,40.03768646031187,27.85936107462813,25.77708331605582,40.75300456058523,43.871145033747744,10.068821688688327,23.516188309933522,23.634347960515207,32.46073204143405,26.954617955666418,9.708437999543223,35.037690816626345,9.182886382975182,12.516309226272234,42.59395721122463,33.114147225556074,13.907521002330762,9.629846737764735,22.36798824884351,32.121972298434024,10.996216571741854,30.602145027074897,6.3274241861703,18.241266661581,17.246499893618203,17.63741659923594,36.27478080698629,43.27961643621252,41.625151936535126,26.44741558168716,42.37755724711936,34.36532152148016,0.7510642583328112,36.70636916142948,-6.010375702643821,31.878119198395478,42.31187413087008,25.622627709566533,35.69927912717485,41.580269711557506,21.789513806272268,9.436823918804118,37.347769124980736,37.0568082014956,35.16305533425292,13.584442248631678,32.73954255057593,37.0997755191952,34.81456153179179,34.99578366695334,31.005294206961075,30.4171439543821,33.66133773498535,22.52655563912606,25.93235586991846,39.13642516583445,37.774107126711954,1.1003569949455876,36.81718484795303,36.974133853952154,19.776406821046237,27.53105571138666,40.46097210130338,27.16990369848181,41.435025400013764,38.2862920365648,4.902514518196627,41.85085670281766,17.695533292597464,40.62492253323111,38.5374192657646,23.759600216144282,24.21011979385684,19.009419588897895,43.87873791216512,37.749529800797355,17.376338483743364,13.553763968508914,20.197110353179156,14.754235310966827,9.997957019083456,37.3172073158528,41.73524071492064,30.41824191223718,32.75219581987537,11.485871948746755,18.96613672043198,37.98465066642831,40.41890637348706
32.89000343344914,36.187114009720375,8.117156315297429,38.12062545148295,36.99483609217499,16.272793790816138,-6.601553418090293,37.39242030253124,28.357463829375334,38.361826084437915,17.616723429708387,11.184548962328854,27.53528761995757,29.134196431085122,21.935391057685727,14.425296773516136,23.576965921025675,32.4554184640522,11.263069934448625,37.107045363459555,27.941901432042787,33.161285632690046,24.807287850084258,27.995683008972886,21.36699245785743,10.69461932962111,22.47566612814585,-10.974741921382671,26.413795751280798,17.327834999988035,13.509511716851435,30.953835376260365,38.47072295449316,27.492176833687427,24.276487881944544,32.15794749964698,23.91922101501278,20.995483471032138,27.840642899414657,31.770494263376374,28.02858694472367,28.749814901099732,31.9528981568562,32.221267804610385,22.385501220523228,14.127187784866498,31.740058694186647,30.693939756970753,17.042149768891534,28.487681147166057,32.48367449405788,23.554600286369762,38.051923723774365,9.173505386465381,34.627193576265384,29.22827270910735,31.563103607293375,38.35554998443312,-6.883433839677409,12.926053795684671,2.6356537152623885,8.910142081503771,16.140782866143645,34.109776124561016,28.0218949499189,4.12372900648607,35.47166183497492,30.531181335567325,19.30417887857515,17.375575019156155,22.310318052276383,30.05578262144413,35.94039935392753,28.92367632929395,33.1303107515229,36.46638304849554,33.697369656852885,30.5905750704379,36.82663473104658,23.26681887448429,30.828914735366094,5.516777774656429,38.47416174180474,-9.383596629885844,35.234133994140144,16.151349827451472,-6.864720364863469,2.4650253896387038,3.95284049521396,15.01445036732762,36.45353912604988,11.3085805243147,34.785631244490645,31.220241627521556,33.89480197172241,10.21594417183332,30.01880556168517,-9.54857037143073,33.87768401563799,37.15642089383069,8.420590479631628,26.35315925488987,35.53732627509153,14.672954964680539,37.1555667616245,19.226118195675866,30.46047345104658,21.895610201382485,-3.687805759713994,33.618899548469706,28.983150083985283,35.9234854505304,25.261657911487262,23.248638506051464,36.75898611852022,39.341564204044936,9.088323660864013,21.225609217394364,21.453680186154667,29.375105203220585,24.614813971422453,8.842392457325952,31.289960508049525,8.2992124125501,11.424957515797264,38.23909877180153,30.031750110462937,12.76746576394092,8.841347441199451,20.156039268342166,28.800448961339217,10.02305174901413,27.630980567185336,5.726924904789344,16.87147077027292,15.688418147379394,16.037061369985228,32.524043564110194,38.781004447558594,37.57448823011696,23.85869351937365,38.021188475385394,30.85224763143284,0.9013910706167708,33.10524803774444,-5.153204975272035,28.75817417914169,38.118569502752116,22.874024847942906,32.189785069195864,37.31871045952315,19.666240443567343,8.541472617531024,33.377967976079645,33.31433336677985,31.577832262842563,12.2856590437943,29.633876251505402,33.27270249770238,31.312916175950534,31.412351452823426,27.68314641971678,27.38898809587973,30.41650190153769,20.35407782908531,22.995524243961345,35.170434172257764,33.96120970398509,0.7725236281623334,33.11792966268171,33.100704986555776,18.161573627235065,24.689317591424025,36.48534467622226,24.552251236277876,37.18355211497029,34.38746448587305,4.73479230402911,37.56432890659572,15.953875666502961,36.457476294599225,34.76945051176694,21.64007664665444,21.461812351877736,17.371745037977508,39.380287614967145,33.79645636931606,15.698848193892788,12.313506556946237,18.233241076878834,13.269084046954742,9.143586438232836,33.42344294008165,37.38689460376098,27.114007571356964,29.452087271982116,10.68876615166109,17.151642349716578,34.000035148027386,36.34881963445206
34.277514812425046,37.597865471657826,8.477451169976822,39.73850836572708,38.61970087608526,16.857698247039032,-6.799420703657794,39.028156975068974,29.32251880234617,39.83858207597208,18.27707239509474,11.59274557909138,28.59191661561681,30.293044696329957,22.715043353618608,14.81928639261427,24.41098060662162,33.97190352263835,11.5986795552857,38.450085650499744,29.217776654450685,34.27950712710026,25.946130839852525,28.98385261277722,22.205408851025496,11.00731027078973,23.217766524666345,-11.819203128320265,27.41211008413447,17.973189465321727,14.045436561135883,32.05232402906141,40.00818198527455,28.549660794375566,25.310997771302187,33.528959965712495,24.796420706316837,21.722927656424368,29.04889829295676,33.0542851989838,29.316458996484396,29.90437900829529,33.33444517135547,33.575697390251285,23.278650227653735,14.838628920488652,33.22464153523917,31.996055154903253,17.711038297529743,29.729788232769224,33.95878713217988,24.337161606080382,39.58990890066573,9.597047823097261,36.11478094316131,30.39709463607233,32.960853336524806,40.07306917130707,-7.061365099127149,13.222796347472206,2.661012649911454,9.140943218367887,16.495063025528115,35.50612928023416,29.043288435276267,4.2370195478526025,36.89644831531734,31.65089745110904,20.102985598091173,17.98096074788856,23.253186297004564,31.258109434943044,37.257174222530296,30.01489556209262,34.72404658425441,38.04680378174141,35.09621746846673,32.054080742504794,38.24078828903162,24.105052623702797,31.842329071358964,5.595688637131219,40.21113832010567,-9.675061666471864,36.8182509273654,16.474703452580098,-7.094778792958014,2.4944451070005016,4.200441263491365,15.596293025229603,37.91563579607004,11.770426933421229,36.31832696308906,32.38987733900795,35.450649737797555,10.482478058035264,31.303318720539107,-9.765744225709469,35.213558378689704,38.71988866388029,9.04550006822976,27.287555188015148,37.13353358187209,15.202702084873982,38.72837862062023,20.056278768933613,31.69714598700919,22.531909858294394,-4.003213745481444,35.09567083863055,29.928658673045184,37.5678746068491,26.145408548979457,24.23335412112664,38.40544171432577,41.0994242163213,9.552258371621418,22.07870876387871,22.230401422572207,30.479558976489265,25.284380244634363,9.298763078024322,32.685537219370495,8.613950858632997,11.989529854147126,39.92673416992701,31.010081642352993,13.13405621771625,9.268424744851899,20.966888373463192,30.019265134101474,10.191823436272962,28.841467041004254,6.0295015167958,17.292438248182886,16.241930305370104,16.631972239875044,33.892799938526416,40.554527709120755,39.004432786802646,24.91834392756286,39.6020505888094,32.164989666498805,0.7030478477435622,34.49940896646844,-5.66826835716465,29.9721782396085,39.689578855726566,23.993464774282415,33.563269022145654,38.953865843802106,20.318563487706182,8.888810580585616,35.01073214690821,34.832611891590126,32.92272856711081,12.744686739195142,30.676067296854583,34.80137895656359,32.78448359177993,32.85377098280041,28.964615165371278,28.49075394911118,31.697420093616586,21.088027660091544,23.998511983227836,36.74172696590161,35.306337542288794,0.905739018343446,34.64052229912152,34.6710630670618,18.589882483306464,25.80827326792495,38.0109640067267,25.496409699161607,38.88796588281231,35.8434775374578,4.617524004380931,39.22795892763472,16.4963251660957,38.041709963823706,36.18102973595728,22.197540512941647,22.58356173001818,17.88567243226741,41.205852687733085,35.43931953609677,16.246357504558556,12.724311863891968,18.831239501144204,13.765249609083352,9.617977125429277,34.81164900918683,39.04604675812379,28.364574909887338,30.590344844234462,10.997542984155054,17.905364261202745,35.683539180433904,37.96723224163459
35.47307981321529,39.089926132999096,8.857768138582125,41.07229348503595,40.211970221615516,17.48784856740224,-7.302149269216523,40.58130668012208,30.425232586682753,41.424429925029294,19.238553429440326,11.851618433900361,29.845128943798816,31.383414795896826,23.48460392683708,15.367388013309423,25.54534618431215,35.13152513658558,12.138486339417872,39.84251466974312,30.382832642349943,35.769582982251315,26.95659880603171,30.18061841229645,23.124256485653916,11.488289951683276,24.173730399328253,-12.358408240440122,28.74182534223295,18.591286215700542,14.60074833497302,33.58278487460815,41.598718680931306,29.439819672756446,26.113296036660216,34.971775985280004,25.807642189102946,22.38335918069089,30.42262074542287,34.540650983725655,30.23368595559485,31.06572543755525,34.5667975552296,34.64082502346886,24.386508092230393,15.382911482002081,34.67905007447831,33.377639696424836,18.418591726208973,31.053161009030248,35.3897536037668,25.22223821448763,41.200447801878134,9.832465141373413,37.280785912192854,31.562105205661194,34.07908725231126,41.66850996697145,-7.472004374140395,13.735699769271351,2.7527646146474494,9.477259475865427,17.308723571232104,37.048677148189384,30.204076761204174,4.309129778777119,38.49296838593265,32.89405606349416,20.846213647183728,18.41908908327103,23.85262821726047,32.42566005383901,38.9209848803037,31.406456673799852,35.99031513276595,39.49635999117469,36.347515419304756,33.01008704805504,39.915694985874815,25.12820386956,33.31445365717987,5.670864989333816,41.59702187814737,-10.195895098691508,38.06476998754395,17.24825906048193,-7.476801329363757,2.677957810698712,4.370538508731543,16.20549193810001,39.447548190630336,12.035768007780344,37.76957027267592,33.733862810384274,36.818125668489756,10.957303114030562,32.50310884262411,-10.298016496353009,36.76948357881963,40.32264048276838,9.163356796158348,28.295933770938035,38.679709360306056,15.662647539855548,40.20180043050478,20.972090438657727,33.075209269499354,23.449526438671374,-4.456230808378563,36.39541803608271,31.16666353148415,38.881796549383736,27.28941257206769,25.21621603163181,39.92191374649686,42.724723772436896,9.981294473208841,22.78109015154517,22.92879523221791,31.94315548957544,26.424461060629234,9.519944492786891,33.748932010944614,8.978611815211508,12.491953778245383,41.552733362145624,32.372904919069434,13.533746522396276,9.556230539781927,21.829923454586105,30.943054904406015,10.379506701558551,30.10444126179075,6.373835212656536,18.15617480594159,16.792107214898827,17.186971080031192,35.07913401894491,41.95640422665517,40.61722395071168,25.75531360741005,41.0432312285611,33.49365558405044,0.572652384687286,35.998477441832605,-5.928321339302878,31.250276133377774,41.231640377741165,25.10962699866572,34.905542432662585,40.49725514111461,21.13592047283282,8.925411522694962,36.2569541016219,36.05495858054837,34.09703134518261,13.180262201740806,32.04044173680796,35.99864722645524,34.092546973607384,34.19235857383022,30.066865669659823,29.602059010731903,33.01190017460507,22.058399608876087,24.798346317688686,38.055008028968906,36.674493736492835,0.8040236427633861,35.980184076460255,35.784059096056595,19.582859892833163,26.897305763398005,39.4968509458787,26.59968292579009,40.286493650377764,37.33065447493289,4.650488888074672,40.85594273082688,17.27289372029662,39.279186143567365,37.74346805858062,23.260561403890982,23.391366150978364,18.746305677630218,42.61664058406655,36.54812808701051,16.88593641224571,13.326678324203318,19.532065279097285,14.180168818794305,9.963919468259554,36.07604057794428,40.519499760438904,29.2721335965714,31.904678793341137,11.32787970839241,18.63923540148047,36.83745002775921,39.55435078491441
34.449621612963355,38.036822372464826,8.535061530862263,39.988720922563935,38.94832386536374,16.890741894157806,-7.0074631074794045,39.3418320853183,29.527583955017807,40.17807117426672,18.4107151901882,11.7860606309015,28.926567128288024,30.556300431385797,22.749493753886522,14.68392415769401,24.613018002964285,34.18061333072877,11.542606485001356,38.76944727102308,29.4516150208719,34.608136381905744,26.038918900063187,29.299751468585686,22.51167905167277,10.970865248585644,23.28676800070863,-11.99142862112239,27.751237479719183,18.268654861851186,14.000512275446479,32.460461967719226,40.37719660303644,28.578908741555825,25.34252915110362,33.84824724018752,24.970461506083844,21.731062502343587,29.39445215629977,33.46592900373818,29.38065790013463,30.176824948269772,33.564416393550296,33.71066408387591,23.472361044863106,14.771918883383742,33.56863371965643,32.31067236583244,17.771846682521126,30.104573111962583,34.26654540001579,24.543408813524316,39.920759500228186,9.568991082928092,36.30919562339962,30.533919398562354,33.11233476967733,40.42063569830412,-7.1035191584494335,13.392884913814331,2.513360376979002,9.070591706961187,16.46946108327629,35.897333907971166,29.377564638250806,4.279645983469309,37.27591219612225,32.01544845683411,20.182756328374367,17.938406400558545,23.317985735916125,31.48422533090946,37.574761680796996,30.31997061223318,34.94963062488997,38.31293585124571,35.357688686185654,32.249473082136866,38.62391549812341,24.402646673480614,32.25107234904785,5.531631932559539,40.47795496968483,-9.869496625905533,37.03641233334986,16.526057397767268,-7.174092971369745,2.3918632499530537,4.111734595705869,15.661408478334831,38.24541212358837,11.87149285699362,36.64069874507344,32.62363864858413,35.72659728248813,10.470390632437349,31.651131785543207,-10.034389571795522,35.60834877067981,39.10861877031205,8.762708993907156,27.559744439010508,37.50423739753763,15.192368428140789,39.02065223939684,20.266065635458244,32.04666620461024,22.620829554646804,-4.156414205282017,35.33239104479744,30.251910272077772,37.77578214220113,26.40158192186061,24.43035661222604,38.66712611716223,41.473880163630874,9.477476449824396,22.103587275034332,22.212323711446093,30.836568633133403,25.443300565467602,9.206060466303851,32.87655696636362,8.69289935717093,11.950866184985797,40.326149722397375,31.245948684459538,13.006729559821991,9.137622095803096,21.17958602719576,30.157921284940688,10.260878797056398,29.025627818834906,5.999998582610052,17.384238869292105,16.249826977454163,16.672267703251073,34.10884404389185,40.85213286913815,39.317000086573564,25.00574942565601,39.886471118464755,32.56440816085469,0.5963072858645705,34.810120722280146,-5.692709981176193,30.243890244621706,39.96176514469104,24.336710485288087,33.80133514795299,39.32182547395907,20.381922388878642,8.968224966195118,35.25250965302052,34.93386345681155,33.18755873255847,12.79021599374136,30.921326724624205,35.0091048572833,32.994033306937276,33.15426802039487,29.210244377227447,28.603076910154044,31.925248240334113,21.279330065058478,24.297616386053647,36.95593516518548,35.615857041871315,0.8766853459211817,34.950777076672445,34.81888558711351,18.699289291697248,26.029600208906057,38.3246644809282,25.689065658468564,39.12685846532727,36.20807727392498,4.58707306437524,39.608139090807036,16.719355755998688,38.256626630774086,36.46828771678443,22.505185853086182,22.717788383043064,17.993083873495458,41.46859355041261,35.587162861449265,16.291530341363096,12.773216899377555,18.969345334857895,13.78144167401013,9.47301775204729,35.157127435153576,39.31094349492099,28.523131488913034,30.988537480325416,10.926891000630114,17.964521770289902,35.83581455737014,38.33141024195578
33.05562063472922,36.46598079790689,8.037852956103327,38.479154102511195,37.29677130763138,16.293105986251543,-6.498379466211738,37.74409847759844,28.43744814505789,38.59402530548533,17.589891028934293,11.462667005649497,27.717975895821095,29.349080028432063,22.017322172887745,14.175995253697325,23.516756926358205,32.803816400476265,11.121231966873054,37.32540281234629,28.249873632446402,33.236905257572914,24.90407177256952,28.084257081413742,21.47984957526558,10.686663195063602,22.408360967147484,-11.237982392221264,26.524830728612983,17.634305525197565,13.615655524288456,31.049209469088744,38.6936100203746,27.60593354615703,24.484765804389728,32.493668963231144,23.95762658880906,21.010139449429044,28.041044635079352,32.04685588030643,28.167980160808547,28.9348153465082,32.26174284431934,32.571314149383,22.521628540166464,14.211683228676936,32.04152501398184,30.970068831492206,17.06250448257175,28.834195818524552,32.86521504876624,23.630852170372467,38.3556155129671,9.271962630030684,34.91632639828225,29.307255985304664,31.857940872781455,38.789807532250066,-6.825363893895671,13.059550125416129,2.49570181181996,8.825391980903643,15.872513294929028,34.34071921441832,28.184748650544606,4.206925095489024,35.769920107003635,30.71394135801695,19.408715158536978,17.31762537245784,22.541280424613756,30.255118318002193,36.09523103205167,29.148337117991797,33.514292228772995,36.72083391244143,33.973251633602864,30.914655156220025,37.043136477356676,23.46038291520908,30.928411882774753,5.440604856333033,38.83856879427299,-9.362145395478587,35.63864232515535,15.905696798758251,-6.813439344480319,2.3145301690053235,3.8908751940836748,15.09625408222008,36.753473662076715,11.62278715794355,35.10225060635276,31.388800634154713,34.257245373544194,10.241462247946815,30.313553287016408,-9.451554116455451,34.13797053106313,37.4354716093755,8.617448016856043,26.45369119061752,35.85271114178879,14.703784423743754,37.47675563302272,19.431671736175513,30.69505765073768,21.781170161443907,-3.659646269966322,33.8482485719716,29.036769214737085,36.25225877998116,25.356641310149687,23.443447400357588,37.15033781943922,39.71542284897035,9.022562830592152,21.35911990725648,21.34944893492342,29.558308615791788,24.520947604468493,8.766757523646993,31.546391991534694,8.407753727424883,11.488269243027009,38.61192833728922,29.99238003277653,12.643852660064631,8.883243075518044,20.31397256855454,29.0967251406558,10.093126499067665,27.784591437981074,5.7941516164293665,16.816617673423988,15.799864097574286,16.132789270919986,32.760467009075725,39.22728918977561,37.72358289407438,23.98245461341309,38.307812236893206,31.214778783358643,0.8620887541923323,33.40008935126805,-5.207926654907763,28.973843201007437,38.35483804455742,23.204563417058814,32.45845592146641,37.74451010092016,19.520580136368846,8.802618386625731,33.775339142566764,33.558225830524925,31.970845587299976,12.437720112124298,29.675193205566693,33.587560700306625,31.65900819237761,31.722187559914044,27.9770760400021,27.438923219373777,30.596379652336758,20.274431016692898,23.241107268671403,35.56499924489098,34.15289030603253,0.8675777105462223,33.477896920362404,33.50384555426806,17.933121967564063,24.887469889893808,36.79106955806975,24.643878441255715,37.50348119998051,34.63548152673574,4.791515259441117,37.922497595885375,16.030291516670452,36.83682586014016,34.95145416918369,21.54311186248671,21.628072658066802,17.297546669180214,39.90075396178759,34.166046602980586,15.779988171504609,12.178279736651671,18.278810255846494,13.294075503365999,9.153539248552812,33.69209921270945,37.710416914700616,27.405015624306373,29.694322508783905,10.733344033046722,17.224903345741893,34.42912874033291,36.69737424603487
32.79292376475461,36.43935421442549,8.19605219431095,38.2741997566814,37.45985332087985,16.205107734801025,-6.798799525527855,37.71293744954551,28.08849523230947,38.50815380694175,17.56293504515979,11.144036204379695,28.014442548074154,29.143852839919088,21.64725255244012,13.61499083156934,23.58538805339736,32.92409268242439,10.866644546254468,36.98799059620838,28.295903009459003,33.014738369287315,24.95202014368504,28.10518432066125,21.72168157217752,10.619084345858774,22.063588831009778,-11.969977093267207,26.664082228230466,17.596898037247698,13.516718459576811,31.172130996093774,38.516112237670185,27.238317865406955,24.202194457715983,32.682833083816114,23.895662111391594,20.393112584280345,28.365233385537632,32.24059733099856,27.911226239442065,29.14038092213098,32.081151392821496,32.302646936502626,22.787391439670195,14.129483877056558,32.3991519624647,31.205863799357502,16.86562311823671,29.238409341511854,33.194935179031674,23.49171928430412,38.30158653269018,9.28291975173659,34.7304430782895,28.993889144269808,31.69445546915467,38.931957647459846,-6.877134673784591,12.69751537661366,2.2577370599087074,8.341864424261558,15.444867202451247,34.44963404036146,28.31732159411221,4.020044789512086,35.920558687500865,30.798554820012008,19.30755490014817,16.79794872447524,22.233491954334475,30.060383803773934,35.9927993352117,29.281462624012004,33.59770801245551,36.741441018696825,33.921248121008205,30.864631869535177,37.00927181203766,23.67432905086645,30.80286605155828,5.072552472745473,38.80811412912985,-9.425513687852431,35.525571870602455,15.48400973180524,-6.818293636838553,2.2168686224934655,3.8686492999841837,15.07453609542636,36.77559082825025,11.340469796382614,35.27278111927307,31.08373461140552,34.40710826952521,10.204143934557113,30.603809316117143,-9.564205298755777,34.25840595687106,37.4901743249738,8.385595903553742,26.16183135132387,36.059968531818654,14.35198374258987,37.52555165401177,19.651652174707017,30.80040010321922,21.434843538066474,-4.301166774525814,33.893377932640576,28.953887791737102,36.266322173695194,25.4288722861112,23.48772339187931,37.21080383771964,39.888326299883396,8.89266901532675,21.174858281691343,20.89987281258562,29.6574734042067,24.030971220358616,8.770505543024441,31.55258063792408,8.418454859686582,11.377109561292547,38.79278252761665,29.59770851372298,12.05052829849716,8.764895695884611,20.22309449602684,28.857769252295533,9.518015333369611,27.927660265368985,5.963454784943611,16.406958994522213,15.543042936745172,15.98068642461809,32.68062226570096,39.13913158774293,37.59803208518265,23.693612814140195,38.21036401223995,31.37664660059542,0.2531311960566853,33.57012641977652,-5.549661772007285,29.20466610800843,38.08324447039135,23.818470187830943,32.465402827856856,37.92191369491682,19.20555235470107,8.447041112857772,33.90539358326644,33.44597268714392,32.022166304736636,12.383337293631493,29.368067878881995,33.5307974274508,31.93176858463911,31.951079466142097,28.300620393905263,27.398765256814336,30.647599104154963,20.340451129177033,23.19942464839448,35.48713126308991,34.11508478366993,0.6769931577106723,33.58747986036893,33.4598425309794,17.54384337903754,25.105639380298296,36.75866966839539,24.61315247168023,37.424254543632024,34.72411179644867,4.18854903832173,38.150732895145325,16.16620048234403,36.64119879464896,35.01976936050875,21.430573649213,21.779671503346894,17.157980177426907,39.84952415371078,34.03362903527966,15.609837650436015,12.191382105968014,18.125150370798096,13.058000382732121,9.018645237835202,33.57884836962796,37.756219185284586,27.362051825126294,29.877617712189867,10.453076820724272,17.18356446549972,34.38662330333793,36.937525746625205
32.14323632935188,35.75494752891754,8.019596671223363,37.37574823793747,36.636905059235836,15.897392626289793,-6.7587049250079225,36.7840655755749,27.59959934406612,37.81665372068555,17.29184493723632,10.681663505415646,27.548311966037975,28.434519948464292,21.392192649580366,13.70660310241039,23.448873018520597,31.979736446993027,11.078849506084083,36.36001729691418,27.73981235882461,32.57439282174205,24.437822961858448,27.76859089657907,21.246968467494575,10.40029631882075,21.992107826674108,-11.441444936703006,26.263165071735827,17.081769411931614,13.334905664288765,30.774913133673152,37.761546002733304,26.84979412153104,23.5530190529175,31.976504847133597,23.702067733852232,19.9481741645491,27.725777497162962,31.651510738869575,27.156817878650976,28.60188062348969,31.418876695914285,31.530670553891362,22.392563645673096,13.765602706526776,31.57631703383661,30.60744511680734,16.743729233622485,28.50442525119646,32.42417539754955,23.24723489827812,37.60980327911601,9.025934496583222,33.936212667378385,28.43485641864269,30.923501149921215,37.985982028364695,-6.720097060582313,12.559990318820923,2.4541311999115076,8.689404090609974,15.731133488785133,33.75668405984851,27.859315580957123,3.885602771972001,35.28346285790596,30.26852477268902,18.957176668818228,16.50387525200153,21.624584019429896,29.57859372678288,35.51777857373466,28.77226162393917,32.73635324016458,36.01591342589677,33.11285477994803,29.94188115381442,36.37522361189078,23.33487570299985,30.448654168618994,5.064045330333115,37.76880136096163,-9.207880058112341,34.50566124035747,15.771717678673369,-6.718868450160732,2.4250442832830803,3.8006461752646556,14.692731834439131,36.12329039622813,10.817275195011794,34.36955692018111,30.660939241138898,33.500954140338536,10.127541906300753,29.872205227231603,-9.36969660740429,33.58433013497454,36.628442520444665,8.172978233933224,25.72775349395767,35.13519012649283,14.020955828457,36.746278504218594,19.313588086459294,30.183694462762617,21.412054104278894,-4.3098269360176555,33.17990866184904,28.67211393576762,35.371251859152764,25.1061832114216,22.940753787497513,36.357923054817554,38.90728824272457,8.754734946584618,20.856895665126526,20.65384808576924,29.211602109955223,24.040872370885317,8.486119664892739,30.85476458553057,8.166501032649478,11.173505667238327,37.891713839025186,29.35671358793528,11.907083569651029,8.640271255485237,19.753151885131153,28.197618880268895,9.354246686921947,27.318724391675566,5.830834266812508,16.346129920745256,15.457743291547008,15.752016967418168,32.05641631566406,38.040242279791386,37.09582303380586,23.1777996130499,37.31932585613245,30.589341374330782,0.3122295901668366,32.902539354280364,-5.304570305329911,28.642982033123296,37.36868653944287,23.164451841257467,31.680079939944452,37.05048041688205,19.094490251145324,8.025939947084014,32.903870085771814,32.68524470779069,31.19922350681009,12.008448720054334,29.028933171514442,32.49827492079831,31.064683274597805,31.104094962035376,27.49053250371596,26.902728404007807,29.989002901622882,20.236543966608856,22.490400300674516,34.62178621381514,33.548955807421834,0.6902882982012504,32.75281417241975,32.49355038413006,17.686216820913565,24.556507113216142,36.06161166248481,24.31670119208902,36.43631715871111,33.91848561528213,4.243369235552286,37.2697221207084,16.04687819452044,35.77113861435646,34.498452706269696,21.360990863808205,21.016048049994065,16.897583606328133,38.7489721722185,33.00532460348047,15.446624226013093,11.999989069305487,17.888027976304897,12.88291599724302,8.925577324642365,32.7382102575297,36.908981528802286,26.59999676915052,29.306247016734762,10.355121741806563,16.894816093123833,33.27772631948052,36.083827401936006
