34.63398219402895,38.07469875120914,8.364568667959723,40.17860203500348,38.962994449553285,17.02039200264559,-6.78724598030174,39.47592910446071,29.76763865770843,40.30462540422925,18.50061175634621,11.968196319712808,28.857851348260848,30.724147378206933,22.932133741418124,15.079387812407754,24.598325944295443,34.260979890085444,11.67850623684073,38.94953448443647,29.44374616268552,34.883840462097886,26.07833568449591,29.319855722949686,22.493760201204868,11.102224358043058,23.460548521957307,-11.64581678050483,27.70567324906809,18.25643037131021,14.142226808501498,32.463802411935916,40.540603683339086,28.8438039835566,25.599225985168484,33.80880665176152,24.98313382848249,22.1374569736707,29.273913265242307,33.3635442457463,29.603271069437554,30.14952210967196,33.67651120277465,33.954240304179066,23.44069778839656,14.826949781306844,33.46987060878705,32.24294265925801,17.9470173883283,29.94018883925432,34.12709477969406,24.593365687032463,40.03216956417205,9.59437687618434,36.539036410369185,30.766010531320983,33.363442907188855,40.432147959927214,-7.181203509719397,13.650507176830805,2.6140868662200574,9.30055013631019,16.74411542681781,35.909016501542716,29.384503326525472,4.391766673414823,37.26286372433007,32.02148701780186,20.30308964881187,18.31229006839356,23.49236407228215,31.567088555760215,37.704563987668266,30.482766054006515,34.917562255567475,38.38298316655185,35.51246011323313,32.33638045077192,38.68455716709576,24.341714412798748,32.343754267223076,5.636038064571051,40.5459949321994,-9.856523630217412,37.22098424633411,16.767298061428324,-7.285974791903303,2.6494890672042737,4.188966007254441,15.774513808004519,38.38114349681837,12.122876785896114,36.632793123222896,32.8298858419846,35.76001015474369,10.603978025091374,31.66552125879249,-10.024705029582186,35.629272887113736,39.140505233919654,8.93372156025614,27.732280621567863,37.50254902582925,15.430910542712265,39.089720605099004,20.211314275404714,31.942793465033745,22.83482667301892,-3.8164687789279004,35.38407098893302,30.281664532401653,37.83442689999024,26.376889480147938,24.401756804347578,38.75770136885916,41.483225384247326,9.701641035539565,22.21178774270622,22.48028746482131,30.90112716712635,25.752016443911934,9.228362847375609,33.06394516633102,8.671035693821812,12.093751316868785,40.28567983327413,31.486477282344925,13.354053462551823,9.267220017551141,21.20412896934393,30.3549694380163,10.602627653165605,29.074271858333173,6.023463586312167,17.656339540231787,16.481540511811513,16.890311109212988,34.24493429788664,40.998504404936895,39.44411311531584,25.181550819888,40.04217890644717,32.529840951832945,1.0006845342415833,34.796787178455695,-5.5146980164358474,30.179783211927536,40.148925665431854,24.098710122999773,33.919934206594974,39.34155645734527,20.65878333509419,9.091558740622308,35.33464552735944,35.13643768466892,33.295432002270346,12.939279277516873,31.132612400082028,35.16891389122185,32.96116099934857,33.15144191654242,29.197733572797954,28.761265034452215,31.957247478089922,21.333153592584242,24.292623248759483,37.15373217999622,35.686961901626496,0.9196860472749773,34.9075966201035,34.97431441057282,18.958207617655763,25.98074999116576,38.364623157714576,25.632687376362753,39.261217934664835,36.24517006038183,4.931950360821459,39.57513916452155,16.71131638679461,38.472577579314944,36.50141397517207,22.588225102562127,22.777030427352514,18.114338289348105,41.57380608505465,35.74395294743474,16.522212592738097,12.863817864152622,19.03377582220879,13.899725867019193,9.743638647068936,35.223059013168154,39.42919737129636,28.623766394464656,30.905577542580083,11.086930368764994,18.013997492636427,35.967921082817355,38.25392176189774
34.28029320793186,37.89585190270679,8.527164176643229,39.72628589262724,38.90972885174243,16.948558411710813,-7.144119382065152,39.15803257548706,29.40992457595997,40.098389443057236,18.433709066586545,11.399417676303532,29.03195273421383,30.28119561287839,22.700161313299564,14.790368161087066,24.850241974316535,34.09505058797043,11.853178971388841,38.610519298774456,29.430931599077827,34.598290691877075,26.10925411020716,29.413174096339073,22.501828297664698,11.099232147815341,23.416871312761042,-12.03295058872085,27.820193191569523,18.058023854352808,14.145338846863128,32.54819524250269,40.15244691765504,28.553706173924944,25.15577232887182,33.87369432562148,25.07960839535062,21.483722860659807,29.432320237349302,33.47493084455386,29.145455727962542,30.23165306250955,33.425984192634196,33.47049724994554,23.665752210369295,14.773273533460994,33.515552126401964,32.37738325429849,17.8709424760424,30.09400238553559,34.30960994353445,24.585154394217046,39.89924340522249,9.64201560869486,36.053824517033284,30.39469442367775,32.92601627136208,40.28878550403004,-7.229177961910881,13.302801637643249,2.7285884529830833,9.171821118533503,16.74083857109839,35.822926787470216,29.42822300800981,4.176999131363229,37.34001950022454,31.980108235257973,20.1988910158945,17.734382536452596,23.016317710545675,31.483298675445916,37.64260681872176,30.40558558414768,34.845888594667315,38.31707937942389,35.11499425456827,31.921069850914577,38.56788472790636,24.50675749210832,32.26668777256671,5.485803241111845,40.220134465027385,-9.805316151372601,36.71284672332647,16.71808679136577,-7.194081654141359,2.6411343617101517,4.186097513770077,15.708685115916028,38.22096788512649,11.541602179371374,36.55499516034602,32.58130349392748,35.601563820157665,10.718729279730754,31.587081983858894,-9.89891630728239,35.588554831731386,38.96274228393722,8.72732180206753,27.37635836318889,37.3561971424928,15.063642531709975,38.981859675926614,20.385462241324305,32.00712784481111,22.742160966273687,-4.395539876630152,35.33091137233466,30.29481878903718,37.677022827595316,26.526523128642626,24.402032945343606,38.60744273924029,41.32357435170324,9.5079658309674,22.16431200011791,22.14045273950221,30.898276201786075,25.536982552227425,9.191727622168008,32.741753038279604,8.66331469947054,11.974487031392199,40.1900332807097,31.241709941696854,12.877888576875256,9.213543020381056,21.144151522157653,29.906429565871946,10.029628222161143,29.105765605146356,6.19403654195841,17.414277705627768,16.370529137035415,16.810537794201725,34.0504027946338,40.49452365405264,39.3417606155062,24.872242739045777,39.67062312070727,32.40146372977616,0.4325211008223185,34.870263565798524,-5.7365978825865405,30.339736787974566,39.77641050354928,24.41085069888754,33.68396620139448,39.229311231795606,20.397287874199506,8.603326469900068,35.008856453114895,34.845748103606056,33.050830661378136,12.80084659128124,30.899856139146102,34.7056302434472,32.99889371612673,33.0401356386397,29.194131732422576,28.661485352663046,31.92345883748079,21.556975233213446,23.9542696475903,36.764902226500794,35.60170654631983,0.798847317441316,34.79212086875961,34.58801837351319,18.844605482647275,26.072560813501983,38.26439579005128,25.75584132056632,38.88901900586053,36.07132646666318,4.509601002267043,39.53612562068946,16.823159776510266,37.99675663922261,36.56238250551423,22.59751709626351,22.438444432616947,18.036503530788387,41.19282998697493,35.27846975670401,16.332644335774766,12.919063307977328,19.020545047656988,13.722106089068788,9.641460552950747,34.86208065171351,39.22779703737649,28.334033134231305,30.92662069268492,11.008466501891188,18.05678993840304,35.53358096611745,38.27236979315021
33.880854072918275,36.51224088139151,8.078630205485423,39.044107240981226,37.299167269723156,16.517972602446182,-5.971693953165137,38.09206850552582,28.82156452090938,38.72471122816627,17.57205399416675,11.70476015890273,27.300591142367466,29.87277269102477,22.503299132269422,15.068504378709079,23.403034576303845,33.1754274115473,11.10530995616211,37.69634645316296,28.30074459728871,33.38210461781305,25.111358947778967,27.79551516766777,21.464721727332208,10.811599660366785,22.618133812849432,-10.879467753116568,26.131095796836913,17.41936930298876,13.82391783494407,30.600938450842186,39.12492463940852,28.197769162118494,25.379507599277435,32.22138488017817,23.882763486867542,22.115713160735144,27.658963924924063,31.619364842088146,29.184383898416865,28.786541969710882,32.53285634846727,33.18012594565601,22.084299763298347,14.49013252018167,31.902753685411867,30.711593465801084,17.029382960497205,28.465314035990485,32.536461107830114,23.62483921915406,38.36801699975597,9.422843962124626,35.72631162641131,30.0629700650254,32.520324861594965,38.76371055384766,-6.8805230051078174,13.077261959673198,2.730391007242582,9.154167167301418,16.00694876749523,34.26377384490373,27.9427453482582,4.358413484727141,35.390704854172945,30.456883590231726,19.819638560481195,18.391022936266733,23.25689129194641,30.412669710437367,36.00435106586988,29.0365350568566,33.79830498312705,36.937853007525746,34.565014227414586,31.824846185485246,36.933843846921164,22.939645830067104,30.6863999889859,5.854728039899161,39.36754117918963,-9.476423583610524,36.3890907555763,16.053081174003943,-6.89759655009208,2.504636117864505,4.317064158250043,15.283569846654407,36.897838777318356,11.97251352766154,35.182516417695,31.522623379931314,34.434727569398845,10.031432204054031,30.352516590328403,-9.566887302312828,33.842888386651055,37.48252573827723,8.915017226446531,27.077652502378243,35.96969228998644,15.598246829405896,37.57852296290389,19.09388330420018,30.45190379736666,21.973566538456392,-2.992323082885528,34.124181006205255,28.905286194258267,36.69766312453521,25.0372552836326,23.581537900596043,37.281002476506885,39.995121379107935,9.548992371860944,21.816172715022155,22.289636850011405,29.226860910853866,24.67656758965681,9.069011914911744,32.252927284760545,8.419127375441569,11.730510929483643,38.57609256489956,30.26948173238521,13.669438623174978,9.19608998049747,20.420371253384147,29.895697937961025,10.524808115581855,27.85576055405873,5.74492095342093,16.833705656135407,16.060365543720604,16.36663863375407,33.18499769192174,39.93583924725516,37.87662318505843,24.57531487416957,38.86255662730188,30.99538318716961,1.404208034245763,33.16269360835656,-5.313693565771823,28.63846277108252,38.890573941990404,22.679736284535387,32.61774889272491,37.687067476077054,20.047517397903736,9.141341345452783,34.34090015239031,34.39821056257503,32.231566447499674,12.602429698172859,29.905337742418276,34.314366356894105,31.76717364355207,31.75322937879947,28.047179690544095,27.779055852540576,30.667127354188263,20.325443248069963,23.809537314150468,36.24560188476289,34.29671541981814,1.0179551731610832,33.540555223141574,34.271930293776585,18.006096633802407,24.845523505383564,36.818371208004805,24.455477220691225,38.13902837381171,34.67995464897408,4.96605195552366,37.805771787251224,15.748831811209248,37.62644068669223,34.87333801150759,21.291041015460355,22.461618024464496,17.268618992694908,40.35301284738697,35.14879295076161,16.117727792260084,12.228271174861172,18.280281512513476,13.630096078292294,9.599096203225946,34.02696400923377,38.169845417094066,28.0504434019101,29.452625337741,10.952108566637648,17.20233773599477,35.23968523427859,36.54776385400043
34.79124932658664,38.50664947835494,8.792415766735564,40.38729204461426,39.66857832816379,17.297826673565268,-7.255796384681305,39.98736714988649,29.869368760930342,40.679395612873186,19.00055445179948,11.734986784286944,29.37097168272804,30.92011768749771,22.990706946318856,14.822600440747463,25.11588210148503,34.70052547713783,11.918258059821694,39.10188424191018,29.972497700758137,35.081714275192155,26.672998824158782,29.81308724730658,22.86006258910594,11.164877903407062,23.73203591095691,-12.393591489857483,28.353003615919953,18.272066628001483,14.251641268805955,33.141837098527944,40.8961693063603,28.881457347145588,25.522241029895202,34.47978879293952,25.41038102787264,21.761795327822924,30.06071256422589,34.07840108551391,29.647953936684015,30.605879561034595,34.04630362765845,34.00957399319027,24.021982281263792,15.104954499721321,34.290352442300545,32.85994706084829,18.110081706388456,30.68724603408706,34.88155059605886,24.76952726633532,40.52270808285199,9.73693299115678,36.58479160126467,30.94581388298196,33.51851217382448,41.06693406784143,-7.336134817324022,13.499148722121213,2.5992505303355307,9.417939609414542,16.753540180917337,36.50855973965071,29.829074661547605,4.279444528575059,37.92100822959646,32.39463702517537,20.627762364261496,17.957086648158768,23.454405426096088,31.97597427895855,38.204385284254926,30.82242897164208,35.48505262544752,39.00041574420238,35.65507960010049,32.535052925225166,39.260146704749516,24.814116616800952,32.77837364020939,5.480725141484337,40.99486318075725,-10.136299160230088,37.40194644565406,16.75590670488354,-7.354493773424898,2.691613336900606,4.332379352254995,15.893348719882283,38.814221252618175,11.760469177931238,37.2846698094417,33.176125327247064,36.350211213800314,10.56642952030986,32.041159311882815,-10.150622666873709,36.287938268955344,39.75422636772883,8.99630722263924,27.842056397915623,38.17749908594395,15.234255546973461,39.56366633336368,20.65113647454022,32.57104181086331,22.931671497176705,-4.563952245518065,36.00525168437744,30.668665357247786,38.29346508094115,26.86591023434879,24.741907479925125,39.30928374087142,42.140725482775366,9.820169533532358,22.348314291619783,22.366681992303402,31.477745538975668,25.77443015114374,9.467663384799181,33.1822474047318,8.751456938098233,12.365117626925093,40.98345423854783,31.625784691778144,13.044006858978245,9.341305188503583,21.437286959341932,30.304177153784792,10.035419439589232,29.59956446887921,6.336655154165149,17.716485013174847,16.48000218033213,16.845148435068527,34.564430402325144,41.31314660608276,39.905225088262334,25.325665639269538,40.31438327363628,33.13461163031462,0.40363988212605295,35.48471779864077,-5.907005793581045,30.811862608992303,40.501509704882984,24.946634432031406,34.36977191366433,39.95184165696002,20.674341105264418,8.857071424917066,35.73793772825108,35.319895496591975,33.548077204793486,13.040800799371576,31.296132023607022,35.45463100100682,33.57175859921849,33.75927413447015,29.7609618813982,29.01484914255267,32.603788752710436,21.752066066871567,24.53618267531706,37.38325492310252,36.08497087169205,0.8205733930938285,35.50602686681334,35.18127994660212,19.112469997187112,26.526845051177823,38.92377801717515,26.160541694749583,39.69116900857203,36.815154818153914,4.307219538724707,40.34703121494998,17.149314430244544,38.54978762144019,37.112125811253655,22.955561590048735,22.999413179505126,18.38383494004455,41.97010124137111,35.971178868405154,16.460760576388893,13.184544236964793,19.285408564809924,13.973709154201694,9.93858186778594,35.57805464437263,39.83851261197118,28.80093749243711,31.470290367446974,10.938549538030808,18.451648756535814,36.26720029192595,39.027532991948384
34.24029620971284,37.459839923605266,8.22575749986158,39.65006626927391,38.11896033760303,16.797433855332077,-6.397161828580925,38.68490715763253,29.320001528149938,39.557749872994904,17.868139069991017,11.82276101992591,28.20884480544165,30.278280648771727,22.91045921813963,14.9591594768712,24.083311837278742,33.71898544001776,11.514697226248892,38.450257350878715,29.011246628293584,34.15692876178687,25.558369384971332,28.73113959071403,22.085786622634902,10.959633864124598,23.081132230306977,-11.265633037417798,26.921365681199138,17.904121485366165,14.047029337523055,31.624466941401803,39.8420280363499,28.663512689889156,25.429503897660627,33.021383814834664,24.625883975506117,21.962048672303574,28.408856435223914,32.58208455918824,29.241601401141267,29.684850479410255,33.15180849252842,33.622500768137904,22.76677137507849,14.492756025742986,32.63223843844501,31.55872836881043,17.513770036649884,29.248797783047547,33.37424030139035,24.25332313333392,39.296575782303705,9.461908140262551,36.19387728431629,30.257568718722368,32.94554622616946,39.58970511971399,-6.958834706438604,13.392907120239489,2.611663534347426,9.330475539186112,16.425557159234884,35.09311516172631,28.872587003127332,4.474921372408479,36.397065040961884,31.430688482075826,20.22588400283304,18.306788522659954,23.42099337112546,31.10518385777547,36.93181972839204,29.75598187364021,34.399147708689576,37.73583378534809,35.05473251675827,32.13695670926096,37.82340329507192,23.894765314509513,31.62603465819041,5.7752365314038006,39.96234236250709,-9.653901001664785,36.76297532724484,16.575365225292646,-6.932721672050494,2.4839224272601585,4.124511578828632,15.40562839457806,37.75012171572042,11.990506146411208,35.886281664503315,32.2260545165505,35.009241568126924,10.375477003246706,31.118585803538213,-9.740631486644975,34.74781734419629,38.26666578445254,8.849698615991114,27.505826641563505,36.63326781674453,15.50693705445739,38.44725141480896,19.69019526996853,31.23256060771202,22.598382642738343,-3.4339124425607515,34.83827495448054,29.83242604858151,37.29096755167329,25.870886991442546,23.987930949998322,37.979992969506,40.71154414292885,9.475713737101925,22.123163842791687,22.35874418535935,30.079026686501255,25.327920009561407,9.025660395484627,32.757779225650324,8.589126979799193,11.753238817503092,39.466883554061276,30.95233395099248,13.367296166053807,9.279252085676738,20.706433569285334,30.20619563761285,10.634593574927207,28.38850319530352,5.898306033958467,17.154812030979798,16.438101845696757,16.60326745240325,33.83907683745183,40.410637821032395,38.750764654801145,24.873532405129072,39.47781215666547,31.791724587792213,1.1579817410101318,33.97626619149164,-5.338720123880098,29.45044506555417,39.493655594776314,23.440470693849978,33.244608126663195,38.59331080062594,20.32250217635446,9.148332714466218,34.73150801163712,34.673786794860305,32.827511380043305,12.724160939761173,30.57145401771926,34.58870510222728,32.31246542904893,32.342004095104315,28.67185844090563,28.19539388107089,31.27126116670611,20.843776864819308,24.094678008937418,36.693125552254116,35.094989104629086,1.0257565942947184,34.243994357800645,34.62691347208513,18.470055032612617,25.35066986781886,37.692882679870756,25.19686187833334,38.60128544896924,35.39926343948236,5.019961203511982,38.70004050983811,16.32477482018252,38.08331338931498,35.74830585120671,22.03178545037542,22.431290047883387,17.651050770203838,40.982555307341975,35.3746033106494,16.364801628203146,12.449689336479993,18.806691286203673,13.855600703252604,9.533477372071049,34.64235457439224,38.8109240685234,28.323129680651252,30.31673331578885,11.018240367898784,17.631680847468623,35.500953961507115,37.40362516026198
34.55181344101188,37.997705270739004,8.594497234368411,39.99076450562297,38.87688254143743,16.93142688136227,-6.918734027523639,39.3680724288118,29.73172773548301,40.17520144109732,18.429837471741372,11.91169835738599,28.796657383589242,30.621344870845803,22.826364522867532,15.085397722560494,24.537661085106436,34.20656095482158,11.713580547484616,38.838990771858036,29.372464818048766,34.77596413159829,26.054762199087477,29.347780713743642,22.644980556162984,11.164858233543582,23.451484535033494,-11.713833164530943,27.639145743872994,18.095692549374505,14.126455335536242,32.51378521832171,40.45232460588276,28.73163733283514,25.41941028372188,33.64767281085039,25.047841994525943,22.009290654425183,29.249402540437465,33.285205768331565,29.4982370857769,30.210486421869774,33.47366082578637,33.79979393356815,23.444478836145414,14.86718576622003,33.4105112272231,32.15034118534399,17.879632997821364,29.828685537863667,33.987725740848596,24.57597962737864,39.86677885067108,9.47879300499782,36.37872632428803,30.644207959557612,33.200112679653095,40.25095054085317,-7.161939999408924,13.615504590126427,2.6063797740670966,9.358287728394725,16.74429211887524,35.83426868868105,29.418560939113934,4.323858396539233,37.13831666500529,31.970504721390572,20.36671616461294,18.264744037054946,23.385975187702588,31.461009507905906,37.64354458843484,30.420973802654032,34.8036737037516,38.34565451955676,35.36858976677772,32.25786331887464,38.5591803154975,24.370735899742645,32.33294600315789,5.70145554926565,40.42522408010139,-9.817801951075912,37.04446635950352,16.815444167548378,-7.188988401682077,2.5482890276128702,4.191063700397168,15.55884298901512,38.28493497243722,11.895095788189284,36.561716749571296,32.70563027869552,35.57291313423318,10.608350488358228,31.647465417974548,-10.03179820901069,35.5458200727893,39.05509380068279,8.863609489457032,27.75870645809369,37.39753960596283,15.399489075523507,38.99912031596686,20.212501341879605,31.8324243405646,22.850068277248976,-3.8992706593580397,35.39423712500969,30.42941988691928,37.72019529423359,26.350584031514863,24.29765215531587,38.52749680363456,41.33184592588564,9.574623964050666,22.23533607507399,22.470626860446885,30.809393077971958,25.721829565358444,9.328417015008371,32.96512829836212,8.657067067542759,11.980484612720318,40.17462409563522,31.44444156158512,13.422122413624344,9.141186245702988,21.17748913887906,30.231255139672175,10.493014749767912,28.988271941466813,6.090371169436992,17.608149993050773,16.33209148819442,16.67312927678096,34.25389432772735,40.79204922840066,39.33818888498705,25.12100089103527,39.93269238070419,32.4410521373479,0.9570944893344258,34.7169137093231,-5.528166969300056,30.131286935713263,40.00247548361071,24.065557127327104,33.85333448922302,39.1750151046921,20.674022367336946,8.994669918431514,35.166214702881774,34.91997363193432,33.17914098871923,12.824468070034069,31.099554363066634,35.082041310870935,32.877538337607874,33.06611693797573,29.213901408869965,28.752691360485226,31.932962123514038,21.238817756478127,24.309415376660198,36.93932413204143,35.62342607861664,0.862815622806361,34.814157313087264,34.780325039380415,18.929472274640943,25.962260487368688,38.20192400079013,25.685063696764676,39.10617675715975,36.159579302702234,4.839202694569804,39.48493979587021,16.84476379722228,38.30594590604473,36.43451898608739,22.670666636639623,22.756247269875477,18.065791892936154,41.36503045706096,35.61078312959073,16.438172361047645,12.90261269574073,19.101712640517153,14.021609026388342,9.564138701801044,35.103648771225224,39.282963575190905,28.545544934023283,30.888400087164104,10.996569637978315,18.02405411154177,35.76973941765092,38.138237037026144
35.70093805171191,39.54275233202355,9.069102989986149,41.40282203345009,40.72200992514256,17.634193744899,-7.619143571932233,40.96692859115391,30.587506233053585,41.8016252666079,19.352347286772794,11.840487339844632,30.298992893722104,31.620370641643504,23.47165055021585,15.196012546942258,25.89831069624172,35.547049829766785,12.164862180593785,40.105687845929225,30.74042155962705,36.00894767032991,27.21940286574172,30.572926479383053,23.49405402705894,11.551225124102238,24.304155650958087,-12.838123795731878,29.14183139128768,18.77842106118797,14.709401090696822,34.03678772227168,41.94170330020247,29.53553566185406,26.130495597785405,35.41271369762926,26.17202988805567,22.260449273224335,30.904729512310286,35.02771112958022,30.3757548087889,31.497837388513936,34.841727138022556,34.847527420926994,24.747859289484417,15.389917582075991,35.202700003518636,33.89156957335021,18.569701385576167,31.5926062785925,35.91560356023831,25.44521704297482,41.62495995270691,9.977376606581338,37.582681837701635,31.702691423503666,34.321824903454754,42.16884637062777,-7.519666371020681,13.705631291728514,2.608849443147731,9.526586104568475,17.263185631526536,37.49330445578136,30.60615109087073,4.168854902348072,38.998280667735685,33.31533154031686,21.062397342631044,18.371376429031937,23.914512889703534,32.69500260972935,39.25957672444018,31.787778563513633,36.39076607158697,39.9453298284047,36.641264853748254,33.321043611761404,40.310729738966934,25.551230438626135,33.63803430724749,5.562740480300048,41.99612334202073,-10.411695864468731,38.35968600118646,17.221504629473973,-7.587368389574505,2.6145231567463307,4.326093190466302,16.376267060638508,39.87659063592308,11.98591618835931,38.234306375939475,33.9475662338004,37.25861421910606,11.10467140376942,33.02236901264527,-10.467484114194837,37.227461408646974,40.77393745903437,9.048512590043764,28.38649860976368,39.17411724831132,15.60042053889339,40.65932697060666,21.295554976580526,33.519463276309786,23.455399096548987,-4.861519910758482,36.83434061678729,31.460877391750927,39.26083417532401,27.661117021377184,25.478720051737966,40.36150497790618,43.250506840945505,9.99030466562961,22.907826669887974,22.886172469388235,32.346363092359546,26.465662643970727,9.615535565721354,34.102410232412545,9.103904695322306,12.586207533019513,42.091434024999394,32.478529621977536,13.25839414055771,9.526314009786704,22.00764386755865,31.114613063730538,10.18685796139532,30.46298273749198,6.538489695549001,18.08004934449777,16.862144085654208,17.349022920323495,35.45112091956524,42.31266542748763,41.00291514823643,25.88576236733228,41.399791045376205,33.9794572804303,0.2089211399918912,36.468276509285616,-6.17283421985445,31.73747282364816,41.5132301203733,25.70883246578866,35.26169431657562,41.02296669316408,21.152787513275882,8.891313676027938,36.676212905441744,36.28195665047737,34.47897923050015,13.297021579135114,32.18449537268351,36.28193159756162,34.56810276553597,34.658721466077175,30.534390127674968,29.771690773414864,33.362062012400614,22.362125420826708,25.050028367385266,38.39230073825816,37.05876068591448,0.736322317423567,36.429147445577755,36.08972575498884,19.568438289684103,27.28786484694855,39.98543324368,26.864979539661707,40.64263573898062,37.748098493563724,4.353138349691954,41.41688273855162,17.57664686331016,39.57411081411409,38.17013447128303,23.49231860541741,23.64442329081438,18.80280593847085,43.006582036274274,36.83049746137958,16.873094896809114,13.390536353459451,19.716603378045704,14.200671931594723,9.92278005122275,36.39858099861195,40.976473507255314,29.55403256137652,32.337577896149824,11.299284029260518,18.815761408205578,37.154136989009174,40.10473320715819
30.806886207568777,34.01287226987217,7.565592710036676,35.870434050683336,34.75055605515977,15.333861429165491,-6.006749686784396,35.11584191236351,26.42775583566372,35.9320764874121,16.280312842937082,10.688789198417156,25.92047765470195,27.3115366110345,20.565008858827213,13.111739041367066,21.90875376268481,30.804583927357527,10.406952507412937,34.75797092801893,26.405557290959173,30.860321627057612,23.33211392019195,26.3893105311882,20.369429438723056,10.046785324327544,20.760898570468182,-10.706002398325072,24.609676598157478,16.275898106123048,12.78642311251899,28.940393764861252,35.937161416368816,25.86228988417325,22.889262997688405,30.191888236967543,22.50025106390625,19.377234847420276,26.102058470864044,29.818393225778692,26.20701612777165,27.297140843928798,29.983729850554358,30.36808323754166,21.116469979986515,13.19078880302211,29.90165033401838,28.86611320592381,15.866360366895195,26.875173040341195,30.56950541393203,22.073643456764035,35.64795978147756,8.709147675593279,32.63577223537508,27.09813463931452,29.78531954369054,36.05544223168835,-6.4113849289750044,12.107844058208569,2.294464696272257,8.496835586760854,14.575191945619709,31.97153894996253,26.578297946889315,3.9504913781473916,33.24771501450399,28.745796675995273,18.36920705921657,16.228793592408216,21.17313803855609,28.19781802239055,33.53627980086078,27.19118844333533,31.266287968738915,34.42340449011557,31.70616099050425,29.01288657721459,34.29715138074853,22.07673402200731,28.768852890099513,5.263982576592705,36.26119546154606,-8.748468824704387,33.30145786860476,14.785673108998314,-6.335465154445358,2.3698809222058985,3.6928661707516124,14.053528974396132,34.355181852960065,10.70128810850684,32.758673035737736,29.060863135887246,31.92328793906149,9.643573228102188,28.542177530597815,-8.750209555521833,31.76316810856955,34.80623501708751,7.987483630256932,24.641799149561272,33.335404883106804,13.773518671323185,35.00204423187962,18.206505935904545,28.434173150824765,20.328394792744792,-3.526152139509522,31.83210181189088,27.214998667447883,33.850247987478554,23.627670628428685,21.79961927315424,34.56288330390863,37.025501335872086,8.342255454204063,20.18495604985674,19.907598688764153,27.465271062063632,22.65944166595699,8.290888427185282,29.72209185105244,7.7865304035562675,10.61561632416705,35.960087255948416,27.770492843305355,11.660665104029516,8.292905232662466,18.98074986370436,27.257920049639417,9.299174757818797,25.93225264377131,5.5645768647763205,15.306808693861862,14.9923867569114,15.217166480778223,30.70925612199054,36.53438122685147,35.11864092058502,22.30450003214459,35.74004197758451,29.07149279998375,0.7383405783699449,31.067200251924795,-4.838355840513331,27.04066553761913,35.55201778735898,21.810728076563183,30.20691174389129,35.22291534171483,18.174570877325536,8.220144916853936,31.49378697556525,31.257629821294813,29.939595432533704,11.686381545303972,27.490634662059616,31.308885144227716,29.54578780662543,29.586996171315157,26.3921009733857,25.650552810028994,28.529297515389853,18.99925039495958,21.735537304773825,33.11887519390028,31.9300823486106,0.7860948237971689,31.126411654037934,31.26320083187696,16.470088530742895,23.29200962013033,34.25201511076967,22.882647791631534,34.93215019810271,32.19262776817193,4.297823462522589,35.37912341312219,15.196689146720999,34.37246489494672,32.49700100833766,20.024312952361274,20.228186284139458,15.970076868497218,37.19489805634615,31.921344763739324,14.826230153279967,11.416828415066265,17.276508314108696,12.598458908228274,8.613147603597092,31.407967570991122,35.23396193694068,25.676344722903984,27.765079873296028,9.934594283869364,16.134672521905134,32.04532063433085,34.15392557995826
33.73961046423152,37.3209670510082,8.297836251648363,39.19196299950733,38.09465159804056,16.627243053524,-6.78183714030525,38.4160639877267,28.96389052752449,39.40781337582637,17.91676302897013,11.508903119113858,28.456899184615693,29.955838834166148,22.355141132595914,14.534572534844138,24.23663832839408,33.44834278905,11.443837690399452,38.08948944675336,28.897392438837812,34.071090691861784,25.411565004229818,28.858256284425433,22.13920546820564,10.913232580491371,22.925302984494675,-11.590571987784063,27.167238612767292,17.846834579855955,13.846430518008505,31.85666136662083,39.51821766722733,28.19029322503786,24.866623407055492,33.10105756804599,24.627195518306397,21.29351819341141,28.651600264500658,32.74814980676644,28.699957840978573,29.713343898582067,32.80148673505562,33.13999732535557,23.02612900452281,14.27824214193841,32.72905612473267,31.683658646604034,17.510119703300656,29.457191401632628,33.518885087241244,24.158559597639307,39.21367583376105,9.401937510240783,35.71948922315727,29.90533610438311,32.495609151258215,39.533039079253385,-7.0891138107575395,13.362220048079662,2.437499575963303,9.078448485641275,16.354044806415548,35.11819198214101,28.931008347779116,4.218523061790321,36.536526482464964,31.50036799775173,19.870223396731543,17.657173575267034,22.809665477499617,30.860490695764486,36.91570815103511,29.87037467698326,34.195089142336116,37.55335780132409,34.7211894713202,31.557108796101296,37.81767932482157,24.107091420870535,31.668540736465406,5.444697638730818,39.562670747312325,-9.687174450024886,36.25594801093127,16.41417022842954,-7.068605777072346,2.38536010691185,3.905842890116037,15.379493494118279,37.624013322618225,11.62285808868964,35.82234707478329,32.020367948696695,34.867347841195475,10.384417635187294,31.087046619338167,-9.8825799587535,34.877975212920106,38.2101588187867,8.552783553138442,27.052745798501913,36.60864351502857,14.887400444660562,38.32411297457399,19.821401891445916,31.295056724593547,22.36781053397053,-4.02698146560273,34.62667008341721,29.87109076969815,36.975949550007556,25.939048118227017,23.864253717366182,37.83938278792377,40.550150717880584,9.178514409673515,21.724094713957374,21.818136101497124,30.266938956098716,25.136303818524322,8.903613608452002,32.38208286631741,8.550438807879999,11.636451600430883,39.45684584787184,30.78624668866633,12.771457734414382,8.986220311094842,20.69659578805778,29.64695132167228,10.196410657110487,28.4022257413281,5.989246693670395,17.041245429568455,16.057037249428912,16.492302572226745,33.556362416822644,39.929930807150356,38.61447974284918,24.40577750204641,39.13537793602892,31.79712310786375,0.7244559976872381,34.10530644608039,-5.433938732919501,29.604024269122803,39.129008857088174,23.7908113315863,33.08994298707105,38.53146459118795,20.031932040745076,8.746988772310608,34.407529846466595,34.23626771348507,32.62377711585771,12.558025521368343,30.46684665156266,34.153963053325846,32.287767298732966,32.327241485680354,28.61995640432068,28.09476677976025,31.21988272755495,20.878529517726182,23.697447370780814,36.245861495533134,34.95122743728035,0.872633153969711,34.16227277000061,34.100327156908435,18.401675805052392,25.43522521976968,37.52865625967207,25.1892226340393,38.19756509761474,35.36778805315614,4.668433782831341,38.73972844919975,16.56688966456396,37.59976116536457,35.79989487806879,22.220328527034532,22.101641166081503,17.579390359775577,40.588452706345336,34.77834732872613,16.121054985131988,12.445337350245426,18.652646044179555,13.541041257889178,9.197690473851337,34.33940178307321,38.5214960790307,27.953713734511403,30.396041432349588,10.763509421770165,17.501554122563427,34.983554820276815,37.45546207764386
34.90770742462395,38.8172486227663,8.940513562532793,40.637364228538324,40.06284831925772,17.275263147188415,-7.5329155390262255,40.22377344571219,30.003948740737673,41.1114820146536,19.008162628978003,11.621138921061194,29.852311261923226,30.95595304801986,22.9656471535052,14.735095044910913,25.50466198356484,34.89158795339195,11.86091172417417,39.38777168169198,30.169371227475246,35.3214152189155,26.725956375972416,30.080866267050013,23.006990214708186,11.284106612769646,23.754178809635363,-12.786280674477828,28.718307864681965,18.56474977063274,14.340957975479714,33.487789394391235,41.17209605463059,28.882169938526534,25.52400318198158,34.92307919041883,25.62254901521398,21.677675626940093,30.457722983923606,34.49107458432626,29.732203267623873,30.936306192552408,34.176925353145236,34.16797424380119,24.40423476138953,15.218104834408726,34.652111802441055,33.30430237751755,18.1637923179709,31.144819689434115,35.40338272364409,24.996955415634552,40.86339065814407,9.808804654708256,36.79416878079652,31.04751190177227,33.66029028887374,41.4887527627435,-7.3919236558815316,13.465690174978203,2.4959692960478286,9.126479645249148,16.885683622338775,36.8759646149599,30.096866611463604,4.125631740101676,38.40989337963161,32.79292581110466,20.50116647672137,17.851233821976866,23.392407569306922,32.10912688669678,38.56617473576049,31.182187334287065,35.75301151001826,39.17826860375295,35.959804997791124,32.58835363987961,39.651930167867185,25.136308027910875,33.06945035063348,5.3833843794728695,41.24293803834275,-10.12336644043292,37.558545538743175,16.82403285912158,-7.374040147065501,2.512867800024249,4.1178650173759666,16.07042781317411,39.10838138163234,11.785442976793826,37.61134248775183,33.2878759878181,36.6622971797123,10.910484921760885,32.4183846178881,-10.36631943977863,36.66900252554905,40.10818224992207,8.84043375315234,27.845185118495568,38.53445043920995,15.114797348098282,39.921015026974494,20.97085473975766,33.01593515616626,22.99127478760805,-4.893922820452199,36.094048897021054,30.927457477071574,38.55324122047507,27.22883036301612,25.0458086138401,39.66190485962134,42.49529800364061,9.676065016952311,22.371374374545134,22.35898572696409,31.81592551589705,25.890860331269163,9.456987993771095,33.3959387779832,8.986252755959327,12.248103622878643,41.399395126064334,31.81030229326737,12.857994510150341,9.212457130170513,21.631287706565814,30.449636528257624,9.938283876139316,29.923004824869146,6.33837428809588,17.7657856926851,16.485985119027035,17.000031112562162,34.72478116001469,41.50790912419958,40.268377922444536,25.358064826539355,40.565802530349245,33.44904015060114,0.029169701266272705,35.89390237228884,-6.089333160775577,31.262333384773513,40.74851023874675,25.350249511639394,34.64058495108768,40.324044161216584,20.69054468150704,8.687839115059102,36.01034630128559,35.56524891581204,33.82344421946898,13.01935179793154,31.545566367113135,35.615334448306584,33.987849479229254,34.107797289760406,29.95024260650705,29.217926190421355,32.812287237824556,21.917305138613926,24.5528572469606,37.61143998864679,36.42669004029401,0.7110391282166572,35.830135264135286,35.36824848040505,19.15307840862058,26.854722298480954,39.238489283233655,26.441774931685647,39.86342806362754,37.163194330975756,4.239167324166318,40.73640440609363,17.2881680135829,38.77001672666769,37.52146741787175,23.14313302210009,23.107254746636492,18.523546191288066,42.20901326021077,36.029371582376235,16.595685794244133,13.165629332501672,19.290342337156115,13.848951521397776,9.64858878436409,35.71329572683713,40.17971172607604,28.911976625358434,31.86826486511144,11.067153922431187,18.399733139176234,36.407342302287624,39.48214179307788
34.34494192262655,37.60516077638352,8.324781453264267,39.76094969744788,38.4857969462085,16.841404723017135,-6.702493879576399,38.91646714120478,29.391781462808865,39.86085359597809,18.144531908648023,11.57001991567387,28.60105783994204,30.362107357913896,22.825699243976807,14.97316740273402,24.38870404586445,33.931849338268925,11.655928644762932,38.539725384778066,29.187089527305723,34.340315277648365,25.865436835493515,29.029101907333597,22.303159372546105,11.039384948291618,23.22914607705199,-11.639179247472445,27.266156432419912,17.90107121098484,14.113302882019811,31.996855346880615,40.00306713484699,28.739749845149444,25.406489219752824,33.388530127969986,24.793937115077206,21.88206660125708,28.820481591059945,32.92037550879432,29.313500108475964,29.94011432116587,33.34552199656075,33.630810698383605,23.222320779983015,14.631770576713738,33.01411054462276,31.897166696901877,17.740867401899724,29.609318087905972,33.78755992304144,24.386025193312072,39.546590844373554,9.585303651426011,36.248826444238134,30.40663308977057,33.026500916942034,39.901662000844986,-7.121061019370287,13.31741901451139,2.6729919704430163,9.249582907895729,16.54381767802873,35.40744542278949,29.107566109683688,4.345687019555937,36.7743958741906,31.688614841327738,20.236980785276337,18.15397351746775,23.340786749469103,31.275436202258458,37.200081084758295,30.043579571236155,34.57779042526339,37.99502066661751,35.18445692282944,32.15200046540793,38.13831175774088,24.14104605925097,31.841091103853998,5.6910290466078495,40.170917014099345,-9.662181999530283,36.872723725756934,16.59286181967537,-7.1453855897886305,2.5974534470807997,4.250663053319956,15.553966935489916,37.98288718627612,11.729107148370186,36.244060196488256,32.416567648724346,35.34226133563095,10.515130172046232,31.352917078081045,-9.851825238894522,35.09662284786452,38.5463455911991,8.924111123739134,27.4276331333562,36.97240753078067,15.374598653001263,38.70851214020705,19.91652444580821,31.539078237079863,22.66942033627453,-3.8689870567769384,35.09178723204956,29.992486989725162,37.496665047399425,26.076675982867243,24.160070342146657,38.278210475359444,41.01032784095216,9.564170037339533,22.138896075601256,22.34090513502968,30.38857589508537,25.3672440983312,9.198745290761336,32.803920268089364,8.733857524625657,11.917571867308952,39.805585643311744,31.050695946849824,13.25040028195419,9.353140202531058,20.97309856008439,30.155885843052506,10.31912191623537,28.703809161958254,6.086984831911392,17.261005579982104,16.458623040778207,16.680371142835384,33.99453690224905,40.53671070846906,39.00251423686079,24.87445078007893,39.687409289215395,32.0692298365031,0.8705537216848712,34.37716772623429,-5.541911946289944,29.816392308711254,39.64112196380511,23.843727587379394,33.45201417793602,38.85112411153847,20.37607297541907,8.925724438890466,34.95883610987843,34.85218649529674,32.980491196223774,12.817575967037506,30.680104078682533,34.745919567571654,32.65081687967542,32.66257249151625,28.931111618663333,28.496381335434265,31.621286902223638,21.15507667502768,24.009396582081354,36.79084989579897,35.35596803100907,0.8917124214395541,34.456877229339874,34.735987784780775,18.615178377868805,25.708764678802925,37.894573383259804,25.373917411859782,38.826071457658195,35.70905013116246,4.767612010649463,39.102178283061036,16.534000237634938,38.147104344442575,36.10413386805197,22.172541548934678,22.58151651281536,17.892047479971126,41.17795629798563,35.4340350920609,16.423814386220556,12.673721910849041,18.894911028359758,13.83971308731586,9.706327305216835,34.8046227868826,39.05307728114753,28.4684012963784,30.581324549777225,11.116777605988116,17.81086612905733,35.62653760666279,37.78755276173485
34.807363209948925,38.23591750820688,8.580416495894111,40.34286247233028,39.24583566991385,17.009598932008135,-6.963212083216804,39.703268463748955,29.857192528377166,40.47147681923546,18.591301400407794,11.901837298694259,29.01543572204916,30.827851038505557,22.994455171719743,14.966271522223392,24.72511643319583,34.46654492830783,11.647853181588262,39.107291227047554,29.61549115846067,34.88542910324305,26.3445157190541,29.43886127709052,22.625006340033305,11.072713138345222,23.51825940108917,-12.004452676817639,27.859167049977597,18.321505165610596,14.066325640372298,32.61462038320973,40.73758869821599,28.901725438443012,25.62580436420545,34.02627343327532,25.073314741489092,22.122222469791012,29.568114332956476,33.596257416002835,29.781869388555965,30.337071892198928,33.879465819903906,34.00739460372367,23.571828574979126,15.067599753118154,33.78478582398386,32.43980136563258,17.964822858093896,30.193938481784045,34.41219425916338,24.66407059511911,40.15631676085008,9.60090404858412,36.65323178944064,30.873773692225097,33.42367836604458,40.70369110903126,-7.2210908041867805,13.489387475211691,2.629465277402871,9.180636928440656,16.654187653386952,36.12832836453018,29.509293282108885,4.3856954210379255,37.45738484064292,32.14513216779487,20.41930676001537,18.264611518768643,23.582882263691626,31.727938762576585,37.811777030617044,30.475322774940988,35.16455250374996,38.5976540766886,35.65961970744493,32.55833372025645,38.879768940823794,24.39505820435386,32.42258180811934,5.695947740691146,40.84003269763073,-9.900250086190985,37.40314558283395,16.668435642215275,-7.245799607817322,2.434445238104911,4.224274787559122,15.768810439022637,38.45450733014176,12.020847654337897,36.92133916593221,32.896653912473106,36.01871009876666,10.485266983287904,31.79247579577266,-10.127650861616099,35.80525159609708,39.418583333350256,8.988584499076602,27.8507195239985,37.79920220486962,15.431184155813618,39.27432431835006,20.368091574151794,32.19907923068287,22.79112885236367,-4.03891725265014,35.59891835025286,30.387217333786474,38.062792329015174,26.521564772035738,24.591583915786867,38.946623275325095,41.7681817821884,9.734585870341935,22.35237098587511,22.55179641026141,30.95609782455562,25.627950859611197,9.395658924299255,33.182532331901555,8.753630357682129,12.163563665938836,40.57179714550977,31.50837641128072,13.309490311649522,9.30554946479428,21.28156863767908,30.417766146930706,10.40763736856151,29.215261435392105,6.086996899203121,17.587364789654643,16.477720163682033,16.8140456724359,34.34638147046027,41.24207525274486,39.576059134155535,25.29940788303007,40.21066222403687,32.76493923536783,0.718964056302852,35.00760733274599,-5.702643449474123,30.339569709870965,40.337861569478925,24.35160550907,34.05535610599723,39.53307217994857,20.670990364827144,9.117978098295618,35.60925555061587,35.28835231568743,33.39522695205824,12.86875539198262,31.152505482048387,35.39836526710665,33.20499561151408,33.396612738072356,29.379302893266637,28.9472253407403,32.152413380121864,21.41291218517297,24.496055613993548,37.2651912147071,35.87438740237378,0.8618494083810299,35.17434622965326,35.18159660507288,18.88705050175846,26.175422191761722,38.56880601187268,25.8077717549458,39.52122662087837,36.50016350798821,4.685986556114525,39.85891320075612,16.763268494988548,38.605751855434185,36.680866800109584,22.56468954895505,23.011712379924155,18.262706069465608,41.82514698824121,35.97307798379942,16.487924236933893,12.978637074600083,19.109281532653128,13.958320955177731,9.657464756532677,35.48038211376446,39.619591194157906,28.774588482568376,31.15189823380478,11.033539584755838,18.172463253770964,36.2240591290995,38.562266670709086
35.672388327869335,39.34725251605791,9.168458981096489,41.24621284328172,40.82894598687496,17.680051042806557,-7.745448883314989,41.115797756512656,30.68235769315779,41.79808736628144,19.831430905285842,11.782026940282403,30.11300151338067,31.610743712850198,23.378224319154675,15.553749739158002,25.971383317153713,35.36656155687595,12.331435130829988,39.97815366693342,30.577742774783886,36.189893270152616,27.45602232915786,30.53196222963924,23.27979749126409,11.580391811521505,24.51379754135895,-12.655284282214103,29.360501967313052,18.565851251266288,14.435272708567387,34.198023127839,42.08825950882588,29.381635791157613,26.006080214289934,35.41501174151661,25.969352435264977,22.512050116197624,31.101479984224,34.96879099263282,30.57238205795298,31.145455537626685,34.84895305216812,34.60112274285356,24.77789509763327,15.708519017494323,35.31310041315921,33.68418467851307,18.725149288449447,31.41115391348078,35.7667501687562,25.328701981173474,41.55697825942774,10.063308816484149,37.305729064143904,32.026064486373166,34.1865575118998,42.15283655143546,-7.696449958698694,13.708385785100926,2.708663692306271,9.50891134552115,17.625174297407458,37.60598833998839,30.353528470756505,4.168792101882111,38.94697684832065,33.114483526177715,20.954698293303508,18.451571860022348,23.714486696659243,32.64267770246268,39.366544410152585,31.619627647350583,36.253527039226356,39.81104684676995,36.448904839350014,33.02462462910777,40.48949380252188,25.19827037758131,33.72374097906121,5.606708109017631,41.95427374215287,-10.49221272645384,38.15807825442698,17.34885625661299,-7.714441930456977,2.9033165348811485,4.4846462368197155,16.506101089287583,39.60980042988336,11.88205115432326,38.29574014729676,34.10674549093861,37.27764911188609,10.964602287223418,32.624782535598676,-10.639245894421359,37.32560308711421,41.00801558061307,9.00773735324503,28.395901250552253,39.38293690777068,15.499152138158266,40.51631501888654,21.118761817049045,33.58689759314098,23.56611263140455,-4.868572995234137,36.67518707673319,31.338541742639126,39.16610071511885,27.486652988657802,25.37582375358886,40.31285459871949,43.20445302447592,10.368761945120374,22.71158840595388,23.087210894582636,32.45030251535468,26.664856852266052,9.916340539311594,33.76302232386615,9.01524678491804,12.894233794046585,42.082707192583264,32.75773915005588,13.539425681284516,9.518046407511296,22.004618655032555,30.72537519308798,10.089742990504957,30.572979352985225,6.400786775899895,18.592343677624854,16.598757773519534,17.20199268327455,35.26842364352487,42.26223966472528,41.01123251754813,26.092952230019133,41.26697068779615,33.96476055404487,0.2820041446980354,36.4778924190841,-6.226733366975129,31.6719818903405,41.689295486350545,25.442380846006873,35.30714206036087,40.787048909339376,21.54089721288434,8.752216884711833,36.66109915553426,36.24858430702991,34.0980337224591,13.230456115693034,32.399018448869455,36.40408753700937,34.45602986721311,34.74747397800632,30.25219239869808,29.912688697864564,33.541237487600405,22.52629428584834,24.984471754589176,38.13042996752882,36.964080567007315,0.6806146924489797,36.396041231331026,35.88206744145267,20.10131832904047,27.296344237793445,39.881712824051384,26.942161119370294,40.808179248845164,38.016589989482014,4.3088113101102286,41.44291659530779,17.44350210999647,39.28579135716267,38.19218483344665,23.670398937657534,23.736011118190525,19.260201285417637,42.76567041373925,36.72875409107447,16.86437354591334,13.823162979482488,19.55035267255905,14.148683016638456,10.18384247431793,36.420367572373074,40.82650832280726,29.324337292398223,32.19889636170029,11.10114594780056,19.06939994546432,37.09257836269367,40.12478006542482
35.743235911337344,39.260620991738364,9.161899921463052,41.489624133080675,40.899665137245435,17.787154258953205,-7.469536472843286,41.28951887665442,30.67476511307367,41.743099415998266,19.761689560851853,11.950072019094623,29.964200500510586,31.736429366164664,23.410836072178004,15.234118727477457,25.67082890162306,35.7131721850064,12.036608738700986,39.90633199534249,30.58644185133925,35.881173163771194,27.62054992786614,30.311483529963965,23.262220457681398,11.519938194523666,24.183162823447315,-12.932937757660738,29.133513258476807,18.717648315057843,14.368000909345977,33.86710262818818,42.018231549669316,29.48282243017574,26.328706292995218,35.463238373546524,25.741421001349305,22.53273184956692,31.06778413641407,34.8953839508782,30.82539072259847,31.124492962352527,35.04098637452601,34.9020628410806,24.76147614892042,15.909224688148122,35.412442471568255,33.599152621886006,18.50490489002378,31.512001671067935,35.84683854893156,25.21826763039938,41.43189738054423,10.199803842327979,37.534579793294775,31.994997103237292,34.44342914484627,42.293863466755745,-7.621272696767896,13.549954925401787,2.714072303992848,9.542000994360597,17.022922892098332,37.53351209544373,30.25265871700617,4.199995405214182,38.83539141055441,32.99818747748245,21.086078357086883,18.591920352301386,24.05710529875738,32.72816780751258,39.09105031629798,31.516609921357027,36.47914628815187,39.917749318989294,36.657198589681535,33.46696050180418,40.30773781499293,25.10138628547477,33.38541790140116,5.632198572743641,42.22635042878004,-10.56596118104353,38.51526252855897,16.77953348241779,-7.789123031841572,2.9099662532981365,4.569915172270764,16.60865100232441,39.5759436896968,12.07058331924329,38.477523445111906,33.90799647377394,37.56550829549972,10.905774974128207,32.76004003589267,-10.704306880878928,37.243063463806784,41.02769988777421,9.198031635369647,28.341618596504265,39.524761152747516,15.535820567210296,40.598841575787205,21.187499570859256,33.48678574268981,23.171970449836305,-4.690879956018541,36.84900666070184,31.017555127393646,39.393336240007685,27.302591043696857,25.375588790824455,40.500673245040595,43.395805674304064,10.429743027959583,22.822523302651884,23.00693960183058,32.244345019736755,26.1660079152271,10.069137713476819,33.969524246587746,8.985134445512005,12.887784357122996,42.16416314222312,32.3655698516932,13.462051681927225,9.621405071956103,22.028220784909298,30.9871759161232,10.045424916939258,30.618313796967627,6.308690787116087,18.23638293592087,16.698653073246934,17.181272545720113,35.30224392635566,42.630062218731304,40.80001129655431,26.200605101536656,41.42814276787004,34.05927579795985,0.2679020581229288,36.44632062022528,-6.44694015007173,31.66653431491675,41.6591814475561,25.570112569487343,35.411759501230364,40.929719693324195,21.277583739303047,9.019674245145907,37.03145727964077,36.45318671039111,34.3223535651708,13.45223079010901,32.04840977742092,36.75171506538522,34.64645441279487,34.889007927478104,30.53824987249091,29.82134598639307,33.66271143186633,22.29309700196705,25.113521596846194,38.379652125472674,36.899123989516575,0.697057119395771,36.54097917335569,36.25577863220599,19.564194384782027,27.268568366142894,39.88636133010914,26.672252296737074,41.06907633446451,37.98269191328721,4.195115807523931,41.52770588834462,17.280420611044864,39.5337524138656,37.966454073033695,23.283521620841586,24.025500005283632,19.11693762886827,43.147216220071094,37.16491138355119,16.831218559206526,13.7966244859205,19.495275252321417,14.190105482206942,10.474175987078192,36.596840306043816,40.98683506366422,29.604815618779913,32.12432470459537,11.073138217890216,19.07252650283291,37.54003598678149,40.175941097987675
30.775698351491545,33.614290977141415,7.344858599707607,35.70593150243673,34.14447195014617,15.1406353484972,-5.644770508945254,34.710119413569245,26.4418481555784,35.58054958446541,16.05249909480389,10.717158499807766,25.35267600213332,27.316906485205475,20.777457999560323,13.567099494589987,21.559755954501906,30.38864593667128,10.555975822186031,34.592769583836116,26.079201594295192,30.6664171395918,23.11160764065103,25.89557914978105,19.938228746751335,9.940013609903957,20.855357807638732,-9.969694855517567,24.09674420496306,16.174949545387264,12.739382916290943,28.382958580730882,35.69996524024836,25.947204381667866,22.90440839539006,29.562913983807615,22.16357577907742,19.78889875994979,25.4248904599823,29.19932577288292,26.24601676227096,26.72452714030835,29.900930557629607,30.261587218536246,20.534104417580274,13.128123355252612,29.209719300067103,28.28737077946449,15.898794155431862,26.14089422840007,29.883151402895532,21.851843959048598,35.266385729579696,8.527241374533588,32.50734621549589,27.136900625571055,29.579954911232452,35.47371134933802,-6.146065330374981,12.213860896041444,2.602600578834611,8.632885769550327,14.795661398422196,31.471214282792445,26.037635124837237,4.0036501206249575,32.67689083466916,28.284675739179765,18.268558404388575,16.553901496381066,21.21099353557927,28.075706027486426,33.13340947425212,26.723847895557803,30.797311611969484,34.01039758106272,31.42056516246077,28.875441621805273,33.882248523495974,21.56939985525147,28.402189476075268,5.3390888792541285,35.893114436385304,-8.399467563534321,33.08865229373834,14.960040563707572,-6.373455073343829,2.381130950999759,3.741175726376518,13.89652902514669,33.956711160758175,10.805872349564506,32.14737084446853,29.00510647149626,31.442433907126112,9.477494089636165,27.95604085206157,-8.479369341212738,31.154445883568307,34.27848128873133,8.311534941702499,24.636202835292252,32.77236870230442,13.989629094834914,34.576041611139765,17.776433164576925,27.921279112595677,20.36204742570145,-2.9250840970706213,31.470808400760184,26.840577588208856,33.47359415383322,23.249691520032183,21.463543415809077,34.094024348740795,36.47358624625181,8.430088454573324,20.09638953735263,20.153206738429272,26.922347679650716,22.752334133527622,8.155515323410269,29.4508516028285,7.710403937238344,10.645073239037908,35.319943362522,27.75761202336914,12.12736021401547,8.526160454297896,18.713633477707912,27.25889985849685,9.663565571242271,25.48076460293599,5.308745362600575,15.434532751859061,15.081512294172398,15.126834439393763,30.43481209529465,36.265803181538615,34.78606506931702,22.308374472201947,35.44373464850532,28.527434748737445,1.2158681129384714,30.449411130096884,-4.65130839955359,26.441973300117354,35.40697483947505,20.948722685429242,29.809742511667903,34.630266836485326,18.318105984194904,8.352678448851506,31.123229539003646,31.116164238459373,29.55346435758655,11.580016076885961,27.398609535661908,31.073378471611544,28.956220391366077,28.98883064072342,25.81032374826428,25.442090984455934,28.12807931260398,18.69642206435208,21.527854666392717,32.939864589763346,31.594290817463893,0.9983164338369211,30.63132251667188,31.097832260090108,16.605977779138204,22.839747984546552,33.81851849613495,22.59658564691075,34.647508600947816,31.68362502913602,4.703791558924742,34.70101622548495,14.758120014320928,34.22317845167895,32.0612831312993,19.79469091494264,20.03306506604641,15.812425997768791,36.853869086145046,31.774962481385934,14.69224015302006,11.298489309553068,17.211691867531325,12.766196716366697,8.78724362685826,31.13185070388799,34.82560940087552,25.51351009660772,27.130874920625917,10.06345779039693,16.022282536581873,31.824087080790132,33.500157099978765
32.50289780867186,35.838100321234826,8.102654547750276,37.84971998573669,36.784744884486386,16.036030888321935,-6.406220464151809,37.1381230510514,27.8281197693934,37.907268087512776,17.18199018944033,11.126390370547675,27.35732480501016,28.878847117310933,21.54386623914129,13.663111426384896,23.16285828621422,32.47809539755235,10.767679157847734,36.59806397891484,27.822724763734044,32.45694985600696,24.534551238070335,27.616442883023254,21.352174023504983,10.503950699768675,21.75912610548082,-11.523614235812383,26.024973898845232,17.224784387829647,13.366646327820895,30.460576985338395,37.96245836022406,27.12978303560484,24.118324336722758,31.999331413766694,23.565864361137017,20.405122479613613,27.67692972996196,31.517465901728137,27.709920801512585,28.654812200872595,31.663265563541973,32.02457643122581,22.27851830367948,13.971255502210512,31.68852915134363,30.505545787827916,16.564666737488107,28.541089944215464,32.41622080070587,23.151431005832677,37.58664328597103,9.138479965533728,34.41347734231042,28.658038779635636,31.401558822767086,38.18530328189357,-6.71704451387073,12.581965900045285,2.3563020853319223,8.716006134348802,15.208271514970903,33.791091570362894,27.843355274210204,4.081233951770102,35.1225841553677,30.279825816179073,19.21062247128549,16.95962160074912,22.235828132799945,29.690705744946275,35.32738619384519,28.688596429892655,33.050304867282065,36.19091009419772,33.54783971665027,30.637944622990716,36.275052499179964,23.157614788441247,30.23896245186937,5.3238251996545625,38.3050586340272,-9.29737508453991,35.163517681229585,15.329393161599764,-6.751629118570241,2.189896486489381,3.8013889902059135,14.909674093282998,36.163349351605454,11.30545734311488,34.67665919296072,30.5805179436275,33.84041702789963,10.010740258488624,30.094666159281115,-9.451146881414768,33.55797517210025,36.809029759164744,8.373654474489118,25.955872252279093,35.37062648176853,14.409119861862706,36.91009435687561,19.231234145182075,30.124486252500148,21.159323726593378,-3.885075185350556,33.451985448872044,28.53001498660775,35.748980584522165,24.96027235156451,23.08516481391663,36.54904106709953,39.21838518634804,8.805706008527608,20.99983810391538,20.879033297407414,29.032331346956955,23.690391390756684,8.639760194933379,31.28152763059604,8.327005036991478,11.276516396500295,38.0514399972742,29.182607779722563,12.184958776022633,8.646556626929227,20.00566502069578,28.69068555890919,9.626773837516954,27.40896593873536,5.744560042176009,16.076060476973623,15.599615424507354,15.838081978313808,32.25319707781364,38.66541763296025,37.03459793082788,23.52224635393303,37.72359447798614,30.785950260289656,0.5116436551262077,32.85716975960846,-5.386169420948583,28.575204974528283,37.57433434032373,23.136740462148087,31.912778456311266,37.22620084470884,19.018308302651118,8.550356860712599,33.452543889848606,33.05133965963025,31.522130094442044,12.24085555594948,28.914766458509686,33.14672628627023,31.31380391704443,31.362837764185652,27.805222021327502,27.049981229554703,30.13169082420225,19.94009028158235,22.982953053799584,35.01650962426436,33.658229035122616,0.6393246523572489,32.95151411934815,33.108952869116955,17.278290607676237,24.642403279333646,36.14242586533377,24.140175496192626,36.946644746467996,34.09207343939844,4.317134346633942,37.4020682305812,15.874098397775183,36.27892079033956,34.325356204389244,21.07593215005691,21.534255482858633,16.90100270203209,39.30777858821968,33.71575435308316,15.552412377466359,11.911614385922121,18.000280470144926,13.096213378048004,8.962594680477984,33.17468881709696,37.22963129702579,27.091272964375985,29.290117298904967,10.438004283531239,16.82819436662823,33.971119125187855,36.16864102622134
32.04031365670191,34.79183606515512,7.858302543129512,37.13715803166266,35.72979432243165,15.752275313139396,-5.897827288165575,36.34307306277235,27.42371499979535,36.94752165335165,16.79290046151165,11.004821533328098,26.256831409013873,28.38978337710235,21.273017057804065,13.925927790629038,22.353062127054326,31.778695088758006,10.610574518966247,35.80067746910877,26.97809442098926,31.697385450147845,24.076419089703137,26.60515959931368,20.642291690851764,10.365099747953407,21.35314395052653,-10.729243707747667,25.066323341166346,16.677755779855733,13.166301520000424,29.336899323048115,37.172929989911665,26.78391202891767,24.006171883964175,30.925861356032165,22.80242156200101,20.654873363524924,26.65166532917502,30.349633200676916,27.610963429766052,27.637748001357515,31.060579313505414,31.542096277690884,21.372266470724288,13.92511033216229,30.65103412743187,29.405335440237007,16.25354877936621,27.38318449291639,31.24018095550168,22.505099797521666,36.54487779279508,9.016108049839808,33.866418837753876,28.37181904452932,30.93651639848563,37.074370512093274,-6.672481938272872,12.341670644431742,2.461088280271338,8.606151052873676,15.007287179925072,32.76004017289343,26.857262160783236,4.090543021645886,33.91627061849102,29.214881862939944,18.92257008037638,17.234304871014043,22.065179581966767,29.042197242448722,34.30112881826265,27.738913458160106,32.212796450962614,35.250272719892656,32.90549439343912,30.2271002536055,35.22528062973645,22.15926274271951,29.265515861519567,5.5533585784543575,37.52597305245295,-9.142916878353569,34.603990276605465,15.064005660968824,-6.658241889414912,2.3552722343452865,3.981997905373229,14.645558467747675,35.1417929219128,11.303034421708153,33.72139762399217,29.898431459706817,32.98121933691691,9.709756176999553,29.11718999389203,-9.184025981077015,32.43630927472048,35.833932837495496,8.37778601828235,25.56531753135453,34.42149525431089,14.510735223427849,35.939138240732774,18.417620314060866,29.138932531882826,20.70833673264882,-3.145068787759987,32.63920747289928,27.56504059143999,34.9834915044573,24.00727759954243,22.46249735919362,35.59237422599254,38.19080361489305,8.949643905974058,20.69212274847554,20.93811617815908,28.003502357691755,23.253401642170207,8.719207054144315,30.652229759943864,8.016694503263484,11.140662040347799,36.90018139917387,28.618899524935774,12.604995252979824,8.67100692704121,19.473936034330436,28.29741328460248,9.718522858445962,26.6630096539055,5.439656509311816,15.901261645266462,15.321752773556808,15.539734107281799,31.578454010746693,37.99531526184524,36.04458390072327,23.287351037934005,37.00201385414397,29.788529240604824,1.0321050322096694,31.75664675061804,-5.127198299916492,27.542273243205543,36.878887990176715,21.970432363404665,31.14295766583804,36.07004588981354,18.88781925650735,8.576561811088183,32.80179625145235,32.56447274709473,30.74378550474601,12.082388713003354,28.297646531794832,32.68178285327468,30.437431144304195,30.455767010534473,26.956494457387144,26.417382980056853,29.387277692474164,19.317933143801312,22.538237549940547,34.355057087705546,32.703836427262566,0.7347483885649767,31.99012835794219,32.580998758183725,17.009701166386158,23.858258598967964,35.12708303912418,23.384209017485148,36.33619287176533,33.17515472001207,4.508757851117127,36.244398762867625,15.147123703560911,35.683981586295225,33.27074613322399,20.373863753097897,21.329200994207234,16.599178952682358,38.47628491645908,33.35270814741842,15.313589503910144,11.774465812689948,17.530781678678515,12.996288538159597,9.179562300564038,32.475125904124134,36.362093148800945,26.644790529642844,28.20218942007695,10.33791565668577,16.546036131869663,33.4902989469214,35.012246149236
31.38395216842011,33.911214423576844,7.516962088800268,36.36015303424048,34.62696114474297,15.399464612358816,-5.507719909135242,35.37439212801907,26.902607930512715,35.9876805492059,16.304630334932707,11.17112562134831,25.343493656923904,27.83639063111748,20.85403046344641,13.84325095080921,21.5494353752109,30.900579838711014,10.265419527882253,35.048711108279996,26.208660912297866,31.03526596619224,23.322711288981022,25.918365040195848,19.92740514492904,10.103299701087971,20.913516907887836,-9.940470187027026,24.2368251658613,16.396712217643596,12.747725444464402,28.40319595952083,36.28020616846751,26.248674126637027,23.548084141690627,29.8819371420526,22.169982399275057,20.622384144759142,25.695447673716146,29.317511969385944,27.12849581561967,26.783908663459616,30.302357196112517,30.918560224722857,20.597337119641633,13.482989917686092,29.565998133412037,28.437081331368265,15.905197805676275,26.33085725137603,30.12626197105685,22.03276107234297,35.58252573976855,8.818821073029497,33.16024420487059,27.85469437933699,30.286883523342958,36.007786448143314,-6.400972168112635,12.277061453760428,2.4925587047174504,8.483177003979415,14.745080031272597,31.81998336095262,26.047134829976077,4.1417171803052355,32.859830737849705,28.450812311473058,18.388446941894,17.19129037952503,21.76998414083785,28.31631624895248,33.36319525230326,26.913251719974415,31.279494120817542,34.296389901794576,32.07711462538176,29.536814187930826,34.25310169955459,21.354968426848664,28.528409550667906,5.5866743307822455,36.626524889997924,-8.752161637911408,33.84063014506894,14.806675557436042,-6.461371502051404,2.240060013851118,3.828331095316861,14.32360772276271,34.16532886781678,11.294497823156918,32.716180691588974,29.26704145811326,31.981431352375,9.380373261354054,28.193410805451034,-8.891131350520409,31.457614870838036,34.87487330120899,8.330031124211768,25.000690712145623,33.37820116645038,14.377393762787925,34.978421750348986,17.701888535551543,28.257084188891618,20.35676127745195,-2.5049644702907243,31.72601580581046,26.807464957763976,34.03847491549531,23.19792993683247,21.831214358634465,34.595774531682615,37.0393244509023,8.809311263651308,20.186988012331412,20.635273822586736,27.084041730503785,22.8734914586179,8.60325786120855,29.871804530168582,7.829242656033068,10.906705819034237,35.79832555872368,28.088337125768927,12.646459857245032,8.502051295731976,19.091330209458643,27.68839110010359,10.021704009063626,25.825464597632998,5.218369730465798,15.659188792521954,14.941295057261941,15.245381827193292,30.808950706070597,37.10251651797417,35.064953120204116,22.88834590432902,36.16435586064829,28.90844177081687,1.555166650183836,30.73323567124479,-4.7145062848175625,26.607521061805883,36.0117344703169,20.950841506743373,30.34794965475201,34.98070367106773,18.572092165881436,8.8386260203225,31.85219791488088,31.78719145075165,29.986039657050394,11.852574070382198,27.752039636740925,31.95484892298451,29.41113784669032,29.484407871692053,26.09303996889412,25.788452987234336,28.5344347786451,18.7286748124707,22.003100066472456,33.476275081065175,31.826134870871705,0.9650731989109911,31.11869421743797,31.791794303368913,16.663328053156103,22.97807960548315,34.22664703211158,22.59429110858424,35.482093786331816,32.24149287777639,4.9037771759484325,35.12551102348762,14.630596793622066,34.921165373850506,32.24365381861646,19.73754977305277,20.75646603093994,16.197986484183787,37.57555521422326,32.66127229267865,14.946307404925273,11.393202705688081,17.037329753035664,12.771108086709097,8.846277376560504,31.759288733368482,35.340973193758096,26.038335146798257,27.316598395732797,10.159073158612065,16.0750816820831,32.74646227720075,33.894509295388055
35.637433105177614,39.37464353537566,8.838403292662429,41.32782696301881,40.59301869777706,17.595225541913894,-7.494339768245797,40.96993884038319,30.681498604776028,41.68910796400394,19.408771480754627,11.875382376630544,30.024232913769424,31.643558105591847,23.47454087875608,15.308498320577714,25.676240015232153,35.3632731521204,12.131473507294285,40.0483092225007,30.527636261327913,36.028370975468185,27.309603914403354,30.347174668687373,23.26961660144909,11.383941275890491,24.27034972279387,-12.596446887899683,29.083313892360763,18.76243157041934,14.44301508993615,33.901533823278804,42.01500245310771,29.51371107112558,26.08612142043168,35.224346955853875,25.747977252510044,22.510756921111213,30.764766329543203,34.82059413234735,30.54751901493344,31.114723884325013,34.93475119779421,34.753397004234266,24.478709086269305,15.567052352240367,35.05832124314876,33.5495558736605,18.57838813720125,31.27933131560411,35.613463979074126,25.26952222013116,41.42778306949192,9.900298287586613,37.457583793102074,31.785864574219982,34.2488778308341,42.025069417237525,-7.545381757614862,13.696746194273775,2.65805397387462,9.365755843875816,17.293930884725246,37.394486506334474,30.286174751810965,4.247931716842753,38.794226476128486,33.09387880407728,20.986807222977898,18.447738405255475,23.859535834213602,32.655787445918776,39.0818147097706,31.47778057847051,36.16940293674368,39.70743814464564,36.52958819662637,33.26096684602477,40.25025804237364,25.172268338066434,33.505037539282895,5.496136960465494,41.92510289469041,-10.364593182221677,38.258437120132164,17.16423199996988,-7.6443922093658525,2.654502515649604,4.367235181024017,16.357489021683886,39.553560359465614,12.113368773689318,38.08827745113357,33.955352121607284,37.19590381730777,10.909994831948422,32.647383141822175,-10.527064073356918,37.10267004621084,40.7530551540462,9.065603694219732,28.47751202341662,39.155568609438276,15.551426219528901,40.46538438452974,21.051255931067242,33.372879369943014,23.414529094238528,-4.604107273526882,36.61312975704743,31.224748381614795,39.105387371907504,27.34197875172585,25.27913580304391,40.16983634629429,43.109308599688845,10.161017855312515,22.664090162295455,22.993172955006035,32.147569856102294,26.44992296634873,9.564707220053611,33.92080772109705,9.088319779805873,12.675679045860276,41.930139574421844,32.54323691921454,13.402429069606645,9.50571884340194,21.846057425306082,30.95173417260513,10.333786028163722,30.257217189885516,6.198037316349382,18.26840606879756,16.748444670043394,17.195080412324558,35.26905448733994,42.34632972966591,40.82153923276539,26.035913045438267,41.27364568152288,33.8841039195643,0.3734937964937983,36.25713124517537,-6.260670225198627,31.455644340904698,41.605047527819046,25.29374009421177,35.128940704318524,40.76602592815234,21.32864133083165,8.896704075238263,36.690633479399345,36.2064457853452,34.186954437040285,13.265085984770591,32.21728593762637,36.32913723291795,34.25451861140825,34.54056933338705,30.18768561309228,29.681256099006635,33.27630610965711,22.207620577954525,25.083667666181835,38.21421015643087,36.946939705503524,0.7766976202835627,36.26866044888511,36.012461949897244,19.744764085243407,27.04464730218444,39.77174973661162,26.71351653125903,40.721099264844575,37.81955473626623,4.496786583056649,41.23074493300205,17.29568888092822,39.430567947386166,37.942420330645454,23.42511280258501,23.688059252409936,18.914302386531137,42.85200841165121,36.77880968910863,16.835093246516188,13.627726756918413,19.590151793037553,14.180893531808385,10.10912589119031,36.44348618351741,40.784601121098426,29.43867967984306,32.065201062278234,11.12495942234376,18.88195267760137,37.13121518459765,39.908005712130674
35.57868529764463,39.33187492142385,8.872095595021824,41.372574679653674,40.47107432583021,17.509085929943524,-7.313940695242788,40.84468975605065,30.53531899652208,41.58637320985164,19.14302558537691,12.107792654350915,30.027890540623787,31.60217364351601,23.47140282324271,15.152471243613736,25.538848110338606,35.522271521681446,11.99922967463494,40.03398970312465,30.56211073403198,35.801775433706794,27.033580075966942,30.364536418457966,23.362248688755678,11.506051576618905,24.02619966912769,-12.634464420729463,28.823060966166512,18.76302294785504,14.641451241539055,33.68272942440205,41.77285314664678,29.57478942010178,26.24884684591027,35.17737018708391,25.901930629712222,22.370306928824178,30.584078559430502,34.71810717376789,30.398259756284812,31.317574743318033,34.72605955738522,34.937035807094816,24.537144516182984,15.38346418274539,34.92349108198265,33.53547777651054,18.41959413406579,31.326522488208475,35.60948891859665,25.374630039219504,41.368949278995046,9.99683946219996,37.56846251313568,31.578857033083995,34.36133321053427,41.953480451275475,-7.551671516743889,13.780333801902977,2.514050982245661,9.463145986532682,17.002490102459603,37.238703274575265,30.470662927319903,4.310004964986304,38.657270703903215,33.13724856820998,21.03964590265943,18.490886485267715,24.062584835512137,32.537912647849396,38.9590388439136,31.52972977959162,36.26059755246516,39.71199968475781,36.62927498898822,33.33415456955248,40.00123407546144,25.348473209977577,33.35450522205871,5.675430495541158,41.94599123186792,-10.335823944036608,38.39084480532863,17.027384518162638,-7.433907526616694,2.5486811282702933,4.2773238765480235,16.30684654197099,39.62184355866671,12.27449326360174,38.054907695671545,33.74248474256308,37.10741779109529,10.974105950156856,32.87298458376972,-10.417742374907814,36.96102512829077,40.55728199215117,9.102707219293753,28.400326837505553,38.94988080634974,15.71046853855771,40.47655293155625,21.078120805680804,33.20012468894756,23.327746966458573,-4.470556973442184,36.63884407380715,31.283979152496382,39.18438317118892,27.360531752492555,25.292303861663388,40.15418388772322,43.02949149130553,9.856545153280553,22.869450765802856,22.91492084574063,32.05985969351236,26.241167519508714,9.624746306915963,34.077312533244196,9.057522536081116,12.456161846337952,41.832316362730246,32.26498957432533,13.380276132838498,9.441301032474545,21.923941071542018,31.175663943786407,10.413632088937721,30.253283677677157,6.392699179114989,17.975465078102303,16.857591602880646,17.30748655081667,35.32015714665733,42.30831050418362,40.712356943452555,25.860127031531498,41.299204619743314,33.818214646400236,0.4923552035813861,36.17676664671714,-5.986615934074157,31.436492694201075,41.34048056109056,25.395469220569478,35.104043818807426,40.80714752341212,21.049722902345263,9.148470331536325,36.613535659766335,36.17739052472722,34.40334937557064,13.392451326833353,31.98813475792799,36.30679116900239,34.36614838223347,34.46365423650304,30.42619436566495,29.616033360547643,33.154703784444166,22.047529504572452,25.10602027250553,38.273291820380585,36.85464397908337,0.7975053414873798,36.225910683072335,36.10876874451105,19.32639224796625,27.0956657182336,39.71242773841292,26.670761224003943,40.56106412518569,37.57423712616382,4.572345300805699,41.14280050788493,17.429401794406647,39.579817242672796,37.83420230911264,23.29042445572542,23.596040825444806,18.753462373634736,42.9730198776338,36.85973828152749,16.955850551669645,13.283991341457662,19.650101879728478,14.221611968102756,9.904805802634575,36.35080297759615,40.8064537444109,29.536860471391215,32.12630552681164,11.27994258697829,18.675439715660282,37.16643109241931,39.79296192962989
34.68024856444163,37.70129898055022,8.201312876576912,40.110301840473525,38.353473841048995,16.865862221945992,-6.299222574081366,39.05031901267883,29.660054932902916,39.892380858267806,17.902231037756646,12.058184897814048,28.27363024799581,30.72248760941082,23.053710643346218,15.235508170931682,24.005397870232795,34.194330356758876,11.52132563877428,38.84900789413364,29.136071531363466,34.35307584231467,25.842737555272823,28.813706678195757,22.254623142794852,10.98209022042331,23.159246214123677,-11.236727525459086,26.918952612802975,18.071602587093622,14.145417380699936,31.65836801394747,40.216089044320604,29.01203306476882,25.82986325065594,33.12842450185979,24.647760614631526,22.463201874254104,28.48838222507076,32.65704467702695,29.7879392679882,29.8370821324268,33.56054804865863,34.04516306168958,22.815891031500183,14.827207019527357,32.80157060094285,31.604578287466456,17.66290984700305,29.271752680811442,33.496445198825896,24.38305296146544,39.48360198609391,9.327938212034658,36.609992059761005,30.603489500897766,33.368886794375214,39.84930268604876,-6.912381154212569,13.51466053830919,2.626145735244468,9.257512380436882,16.383093594947653,35.333022728015685,29.012833798636915,4.531092904070995,36.521550987816184,31.59642669287315,20.305703955569825,18.665642198620873,23.886063893783028,31.39697148842851,37.01902341822088,29.839561366388597,34.65947984703438,38.01149156331848,35.4872510152797,32.641376165093654,37.992509983325796,23.859690368611187,31.696430345748357,6.04367244948453,40.46877700014596,-9.57770703547446,37.287521320905924,16.580616145343782,-7.099301558510887,2.413192448901868,4.154663826163355,15.57489279846147,37.91539026442723,12.22488244959942,36.192384978085606,32.40438657069908,35.37484067798962,10.389698871599245,31.378300742692176,-9.635317364785143,34.869934062373964,38.5331746991639,9.058699003650696,27.778150270678143,36.901023826440706,15.850229080876597,38.70138081199312,19.667617172060286,31.34316891524923,22.695152960975,-3.1752669727747604,35.169398339694865,29.896208335598104,37.634582465841135,25.846786259726624,24.12497408514642,38.22323718550077,41.03702785462873,9.57024446093937,22.298015998843894,22.722091745947942,30.08828336992532,25.36740803618143,9.236329555175233,33.07448769218576,8.702176710752752,11.853580366500346,39.704236000041846,31.06348036601233,13.735445288349021,9.33600622113344,21.04394427967403,30.621708072914423,10.851893384523152,28.532695562834377,5.643433702562078,17.236702116917336,16.53954922117336,16.64921745492687,34.12030013904221,40.951771059603296,38.93910139133774,25.234565428422812,39.97618594021361,31.98781115002913,1.3617193008659438,34.066333803889165,-5.411132807821727,29.555035747863034,39.851951137427555,23.3787746164095,33.498160087394815,38.81071926273457,20.515030707007533,9.459985482737517,35.20327790077256,35.09411259633556,33.08977171495717,12.917055119514943,30.6825894415261,35.13038742904013,32.54016028957624,32.599055482986756,28.909969719982197,28.502348241877044,31.49770512692016,20.809836353531402,24.42227318528719,37.02489765342348,35.38350822523158,1.0063696211213362,34.44305265713083,35.11850559323799,18.48898549062466,25.590303189529596,37.873912127712984,25.21478866346069,39.140760497621,35.730236267142594,5.179932610513414,38.94529257529485,16.28301416929938,38.55702909814091,35.87521446096642,21.9969459033345,22.867504323145237,17.846004608369125,41.50444739200407,35.937286833609726,16.491118926615904,12.581772441997723,18.99773562575174,14.124093137322658,9.706364266748196,35.10658513170563,39.17945316867456,28.859194731554606,30.37551200898925,11.229132487966464,17.804459458209397,36.06131491309731,37.593115409660484
36.56471028283859,40.45353852205361,9.375259872682733,42.42969217070974,41.98119861220429,18.106786709799735,-7.870466604195147,42.28573327133376,31.45159442130321,42.911669324175904,20.209074298083415,12.10934369665761,30.99254509595153,32.440944688407484,24.015591945027,15.54088470932484,26.583971477553842,36.482287482987076,12.429475677601584,41.0108664417881,31.483377226382487,36.92865246088507,28.196622431171782,31.218734497870006,23.969413159215954,11.744399472725297,24.879663083729632,-13.371783604703824,30.115624065559988,19.248351040040873,14.803580590958855,34.98618134116043,43.17384729592166,30.105675262320588,26.761924040601752,36.482640006238775,26.551758171544137,22.860717224522524,31.985756094040124,36.00389991813637,31.34554822737844,32.02456883531587,35.89217009210296,35.599459273522015,25.470839744853773,16.181883652713555,36.39976326580937,34.688155578718344,19.011997750129794,32.496257795342274,36.904842678931956,25.957629231327466,42.61883482931218,10.331844050164197,38.38288177290243,32.69606885683334,35.18453940631953,43.4098455276677,-7.8582460084287105,13.888426890874086,2.6917693949817614,9.69206351122407,17.630279337314235,38.621571779752266,31.17629170540991,4.241742630500668,40.03535495161839,34.003220165991316,21.556119256876975,18.7622720040071,24.412977769406684,33.5404052073917,40.27285543695062,32.47378183464639,37.357545037730965,40.8982036971776,37.542742434044385,34.15393692005366,41.49224517913964,25.937342671702368,34.476656848133246,5.5696847623240355,43.16018505446456,-10.800410282497486,39.32410439220076,17.44735174702878,-7.8784107604099525,2.8549969761460785,4.534274247638286,16.89386944928184,40.71937596492205,12.290925314067982,39.41599699574832,34.845105519591655,38.473068842718476,11.215707251530652,33.66796498050176,-10.932613518415064,38.337960319625275,42.10258546550945,9.216154760377252,29.18021936706857,40.52960909512061,15.867723016959012,41.66564684446232,21.864788741575868,34.52927362543809,23.87273621604974,-5.130827645915784,37.72225865722582,32.045659124290744,40.314132874621286,28.24002649018106,26.136948155981038,41.4972562917893,44.541811306454434,10.560209874229221,23.3296159475742,23.449216281251207,33.27076410126929,27.001577438907095,9.988920050660228,34.81709618557607,9.345873065547883,13.104725004082258,43.30764810246327,33.29703789173277,13.582923277364156,9.785330897941947,22.553603955146645,31.710432614045185,10.217556914207329,31.363380251844834,6.485580559816857,18.737277072306483,17.127239869746994,17.693510087586134,36.1963037801988,43.56564183161048,42.00985404310317,26.698191458696698,42.402391870033675,35.00062664963871,0.0023301976803877834,37.49696419472536,-6.591257837942334,32.57986280846724,42.7531439091447,26.410597383701777,36.25988589584778,42.0825835872158,21.80799770608548,8.996903557136795,37.862342203125905,37.275832823468555,35.18631490744835,13.678894349455213,32.98575667834957,37.43835698994356,35.521511616205515,35.80223414981546,31.249537224242925,30.595054545271502,34.44137711625293,23.02533214008058,25.79376028568757,39.297055345619796,37.961591256438204,0.6789386498268963,37.49501897066336,37.028371522771174,20.212627183514947,28.080819499503907,40.98526004686477,27.54747928464849,41.94642827103208,39.02834496029811,4.206392187252577,42.65453911392063,17.926150932711295,40.44489520373903,39.15204498044812,24.097486879359796,24.48159288164814,19.513484914425423,44.11077178375341,37.831453547895116,17.30021733126509,14.04413301088569,20.090587166694856,14.450769986765431,10.452179038032671,37.47021566327292,42.068064469203286,30.240789694415145,33.1512642833733,11.307046819065821,19.489274507114047,38.23555737279305,41.30090514346948
36.24931140820536,39.887935498288336,9.202203060637501,42.09435352027668,41.24571308931051,17.861232286778506,-7.406293338122615,41.59109400532579,31.015343406417323,42.290590203833965,19.640057444526523,12.15240247826672,30.460504135750256,32.09670156259115,23.87135801196045,15.536769589961754,26.08402308367205,36.12461419692205,12.400563460006612,40.646992080924264,31.112659055246706,36.37482765351124,27.75713572936414,30.879326697592727,23.70404820788798,11.693671684572223,24.61807017765581,-12.93651051679603,29.344613646666375,18.966515709431025,14.901644991375395,34.24790147012587,42.4902273899275,30.144770246990518,26.761120086532376,35.80614634083349,26.385166084555017,22.782650955296447,31.194770608021752,35.291245160720266,31.09367858063623,31.776183426922625,35.42113724962032,35.46312777811832,25.00377520801342,15.839787799059314,35.62613883253266,34.11028763039079,18.82416998983591,31.833901611707187,36.26504867861055,25.73878189349036,42.07384431932573,10.268451612266087,38.20755422518999,32.24964613519711,34.96983799643811,42.68704348260691,-7.674164036786022,13.812243289702959,2.8742112995022038,9.727804494355158,17.418174470316313,37.8694618238597,30.867073146222392,4.373979799368296,39.344881914003906,33.584483507391404,21.450983925062037,18.88594460553824,24.44703572345469,33.214124906921306,39.64629197627721,32.00808517432524,36.98618695727054,40.5308328533026,37.19423684310446,33.93100580493379,40.72082870154263,25.66081392197183,33.88514641124224,5.744843950879804,42.711186455180005,-10.45682816523194,39.036666068165616,17.297328931874418,-7.724926150307172,2.7335309444974887,4.520804409739877,16.641319895400503,40.28669180935201,12.238837660451392,38.735928924021096,34.37397698704768,37.816681176530594,11.17151767452021,33.33176615340169,-10.593984177134345,37.62219430225778,41.27819374023636,9.50308493980021,28.840634720090048,39.67805038497924,15.932676624273647,41.19198862749652,21.51084417713519,33.76178859213506,23.756434512687125,-4.698104036461239,37.41871141714431,31.761339783783825,39.91760934322792,27.830344953179498,25.733989697297584,40.93373104340466,43.805418887593746,10.229061850904055,23.32778766418995,23.42311467357802,32.64400622500041,26.71735107449873,9.970588398769538,34.64644642995594,9.204642087267308,12.810412670586869,42.572197128324966,32.89033665894074,13.731758762762915,9.759890499330488,22.37623029632824,31.66950123918834,10.43686742261023,30.960807867842064,6.528744061808692,18.33461123783209,17.225662724449705,17.569471894094693,35.90603702279819,43.02684015760747,41.44902370064611,26.452229779794703,41.96464843476359,34.29622579996646,0.3617859176281117,36.85349842030885,-6.3533179330843215,32.039190634610456,42.124788545902085,25.837669251681813,35.752080773048554,41.46088932803331,21.50080925099746,9.154881959109153,37.27208407630747,36.96824700785481,34.919140626736656,13.539497656101046,32.63369051232786,37.010267109349286,35.03291230241447,35.130985267564085,30.93452987275584,30.290180578879628,33.89289839639098,22.526755167346874,25.407272581500393,39.00857590678706,37.51892067500647,0.756213080515211,36.895987154498656,36.72346949188194,19.74536391113345,27.62654390636597,40.417879650747906,27.148749430461326,41.357012446151515,38.21080208579669,4.4294474838793985,41.886516401009295,17.710906080764413,40.221420403660744,38.56140128203098,23.674607269234894,24.087499227729797,19.04996032385193,43.71300838348719,37.57227855398467,17.3158929937886,13.69446964360377,20.00882158691845,14.527477989034798,10.328398807831205,36.89956555603444,41.556360629620656,30.078219555584827,32.62937782102843,11.510882950996747,19.107283034244247,37.84342778330097,40.53114290083442
29.549686071153246,32.43051151822326,7.062862573382328,34.389227351125825,33.007021225018384,14.622676225757116,-5.445328057623716,33.54000935583856,25.539547162409097,34.36898161812981,15.574557765162231,10.463334219270942,24.548063817855418,26.3157331264001,19.858449351099406,12.924423339091069,20.809666895306712,29.27916414266607,10.029936589751706,33.393293505917974,25.02497319565798,29.6836526826645,22.25704389334605,25.02865342988492,19.241471267609217,9.727164781052446,20.042751719318584,-9.529723367638839,23.33779589849298,15.674948679065398,12.193947556222476,27.47567827429032,34.4339975452775,24.91644816525146,22.078333492535837,28.650627525999695,21.34321291525444,19.072828582765634,24.652187081013604,28.261611407909204,25.200582869857342,25.783649183057886,28.7839007202946,29.17868524721033,19.931783238940305,12.623500957221394,28.238782640803613,27.298723345642944,15.291858974851763,25.334516762322508,28.892525727294423,21.13947157602929,34.02168630346134,8.306068801379022,31.25858667963546,26.19193960539938,28.477676904087307,34.30377417916423,-6.085639389862134,11.89941004333693,2.3602971255262766,8.134580149333882,14.20666952117772,30.426766232800002,25.189609431187396,4.012326047297162,31.592742369224666,27.336268783158598,17.517381666752616,15.85093456636519,20.394187391201548,27.048189427854112,32.03378292822898,25.85949078547421,29.70020086884457,32.70726717448134,30.322213319118507,27.69330215159517,32.778703181091046,20.853029050690445,27.50216410689059,5.290087301639627,34.61912311866053,-8.309611266098669,31.883374030936213,14.311577250018715,-6.152943186810594,2.245422166116772,3.485647300321505,13.488776756748345,32.70417428982544,10.559108842792087,31.13603973875101,27.964991959222615,30.353693590596574,9.142569895242048,26.932420276627795,-8.373584987732894,30.219371906772352,33.201492745850324,7.713995666248993,23.730539413919033,31.71330699903569,13.428328592030956,33.3578851875295,17.167121305386427,27.049345736444735,19.6105966000803,-2.7311284804934397,30.216110826893157,25.9376059302212,32.24877786675381,22.42040746861497,20.783688480785244,32.91277484149204,35.19574718784833,8.08267284470992,19.27756432042096,19.324679348994675,26.105185294354552,21.959017918697374,7.910183776982416,28.248459363155877,7.488856122424444,10.289779390610938,34.15874849740558,26.823894822803286,11.664589597017395,8.124454562429777,18.06907494364532,26.15082849378554,9.399629324797385,24.58598225542625,5.099799085799057,15.009000916611368,14.445764114866654,14.573549248443726,29.287537556916284,34.97426126358384,33.53945743154984,21.46839784817488,34.20358370940815,27.63264719181824,1.2622150377169223,29.48097436720352,-4.288498383014614,25.523591693808456,34.114584277594965,20.286484692118986,28.820391524658685,33.43954875993875,17.596882616104946,8.143360496150297,30.01134951496331,29.88749819870139,28.55040898704131,11.237238361767435,26.45966555906886,29.976241860822597,27.958668374506868,28.01257781940692,24.8775842417139,24.553349300311687,27.199417701414752,18.007865043513338,20.72133581668406,31.668480917680938,30.432367182839158,0.8326927777735437,29.598274484215562,29.91400529613951,16.031062516505845,22.0112540106708,32.629645792309155,21.827573458456076,33.420828297208566,30.6769345114102,4.697349285894133,33.55594859179023,14.330439336343645,32.946631674994215,30.911295158679177,19.178828482546823,19.23486323622722,15.50414137442078,35.545153897908946,30.556876927540163,14.215420676507268,10.987693522475332,16.48531371847188,12.151437337211735,8.355498659651282,30.075965257988546,33.50849244698781,24.502086254880336,26.256580091668123,9.707078764679906,15.436729231670334,30.658514477571114,32.37832692727562
36.76083718514335,41.161385686181454,9.457462742728156,42.835031999152974,42.52462981034875,18.28001116058753,-8.071222244701488,42.57674058588084,31.31535778421658,43.37943131975772,20.116364386279283,12.146967584034222,31.806661647743876,32.52289677034166,24.100333726979496,15.031631158025677,26.966072225959007,36.97901659615995,12.375991622315448,41.408007811477596,32.14801813075503,37.23521799654226,28.231153132152755,31.83521103719869,24.457204138929807,11.902793846123913,24.889405423660744,-14.013705842241288,30.539376938352707,19.653554166356304,15.253301713290094,35.5297799848619,43.38333027983205,30.275568840594087,26.929009021168326,37.189131104493455,27.173781098511842,22.35567065831944,32.47560096625245,36.77497852448515,31.114969951931172,32.922797565638156,36.08951057701607,35.99878188164951,26.023735910507114,15.924546900445677,36.9714785337821,35.521581486085445,19.12201650780923,33.369586998322355,37.81671967099447,26.321209211024865,43.36674061395754,10.37848122643387,38.83235529573285,32.55564848536597,35.517063265562776,44.108084486915196,-7.849887336427486,14.008755022849952,2.459039806419163,9.54413237944429,17.520293311823266,39.14777767575738,31.939227022593965,4.32671851046673,40.823704839444915,34.75020980271732,21.708343526417774,18.33118594496859,24.514265361458765,33.893757460602764,40.86535404411707,33.23402990127755,38.00831908993182,41.557423166838355,37.993384879767596,34.436809302700944,41.98895221266849,26.865150946868244,34.97516296357731,5.379127272616229,43.557629484172246,-10.880732593464199,39.73183494603486,17.47348039658594,-7.768484381597723,2.5693454129267796,4.422885528197385,16.910793399330412,41.550659657436235,12.33876988177901,39.939991575599116,35.078478993049494,38.90674385179804,11.491919470571801,34.530697784345264,-10.819743098447386,38.9826487136345,42.46210858986684,9.291542810602571,29.182610078715694,40.88895145983802,15.771503963550058,42.32780035140244,22.425469402828934,35.07056013034929,24.073963190377995,-5.652338777489778,38.28491409160982,32.681986638780685,40.80331041090881,28.913882466222397,26.611226573938996,42.15962916672073,45.14472795435476,10.039172541694212,23.632668760941435,23.142189126113625,33.871930342352414,27.122156070713427,9.739162917362233,35.369412962982565,9.385478500893607,12.957215161587335,44.00576860081012,33.406644201382186,13.074399173598229,9.776583185237698,22.853884313524308,32.14059999769398,10.029831545631227,31.819222020004716,6.956422917742337,18.493603488193283,17.300074549780923,17.95212192969204,36.7305726311797,43.90354678794994,42.570407855305234,26.599067306513295,42.85217989061142,35.54770465060822,-0.3328652566613732,38.19003986006165,-6.557029555696897,33.27846310350978,42.92817875871888,27.423040174776013,36.63800818755836,42.96560834702813,21.54626275163696,8.992511682950708,38.15774880773495,37.57193106620036,35.904843196223254,13.591153725032692,33.23664525355405,37.53418122744786,36.20795164223738,36.265586346819234,31.965096027110896,30.8533779766455,34.67581383600706,23.199378499857314,25.941561797942505,39.88572379936453,38.450354243738005,0.6817032710088641,38.11226960767319,37.41920640820175,19.95267195821331,28.56560712244532,41.67291154102521,28.04199447206631,42.07432563704376,39.30776112766401,4.116942779644132,43.31453763330483,18.44366060361717,40.94193441029536,39.81773522135445,24.29148372119356,24.41022182886434,19.335929433763013,44.75235785531096,38.06206536207592,17.478916773901755,13.826003551332168,20.29759524866089,14.438936098614487,10.120704006350037,37.657653034986524,42.58881480428654,30.50870093903568,33.958514204430266,11.534452360412223,19.49719522354685,38.535550387050655,42.02060883608768
34.28596587387205,36.83847276416756,8.091788283953647,39.55671538670519,37.617814465059155,16.695868034615103,-5.921055024495797,38.43791354586061,29.332864839885147,39.15838371215595,17.673427779233666,11.936913524852677,27.515050227442675,30.31990429235352,22.859852778863004,15.36350901982874,23.46089895755876,33.59487225620966,11.286592274954263,38.18470195693009,28.521275860671736,33.75875054457079,25.432913940546268,28.14228850488535,21.75218256796824,10.956570714975783,22.822480000658945,-10.771847392591818,26.224450807839382,17.617572360710426,13.878781869213624,30.842751808873032,39.53675355199911,28.749655970654455,25.726260303226386,32.368161505027025,24.08048928190304,22.577724692861782,27.779452080394325,31.743600144383638,29.646128336006566,29.174538237972303,33.03182233485725,33.65228769219059,22.24864515000342,14.658802632699345,32.0729827488784,30.821547611695085,17.37153185928915,28.484582053355904,32.625614982849875,23.88320644261575,38.67181093719248,9.536605558947201,36.20947268375879,30.344876964030323,32.95935206627029,39.04337947778039,-6.987887805374476,13.278847429012039,2.709602718373095,9.250015386831684,16.19558107916781,34.535700948136956,28.31059661240874,4.468488285600721,35.60287820398205,30.84765134887925,20.171152100417967,18.88047831341051,23.712712397749748,30.78898323793245,36.27555129471387,29.19049956143687,33.987376017741596,37.317028125093316,34.9642822254141,32.29265613976607,37.179040355307286,23.18467467111605,30.93469045498501,6.170812740766129,39.85363008636248,-9.523721208748928,36.87541191126972,16.27921546162148,-7.026898902925099,2.5466989351085925,4.295703667888829,15.512819329379079,37.16469045634496,12.212958385462958,35.54069531618319,31.85293124276807,34.70601071047908,10.159589553384926,30.64055996779024,-9.751886837597572,34.05999945926341,37.8158772080552,9.065239088430882,27.382398219874656,36.230839887080236,15.800015792683034,38.01857390803114,19.189714889915475,30.588600735797947,22.27901080558454,-2.716806382111414,34.52466858779722,29.228309550207175,37.071567267734636,25.17013417782896,23.644443414310633,37.5284216285874,40.24718579489898,9.697479595899548,22.103430441865125,22.712523874999572,29.332117035100904,24.983297014661044,9.367763687956998,32.672283690335576,8.524901619241849,11.877851330914332,38.86753702004126,30.645717786787877,13.932354730980698,9.393028969264693,20.613595797363985,30.234326221560977,10.83292939151829,28.024571005637803,5.638897545778027,17.035986244444047,16.369300515341042,16.551126404319294,33.55694966557935,40.397352719104816,38.1616561969362,24.980013056012613,39.38404915047174,31.249845996769015,1.670562032694611,33.297095579015455,-5.279327832180123,28.80406815810201,39.25829593605378,22.613896275964763,32.93367014651104,37.9336974503821,20.414082388324342,9.440366794173512,34.67545249066945,34.72362207808247,32.569078695617065,12.827000395008668,30.202776120217113,34.74857028886513,31.92616359236748,31.98405631615275,28.346698467845446,28.139165485037807,30.96441571778677,20.43189960253423,23.996802438517996,36.47799492783864,34.64828959456958,0.9794517807327365,33.710603600243886,34.69491096315052,18.249819918871438,24.937449118790273,37.096803811068334,24.545228374182777,38.625616602268416,35.01062330072609,5.272932749249456,38.0993941832499,15.845438665925373,38.08209985122714,35.06777877324201,21.4837056190558,22.732575385229588,17.650301504647715,40.82903199770164,35.597653204482484,16.375646943995832,12.433244502662086,18.60604972522086,13.961913905255416,9.70822870605142,34.554291347566654,38.523712430424354,28.412236720675136,29.63100359416373,11.142841944781162,17.5919605659138,35.66454119479688,36.7497277247832
35.33713085730706,39.00334156905721,8.666487018829988,40.91787341041672,39.77158938457531,17.371504869958788,-7.223786714207485,40.18227924027208,30.2726470780935,41.14340644099017,18.795282501506836,11.905784268331626,29.661072068112745,31.277564817448404,23.429362343836516,15.332107546377273,25.235437931956437,34.979015466398266,11.992398311913725,39.719814471504485,30.233890980864036,35.52182473709454,26.677417447684945,30.042973235758925,23.104472479131157,11.208487016462284,24.017703640213067,-12.209900132974704,28.32615650988985,18.493285224065986,14.528951663455814,33.24756074588457,41.38202081989055,29.407533914373182,25.976746689016466,34.54743010525327,25.635208054015393,22.31387741103662,29.916956067587485,34.1729407552749,30.05344392353115,30.933091001427076,34.39023528137416,34.531801077019324,23.99058021317803,15.134025525005182,34.2350932500918,33.143262147496074,18.34213432648229,30.746175791323473,34.99856851190232,25.154130591055274,40.91311228285404,9.618546275474568,37.29364282694146,31.253569874097526,33.928808328658064,41.27373456582094,-7.331682687297995,13.72295555419474,2.683420958074033,9.521447542499105,17.09208366901973,36.71479018252036,30.122517885358167,4.115015777405143,38.149085297743056,32.757841732671125,20.790220887323127,18.44971579410154,23.937911952345917,32.227967140309325,38.500111781927465,31.138498186692466,35.65773837251089,39.25648980097434,36.22364111128565,33.01970361418441,39.491832759049714,25.013664687589777,32.99493396381269,5.655886376063738,41.35299134913041,-10.007361324972253,37.96874041167013,17.268098020012474,-7.400874148055539,2.5700989037768887,4.244791530849645,15.912171023177113,39.25430675388166,12.001159713895147,37.36098218430684,33.5054651152031,36.459715168882674,10.782129768095686,32.46575910184118,-10.155246165252787,36.32847473159953,39.88185864621356,9.192911369390561,28.30427570011122,38.236851484008014,15.763307516043303,39.95063979985599,20.7482952500313,32.704765973863005,23.382162987477425,-4.291158479019409,36.198089036988264,31.032455990767293,38.64423443897763,27.11898946632996,24.95434965559997,39.510325861517565,42.40218502346047,9.82020920084619,22.823151250022715,22.886933074240204,31.538093205798926,26.22070158648083,9.357376382719776,33.78653566353113,8.958653528805185,12.238868566774157,41.16560698244436,32.020022396663016,13.427477263438098,9.548464987978727,21.54739666903453,31.01406525109091,10.507594498685348,29.67541510595166,6.288480980959216,17.77533307102043,16.79193323525838,17.241985564345637,34.99360404169863,41.73986485549957,40.321234820869215,25.49231449548462,40.848246108535456,33.16978382376421,0.6942737780387548,35.566049375460025,-5.8461875958214415,30.884963941555682,40.94590923211682,24.829055936718536,34.54266600584901,40.22465035038087,21.025243110340934,9.072566575535912,36.01288334227839,35.86973192477514,34.023304996263626,13.152784647775844,31.669737092163,35.73016644861276,33.71040040691753,33.84630976540352,29.877077121498328,29.357957433353523,32.52962669536947,21.85250157708038,24.84759223745002,37.90603099943308,36.46954917211012,1.011153629055272,35.643739644132985,35.67747698721543,19.24424012490514,26.62933831119235,39.209284949048154,26.271361029494795,39.97147540659292,36.952042383123484,4.74867158580795,40.451075744706706,17.18876214294625,39.25008542718391,37.401287623946075,22.994605258718792,23.27447223397563,18.350103868781673,42.41388036475022,36.39303666020253,16.8241061760219,13.074953882431148,19.513628422334513,14.253269144767907,9.802927231539794,35.917820899803985,40.282012357868986,29.315719173972205,31.702268883309024,11.2948654384788,18.42574635896349,36.64015421916263,39.143812346248865
34.482440634160746,37.747761290021586,8.422783688418322,39.912582643233804,38.68150500903673,16.821973615867613,-6.753433066839338,39.19187171161225,29.458954826387245,39.919292445670116,18.19767169923401,11.782466476724343,28.59399980393503,30.535116524135667,22.692540529053648,14.749136862658064,24.21477373787608,34.15325332289746,11.289532076049541,38.57882285060645,29.166536630570974,34.38699727356089,25.903358230953696,28.989688759263807,22.33366697790339,10.969879189221956,22.94884835853546,-11.866822394783417,27.371726174395604,18.080417285751853,13.887180712701138,32.05893827891779,40.20805806145127,28.548276315886095,25.516540902188762,33.5069097546536,24.63026477025651,21.957403040960155,29.05519202105532,33.031566401304886,29.49843382142467,29.94445674377452,33.41856416449497,33.74595388181039,23.177962492125523,14.80436640041567,33.27988073926077,31.899102527518078,17.590779978262,29.75893607638287,33.8607238366775,24.292923853461662,39.53015090505633,9.40533728782308,36.332190812349765,30.46649791301923,33.14072713523397,40.11627996068289,-7.146353584432229,13.337695552402316,2.329806828067362,9.079880650171441,16.19455420688632,35.68804202777354,29.149070768914612,4.251175407508072,36.8306244239036,31.745484684484385,20.083855400380703,18.172308346306018,23.46302641179313,31.222140022863375,37.19770393464246,30.063579577932767,34.69713158133497,38.03163530917541,35.35526933818418,32.37571209541816,38.251030944445056,24.050623238888363,31.875310060379487,5.6723046989145525,40.36684331023031,-9.848809504903539,37.11515506388926,16.316780228749806,-7.174188890053501,2.401537650230294,4.208447831998326,15.722378576027396,37.90683768107636,12.101422995317844,36.47152382468191,32.31829222857442,35.58297491304844,10.253646228652935,31.510833636872643,-10.077430323902588,35.250069541131225,38.85159498377542,8.729480433517848,27.49115612426655,37.31972577760658,15.34707174823969,38.759206203509,19.94230534658056,31.68617468032544,22.379666037131123,-3.81511976658074,35.13576652315146,29.881515333561655,37.601191683733504,26.009689209844908,24.228010986517567,38.401755498382364,41.275914055829354,9.499119178915953,22.08303539343105,22.29209527662305,30.430472206862785,25.132419935904537,9.175264764348055,32.93651673817831,8.709520518850923,11.915144499796552,39.992068556506155,30.961876509367503,13.151896663156617,9.06219732878734,21.063243309388714,30.229844581565064,10.269224565809468,28.7403118320546,5.848672607112569,17.151201890310613,16.229433694958516,16.712515649758075,33.93980788592998,40.86084112717668,38.96079652851095,24.989680443954683,39.85234613174523,32.32773768449214,0.8440251348247322,34.405451766084546,-5.666015650694042,29.84484688955747,39.784133704037664,23.981584654613645,33.59957853665265,39.030737689373666,20.375444872662342,9.009744689044336,35.30568989523638,34.91061351902595,33.02082606610136,12.863395858371536,30.588981162972143,35.067554384342706,32.74256778669826,32.995787195570294,29.083283565528703,28.491122567977403,31.682437515558295,21.009925574512167,24.33885825004349,36.81021747604502,35.32223828280301,0.753104401605906,34.6376313879165,34.90477893874435,18.496795199301697,25.757062369536392,37.993405923738784,25.313182935295,39.104506357637746,36.02175335410951,4.702931642943005,39.292252752903416,16.41122206915405,38.250400355588205,36.0431915631448,22.189082231491973,22.91711851243871,17.980972388009253,41.34582656684367,35.702064986542275,16.407055680456185,12.668150203738106,18.760962971998275,13.767327502224761,9.55470180575086,35.10428894091191,39.16270293981684,28.561027494189105,30.63941298601749,10.811989837774883,17.839128583694507,35.92945496538612,37.97243738114128
32.75662698917853,36.109791372819586,8.107218772528196,38.034280111620276,37.01846672802729,16.02080459309904,-6.579974062585054,37.32632202044647,28.072323898144734,38.21197778115126,17.41773187310866,11.138051019069316,27.596561273721026,29.047431891360286,21.582978087872277,14.067832105649332,23.460630174462125,32.610140839930835,11.084039629376706,36.90112903843045,27.978542671369443,32.875355543774745,24.78774479705309,28.002893755397643,21.58116274181362,10.535415680919701,22.0992901323912,-11.453333958084054,26.28496299135717,17.233812965648596,13.385623912727869,30.848416694532727,38.30767599101117,27.34431005848433,24.147169966524718,32.10253782986406,23.849759589433734,20.629762176015245,27.871909642667575,31.700398040592617,27.926229324265982,28.880049492243256,31.777343398831064,32.13081802144521,22.43255612257916,13.997602644613108,31.85724371744975,30.676081741034142,17.06360084054186,28.5822024216973,32.50194566434077,23.43101064994802,37.872955582730114,9.195642149129416,34.62585976174783,28.945602954237938,31.57701322599054,38.32834161486662,-6.891873677767217,12.728123519558276,2.389181800773811,8.825987207207959,15.682933231004325,34.05976462365785,28.095965169385096,4.169070801707985,35.364471511685544,30.491696234979425,19.345484350919378,17.174349853736,22.2359403536222,29.935526986563165,35.67698275223275,28.886703467567926,33.14486913070243,36.45492247415944,33.68280448676322,30.710228296615277,36.58282498237029,23.33543176697285,30.6127427433415,5.3494080071731345,38.492783052126214,-9.433522712490328,35.24076575809614,15.792414582324177,-6.811971323217048,2.42322374731334,4.007499281238453,14.917556401430799,36.39347289893459,11.195284648198939,34.86273326547786,30.900609886951166,33.948485059029146,10.010802633515468,30.24960601395433,-9.554146758914062,33.79745842411733,37.06794139673592,8.371101440684573,26.1811307152616,35.56218090269466,14.536971000763605,37.1573736839372,19.270273307344187,30.33516818050744,21.568179596577806,-3.972171732436174,33.67433085506088,28.856001607016236,35.94273486852933,25.153486427700912,23.179691391263294,36.663385650970085,39.398035208900296,9.010263380836523,21.175682922731287,21.209591154276396,29.27095482274479,24.11732547484076,8.86797379095169,31.42599225932824,8.267701782004698,11.273936950597014,38.27092954711086,29.608568791575255,12.409446581762529,8.674305227760724,20.096106602234066,28.759490628929907,9.731806565789546,27.558154497484818,5.832337351004164,16.3946915800854,15.607979570928663,15.93218596529314,32.515932876841255,38.78705459847007,37.388569655253086,23.738608957157613,37.9666222796408,30.907505060095062,0.6330454533478983,33.05427875570802,-5.345406603373029,28.770561751212433,37.87412063083222,23.165372283322473,32.099937830773015,37.336824039774754,19.442936851517157,8.47372166357929,33.516815256828295,33.22902377303713,31.60189853740531,12.291461723034603,29.248941348038038,33.2733162395819,31.40822324715306,31.485684340233338,27.93805387159842,27.290702590770803,30.324385006706027,20.321144070973666,23.074084789539814,35.1148406286854,33.899783067826135,0.8265155096862915,33.09451042052729,33.17981727154437,17.710471159031172,24.8082835449758,36.376053816367516,24.398652481128035,37.15171801441814,34.36229424780828,4.3651110643060225,37.62983109510527,16.046650349654808,36.429695039580224,34.63187317977919,21.416160466924836,21.62591488042752,17.141470935830483,39.384389035437174,33.81515030438061,15.57944825004323,12.161221941089927,18.102013795782817,13.190378540087769,9.0833105131717,33.408742932416175,37.442966504951706,27.21544830692092,29.454200645123613,10.462976720444582,17.057666009509585,34.011885809319445,36.34358830145093
31.586745242117964,34.561296590678324,7.764163503699016,36.71437068149123,35.50302381395685,15.6452093506365,-6.034313196372018,35.984553446975575,27.104996779419675,36.64747364836974,16.680970322745967,11.035996197878879,26.26684682275158,28.050719968805073,20.93615532114677,13.48379937398031,22.195620387170084,31.518643202565876,10.33042633201505,35.46744243239289,26.771424332758826,31.440752613387268,23.80525703216112,26.724677632830023,20.63034049984057,10.273627573410291,21.01212076354846,-10.840892581429307,24.969744647176835,16.616302441304118,12.882481366342802,29.329600570243898,36.78167658671061,26.381987193875055,23.571328533270997,30.74345832428309,22.71075348614782,20.145559920011557,26.63661675673767,30.254720131436503,27.133609315591592,27.67662382876698,30.59438478065873,31.138614257535746,21.40640277977326,13.606763648758145,30.530971463045177,29.242851507804488,16.055598866104525,27.309557228010892,31.07504832534453,22.419336795766693,36.22268042650073,8.923886381050336,33.415890329885485,27.901737746659624,30.602498419391345,36.80194408871734,-6.6778166109686135,12.273812867354687,2.222724863357525,8.364587851156545,14.717472266978506,32.59430635043344,26.90109621332559,4.076720980657061,33.73925298689674,29.209612147431926,18.667950059749916,16.840917118205077,21.772645955351493,28.63686047262472,34.04476048666102,27.577242863877103,31.937876492214617,34.97384662783385,32.4745018655211,29.78427332484231,34.9622752652803,22.21488771960335,29.183141969794903,5.503242000971064,37.20476877659859,-9.042921640539289,34.1688869435079,14.878163466584926,-6.499534146494812,2.328998122968298,3.768731460992421,14.46296556309959,34.841182814951225,11.131099746941809,33.5322110826088,29.561892179256215,32.70104351276666,9.668511342095503,29.029599141651627,-9.118287875700268,32.31940853471889,35.644242866801775,8.039741307615161,25.21639922251877,34.16765464076197,14.139602459717766,35.669195641728216,18.36802539345356,28.983235018354524,20.516736917252846,-3.350331099182198,32.33714804354691,27.526309881663423,34.627913714049775,23.87475093389446,22.26726321319011,35.27341437418326,37.84134098823419,8.706627104511263,20.43030912775497,20.51492793110631,27.87239196603501,22.95086933923026,8.730650179391263,30.330727612613376,7.931281778452892,10.949871391506441,36.699829153372924,28.314806602432704,12.143316692185799,8.349157909364749,19.433622208440372,27.807020932298073,9.59633466521821,26.46553172929994,5.539830196437054,15.673791375838709,15.032833612354166,15.416643006634875,31.24961187125613,37.53534768592574,35.71379074420566,22.937641964160054,36.59636931970793,29.69209382561228,0.9230325903823482,31.596373776210303,-5.025872018696515,27.442192356126412,36.39165592887864,22.04433207478976,30.909382150157036,35.83404235590147,18.60898040873394,8.553846165974742,32.38757769907571,32.0481399642311,30.5325342248089,12.008769366181918,28.002401797381623,32.28587959455983,30.19148940335809,30.271296605618446,26.917673611112523,26.187636014937866,29.185274665381193,19.265433722126094,22.337127723995867,33.81793589083223,32.51710837737703,0.7138448736725127,31.7813952452199,32.10242165732231,16.758699139470952,23.734393739762048,34.85089207940409,23.209902016740546,35.91614733755893,33.00424443919325,4.401516925579697,36.08148602304973,15.235144541213971,35.172282650463195,32.990444958941005,20.356552298224873,20.989912950459633,16.506854903297867,38.063662360010206,32.8563690330489,15.02155426942627,11.612328025327368,17.39695065195927,12.746739712638266,8.790571555208086,32.257615185248284,35.99204088747079,26.28770680767646,28.13884108718706,10.149711001882482,16.3780296577399,32.99546750220581,34.82063736331088
33.58681174836341,37.15864028479574,8.197932432311415,38.985258972801454,37.89641254829616,16.46689834972487,-6.7777221740209015,38.27169047822434,28.78805144631712,39.22785791090497,17.74199962593139,11.421534542087102,28.302806558921237,29.755936166590654,22.270836848970248,14.327118168486349,23.937616438706126,33.380816057562974,11.198270787057801,37.90017539218185,28.748853438920303,33.80578974469397,25.25875829185148,28.56232891526391,21.981594411622257,10.76558898353832,22.667106606083955,-11.62610146299793,27.009615810935376,17.910405829759558,13.827738610079143,31.62237300185711,39.34339293057901,27.937996800902983,24.71911627328878,32.97660807255096,24.33261968985512,21.265653318299858,28.56142975469541,32.621777425721035,28.574266010496313,29.540526410118996,32.73646479431687,32.933121988319535,22.831335408721127,14.264340734942527,32.62154719950586,31.599610184296527,17.326914086049477,29.36739473293217,33.441312393516164,23.963487936762036,39.00649848049793,9.186028689794005,35.44464223731692,29.723781153465126,32.349233236209805,39.4029792329582,-6.959992223995953,13.13348891707549,2.427106607971297,8.485839681955996,16.080781581291998,34.977812118233196,28.71886686600675,4.230470533595052,36.398257087177,31.311063626084216,19.66538805577704,17.426282064716336,22.73925026812909,30.69953392452996,36.62341347275061,29.646391335597784,34.038497881970706,37.3095171002115,34.53754201165105,31.48383406945431,37.6522305219997,23.9086298873973,31.479296106310063,5.3532309843972135,39.443830581690804,-9.415061500502022,36.160484245337045,16.19858842445243,-6.796007087720592,2.232953898106839,3.9637631249785894,15.20186920492829,37.39623745687101,11.707308599917845,35.64984463901565,31.804739088356367,34.78844745877784,10.305695547326645,30.91660842452736,-9.557561032857752,34.685068394766155,38.018754181895126,8.599435975291954,26.927504606494033,36.44865498027553,14.929586798463765,38.02684661882391,19.74430496255736,31.212479015572573,22.10630460993918,-3.9538524880741446,34.39114786123723,29.55595954013362,36.81122864810677,25.817639897026613,23.897433867874835,37.66599581054354,40.390892857668874,9.105313544109906,21.59272266809117,21.644472178153382,30.014039228996133,24.86586672776751,8.81440029022996,32.132322702113186,8.681215258286366,11.525077241072012,39.25827138127929,30.439214069452927,12.682650772563932,8.926452801395769,20.623199420587582,29.496085528306498,10.148112107367703,28.203600621425426,5.919306280325017,16.938833787642732,15.940326485045556,16.28125039757909,33.33448126423732,39.80441906767263,38.35533584781334,24.30059648271851,38.9358806375318,31.73701052966451,0.6948585117974058,33.935168973632784,-5.400716443964968,29.47959281099236,38.920414737039636,23.700630759918262,32.92573881916298,38.38327218067466,19.873716413461224,8.75599476813644,34.3416884657413,34.09329445311168,32.47041536629836,12.524091100752631,30.14224702266953,34.06620871904184,32.21364931021953,32.287495111131015,28.486799720922882,27.923562588236248,31.001462940008132,20.655098114250464,23.710580937683225,36.12429602984015,34.748323662289046,0.8293660373286345,34.013308579162256,34.04300350671298,18.1597704095317,25.346565271619134,37.38333909510873,25.04520751742384,38.070605501068165,35.24003125259973,4.653986733997982,38.560107978454205,16.30221940001327,37.3843483775238,35.58641942259679,21.91157908540768,22.087445825175784,17.486048269020817,40.47063823203652,34.65899059723449,16.036523333227358,12.329783835377608,18.564762510252176,13.432455248737313,9.153771739677728,34.25057745641838,38.35603416136919,27.85150605716368,30.21040045773001,10.850012119639738,17.449226773419994,34.95252023510742,37.333674463814184
34.19321151643057,37.09889144071121,8.162919152768685,39.54528474439013,37.77077638675103,16.68527248484398,-6.175510800246606,38.459701426032915,29.306352260988653,39.3248238384518,17.747205806310728,11.887868220258557,27.834861395279077,30.25272221380591,22.722581850316274,15.204362009195236,23.730287091589272,33.62516214363797,11.42075004508169,38.279312545167066,28.627675108234094,34.02131931356315,25.493437965566734,28.429684926176044,21.89647408074496,10.939582019527407,22.969507884182185,-10.924340541763527,26.490895375774272,17.729276887727245,13.965120882915349,31.210129610854434,39.58946512236336,28.690128740724266,25.48012319237943,32.60967661037551,24.340024113296135,22.28235630696724,28.025548151195675,32.101241346657176,29.360966079141377,29.412222665473077,32.99391447307577,33.581674221230635,22.510104610721662,14.5781775378233,32.229728849456365,31.12325513590331,17.481923950240255,28.793337139074907,32.91938726054349,24.106404207560125,38.96508865656244,9.430270299541085,36.14271101734316,30.26326324211219,32.870410776983476,39.25402498513474,-6.999955080531909,13.445354517760784,2.7346030785675346,9.309982038445215,16.387956850206738,34.72252689789151,28.628409588205702,4.500488642768119,35.969979813087434,31.097356962863458,20.103236383000738,18.593348760752278,23.5536105437509,30.909558828369182,36.59450948820687,29.510382422856836,34.10579388189867,37.49986861744216,34.9836416548522,32.083988264681786,37.449801794088806,23.537245600263,31.26083571767312,5.940745441471467,39.77057885075931,-9.51227260087145,36.75556420063343,16.455055622785746,-7.053318625056878,2.442327467147875,4.150608509534298,15.447927896854482,37.42862418406144,12.06106967545355,35.616839343236784,32.0087601353209,34.77198346258656,10.246001822735328,30.854571587724458,-9.770826455101735,34.341189233252116,37.966291041912285,9.067348360973257,27.385721280563352,36.33434394406728,15.687927084028388,38.16289847481249,19.353484213686443,30.8053804449742,22.50545490116062,-3.0207520348368195,34.67094078164719,29.513934636216472,37.08938448090461,25.505222395908522,23.68467556177752,37.684026971163824,40.34254107760492,9.504265015339262,22.14662405059505,22.487151139766787,29.654343340106248,25.183192902785926,9.259029570726495,32.622946320418954,8.424131787181961,11.75313980432247,39.062541901263025,30.80837430636093,13.707729204085657,9.28586749877416,20.57907015523638,30.17371293469408,10.82838778212824,28.17979373857411,5.736419722531117,17.145702078361335,16.34018661989068,16.6028586119895,33.65882059809239,40.284241306448926,38.397703335661085,24.808439669862636,39.40298588015762,31.42007901277532,1.5221957086652835,33.59191719816779,-5.189494662204162,29.063769222014077,39.2687097920625,22.949261068190538,33.073387651061374,38.1809798428007,20.346019032754803,9.284023046922607,34.56909849758587,34.657422760086355,32.67134727796129,12.801784531077196,30.38818937192713,34.60459462572071,32.04910600973793,32.06377009432458,28.4778358779853,28.226484906743583,31.047432370894413,20.59352591905152,23.87953104758644,36.506878192177325,34.79056144256949,1.0625678033483796,33.85956004204977,34.56116421247426,18.335330898578608,25.139708219688163,37.29127603868328,24.835719678532556,38.48794358426431,35.1265666306871,5.249791065693237,38.312487055591106,16.094493170824304,38.0466986314563,35.37153657003419,21.712813777714697,22.50450615970516,17.69054573911671,40.83160685488137,35.36437805260874,16.335812320778313,12.460670315886098,18.639082435933535,14.000654037552245,9.522066765225146,34.4871619584899,38.55323096204433,28.39140968349307,29.932383233689862,11.082018314207321,17.55941154956857,35.49130726213984,36.97068569744215
30.930546016125284,33.880127453283144,7.6000601783958475,35.99844643338226,34.68797057825256,15.293875025594645,-5.747015160196256,35.17011103065714,26.517404219012892,35.80484436565612,16.227838828986876,10.917475464969325,25.622428314008104,27.540667060477173,20.601124239251423,13.227364261861574,21.698258485786386,30.898044853639348,10.274114055135728,34.7172455009137,26.29637922486569,30.697577249269457,23.270277175313577,26.123321114617596,20.22744044482389,9.982606341747141,20.584012949463368,-10.59379160525737,24.322958828755965,16.208580631641865,12.652119951504348,28.617509752530886,35.98995912359111,25.934616341687963,23.15026042130901,29.995687727347626,22.281778352801606,19.679078505026705,25.899867033996156,29.54513256881805,26.507517407842364,27.091664790276624,29.998966983194528,30.52477142585985,20.876050413574845,13.305050084039069,29.804398417948295,28.582126120473525,15.726862291628935,26.66194904465769,30.3033645117411,21.88692389424392,35.45800856691932,8.745800100486562,32.8166947024819,27.256741461708454,29.96452050217105,35.9436831370669,-6.388224124972442,12.114190605208098,2.232648816875683,8.538857275328638,14.354894097014157,31.82291335979229,26.35329176319798,3.9614917527221327,32.94352525161159,28.545398438537383,18.507552580096128,16.583773893152404,21.432411026580485,28.121902258731517,33.27141696951316,26.961525615462364,31.27443158634265,34.33599345248452,31.825286781502506,29.274472237373296,34.09946421394228,21.7792073268582,28.500674750205764,5.391337849928246,36.38828057404791,-8.77303337366249,33.518229230539,14.584566883239527,-6.366357423999823,2.2789037316233127,3.65128676067034,14.088775643767152,34.20067913132269,10.961424658081176,32.724124318341,28.96037668354403,31.919176395037596,9.406843251152862,28.45754112037193,-8.884265738391514,31.521023606785608,34.76222022717422,8.05419600192672,24.780158098969018,33.333252607741024,13.971953612467486,34.938788513567324,18.01909660139853,28.22695900057783,20.140499844711268,-3.2184192546767276,31.7804918848476,26.98099636682402,33.89495447015148,23.3810543207794,21.744135812489553,34.499158238284984,37.023498622693,8.50077695143722,20.14957090011232,20.098589713814167,27.251913450237147,22.46715425427739,8.424185372724766,29.82988670418594,7.7427333038960215,10.672387537998734,35.85002000952609,27.66358813422622,11.924299423556077,8.312899492187656,18.930229594791278,27.420038526802568,9.484444958412931,25.882886467777215,5.474789913309065,15.223181971169492,14.962842604862095,15.184008789619867,30.66529326837374,36.72834285912896,34.95899473133323,22.44853292212012,35.81506241607928,28.97084103230644,0.9491531818570667,30.84867627970777,-4.918247215701717,26.821034844360128,35.617571652452355,21.562044515770722,30.221410132967044,35.08275972052562,18.204142025173674,8.481773908618457,31.65371798241934,31.404444070592,29.971149453542342,11.797336264882784,27.38382074594344,31.56886466231338,29.511949472206517,29.568315343235263,26.36994839965858,25.547627446834976,28.49426371567233,18.81597530689341,21.88246873802993,33.19491373941464,31.81344569325762,0.871001553222778,31.05561615249806,31.459667282763988,16.303327323214067,23.264894937969174,34.12982857938641,22.676870363164433,35.11352045874898,32.13186870589294,4.283007275877013,35.24904411276652,14.999337857626925,34.51294291235578,32.261405829935704,19.888750151242167,20.518222423257257,15.93776002599701,37.29490991747763,32.229958924370585,14.862390693283245,11.350364871240707,17.196629226459276,12.67271628516416,8.714641897152829,31.549297951606157,35.26105884116393,25.80297423737532,27.525071177023015,9.907610090341807,16.07242970928041,32.28553413723578,33.99893082770791
34.2646500240815,37.405173291361244,8.352462165158286,39.733067964610825,38.16600622613408,16.8112798217025,-6.425465953749278,38.84572472138776,29.33991838281799,39.588676630677476,18.014978475783494,11.94937710627311,28.23185493528473,30.35949297153413,22.83405040790839,14.847239880561322,23.918507230336253,33.86269898274079,11.301201025184437,38.38428002605334,28.93421680535938,34.07074459462692,25.628211216689863,28.62113237531187,22.1102885604993,10.88309601201915,22.91557463681057,-11.417588091474274,26.910824015691272,17.97522945926747,13.995983008996028,31.541628514256484,39.82821067710538,28.543447822040765,25.5346544811013,33.091033482744976,24.42731594085207,22.03238129408068,28.533040677819443,32.579155354175,29.33100750398386,29.638739449617727,33.23674990302559,33.64692143735924,22.875474001734723,14.73715848833055,32.76115362266404,31.529269914147115,17.430510408049713,29.31013881847957,33.426896231016904,24.135982181107465,39.21415044784118,9.539090191293534,36.196350701598014,30.27557989174347,32.948620683998925,39.67966032770043,-6.979408507984991,13.367896379227384,2.613519850119294,9.224503306282863,16.13297726733124,35.129053981655005,28.80139538113224,4.433067763478609,36.369126001877596,31.36262498398976,20.12790385175951,18.27771107225185,23.539402843197077,31.061954414079313,36.85108939717218,29.794940607804083,34.386036745859755,37.721654235980516,35.12062447381397,32.21271918636024,37.79350009873509,23.761806299334147,31.526382278444146,5.859900952644767,40.06286440816074,-9.694403595709765,36.97878627211608,16.279929986195267,-7.0364823417333415,2.3979620579840066,4.1920097195009305,15.577055596925499,37.70562806325253,12.178539710070098,36.016491903649325,32.14006933175202,35.17622858911616,10.360470830130465,31.180519245196354,-9.723322030038869,34.77656429368625,38.3602797757407,8.9591291990261,27.351291668697748,36.78076565345474,15.587778953060113,38.449390722326676,19.682833964768626,31.278713790119188,22.33846904262267,-3.403316719769891,34.854536677901365,29.628616948167405,37.30734471787908,25.75497725646446,24.08403701798419,38.065575451754995,40.81966373161571,9.400669748338903,22.133631456086924,22.262776990295635,30.01590571663089,25.039227808356895,9.103514809675778,32.72694837587464,8.582030149423474,11.865799840296159,39.50787840098218,30.772389021170063,13.41598692195804,9.23598134014795,20.859388452213402,30.244546166098107,10.549996302497211,28.45452318931412,5.8975720332097525,17.087740858903782,16.388389980013866,16.68450269417973,33.77376905931418,40.59224879609643,38.6294466178796,24.805133506418677,39.57481784011774,31.90284493269262,1.1579823701251346,33.99247787047449,-5.362972370804048,29.466138191434087,39.486815439728076,23.531814656462338,33.29516690155443,38.6578106864111,20.262210574225577,9.246173348960177,34.9186573720007,34.753246457906634,32.90727382043503,12.78440197285548,30.417210271751614,34.80573704926523,32.444388909287085,32.54520741586441,28.801925922210103,28.25346287597403,31.34993583153185,20.775623473497436,24.11011436178668,36.69590127692249,35.06437860890494,1.0383667156115781,34.24126332270181,34.71756893299622,18.28471717350716,25.4532940511282,37.66129740250378,25.017978817947593,38.75499431075345,35.50309058509276,5.002948306590752,38.785739320194466,16.313033866156584,38.118257306807195,35.654916739244555,21.834659077992626,22.681777123651518,17.70182433265838,41.12337005054022,35.537639875275204,16.2819952769437,12.470740006182263,18.788897926146063,13.892732657631658,9.551029788156045,34.75867094493778,38.84873759276456,28.45608113684511,30.281140497288064,10.960139914764056,17.648643885359462,35.68000649926429,37.475358697624195
31.93865116136451,34.92597144681544,8.027742844454279,37.04504284621799,35.93125148143515,15.838641961798052,-6.134748593093298,36.335457554995344,27.32664596526005,37.02919900466533,16.993870003341662,11.111687604893813,26.58728541221207,28.331347960249527,21.071664252789763,13.75888414590923,22.623424077869018,31.789362310830303,10.61571739702266,35.811371643936106,27.154878391789172,31.847949662634566,24.098027912906996,27.0705821514794,20.92806453640286,10.416389857418542,21.40297924944468,-10.986260291010588,25.33110271670593,16.66157753954878,13.11362646864773,29.734130755792556,37.17704718953827,26.63550325274523,23.83727369570286,31.07655268679884,23.095115265747317,20.30770486794195,26.960894045984293,30.598025947429953,27.438180467893698,27.993683741940263,30.821721645364782,31.347166041444115,21.68044973962523,13.717877055686241,30.91106359123852,29.647556819807434,16.406045806283476,27.608338746796452,31.42662485784934,22.661050817207656,36.6765192684016,9.021087707910887,33.77668806161679,28.300331989716703,30.903736780871743,37.18219610632213,-6.801370891194195,12.339348800883508,2.382539905422437,8.530001646289993,15.098517085319406,33.000803809639,27.22624891897674,4.046945203051989,34.14531183938536,29.511591145722708,18.8225772849455,17.029097910493764,21.863711558520134,28.963684374599335,34.52590065044221,27.969151342646306,32.295248484709575,35.43132284812739,32.782475416007955,30.021549486660994,35.37545287236205,22.472731964001408,29.59491633328547,5.5107856411959455,37.51589756704545,-9.213619197734845,34.47836070470843,15.202358692517066,-6.694186940477174,2.4533104342693757,3.936818902871701,14.626783943771485,35.332869108238334,11.019951554367566,33.87036321537496,29.968724529430293,32.993205348174286,9.749506202524708,29.362318937374305,-9.267726349020133,32.70717079139582,36.02047251796193,8.292403842345335,25.45184600045401,34.52955027471802,14.31458935058799,36.023014965210905,18.61825866237863,29.318454371281675,20.862539304445416,-3.5813784517113274,32.73982350903462,27.881061282101474,34.97128313690505,24.260137732413327,22.564827135396698,35.66246969830125,38.26702673748472,8.907509736890345,20.72178446036499,20.79981976746012,28.289175998179523,23.363999626522897,8.912971498760333,30.682605833637293,7.999234155015935,11.116126852465866,37.08398317591305,28.741862430475937,12.35660572441614,8.501180931635817,19.694611368741047,28.0747731925354,9.623371499900655,26.86448943356472,5.807639310663627,15.925730074483331,15.235544855066674,15.655288580759816,31.633530260588817,37.82427996666486,36.188641541241026,23.209888194651413,36.924092483211446,29.96064133079618,0.8314636330589747,32.009538047635125,-5.115987749088273,27.789864503902315,36.80613857947983,22.37779408694985,31.268981450169857,36.19766221784442,18.886813412153966,8.506473997714496,32.64710724519857,32.43040312469237,30.855972953622558,12.064011174406565,28.431616323819267,32.58666798651777,30.53063011026689,30.616222590589874,27.22199516106758,26.54876970236644,29.55165337154401,19.59878555777129,22.457598138305578,34.24201830954179,32.8673121470711,0.7616348016761044,32.185693213598014,32.361627207605686,17.08161303390734,24.059152354064732,35.26693436145306,23.489756647873598,36.24423371390615,33.3260324250432,4.264424989076017,36.497159841747944,15.552194219082866,35.50774698164619,33.48076082810908,20.668774694435072,21.23088830526236,16.630143524325142,38.389463324253086,33.165819449013995,15.270947235630494,11.792259658887605,17.566521041157277,12.893432066103701,8.911360583120565,32.47920309021922,36.397217864463585,26.519530106015278,28.507310646117194,10.278157683594722,16.602208244460506,33.27206683153284,35.24668158382707
34.39168019668171,37.75021319912773,8.272044433764226,39.91279617314633,38.501526126822554,16.860781098170502,-6.613238585604712,39.05812509448411,29.627211906275566,39.88130176508271,18.130065067135018,11.930860680981342,28.426860872588797,30.61893233695955,22.93891436810809,14.881625646628358,24.218766631943712,34.092184874683625,11.747643617904304,38.701140987626786,29.3219520810623,34.34687376977724,26.023088820281306,28.986422863939808,22.35262444584627,10.9763515260004,23.333347617606787,-11.473979408842421,27.23522637140041,18.14260243099338,13.948977988184653,31.961071504394237,40.13580079929006,28.846313985835792,25.432743066135956,33.32373558468065,24.699525089358644,22.031767592678747,28.81290241138506,32.90695576979722,29.395918746695365,29.84302234857906,33.59154631557689,33.73778808019766,22.991509944241134,14.720372578378818,33.05105540272285,31.79589887400253,17.805554161179984,29.575894734696142,33.699764522211886,24.308886610057307,39.62337932002931,9.558608688896845,36.31176508184861,30.471239816208783,33.037714785277394,40.008106712460126,-7.0802275965077675,13.549591993454055,2.6526298269783046,9.371406525629185,16.357903085444864,35.449543212129214,29.122201724008104,4.438180512497503,36.74093716764013,31.69483235003435,20.50903702155416,18.280925980955242,23.531746572808252,31.50337629669456,37.10334031851095,29.8541581785368,34.66502079777655,38.171128810272066,35.18331960092446,32.36467821937962,38.148284753198986,24.126966987181344,31.836564977969903,5.7642584302934665,40.314438515459045,-9.664380715550767,37.02460357100583,16.45714949806399,-7.204907372064763,2.465041517894902,4.177484558134002,15.498865563779022,37.93582868146231,11.967919785672063,36.26261527977461,32.51868427625484,35.41377458552877,10.364255994484067,31.256575606300494,-9.869924299399916,35.11385510812966,38.69479611469814,9.052900002679367,27.627691885216787,37.0534294935688,15.425748698590178,38.77096767145556,19.91307274444805,31.513333748514732,22.539654615851017,-3.593464777811093,35.25822314086379,29.99477858480458,37.569477064233716,26.024582386992666,24.05797871203096,38.339028820163534,41.081690627601134,9.552796847053175,22.175189210848007,22.375344200703577,30.30493025004644,25.278425218918386,9.19651605732565,32.83483757538334,8.676257783772195,12.00203102905243,39.87591310291561,31.027602368569948,13.26801149442555,9.420746379095498,20.84062530107569,30.218988539436253,10.534524800934367,28.642275319003964,5.972006335255571,17.245750922890778,16.501157296103802,16.563001241209644,34.060183448095295,40.76307550213825,38.95754651380504,25.04253473340391,39.70492505478649,32.21855208668343,0.9928823340247435,34.29161654616673,-5.444500213170038,29.745841056315548,39.77884765387803,23.742532178114125,33.51023914655626,38.93285268803074,20.47144013601413,9.329226794365205,35.05036756088493,34.77109709796895,33.022787082391396,12.842185465090395,30.647137472505566,34.90813893827066,32.5777476327384,32.692408740158996,28.947682592952777,28.478600365015815,31.651951076610974,20.940571510103158,24.296816554499472,36.85969723787558,35.41434731759131,1.0502003481391042,34.522555996721685,34.84164293610006,18.5258315436149,25.65736438413358,37.97395549904484,25.374954791758523,39.01115243967862,35.78389899626281,4.923242400549139,39.13766362482514,16.486749636844245,38.26192880078783,35.982482745402386,22.12257528979777,22.60338411764926,17.891996591526603,41.36129594589131,35.58338649828327,16.26567389457234,12.742098649891004,19.1235482569413,14.06053523728948,9.756216775383626,35.056827826598216,39.00544812962502,28.535574210284988,30.57609778276618,10.980447312701994,18.08473265163454,35.79511641614508,37.81697876019076
29.749051313068403,32.62506823853572,7.172177116790711,34.59344683649678,33.22866853179519,14.657334006889926,-5.504026977379594,33.63374731036578,25.581945981384493,34.50479559327516,15.478651911487637,10.419079824206301,24.733371989766738,26.44488627771015,19.86015140945546,12.944619953920665,20.94028583556353,29.52124267556367,10.069678990669853,33.54643138658211,25.287140642516942,29.743004106392235,22.29735722684466,25.298837234911225,19.551359535989583,9.678296833690519,20.0307831575011,-9.830962078632579,23.40913206745845,15.628378465610199,12.310826690241644,27.636949399449545,34.60787605545097,25.14095628647525,22.19372076054239,28.704894648207098,21.521390059936543,19.020322422180477,24.719805873321587,28.336707211617703,25.40250548042243,26.101475122616215,28.840372960024965,29.36439641347248,20.037281013273073,12.547658391348007,28.422424677819006,27.47449535768314,15.50000685769169,25.460094999219535,29.016122685509647,21.20933932093319,34.16735494375393,8.317344705979146,31.58609129833251,26.20508389613419,28.775513725754607,34.42585069285436,-6.1884572706383745,11.759477796393178,2.220301098899029,8.262953978818619,14.183923445935806,30.574397565516733,25.484174806531964,3.866685276558054,31.70419887696079,27.575063585112613,17.716792659701614,15.986839399317835,20.50344390256495,27.113527804763727,32.10404545407606,25.97501129081224,29.85107186271874,32.92757955414112,30.5422657846569,27.99496400355653,32.81534570003831,21.09249298454546,27.56453112226097,5.295056689534529,34.818352478501076,-8.385950744009222,32.08312143026509,14.420688119329906,-6.152700192068469,2.2735755303074665,3.5441760066560235,13.549714499215378,32.92680010392919,10.456914014213645,31.293513096033827,28.011239957162292,30.505468638545533,9.189056579524376,27.315764934182088,-8.492236723536355,30.29287414613547,33.2925225252179,7.7608462581340465,23.85901790680434,31.838510799973022,13.459639194726833,33.58385608347894,17.229252969339804,27.08703388952717,19.666311938176012,-2.977476532333543,30.476863645428363,26.145749648883836,32.431060367675165,22.55775053452019,20.790208372808475,33.03194092314078,35.419199372691764,8.179858820004211,19.45833241302073,19.445670507556628,26.2020958689213,21.968446936445428,8.010988297887014,28.679952122116735,7.478824326842476,10.197953422272576,34.3471464734512,26.840048229056173,11.543760500046536,8.079965941237814,18.120806695698995,26.365427899695607,9.312485416445819,24.701315677205223,5.23120914752874,14.828947333955737,14.554732486930861,14.719507483688076,29.566894465538997,35.15385751361132,33.70781082801957,21.606473220842528,34.406643606687936,27.759448394759918,1.1042372166785241,29.5869233230629,-4.486936532414117,25.68792701766313,34.23838457788919,20.49996933131576,28.936483209491662,33.61209958706552,17.692516390495733,8.10177252206881,30.232528224213542,30.07105411108238,28.770396935362196,11.34798154533478,26.493415991670314,30.1142809460087,28.138677325845915,28.200715475900328,25.202986185193797,24.639559064498282,27.2559614223928,18.152013732756092,20.93510951588235,31.851381957887728,30.660869724828977,0.8113268292374752,29.706466946011957,30.144092602993236,15.97363723067379,22.210791583648273,32.7780471516524,21.845567564105227,33.587084399981556,30.817400567102258,4.3880110251372875,33.75820541670456,14.512138022190484,33.19929843552881,31.04875844730981,19.272011151890684,19.466424517594838,15.403956043807392,35.71491291808873,30.757522503362527,14.43971244356251,10.906069825379129,16.60195644859145,12.235424101487327,8.321365971347085,30.228795516798733,33.80125458066386,24.746790604963405,26.45965317346453,9.680317974006275,15.522437785008533,30.814674406331314,32.54615490599059
32.5552030604723,35.689484104673845,8.068840004792948,37.687976347771674,36.64476291793518,16.12703024712337,-6.371775736459376,37.03574856426062,27.9815825062903,37.8375211474524,17.325769015100988,11.10043882556424,27.18727784078286,28.83311629074507,21.600334644598338,14.204412096580896,23.279647716787487,32.34536162716661,11.213297941882791,36.620352104693865,27.721455025699964,32.606558812758614,24.653203960459948,27.80487530817828,21.36976068828508,10.596163442722249,22.095285437903165,-11.12638985332869,25.96055209786222,16.650770915227906,13.388837236554611,30.539210683818943,37.97809650362905,27.354650339090202,24.11015963607432,31.751524769407293,23.7078864978286,20.62548263035132,27.530842983976306,31.301986246379744,27.77283531602894,28.625595405325313,31.53559832897277,31.898074819481828,22.179372490098864,14.002238113850838,31.451839714654383,30.28992961936187,16.817555652120124,28.135069998120922,32.05638885350421,23.219210863450673,37.51579389797436,9.21458927463199,34.36073891504667,28.815736980064493,31.355057228959694,37.88246679179267,-6.858333666202734,12.687030259679352,2.5838962544189696,9.08904667419486,15.739947234780601,33.64997731151473,27.83149508486228,4.115020884540676,34.947081673114475,30.159696854298787,19.44705198136767,17.27840852760154,22.177707844562423,29.700361560624152,35.40014496775101,28.59022660854672,32.8936637968733,36.208954190648434,33.353488080552665,30.44063700970034,36.17889398942081,23.105583370883792,30.317231111110836,5.601576984728451,38.16130745028119,-9.322353628018114,34.957141946964754,15.828541627106064,-6.755291369374507,2.614018497990111,4.007462285516601,14.799438320244104,36.09091360845383,11.069372946444291,34.49602988109599,30.726901172524162,33.56954169491177,10.019637586497259,29.861337558683207,-9.362562208777408,33.41949786827086,36.69132372575747,8.445770316086474,26.0749921457984,35.158261215597854,14.52483518631827,36.80821610114482,19.06204829632872,29.910237028852205,21.584980140664637,-3.771395596276454,33.4708314862962,28.738768179941733,35.58745592729409,24.87244026112235,22.921158777841804,36.31763660990062,38.955425260893804,9.049817437622528,21.131828208324702,21.29062577343329,29.004122055785096,24.08682374625166,8.886110878870824,31.225917296142942,8.161114913274293,11.407052075338115,37.81787929722846,29.4988096855818,12.571723098039625,8.771424482145981,19.982478862244452,28.487104622259302,9.759355574249797,27.391380796306002,5.967029840381007,16.38479334143979,15.697357061923755,15.909361632416799,32.287251723003806,38.4037912648912,37.10266181305926,23.653739259578398,37.607956786885595,30.517965338756035,0.8349317685954297,32.701104575498384,-5.252792393552379,28.442168172438855,37.598128078978604,22.786402687596766,31.814656320053945,36.881976903146935,19.35671168669849,8.47829042810333,33.14208564583483,33.01189428614714,31.315916000947045,12.191567258932812,29.112036211515903,33.002758728411784,31.05851987907339,31.118092020185728,27.626115854249445,27.071871639939967,30.157925480636194,20.217939791710275,22.753062850447073,34.79942878273818,33.637123091413414,0.8228487314734922,32.74551643652766,32.89868029543501,17.726204844704604,24.53660056515647,36.03708026677981,24.203363320328982,36.876394048995664,33.99117815512492,4.432007374211158,37.20388817368381,15.974889057288593,36.10782406488963,34.33231790006476,21.332835285137747,21.392668989619935,17.048579762929243,39.00414573732097,33.59501304943219,15.591404228600297,12.145478403641837,18.101341225751057,13.257959938083086,9.23618105951386,33.049142567972645,37.07384077620616,26.948219565414224,29.083022722398336,10.537866593588136,17.018216657924757,33.694947892049555,35.92654616978514
35.60828205878302,39.45985472987886,8.991044177583607,41.29910429069282,40.555115629632176,17.57433808521007,-7.5346830998668235,40.746757964255046,30.509041941736893,41.73976936233729,19.278283198336595,11.66487785687553,30.222519837194046,31.459704536414183,23.556546454937376,15.279071271901323,25.938558866131267,35.35263328660929,12.341714426712016,40.058515632643605,30.6854774194381,35.93673219102474,27.245908583626303,30.45502221123717,23.32186646140307,11.39222243270993,24.42246135465233,-12.701468279493994,29.08266108330776,18.785294126685027,14.677460227121392,33.92193279609588,41.82578366165248,29.60959876745999,26.013120902245507,35.36264891639762,26.082576314035187,22.15392200394378,30.722835795979975,34.9700467914879,30.178092711996307,31.33614138522999,34.85849013295391,34.743752776467964,24.64545102310581,15.498843740938378,35.00138562980724,33.8161025517229,18.56420155963441,31.489899320913462,35.87053519620941,25.436370706112932,41.60558075081811,9.922022538451646,37.43824015782835,31.634726965310072,34.09867335619078,42.0526642759099,-7.335185589115106,13.688692675971819,2.8668517319350943,9.637036661623679,17.467783875105493,37.32192562601223,30.485505221252158,4.16478697125886,38.97970170297893,33.203140686978124,20.97497214093667,18.21575364364661,23.856233605358316,32.77722514975855,39.251143826366786,31.653307191950397,36.28303375642075,39.877189734174415,36.54718874870459,33.13043719650918,40.27032687900152,25.512014023437068,33.545795085369484,5.36853349103718,41.78990935836272,-10.125462530013307,38.13396767658144,17.374446576850886,-7.5214973728069205,2.561366398508071,4.3249082226434785,16.188437474974506,39.8032172720303,11.839097484219405,38.025502456295975,33.98845856134095,37.11753162714414,11.041351802414711,32.789281802936074,-10.321047181753112,37.09605740784498,40.55088623061491,9.320193460979938,28.42178845708378,38.94970961217895,15.550561002137357,40.551504428730674,21.29335743401265,33.43796969253483,23.63574848105038,-4.844784288161287,36.762076451100484,31.481504254960363,39.15916805638474,27.699134672106744,25.355948148302378,40.2465037049019,43.08772561873579,9.897565455421779,22.917114058994937,22.87391294371693,32.245591296348046,26.55383028073554,9.483916888112576,33.92002589511323,8.970327514195715,12.47777767528304,41.924318358146685,32.477910136166145,13.313062838493698,9.707849916505785,21.824204476562485,31.10233199427128,10.204675778342114,30.33996104481232,6.313461178073215,18.152137101515542,16.907764716170977,17.286461828104233,35.31956108141873,42.10345211736338,40.9972904794873,25.74367886621762,41.24473225290526,33.74334861560206,0.2029360650835225,36.390772690785795,-6.130247663715355,31.683469745201016,41.46735823131085,25.532618139975494,35.10688803922849,40.898807845984386,21.153886110133453,8.779722883780758,36.43918380492374,36.25657630966272,34.30185274681744,13.144890810895026,32.156928652156545,36.05884692924976,34.396585979048055,34.45234454906352,30.269037971253844,29.79309316854514,33.20278861836775,22.308546810387035,24.834250760114394,38.31494305143163,36.98690562190631,0.9343043879555296,36.29793616920522,35.96141104898953,19.64915474807703,27.221227124720954,39.8437586820181,26.979856784524493,40.42024841776937,37.54144148909741,4.454778784133677,41.22410849466113,17.469046049300086,39.47440782082994,38.20408490134231,23.45527154103686,23.370508542865423,18.718896514096294,42.876618467013444,36.6052048822411,16.829147865063838,13.488772511158848,19.774805750435156,14.36490753035055,9.987610658085059,36.1815138128702,40.80166031181228,29.44241368145021,32.251242084321504,11.3676645185989,18.802676002992847,36.97058277639314,39.96807469162332
32.18548004047952,35.43573586993151,7.870186553936805,37.435135183984514,36.224939434594006,15.825577785477327,-6.318457970330555,36.6510509126672,27.629257325552206,37.451282503217016,16.999016766524495,11.092558232166866,26.94282213456885,28.63845109340156,21.37028468176642,13.717746848100623,22.76539465789725,32.08521673328605,10.77004793258127,36.2543618621781,27.502499372291368,32.13732071091157,24.432584852560304,27.343393861302108,21.125832188363848,10.286509491220542,21.629364180677577,-11.139208299998245,25.615379181905933,17.049342171208533,13.140617022387023,30.09435576661447,37.585213945997744,26.94222526683528,23.842421876683037,31.40515446302426,23.22410658919175,20.376802992764645,27.20623166530581,31.029233838064236,27.493282525585727,28.265834894078132,31.4032771961319,31.621261345140418,21.836360648818438,13.835950908365179,31.175604260205613,29.988326642283624,16.570749508204713,27.954212717122044,31.80987738606402,22.919931059824556,37.11328242863001,8.940942652634064,34.020259110860394,28.380806991985143,31.04975496062374,37.60496062911029,-6.6351392344219065,12.516316830550197,2.383551097995475,8.546797765997322,15.1535459673148,33.356571706280214,27.519440204211435,4.130338065502588,34.60601222977859,29.895629349775596,19.096715004903036,16.927937569885806,22.038908288613545,29.42141921191422,34.83575430536881,28.16993586311046,32.54249763709328,35.781178594071605,33.06643370791543,30.34467987772272,35.80197584960807,22.783316885732205,29.915676308547173,5.422007692468503,37.87094713381166,-9.094868169913765,34.74650869256832,15.342654759448477,-6.683068560969781,2.3226253018204948,3.8570745226650858,14.538259808547364,35.66048915052516,11.165960897345794,34.15838479964234,30.327765965426472,33.349467617403484,9.844821032595265,29.596096372589432,-9.16443661815751,33.046090157186164,36.328559022873975,8.366199773866047,25.779528712640868,34.844320101418084,14.343541517004114,36.41926555396053,18.862385364872292,29.66278921104505,21.072905681876136,-3.662555443558183,33.07718075038169,28.191344621614643,35.28874196689704,24.525835805607784,22.680204760432016,35.987727614047316,38.63402096579235,8.837845697851936,20.839692851306296,20.837070856443432,28.509763593038876,23.53643604670803,8.685539256152584,30.88501101716873,8.203303857374232,11.168028321148068,37.492440057325624,28.924729719355522,12.214270659402844,8.691402201050074,19.685628518167483,28.36983744883118,9.659675087524784,26.928146895721238,5.609880088960109,16.027332852118462,15.490808858264183,15.637172146538457,31.90757258378516,38.215187150963004,36.562201372285024,23.34800951872542,37.2580894842331,30.32336697146158,0.7387436589222193,32.303358469740076,-5.2024377220243245,28.070814583343925,37.1841370414014,22.583926679014258,31.454248335462225,36.65174633939977,19.03237915205587,8.569334054452423,32.97391286334176,32.60164630865563,31.074122392600405,12.077445965526408,28.596742054194458,32.73529554294807,30.718993842621668,30.8560574727529,27.396104799857447,26.77193924633039,29.72296630982297,19.73145111914431,22.825626297387583,34.52353178475188,33.301424430999155,0.7944536241900283,32.45761679875549,32.682945607456915,17.220678637241946,24.253631425410042,35.653112694784774,23.830959404266732,36.55462744215559,33.67406046976356,4.431291425130463,36.854479968448615,15.642375877414093,35.84512493850236,33.82761889556624,20.820662424148733,21.266863378065253,16.755566776298895,38.80070012939107,33.329340437959814,15.265368811121434,11.895238748911954,17.92462607164399,13.123166137872921,9.044986032144578,32.883789657642644,36.72064548677038,26.820446286203197,28.811161139444327,10.300276882396892,16.826168472198102,33.544352532503524,35.60159875253177
33.0118346152907,36.25163888366775,7.6296907512128715,38.36750123192989,36.43326383987598,16.094476426298012,-6.129059359751453,37.235817320322155,28.422980312299295,38.097624226424486,17.03313352817674,11.645447772789385,26.930071008481747,29.424342773617273,22.07038773390347,14.587011961130608,22.77742605286656,32.44506904083485,11.042279142698872,37.21711827725232,27.721912946489955,33.003791972053435,24.66611701232451,27.591630926970243,21.2493078135513,10.392033594802768,22.2188642149324,-10.489173479932944,25.66467779801119,17.42863952201343,13.392761798431334,30.322011373709785,38.502522152894585,27.752880075661263,24.537641500902275,31.512587552377386,23.460843407260377,21.521402223659802,27.064148464870268,31.17401622335367,28.227531339166124,28.42479115829272,32.15794832213019,32.540037236823025,21.576188183303756,13.974623858682722,31.112750505302277,30.11244262480798,16.974535894582626,27.778291137076575,31.79121057931129,23.349700110646804,37.752626066145986,8.95248396069607,34.95220048930506,29.0799450847687,31.785766234911915,37.97351844110153,-6.3458683393574615,13.269078696319841,2.528012784359702,9.082326835053383,15.738386408491332,33.71040642159964,27.703124034480158,4.442526528602549,34.867068594148805,30.21823761615643,19.5562951732108,17.83572084486226,22.86030322218273,30.113896162173564,35.38130004888256,28.436731278512095,32.84704404400966,36.29136818876536,33.79089425181532,31.08640422538058,36.33634150148051,22.792133072751017,30.443883774394223,5.68339930654241,38.511458763979014,-9.102985560610515,35.56846517691959,16.03802385706049,-6.809773100190694,2.35780879565637,3.8136713672946825,14.821468581669226,36.18221832015916,11.856860637136016,34.35213070448569,31.07557724029108,33.63326864674554,9.94219622370108,29.82430366637018,-9.305937558737327,33.26857265100005,36.79714888536042,8.608989883008986,26.670180750606626,35.12901410611463,15.153284057249227,36.92969103944268,18.74125026020068,29.85220502106633,21.878888703521753,-2.8015289590002457,33.60172408592801,28.623224392258876,35.763065821862114,24.637789624443137,22.84306407764456,36.362294640030264,39.04050215924614,9.030576104572981,21.435192259458315,21.6351650749439,28.626028310933275,24.43749055401459,8.559995738620438,31.534721452489404,8.252490411208091,11.347514794147065,37.84271326966358,29.803942142075115,13.07065431797694,8.914997758254739,19.802542753388835,29.287786267585638,10.593881542866821,26.960235161643716,5.215826089703231,16.575130138348293,15.94906923755716,15.968831359576754,32.59595659954465,39.0711882010055,37.23375671874418,24.10311212911217,38.101543890597746,30.53783377476346,1.565926619086624,32.3611971017572,-5.017303897900362,28.01663777359707,38.10575949199487,22.095316168721382,31.870798761654804,37.067951623076006,19.81776206259713,9.209910421932614,33.461982667238644,33.2759555168057,31.488928187363275,12.364164846425682,29.3586835810545,33.388694277634556,30.747654347232945,30.94783441064904,27.36945767638734,27.146819632047972,29.84377499615356,19.805042343089173,23.476190880920687,35.276023087286504,33.807278729344645,1.2235694042847114,32.812971586968246,33.380344625709355,17.825370804090003,24.179069261112062,36.15058273619073,24.07048002651719,37.2457741669987,34.04701934720623,5.31612116204293,37.026307227911964,15.556505435235424,36.78922770366989,34.14135454832955,21.056974083471832,21.559064582741964,17.0483943096833,39.5125849237636,34.106354928453804,15.568970647689953,12.020545408883846,18.16613671233672,13.709336437917939,9.256556292766945,33.63203076697706,37.21812842460521,27.387043434924934,29.024179694597873,10.671539121631078,17.090713021352233,34.230095828570185,35.75851357778021
36.05709154697616,39.68046307674965,8.946515651966958,41.81131446027247,40.62511993944404,17.790392017998617,-7.229038876096309,41.11713609248308,30.925367480282258,41.94479841146481,19.26607869781686,12.32878599531278,30.069551286055383,31.980886575930626,23.79627040428404,15.631023448935636,25.73951181544019,35.696099753914325,12.17822554669385,40.488349469825756,30.754934618466788,36.18845157452048,27.209857635282667,30.53394433729015,23.438351727923816,11.456712683866026,24.46282713184317,-12.373291013655134,28.85360906042681,18.873319470114225,14.773895929998606,33.801034619409215,42.213070806081284,30.012549945589573,26.625722626288972,35.24698359858538,26.10188441935839,22.869635253479405,30.5752570938266,34.80411241180957,30.78667908014437,31.446678099273257,35.06155956918451,35.30213449989792,24.44435034907621,15.535345275955619,34.98867650943093,33.64254896565394,18.648623793561363,31.283335204320764,35.625144670208094,25.6162737618632,41.661953233786924,10.02256756147463,38.05765299746078,32.00756458859972,34.645189900956886,42.11485011561032,-7.532628515417181,14.075726558297617,2.6997666330620826,9.77607411559646,17.36304766639458,37.39448047607295,30.572965828684065,4.419232538765605,38.79087166103641,33.258067113893546,21.28431865878361,18.990754277917578,24.51446575338118,32.85741240037307,39.251737791289955,31.667128848288154,36.48253246025748,40.04023697001377,36.96075474740055,33.71290833026416,40.25843143850691,25.33637412293604,33.58080719890648,5.897512950596714,42.276691049438355,-10.368723131840959,38.77011170607755,17.433094967171353,-7.66964434587883,2.559345965061797,4.300756024196703,16.417027809145736,39.924028397101694,12.433034644249497,38.169782661263675,34.15060073859475,37.238180577569736,10.889902214302348,32.96464966200301,-10.59705426158664,37.09589597137335,40.81566341248027,9.281512163678038,28.889113422942838,39.11850412516461,16.11971384260058,40.72870034560848,21.019800948169603,33.336490596586216,23.77158114817458,-4.1949687506590845,36.92734228811054,31.55845864588274,39.474022750612114,27.528940400026798,25.446352596621587,40.35647011342798,43.26447355516625,10.02126449127149,23.23043476450225,23.43420508220402,32.13900701522443,26.688149467491677,9.742702084471283,34.37671606360483,8.98493227817474,12.574756005071679,42.02259678245197,32.7609406260859,13.885885958391873,9.675728148132722,21.991554833080112,31.606588966853252,10.809296803330092,30.359384725707688,6.318318667052347,18.20256804876004,17.079670680440906,17.51592975938159,35.63763403733416,42.69163876476755,41.07421850724899,26.19064880182792,41.698625579107905,33.82853542494906,0.7616101063031038,36.27735431577071,-5.979135009351178,31.45062085033945,41.807488595940995,25.240151763140155,35.39188376195131,40.979499231672584,21.415825430752548,9.39830819542862,36.787103257958606,36.603917285377754,34.65387353690465,13.390771516814304,32.43124314045792,36.6044179311203,34.45127982988915,34.53956205935806,30.452973179843962,29.894077312827893,33.29030126473919,22.23672948722806,25.339101071340078,38.657264260989926,37.1573890732041,1.0785547908617943,36.44377964437049,36.39321060280131,19.61342452812914,27.13139813785601,39.961961614298296,26.836270723565686,40.88383607880608,37.753037042995956,4.864836366658297,41.263123894084735,17.452626586440786,40.03638138908733,38.06026675380994,23.468729536769455,23.8094007882993,18.840123700200383,43.28690750541144,37.27335584200356,17.02401127154027,13.373656736348297,19.772158040987026,14.497649072446462,9.98778194800652,36.67955034094287,41.06231928669868,29.855329465696283,32.23322479090526,11.48612389208006,18.772093584795762,37.47029682610533,39.9237302604182
36.72502138358418,40.356018427646134,9.126847260699707,42.431190222209175,41.32773148003124,17.9670567251385,-7.4377288331057025,41.77820476599046,31.48802091299645,42.71196140884959,19.688740650055692,12.277060190202873,30.61816764573142,32.46987772700456,24.39592489942504,16.024119920551268,26.283463112664986,36.21392066783852,12.520653657866495,41.22789573837276,31.244911493932634,36.87237140886231,27.796310539934733,31.047491127254816,23.784963688900792,11.65253020923212,24.958063115845462,-12.548165156819513,29.472014333780972,19.24254624694218,14.903344428212332,34.47779437237166,42.97238454928289,30.4608783321183,26.946108016615725,35.84490722677393,26.528739776840702,23.334730120123517,31.14990823386149,35.446629324451266,31.324945768833576,31.918345458609107,35.72135068852678,35.76868898709309,24.88389971702143,15.821084262928094,35.562497281537176,34.24719140949003,19.004552146802503,31.810341466397617,36.25516443899457,26.083818903316146,42.3700737702981,10.070902594499078,38.55704747456939,32.64061234628445,35.11419088713693,42.81566219864504,-7.582887531991676,14.217162269778687,2.884029341039083,9.913742806221398,17.84674856194925,38.106495464610475,31.062328451072375,4.523448403490605,39.512595089696184,33.877122880841355,21.55629007558981,19.22833873947027,24.78115654697898,33.55306953570052,39.98956783099241,32.15005448861559,37.00501465265802,40.70177598558672,37.52542883541031,34.246658293276205,41.066406525261975,25.75508742158863,34.307677008722514,5.9685928954223915,42.94575952571266,-10.466372294786478,39.27820223372113,17.877569793698942,-7.702182337067559,2.7262467512634414,4.533104123792341,16.566216291298698,40.60386840585876,12.477762377564874,38.85893456478576,34.76295938476099,37.86848764491167,11.096600091995569,33.427259976831465,-10.678401620737516,37.770739840745144,41.49270230116157,9.418866298057885,29.40743600924684,39.78395378506968,16.346180767436817,41.37128429249658,21.45402936417737,34.00730847311763,24.25904438000643,-4.342278276454893,37.527802753688825,32.13501126249264,40.104308273236626,28.088951562451165,26.005387949577333,40.985426356354544,43.994429022277394,10.267067905842701,23.525735950244446,23.863148139825935,32.71019928847012,27.25628812700582,9.791747897326683,34.866675232166834,9.424211582570585,12.82879516006771,42.72024255164272,33.386580910162444,14.145895533925387,9.885386816973945,22.45740781746927,32.074313789448524,10.869527215944967,30.823020195993248,6.363008882210722,18.664825865380884,17.38366082653032,17.62966564986501,36.23943892829512,43.34140798872562,41.871854804848994,26.64089478784687,42.38511385330276,34.41187019649916,0.7566864522171407,36.913406049323584,-6.094241946246176,32.0643716752083,42.566932686222096,25.589289726262166,35.86649651944627,41.63271237511611,21.967467302028126,9.333345258308114,37.40348542444635,37.20855704105228,35.10310938084391,13.519650122740694,32.96853995378155,37.16113926944175,34.9306120585793,35.13704857563635,30.853208211496273,30.513681858026,33.93295761666564,22.68520866569432,25.77614232648064,39.24761616404368,37.81367257604515,0.898455915415405,37.00990955371501,36.96704208889947,20.19728929918057,27.557351617127278,40.678757654785535,27.35936849119795,41.58134391610037,38.429342167142444,4.986067565142303,41.95694728367626,17.674430775449025,40.61648136363105,38.782387485610684,24.00140413806769,24.1776966493723,19.22527562641519,43.9214015303847,37.79299026104833,17.414573889259223,13.746558159718894,20.192401048606985,14.723358896246202,10.332333533035644,37.30158702540341,41.77520666928774,30.304958355057607,32.78068368217094,11.636338299037943,19.17403114844186,38.03254679082097,40.61010320157202
33.15027448732717,36.29441907329197,8.295347774275234,38.43044664664415,37.27780355088271,16.37393995397449,-6.50064334661507,37.69432400581986,28.487166950724266,38.504055533552524,17.64897269298188,11.253456588186282,27.615618054636123,29.400846659679743,22.112511970629207,14.33504353303347,23.56585707394695,32.93321944405095,11.28737839038792,37.19798086803901,28.230441689848412,33.05297450209317,25.206165698185284,28.056479961337214,21.705040642544116,10.68496335368557,22.418730506982307,-11.397601118243264,26.384599034962918,17.322933217792468,13.521929589600438,30.925283243570615,38.6434853313371,27.78084626310542,24.551970588447602,32.27800925088688,23.92103205426438,20.983519957642297,27.98856689326818,31.828256899152333,28.338750052386306,28.953079174172814,32.307729933941886,32.47581482195006,22.499447438757496,14.370465225341189,32.05801839394672,30.794919918251,17.0848011516221,28.691355942567956,32.6745144340994,23.53870768937959,38.12147687012072,9.290725830011528,34.96885077954505,29.34688330356855,31.831237934977647,38.61129865392482,-6.895791315502793,12.844813020167956,2.636670407508995,9.145443548678406,15.82073669182401,34.27207236807811,28.198968415662463,4.097005054679972,35.53941948826417,30.613605117095087,19.689104264077717,17.577476837555732,22.634722708139744,30.283188665759848,35.88704279473454,28.981027710014082,33.4359917429491,36.81067825705699,34.00210646539208,31.11095142927395,36.80696942654071,23.366789352150626,30.69381731850079,5.642680403993659,38.8697270169145,-9.433718619407632,35.66269271662694,15.894776407668306,-6.992129208134114,2.5696269427804657,4.08751969103575,15.113102988511967,36.68089636913262,11.299744235258517,35.12398138491186,31.260786285655616,34.25742053230518,10.11688483146935,30.342844436697163,-9.653812664862706,33.95677175852901,37.344848100693525,8.662305566933549,26.49581158955996,35.84407673712386,14.735613085886994,37.454634628921724,19.444224291747968,30.457728054303704,21.727241016365934,-3.8239485459251887,34.05880504283194,29.006179924511873,36.25503546228582,25.253403281266383,23.30009353194863,37.016323670151415,39.716337016710085,9.26346124725863,21.49333366079889,21.577019431198842,29.36682593032781,24.317221771706027,9.02601923661886,31.754332417052872,8.347888768182523,11.52958528352461,38.49701441499264,29.84562793445372,12.719264233900232,9.153567951764183,20.25125703456362,29.105408909133466,9.86085069954527,27.777948093726113,5.845200845497657,16.59831202823247,15.95552964059217,16.064633755504182,32.78455134938708,39.21029110633237,37.63595655116946,24.04877990233192,38.29154660341217,31.07457402907955,0.6551784496499055,33.20111745062841,-5.488496543341116,28.895148437362472,38.286386654528464,23.176376665056445,32.34016404934386,37.5758641724648,19.67241196697024,8.645637360755703,33.86093842432145,33.62095339453171,31.86134629702506,12.327377439791908,29.48640864153974,33.66325926400394,31.592513178806055,31.718639177634593,28.064040249610514,27.51803969846159,30.66811192447101,20.417662242259777,23.247740223832242,35.503652186048576,34.18344935082429,0.7709613245497533,33.326787288321036,33.548363537180535,17.894928294026958,24.921850173229256,36.633485594552766,24.527838504111024,37.57875617634915,34.57161855293371,4.423418159029761,37.85581220138395,16.080800051483443,36.808615704313766,34.85182474628238,21.48945085687593,21.90559431239437,17.285458321990347,39.803930211233,34.282664434336375,15.793957293142492,12.431183996536165,18.45368389352858,13.570321994117698,9.478692387331364,33.68960729141423,37.768724339094284,27.48714431152536,29.554257921168233,10.560060117826035,17.394090262392865,34.43021897462392,36.58103759597812
33.74334194343646,36.84200623603881,8.281195110267245,39.19136554465979,37.77543840353123,16.557980998688706,-6.321809337951618,38.33032514560922,28.98833866664269,39.064688437862536,17.809026592386573,11.81330612306623,27.820119955081264,29.930935596866814,22.406886688995293,14.602966983372488,23.69528767639326,33.4358398488986,11.207310277487888,37.89382343292472,28.5225258618644,33.63338924478917,25.335717540086883,28.390450033845788,21.767966767591936,10.87620377761214,22.626595354243783,-11.280236634212915,26.632095817764814,17.741690772926805,13.694232035243102,31.216666400851967,39.283566471927955,28.179786996173725,25.077079133388274,32.697143088394284,24.24967998069353,21.70000207784042,28.26312281303038,32.17202705451593,28.987087245123412,29.28988971313307,32.71098577272115,33.22308592772821,22.6866652493379,14.538433568691369,32.37362591871961,31.101628371316863,17.266402114429468,28.93164836601484,33.00568776900248,23.93409102412391,38.66994929727366,9.444522510171309,35.62729701609338,29.88729010996009,32.582172002630344,39.181871483002936,-7.001912415609101,13.231554889799023,2.482571344136999,9.148642580376393,15.974030605142259,34.71437324634146,28.524303736559048,4.4152444893280505,35.935675679794514,31.061346629465806,19.8016945647514,18.100340502272758,23.19356782259422,30.687981401566894,36.37296687672094,29.307796880971548,33.99554557423736,37.233235246123265,34.6070532478185,31.66964087044697,37.33263402432701,23.51268633465037,31.17183221626028,5.821466105223404,39.5919906369348,-9.54902588927516,36.3592538951396,16.05849526091991,-6.947800301912216,2.447661525293613,4.008095079018321,15.367730532298648,37.11969655427297,11.921291480513016,35.63617143507091,31.692169277082424,34.73070511995142,10.157191955622348,30.72385514101345,-9.729771159309502,34.41196374240633,37.957533983130965,8.752549411099675,26.959417710101206,36.34236841194875,15.163554073400931,37.96652953904094,19.473319547569346,30.900811082735704,22.05592959220324,-3.378982015320396,34.415731073553424,29.31761657438368,36.86022921324519,25.469505661726533,23.698628040823685,37.56336113050902,40.23443998412376,9.366291998032802,21.717506620631365,21.992416344683136,29.70643398929908,24.73331953349559,9.210846907191888,32.221598826016454,8.572565207909227,11.733327012684683,39.03848853837653,30.39097204294463,13.138585881538297,9.023263152897988,20.670118956685258,29.672165916081795,10.432424988937157,28.124531930323993,5.800406660390736,16.927331887155134,16.102787981165335,16.41127359429293,33.30793196969151,39.962866435800336,38.13736319853468,24.58102908645351,39.010620541053406,31.54237848967643,1.1323150697838469,33.621964653388225,-5.260305515621895,29.17631803795072,38.917137964373545,23.21220832443506,32.93378768250465,38.09369589728423,19.94855074572296,9.17667485824286,34.41578731265433,34.176041720867296,32.40174065174619,12.689273344348937,30.040927548139134,34.37533161790009,32.01163877072937,32.13379718907639,28.41507541505068,27.935619850339744,31.062235262037913,20.485962580453354,23.719772992070748,36.061834088147975,34.584648007406365,0.871842548853014,33.84984867173767,34.164102620067155,18.105253432544934,25.16048232752738,37.18160687363482,24.78184221302697,38.257093089107244,35.11006159674655,4.910218371733607,38.34910244032272,16.119958248285762,37.53075691569659,35.204521324083046,21.7324729172057,22.256158525695977,17.644747894794953,40.56774803491541,35.009800780783515,16.148116712674565,12.398880354515477,18.549703883655784,13.631240423803845,9.405234606271613,34.35019959389839,38.29438027577327,27.980623372440075,29.952817988302616,10.770504810159906,17.440711136700344,35.15263692840434,37.02047362889088
34.069358158635296,37.28152084950054,8.552207407458942,39.48063789941549,38.46326169736305,16.760108815175254,-6.7702452907961375,38.877049632879476,29.112337692216407,39.52132268864887,18.256490670690543,11.495501338566934,28.385424892024023,30.147122604048885,22.580726633857264,14.602819729415764,24.215514522847407,33.93460215587928,11.453789667387488,38.09998553577521,29.050189187666263,33.865262858047686,26.010321725404452,28.827648081672663,22.259675583657728,10.882969712530373,22.8846988694893,-12.016552416242313,27.195081508177402,17.747932568401513,13.903879856553939,31.80613302791639,39.715165535675766,28.359232857444432,25.221339488770848,33.28313417386192,24.554188107373022,21.509337004709817,28.96068442080233,32.80054144781416,29.235417476013865,29.745083860992644,33.183132809520984,33.32246353454278,23.271689897104793,14.820568726293251,33.160369872082256,31.71006084452486,17.550390029459596,29.61678108736601,33.70290087045701,24.104855027261223,39.157011217298994,9.610891330929995,35.88849497309424,30.165888280924925,32.82883777698756,39.78208459952589,-7.155267588849123,12.92369444097459,2.679484698738559,9.277914360304027,16.05075420316383,35.33419116389484,28.90510502163874,4.2026731009140725,36.54105912765379,31.380292973428524,20.26103589854276,17.95494182617072,23.193270173654057,31.101165352533986,36.84716577329536,29.743883181000662,34.5054489840316,37.86001624774529,34.89669209608478,32.074210350753454,37.8606579159005,23.910926030134345,31.53394232901873,5.6692574562107625,40.06610935593272,-9.826616831764229,36.709133001164055,16.114834531910816,-7.151940957662754,2.6114617891209466,4.321319538551849,15.514466618163661,37.64900076719459,11.534609997850135,36.247904311102225,32.01440708920795,35.391713975628406,10.33022125476184,31.248226197332095,-9.887092769660917,34.956925895735054,38.490281800319565,8.880463969340123,27.132732478054162,37.010145066990404,15.18856089798686,38.50128511874787,19.968410872796625,31.428053236088736,22.14725084751746,-4.129832137696928,35.03416672299518,29.617078210796628,37.37908121792718,25.889323521119746,24.077645484851946,38.14319637402293,40.96321150466704,9.607303096591599,22.03871874403557,22.064283205471067,30.206102569975897,24.778041397487133,9.381940175155837,32.58767166450085,8.677369438217582,11.940762053864432,39.691408614485454,30.556992980405955,12.981206697845707,9.22640602904489,20.926811043701367,29.85833644426981,9.8765067883772,28.713456413291983,6.075868648527545,16.95357700051664,16.293310190835,16.508533154114783,33.70417197967457,40.39675267469563,38.64282264022851,24.774105203689782,39.365266530031526,32.08024293218002,0.522809428019578,34.24770049560772,-5.816550837430682,29.793584836794704,39.33698943663766,24.008027594047213,33.35173758172374,38.69362806692139,20.162781848471383,8.80516687287514,34.97899782120484,34.63622897956615,32.74061606271216,12.797367954538794,30.240166070615132,34.74984030899475,32.654767090397534,32.7845405258584,29.03716404368019,28.275754807730166,31.627867929796764,21.070111989391847,24.0291977221073,36.493715674518796,35.1106163372415,0.7784391556205876,34.36082201144883,34.5524793537067,18.270572338042616,25.790607590687696,37.71597676248738,25.210808692362267,38.76430732219946,35.65294146184756,4.258905956201201,39.06294853523672,16.47209518092425,37.768448241147546,35.8165089529118,21.94908402729198,22.708497140066456,17.801359916266556,40.964471867401095,35.359805403337035,16.207329592329653,12.74868814847479,18.82925608009254,13.813584524008718,9.780915545720916,34.684349764531824,38.935030772035375,28.3458078935553,30.40799241022686,10.75627902031158,17.87477583809768,35.54220198591303,37.739353618975926
31.853906783493915,35.09216661435528,7.931892127054368,37.073397316043355,36.02010790033914,15.794825071053232,-6.248631362558693,36.43420476416407,27.39045191396196,37.128471268704075,16.96898682784827,11.08041597978771,26.7152303504999,28.35875774251159,21.08015459537274,13.564867055931975,22.698044416032737,31.776265819914983,10.608081029999738,35.87391339726681,27.212509414871967,31.92655655821252,24.02492257245339,27.0639501396024,20.88766043674097,10.441072309661298,21.40782373847324,-11.030955210089008,25.539311307027038,16.838437569016392,13.123922088485418,29.858386864585647,37.26813947275535,26.558284775645845,23.706460387854353,31.28749087682673,23.103221228421404,20.201416753390088,27.100574612792336,30.78963249545327,27.24857871307862,27.972611709561214,30.977263730279873,31.370611826739697,21.747720616451193,13.695879415750529,31.030150987142513,29.82577506701577,16.353492828536986,27.842744311603234,31.61707034017448,22.66939205120067,36.826773555211524,9.03606307627885,33.744217204333566,28.2641410059943,30.832056369102744,37.351858337134026,-6.7949355329968775,12.453607769187393,2.241567195531558,8.546905249077563,15.033866949655058,33.125384286481854,27.2589505755605,3.9628128471059174,34.34003900574226,29.59828871294833,18.83709272854809,16.815227621052813,21.787648194951252,29.041963345056914,34.62488589224472,28.06480025501177,32.33122334442288,35.43336911433756,32.84746128569169,29.943210966300388,35.5380054785778,22.60398748382747,29.69050447179952,5.384477263968248,37.52221098410419,-9.230199514534213,34.47817154906924,15.12729246438339,-6.655255735649331,2.284661076037278,3.7501566139157814,14.687769724560729,35.394889146255366,11.19493539147422,33.92938100175996,30.04725438760254,33.08577816074579,9.780949414208873,29.380904621480102,-9.302970577253694,32.873824185486065,36.14042137383232,8.126323210116947,25.43339823943103,34.64674314554987,14.218217782054209,36.12550971953902,18.71750421295929,29.51114586406326,20.750681492995064,-3.646076880687658,32.71502897977808,27.91585466136415,34.962873296122844,24.37406412837096,22.64471529586745,35.791162948147615,38.39016266443655,8.76992754987048,20.569751939012484,20.61200710158994,28.46431508811651,23.348798791804448,8.615412654502435,30.62884997250164,8.105098154315186,11.132894267607822,37.22903670881833,28.741564319951678,12.14063541001921,8.47682852671242,19.602071929152295,28.067544601094664,9.584989372167588,26.87470600782303,5.722339868795105,15.928788299460228,15.214233747268311,15.649313252890984,31.60670352917656,37.8817043215663,36.286543447783636,23.112946074950486,36.96114918592249,30.143697483714252,0.7125714735224687,32.129499364740404,-5.0886828471479735,27.89995111502252,36.89144034258828,22.52738432530805,31.298821000860883,36.383918907491854,18.80028610741034,8.508493519437769,32.719559238445555,32.37274701086119,30.877434068041943,12.11401938242922,28.459865646337512,32.53229377659906,30.63854870703878,30.706004948370143,27.16870729302629,26.464741572158026,29.522433843744718,19.57281030750852,22.50348991946903,34.26946575591115,32.91401762234822,0.6829122642350385,32.265378739700225,32.37980942100185,17.07892063519132,24.11125835483095,35.41472968225394,23.607220686801863,36.25836286922997,33.425143131178274,4.313629593543091,36.61045875134302,15.56947620641113,35.52204675596255,33.57634316575213,20.705493698326187,21.136552064572903,16.664844974156384,38.457585440516624,33.07429903723678,15.29042864331234,11.741675075826647,17.6221012329759,12.80374683593989,8.808760896503284,32.53932317182281,36.40786371779794,26.451220126007687,28.629254127963872,10.239511634339902,16.603702195932524,33.2729414277679,35.39882069299168
33.49676369059722,36.93730702828571,8.086725880199106,38.67265935608986,37.40727649029725,16.393276334218452,-6.77408825478507,37.83077827333055,28.89809876889292,39.09171128487118,18.066538872186634,11.169208886758401,27.987864841076163,29.584183476522675,22.691514387125558,15.245116419744141,24.224917883471438,32.56181559160909,12.145008229484965,37.90436432156461,28.64944543215865,34.098842550307005,25.222877349977196,28.51160822896103,21.69557089150599,10.796536605305878,23.509456508627608,-10.585020740623719,27.007894015589944,17.677669643963924,13.991716222798022,31.678842893827664,39.22185129299332,28.06818826342161,24.53325883728631,32.565520728512205,24.538192906200546,21.523773384490813,28.118328044174177,32.36444833111649,28.31064439202601,29.112501109225395,32.680084121310514,32.55306952667907,22.59200601893477,14.130668071548053,32.00798873009825,31.327405426094504,17.893990047347145,28.7169841205682,32.935558685992355,24.101422777186176,38.998519568898494,9.241685247756298,35.088048478588576,29.911974684430593,31.81425344890754,38.840484256283204,-6.798654659505901,13.377763255420831,3.208024865371169,9.258462100484051,17.290141498387943,34.705660611698896,28.45093606250391,4.26840102080457,36.226265209098,31.03156292312474,19.62625253985215,17.566526440156828,22.44550978373044,30.89195452902283,36.90035203791635,29.54881446624985,33.4605683537607,37.142523196053766,34.019369739847136,30.787493670813937,37.713283418379746,23.74795206521669,31.746407602157745,5.442550541962818,38.805206888737374,-9.328021901934227,35.518573580498554,17.229435919987697,-6.986775344267704,2.671277058779229,4.144156026606067,15.014851031712793,37.267449746149886,11.26147992658416,35.04459584747932,32.284758020170145,34.14838925409409,10.340102251847894,30.19250596277972,-9.370896315794015,34.42290678188789,37.599490946776825,9.095444381794916,27.008406830540245,35.823898593086746,15.02853313170504,37.729699598474944,19.5878168649669,31.021962839248115,22.87974373244201,-3.711645006859457,34.17352321677076,29.77845872507956,36.3803854472476,25.911797289667916,23.615962339266815,37.26255212676693,39.76703760965512,9.342928645121246,21.670004315843656,22.03794423581192,30.009744392134813,25.84764043000966,8.656418655318658,31.561130510908953,8.550819347033618,11.738549254941269,38.714106802121755,31.10831760993833,13.322354659200876,9.327364886596332,20.430091067508116,29.298451800626214,10.39012791842283,27.976647460718002,5.81099528071453,17.710472890765644,16.142589454111487,16.293215463931656,33.17339182517747,39.122065759133356,38.529033869897326,24.25171138284274,38.54551094408747,31.12852695844601,1.1816251883906215,33.63510242813244,-5.000662397432722,29.217419697559915,38.95575202356789,22.902088454908434,32.578085421042914,37.818497535295094,20.39255257085764,8.485036870847049,33.475198405109495,33.80479945040042,31.953533975655684,12.321034116435232,30.610380151843337,33.39600333671965,31.508668952895324,31.614711620776127,27.702696502637217,27.96555741360908,30.77003163150966,20.83327806451569,23.139103040453683,35.78484757649355,34.6051879506999,1.068208539996172,33.55794694380123,33.39375457228664,19.207009294359754,24.986066113634056,37.16710633201216,25.267264086767483,37.53187780544865,34.75698350254459,5.20850794646426,37.99271840810202,16.295506495836094,36.990733135745636,35.651004093386256,22.307230541997882,21.371425145359886,17.629196807105902,39.82499363085692,33.9990468468636,15.912074275400387,12.522115402591371,18.754693104235475,13.731969042134333,9.441519210422335,33.78210001715159,37.86586196633868,27.343638430926728,29.88854299488243,11.043851760820566,17.580498873582883,34.18192365932929,36.817051029519604
33.283398804757354,36.43009770378514,7.83658554111242,38.588308239367656,37.0781463558567,16.33290466789377,-6.3186376500509285,37.68169556391899,28.556928407868966,38.4811423534763,17.382370090281583,11.495409720074184,27.413126969465587,29.51568005838219,22.035965907762286,14.518299110154194,23.26872355002093,32.86740601929925,11.096134131301861,37.3611562077251,28.145166810719278,33.30016314182756,24.927764094572666,27.893131950994633,21.499514338962083,10.663562325596677,22.40982381141595,-10.9380761250604,26.143121311795262,17.426876379786034,13.597241545042708,30.73805452988358,38.75989059294836,27.88474141527757,24.735573475380978,32.09883022163408,23.76455713820583,21.45955800804792,27.66790289957127,31.671533930021432,28.499159604319686,28.84154385576507,32.323430021609624,32.72127700190777,22.108785643447973,14.161398663959599,31.768682470670402,30.687205084573225,17.150334748815542,28.398394874297047,32.48013579664561,23.48950318086677,38.23885428184524,9.166218981882713,35.18341740876659,29.46260510369949,32.05139901666099,38.58118550075645,-6.806048647250974,13.16669117841231,2.4461981947984017,8.824244842839496,15.919208427047177,34.14272171715285,28.06409686903785,4.300468920141976,35.424793502840494,30.537397393452483,19.59791498712472,17.736290626593604,22.768225852039194,30.22323458200491,35.888377335930294,28.975937034236285,33.42639160817952,36.69917949232462,34.07996072186736,31.234172265237707,36.8048042072515,23.15238780947267,30.709499552613423,5.6159596322240155,38.90401836008416,-9.358818456740934,35.82088859619447,15.98773036345752,-6.889900435824592,2.3008202981452546,3.9137542252555697,15.116259643623515,36.60805693345346,11.77379475263783,34.94742583609872,31.357140351690372,34.09727488112982,10.093064168073855,30.204990749839677,-9.504977042780105,33.790934264100244,37.29495568039437,8.66146760539736,26.658305356045002,35.7130405769345,15.012977337350181,37.397661476254704,19.089942352679405,30.376697275657786,21.905002923049903,-3.2498364035417353,33.87117275854477,28.893198468014326,36.2528200633601,24.994597144879453,23.236598502446363,36.95902327245074,39.58251911564058,9.267132218181539,21.46313415275439,21.69783119519688,29.188722743859454,24.589006979950756,8.84621494714752,31.77815925630903,8.233300465703612,11.532575983342554,38.413656224948916,30.10717567874905,12.975686001749866,9.014487021787359,20.165270422758496,29.2848778581766,10.384902801270401,27.60262756064541,5.630304142565272,16.718411507227685,15.835376240878707,16.20235617916404,32.86600655862286,39.38587997717509,37.60285612855511,24.162288926326674,38.47650709584831,30.93450729496757,1.2173626390119114,33.04796977090069,-5.181310547399962,28.561960945090213,38.4160120672768,22.74506368249303,32.38693152006774,37.539341048116015,19.749772710228196,8.959881274089955,33.85881436583289,33.71505318831488,31.958904743198378,12.47410981854373,29.750295443356265,33.7188689864204,31.413620216604325,31.466779996108734,27.868932503674692,27.5106567790124,30.37346753444367,20.1636783227568,23.34963676324869,35.636026518663165,34.08173137199518,0.9955675643014885,33.29382191734059,33.707691543618225,17.950918747768334,24.654684860554628,36.582676131667036,24.427080525618518,37.63906486423495,34.527506381734916,4.980009107554436,37.669361612106165,15.799918722258553,37.07942749402171,34.72934121993369,21.295840560403136,21.867408240997978,17.31563312591346,39.94313034894821,34.45247185731505,15.755384830667007,12.193946727408502,18.200250575853143,13.489080454105391,9.207747796922435,33.78521314644861,37.695957516389164,27.60272875484106,29.379424518678178,10.700064798781819,17.274768454627665,34.646822328780615,36.395243900049834
33.52798409871664,36.86290637413861,8.121429246142723,38.876492680855215,37.48273247937186,16.416824676886204,-6.358316089371438,37.99611256673322,28.715018159782396,38.840133487155946,17.536249968890846,11.709690801749026,27.911221808024166,29.7559284302409,22.28159455761302,14.485348676530217,23.628966358778197,33.22266631982414,11.273818229103098,37.75365013208918,28.55501318480048,33.52025542395156,25.096680412382103,28.437777405493613,21.899672469654593,10.58732003759928,22.597372506554557,-11.242228465827097,26.495361385174064,17.62621586672844,13.782650825436841,31.238743297638237,39.10385942128241,28.035147244124058,24.824454677450287,32.445562692350954,24.27801068662312,21.314786336136834,28.050332671563744,32.12513980301704,28.547686723749244,29.330596994705957,32.51116793934272,32.89638485160345,22.510572669389262,14.154413579883606,32.17601311587187,31.07970918422308,17.33040476343489,28.81022943542032,32.8299284432765,23.891641083164743,38.60664351584871,9.098458368334768,35.43371679295932,29.549726686958493,32.2438141174608,38.896804818155836,-6.786125343080681,13.21393562716285,2.4949834127011714,9.088594597805063,15.981860228439936,34.573902486199025,28.599486723106388,4.449149921196417,35.83159296325877,31.007959036583213,19.80017462736966,17.765099320793354,22.94815172765842,30.568812558004247,36.280428691090286,29.322008229862004,33.75763430456771,37.09100454130316,34.34552122328053,31.480249488581595,37.14343900648463,23.666354435355323,31.162478603720363,5.754361180319346,39.25855117360055,-9.476091036167814,36.05437409568023,16.24773682858002,-6.929518862725639,2.388874312783089,4.078421430195337,15.056115528024227,37.132842631143376,11.664728087499507,35.28638432447991,31.603567975431535,34.406469303176095,10.136603451659559,30.76440306274772,-9.279111703415534,34.25945809287589,37.62910781797069,8.71448121983824,26.9020231399827,35.99646320184297,15.134736618606311,37.76519997309282,19.434787483538585,30.682605906615724,22.137178446870273,-3.5977862023215845,34.279627696903525,29.408448027747216,36.556614017460255,25.483523356900292,23.475345378067228,37.27950749350229,39.99133979703931,9.096384777975013,21.664215722671113,21.795720988021564,29.604458207074337,24.7770316680634,8.935535571949389,32.12904811985972,8.378380291712082,11.517592904411902,38.82519195970907,30.28546122919486,12.94183938297586,9.012704522614511,20.45825038948774,29.554726580903147,10.327367470805573,27.900002696943744,5.828067794251999,16.771050494160253,16.068948963238608,16.196587041928357,33.23900119541258,39.63346530089874,38.04516135724309,24.3239289294946,38.74605400508488,31.339005543595363,1.0749015592617308,33.444800901825104,-5.254139002573907,29.021928327249906,38.680916493079735,23.235243175201408,32.60880971578118,37.96807250768724,19.854808427502416,8.987267623296596,34.077542566756925,33.88701481825422,32.27085045964332,12.492074932844913,29.92531503959142,33.90416753039815,31.7621968135935,31.88152603332646,28.31495607650127,27.704086215148838,30.71390282760309,20.487425320531308,23.67383852913536,35.908980755054515,34.52417056679686,0.9424011975059926,33.664318234002515,33.89558802537808,18.02790845091179,25.05908177719366,37.02261900792783,24.757789803407597,37.84896602174074,34.834091821698244,4.805376986827991,38.13177694984458,16.21757700077184,37.313158731857776,35.14315875146555,21.72469634381195,21.987849616325388,17.247554219180408,40.23498988835047,34.632873579799906,15.98944066656565,12.239414170995563,18.595845560044562,13.609989712582156,9.274555193482607,34.06554509663734,38.11205801143064,27.82024274811978,29.839551386756412,10.758058562012012,17.406182792467295,34.758370150718434,36.80433859297057
31.986308187603886,35.05377344207301,7.934817051540989,37.07317211070548,35.93204143662291,15.727984468034688,-6.209140398933106,36.39126086278763,27.478437090569262,37.12932131831042,17.006069581073376,11.12599490501554,26.584559037889942,28.40836769185294,21.161150514279523,13.872922782949953,22.619637726148863,31.750543274603327,10.713493569522505,35.97847729145651,27.17427738525897,31.980147317450523,24.172838087183887,27.14603239012182,20.92479340442225,10.348192456372889,21.56475760141368,-10.823870698265988,25.460325175135285,16.75361734056679,13.029307975320583,29.879994141382404,37.34143937340116,26.66016742753118,23.6815922839467,31.06384165064552,23.10967343155556,20.415209924897923,26.98543399941424,30.68147033919682,27.40717906401627,27.932317578940875,31.010588409289724,31.366960028178326,21.679192818151936,13.797338863214847,30.87287386634696,29.660451276676987,16.44693226357206,27.584426479216237,31.4002541464443,22.759178839145363,36.73654458213148,8.767145535645277,33.71125174070029,28.357390879206868,30.81185082752908,37.19947262405997,-6.640744006751606,12.537066904546702,2.4513099004727854,8.676997545202084,15.239425134549634,33.12179873176346,27.263848647340865,4.087859802701419,34.23802483091518,29.609042841808403,18.864517125116084,17.02136821434464,21.874043301056492,29.13891803200281,34.6045661206058,27.942833270085433,32.24238936824462,35.45308204043529,32.79480771830625,29.978570466650666,35.520588407582665,22.4752957128749,29.74270879398765,5.508517132542552,37.54046276996517,-9.078768757602774,34.40111563680669,15.375594819703059,-6.672379143844558,2.398537274339401,3.93226226751868,14.51095681790822,35.32135248069255,11.020606859004703,33.86755685258881,30.11847010510642,32.99977994883071,9.66401432094097,29.291387513080842,-9.166781155057393,32.7845811554303,36.089222224026926,8.259386130253722,25.655254368081117,34.559370105857994,14.357444071057325,36.02781700706403,18.686315328999363,29.399444404890048,21.02819257505315,-3.520177927196216,32.780792447017554,28.003076162962834,34.9427647278564,24.30448770708763,22.508175165008737,35.63985204992419,38.26995506603088,8.893288128536138,20.636744543441154,20.84099124869619,28.339199113150148,23.51467167052708,8.77705310620953,30.58513570506162,8.110162441336588,11.12848675202097,37.112229283371626,28.883364617592715,12.396557965641064,8.493154125438524,19.664457509397234,28.060086845051778,9.713778141387483,26.74016695828942,5.62357789822845,16.057147485982572,15.217244055160448,15.461099177220536,31.687304213328428,37.83842247260972,36.28137666858998,23.288384856297988,36.9698594622676,30.07135295708163,0.8831085185787233,31.99653019787972,-5.058077779073289,27.82503435631605,36.93870871178343,22.251454263418932,31.263297743824722,36.17876456072493,19.00089972932043,8.518207357673447,32.647909424640375,32.354369149639105,30.723720454990705,11.986323960568017,28.53827615701582,32.56042577105707,30.406467681191238,30.5879504718295,27.097619138365772,26.532566672257914,29.56954036583641,19.63125346820504,22.54938368143009,34.1718618296741,32.99305551889062,0.7920122365952756,32.16348183756115,32.32301917901222,17.276373432266457,24.004099762566927,35.34105493198299,23.646265032003587,36.267283185894655,33.4339252300088,4.450121954351407,36.509946820924,15.533153873337604,35.500884814259315,33.5384891323901,20.799145424591057,21.16107808777067,16.758324381123774,38.38792536249045,33.09069349573302,15.260550527580133,11.899979109809209,17.685185138870917,12.974755047123763,8.966452941878968,32.57020607629464,36.37373068501642,26.533398552416166,28.503835893783403,10.169656112869712,16.611487450390566,33.2224629957687,35.24742138738726
34.3478220052564,37.958554788076,8.595472355226137,39.89510471029163,39.0037816877104,16.9854172869634,-7.044047797649696,39.31248632023779,29.431666991171515,40.14672379760049,18.4970176369132,11.6212826229138,28.948306023806225,30.489024295188887,22.78259193119298,14.636561156927204,24.647244625033405,34.180821298516314,11.669221356132374,38.63266067371235,29.54084209771917,34.52865469446821,26.16959168707117,29.2884627425562,22.489402843736393,11.110404636095188,23.353349384879753,-12.09663655712101,27.84747429604467,18.17590642361629,13.988458980949243,32.52977767397612,40.276973270663774,28.54818881349612,25.26549892900747,33.90496938348932,24.982922292953138,21.61057014608254,29.46089276692216,33.47614425893408,29.290960768582796,30.123198638247153,33.612343325780394,33.61311700154467,23.577594893512753,14.802063856966527,33.63292882783365,32.34514276411564,17.827133027904086,30.1964733716357,34.34105246875034,24.439378801376137,39.91479344284252,9.634122399845237,36.198400477790926,30.522757980215857,33.07092388527182,40.44349035714892,-7.167584455520795,13.307289702680725,2.520569529504642,9.200778294245676,16.474481937397297,35.938744560628706,29.350875520681452,4.114685163807297,37.315386540122525,31.991905439828063,20.241405372614118,17.814566702001013,23.247022428025076,31.489541856881967,37.55595531535189,30.313838541481573,34.9068204759242,38.31102744293241,35.2330137698762,32.19520985235012,38.63539708718048,24.43772301305376,32.221396783595424,5.462765954014951,40.43246552586416,-9.817477904865656,36.96933961885051,16.46096231796337,-7.260779572883065,2.54159040015187,4.165758427910945,15.622726808115157,38.24477668433344,11.691812694229213,36.69291247802735,32.6508587978457,35.76858555172049,10.527135010828335,31.573927226941027,-9.955535206695913,35.65324251143351,39.07561587084592,8.836163881435699,27.40701120739195,37.51661406271838,15.072557318737243,39.02163031014086,20.311371208875514,32.07513735909053,22.535967799699687,-4.340870514995817,35.366262720458664,30.18300620815772,37.750547057746154,26.4241901342652,24.412197121996766,38.69558688179894,41.48444978763879,9.562721093312774,22.054165255872938,22.097758201309304,30.901646708482865,25.371996152638612,9.21372083703886,32.8053592078908,8.903783499434269,12.128703360849194,40.324600786866995,31.10926198308121,12.876660142618748,9.270511800691258,21.101242792654446,30.079123061538603,9.971959050846635,29.047925665789432,6.112888952823445,17.4075973280047,16.328705445581107,16.653101261685052,34.10989214897843,40.775959942975234,39.29150357309864,24.927670924513247,39.79027906171565,32.60279351217555,0.45323878556983216,34.87061441526816,-5.7319038216165525,30.30790099376238,39.89361042234199,24.44044585162525,33.75969555331574,39.34455185089581,20.388174439942635,8.862505150777356,35.255245747761215,34.8595997602192,33.14931685980403,12.798941713049857,30.808801869874138,34.955379998492155,33.02467626552025,33.191624213540955,29.203288928336775,28.656731881129208,32.02228609182958,21.277197331192507,24.215972244021998,36.94491431499991,35.54379003410432,0.7204599848955,34.9282516965143,34.79871620498938,18.734077194565472,26.097928313360296,38.34006151984211,25.726594407079936,39.120616382335,36.19063047755614,4.426891025363511,39.68121983276854,16.836446129001267,38.1502048592425,36.51173297948866,22.509478014088042,22.691737478331344,18.00479777988034,41.43834450218151,35.50879795969906,16.36491007078677,12.861530847593226,19.024873926414845,13.806310607378936,9.682026129997688,35.04818275875603,39.28220791342994,28.483150506673482,31.000608014184966,10.928939811943428,18.117665768590783,35.80347383298972,38.37969176262389
35.2890986391944,38.95240031586515,8.813062282341651,40.86594547539122,39.924290190322495,17.354283072428988,-7.235850691249698,40.30779998701514,30.215992491003966,41.13982694055674,19.04382603917268,11.87731310224261,29.688695570029502,31.17227846640386,23.401709310830263,15.286151528889897,25.305409984631336,34.95745700049375,12.132826736098611,39.62207299879592,30.233612259968734,35.58440263961604,26.79387798755295,30.129509500482637,23.135164900943924,11.28830950933777,24.08276726057566,-12.224262023597628,28.45543821338597,18.39292294088915,14.558291011571848,33.472513600177564,41.34531929329461,29.410502489260764,25.949173804732986,34.70062672971221,25.769126572675773,22.209718185156916,30.13443809457015,34.30985319511944,29.939667185600396,30.991764481546888,34.40957235632697,34.50645021166576,24.175484495204735,15.12155796280431,34.37303637435483,33.17116938053243,18.33291048256471,30.782689507114128,35.0994205069091,25.15642796010644,40.98146220607812,9.77524942630781,37.15568690722705,31.29789053688874,33.90857641892549,41.35261477787499,-7.313215828388914,13.850246576153587,2.776921695211548,9.673896166308968,17.21590689549419,36.78860264763582,30.174821886450633,4.339475662187353,38.24793464200725,32.72365326290602,20.903416682964593,18.39376636815533,23.853251736910906,32.3187095238469,38.71920181277264,31.29567259278584,35.6977383092072,39.34986635433591,36.08928063677564,32.89328307684868,39.638669078364394,25.12516708610163,33.170459782163256,5.6863668046966405,41.34068335872938,-10.103369353024055,37.83519949594255,17.256606299761128,-7.417832552283165,2.756406004297876,4.3680544222850015,15.909959755594558,39.3664288525276,11.978510463341797,37.459371962662296,33.615532740684756,36.525880779535065,10.899254500596262,32.42600741994643,-10.169390964492546,36.54412060625408,39.98527871813764,9.080526350755552,28.246299427224407,38.3597741930585,15.564275573810772,40.0319912490669,20.853208168510868,32.72841862255501,23.47411964221354,-4.415965635790393,36.29234963285143,31.120703100999474,38.58667912296249,27.122299710458147,24.90234271962962,39.643810048902495,42.41023346059508,9.776300039349612,22.771555601116443,22.767999619605984,31.73262845075149,26.369054676399028,9.499205240233884,33.645993696914715,8.831440134223339,12.469611820782019,41.269073184882785,32.17575046280488,13.47194221869843,9.61039436381885,21.552373283906373,30.869976215985936,10.34839508491029,29.810055337338877,6.400933572185527,18.065930623199662,16.84282667455091,17.060885870091706,35.045791091275525,41.678495892479184,40.39396174144984,25.611974953419363,40.83997020097139,33.26301634894276,0.7492730183034604,35.7235277417627,-5.839701578098518,31.039389650561596,40.93085972992938,24.9591900322718,34.615019935506936,40.30596586639564,21.02222797951138,8.934263347917671,35.991621817614806,35.77690957496716,33.98333792227641,13.082252906622022,31.817715176418,35.71868062963734,33.77806452332849,33.88019672711194,29.943209030532238,29.338240191523766,32.76986438851797,21.963448798919366,24.65108675219768,37.88955390657825,36.46832200546388,0.820664199454612,35.73372114379365,35.57689484246922,19.45245865233791,26.67120464688927,39.276561549190205,26.392371794143642,39.97890321458584,37.003175460953834,4.70070971446855,40.55270811181642,17.3551780764085,39.13266451063259,37.510641069254184,23.210808445381367,23.1701920568355,18.495689395046504,42.37757588537275,36.32248258326956,16.823779977588156,13.20979646064513,19.458706335476577,14.308098569133671,10.034848927100425,35.80081712138172,40.25547596962211,29.16226432407213,31.801199806682558,11.24017061012697,18.608435265771856,36.55502294442042,39.21684266758201
32.82315007110388,35.91115644850932,7.907836451596571,37.9393930853325,36.517510283730424,16.093461482375716,-6.345017432950635,37.04615376763996,28.184306153047373,37.94386014926688,17.331593897333686,11.240942994002433,27.07207338794444,29.104615230117176,21.812969866775692,14.623485937136119,23.15012849255812,32.193556929762465,11.159134140441724,36.84647984464766,27.734775203113976,32.930610356887485,24.60843151451722,27.659646700953104,21.240269949184604,10.404984548317696,22.279029375673975,-10.699547093674372,25.90349817097608,17.057190796561574,13.353886296328337,30.484699972665684,38.28144452648153,27.447559226654096,24.232540836656046,31.540060942313733,23.568674578082636,21.15592727924748,27.276783231788997,31.19124186631454,28.08305680202745,28.413234301098598,31.746429442431182,32.04538584921911,21.832237008996817,13.917755805690561,31.277924767689093,30.19411313980098,17.008109922478265,27.877233511823583,31.842459939251917,23.31129508005049,37.642312909372905,9.082358827904592,34.602115596608854,29.090621912243392,31.461145892234896,37.83873149428746,-6.716835529730147,12.843862123096331,2.584849056719257,8.945797774432771,16.020322003997556,33.70629287798057,27.67816058366517,4.136604818630685,34.88798415952608,30.151577669047448,19.319951746846343,17.587343138759575,22.34032174617127,29.7786979623115,35.45273635492582,28.528081262920352,32.75458161880773,36.16628271413296,33.501400828170006,30.649867377404604,36.317904728929086,22.845910567808556,30.430223962033043,5.441371586927355,38.215455818111174,-9.236544912008638,35.1296919412505,16.1498908472388,-6.813980832439011,2.518676030541804,4.019006364562408,14.837251106852506,36.10967347601396,11.309575313799382,34.34053714517549,30.994753027613154,33.48260850103306,9.863071995266152,29.741371463299302,-9.447720000974362,33.31812724189505,36.725196094800054,8.539729685532473,26.373072756043467,35.12923701856789,14.842925349309567,36.78908146979323,18.792647115608762,29.901077549262258,21.8334591614903,-3.396500231229565,33.395923602800664,28.657811417841756,35.625626484191265,24.762525740407458,22.85705246698503,36.270658866620636,38.950049542773264,9.19759005327669,21.174199814017967,21.563028157933424,28.841492685650646,24.455067896247616,8.81174063441958,31.297526999370778,8.140131315407022,11.352324828229996,37.76552832638582,29.846702953532144,12.930817448927536,8.853162563714461,19.880337304310142,28.78211012910295,10.170166744774672,27.19787252290235,5.571387448102345,16.62857847556379,15.550428288053629,15.964427395840767,32.4139000128037,38.62284563577693,37.18251839255319,23.831868660955,37.82060151879627,30.412054905093775,1.1658765964729787,32.51065789072409,-5.190351103529528,28.189907469087707,37.91513983733971,22.34270489275306,31.843154926741885,36.83834181599724,19.72093873322737,8.591175722766582,33.17875805370096,33.182130514364665,31.329037894400443,12.262378204265188,29.407865712832187,33.11222071199005,30.82056821934005,30.982067464219604,27.392198453648174,27.133850098100375,29.980762567301966,20.15863609298889,23.017618120634754,34.9555170257432,33.67549574670086,1.0981530037675953,32.70947443420144,33.004803707434114,18.023225291512667,24.299370406434672,36.03170425269349,24.112358777818283,36.999793089134755,34.03527117381301,4.769076581015702,37.07308268524828,15.688172033854933,36.36701307010854,34.29709232815447,21.275369020090142,21.548831695655895,17.059797454721952,39.07855535090636,33.752827273621925,15.540953409795781,12.08853678677418,17.9885861275261,13.375455928962179,9.172909538632213,33.25503880372305,37.113414805513045,27.085268207041327,28.98608789243383,10.494994219698459,17.047462713055438,33.86764648274346,35.797867810572484
35.39251908185238,39.47919906557349,8.895850597057336,41.07443163957684,40.51218775540562,17.45114656668375,-7.640263858709038,40.672511357983986,30.389356698615774,41.71551716618027,19.286119976571673,11.615319470189144,30.401966025541732,31.26326232105929,23.31754763160388,15.110276298529786,26.048456868339677,35.12441359142392,12.283525913876614,39.99493095878049,30.65311738948889,36.06409009423459,26.983741207273034,30.568834128515277,23.358427284403803,11.382649122915138,24.369523500525663,-12.69005904086132,29.238725405192532,18.79918662730299,14.655743187595586,34.13186548126333,41.791587285848216,29.307847381118805,25.743823188634344,35.39000411719472,26.159478396658457,21.92050657671028,30.842735410820772,35.09614772844006,29.92420399517593,31.39728916513212,34.61124320599385,34.51378600822282,24.69129328262482,15.187313476688507,35.02029143640111,33.91096643995947,18.581299118213714,31.55268482633959,35.90751865682149,25.482592690099377,41.62707435717715,9.835445138638201,37.22622249143699,31.490619294676847,33.92913791046648,42.012682164487046,-7.3969268944128554,13.757253956154477,2.6616829900204766,9.304883135152885,17.559753191100437,37.37135893771179,30.544989119598362,4.281487507192412,39.06428034951762,33.275062448885215,20.7036309630166,17.91497321765117,23.519102858918348,32.615819261664186,39.359107071264,31.80801383605061,36.19981091660636,39.68110764757521,36.37726690924729,32.808119199007415,40.36241021333823,25.633813725680067,33.75126141431639,5.302580612863431,41.59324895414589,-10.270742018012818,37.86396222245108,17.459916458800866,-7.475255735218834,2.559434258155019,4.263257084690586,16.15497627947041,39.80205257237667,11.807887128971842,37.960333579913225,33.94413980072013,36.96415118994716,11.067257800366553,32.81806656730749,-10.26801659250506,37.22417507202716,40.572048832631644,8.931061881382501,28.29938617299306,38.93312607764222,15.344064529132586,40.48127499450798,21.265560580807804,33.539785185555544,23.67883506274375,-5.044566170225912,36.51464509126102,31.587799679936293,38.983583276016674,27.77603802847025,25.402216997430298,40.14514264686113,42.99826315742152,9.753219937081694,22.673616209396585,22.70060473092383,32.45151338039769,26.68619923740967,9.289587976536653,33.74311444517188,8.997825043874347,12.347950020845332,41.93488550830419,32.60680752686472,13.084510853311455,9.399659278011553,21.81443831565889,30.835977585262057,10.173925800270448,30.276445774301962,6.394374862987267,18.228862693697003,16.702535610258664,17.156149095941846,35.25071639099852,41.89409417266183,41.01616139748341,25.605914619738705,41.098692460224854,33.80444357139417,0.11260524956609824,36.44476159780206,-6.021891628416335,31.69760965347445,41.36047297052105,25.64308041002631,35.01505251825377,40.87946050143507,21.10027101521066,8.583306282566555,36.270453171788645,36.01313316875244,34.20877290390578,13.05630862498773,32.275733660549456,35.80871523637323,34.34050183029704,34.40229778560764,30.1790013165132,29.659605626823,33.13213819625993,22.367305949543386,24.734621693935384,38.15463925590053,36.95365387732018,0.8540882329423919,36.290266063124,35.690258700214414,19.763875626275137,27.156662834407264,39.83553228827606,27.01831080014768,40.20956665975621,37.59294160161411,4.471790087377084,41.234697621561374,17.593467090234803,39.25786594017529,38.26138021130378,23.683155045960536,23.175526734673763,18.724913284054868,42.635125240618265,36.291829389826276,16.78256394984048,13.333171911803207,19.589534110651048,13.966290755865606,9.727106838413043,36.05630723748586,40.673080787292,29.2023254622282,32.32163770750044,11.217614713204977,18.608642664589084,36.65057576860763,39.99126865793155
31.05888362820921,34.195492465084186,7.471905056010002,36.13044393920627,34.75879828429973,15.2477554144778,-5.870590928151796,35.18865827537185,26.725089274911227,36.09919213246335,16.16859587431697,10.864015183701127,25.925816068976037,27.60689118505433,20.752309174960168,13.430489761726001,21.946681807502603,30.887041524403656,10.464001489504652,35.11728202379529,26.452596854510833,31.081963170562748,23.304359281652754,26.480408776798264,20.444093622005422,10.012858424667822,20.91275508720141,-10.403726703213316,24.510404526252213,16.375261598329924,12.799172049949004,28.95157924027852,36.18312069517352,26.182897563854326,23.068728449775293,30.098082498280796,22.607175759893835,19.768186786522104,25.96702724379816,29.76063921833806,26.451610056386297,27.392316024619653,30.107980922076223,30.621910881868654,20.943420657133522,13.131750843967364,29.793261724889415,28.798017506667794,15.992633311926873,26.740738297628365,30.41880100600007,22.239283047389815,35.7371338640683,8.586205632235076,32.946092770123784,27.302961459309998,30.002912685029223,36.04711458610879,-6.354214980890878,12.332806804810934,2.3499061644913897,8.547083174545577,14.772584956858871,31.997062085077857,26.674315094560033,4.164581925913602,33.233092680395885,28.86601319264298,18.557800049126946,16.59146915112114,21.37178905770878,28.362336338359356,33.59368560481413,27.193702995744594,31.282138696882537,34.48648475607367,31.910829727077374,29.234090444276813,34.3705045700758,22.089623818756145,28.917779938428644,5.501996517468684,36.42795403204723,-8.669023604889414,33.47531078715735,15.046258003234893,-6.344020160701754,2.304569470703717,3.6172111666794673,14.014287805885496,34.454601815176694,10.913029543276876,32.744834639592234,29.243908336202267,31.9025430776475,9.59015995673851,28.577230274826064,-8.865665272340912,31.74530389013979,34.866081822928535,8.008594167562805,25.024798794891325,33.32630983318606,14.019359145609899,35.091301006674755,18.119594584484833,28.384197846132196,20.5632508342579,-3.2038499187671934,31.87840525081415,27.404499482118307,33.93541325596024,23.692974648540783,21.800182864813618,34.52875210549121,37.062239824269575,8.393378901405303,20.26890701963363,20.25883820092761,27.442897667524093,22.905469278893076,8.315108271813365,29.932602827175284,7.9063574134061705,10.640053423519811,35.96220922329318,28.038601467158337,11.980348802248544,8.328359785159956,19.015436443988822,27.516122990025714,9.666323736001809,25.85585629195627,5.499334295795132,15.452049650486941,15.187443658134658,15.26718264212774,30.901975650365866,36.72124488614562,35.304819776194854,22.51485232289484,35.93898130705639,29.086527728017863,1.051581621249822,31.012636832174262,-4.7003222111909855,26.91892049326665,35.77125343424659,21.55514903083993,30.26418056776773,35.20450696320028,18.424193525977852,8.408285588058733,31.590121809617912,31.39933945977711,30.06975586777162,11.751681401739853,27.68923717370184,31.446654941265702,29.462612922702142,29.525810235087036,26.379539209792334,25.758540605741025,28.523057748263014,18.999057213804743,21.93492241285397,33.27943965148116,32.15145885916443,0.8727188836835317,31.15016027609422,31.44777464086851,16.642245692450334,23.220230784924976,34.304128745680984,22.937854003248273,35.06923793115976,32.25824703075251,4.58987069876335,35.33480113081131,15.246197258009046,34.65027810872656,32.51867345216534,20.233905397978138,20.30917058352451,16.051557284447,37.31522427331618,32.09612565963626,14.937180205546232,11.349583287064291,17.40307244522999,12.7707106583607,8.567309816469734,31.60867678622215,35.33586890678391,25.850223654395517,27.747766748195644,10.087550937132402,16.081934286875104,32.16763942304859,34.08967132365508
33.25783682968051,36.68645023788381,8.058842212003356,38.47985986102096,37.10246692478168,16.171970817805708,-6.415732328340534,37.647753770782614,28.578954511357992,38.53452218213931,17.639157091312384,11.602710108061423,27.542227099834285,29.537182665446526,22.394556620769084,14.526419519315976,23.476479200244064,32.756675078920125,11.380234655110806,37.48682058409776,28.32701730379528,33.38899759920416,25.042072305216475,28.139396116296304,21.666438221448896,10.248533732361441,22.624507102485758,-10.923715025007798,26.425369979665742,17.612545648521927,13.565069946471354,31.103204837474664,38.88803710748183,27.74023662759357,24.34601550967258,32.064929302370764,24.073428087879787,21.29001898392063,27.85567102317546,31.935126280742658,28.23053316919401,28.92648220044227,32.413571672898264,32.44253026548905,22.209463587187788,14.109211632958456,31.892147838920234,30.81555866364089,17.27939484838634,28.504333407382507,32.41314348635252,23.657504670818213,38.28658564997945,8.749542540566422,34.95071087986416,29.428593491434945,31.747189854583144,38.50321812708976,-6.621782847748472,13.167931465865431,2.676280376392687,9.135855677675808,16.043024406362612,34.387190436340106,28.298968880329774,4.443959722847792,35.57446453020886,30.70662646020921,19.801807159229476,17.611632408177773,22.723572799544023,30.549830008547367,36.02084025542025,28.935551990331874,33.33074264804892,36.88974910380784,33.925558646680194,31.1641455570617,36.98968134126696,23.398869474159937,31.147172556290013,5.621629961991591,38.81820998695187,-9.164396520077009,35.627216494641615,16.355998955485504,-6.833492818684138,2.285588420590532,4.073925824218971,14.632996992929996,36.836257081858896,11.479248345267983,34.86160171057173,31.54186574361025,34.01488175039036,9.656207754761818,30.228555695804847,-9.288999145983759,33.97425784982777,37.334675963031,8.860191819353089,26.91855219479237,35.6483819680501,15.193900505294256,37.30898823216414,19.327456633540745,30.542412674279802,22.07932153159155,-3.505339321900305,34.08607077163191,29.213462273520395,36.19743619819431,25.433243724742923,23.372924147794972,36.83390160841866,39.612262745286735,9.13721099087595,21.481157051192255,21.673103082029517,29.39366026456982,24.758616554538115,8.714819198750302,31.57894949741573,8.562465537130958,11.501862571434675,38.41674807790982,30.185130183667347,13.02149742761928,9.042452892305388,20.183766218198116,29.28903634262902,10.36039987696185,27.530977749613157,5.730940623297779,16.883672318228953,16.004212570987164,15.906425064354508,32.95017505428601,39.184786213597086,37.797931283879,24.057980174191428,38.33827031434954,31.074320482473507,1.1509448876196477,33.10236466156771,-4.994897128063051,28.78414649831261,38.4299831989184,22.8652107062573,32.33006909019247,37.58003063406241,20.00975047321384,8.972029006870576,33.583367680418995,33.46190028689865,31.876966237411196,12.25609675604003,29.803968934078007,33.53292157912234,31.2721879600517,31.580575206279534,27.860850195378994,27.578291704272576,30.437346448090114,20.342021987396937,23.577533126528245,35.504297408415134,34.24259114422278,1.1033664405165118,33.26402032925464,33.36081520868417,18.161766797937524,24.845150247237495,36.7881663700301,24.79934406665402,37.47635585500029,34.510505971009216,4.930945177835055,37.749859841897326,16.09985212455796,36.81816619155747,34.879569744323824,21.708565726034077,21.74347573473076,17.19175832889323,39.76713579124369,34.19704629521886,15.912420610195404,12.330386061008381,18.72269506572163,13.747888560485375,9.289658530279695,33.860479124767494,37.67930660125083,27.55222816220432,29.571523692162387,10.492078970013411,17.36906340715346,34.26509234313292,36.45828809311531
30.54110017498984,33.20758104657276,7.375246780998096,35.5173125583408,33.93166582959887,14.989369899357383,-5.350660189175778,34.52897839172161,26.205628957866487,35.19016999644214,15.834160298582614,10.88529181726302,24.951218946813253,27.157317616412286,20.418869866295015,13.258700369526418,21.096693143293823,30.334603128224746,10.080809055708986,34.267508467665685,25.729295968989003,30.21178302280354,22.839609567712575,25.56813898901728,19.732433299919006,9.886581882710624,20.299578426179917,-10.033259434581684,23.69856632072713,16.013385562859398,12.331315282758698,27.911069146287097,35.38239198157302,25.72878270720946,22.944573546020194,29.2708023296245,21.802943543263456,19.740958217945558,25.170380327252307,28.77503123123999,26.295533484387718,26.505071750374952,29.5888412377642,30.224399344068996,20.292353702368786,13.1134050966744,29.02597537202404,27.84211165523333,15.55160039979065,25.90085904950182,29.53377580057038,21.568456054185575,34.761143799690394,8.579375888672265,32.38526483491419,26.906945434840768,29.589700866853008,35.207003741599614,-6.266970410727914,12.04781376319679,2.243161003857014,8.434587481833447,14.196975943261512,31.144129490214443,25.760327117239004,4.010903778440345,32.16610139003461,27.9533027013759,18.102187547822577,16.633762832883992,21.258959748926085,27.688543205866825,32.60307402338123,26.31921317847669,30.668069625275955,33.61740320052664,31.3322767957647,28.87835574408152,33.407295559626355,21.19009532417539,27.894283428221634,5.494386963019094,35.82417725252201,-8.552627092378813,33.03814588121142,14.406661083984496,-6.23806782688433,2.343735634309327,3.6684810674118773,13.906171059463055,33.47609503056324,11.024571035858921,32.0596090733248,28.51406713370107,31.260601608823524,9.230093290707323,27.780006337885087,-8.68582158962547,30.824623051422073,34.07011979363361,8.02932514141708,24.447381983058953,32.61897414016067,13.91807892986525,34.240992870559154,17.540226324769453,27.564834832884703,19.900652787277537,-2.6740861844313812,31.114342705686504,26.451545563152166,33.301310402153035,22.806627076073944,21.25544593536942,33.791614126113856,36.2355368048051,8.452940461728272,19.90167742345125,20.01085601848554,26.565912087795297,22.18317572819413,8.341472231106879,29.354748351170805,7.704954766206296,10.489223328997253,35.073067448824666,27.269889970711347,12.039292304466986,8.292812858400548,18.561464251006548,27.084845114424006,9.63534764791659,25.242479212574906,5.213286765099315,15.091170731230743,14.83355233046722,14.924931491985086,30.144791553315553,36.193270641700536,34.2692202428832,22.309489069897168,35.26820101523009,28.324950507082708,1.309262790135962,30.09529053135093,-4.701214072067753,26.13337360551805,35.05499551108706,20.746357178687514,29.64465826643657,34.2976944396358,18.06085699695358,8.569193479805865,31.10013798349997,30.917641054950312,29.41000707006253,11.590825219212034,26.933056898466905,31.119663134808533,28.825580275026944,28.88135749649521,25.73552330392394,25.126587093870683,27.945560142659158,18.329548240056834,21.558074617944374,32.65309626286887,31.180796022013904,0.8593207093307094,30.409943576356437,31.05644656062935,16.090222295113076,22.600673227593322,33.458853349569665,22.152685066710504,34.57614820934826,31.50309334429562,4.598616292950863,34.44207547990218,14.566997618158956,34.08710501344596,31.528608119774432,19.453718319666294,20.15406179313004,15.735498695889165,36.71810581214135,31.832067305999598,14.772049583133072,11.158962014591145,16.87241587720777,12.514340868695525,8.702946909294623,31.082225579387266,34.57507116722466,25.467752097870314,26.863134328069783,9.87946796416348,15.84448892574716,31.868724811059234,33.18520942877326
33.75897348079928,37.25533767126981,8.250760940737761,39.15724576920452,38.011442804090095,16.664569875061076,-6.751837583673091,38.41374297674801,29.013849919955856,39.32894757021675,17.988656375414276,11.571134791123562,28.30242599188489,29.969937890940198,22.518717126457915,14.602197841742285,24.08651979188811,33.42270901908946,11.478553159656324,38.05106956092064,28.82904078249513,33.98971988211962,25.466772533156615,28.791291895587662,22.045761366973665,10.836971800217846,22.895333742028075,-11.422267849851332,27.087068976229297,17.849033337356545,13.847694443193841,31.804205450224202,39.517290727722475,28.195120977168106,24.856240212755985,32.9987626452921,24.561478016797473,21.435384235061942,28.58407988069932,32.659717759715654,28.759236315902932,29.581245222347597,32.855720452466045,33.09278615344482,22.947965055646826,14.37514409432956,32.68142052945436,31.54672325585073,17.526753272421555,29.29635782823659,33.34864125420669,24.108943374477274,39.0891646080574,9.312575388016283,35.59745396491319,29.906318391302012,32.48069365166466,39.422546248072685,-7.060993566203115,13.267341782513999,2.546405462403958,9.114240211103898,16.31290187226338,35.0673587870498,28.84780652497225,4.266249953782403,36.40719535277783,31.36502581540909,19.95184626013587,17.771328743004,22.95654585794051,30.88086675365329,36.80173819835241,29.685096908346438,34.103071027408845,37.50267125354932,34.61560192261027,31.585566758803033,37.75178331911171,23.98544155690798,31.639967883564104,5.598720338987062,39.57987973327513,-9.639068479616295,36.26420001774106,16.44178944349901,-7.047713081744013,2.4862571182326265,4.014670893403978,15.326002217165307,37.504090683547545,11.630603562141138,35.75583997065938,32.03277349630836,34.83497749574928,10.332420040896574,30.94715976513517,-9.726088323814638,34.78942452522772,38.16620167014533,8.659717344155705,27.07071527814072,36.52694855134504,15.030282154664013,38.19140584512238,19.737776604242207,31.23713542789594,22.367541256001815,-3.846334065587345,34.619901426732554,29.733840252921556,36.93610284661564,25.851147698358453,23.80710833246465,37.75923887361384,40.46973160363585,9.302427972979968,21.75532353853012,21.905153491994387,30.13644718419232,25.114491253251913,9.013240472627473,32.24322474218877,8.499462028996383,11.712997210079763,39.347234998443895,30.720092529909344,12.927522660098722,9.081409230326722,20.674717464403063,29.620132887594593,10.238297902785739,28.32960065822297,5.910497007828789,17.16590001041716,16.087955538639658,16.40733318794765,33.483043981580145,39.93068778973937,38.530223560198145,24.49087119643016,39.07639660289302,31.783255992144397,0.9072392581214251,33.96683812104045,-5.378510158768994,29.49893909849168,39.11705069964738,23.617878010124816,33.039200560606865,38.41805454454802,20.109718461100147,8.859237659769562,34.365919829843776,34.16053457987692,32.52591506464526,12.692132653289326,30.355403359938524,34.192696042854614,32.17109041346696,32.28596095969501,28.569945724444988,28.02584327662109,31.21551277220398,20.835986516974586,23.790466358927326,36.142042154115124,34.893456688896485,0.8890842608863664,34.05976355652231,34.073192102334744,18.452518481942196,25.381438740432554,37.50264720630771,25.158245392829784,38.23865911586885,35.32670363170611,4.720027366158155,38.655875924782094,16.424756071299818,37.470012204682995,35.64283441288939,22.13098821956768,22.116186924211966,17.689651051306104,40.532431632879806,34.79809612208983,16.100111848197262,12.546186313132184,18.74322329591135,13.662138007390771,9.375170719432678,34.420851039238464,38.45266809057057,27.94627654119869,30.276167016774043,10.83190245087068,17.63707286350896,34.98789659946513,37.36567798950819
35.75142187603289,39.91532816409876,9.062679729750588,41.34230666976735,40.86902708121242,17.59871510677599,-7.851758209660956,40.96029506025427,30.70369303107985,42.102631158901005,19.637417452336344,11.548224774497438,30.695567924664385,31.557074552158717,23.727003245232932,15.472298169303274,26.49715457439286,35.26636047252004,12.787125847806426,40.37292995197026,31.051241189561473,36.52073212069693,27.30837068680859,30.911606310865757,23.541868145140946,11.41563787502745,24.934064660443873,-12.67088910286375,29.714945131961528,18.954110937355193,14.886643513152,34.62898144586087,42.209480842998744,29.602881817701242,25.80318669747244,35.723587833088864,26.52860941379071,22.11373745784087,31.15005517710603,35.519430103517884,30.071013174923902,31.61483806351116,35.03995899887268,34.668609540200784,24.93167223135119,15.322080206519379,35.31832089655125,34.35612100945778,18.894115867793204,31.838369852583035,36.26643461408138,25.77931648066391,42.15261448289717,9.82101936206957,37.4104751417882,31.856396275414582,34.02277107841282,42.35615810822808,-7.377877031878662,13.910589546433656,2.9874930128136477,9.652718025744289,18.07916377614997,37.77584338722092,30.81431663786684,4.138531639599407,39.55732262106263,33.592651443031905,20.980952085503233,17.998256667221128,23.5840638873159,33.09240233258775,39.893418343046925,32.15774767506135,36.44482699205417,40.15833029894852,36.586727943861746,32.91368562305557,40.87824275514741,25.949624205925527,34.23514630125562,5.196937856671147,41.822847053518245,-10.248348408762036,38.03250396342909,17.955210824124677,-7.5734666134008135,2.6544556662494294,4.370530598023055,16.21200086798006,40.28965517147734,11.624786564988963,38.185807093732556,34.48052618211007,37.18829751606083,11.199436583634363,32.985998689463514,-10.242250737239848,37.61136946325089,40.90183832161156,9.241267929230732,28.56366483409493,39.21195784027869,15.491146133768382,40.82886620749993,21.624826729712115,33.9228041127461,24.11638582086478,-5.225601338439125,36.922404039577366,32.02417555743122,39.263955857294604,28.230045810986525,25.61720180285425,40.51010591878507,43.33533950716763,9.911082444492447,22.859899049297493,22.924322888478105,32.86205122649979,27.23762335035212,9.248051138534246,33.865731056950565,9.136004241516403,12.593949530137648,42.2854479461672,33.08765349086044,13.27903902436657,9.781181616063154,21.963844040336873,31.04486250439335,10.241116615651427,30.608752876391925,6.507983202110733,18.639070010227904,16.878537702079548,17.292154684382574,35.572112445884315,42.0715891948534,41.541128973350546,25.790610035771063,41.38462555475322,34.0394455523291,0.07733548555133075,36.840653369413324,-6.111999114593846,32.12554842752067,41.83167527588606,25.853599769467927,35.278357181841585,41.23757620564728,21.419762635359927,8.52986507652218,36.366465775758655,36.293146430998945,34.42942161832318,13.082045282154224,32.7525115644321,35.93144680405954,34.57794794144841,34.64618776252191,30.28117744438194,29.993912402227597,33.449715675288324,22.74274907322242,24.835810883629794,38.456962907742756,37.33344439937808,0.9270330604740686,36.56403582988832,35.840147306224466,20.276149256313378,27.502635207384248,40.30405951813059,27.461346453489824,40.45814111422153,37.85238933038464,4.5193845850604175,41.58603909661534,17.778676278639498,39.48619044053135,38.79784519558606,24.042716027257192,23.203610622159374,18.877798278009923,42.88960496844363,36.4152919606635,16.94626634209565,13.604582994840898,19.99288030962341,14.291464419406754,9.962326518156067,36.28866904378204,41.000790648975524,29.3651354402306,32.64292774977371,11.389404982813177,18.97553152720736,36.7860320302508,40.3714264275397
36.596729393918736,40.45673043052872,9.073224873819573,42.31885273243019,41.50841962784235,17.99993805418301,-7.690142773270492,41.76200879924737,31.383570123300135,42.82274130593887,19.798331081880626,12.02974074149427,30.93420081318279,32.2927989663112,24.295351714464918,15.87982224213536,26.614814049034912,36.126930222720134,12.753120977800734,41.14669084769316,31.470923128890824,37.00519218472687,27.77020866576766,31.21559760232373,23.841337726687197,11.681990351827727,25.18676803120009,-12.747465962001591,29.827289688853007,19.257635561714704,15.096558947836149,34.80295866562889,42.970969022792154,30.35752427025732,26.70550041579564,36.16266151799005,26.737919781811375,22.920052650500864,31.4113286730434,35.78884551979731,31.02300844299453,32.04549510727947,35.72665807395111,35.608331023204975,25.1540566372459,15.746304755635654,35.79472355741445,34.62212748185705,19.313962859396366,32.13614879920281,36.647595393574775,26.146155615856628,42.7007353163607,10.116734747379127,38.41611191262609,32.564235933942186,34.98913529810852,43.03656812311215,-7.680175175317705,14.141876860565999,2.871981239225668,9.827457987475972,18.13315422872635,38.286603503699276,31.197311720196197,4.338391678548242,39.89682633436975,33.996018924473,21.395912607776598,18.787245791484036,24.395997978016403,33.559451452732546,40.29755112178029,32.461376865459435,37.0919275004496,40.775398930561686,37.44772822870864,33.927159544757636,41.32011235252329,26.086601806840022,34.472690112243534,5.6790103731424795,42.809833050067915,-10.495184692660708,39.06588390085052,18.034928755644497,-7.7062156868694265,2.763801446828524,4.456783301003589,16.60234044331366,40.817213801418525,12.216291615811237,38.91679682081643,34.98982182750465,37.95285942220995,11.23549679638295,33.522823258288966,-10.562582794034133,38.03354021211659,41.57165761061078,9.513095900247315,29.22738447107829,39.864196716819635,16.07340789827564,41.50645924366926,21.67107978805252,34.30153735534748,24.323571567434502,-4.825262318404239,37.54002539066791,32.29711716979261,40.08231984383774,28.361209866059315,25.97576676870235,41.208437425854335,44.09439793096535,10.305728771391262,23.41016579213729,23.647256877040725,33.07185645897662,27.482921837664126,9.659157013373306,34.748392365651384,9.261374708243467,12.872285739087285,42.92983105803981,33.50638163324152,13.811210934350578,10.037921973618658,22.37633199655905,31.859000966226564,10.61886810291679,31.008874197601344,6.514288061833376,18.84439970078204,17.28951946944966,17.720851806884827,36.24433433275493,43.175026502052546,42.07959357633505,26.475192186144,42.29328685629468,34.55082290265812,0.3887031414533997,37.236785732373704,-6.172466867965691,32.348541346201536,42.60990074596796,25.977078086019972,35.946764464678765,41.856978448081186,21.871593588582282,9.0576418984656,37.303737327519855,37.17863714133321,35.14289783584099,13.496515910874699,33.12256933005165,36.90559992592937,35.14403512434024,35.24450470418684,30.901150567233678,30.577326424679896,33.96229504848294,22.91977295169179,25.53246343652018,39.285946482644825,37.90377410558948,0.8742418011267716,37.177484662184476,36.83682270821367,20.383895355399453,27.789169854643514,40.87537552988805,27.622078173952563,41.432618786288586,38.492780926477224,4.749842796257782,42.17985806893007,17.879472754785315,40.49457372235269,39.16418466739377,24.119797855293047,23.93995938601306,19.288597962022386,43.91094006105338,37.514417549464106,17.346464835092366,13.777798275178563,20.20370707360816,14.525310547302896,10.216573286544959,37.145744658887494,41.82308385520187,30.107273995179128,33.03393160377692,11.739076411318877,19.277263460443656,37.85921485870971,40.894261555537355
31.956565567789937,35.118002777794985,7.892634625314901,37.0502840071735,35.88146412025686,15.736738832549879,-6.226120148373411,36.26560626040048,27.42612843936591,37.15864008923504,16.931419580837286,11.011240301327417,26.7620254440719,28.34411277943209,21.340969586953992,13.84144807174637,22.74602218051258,31.71189631487327,10.928598270573397,35.97001514329123,27.2867609537589,32.00043745698365,24.059001813048525,27.194137358192027,21.017681218164785,10.314623791944523,21.65233725606552,-10.84343731548971,25.493446789015927,16.785735186474295,13.191862543025374,29.920934849185606,37.25662931482325,26.769859316419485,23.628863197742962,31.098088307522307,23.248965120400516,20.256672172937286,26.92118935320242,30.74213079969659,27.235779735756264,28.074648573294724,31.01726544276191,31.34486497869501,21.69666682087298,13.609469140151948,30.828481595775884,29.75958595049922,16.50399192025716,27.64722498531414,31.47549648855414,22.85691772228384,36.86498880611651,8.923177333686546,33.744672667683844,28.263372176344987,30.76739287238451,37.183536169251255,-6.5910820097673195,12.516318796240641,2.5093962083629453,8.70177416441067,15.340032240275532,33.07109460911637,27.362063541921668,4.102204815570659,34.31540812583046,29.695716875812856,18.941551778079546,16.911820340038886,21.772106451483857,29.190174136110077,34.68472017338774,28.03947358092156,32.22871397266466,35.48608420038562,32.78748061342719,29.972549142436517,35.51941450457999,22.714965769110847,29.77906628129197,5.4006855604160275,37.44628061680915,-9.041067048817306,34.34601587931407,15.512135412168824,-6.570712379244895,2.4566373272814244,3.941197144542707,14.479991749367894,35.49912554786031,10.904857862656495,33.79624925660502,30.188392655896678,32.932976620379016,9.80749634064451,29.35603914117079,-9.073470669056716,32.777324461688885,35.95343779496427,8.343518569335975,25.619084913491953,34.4363740264736,14.32635436587239,36.1106060692721,18.695108687236917,29.397906837200836,21.122725019650797,-3.6334615956795937,32.799639827679954,28.161027433264916,34.94891790846051,24.434516146726207,22.52575805757833,35.63721916569886,38.237505352195335,8.775112175095334,20.678186222560186,20.79011066342858,28.393287383765802,23.622634798329532,8.64602179818314,30.63345751868464,8.12176117357754,11.073738684535659,37.092148303036545,28.89869225124124,12.301146047310263,8.671180863672912,19.605694460155533,28.1347571206542,9.657840271842245,26.743845859485187,5.704282664224216,16.057567530420773,15.371307274096212,15.526261239919029,31.76480243987558,37.73757641907047,36.361004064702904,23.127525713263672,36.96022098754865,29.99511330570518,0.8276715200378547,32.038185256346146,-4.978846564573621,27.89874154475282,36.86814499223322,22.337875095668885,31.167553012316883,36.27739322180427,18.989769368727718,8.444015412851053,32.510070318900084,32.34931371114147,30.823498623096285,12.03316174528645,28.546865940825157,32.370789096170526,30.43883984987047,30.48962580927901,27.12731801138311,26.55985704222275,29.528066302383195,19.708757256442436,22.4969632219123,34.227198180452724,33.01439860153408,0.7636805512523346,32.150191331127814,32.28419593813693,17.297093198195256,24.03797537369837,35.36308760998322,23.683870724246862,36.13460911838397,33.2866387973297,4.444753045077344,36.49866428931493,15.674088188263374,35.51769215937941,33.64448505308443,20.850988189793544,21.004321648946387,16.598270965356935,38.37161896617654,32.97704870197048,15.329984239890994,11.807679375164838,17.850699710354434,13.046001379212107,8.976313813312107,32.46934049843245,36.39912325065323,26.535992787693747,28.601968180564427,10.258589143870934,16.679398939533456,33.109376713703384,35.23527719028006
37.52647078591032,41.48272533048814,9.61563019583907,43.40615689553726,43.106304273970025,18.5946936941955,-8.272540498855903,43.363521305798564,32.231299659932176,44.05042564539376,20.954603061376606,12.134434132804197,31.805227910114997,33.20048647354053,24.6229965158785,16.222663006289462,27.441546471949184,37.29575801762837,13.07870580405756,42.00909242017251,32.346265882261676,38.05078809647361,29.07479782217932,32.0447179868544,24.532888367932628,12.060294884027003,25.855168689294043,-13.691723809554496,31.07220056283411,19.563284553694775,15.279099504214628,36.04046625018665,44.33030943636787,30.856781612442568,27.31743534962358,37.48652979466212,27.340741493265114,23.46372548936523,32.89053294193084,37.02540301282949,32.134362924099555,32.83133971871153,36.86841131863699,36.34969905442991,26.217504200039432,16.696973562133827,37.37410601813454,35.7078494508349,19.72216425560986,33.31991630731422,37.95343385076082,26.570397819221707,43.88906080182623,10.585029031481502,39.25252181024261,33.6507678051455,35.93274013379481,44.55877812190849,-7.996891809873197,14.216283688061177,2.9813541551375344,9.945266444411203,18.54517414108895,39.67724996353977,31.912451726805347,4.188091104457099,41.22113907614465,34.84445102219474,22.051377643585973,19.10712547866237,24.78461608466798,34.48479976477633,41.55034879445089,33.44172840133617,38.31503766213955,42.09163124282761,38.392596671240454,34.82403993222061,42.73503821597769,26.60885253784703,35.487147895947736,5.5013633300276705,44.180615762068975,-10.968701909950294,40.17478610687353,18.186963327786874,-8.148828159220336,2.9632862526796737,4.782090995543928,17.31810620034866,41.82801497064336,12.33978518320221,40.39466334306906,35.96269548520582,39.39923390167577,11.583569389856795,34.438365465847816,-11.143983776672234,39.39813376803275,43.17920642389995,9.74173474589212,29.862197157478946,41.564346077952685,16.265850028362777,42.74603244817965,22.520660968466263,35.497364155411326,24.76078580740589,-5.467107344863942,38.78303634055784,32.974303390088856,41.332811321639795,29.072437117545935,26.80338447322715,42.61170214628137,45.65194400567663,10.89519690930913,23.87644780975936,24.14545443974047,34.257316225221395,28.01511794060973,10.250685762205077,35.55332179244868,9.58478805997356,13.551078424661894,44.45040905268564,34.427076912382404,14.045965793992643,10.090536022665543,23.20921251041699,32.35150792323264,10.375689975472516,32.366199759884935,6.767372908368988,19.461670574804163,17.494296628734276,18.077034693151408,37.141947963445666,44.51079504608183,43.22977531035823,27.37207805004139,43.453990857477194,35.82804411202307,-0.11043527233936004,38.5966368454603,-6.863943776955937,33.58216730269323,43.959339363276634,27.079624905192325,37.24494468067619,43.1192996668346,22.55774941846557,8.936091676772067,38.69233757125083,38.30902496485529,35.95556101178202,13.89684496054929,34.134149550669285,38.30416683199784,36.438443547594616,36.71311199668508,31.923924689477488,31.511014823192177,35.38932008321668,23.755606375160102,26.174634915686628,40.3111778007372,38.95557108838215,0.7494929143537677,38.46354756350811,37.840942486358145,21.106028437997963,28.84980924459536,42.083053195163956,28.451878626182243,42.96004610570037,40.039243983305184,4.272768216644082,43.778607728850815,18.418039077722995,41.371362089400755,40.43373760398326,24.821744865011294,25.03231588257752,20.105465383509813,45.148770146682075,38.68085976519878,17.690881703080414,14.663721430159221,20.662886351199703,14.887082005891385,10.795368543599825,38.2650721429282,43.13107931764599,30.94209086250984,33.99070343739723,11.642534438106242,20.15226571667946,39.12167002173426,42.43792386755875
35.6802629218615,39.17735351070075,8.719794412632261,41.10754737868579,39.95244152176089,17.387037841528503,-7.198797552271466,40.375056571086894,30.642580539874533,41.45673473241741,18.897796103360378,11.96223386960018,29.73667917249603,31.417159098180207,23.614561939508455,15.756780145351312,25.505473954512897,35.02644372645931,12.27708939610135,40.089677278055795,30.288335889568963,35.871303928385075,26.816644003796554,30.289015242812557,23.169964504080365,11.250881907614557,24.36899384502805,-11.939651134012166,28.52194512487803,18.53297227661662,14.553190650998278,33.4971230504198,41.75354207774814,29.68288285056458,26.072250938881126,34.58390992062381,25.79903862105793,22.74871100561452,30.01058727154863,34.24803230503197,30.373848403177508,30.992952799770904,34.581884406632895,34.68484037607147,24.053103291088053,15.152130896774384,34.27493366183177,33.14742653084229,18.790450325098657,30.634555172265287,34.962437673536506,25.40394733513386,41.11763358411797,9.613855037157288,37.45801193030976,31.660666663744113,34.10357608649556,41.33941262166402,-7.428062304598278,13.841369531466906,2.8423059655182787,9.57893671865128,17.538155634709977,36.903525597261826,30.221350836438134,4.371634978093392,38.25888917518991,32.91468921612412,20.859957841859188,18.80843863577054,24.017326549185107,32.51808450834612,38.771555217717356,31.148959286161414,35.74598782531354,39.36542207042824,36.34151673713411,33.11520227612557,39.75879731897152,25.010716372830334,33.31574259766545,5.957170090356325,41.5562598320406,-10.111819918951818,38.004340355344965,17.69219943121151,-7.474790751367266,2.723618637451083,4.4325111868080045,16.031889304499646,39.36911592381902,11.997327325598224,37.52012892996576,33.787789518813106,36.55162957957693,10.85533732303602,32.41974601607054,-10.220050100966661,36.53443154209252,40.11182630150138,9.123860972032539,28.581181960774053,38.38320405312727,15.948337229784673,40.05162372758483,20.662181992871123,32.865480069579924,23.74563245588614,-4.118111537629666,36.28303110901904,31.334211818366345,38.77924294133538,27.21177778607164,25.012541049970896,39.59679506076804,42.48130046091814,10.06294607337978,22.833617787939485,23.352055175815792,31.630404377542504,26.677359602983135,9.534366763640314,33.87896523975576,9.097814454336683,12.321092866666186,41.295464241844286,32.50985919116517,13.815593410921581,9.568708244607993,21.65955068546421,31.05612436553811,10.717835898923145,29.758908915026208,6.229594608009682,18.190911978028574,16.94176461700238,17.214387235642317,35.22440617840891,41.92649931497348,40.65288490367096,25.9102598603948,41.04048760337783,33.26766773388011,0.8943089902202997,35.67116261930167,-5.8254277612845256,30.95684641346717,41.31666028564734,24.59323406381376,34.69163952001172,40.22121849557141,21.463877116609357,9.106343779140255,36.12579127045501,36.032059047040356,33.97838750586902,13.147368838510133,32.066680963040895,35.86527219521416,33.70996325629381,33.945998108192654,29.818780269907595,29.575383534011024,32.72980420963044,22.081915722641813,25.006634183793516,38.024291957823415,36.731126294304964,0.8517828998689978,35.74224088658588,35.78694444953725,19.7008261373953,26.664098745765315,39.41721395717911,26.483418809626784,40.22340487553375,37.21844898799412,4.950606368475055,40.57584849913926,17.210214985580247,39.395227159330545,37.60250731726656,23.32177459285874,23.331338627923866,18.686124685508695,42.45314800405313,36.51865208141937,17.01119080239353,13.298493868644886,19.664609084279455,14.296442157212613,9.970005852485865,36.13784981576323,40.45519225707923,29.340894967420546,31.71372155669133,11.489416073187556,18.59783643558531,36.71342867409496,39.23961446000315
31.475801933748016,34.67344539224614,7.641049369311461,36.23036175897897,35.188037890486335,15.479946074295263,-6.4137850700628,35.42385402131303,27.09621281535124,36.638999353331144,16.82029214095706,10.329690090673159,26.436338694374857,27.75768339301387,21.126803051850093,14.287066055352586,22.897970066886604,30.71396435008767,11.3892830871634,35.568635851431175,26.872489592606378,31.988364687777636,23.71482932927664,26.949938489178514,20.623653330841204,10.148327325669886,21.98890348557343,-10.17248661254536,25.366899444375306,16.434315998448984,13.11544280830438,29.82295423217727,36.79021528926594,26.36197730388994,22.964410954749717,30.487717815663732,23.151535678378867,20.06653635400451,26.43787498156573,30.37391330268455,26.646438698440612,27.556748715691125,30.49460406180438,30.483225855856432,21.30212418926147,13.182963759625459,30.128759007895905,29.4682797262861,16.705931010470213,27.01273320291655,30.912003736720358,22.71137155554314,36.54117008358632,8.63349985903411,32.98817201003974,28.009451689812014,29.91156805110769,36.394038152362356,-6.434264141184329,12.44146292468888,2.9136302834925627,8.630830417557899,16.149320972527278,32.60224588780804,26.955611561996022,3.965445338620423,34.0251054663607,29.317470733657323,18.541494335601943,16.56207081840487,20.950876353481565,28.930136135218504,34.53179046132267,27.807638153278642,31.417231858813143,34.92248164211745,32.04205911764374,28.996048076880555,35.2945475021056,22.450105183352253,29.751972444542563,5.137718240525624,36.43876293833767,-8.829489659944478,33.29067410196909,16.119895292228055,-6.550522119794728,2.557927467278646,3.859923159633506,14.202472539060123,35.07068110125595,10.231269234654356,32.96350902566158,30.071235061298708,32.06159905157256,9.706747187778962,28.626671756052495,-8.778805340349086,32.276701364249604,35.26602252379425,8.359563072517458,25.33130117535803,33.65922770593816,14.017340498921012,35.46984433208276,18.379206970277792,29.065163097605538,21.413172176160245,-3.7498503514948105,32.20882253233186,28.065063859908978,34.16788216080447,24.340492487212522,22.104958224002175,34.90546223098609,37.405329943806386,8.812186115747862,20.35250688278391,20.70166772379814,28.1878841571586,24.09737980393588,8.233093884244541,29.873276421448754,8.004699756534725,10.95426719804127,36.355514672833,29.086888390660608,12.322146258797172,8.646531246351543,19.177973602522943,27.44236314384136,9.620755649116964,26.301457329330823,5.562605918128988,16.36296792848645,15.05302879184537,15.337549199083224,31.325132397068934,36.65460832051267,36.18909703013174,22.676565747054045,36.25342045313827,29.240266840624507,0.937263711818917,31.580709105476675,-4.847793691687179,27.5681454973854,36.467686399648194,21.711696039701298,30.538557176010396,35.49300551181208,19.13223797753972,7.787698829194286,31.49597502113786,31.792502969095164,30.060011914255828,11.66400391006922,28.600508161849802,31.343947821814165,29.666439121659888,29.73385204432914,26.232441049186722,26.322665718168583,28.896451261661547,19.796048435390247,21.738508770552585,33.5578970476981,32.623522443720915,0.9026897183350806,31.444521646520435,31.37409257737476,17.88524583330382,23.663294002101775,34.86979968828432,23.66537528142916,35.244344166469794,32.651298912087434,4.624997884635477,35.74094748331073,15.428951602064018,34.73208214614063,33.4885755174802,20.979747477854808,20.26325725897757,16.4701918041682,37.28911096840816,31.921715760515823,15.03320368973783,11.80024634603247,17.716546458966512,12.881335409441132,8.839925794536136,31.68276501035477,35.69713262431176,25.8145822763877,28.1033904512533,10.25044402773381,16.445951322345053,32.02692676141974,34.582268736714965
33.470685337015276,36.536832304883085,7.975503980431974,38.754187875020996,37.1451011538069,16.366673420502,-6.211627943920705,37.80954625445822,28.729825051999992,38.64003131438023,17.57443987256139,11.667683821326664,27.48647213181695,29.6593442925348,22.36064098425524,14.878187082156428,23.318158665736092,32.92532066115355,11.367499030994152,37.53190708311467,28.21415091742491,33.4821731965088,25.015287008688304,28.035870911499845,21.616629927726446,10.733030742601658,22.665900159881577,-10.745984900296193,26.21533120426867,17.473420314563224,13.884501168324064,30.911759628619603,38.9358530005609,28.045747165977694,24.902994995193644,32.151530941101726,24.041171749984073,21.710321764390038,27.654517008875676,31.691322361687174,28.652423008996575,28.9392794140021,32.43712772430482,32.86615390696799,22.25195650699271,14.227130815149462,31.764926064924644,30.73083316378923,17.29714701899048,28.344686525945406,32.44472200320252,23.768139539839257,38.3705826740125,9.294798301196522,35.34816614962639,29.658391909124262,32.22109004989474,38.570283572105296,-6.807729361850726,13.233940978095436,2.668938222345529,9.044358807803683,16.19619840816352,34.248962828118515,28.16054208153164,4.330883040790856,35.49592349651652,30.59775806311122,19.698898125692512,18.017899537334493,22.961631004921497,30.370150594119895,36.111701458549575,29.15298295158857,33.43141649936606,36.84345338151652,34.20705211995804,31.335400709142895,36.92779141384961,23.247386645417183,30.916216334742845,5.780163313419897,39.0120903621671,-9.355790546580717,35.973963533763914,16.311762028522857,-6.900563360494966,2.5098089292407297,4.077639621903967,15.115605942832609,36.880617614354136,11.799549418213024,34.949561427111746,31.60306891807944,34.11780639436921,10.247751119331822,30.36085282757853,-9.41781345905402,33.86580442329822,37.32340926284946,8.791871222301397,26.828808460302515,35.712237550910885,15.275324205412181,37.561430561911095,19.130895072794026,30.371341477593386,22.20464308453272,-3.120619725878524,34.058525489164,29.12775516874576,36.32594293269945,25.104842797983384,23.322843350591256,37.028571409011484,39.63844320817339,9.260021961607965,21.65843213548813,21.9714293098763,29.319217283652204,24.913920284508073,9.000763387595855,31.90042308147189,8.37234438226286,11.553859982824152,38.424489474576696,30.328160620414234,13.3729782409722,9.09427050525297,20.30222704970268,29.524917591546895,10.534031770591573,27.70596547094906,5.72703003721442,17.0246763922964,16.085276627883463,16.233266800762294,33.08517803373271,39.45107115463912,37.79175496855732,24.362335923970672,38.63639678804886,30.976036071740747,1.4789254096136097,33.1054664068349,-5.041331031449816,28.692529879245473,38.57581071897709,22.686512754500207,32.46994535475592,37.59763208054583,19.991264825219233,9.064970285392551,33.862077701742045,33.86314446438266,32.06545358061139,12.631832423702512,29.945332167107285,33.85406003016209,31.482612438185413,31.534242802248023,27.971279556919118,27.64396544683298,30.541169488767768,20.313389124781654,23.423004532823384,35.80442092504613,34.22724623361136,0.9882262395340641,33.33791713036267,33.7857357223166,18.225436094471362,24.742869528917662,36.73031644313291,24.502735835318216,37.738996581122905,34.542005459770415,5.1308978509438194,37.71719092373558,16.011088008596545,37.20918609466941,34.884385587542376,21.51452570558221,21.96413946844323,17.32087801900965,40.034393927960174,34.58607235819066,15.99833388513234,12.247552382253684,18.42591849940515,13.756582993550529,9.443374278864068,33.81838361620644,37.86387309279382,27.735152366369636,29.494259840440147,10.853324107055622,17.39106628716047,34.6754168221023,36.403366350681104
35.930931163017526,39.48066261762291,9.162232849724134,41.55663406700666,40.9542536529467,17.7387200731466,-7.6439159161643015,41.30565764393428,30.840300764306463,41.90414562029794,19.712111917039284,11.871217634990098,30.14463535850314,31.84366231669517,23.467099677896375,15.555068690001978,25.886028529956555,35.692210243992214,12.239638840233054,40.16222326232331,30.69364820819361,36.130935733266014,27.582329413275968,30.536267199393517,23.407297783803525,11.576290835922162,24.434128141149905,-12.824290765146328,29.2568141732491,18.64802016279671,14.57334563647687,34.085214959851385,42.249017141144854,29.666216519250554,26.32263823569063,35.44619383543037,25.964848465484742,22.710081797287387,31.066189769906316,34.94361042002898,30.91333571195222,31.272655952486655,35.09605839813779,34.93324409004932,24.73909072742789,15.79192176491652,35.40116898516982,33.741714244422525,18.706679469153418,31.472995691746988,35.85953463310744,25.350366237284007,41.627805174561004,10.10719521958839,37.70322820670949,32.12183174789507,34.51297481368209,42.29920852207166,-7.67137427343792,13.633390159816603,2.6912942447527617,9.511623796208832,17.386198801906115,37.6588523712665,30.39802352387773,4.131880576823684,38.956996434126076,33.190503040911715,21.1901408284552,18.708279751840074,24.021550759115495,32.77825445203839,39.279034101637436,31.633312416321747,36.47070234219956,39.99978277538786,36.75418307301433,33.50313158260911,40.46358746624412,25.17508583963674,33.6023273710463,5.655130060596351,42.28790104111952,-10.51425312682369,38.55269203852974,17.19441852974406,-7.760491989312619,2.7907621280950567,4.504310574724024,16.58580058372803,39.7250983994931,12.018566527914574,38.44842997189729,34.1217869743389,37.508147402943344,11.030790216640515,32.84668836113604,-10.698121121518808,37.30876338916811,41.074587618600894,9.16745085427412,28.533719577597648,39.517452413682555,15.695644465650169,40.71148551988888,21.114083742663347,33.576684896170924,23.49518085612826,-4.782627911173309,36.90449154624847,31.303490062681323,39.42252717259328,27.454076793385788,25.448213570398135,40.47666736250022,43.44484085887748,10.480718302092567,22.87060952162065,23.242509938891864,32.35007130783443,26.51128387410781,10.001602807784554,34.11925153662045,9.103626387481821,12.863940930401519,42.22472110354785,32.625813983007056,13.611841842288882,9.625312983971265,22.07130970625419,31.073453529100817,10.168921862451112,30.625007441306312,6.389854970180028,18.385637189503125,16.744254003006994,17.314162687268237,35.460466957335996,42.62593150015663,41.037769341046825,26.289292502939354,41.5616024522002,34.05079160522724,0.2685841908704289,36.495625609091455,-6.4220794975904765,31.701348453547773,41.853622372211476,25.515107790894263,35.442755818318325,40.9605299283247,21.49935858956349,8.951771277296423,36.99900350052367,36.54035844946117,34.35961527162855,13.410998716820396,32.31328614078002,36.7204022349199,34.64657229526698,34.86406638087201,30.51459121355819,29.972580117053866,33.61849493990264,22.485322296941682,25.242465644916997,38.432249289556744,37.121872088244636,0.6894911994258204,36.56026535013172,36.29541294846974,19.84977987341918,27.36765258378053,39.99971186740327,26.84075726909829,41.11611011011468,38.10277723480671,4.225523331050819,41.558808482810065,17.38243525695338,39.65541669011942,38.190675344251204,23.476604419292286,24.04966575073222,19.178198395722823,43.129388637407864,37.152748771852806,16.932048283683997,13.760010873201216,19.642764615326165,14.30712294512249,10.282548315180295,36.67279636066938,41.11112238892308,29.71030999036971,32.234381757979875,11.202868858892923,19.124660396866844,37.50552268386274,40.22447048588316
33.99188402667726,37.4540308870278,8.25095345327907,39.391592399725816,38.17182546910828,16.637837396398172,-6.742495121912265,38.56887534891091,29.164124982204036,39.5792288358408,17.993844176544233,11.566437088068703,28.437360322276945,30.081113706046924,22.59963985784122,14.754258207252109,24.22181763075891,33.557100068176005,11.637076718218223,38.28727834375312,28.955951685181258,34.178795631495554,25.625039686943154,28.90380567751108,22.130799926514253,10.879737630056134,23.10877089447378,-11.429008400602397,27.18390260019163,17.926519649522568,13.995898136970446,31.949579050624088,39.735513584343494,28.460955818896906,24.98862993771252,33.17254766452313,24.684514699402314,21.590486943244905,28.67430700173941,32.805762506750995,28.88663484735228,29.702584631429268,33.118721364833036,33.288426791732455,23.005435016666663,14.460091517516,32.76981900881558,31.72770637083941,17.6617143740224,29.399467272376068,33.549477078213336,24.21512075780904,39.32287282462658,9.327440756763075,35.83759143396735,30.114003018279885,32.62736657899846,39.62230281067664,-6.979291394596863,13.287779112245692,2.660032709858422,9.177751134973148,16.511531430049832,35.20938903496034,28.923306057928194,4.214822019727379,36.63527967327968,31.52059414301525,20.00417250629752,17.846994420933175,23.077232736295723,31.099957572904717,37.02618644447624,29.840088138338817,34.23748440535315,37.71950895281495,34.800372654248534,31.746375130063516,37.972732030266904,24.076517893173527,31.79943668850669,5.526415866545746,39.769587381762946,-9.514868142598917,36.44468567299357,16.60925416713378,-7.053372480563831,2.4516123372335183,4.076665037518896,15.306882915389442,37.71436165344192,11.627109189365934,35.86993243215807,32.26789835110144,35.01904698095084,10.452114473659115,31.055728811430296,-9.623978120439514,34.936876553801184,38.28714279717666,8.807338132011434,27.17722255160055,36.66833946114948,15.126376678517898,38.40711867457174,19.876905040930495,31.39791786375612,22.53649903612715,-3.8777193924521547,34.79849070383352,29.891477646524162,37.092665433686456,26.002035469935088,23.95596802661615,37.94401554267952,40.65385540788655,9.391343440382128,21.900423237445068,22.01736165980898,30.26730255237548,25.32433908465882,8.996270988551846,32.399981677690796,8.557571872425205,11.831131224556328,39.5087258340149,30.898061735077242,13.047959018899629,9.257118848269059,20.76698806846654,29.842386280878383,10.323163827051843,28.434467800973177,5.920258992483941,17.267904814009412,16.269363661207265,16.51359369478231,33.66425925465548,40.12291313110713,38.76905051368225,24.617732610209007,39.28061946301132,31.88228732471755,0.8761374994810885,34.14787145582245,-5.413461708904291,29.620466345784475,39.35833345974948,23.676721490393877,33.13169851511625,38.60094746234109,20.240800554492743,8.915846319562164,34.553769518651656,34.37975881244691,32.67968529047277,12.623574392857083,30.533526317757072,34.31688668786254,32.293017225261224,32.38898442621193,28.60889879164478,28.259274137788964,31.33589454061315,20.904458329673542,23.81535033954988,36.41622163722253,35.0820185618839,0.9106094857903094,34.232454804758014,34.29726025850846,18.595257312046144,25.49573888168046,37.70605883416797,25.34256580200859,38.431719739009836,35.46665238195575,4.79471517032802,38.82930503214729,16.48069596896712,37.72208381233714,35.90214486797772,22.145575055817538,22.197551470552796,17.73827310419738,40.77949183285365,34.94644209045916,16.186750904448008,12.551890218222027,18.783537419162545,13.801352109376348,9.49470220818769,34.54093809120837,38.64319506207289,28.12641214821882,30.389097329309667,11.06339082193376,17.763688903591802,35.180792744499804,37.53862218639571
34.73966308643209,38.323241551613535,8.489408805972912,40.25971608050337,39.09336258045221,17.063155068546553,-6.995152320744258,39.49170087320946,29.79952778813104,40.47786678783481,18.47089083967614,11.820137308025709,29.11052561660435,30.761001966789266,22.988282844744223,15.044134437909479,24.79775061808684,34.37256994868708,11.758330499429634,39.10620488819611,29.661395748744464,34.96729340309624,26.198332389675798,29.50708963665008,22.72135421466763,11.013612639164,23.55221849456788,-11.852110049361562,27.823645655486278,18.360204120002063,14.147027732000858,32.656771269436135,40.65331512426771,28.905317178414784,25.5222566675254,33.941659813745524,25.18766379356607,21.996338709976786,29.392662974816975,33.581142135295295,29.555271054314215,30.429929303971488,33.76720226173828,33.988168230635566,23.528631201504904,14.793940559146533,33.60240794821167,32.485424139544385,17.974043542515044,30.171919413696987,34.34905042031638,24.79720518355229,40.21468206314608,9.611209391552913,36.630657850793675,30.754563829089516,33.34543025381057,40.58022946984278,-7.084492573499734,13.653616913941955,2.600530770343438,9.312827556807557,16.79765438527174,36.046002698919416,29.63651944527691,4.394855024813337,37.46245041113012,32.22795305794203,20.390921950071306,18.16442179627722,23.51346325337459,31.727980669065193,37.84907242059034,30.595856688692898,35.02570634329339,38.58080973236068,35.61140149343421,32.472001216605626,38.83345563633408,24.59808426995186,32.489632646935775,5.637072315485525,40.64707454570433,-9.931727143470264,37.236647499861526,16.918062479500165,-7.236149340182747,2.607442605985983,4.197924572721964,15.672521729856793,38.58706019860348,11.913863537650439,36.77954750386206,32.902870280463674,35.83541834945371,10.56494918525142,31.86680572495581,-10.08140962812955,35.75042263314854,39.230016302573176,8.859578747979349,27.898647445465542,37.59455342750065,15.409733025386732,39.25641625860666,20.35775737653518,32.11988214128597,23.01055898298987,-4.050622286699534,35.592500106362486,30.553750206950305,37.98090325494848,26.586698910869288,24.489289629839554,38.83760511331066,41.640929451463506,9.613801885435713,22.36466490710836,22.498727873164768,30.96067782287549,25.806071673322474,9.265137218177813,33.17800615905057,8.69834023807514,12.002795208592339,40.48235216915483,31.530259449379,13.24195931826666,9.316043872070134,21.146677858669193,30.45567293689914,10.443099173238814,29.068131347169267,6.0427264134464735,17.59654499954696,16.492192053808093,16.7931824389603,34.45167923071503,41.057854656699114,39.653947129354066,25.17463224232198,40.196749943263384,32.62978339840028,0.8298443046305587,34.935957894421186,-5.581408999401073,30.3690732204953,40.23039909594932,24.325787337453118,33.96039086658196,39.53424415902285,20.73142613178368,9.01617010358152,35.38308378400797,35.192455113378365,33.42150937235444,12.910010625375973,31.118445412972516,35.1316876841607,33.08043080504353,33.22060267637105,29.34047926172293,28.87871966247862,32.007546250107694,21.486505378684427,24.459506760958547,37.2430561016472,35.88301943104772,0.9605335858715786,35.02745525500157,35.059189364898195,18.96944661715952,26.098053528825226,38.53039625739603,25.83244896584697,39.287997096563195,36.33051004306589,4.852039313047198,39.7289272239684,16.8666723062925,38.61214070439775,36.70300981582337,22.702546842460777,22.807997956179275,18.10178279057177,41.67849205152751,35.75328468530486,16.41235137259595,12.898096786605088,19.15708289701143,14.009485467359386,9.68492251252333,35.326502885504695,39.56253612917024,28.7357727930366,31.139353557731717,11.079885571829342,18.079057848116367,36.00546165056755,38.437034398590335
35.73547961863723,39.5646679435889,9.12147673907395,41.37901954020648,40.849467138343805,17.58075223590815,-7.802617078575547,41.14292424079514,30.723302539268857,41.915646173686675,19.637949936685963,11.789735935604485,30.290867028595816,31.698575962944577,23.47068718268623,15.332388916824337,25.925744405753512,35.429490490333045,12.13085304741114,40.1397011512776,30.693248227402798,36.14295173230705,27.436005321200685,30.57420059695373,23.3668082994899,11.435628474657795,24.400267005011507,-12.839635776053951,29.379517555517392,18.78777154110482,14.500700038195767,34.21303096421554,42.17495996495032,29.444080103772865,26.029428515482216,35.50322638101813,25.968652321411263,22.400702950452153,31.091842063354417,35.11804001408344,30.519708722341992,31.280646493482166,35.01002478335002,34.76244922225242,24.810987974347732,15.702206640491607,35.32701455509382,33.85290795935227,18.64386080100218,31.58331271695779,35.93191898107647,25.42013464807315,41.62045552919781,9.779136869198993,37.44099114357402,31.904226172642954,34.306373345037265,42.2754696597642,-7.543398022484735,13.674749500445898,2.6650703767101676,9.454349262900687,17.42265639311302,37.70077555086007,30.45307715311927,3.9775815511032806,39.06786302456903,33.27871998331397,20.909471533493715,18.30740136677784,23.835942292390147,32.72781581546216,39.36716546994014,31.701071097329283,36.32624813407865,39.85863891541628,36.601536319942326,33.20972553776499,40.53167852377276,25.31947436026373,33.76749850414944,5.4798343046265225,42.04858639165193,-10.413293275406193,38.28757972137059,17.332913437100252,-7.658546815473218,2.6152930661643783,4.473581971719516,16.32781499512573,39.74051795113,11.951669807208962,38.30845440437267,34.11796741837959,37.363581678461145,11.072886452188737,32.848563254607896,-10.57043166930833,37.375120640880674,40.99199615906781,9.023685467526098,28.490132827974072,39.39345952892278,15.523713271571404,40.61279884438585,21.26900926097608,33.67765678230174,23.520654667427216,-4.941364078232599,36.72470479609249,31.436120053135127,39.21046313265433,27.641060209699514,25.505335960446157,40.369615210034034,43.33431322374995,10.124396099794799,22.71171131690123,22.96966839311541,32.421960900263805,26.55966594857913,9.690155427913501,33.912187223488736,9.261573171481098,12.677581081959001,42.166236165424195,32.658412793114955,13.344386332031084,9.447681119443065,22.11896708301236,30.948409593992412,10.098899773117878,30.491161632180315,6.354703910287077,18.367266505214502,16.731247494694248,17.135626270296743,35.312175555103025,42.38960807157603,41.06409284142132,26.038679615688704,41.35514111742862,34.10875958256511,0.12202698831575536,36.53440956887201,-6.293871901854046,31.748991657381332,41.746441051508945,25.581548205373483,35.29801944236432,40.98047354264395,21.38759575397422,8.750183906766589,36.80520382799968,36.27862012111773,34.18858200631412,13.208649842424705,32.32715664258377,36.39693833807718,34.477376517119325,34.771009503159156,30.347984911232277,29.817839188468657,33.51798234777741,22.44052201164481,25.139653219228496,38.28097496951604,37.11859515930581,0.7370325069067298,36.53837856748286,36.042400231205036,19.90554783381515,27.25692536651479,39.98632413457482,26.94331090567738,40.80136282178356,38.055336783166226,4.320923965304369,41.49455548216857,17.476020996554805,39.44802945297147,38.25294901058392,23.62111138555019,23.752330888105234,19.073008017823113,42.94706920018687,36.7887997420759,16.84657499728165,13.58025455183845,19.644435782490145,14.142990145424191,10.062465441392574,36.5209500443741,40.94884543643619,29.48267445311657,32.3092291565352,11.12309649089199,18.92148101867469,37.18489425695726,40.20198327660362
34.20864531654766,37.34321742838662,8.119887466768969,39.67172059468933,37.96316568230742,16.790075678551446,-6.244663497993064,38.630019713950254,29.33083568585127,39.39987561642657,17.80549859574517,11.974111195271416,27.93819567766589,30.404452593502096,22.827988000377484,15.058794925542616,23.770546398886236,33.8283811863817,11.469790909689788,38.3903903921578,28.916285658950347,34.0225817261701,25.6360582094795,28.550639999548935,21.962258053078642,10.9548354123315,23.09273774519614,-11.090878189878532,26.64055005852499,17.85231740748645,14.010581554785801,31.356920278639986,39.710513912477964,28.744938488627383,25.499552225925807,32.82277419125588,24.543240535465454,22.102637478060956,28.20067127053901,32.36905807312506,29.32353270672192,29.56925352035451,33.16414534510733,33.69856121424641,22.61756670047954,14.695834304056248,32.46109043613541,31.371983940659277,17.5512144490562,29.01468083502406,33.17822063915083,24.108055501951736,39.16551044446014,9.351418643029577,36.16538444193999,30.209375838782197,32.96819901016471,39.4839003875577,-6.826853843291298,13.589499105603492,2.671918084892106,9.416487193131086,16.28662833554552,34.92057688860734,28.767926382644166,4.468329504216905,36.194276362797275,31.26911530576654,20.263670355552822,18.43262535796206,23.616957654062457,31.07475989274649,36.70752989678491,29.569773063919612,34.35634963697929,37.7468090636505,34.98968872907465,32.184704816442675,37.61022058842466,23.70623349943814,31.400885890354502,5.937831841822929,39.97291512412628,-9.380612021240843,36.85591284682651,16.453560994067523,-7.041677646247181,2.389791413562091,4.074086821047005,15.344393865380999,37.56948256953888,12.0952422792177,35.7648185517932,32.17426435994612,34.946549690849075,10.309986820848144,30.984282002634675,-9.551246741219678,34.51348265905951,38.1609515324319,9.183739490220425,27.46768360610933,36.4773852862396,15.598489170296023,38.345991076698034,19.595537917115742,31.000129094526706,22.529796553979665,-3.1143849585386203,34.90724833158137,29.634520861546825,37.28254899695785,25.702590686446424,23.827132954338403,37.88115340997476,40.55164338285721,9.476011429292015,22.173695545513272,22.37725455043546,29.83473629244303,25.179352043950086,9.209799466896946,32.66204943459451,8.451610297072616,11.809386938333452,39.302925675053956,30.77659747320063,13.522862845346825,9.355201396881357,20.71933933059184,30.2677241671866,10.80908962137828,28.276696796590823,5.830062216855727,17.092725403831796,16.403706849153057,16.617477295096684,33.79211862597419,40.40718079344268,38.54325453143472,24.878282166424025,39.452034334429605,31.629843696524333,1.4061741722957823,33.79728576681235,-5.194424589321809,29.285441498552505,39.39118633904411,23.19769201586517,33.21725038246316,38.47129389833159,20.259234129232933,9.402847982327298,34.67016860628095,34.62683644891486,32.79331488696324,12.784365944177202,30.40683170845821,34.6907026002604,32.187705426534386,32.215483145848474,28.65491790643708,28.261016988898565,31.18844422137368,20.597745327701823,24.068032501750082,36.61602510867955,34.972563669025455,1.181472859209486,34.1369149705499,34.62565967647155,18.31110141179274,25.31052369348214,37.499291035670986,25.05721811162272,38.61016050453678,35.25117682875307,5.1795512742811285,38.55363614019563,16.219445642750106,38.10366933752368,35.54572203199508,21.815794039791804,22.39763245385943,17.597216826717425,41.08997535906112,35.50042290364185,16.219609144501757,12.48499670239166,18.915090435066304,14.149081128756366,9.606899131954632,34.682655718964426,38.68056548374493,28.443413107874257,30.10915184381519,11.062367668591282,17.710182482736826,35.62857956074956,37.232670041200656
35.80858588265907,39.15204672059404,8.927835471896525,41.375022689537005,40.379526346077895,17.584245685851453,-7.204552295686166,40.90714499790362,30.686159693372048,41.53081316093997,19.33680753643315,12.085614782471007,29.604020218555878,31.721981895449026,23.479891513198925,15.614395517537064,25.360330043872487,35.326524279961696,11.89703087202283,39.96617292885399,30.322286683674847,35.88695145275413,27.12399980327503,29.963746944067907,23.036518697602595,11.505240942224514,24.174131742292328,-12.234815032749863,28.657882293204814,18.595065628298,14.392583591525879,33.44669004092639,41.91956303978371,29.547538272596857,26.435356236226173,34.938186166131445,25.586505572206622,22.982219255152923,30.435344375346443,34.385097579986635,30.81148599564413,30.85449723304575,34.81756274303625,34.915761983792336,24.144112059897513,15.565644044450776,34.755521870365286,33.20919140988878,18.419649627749735,30.938424329794895,35.27186553126578,25.107375680936826,41.195273523509165,9.990648535854914,37.61191087417317,31.999402721676837,34.38430865901751,41.81244168928396,-7.577778386226057,13.733373726666493,2.5693167839446613,9.459560588456581,17.206490199642385,37.12228261736857,29.98548622718379,4.236083322861803,38.361627949525335,32.78267888581386,20.922378190074753,18.90264353785712,24.208208691092363,32.404257438556634,38.842645423180045,31.290463440634063,36.07341760167837,39.523195222560304,36.59094997669094,33.434719198936136,39.98775803132466,24.75899122123537,33.211977830109944,5.768445200472878,41.927292674275016,-10.401801989616395,38.45339412745313,17.055996317724166,-7.649120673325321,2.5849470484799313,4.416860524452099,16.41785494897192,39.3336740809772,12.415363174869531,37.983492764305616,33.82118164592593,37.04210998151841,10.772946386110878,32.462879013180384,-10.626673841016835,36.746903967720556,40.6010893956751,9.042504797788808,28.510829471668977,39.00380416145682,15.861379530468103,40.28570986609934,20.696899542249167,33.10655350121166,23.26504205834215,-4.083028796032537,36.4433387033226,30.92654556173129,39.09864013444323,27.013904939662115,25.25309533337925,40.032539786478004,42.946576449514495,10.324505370416974,22.761148199352114,23.246463609144723,31.851684550994463,26.393507328009562,9.7370922784734,33.94501531310444,9.019658100812604,12.69731362069284,41.68123724858495,32.44222726604121,13.845649186139235,9.50312488845858,21.80228934920152,31.137223692640404,10.557095934628832,30.134666839778458,6.102615185013908,18.243829859642887,16.620960837819364,17.272551747903112,35.17811336402996,42.44298156798145,40.605964563539835,26.119809261201535,41.349734846599304,33.59778281854782,0.8085805694696766,35.93318089017881,-6.063322399136506,31.087488937455344,41.56001372123693,24.872184897210705,35.105023646842426,40.51426553334845,21.354934121592894,9.194371130879917,36.72535812878152,36.35489610084914,34.16269188217464,13.286861502088751,32.08296230735444,36.511385601525,34.139567240245,34.40330343115644,30.02746719805105,29.678729040811035,33.12805354507688,21.98719403084926,25.146367804345356,38.277884350283024,36.62157766067159,0.7955361861229764,36.094844442311384,36.177400287391194,19.6394994464172,26.824169696931136,39.55396451618293,26.428223534914558,40.79135207984567,37.61763098362786,4.718946647493163,40.95908459934316,16.99770288594128,39.60454081517059,37.64600609411941,23.133344279370622,23.94616665619731,18.90859033654884,42.87838254998965,37.07824211828382,16.87348262800801,13.396520872297968,19.32975382118743,14.208044746908334,10.065713182969485,36.42645883011458,40.6986848315439,29.509136845065512,31.76452761937002,11.288876696589124,18.76850214425727,37.35844144382378,39.60472781592421
31.59261431497863,34.5985880396468,7.730182118079165,36.585108613334306,35.34856188376345,15.635638523573885,-6.145691272042732,35.78938773768751,27.155381565193895,36.6749754594221,16.835801924093523,10.798160418694811,26.246471545106346,27.99805316508796,21.203119845927883,13.967386196980405,22.480232585383522,31.17057358558425,10.87526085983066,35.55506487973935,26.827963010844186,31.670997153855232,23.825556217379024,26.770287788138752,20.467786020953348,10.218819667137936,21.56432724148797,-10.437352208237423,25.138746165633663,16.575157216652137,13.009574355713298,29.45646376070935,36.79636880077986,26.453430419725475,23.396961776252848,30.63306709561529,22.874612262496388,20.250909686115147,26.515080204944795,30.2488767659426,26.978095685957165,27.505057474892837,30.657556491672793,30.894434841656494,21.327004121626228,13.557625862215534,30.31535507528155,29.272541078624762,16.415976869000776,27.10392535426016,30.951558575066485,22.55888203669923,36.365739367118984,8.85397146463062,33.24081584187053,28.03317494960169,30.312821788405405,36.6229769556929,-6.539049056624298,12.403643351512766,2.6391113281736422,8.697842035967152,15.403229272994402,32.606568727698104,26.784847398469374,4.064279660281832,33.79658716916034,29.16225648231835,18.63613328430265,16.81399744332014,21.50462651925592,28.8322582521242,34.273652001076094,27.5578872109678,31.72363601311059,34.94779213307258,32.253026393225234,29.48316630896072,35.09563065884099,22.175050355428787,29.416432189687526,5.4636608591971925,36.91790899608579,-8.877821987134151,33.852094094007114,15.465724903975552,-6.546425383480669,2.498054880578289,3.8941443056714853,14.386835766593153,34.90226098681212,10.870545047133946,33.26844228581779,29.881112980519525,32.45983384886051,9.723830449174674,28.730544429795057,-8.946384359764952,32.29457599940647,35.4933636895567,8.271769722164398,25.299208738445977,33.931982338009696,14.276187191211212,35.555535432910105,18.309421627937546,29.045986833337636,20.95871550357238,-3.3827872648007795,32.26794249508798,27.674216660915427,34.437008143972776,24.077170542022465,22.307436831538084,35.137649026564,37.6535577736186,8.769126431521826,20.47263384342144,20.70554136466394,27.956254775614884,23.494382142805154,8.538799167287369,30.0945667808533,8.050284205393618,11.06141213788866,36.512180548415884,28.684875330387307,12.391493348795178,8.634609625684556,19.41040193145932,27.739244233417974,9.684851615258745,26.394286728461694,5.538245574892596,16.062351284080272,15.249185603721134,15.47949946546549,31.260102446111098,37.21468476316308,35.931843234406465,22.937827142736538,36.422640272664346,29.479678906664326,0.9697070820494129,31.563913185646086,-4.874153855630643,27.43618347220305,36.48308994337545,21.76838086578722,30.746566461483106,35.67953694019532,18.930377900424787,8.33479700642074,32.0098855160872,31.991822404308376,30.295079447027184,11.839748500038205,28.300433121171526,31.940576448034243,29.935827458688728,30.016504719581597,26.536245238841865,26.290888911162675,29.084406706781007,19.54005701205177,22.148629541781766,33.72447248359797,32.57568625067346,0.8783036334534403,31.650306453795245,31.81018991297683,17.32786096709141,23.672705697092955,34.89900589293595,23.420318841200917,35.68017197386013,32.842927458849985,4.5695949202999255,35.88325022007636,15.295746374558707,34.99625415493847,33.18032969060598,20.565882426707656,20.62347343670002,16.519147425673523,37.78043306398526,32.53725744768197,15.09502867870292,11.767842061781003,17.599076603944766,12.876271328081113,8.928844555022676,32.03951700571827,35.852173833461656,26.094275067230786,28.103830176727953,10.238813606027756,16.490036232694994,32.65390012610401,34.68925130203406
33.814779658418615,36.9653017456763,8.31547138967637,39.252695583437855,37.96314771136472,16.614899949172592,-6.377161048816008,38.52707092502853,28.96827412837458,39.15534977553865,17.95641135143026,11.765307265882093,27.897040253976776,30.048237588853624,22.424735206438758,14.610843622586025,23.722770492026207,33.57118974324908,11.257643686341897,37.86865824779041,28.692798664880225,33.71649639928378,25.503090775251145,28.359795113740592,21.844134624996244,10.975470168896523,22.649277868336483,-11.412510592943795,26.7621929262997,17.807349501900717,13.77416618693023,31.325484561130907,39.408885826085566,28.1968851487699,25.204918312673932,32.85338446799678,24.235145582107048,21.713568383157703,28.42217517069544,32.32352383359077,29.07850026366499,29.295033228722286,32.893957543586296,33.2942191847528,22.768043672417964,14.579431301832459,32.61788086561519,31.25007295787035,17.322178395660334,29.110244038730936,33.197162654462296,23.807004573220553,38.864975625914816,9.49290510570872,35.728100910524084,30.03011764671642,32.690130651429214,39.401413825082045,-7.072351643681338,13.179359889812261,2.4899854502159156,9.084633729553929,15.960904799773612,34.86571028568087,28.482855160898033,4.310967356578293,36.083791514159,31.03004912124784,19.965470259334214,18.041186662480317,23.162585805396084,30.786108597390534,36.49875011254168,29.492338640739842,34.18545083878689,37.42008604208936,34.69037500604185,31.807723023448396,37.490444417013244,23.549128865744056,31.21380754401878,5.639907678480198,39.69606382447796,-9.672460079335057,36.52151637036189,15.972948941529467,-7.081939462031383,2.477055624433361,4.134009848714376,15.507724236427569,37.282120892069585,11.953734774343149,35.76935394579431,31.843820520727206,34.89458947469053,10.266769878979472,30.80734246823667,-9.80888792939872,34.56516928558786,38.10368230676325,8.82923780361858,26.970732448595903,36.56312441267356,15.170431103142423,38.09818687600943,19.62640042894471,30.979479162136208,21.985811082754854,-3.501139249846411,34.56519143222005,29.28695943194535,37.00615706691791,25.49200620083237,23.784392801538328,37.80678262772406,40.46811167500912,9.533387968697417,21.785410322023914,21.938918374589857,29.88317274371306,24.764888759502746,9.170393478861099,32.31229247312754,8.505163301397832,11.79944166147151,39.25660323443892,30.445733321527424,13.148603058751984,9.147637503090685,20.609431177356033,29.72309095117827,10.29949734067789,28.337875152467532,5.837894158814196,16.986637371019224,16.07759800669731,16.372773631628437,33.37022755199793,40.15839562987091,38.23344334565731,24.67940677092841,39.11658465531132,31.64001994629139,1.0508089995964118,33.79107173797642,-5.480841259249173,29.30918582223562,39.07542277823575,23.417315540765983,33.0963449653644,38.30922056857778,20.028591359688434,9.11855366395178,34.61561052685469,34.35323358693126,32.55766790209461,12.7205593993755,30.14771916729355,34.52014891349739,32.26844602614656,32.32580444081288,28.568457307735688,27.974253431996175,31.20552880862656,20.56902723011923,23.820340347286685,36.294810348658174,34.640941521287075,0.8442877760545116,34.02400640913605,34.332553778441195,18.14220722569668,25.287563346451112,37.3406736497544,24.84278191263729,38.452115202706565,35.23627401954994,4.740874925260364,38.53698609537305,16.183695596812,37.63085849111654,35.36081067370004,21.69246371947801,22.425339765028486,17.62614931315243,40.71963524344939,35.18237466768619,16.194936506807636,12.523044372084682,18.500905813930068,13.618253572146287,9.623187240155373,34.42795707427356,38.47056701728817,28.076578684030586,29.983518623904484,10.80832846776305,17.672396053758167,35.360725932367195,37.21598091532738
36.15287016438835,39.457963829616595,8.981272220624588,41.806605514165106,40.74798126813914,17.752064307150064,-7.322841176093525,41.30430062808538,30.99365762154197,41.8971310494358,19.494511211278226,12.057035774213814,29.84709149726506,32.00974751498872,23.689136354088106,15.775961522417175,25.57281371990995,35.788782459195744,12.191399826564991,40.31535039740784,30.567961682043475,36.138405792425516,27.58671472134336,30.256811624805028,23.272255472236075,11.504576271080348,24.375103704826312,-12.482347768449499,28.901929613650683,18.72099779848621,14.535000998907163,33.71707799033697,42.31966446007283,29.980829495835547,26.659360628203785,35.209223284798576,25.745263420332773,23.1968507200816,30.704294527583393,34.658543245859505,31.22627767690664,31.114434874379675,35.25373608373448,35.22965240119242,24.390640836807993,15.916037561125655,35.13096380208284,33.45431185310819,18.604761688222915,31.169883826327442,35.58890584753522,25.269239754013654,41.5196544307381,10.055297959449693,37.96825023027341,32.242685513298206,34.75354999913216,42.20555851222579,-7.562719403868859,13.71406605847863,2.7190750869293634,9.511594240727915,17.326513712096812,37.438267670618266,30.217542401720348,4.4121906332108365,38.699504184517025,33.049515953707136,21.329035870267266,19.12220875710906,24.41697772800866,32.876039328043674,39.10496100697344,31.402146406813756,36.4436177532574,39.982068557475586,36.96508325415056,33.85860117677882,40.305913670051815,24.90131283851956,33.396461721822575,5.857701058621422,42.426076580680686,-10.35285414414496,38.84650407988469,17.165492775907037,-7.68454798995737,2.7361463036278364,4.539654730407738,16.56420500292201,39.630142615828085,12.341603100890563,38.34742233459655,34.044692677160896,37.49801241732239,10.970993529983929,32.69605119959145,-10.64252498654522,37.050055063805004,40.95259396538897,9.299550617119,28.752951994791083,39.38825445700682,16.034762591422783,40.669013966501126,20.904320173664875,33.343480902789985,23.538985678721307,-4.191441608652945,36.91790546726916,31.126938820899955,39.47724915743813,27.175170396837903,25.406055606845445,40.412214623198416,43.354856706473015,10.542578407474775,23.05421597262637,23.4978704302253,32.00235192738977,26.507479172962327,9.965724348675502,34.29564199712228,9.059025870907725,12.851785341945366,42.06052674921275,32.67549560796939,13.996911857531389,9.788391989995324,22.023141837193524,31.42333357443435,10.575304248622393,30.462014267195624,6.136761110132597,18.323731158827552,16.920116445245824,17.291061183794984,35.54924543023952,42.88532108226903,40.94784492874104,26.439301928815325,41.73556338992085,33.89043650925382,0.653981522721073,36.227468611477896,-6.289110252580997,31.387228228501527,41.951171502298614,25.070688936204686,35.37662688210564,40.860363500471195,21.65528594443243,9.24847647334425,37.13694594047024,36.731672095738766,34.42292158637356,13.389615135263744,32.348891597354516,36.936128829118104,34.44746973637368,34.72427270591209,30.35039810526474,29.990916971104287,33.47924253994988,22.156239134247468,25.354039250910084,38.63340980478523,37.065125389455936,0.8231384465869083,36.39612937599346,36.549273333762166,19.76753001942055,27.118721642166182,39.88463029093521,26.669145536745354,41.282955128007025,37.99445166803004,4.614874540751113,41.34450460628391,17.10284610742039,39.95689464771559,37.94659878656728,23.179414193149,24.215089161947034,19.13729117336071,43.30881349958157,37.45872099095121,17.06466655020226,13.820121186063192,19.63386917963472,14.51739215469728,10.414798981210833,36.80543541048107,41.14020563959108,29.90462133929688,32.00708787290771,11.306912821033883,19.09780868949964,37.77234762363762,39.99056434691978
33.72923881935476,37.0917893955605,8.233851675875172,39.00746385755569,37.861841436071394,16.639006441212604,-6.75407475685407,38.30557917970343,28.968563885432932,39.22847941512209,18.068117379515854,11.454249216951066,28.08732548308981,29.824026981562394,22.464193255304718,14.956717512080466,24.10584741222164,33.251813573791146,11.685870667817701,37.941207240434586,28.752399989044346,34.03763768580625,25.497692563133974,28.584924914875245,21.92911534379713,10.878739908182412,23.178230731287123,-11.1924171034626,27.0222905291011,17.622597944545454,13.888139882466172,31.692461857559405,39.469858805772155,28.12757948701977,24.775772220464702,32.82373999093204,24.5088493155989,21.591086865370798,28.45131929429799,32.46849777938526,28.779148744433282,29.374715738714603,32.81156781873898,32.90176933967566,22.81946034809439,14.40635985237269,32.50996623391196,31.474989126843763,17.630286961298403,29.048625530329502,33.198081133164365,24.009323862006102,39.03210845748524,9.337188262198827,35.472881915969666,30.059633460133544,32.32598508008327,39.244095252564186,-6.854800534867,13.294819481388712,2.7899321416249014,9.062238840198955,16.669088692835615,34.96467171529926,28.619459786048942,4.186608382795617,36.30702098645286,31.157612029469973,19.8746312490951,17.789933525409623,22.77678399512017,30.84521486897587,36.81118911621076,29.626334765902833,33.941266024584834,37.419017177847664,34.41144314638714,31.398746409533278,37.71098721799576,23.729931489000414,31.593946933837326,5.555923321963601,39.41107263217421,-9.449050264818275,36.07317077918148,16.673525686663975,-7.030718021615695,2.582866204131552,4.085736381917948,15.28197136834295,37.383473653882234,11.485071935450105,35.566335904435775,32.100905492187124,34.6605280605888,10.35300217242288,30.69816030621848,-9.579221708002946,34.61229868434817,38.037803354931235,8.834034927601289,27.045767960217464,36.38434176783151,15.12699527052212,38.06423031510156,19.667088207874613,31.14495590624513,22.532753188335356,-3.7902272760705,34.51442936960819,29.635013021424978,36.824471324623744,25.779544716606335,23.84059363566142,37.60236868292601,40.28138639079578,9.43846947158893,21.735040524073145,22.020381853843862,30.05517660405541,25.354693600239976,9.080021035983775,32.046844329241544,8.578986963627603,11.824674619720554,39.144798580656186,30.864723561291143,13.200064406356923,9.203049722046753,20.637112312610437,29.511553849683004,10.286352857477587,28.312449054648102,5.943383751313777,17.319552574499742,16.070237168340014,16.37880072285896,33.46253978893276,39.71808555344798,38.50079314706578,24.5139047373387,38.9194573983183,31.53163650438125,0.9537611527937865,33.85398246410629,-5.323742162148033,29.414340544863013,39.11236656262668,23.352167236524025,32.96237356179607,38.19410644336109,20.25416064291642,8.73877767977882,34.18392655669603,34.176677938708536,32.316583120868664,12.582132651301063,30.504531061835703,34.09497326212749,32.01585156500845,32.113991973751624,28.295864458865296,28.065706761823414,31.138237157813975,20.88260958846778,23.549052728184453,36.09217283447054,34.76675095824309,0.9264552163382533,33.97361836703684,33.900857672571625,18.706044830390155,25.31141720854253,37.3710293025189,25.154517716340102,38.14394121931787,35.19899202729394,4.814856588668918,38.46583908545329,16.363349693269214,37.35437686901712,35.666324724773666,22.082663802003893,22.054575035958774,17.651837453232528,40.34686648689774,34.69514830731475,15.998594781214619,12.615658825775153,18.663468814848756,13.769302561045954,9.518176382233463,34.18885277456856,38.333310645195795,27.850347845756737,30.046306733772607,10.838965656717917,17.673367415045774,34.874538551539246,37.213790883167704
35.008616838086674,38.79665448439901,8.734362592507933,40.64465680977489,39.76696563800275,17.22835657171136,-7.275026770225599,40.08782435333706,30.09121023218881,41.015868126765234,18.953493230360657,11.764974553435597,29.624252122416365,30.986144435385334,23.240963846596742,15.04874212649639,25.348822554790235,34.75077371019351,12.124705907697065,39.452249319335465,30.163417518794855,35.37961503944354,26.70144952177182,29.94895506802092,22.955301118955614,11.196220905620583,24.040318845895115,-12.236291058604836,28.532154007952222,18.57706091623388,14.445457036895064,33.30437936814476,41.13532757412249,29.13971271916536,25.644531890636486,34.682065678681106,25.597138182886557,21.94599073679587,30.101858826185186,34.28149594017892,29.71225454970191,30.73934484065379,34.305897762563646,34.22100167113779,24.139606227765963,15.102870524538472,34.290702990358774,33.151684828628,18.292189944297444,30.847774168454897,35.11684470840024,25.049387699420244,40.88471446617019,9.79195584258133,36.83609665262404,31.13628845766874,33.62961446829241,41.277609637897214,-7.267889165217392,13.710704316671663,2.813686346849556,9.49560120660945,17.105617642709845,36.67911048046323,30.000705242663923,4.251997984505058,38.22172442297608,32.61260309430976,20.613778274164456,18.042106973842188,23.53154879702639,32.2450859703132,38.53645571425721,31.101920577155376,35.59895561714531,39.15953522803151,35.889291978781365,32.61585462956229,39.54066152037803,25.034263185886463,33.013974532809115,5.436459545142454,41.09378673384141,-10.011978264129176,37.53685031354858,17.07237101171303,-7.375941669756141,2.6314779455642143,4.253001797611604,15.878214055960068,39.12547678891462,11.857003504040271,37.331693280616456,33.463365929711365,36.44289840221011,10.859584225633627,32.20978076206187,-10.073447349662498,36.449054641899586,39.849150916125026,9.07556846140656,28.04130681199608,38.23291470721655,15.365872465507595,39.82799390690698,20.868963647989624,32.76803194153062,23.21005232404538,-4.511445153850137,36.083888068954174,30.960527458682236,38.44684733239469,27.1280595196852,24.902578235401137,39.521076288623064,42.285264743598646,9.704847049874882,22.539886178656758,22.544833757453926,31.68243571843945,26.1499338529483,9.299446534174574,33.360467899799545,8.864131186863661,12.28960011357328,41.15149034733408,31.949932868413256,13.182433021514518,9.524799852702142,21.502095888669906,30.613428317475794,10.267339112107226,29.72256496657223,6.264873790255054,17.928779723531147,16.722437032261247,17.003656850196954,34.769363997169556,41.44979107704007,40.245133649679474,25.380125934145457,40.523809831187876,33.18966132527278,0.469668842193348,35.65518948053394,-5.8317006775521545,31.018346149630307,40.760390738305574,24.94568402082203,34.43866616574126,40.19336050809416,20.852234876800033,8.901806903016002,35.80537779211841,35.583164789346625,33.73928254700302,12.98977055214173,31.62285122903385,35.480558714726264,33.706090929311664,33.808443589603776,29.742764739938146,29.295266902726304,32.61984278329657,21.88284988804242,24.536746552364953,37.688407912369655,36.35360823951035,0.8320061370548111,35.63918626571984,35.35040162185713,19.316803197896515,26.658122260908943,39.166914381960694,26.377229207081456,39.77088933058516,36.88405677228365,4.630184583942728,40.43948090438758,17.22932927242008,38.87572726264284,37.43004631768157,23.081732923097398,22.93293203351141,18.412523631074468,42.19187942677696,36.022899025615324,16.661387561205927,13.139734019318354,19.47201022762741,14.09779652967126,9.931135461211262,35.64005381758565,40.0820280596827,28.959923630923427,31.665418978369246,11.193062886178092,18.461479280205435,36.337436793085914,39.18032989725042
35.240268450733765,39.262968293612424,8.778244949835518,40.89451457121115,40.07985750350019,17.31273562933956,-7.492495333920457,40.28613507688448,30.260121400659077,41.320296207145994,19.05680452140762,11.69407001196822,29.997988924060785,31.240358020502605,23.42920020054975,15.116503452290704,25.716402149313907,34.85851119048566,12.261051961142991,39.807012323846685,30.421948932832187,35.77423586396778,26.77549175655265,30.266775477305366,23.238273859094978,11.111538720798677,24.29110532681717,-12.418812364550721,28.874431388957728,18.762998356877077,14.580759810105747,33.73919389569484,41.491222231032246,29.277891905813796,25.662204999286406,34.9391593936623,25.862517124776442,21.922837230634734,30.340716744442233,34.69225544521116,29.747409680228976,31.102887106846616,34.524257898537954,34.38055323629127,24.301522059916124,15.058453921814605,34.59163650375451,33.555798870376414,18.509114954031666,31.161194938606688,35.431339479877785,25.283907216322113,41.26540980795286,9.742955035060904,37.07699572252829,31.262471079339477,33.74157294279419,41.578539883318385,-7.217357108616446,13.745186856924189,2.7692947499756935,9.56112461730492,17.324602400344112,37.02273305820038,30.360990396962855,4.165339381209222,38.62961516250371,33.00100082167773,20.800418780479955,17.937026576612418,23.536585673850908,32.53626420392149,38.93554932157772,31.427671968295567,35.78401849625396,39.493045524136996,36.16218282419743,32.80122147044472,39.92368627058015,25.38623095253876,33.41516623642162,5.312325069342386,41.27014018288075,-10.110443381597765,37.70901311282979,17.395686277681413,-7.261229988843192,2.502971859902385,4.2570361646228285,15.955896524449095,39.55894344525522,11.807555415926243,37.54203736392258,33.76904014484462,36.629517688140886,10.792050340702689,32.50359217872465,-10.209762594814274,36.749237259624984,40.12529463778881,9.16372343531807,28.294751501313755,38.46129266215158,15.42136199994564,40.15677876942761,21.10022837010398,33.11682978139553,23.475761500011938,-4.752026888214266,36.384900808949325,31.39525538606968,38.67698891309502,27.54716686510155,25.152802565706562,39.740039701405074,42.60906860220935,9.743844655731175,22.672216276842438,22.57010994213973,31.999114276959762,26.470537784636317,9.152198729782066,33.59610189261623,8.865920385383909,12.325396873458226,41.46626116224341,32.30956994166708,13.13272041501729,9.526410738494402,21.606583606034878,30.814107218556806,10.331875277612411,29.84410152943782,6.293369191992039,18.04700585206773,16.756696096044024,17.068164423071376,35.10750514650812,41.62166298026169,40.67145913390145,25.401170327788723,40.81534472089478,33.446157940838134,0.3207952923922511,35.98248576701775,-5.836508497925746,31.334134317034167,41.08798110369226,25.254492517817443,34.66492828794893,40.55007735432688,21.128857556075083,8.728818592147169,35.91642973405013,35.72987599761848,33.993964498661455,13.048394419184888,31.936869918508513,35.52698519657501,33.88795283504229,34.02254028734741,29.940340507413403,29.469905653739026,32.72286234184855,22.10149499726306,24.764521536770907,37.905067968550796,36.688253221916575,0.8993796767534751,35.87133746654731,35.46663451701378,19.58312449815997,26.904441655529087,39.50680640594019,26.714099503930292,39.88886109210123,37.12675349931385,4.634133511174184,40.752208410062096,17.398398715718717,39.099084616057084,37.80695486349182,23.444514229658324,23.012771491202148,18.44189362920003,42.37633491758459,36.0864373171652,16.745651260997555,13.17439198366204,19.713988122179966,14.237317478519136,9.783887968648552,35.91990821520155,40.36605213755576,29.09180067128455,31.986965113843425,11.172192665248652,18.6039430669656,36.43181636873377,39.516059629700806
32.45623230527631,35.243402259019405,7.902343470595862,37.53529519363262,36.020436234123736,15.879844512508157,-5.909973553205216,36.57309795066401,27.760413912334464,37.39063738970464,16.968748196495902,11.21254479029785,26.610976044912753,28.709393334982625,21.74903431015233,14.252797338354833,22.70147427056228,31.972968933645145,10.948123481094902,36.30335515507719,27.372711772257155,32.14205724666549,24.273952513495946,27.08285188695657,20.906585779074124,10.420226495655209,21.787140246785896,-10.62360124412731,25.35004207625741,16.862629942025656,13.267673730751655,29.739219171083423,37.583741538255005,27.213719673761105,24.230215385377896,31.148914239696214,23.22665209189834,20.88491774443778,26.79681111824387,30.650051905223975,27.79302720146118,28.025941506085026,31.393344350340147,31.83528228033835,21.575023383783826,13.86902360353744,30.82186445181475,29.69967017803745,16.577886684114738,27.5609954624503,31.471133196470404,22.893587922651758,37.00968058758286,9.078009930747195,34.2675208889702,28.680635497011277,31.18325216843797,37.3506959996963,-6.644580964526889,12.64854699905267,2.58731867702853,8.959296713194963,15.446863600870765,33.103545546574075,27.26566379928374,4.134492804599248,34.27487228467083,29.60581058387573,19.136734222615647,17.481210917816576,22.318860225941336,29.404214497134863,34.798463943786956,28.06598244714447,32.47781760905515,35.6699348477738,33.16949304151088,30.465209733149326,35.62027033969661,22.513305758850976,29.707304493781383,5.693936754224317,37.832077092534774,-9.121536883557615,34.873453730260266,15.570963524484407,-6.665900823490362,2.4316320883475218,3.9900114627840724,14.734567830575957,35.6262008960563,11.328126212477065,33.9680079586469,30.403158126164932,33.139092079517205,9.797279845844546,29.412461491345905,-9.217789921370114,32.73815157040884,36.10379923443869,8.556374130828141,25.925966453069883,34.605476417976455,14.736140328895493,36.349310530925855,18.588901176061004,29.416347351433284,21.26481151258736,-3.140680138649321,32.99358779321915,28.129401983997525,35.28074835670515,24.350068843168334,22.675525787612898,35.88379852135977,38.478660975348305,8.990069404331228,21.065498016747572,21.280572130997967,28.320132874597313,23.78781076146775,8.698497109287636,31.01153027995969,8.098977389282707,11.168207755989227,37.22510197424862,29.132135099895454,12.822849031908234,8.952283627338119,19.695121506336974,28.64279058749404,10.028674347760665,26.865171165029647,5.551292864968022,16.178126622463832,15.644546668217682,15.83279186416299,31.94162396120384,38.25256975491961,36.544064961869736,23.50239007435348,37.36810405631853,29.962559668437542,1.1802531417074535,32.02403951586765,-5.058016733900238,27.81510801624636,37.28862246639501,22.08483390329735,31.38585485819412,36.38861983530157,19.21301352884315,8.72416947034015,32.89030927783001,32.89649533542226,31.07209473443057,12.154275070936942,28.735663408959518,32.8272832133277,30.591410545845058,30.61172599947421,27.161183977725877,26.732004203233345,29.633574075713053,19.708382077072653,22.676296770534737,34.669990504060365,33.10818982454881,0.8900324137198323,32.26624395706938,32.819217015745565,17.394622665178805,24.062966595657926,35.54048303956099,23.692947644113804,36.58010642021011,33.3941848533994,4.743079009453153,36.543210995065195,15.428963163107415,36.04635486164438,33.702224004969246,20.720790423783402,21.34409542021973,16.745328988895345,38.80868257524089,33.59360065325232,15.54533968053465,11.86889340422418,17.883087447758676,13.284117015685984,9.205947385177922,32.78550548968768,36.72734238410277,26.887676322065825,28.520970535805613,10.511919085211412,16.78389906554436,33.64553480462667,35.29639658899411
34.012591690904785,37.66516716333777,8.309903335570354,39.32848505662401,38.35546514986519,16.6995303929965,-7.115745623211456,38.6624930216074,29.319142344863074,39.808329467273445,18.352773840300394,11.295445809970518,28.733101883953402,30.092286021765755,22.76132835513848,15.015242591140579,24.658457670234284,33.365384119002805,11.992149989669727,38.43790542608919,29.16722235437246,34.590634013066406,25.761594523721005,29.12110198842555,22.123104469999234,10.844633575595783,23.618090513656618,-11.403739396573783,27.624886261906887,17.983969888422045,14.06451290331119,32.40327610522953,39.97793606544552,28.350164493819836,24.76588975732891,33.407023915039865,24.903660367856535,21.514532294261723,28.953623370478443,33.19804226055486,28.755624674856747,29.771223680801917,33.25332849461358,33.09298656303932,23.22995993935047,14.528475040870157,32.96185290818977,32.09647620188269,18.018117293112685,29.611758888878274,33.82941847455216,24.384548654663888,39.70947282416174,9.136572758772632,35.68532765275777,30.26323615966831,32.41228181910564,39.81612726258139,-6.936339972215974,13.453104368283858,2.862284693486166,9.089178077443941,17.16713927195111,35.51284198723193,29.080313515906845,4.1525483762379904,37.07565384440773,31.710218732885895,19.87314647708462,17.56792572587246,22.704485301425766,31.290090032174856,37.514336463607144,30.144737510809964,34.27200454529223,37.83942752217451,34.71296599315198,31.384027483340954,38.44636706057622,24.26451784616018,32.23325411439418,5.333601670192385,39.62507383268822,-9.485551006560943,36.23628018670945,17.127946632987314,-7.156161289769798,2.439456262597262,4.075228739210699,15.311434417851862,37.93743094782905,11.434862996536511,35.89136047150567,32.68557424522798,35.01680579030096,10.460118043125327,31.015595784869927,-9.625584330947161,35.22260565321352,38.50089279845323,9.074691203725042,27.303543269792826,36.79824036073205,15.014892353607591,38.49033182529973,20.05445076386239,31.740078080486256,22.932803025418085,-4.212067434774782,34.82369208400986,30.181164172555125,37.09336828852094,26.427635223837573,24.047878711426883,38.11230116945967,40.7299046014914,9.444262287809726,21.90614115931258,22.078807303961728,30.649238389549637,25.87143617898261,8.858554765353649,32.20819949380394,8.57742663720806,11.875942236445896,39.68794215996532,31.396275214868414,13.058248770067808,9.268235470717187,20.78630167772622,29.64546489514253,10.264674876221775,28.618498536403795,5.983746320460697,17.715756442482153,16.223600173431546,16.51613255600544,33.67666406500073,39.94592662720547,39.14381182642373,24.559353699409826,39.246346264513754,31.969069012210344,0.720083717547756,34.454720763044755,-5.389774141496958,29.904357665312826,39.62796822067384,23.789969069027048,33.309146289307066,38.72730219008299,20.490347209577607,8.525225317212414,34.362812355141024,34.421819855421425,32.57332792317719,12.485629781575678,30.97365427657193,34.13184686156406,32.327386043739125,32.49833624895257,28.486630673785225,28.41123267486418,31.396652093155648,21.242708426768655,23.593745569770455,36.39854286796854,35.27115188220083,0.9579501919222472,34.373303306444335,34.069325544108466,19.1904721527838,25.65801217330592,37.91284801358782,25.714867909874357,38.31990682709235,35.64313957042911,4.862490648760191,38.98057570775485,16.558803870994034,37.60476526170454,36.35772235179721,22.5875816952317,21.9778805182578,17.952853379427467,40.660481755692565,34.67728868655197,16.183033779246266,12.722694552952255,18.976472561811143,13.734915920405696,9.41388859774,34.492437812974046,38.68284218949535,27.900392930514194,30.564128788832136,11.003782981246353,17.907031041722313,34.95773296752292,37.80719612778982
35.85794535756242,39.56473320840216,9.13298368787202,41.54823233075565,41.0066599407093,17.763632893146713,-7.749027900081662,41.346962684177726,30.948436735593795,42.07658352918069,19.959231360589495,11.789689993572784,30.282003540311106,31.806713164236946,23.731551832138702,15.583142282764602,26.083223007712004,35.56133812844574,12.499810674081878,40.24492471719486,30.76434634743303,36.35564601369262,27.735755823122805,30.635221625381934,23.405730388533815,11.590458635735908,24.699550591854713,-12.72030547701394,29.524134909532282,18.822901752216996,14.583522348317002,34.332226091969005,42.319268321671764,29.645720950751667,26.193892505226714,35.60909975737527,26.05193658664169,22.625742073577538,31.211416070088212,35.179780744420285,30.743727165233597,31.28574761281853,35.22838624669976,34.83769660535146,24.917897833328187,15.848239812739706,35.48322876184203,33.89344001906946,18.87751318939153,31.582201837713146,36.00645223703947,25.486161367057274,41.81356353838293,10.132975227149684,37.51374931146963,32.15814404779967,34.380827008336716,42.40260361411697,-7.654946029909402,13.779074488251617,2.8694811964412255,9.584370940226785,17.706150533660942,37.796907398703155,30.50861565667144,4.216347101311538,39.20843905809678,33.31526709537077,21.10145854404342,18.528890536020132,23.84044177897768,32.959514968321336,39.578905071072384,31.772878172163814,36.4555304427952,40.086522240182134,36.66152222504856,33.272448558067744,40.72009539557859,25.389122257810133,33.88843069516162,5.577997730129774,42.19239120157509,-10.455902673672885,38.40217361833724,17.448309583751744,-7.764835548025716,3.016558490748603,4.513023117827235,16.532077303018983,39.873115809772926,11.96355444395104,38.47920397544867,34.332267434460306,37.5396212253855,11.138010663402337,32.764765927662594,-10.569947215360532,37.53482384967012,41.176344736296606,9.30316456171144,28.565979126291655,39.55423607022899,15.540553173480113,40.75978003066431,21.309293191253033,33.76573217697327,23.698007037096378,-4.832109443120459,36.938998418211156,31.514771042549537,39.364960886184384,27.64121254259628,25.496276991801352,40.582538733462485,43.438907244842504,10.365362874348621,22.878864764831967,23.196926242789566,32.571611181614486,26.81304578579078,9.843743527464186,33.97916328597431,9.15042894683847,12.952617778377304,42.30589609829585,32.902043784874564,13.60070804968768,9.752644937537598,22.22254875738626,30.973824547127094,10.197577093803261,30.75246058628461,6.3481433467594846,18.716648664499015,16.856797904897366,17.322005049970308,35.464137266836666,42.53099272311065,41.242713982422075,26.194413707208724,41.49117265732455,34.13996265728196,0.28640018307092147,36.67545893192807,-6.278236015621146,31.86261728368853,41.9627333170225,25.54392783769808,35.480346783877465,41.05737408396133,21.62553851493459,8.77049086307554,36.86369665355849,36.45929519085726,34.30474272952062,13.316402292435049,32.55494296177022,36.59674056429336,34.59856882252262,34.91765951376925,30.377473204454034,30.023653909217,33.76069621728009,22.55462565000195,25.065595571361424,38.40144196022331,37.22330666501393,0.6530527258869947,36.57869548985648,36.110368054299066,20.20515144968426,27.39439064630879,40.10195948209273,27.06100609248478,41.03301289831703,38.16913650101365,4.434067925051755,41.64954333597066,17.470985854655112,39.54833183025198,38.4029709616593,23.758114358051497,23.78482668697895,19.283364189729408,43.081210191881745,36.924688671543606,16.965191058052525,13.963546725733517,19.855054936699787,14.356377854167821,10.412167760849293,36.63362377346462,41.091555089328565,29.507808766688473,32.36523137526132,11.211165645765357,19.27228450587696,37.2903656441776,40.34567150451887
33.7136650452098,37.37402153097633,8.228682917764944,39.13960791166204,38.08926440471895,16.470558008570283,-6.805249956969225,38.464899397099536,29.01266717104109,39.38725306258963,18.006055539047278,11.53656079761726,28.465887436381873,29.92570071010454,22.506197981624833,14.408155245316955,24.162434995005178,33.42650331675251,11.592715046424008,38.08386439396982,28.956363512992837,33.975049329356956,25.575367365521636,28.86386568747351,22.139680675184128,10.61062630555951,23.0077974631594,-11.67727406462888,27.19822364219425,17.928069283356283,13.677843819258719,31.928682669059118,39.56537873295065,28.101809052851124,24.650514532203495,33.11885881863842,24.62142591976087,21.181738689599705,28.726173188414386,32.85797838733706,28.543435380297424,29.660133095047822,32.94991799499478,32.950874764459904,23.061464265978433,14.424326436055114,32.81585397952464,31.683511940073856,17.541691288866694,29.51747118775376,33.488179386897336,24.237261169017003,39.1581649828077,9.21865604941027,35.49521977250128,29.74177290393159,32.34363827428646,39.51883758207977,-6.9017614720931135,13.212395414474345,2.591590125160814,9.172146097908229,16.24352843168044,35.17211283178617,28.99391478393888,4.3886649595369,36.572717094066995,31.489751341563387,19.965031507298043,17.506782652223716,22.85453397974528,30.99887674080153,36.860042459661656,29.747098057423766,34.121752857688755,37.56853260518658,34.569315504968344,31.504453584548678,37.85369840940681,24.137830486974387,31.721867329095815,5.4175235114355695,39.55591308480533,-9.469229342554573,36.19254883157613,16.427550055591247,-6.987014565538844,2.420598520513427,4.133671233632696,15.096947036852685,37.580262662306424,11.52810148485182,35.788738012126444,32.0325492887145,34.934344315958406,10.203045847263528,31.073495770780745,-9.513590523247624,34.89761135008414,38.21250811398609,8.76235619528515,27.15322546789661,36.584932867425174,14.963643346243154,38.221459291485495,19.949541169489237,31.322579826418114,22.318217806453934,-4.1075855013601,34.694867976231166,29.824321060936686,36.91703562205778,26.047554545132435,23.80251694867027,37.77845622000908,40.545834022666064,9.123232123762842,21.704554950097446,21.76119887148365,30.256165707640566,24.998309478756322,8.831266893560553,32.20707496271665,8.553905528474708,11.680716130332453,39.41685538732583,30.617344438163652,12.705496490409686,9.023973823232131,20.676542696491886,29.563319293781678,10.09905599419466,28.310688707788387,5.882988538653557,17.027748315623676,16.175528076857216,16.26372252271937,33.48155220704753,39.89523797376223,38.6082089025189,24.367190080612467,38.99534115438351,31.93122090790169,0.6739394339781114,34.067390481117286,-5.363316954579775,29.632836154386727,39.099938384705574,23.840194606832267,32.986352008100965,38.52934188439369,20.06916144876333,8.709694173677953,34.383045858227625,34.10480455003228,32.41066365392728,12.457682017151528,30.257790258190067,34.116077495595846,32.183360214685656,32.41103604016369,28.607398545917913,28.11002741091813,31.172823512419356,20.911144385687827,23.816903028014654,36.151927651088215,35.02107092199023,0.8729006441192881,34.079305917921154,34.02614445464972,18.392312806478987,25.537478928662743,37.52632837496524,25.31288437843243,38.16843427761698,35.36513451670021,4.691273562893268,38.77250614176981,16.492390544955352,37.44130377026668,35.75331652915272,22.121751818781032,22.05481026216765,17.586709911314973,40.54913621036607,34.63988486757787,16.13524315313034,12.472484594538418,18.912621089675945,13.711725720273893,9.412127618089333,34.418660298493336,38.468777469177894,27.91763804711613,30.445831308414995,10.694022885930398,17.65859822727516,34.87603715732393,37.47825722088833
32.77604002057676,35.188239537289704,7.688931858024388,37.90348761657881,35.835561888026305,15.942872008212648,-5.431908713472587,36.737819430144974,28.024208289280097,37.34635140316631,16.79554743707716,11.762770670964825,26.105444624984184,29.04497592412597,21.85474065831554,14.705738231790342,22.249941464246707,32.15242863478582,10.803181091883031,36.53162058041492,27.20551365723231,32.16610357679348,24.256106635327853,26.870041491523665,20.76090113791515,10.446685298767036,21.79813211663285,-10.126366972499742,24.86301028777116,16.81842469912416,13.371207156876917,29.33476610915332,37.770862640024006,27.595903473937422,24.729974656792095,30.8092230142972,23.056985289404434,21.644575054588028,26.386329841946953,30.213862038418643,28.321809282355993,27.80616447683053,31.512257825062438,32.310114299461404,21.150879624142142,14.014728530302886,30.52149769004297,29.312957526682993,16.619123712351826,27.063346500720144,31.00721527878845,22.855611314012894,36.88106337997749,9.16339569473648,34.69678515464197,28.980185524152677,31.621436048111367,37.20770822148018,-6.548042532433011,12.872159201584472,2.652316076861979,9.12202822362794,15.393481206137372,32.8797081458014,27.014458871206493,4.359505415311743,33.89525510949912,29.37498555243515,19.40686043499276,18.226216012840812,22.88276705461958,29.44822935601001,34.568948790582695,27.819297029222113,32.510192582146914,35.690684968903,33.394460992436116,30.911558101609867,35.388525827821766,22.096638125678723,29.499284534051718,5.990124296645788,38.121543690128675,-8.991292036701465,35.335073430427514,15.56565804396354,-6.7137270298918645,2.4749781261423003,4.083026071254442,14.731816335071889,35.51102212088386,11.856123432154929,33.83252084992443,30.460755402535174,33.11557822090568,9.657354350799462,29.27655635086538,-9.168455514403577,32.44016059556007,36.068780234736565,8.891442791341603,26.245419618224812,34.49500713280603,15.277710727904271,36.29955045394553,18.26963880827562,29.060116438940355,21.309670442812077,-2.347971969422335,33.056806173607505,27.918437003357045,35.41513484262744,23.97722597123231,22.57016667542452,35.81194464568077,38.39885149670452,9.213722255209243,21.298114373879546,21.78376753339508,27.960424027205807,23.855514265596256,9.014755483856323,31.281780764937835,7.994993626540821,11.311034784510928,37.03434223064845,29.23406674395603,13.52000870215504,8.969604501795368,19.729425651892345,29.068571831686768,10.63105613526696,26.725178510909426,5.465204050090059,16.269405737362653,15.804034777300384,15.926041592331988,32.11881355073269,38.639208590225124,36.417670040271055,23.94610484321015,37.58636849698957,29.830144065487538,1.837510566488267,31.72318195515198,-4.873503946532753,27.40751733430021,37.501772758875155,21.487233944718817,31.48333834154876,36.18958214302659,19.45358317773253,9.319565660823297,33.08508962619756,33.158299847820444,31.190488892173885,12.363399980976773,28.84894045092515,33.274770884112456,30.424836029374152,30.47723272913346,27.104888832249372,26.726816033831557,29.54264906856953,19.369339015235788,22.963970552025852,34.93092829515408,33.0617927360337,1.2157564635788967,32.229862748876485,33.143940188696554,17.31298248947635,23.815206034890565,35.42718916816676,23.442242000675318,36.89544247684817,33.33884554127175,5.162791133132234,36.30556845001841,15.193252026378515,36.45053577149596,33.38867806449323,20.47705899211647,21.64627671544959,16.670466798410644,39.080187747326,34.128129707225185,15.630661510844295,11.807518358432839,17.796772330555193,13.572558642130849,9.379710042437647,33.02785358658077,36.76623876486096,27.186399503821193,28.25453029403832,10.733466709762396,16.784537182243117,34.073587583918545,35.00285127986679
34.97048468308709,38.60712921848637,8.636610498405037,40.53651608493531,39.43480126954529,17.279650190701233,-7.073007351564672,39.803234930052106,30.049643828490385,40.797978636950624,18.740941629292738,11.78402292482487,29.35144928518143,30.93165698120415,23.413182036415748,15.143564375248568,25.13006625638365,34.572996380168554,12.118274209625941,39.376595833453955,29.98844431244235,35.21238126995782,26.497291588781817,29.806633345194083,22.81129051532969,11.1225621764292,23.920565090336932,-11.995667654793706,28.186108659959274,18.405911711903425,14.39760770443794,33.01715654272614,40.9630006125503,29.217765827774045,25.6719069526441,34.2962952981294,25.492629566797685,22.04983111538223,29.70626057457492,33.93958824113171,29.694812219070407,30.646082912225268,34.109719724029894,34.164088054350195,23.833037682647177,14.998925147798657,33.94203934333381,32.7927077032898,18.20504341401936,30.47671915198003,34.6986592977488,24.961042774548787,40.607864136514145,9.71614814939613,36.82654405369888,30.97716461693435,33.54550865180684,40.90251548232013,-7.236165596300842,13.656635927921826,2.7863583602557007,9.555611382323624,17.08516862414785,36.37313391028375,29.867886997958657,4.4047091776933955,37.85621162781013,32.47032601496156,20.679810572043685,18.27681703261922,23.64262713378769,32.03881881547152,38.2611605466367,30.835525182652546,35.355666308143924,38.9491947819739,35.81190135016401,32.641161366538675,39.21962361810771,24.905835967339403,32.81014723630549,5.609228564593567,40.93665877871363,-9.86989216167019,37.46904936381668,17.148507768078467,-7.257205391246892,2.6437357640865153,4.223371469438447,15.730596923868497,38.93910748878354,11.846147934115516,37.0520980701006,33.269883356699246,36.137519707623994,10.723179081342256,32.0501648125291,-10.01924828009793,36.116317434656885,39.52693558106719,9.116888460690562,28.073772490199477,37.876532669175766,15.516573817678156,39.57739234094611,20.56665013661454,32.44814763252098,23.2301340909496,-4.213889730498078,35.927659944821805,30.8739832511247,38.255498599860836,26.922752736796127,24.68057669164844,39.19560253952388,41.974647620856565,9.667421452180122,22.550397562928215,22.71158293921141,31.33733866718932,26.108357904789155,9.218661297512911,33.380166197428174,8.781245527606218,12.173684656836459,40.82079950206536,31.836524956920353,13.322752157774255,9.564157971167969,21.392010425423788,30.64998700045034,10.468604698244528,29.45549667122593,6.229630346633924,17.822310043350377,16.765464349597924,16.993314977208332,34.66256290914912,41.298111657476674,40.034700585208654,25.306491402649204,40.40434000416766,32.904670786116775,0.7134840127964416,35.29618453129928,-5.700321815363407,30.681291141708133,40.576466760046195,24.589167065710743,34.25215654430833,39.856927225490104,20.854331774245075,8.976014734763057,35.57915089805298,35.45103340099741,33.629209613806744,12.896726530353206,31.489622953320488,35.33749724410798,33.39056154255059,33.499892514604305,29.56774475452883,29.14166946313595,32.37148443836858,21.730237759420923,24.536794959969928,37.53882365008107,36.19157531944351,0.9369810897885675,35.30755328584185,35.261500736163164,19.241140270584673,26.394868541217022,38.90738773701551,26.216139274750944,39.56539676694845,36.58019291231234,4.772098379072618,40.100068908889256,17.022894553697277,38.795337837783464,37.12466789604625,22.93226474723898,22.845382000594284,18.287797961249378,41.973736393686444,35.94443380155497,16.696470796674472,13.03936472840874,19.45867488180999,14.167548785177491,9.828078384623447,35.535266649433105,39.88634128460223,28.87744813779352,31.47940909617631,11.25130629698859,18.325171896020326,36.166148914021925,38.81828708848047
34.716686109118854,38.296864606412484,8.57927594738865,40.184662840307055,39.18757247902883,17.118448723958178,-7.058214161565643,39.52848204612278,29.798441227105897,40.488160036702176,18.618869979618555,11.6616279428033,29.204918406326524,30.7117415492314,23.08624445927149,15.159714937820599,25.02131281358049,34.30100191814913,12.080966030795585,39.06548205356689,29.65435562294531,35.11032229058266,26.23880230939793,29.643649136745623,22.679486480597244,11.243510904579093,23.744355326962815,-11.825411178940204,28.030615865245274,18.259802150360077,14.296280336485587,32.853251073363154,40.66150505627856,28.931877967241814,25.47499856160878,34.03391677872324,25.327907068210898,21.95752032037692,29.524499611705327,33.69288116024446,29.54007968545964,30.42097054132193,33.75473924999512,33.89330290214801,23.760012881310242,14.800579137681892,33.691540891418164,32.55985254241228,18.151727925961648,30.187674353867976,34.430722598771275,24.853783855943952,40.34067662626013,9.689267526260949,36.531252874971216,30.826078730298903,33.29520146452227,40.60440382012443,-7.31836657299887,13.591537626481532,2.7129648647445426,9.420888345820703,17.09351609564457,36.11789549982537,29.657456045971845,4.340656782269095,37.59061553481629,32.28026804199759,20.430013205287715,18.162430502760753,23.352979114284842,31.79516025361785,38.05754984963441,30.68955720220188,35.11372876541253,38.61715419743171,35.562257993001595,32.276498211223085,38.970641906425584,24.695949073574486,32.60939264588845,5.503676058063868,40.59091181258487,-9.997196039479103,37.14374397607732,17.05053001999288,-7.306909690339777,2.6599847277296833,4.163173851047534,15.898475121083557,38.64424958501347,11.754682624670815,36.799767679835654,33.01268344078351,35.82527751412394,10.706260480466852,31.816757340116073,-10.030255160715157,35.87896729143348,39.29751897641901,8.954881898861233,27.738098566038108,37.648125967333556,15.348076078274635,39.32952096337491,20.36909201562993,32.231843397461134,23.116679456548553,-4.1978719777038,35.62382230799669,30.663918443095877,37.99989276500417,26.666495378084708,24.512316262944392,38.92475439822746,41.63082817945282,9.682587640502069,22.361390532617072,22.51819259509539,31.162634630818264,26.027888937146262,9.175486460129402,33.107619003682814,8.68483334620766,12.11228201251329,40.53958475551088,31.790953194683723,13.267821994278806,9.37688321922831,21.201872752215465,30.296136519746337,10.403079579333802,29.30301680981052,6.087499239810058,17.798898498832916,16.45558533366753,16.88989822779847,34.43339301410242,40.94252310798845,39.764718202345925,25.16775165978671,40.16497994909825,32.631195476071,0.7753559299190385,35.08840749648721,-5.696373193777333,30.481804712710048,40.28308217190236,24.387468907147216,34.0311153599117,39.5294047560794,20.754535901479795,8.806990397237485,35.28550916084608,35.203097570464934,33.35646662038544,12.944540113125576,31.41582890593421,35.06820953974215,33.172024660745485,33.25164630832429,29.321464208375403,28.94046614513362,32.14010457567715,21.598238293475806,24.245498052905685,37.17943319036701,35.87847150674817,0.8345205820082477,35.03708951727452,34.95268774659197,19.214107156818176,26.22272325954733,38.613661363475686,25.9889149838919,39.28783391385132,36.37787565016627,4.774917412686234,39.83096217660468,16.89768994503063,38.46058138486213,36.871666384437226,22.83192222939648,22.710560726245475,18.215908579912444,41.57733812536745,35.64787279110089,16.569469232164856,13.025516268900127,19.211648630807446,13.915295438271842,9.659760788062348,35.26099097953821,39.59581200454718,28.612866765027217,31.166679317884434,11.086676209051626,18.231643078520307,35.877323223697346,38.50925565698619
31.721953703900795,35.117394508410904,8.016385118646806,36.982262790534854,36.04649503733107,15.687507933539115,-6.4096340060150245,36.356902789456875,27.25430460125298,37.10901407598988,16.94826446701117,10.961816617691278,26.874107717706863,28.234723253230403,21.041349533427653,13.338524733643782,22.72754468595345,31.775697493685115,10.593058234091595,35.79822782604634,27.29615351143165,31.817091936397457,24.09749067246722,27.205436133963712,21.00936442583851,10.305296282957576,21.37076736068437,-11.303616139202546,25.583636111347822,16.875132875427514,13.055979252936469,29.99387752089631,37.151845657068606,26.459685688204804,23.478399207121292,31.320332212135696,23.151184728039695,19.847201771282904,27.198345648463253,30.926200552096713,27.028030421701082,28.12762819850409,30.934441438216258,31.25035864462661,21.925963054227804,13.655828593430988,31.08236394994019,29.914595799516064,16.338418905777267,27.99083125366892,31.739373397764957,22.718396476118585,36.814762304550456,8.903607606035076,33.58359890914759,28.015017864359866,30.677404704648936,37.37839049835895,-6.642704301478163,12.375865097304361,2.306309486359864,8.601010781953557,14.934132898707132,33.17002703402089,27.41088425842462,3.9312317411611923,34.43515730414203,29.710054195489878,18.845618475117735,16.541188054407968,21.673330824765326,29.065487238931883,34.633906704378404,28.10604048954278,32.30811927101736,35.48142976906668,32.71132441719382,29.861259271436737,35.54647687231633,22.80062892912313,29.72940432097683,5.2980309552972225,37.44376960162801,-9.140287736891406,34.31761756990139,15.093277645282068,-6.605337714840956,2.22433159795546,3.762829334679822,14.492123554500575,35.42710555345124,10.954005657302131,33.94006595805961,29.96495517204133,33.09869949823928,9.877290436454999,29.515671878007236,-9.24579750033354,32.91922855307371,36.09841884544845,8.133793069220133,25.34778286524525,34.63217586422724,14.032855404457617,36.16014843784348,18.905414400872516,29.53141345566401,20.76037257758675,-3.915431372496134,32.78341422914267,28.014230045086887,34.93116715932432,24.51227083404613,22.573424398808065,35.77522911855046,38.36207357765622,8.59259724086957,20.59360971291295,20.37076464733393,28.492127824455217,23.23761816372098,8.595990318071081,30.538679286061644,8.129290232849609,10.993422857391888,37.268069816983626,28.600027035837865,11.843035106164777,8.425387383359212,19.57786344846934,27.970866461165404,9.379279090307103,26.881564140128628,5.794537986960212,15.784249987054777,15.235630740217022,15.499444035539643,31.59143771686639,37.73147153013418,36.26302397891571,22.98246683526668,36.832925191425616,30.211162746358124,0.4753484270312425,32.21001243453755,-5.19298811251567,28.060773339839336,36.73202733979586,22.734357969167643,31.253403009088746,36.44488021336193,18.65692550229615,8.339740374919785,32.63643206954033,32.21207424177921,30.84062808214192,11.999093780531036,28.33498951630332,32.37991924107782,30.62914330235475,30.72421913514786,27.305516892010065,26.434210551753488,29.56371978756625,19.625271258654404,22.4471343319811,34.16456600512878,32.97396544929442,0.6863025093804409,32.26865336491029,32.25284478268274,16.971902875139303,24.199879437975888,35.423659368530906,23.695193998643155,36.091559551040625,33.400591808452226,4.167704995025547,36.66243690590272,15.702262960596055,35.38281470950716,33.622015711479825,20.767250302431375,20.993456927717265,16.573395360157498,38.38027276534104,32.87861278291879,15.166568473245365,11.737238506111778,17.6937427841579,12.830580124479205,8.779684767575635,32.44075332645836,36.39543950710788,26.423735085080867,28.715317352181476,10.092957423372267,16.57590040107872,33.10534190855156,35.4501944723863
33.57996082921758,36.82254502928627,8.27980712936711,38.92414359641367,37.741120418309706,16.51829670242586,-6.567291153454409,38.12682340891707,28.827240986092626,39.02102205956927,17.852407427352254,11.293058026844555,27.98055655655646,29.70299850706066,22.34157573306906,14.611475563250552,23.978673284816622,33.16041672402406,11.451939991322618,37.718777242398446,28.571735584442497,33.65340558591148,25.39596026285615,28.40532893753307,21.71839567990004,10.821193091184327,22.845727640354593,-11.358186466621069,26.82504739838974,17.648224106517194,13.644400052131703,31.386102195611244,39.173304887477784,28.07254422662958,24.81368751668271,32.7575016948477,24.239424959708217,21.335906125179417,28.329028980613167,32.29761966266229,28.65435332829627,29.230310445348792,32.70616983200344,32.88326395741572,22.731721207270617,14.48733799219584,32.39344086637444,31.258580502867254,17.386350205704098,29.029477218865335,33.14111527642465,23.87715232497243,38.75189734725134,9.374308642626158,35.36822167470096,29.787152026657864,32.22132977379604,39.13710914403165,-6.959637369004995,13.076422430597384,2.6463020949936866,9.168555230495553,16.281112058431333,34.73306524495859,28.46278248922062,4.151580604611714,36.07818956677317,30.991454879286085,19.731247111144956,17.710724650603897,22.773468158693884,30.68040836654181,36.50757895020198,29.386629807442368,33.855318092125046,37.17200100952365,34.381124334573556,31.31520150138778,37.43439048447724,23.622356306253014,31.21288332005672,5.580749226558785,39.27004253245956,-9.564589504182166,35.98888058980873,16.251255042415806,-7.049817477840927,2.5186172990579534,4.057699115001973,15.322024104350586,37.13520775331424,11.538055269681387,35.49772596899674,31.774642252376673,34.6113009412469,10.304481106303172,30.580303792594826,-9.64019239234354,34.435946210445785,37.836704120577735,8.687702606679695,26.78240250378949,36.27724503833941,14.893564496795273,37.90669840335248,19.57437246312899,30.98624373996505,22.165250985059163,-3.7808426934408232,34.30456272556401,29.361127170547586,36.644973159285954,25.613630332439072,23.61924092845007,37.53002343892352,40.17502304604151,9.325775040068123,21.64838099551696,21.82204199231371,29.81550704123085,24.888646663241605,8.959198079983693,32.01296841041946,8.437653171720095,11.727621394555122,38.994697895723014,30.456596814101413,12.90941725883781,9.270400695514077,20.438215115833227,29.436346750547713,10.063089195827748,28.12774862562091,5.792646619964721,17.008827569804,16.069640987323695,16.345893225425474,33.165280654167965,39.65064168084944,38.21146553046219,24.370289904879872,38.773474841121164,31.398411175815614,0.8162020757892976,33.69630517306952,-5.468299448688096,29.254174467835156,38.86659383095172,23.345621148115747,32.768943196007825,38.068684305232075,19.96758479218344,8.692909577608702,34.1965739563673,34.059321686075535,32.184856431695046,12.417634257943371,30.070371154192358,33.97047754387513,31.96667497716486,32.02272938209149,28.214138998484547,27.91618020488624,30.95976764109154,20.70025981378065,23.433500122637106,35.94613845676985,34.57117404922191,0.8378550593157585,33.76697701278421,33.922028814055835,18.336029286622285,25.183577052612403,37.15420130658186,24.936056508921865,37.996925308723974,35.001539703242926,4.678722450350996,38.306472686198504,16.164402385968536,37.2728996400073,35.39368488686595,21.821993025120385,21.989758186302588,17.586620051190298,40.255218018607295,34.61643050173321,16.028334538018946,12.514951379849514,18.527136078241515,13.544297753069621,9.501847051927585,34.05666297349807,38.167259461570445,27.722290151145305,29.942336004398165,10.763301358817683,17.57619279842859,34.83149035271251,37.06066496542333
37.19424065339674,40.92862226391829,9.095411811632413,42.96182730495304,41.66904813071982,18.218688640037346,-7.6351787188110745,42.1729472212128,31.87395131174712,43.18866590522249,19.824554280108725,12.431715858715583,30.99335067127521,32.85358729078457,24.681316157542334,16.30512034788183,26.561489688711266,36.563137796078585,12.703243656601245,41.742582656207055,31.664617556477218,37.34898395466712,28.02060688619548,31.377533088549242,24.105937609191347,11.714069760813327,25.38853739040941,-12.533410161178692,29.74147761699546,19.447689416334708,15.202780627977576,34.821738122024634,43.49179738678525,30.92914972979592,27.299191117150862,36.173899731895816,26.837225954094336,23.656425692634606,31.35336632611175,35.81325417157994,31.622008084929547,32.29318630291173,36.20825129938217,36.222979204535115,25.030147771235324,15.853619154973222,35.82111172582709,34.68689284804152,19.344223177990028,32.08807260056874,36.610059782491575,26.35662243555495,42.97084351869286,10.13235786669582,39.1110489583265,32.97867019214658,35.5650737026619,43.23844251094841,-7.539950332046724,14.479682031185883,2.991377185144402,10.019189872199387,18.174159932173204,38.49077029321779,31.45216601344729,4.525282559610999,39.948747411289276,34.29695473784933,21.87176602746112,19.465498182334855,25.123681800875186,33.9172286237057,40.45375668204878,32.56861151644978,37.3384075328471,41.15856812173723,37.9594864716698,34.65665294428089,41.519005702414006,26.07473306494141,34.67222056979052,5.9602611449037735,43.37320795844374,-10.531605157214083,39.769034405124934,18.28324834686881,-7.825114206284366,2.6229198836977425,4.583978415334581,16.699369292169052,41.10570016364474,12.645948487776698,39.151631157448435,35.27001453859299,38.248757303722314,11.270881919779187,33.852770673077146,-10.62805232099729,38.08649887505278,41.849785054773726,9.683170297218481,29.80225359598286,40.076301541585885,16.675947983004377,41.84259061825599,21.622108416848313,34.3367369519862,24.62895637384324,-4.386499557227591,37.960010667474485,32.49778313483728,40.524509442054686,28.40154444455244,26.1663661338114,41.44046805630476,44.43216791883534,10.349856555394778,23.821726737640233,24.173263361799926,32.995632478361344,27.71970159756746,9.821710123944815,35.31829025515197,9.269265789684027,12.95692430169298,43.13369215913641,33.84534507830605,14.34875928897353,10.10507117372829,22.549769170232345,32.559779501429794,11.115660612101589,31.087182660038355,6.392969555822677,18.879074384569666,17.59041592761452,17.963088784322217,36.725741476510564,43.82301090102629,42.380591626339296,26.860243097909677,42.877274327345745,34.7192429946791,0.8441122616759595,37.22287912074863,-6.077464456195002,32.31477386588862,43.09852315887778,25.778845117903426,36.218548712032465,42.14704663597224,22.244241672937374,9.458807998401092,37.74175127009824,37.673405197508174,35.50697198714751,13.693561874600547,33.435616216358454,37.48639336511523,35.24034708030729,35.40042148663732,31.158925214933053,30.832423945723406,34.092889413709806,22.967538608350885,26.076746980307394,39.78304269303123,38.280205663413895,0.9576795253163362,37.36853532056249,37.38663150937448,20.462053328170214,27.843577528749478,41.10670708669642,27.654651679030284,41.95884915793124,38.745119722062576,5.101993225343358,42.321106647176876,17.857847157558915,41.18044777588059,39.23605808754336,24.177974621112643,24.389472049580966,19.413773730621223,44.44191812444894,38.18422030115825,17.46877452172434,13.743072764739706,20.469043137345555,15.073345042142419,10.37329130243279,37.70951905693383,42.21638764385126,30.654075453605056,33.10968446731975,11.917247826309922,19.380141735636922,38.45066096189125,40.99468105873785
35.01735850021093,38.831839985146374,8.628149030042843,40.5002106098941,39.805512061766784,17.172143422344963,-7.436502580197713,40.08369566832887,30.077756837296697,41.046985775722604,19.033938468571517,11.511363026743009,29.723890952599834,30.951527858009985,23.131120531373625,15.132096881929156,25.542899426868622,34.53260945978182,12.087883247419683,39.468140697067234,30.133162157131732,35.563553533526715,26.626517398782028,29.927812941721406,22.8424581521936,11.12480612278045,24.100302181070912,-12.268790740580338,28.663851191843193,18.552723489463187,14.37752181271813,33.43768631215199,41.22017191484413,28.909880531239562,25.446804495384892,34.72172295511804,25.599665294536535,21.927963482677242,30.209255054647222,34.41425002333522,29.669813792298275,30.719612736973424,34.19021785925371,34.054119593543064,24.121446434395448,15.073852550439844,34.35048125480234,33.23245276691609,18.304197692645708,30.923248077955698,35.18697118242206,25.077352343344383,40.93900277428285,9.582647462238361,36.72448086092527,31.178619324164927,33.42067365502304,41.301127058075735,-7.26978564364287,13.641231656244127,2.7895899511699342,9.224653034788428,17.35123031776247,36.76162021486179,29.951258879623136,4.310028143094108,38.34550547580328,32.628225282077615,20.40968169824099,17.86828995402725,23.25190546948561,32.17093020426247,38.654519732475656,31.204784085367915,35.56880662072715,39.0586154002539,35.89419959367011,32.42117346269027,39.713445315306764,24.99225449093919,33.15378013660701,5.234469199034368,40.9738692891774,-10.05481610855778,37.37102885600271,17.225334560839674,-7.430468700853339,2.4704843059654498,4.2569772235908445,15.874060045276392,39.12164632809528,11.70327650236364,37.319226504875665,33.48821384467601,36.37510998598327,10.651938216491024,32.15891361657049,-10.196553507110677,36.51623945662156,39.92000628100101,8.97031266476119,28.07979680627572,38.299461096081394,15.325389480799481,39.75863922818348,20.848210457961994,32.91988710430227,23.293872642595108,-4.668652525000432,35.936153299903516,30.941393620341763,38.4083577905559,27.229522565503785,24.895524585627015,39.505587093080095,42.304761088711984,9.761231245236829,22.331844439679085,22.54410995126115,31.758295430104354,26.288979078821214,9.136728462320525,33.215856239386795,8.850145520152191,12.29383633956707,41.195781067712076,32.13783926647995,13.12650959932604,9.349052330662161,21.394211111136556,30.441121436529475,10.181940036837062,29.68089166369323,6.20599532488087,18.02795980491832,16.434885857938745,16.885144938463636,34.68914186895326,41.36781037333221,40.334216959241445,25.27536211036852,40.516564883127714,33.20705578548856,0.3371844124276416,35.74818923606774,-5.879129954544811,31.02854110553546,40.83810150711768,24.98995207437876,34.47080586774376,40.133718265702285,20.879987829533317,8.573689921290123,35.76606714946489,35.5893620603298,33.6030963037921,12.861457467760003,31.764294418340512,35.37404553721313,33.669505832909934,33.769254893059106,29.61700199214368,29.28427066961387,32.56124042460611,22.025559446851346,24.468388661180988,37.623851323039155,36.3798229047199,0.8799529708544621,35.63913411318019,35.25547768750244,19.541621379353483,26.626760165565127,39.161159685799205,26.51366194851449,39.667795696496036,36.97478434670535,4.617263416065625,40.461610999424785,17.079917970587395,38.78200380806538,37.5615320488583,23.187568404195773,22.95025175728693,18.505534432486666,42.0282525743801,35.85091432285595,16.49376473409591,13.133746504611965,19.244469384781375,13.799834598435487,9.674737804981445,35.58557609279626,40.03588930250923,28.867509494408026,31.678337610373827,11.081564389334257,18.295251866482566,36.2366118047827,39.250665350768834
33.62159437185057,37.22908364920408,8.240055393230106,39.156277778939966,38.10632989288211,16.61027193628328,-6.751260739759498,38.416871124933536,28.891394331167817,39.37031823111362,17.918491736163343,11.498172397858264,28.465111327209975,29.877420719680924,22.393296141254236,14.307998471087505,24.120395840712895,33.479177035947785,11.312418639120612,37.97630176810239,28.816741939704112,33.8726452580446,25.526026212694667,28.75391924318851,22.019110207283386,10.900164883289298,22.773116087793657,-11.741618881079827,27.122292872129254,17.953578144983673,13.59918913788739,31.793604078162684,39.42481799450549,28.071284121717124,24.785129552424724,33.17519678604726,24.462891740763506,21.169108590488076,28.723176096999335,32.77901126768237,28.6038875001621,29.633501928571718,32.78291594452929,33.017256163578224,23.102582484707774,14.457791404818655,32.80202119372172,31.65234277810672,17.340476771739706,29.52153781838389,33.56820201110727,24.061512695864003,39.078880948612266,9.433482506445701,35.524108306036695,29.743016660407203,32.371199097605746,39.57300053945758,-6.95944921540043,13.16798822135453,2.4170417021909456,8.955836204430486,16.135170576609482,35.06630023753259,28.841384629251337,4.326296882931529,36.54153623385798,31.46501567724759,19.841673928356734,17.497325938550045,22.85426278987997,30.786498711751577,36.78891635811146,29.750550848375454,34.16948714823243,37.49743533861691,34.628952332152615,31.489252970508762,37.77826292795097,24.065586836160453,31.56615343526674,5.432100532192173,39.57900045725238,-9.405647379196768,36.243484271580975,16.15308715738692,-6.952759744242023,2.3947748010682024,3.913645416023277,15.304805214105976,37.511900113900495,11.653969400066492,35.87624277060617,31.875445117910434,34.98178631656162,10.411441532058502,31.038839385935407,-9.642908768409608,34.86177938263442,38.19848119081523,8.620214580858773,26.90719976862525,36.62942278533667,14.876870879956497,38.23159431923904,19.92691557616136,31.345583514547705,22.157207312493398,-4.03982771224089,34.58803526209398,29.657953453589965,36.94455055811994,25.915040940940212,23.899604560091653,37.85576006178602,40.56264813818807,9.196742293445638,21.743101140195318,21.616118834851612,30.203356618533725,24.86560882195496,8.884511955360487,32.25566685720098,8.536433649352713,11.682772795729084,39.45190580744658,30.512619169168865,12.635208678555953,9.020285966518477,20.68340072409066,29.567417743835726,10.107712952640581,28.37295691460722,5.94355962983046,16.972274070220717,16.061082736088,16.425712062899727,33.412386638931885,39.922112092473064,38.50022182793075,24.30281730205424,39.00597457847611,31.880358178833774,0.6342186839925237,34.12159732564512,-5.446899991220687,29.63367099378611,39.019377502037024,23.89194159997176,33.020589444591444,38.553779764774696,19.890553925527996,8.776454710164987,34.457743899537206,34.17382778310023,32.589289043586575,12.521722875002474,30.176530489640392,34.17902334568795,32.30776779645092,32.441926218318095,28.649510228270586,28.113675269195216,31.212879637350895,20.83034803134797,23.667985346754296,36.182355416531266,34.922197117333226,0.9030326506949585,34.11488409643859,34.109488959390404,18.228625202480817,25.513066828209165,37.51055711143853,25.190180403654484,38.19489104643095,35.353005526831915,4.632689273064043,38.78511942832212,16.49080523113269,37.435084290041544,35.70207397302221,21.998936426068237,22.084250791453577,17.618163401382272,40.5886326688793,34.720393074016755,16.082111371040035,12.525173439620612,18.68136991247684,13.501202790702285,9.279220215536167,34.36344159979796,38.50849221031895,27.88126278058753,30.388103354013335,10.831097815573552,17.566895935842638,34.97734614373027,37.51559712031539
33.055099513099535,35.99200904187274,8.064244329871626,38.26961502699663,36.854861387370896,16.15575850249507,-6.205498412510116,37.38603064468159,28.177898823634774,38.09600863575094,17.233428908374886,11.352222688865455,27.206689715814193,29.251981751922994,21.814755634834246,14.34549969761238,23.09348309272292,32.745916497698836,10.83267232398432,36.93003279712023,27.869568567945528,32.7422474487272,24.74503554604662,27.640942474198066,21.463299184073442,10.585523931816828,21.937078992592603,-11.198707590230702,25.845262231065664,17.110744523273162,13.395299729910581,30.39055188708346,38.35626101418616,27.592333635811315,24.65048740590519,31.834214050677005,23.613197853157324,21.158033288797768,27.500297081902126,31.32248945737211,28.364378071393684,28.686223969566594,31.912177777879975,32.46399294914188,22.0417153006734,14.114576329722391,31.62878888837759,30.344602396335453,16.777054150912797,28.27350058171324,32.18620156103867,23.2158396797487,37.68494920679743,9.240797033751226,35.00022527486118,29.17472353692428,31.868292431527166,38.17960990417873,-6.884331645268298,12.763854877334547,2.325567522260895,8.908459682551188,15.475623802023943,33.835874575304786,27.845419934538754,4.200196214535844,34.974030799737776,30.214132115336515,19.570122196759336,17.720223848626375,22.681471084424604,29.859386135014216,35.42115362501042,28.66605712378188,33.17803059911734,36.41052140640615,33.935924963850205,31.18448612920645,36.32133729883332,22.929769135930105,30.26897529528428,5.6498461401858595,38.67121472637453,-9.41865335516578,35.66075590821555,15.609968672925529,-6.754406930964305,2.3455725211338696,4.033139014966814,15.011345964704132,36.297429961129154,11.5684388583347,34.807666414422755,30.82956455822736,33.91767478849697,9.846097343760105,30.142229133432267,-9.690331736587954,33.45617671974632,36.94481236653743,8.40365747513645,26.41360028975826,35.48731976555426,14.985782453817652,37.080131681069304,18.93933968591721,30.040735975112455,21.477389866398877,-3.4196360077246264,33.689975363739535,28.59223153081657,36.04913525465179,24.758298685503387,23.12694229335408,36.61166850502671,39.384440368371095,9.151603641099483,21.416361814944977,21.55049677156653,28.89737903622901,23.99471748938509,8.97923244792716,31.72409610465756,8.301995099019571,11.375060789476684,38.076587945157314,29.566170876191936,12.855755846315565,8.801208709221083,20.06222854324808,29.178158140602783,9.977739092314568,27.443071656015448,5.7750783889938795,16.260986811700747,15.714714588892319,16.05203927991446,32.61655215671513,39.11640010006242,37.205831960802115,23.940191017221306,38.2008570954858,30.685873053868477,0.9848988971995625,32.74137949430932,-5.354614582394085,28.378502980853916,37.97391932776281,22.770783558763473,32.071222410854894,37.180914028418066,19.50760059523468,8.786423361628591,33.749803036194585,33.53424532436179,31.75511263759958,12.381155847598812,29.21348867527353,33.586648841408,31.32638334728021,31.38673727419341,27.92353621441114,27.206860620275446,30.226741310702955,20.026029641457825,23.249170639330206,35.36236537033879,33.73536813642379,0.9188873382532027,33.005759680733824,33.51479567979194,17.52477151401927,24.54816632978713,36.22119231856228,24.10945539381404,37.38736875083349,34.21141275425468,4.523813052492102,37.40585866897735,15.818021032599374,36.775106771379804,34.347094923118526,21.08854336107683,22.033030036654218,17.083629117701552,39.598632866984225,34.34647779196312,15.75859578762483,12.083252418187124,18.020496858663538,13.3645237442331,9.175522535817331,33.50025502033481,37.54487292816931,27.490437306951492,29.200586896169,10.529562552207784,17.009777981005545,34.4285884876374,36.10761460003321
32.60673846718558,36.02174839305354,8.060327027038454,37.880265154454904,36.88853960174793,16.025175995088233,-6.5599236429899745,37.19563030576889,27.925427133402398,38.045882338865496,17.31546067964577,11.17454240126237,27.554077709321366,28.95050122944781,21.63266563992764,13.855107667316824,23.312953529132688,32.52691813021733,10.950594967358647,36.7545895711481,27.953327354735666,32.7015118651746,24.685101693050065,27.907294466512873,21.54705508806502,10.493575609127609,21.966297196033622,-11.499559600821485,26.16879612044597,17.276138377311543,13.356526435658639,30.720055529669718,38.14757467838915,27.195219210342135,24.054792726559437,32.01157692475755,23.714461980894818,20.455631951653867,27.78101444059606,31.650598302054586,27.790141908976885,28.83477782682429,31.719007274189558,31.97683232810172,22.377202830253832,13.921986683135648,31.806687314539253,30.62416868038193,16.994178659131308,28.54169599285652,32.44214294132947,23.285753126600085,37.758685384873424,9.073269735701581,34.46930403183172,28.787621279122437,31.427402410592595,38.22578996119144,-6.8603591911765305,12.606162630359712,2.4087149954159432,8.606474702811784,15.477101381699955,33.9853650051339,28.043671773960217,4.157039059716706,35.276780098898506,30.452078106191482,19.27447527516627,17.00303978478324,22.148846548285082,29.84240875332331,35.50107606257823,28.77683929979314,33.10969998726644,36.359435922351075,33.55503616912925,30.670781519768315,36.43510438539345,23.31127128310012,30.511155217708676,5.288599137560433,38.39465019126879,-9.295027580575194,35.162124263328906,15.638148822710306,-6.787106605681507,2.2945172641523452,3.93390677565761,14.797290817738446,36.31450446412241,11.165761597670148,34.763272817870266,30.815492838642385,33.85280399132022,9.913961899346457,30.19719540318657,-9.404682623139664,33.68205170629972,36.92818331406165,8.494913168278305,26.107703720751008,35.420498671098855,14.50186918058775,37.00631717089112,19.26628332734738,30.25979524518431,21.402606698315534,-3.997559863534124,33.58291675449816,28.767197981230527,35.849699283409485,25.10790968613435,23.170476987727163,36.55882740818252,39.29767386916302,8.953274408668271,21.115009300418055,21.054522203874704,29.164413826134112,23.94947930512653,8.773112197037802,31.344527344184506,8.278189947887373,11.215860079074517,38.1558599714668,29.407332054708654,12.280029263619095,8.671803122181187,20.13315369473106,28.65938904312894,9.695253531977633,27.46145491889715,5.881713216966086,16.27186955004108,15.56331766706893,15.885118448346141,32.40524432959873,38.670712620183004,37.21868266267519,23.58114957180969,37.79498304238157,30.85562910122245,0.5864168366072813,32.951950431553506,-5.347266074076563,28.674791785338854,37.70767067498172,23.188894088086204,31.996590133012642,37.26805945238192,19.272097979429418,8.51934733520441,33.394493026042056,33.107159665166485,31.582807415638737,12.23793979366927,29.107156420112904,33.161602754230074,31.304558252086853,31.43265825942575,27.936074362703007,27.193257413223293,30.209816693271218,20.17176162542295,23.067814217176625,35.0138668121231,33.814729693564786,0.8016558001947022,33.03794710788113,33.08329084571899,17.50119717008692,24.736515598545004,36.267619290171226,24.300720220010255,37.00656231622764,34.220871023539964,4.283042372220272,37.53874190755889,16.024977203534377,36.27640094995681,34.515417957255615,21.26789814479781,21.546547188633273,16.97427162546719,39.320009664972936,33.737550632408166,15.608510779439824,12.044832886202888,18.127275982744358,13.118059865240431,8.969047751021108,33.3292074821883,37.33187661419669,27.109244040900798,29.383671320417786,10.4702595900364,16.989157716078292,33.930432000588084,36.27916832908184
34.73003011433162,37.96263487777953,8.325375246379663,40.18767932825554,38.519518284581906,16.972604287321854,-6.5076613235122664,39.23803282964703,29.847718202924405,40.05697373261894,18.227930283668854,12.040221877638494,28.397008010937803,30.85255296708534,23.345785880916058,15.443075652696896,24.270400618668123,34.13958359321378,11.832197639565722,38.99763093956491,29.406310514906224,34.61704554285684,26.01362309196888,28.991193194696756,22.312519287804232,11.060076103881562,23.53758229436305,-11.163026761091267,27.204215449765535,18.17118830987689,14.232848367017967,31.93866731080234,40.44797924944337,29.08956752643974,25.843123807663194,33.303868039056304,24.823037378658345,22.533249962786986,28.680619325516428,32.86112515686224,29.77947457908047,29.86826085910137,33.75377273437692,34.01445518824192,22.92075139350727,14.841885813286977,33.00226905185974,31.837314445275815,18.097686082160827,29.421544815675063,33.6045014093355,24.52585752189141,39.77601607123314,9.522889372902338,36.62069005051485,30.8236464597022,33.31846506270919,40.00437655533454,-7.087810669158076,13.678889657965076,2.8645031193892407,9.547552321896273,16.741412495990758,35.62913913390517,29.116256267174244,4.531047271501493,36.74281329873282,31.67164487731563,20.58213135277785,18.70972075321676,23.82636805559646,31.62613860824638,37.32503369660564,29.972199631418466,34.72127326182581,38.22909624325333,35.466571975020685,32.60967399959277,38.290255738846014,23.99319509293694,32.04696002194275,6.025029956853236,40.511724183678254,-9.667465705199245,37.33095015248665,16.922820379983722,-7.2405128965081165,2.588074281618174,4.237235165137109,15.52942933789562,38.14355648010457,12.198758323219993,36.277351150319895,32.80146575118626,35.43569602506345,10.383449361486846,31.299987061894633,-9.798891509866044,35.124985075269514,38.75640211020965,9.264599343764166,27.97328312830986,37.03733193470156,15.966854102075965,38.8088450197019,19.87013342671911,31.5713105731173,22.95169168493597,-3.247775771782257,35.300753066029074,30.11265841491869,37.72358637139991,26.166134237444037,24.207983343060068,38.389453037170234,41.190898558167746,9.6890578715041,22.463991275453903,22.88621704545831,30.31912665507347,25.72571895779297,9.246026391539825,33.07290266927146,8.769776938932624,12.068775524721374,39.86279257026745,31.365506563868625,13.86448672012185,9.632035258982977,21.049032407042112,30.681645349762004,10.841144490341119,28.66838137452856,5.886976875125333,17.576473669516307,16.699253342543532,16.798938114907763,34.22431761961279,40.99571069018868,39.24109825160645,25.316088694583474,39.97301861587235,32.11374521132013,1.3932114913089464,34.25197913073162,-5.349845479503896,29.69830022861512,40.09486837664557,23.458527623342913,33.668711531999065,38.97445615593781,20.80644639129976,9.40030089855712,35.14912341884612,35.111931571335646,33.150787867968646,12.91313749379405,30.948644613668613,35.129222699359666,32.59345583611981,32.7337013332443,28.92294976453326,28.663836322459336,31.61170695778323,21.02734728677437,24.56937178526676,37.12072122439827,35.560052433212896,1.0791444746746535,34.610411812682,35.081809172052964,18.859448914511287,25.671207817593853,38.12259806175143,25.515416051199654,39.18546226867734,35.84067511610023,5.192979732213282,39.07538340123299,16.46255052682682,38.564983075353446,36.11885622055414,22.29212563896307,22.732302550088,17.95589798293388,41.51280836327352,35.88565918554564,16.564464051419993,12.75176353760263,19.22672721423879,14.259833598173682,9.835597414410902,35.23120874157276,39.28212958616855,28.7217200223911,30.54817918360076,11.232823922541586,18.060934056114178,36.033218230304655,37.79714644989501
30.616643539913955,33.547193061222615,7.441594482682975,35.548083478742164,34.261951372660654,15.075497457724586,-5.760651351151181,34.741676932166705,26.36250544201798,35.518569885530226,16.11922323820805,10.708650022205786,25.393383637298836,27.24095085583227,20.48487059196121,13.302052716972637,21.55868710149014,30.365091248502647,10.363650232856198,34.47835094020105,26.02169580403766,30.583717107685946,23.08281432605053,25.937167484804164,20.011002133536802,9.956385079626356,20.655095054999936,-10.208297296120815,24.202241944493114,16.14254960205236,12.5330329632149,28.457405247966168,35.675757904846996,25.676796468293496,22.727664274858885,29.63918723325958,22.135177987411527,19.63725464908972,25.632107843102418,29.24606935610239,26.22430971999038,26.71627482981692,29.743402495166237,30.096004309321007,20.647680500626727,13.071803226170132,29.379324302887298,28.30736358299407,15.77933107935082,26.270067195067966,29.940165548663916,21.810278493433543,35.17666733935803,8.565764389529106,32.34947902007897,27.05615432634179,29.49556695872536,35.52332065792995,-6.281400172426493,12.028270959581818,2.4021825712994147,8.326944951545245,14.568934895092793,31.54326648837707,26.023080688108205,4.019815349443407,32.687358560878366,28.311915032467716,18.181691935934374,16.396435253687056,21.025276680988206,27.945669325094926,33.04180628345009,26.679790001672988,30.85086444666854,33.89722526568728,31.36573509199643,28.754742551728622,33.88875615525734,21.515329168505136,28.402108332188433,5.328198246510394,35.91751832206373,-8.5544162124736,32.99403659195372,14.72374797316222,-6.356000631249842,2.3433883419448978,3.6724771035726786,13.944449237488032,33.81829092227477,10.70594171830977,32.29376591016996,28.872077249614343,31.493819962920565,9.366822763529619,27.965041903637392,-8.742003001311152,31.24627178524516,34.40533678480497,8.069091324218626,24.538582194205937,32.92734474348633,13.812350585609227,34.50840980097992,17.770266144564104,27.99512371855525,20.169730370705743,-3.1194396053056637,31.36730017802063,26.779928859343336,33.448072948179295,23.233654127284606,21.501635004638047,34.06674866454267,36.52105238985828,8.530530298864715,19.84367526474586,19.992021967358273,27.021142331081787,22.535797919976048,8.321152023399563,29.34156532852638,7.816049923205414,10.594642884510085,35.42468364221256,27.627718421473638,11.929731137058623,8.319814142383686,18.754726208455317,26.96093056083942,9.519823262452894,25.53169320857255,5.359802693522261,15.36092177313915,14.837893351239972,14.950140990479637,30.336665351329824,36.21680477671873,34.689402325256154,22.309465116249545,35.372768127612645,28.65316046766665,1.0270496721112008,30.51739968526639,-4.745491730012001,26.504776902614136,35.30804090071857,21.146510234324378,29.870308089220035,34.59902118502702,18.186225871519408,8.317832645464184,31.15011840513247,30.986343214548423,29.48710739289749,11.567533491464456,27.28759237067607,31.10998793537484,29.03883895833699,29.1443319512227,25.88592313207384,25.397570529947746,28.198179808047815,18.686738576848068,21.591959467942782,32.74476746218822,31.5668444239819,0.8466415338490242,30.694057546317037,30.99596133628699,16.493343784274217,22.857032777347573,33.78708515307091,22.55397215571588,34.67333142394714,31.826687351693117,4.438527076110093,34.822646237959816,14.77911808748051,34.03912251545879,32.00517946183055,19.827080153918573,20.124935765282682,15.955393653913942,36.771781289684306,31.699320001517002,14.700066475987708,11.301217266213962,17.09710325038228,12.551797871087874,8.624552654727399,31.172223682120595,34.77232695034258,25.42174707074387,27.208411683604083,9.882327651947124,15.92174726835781,31.790230223925267,33.60445841639402
32.28218375368587,35.604513825849054,8.030868002825837,37.454521526329614,36.4430048620364,16.002883019918947,-6.484084880866996,36.820533163107285,27.773091611538696,37.6342321804285,17.27361188404884,11.1575219312623,27.104898854157256,28.684937452189775,21.43374599651338,13.893456435250384,23.062188449886165,32.109949546211226,10.883757162592445,36.378031926745926,27.600148085425417,32.51199077254516,24.401318947779632,27.561708802366525,21.200878248143624,10.503440829485239,21.876263095684507,-11.064477488282769,25.915742039160936,17.055748366150137,13.277244100587101,30.423572207025714,37.77517425734405,26.86029920393465,23.77838830712161,31.59275537767793,23.47838798250489,20.448711495045092,27.44794150431721,31.268437953038298,27.521311287892864,28.384162652405337,31.331480776874105,31.689185947544242,22.05293825842067,13.841875171811244,31.36212196240203,30.26475592705986,16.702779168068762,28.11398647115486,31.988597398783547,23.047649284188672,37.367223800990416,8.863909330263478,34.019032914802324,28.61764403226283,31.111575291737665,37.784873455808885,-6.765909837470389,12.751662682639939,2.3314880105811238,8.69033844489535,15.496861664567916,33.59126999900744,27.731906516228808,4.046227945275916,34.86485628102829,30.096318000254946,18.989811320163355,16.96205567963701,21.93487294876615,29.469932371466918,35.20265838158857,28.492621151532383,32.66443978664809,35.9471418703604,33.143156404122294,30.189313412528726,36.09624040915003,22.981932829468654,30.278192088466668,5.411491610793215,37.90855081628969,-9.240898992370484,34.718281568265596,15.638027123846912,-6.682397081725477,2.374330223754591,3.8848235910073443,14.728176739397359,35.89452191491007,11.144066444945235,34.3025311931199,30.561020690311068,33.40788857432551,9.926577713255691,29.76780090836158,-9.265029465244918,33.324112333073174,36.60901952590412,8.312911496388786,25.832710014348535,35.02786615475406,14.371690490706888,36.54405609640833,18.970700389840218,29.934726025778872,21.28376523431321,-3.713190390071234,33.186507489530044,28.430062168402372,35.392594786771426,24.810885590280357,22.888444805739738,36.168006590078264,38.78100310910337,8.930609184215278,20.845549886609266,20.886138536355205,28.881804397512763,23.922934604896124,8.741395977253282,30.881171968742102,8.143959530954943,11.193713174724683,37.682337702415076,29.292300962813577,12.328185510426383,8.580100730393912,19.901882856055337,28.304109092766502,9.822274827269442,27.184232576016292,5.76615397401754,16.2862946205112,15.328455113828532,15.757133504332403,32.04570061392046,38.20547931680152,36.83707408154463,23.373388310347348,37.388610815701696,30.488970019710724,0.8024777224030117,32.581162920584674,-5.0385915276394755,28.3213777187469,37.36497186258198,22.71323584152,31.719966474550375,36.81964421798513,19.174137087156524,8.511565317993057,32.95353034628434,32.670857283583004,31.18867028360063,12.214394153393636,28.955379385054364,32.815773880414106,30.877506585807268,31.008590165502433,27.46472252636861,26.865971957145522,29.92534435104419,19.951498938788227,22.745651961827996,34.580075118106144,33.384690408897924,0.8158962168384121,32.644258715380445,32.611902528955696,17.53430908578636,24.41693577180921,35.87403320095653,24.059133052458378,36.60045204928647,33.86538998112735,4.501722144599896,37.06457683686017,15.772927047563378,35.865691344855655,34.10822767249166,21.151045061478847,21.23834359904501,16.93318583160471,38.82391031865341,33.337693153652445,15.362117614206552,11.998965285167422,17.928631298809066,13.021508466445644,8.940967682539538,32.929147104324215,36.82389553598761,26.741476945801143,28.97074220621745,10.274569647130146,16.83311303829135,33.52623106757777,35.82143590099201
33.30909998388946,36.96807716917357,8.2383882100787,38.923119324591774,37.97214509230523,16.55925006733736,-6.7326259095857095,38.320329199698044,28.663838944978725,39.03198544394443,17.759010328503756,11.714795278126775,28.19926764190022,29.75628384626574,21.935444754718564,13.841404895509164,23.76039145387757,33.49162046218451,10.97611675125647,37.62103848073525,28.61410547698009,33.58213805985477,25.232178323587526,28.578401511364138,21.974685360011883,10.872124083379402,22.283333136213948,-11.893891040357582,26.940568623350277,17.826124974324973,13.565672770366676,31.562468187562523,39.14581675054532,27.742876263286835,24.65432843493718,33.003226609275785,24.21016046776965,20.91903648799423,28.63326023867428,32.56731916759148,28.461203380507374,29.505323517919837,32.52025630445273,32.948298646029016,23.003486439831754,14.285512384703635,32.76087411870879,31.39358614772998,17.164467706926775,29.447588968818046,33.38241747720271,23.778181598234138,38.786925224365504,9.326672751135307,35.35291856132972,29.469311061368764,32.34488898685904,39.43185608000464,-7.159059472682921,13.185105039727734,2.007971089551302,8.763994417958042,15.55336738755822,34.91681280115722,28.736855641230598,4.180271875304804,36.24329810258983,31.237681235538574,19.686261703163908,17.36319126984006,22.72638445116246,30.441639374053764,36.420245971822204,29.58018856868585,34.09451389136436,37.25144860094117,34.461242926812474,31.39255951733757,37.434686311974154,23.880074997170677,31.229233515363205,5.3708551038719765,39.43099901456928,-9.743191486878187,36.16186283471613,15.666191560745094,-6.9865643997376665,2.2630341110034475,3.74861180453826,15.430984919201334,37.16988888930133,11.811553516998902,35.77871565346497,31.544385152954035,34.87011662477215,10.26038946765815,30.996191579996896,-9.92921720795861,34.73407311797986,38.10871131327933,8.35955573153506,26.611360008955067,36.57318588340449,14.617889874462684,38.009258938159014,19.683459368807632,31.093456757884606,21.711877001149954,-3.994288874753007,34.38082111485179,29.357642976561145,36.78127075051627,25.605341520899238,23.69412563342631,37.71276567626507,40.38335177580218,9.103855236163918,21.446604444842798,21.290778622119745,30.04193749460302,24.391144324696928,8.972300242527453,32.09933199647586,8.376187851715116,11.527523764942762,39.33387658444015,30.113774225197247,12.340806991063195,8.706773154061853,20.52811635777894,29.286235769637273,10.039990823088177,28.281374253207353,5.9153185405403566,16.65032707668518,15.775299803616146,16.320935650731197,33.143223773163314,39.823044966218795,38.05424989671901,24.209573685403534,38.823222387965515,31.854147802491532,0.5652480863985049,33.91692499687837,-5.474450402808208,29.415379010375702,38.68076896717452,23.904216563633934,33.011587697571905,38.408152698859396,19.547677109250692,8.918365109909068,34.40072197833154,33.840886645905385,32.49536821439318,12.652585701440143,29.87286605072263,34.168572573585806,32.255887593469694,32.368896762868836,28.684473422005407,27.695365169107216,31.082901684389668,20.512625225170627,23.685894875088145,35.908962231677734,34.55970326230532,0.7314886598460809,34.00166591103804,33.94108517407205,17.77076959006375,25.379539854866604,37.25391525477857,24.83253435603191,38.075851608847586,35.292394251244474,4.437396533237353,38.65734174454868,16.344060518071274,37.233959760596015,35.3146466396039,21.74683496935312,22.08264472723538,17.544061609399108,40.46604406408613,34.65491360400867,15.949562434601296,12.399313924720179,18.37650564431065,13.253280150307738,9.070606260893237,34.26967152612638,38.249913152676605,27.765412752642433,30.210348959922058,10.51685070618323,17.43661562989761,34.96642926042236,37.34700446157957
36.308062127540786,40.19403384332393,9.003291381323017,42.102970997030305,41.215226492819134,17.88841070585531,-7.493231903539245,41.50047901358271,31.1880785704373,42.53191065997664,19.591507835385087,12.171664298081382,30.739506298785166,32.13167981805318,24.136458255942422,15.624001084575077,26.33457546163581,35.943588776453375,12.572631634420791,40.95289766602871,31.284180707187478,36.67869815448786,27.53640888491832,31.078835703134658,23.76757371966549,11.647616598287017,24.874386435300295,-12.648250283167377,29.52410970245864,19.183961937643037,14.955072524026034,34.502650025068334,42.655849693945726,30.220983290221287,26.588307241639463,35.89160298096737,26.578657761699922,22.758044479678727,31.150962292225067,35.52291702795429,30.799171256542657,31.93842238529224,35.46394449242102,35.4753949130826,24.999090847324133,15.585338161802152,35.51375888983803,34.35218233483373,18.967163247445857,31.914207500292598,36.34277672532207,25.97709985683613,42.340840516020755,10.039229579996702,38.22527073857153,32.24030041233631,34.811515399103705,42.73497190399189,-7.570789346940596,14.163022740970627,2.8405253215161466,9.76905862691822,17.78896331454548,37.96051892725233,31.101913400813338,4.436483977643838,39.57363346684833,33.90063891485679,21.348249494591123,18.752948528657168,24.45589061045066,33.34963438241813,39.93764871713329,32.197232162585735,36.90332804857782,40.514167634413646,37.22464218884087,33.76102438185941,40.96068999374581,25.97520398662663,34.24210916608132,5.76992748002458,42.59860133848247,-10.366772614632756,38.91962210078045,17.797042856317077,-7.6713621861585155,2.6426632146569453,4.362194431755065,16.499082595049806,40.54905341692556,12.283590344857648,38.654129982575604,34.66196590981572,37.68933360911138,11.200019047076012,33.3927200047968,-10.544305682818578,37.75750846200724,41.2888778964632,9.447713591364248,29.04856190702063,39.566919846343936,15.956301187450084,41.24273277930501,21.586701841216822,33.957210805559704,24.150350739718952,-4.667374123180309,37.32671960098722,32.148754835810465,39.846117482970925,28.210553096977367,25.861203006814584,40.9073315465755,43.78699542356128,10.090353911819292,23.341803262339422,23.46639053811433,32.83407034248167,27.162049688844796,9.61195041585129,34.62027664308186,9.227949377590104,12.687239994957075,42.621437356808386,33.19475137050681,13.698729756060011,9.827851129582612,22.288876458630746,31.73546713939931,10.718817732950951,30.785729481650502,6.522524086788952,18.55490606627327,17.32130459953714,17.619815276546444,35.997860168811265,42.92552201333272,41.734355355430466,26.297057141633456,42.00735331210337,34.373421929516795,0.47273494733048205,36.943294380072686,-5.971204350367115,32.08652221662863,42.25045933131257,25.81434845582968,35.713549774578944,41.57243807134228,21.593386497167018,9.220464843153461,37.052355644511046,36.862541133234465,35.02170592497906,13.407526376822565,32.84507521483961,36.73238278831335,34.88884472541233,35.01282555726981,30.749916073161085,30.311565814915806,33.735637284824406,22.637752748332467,25.39206855460834,39.02977259578319,37.7019027212286,0.8773924092991343,36.89714261310232,36.61059163809518,20.021460102596286,27.588302926955745,40.576234692615934,27.38696645569873,41.14611161981933,38.20772513601662,4.805227682978224,41.89079897524329,17.828943426891225,40.27987786804155,38.799731346034825,23.96767635428294,23.717209271713152,19.10689722537091,43.68776727876899,37.30466109203449,17.35512415198077,13.600624029005793,20.155711285255144,14.540833249158094,10.095618423927675,36.955760160291895,41.49089812038382,29.92826723451696,32.84208424062373,11.634894757879511,19.03784103630662,37.59071965883322,40.593056060836446
34.573849394161904,38.14477866326569,8.4981928931693,40.008413093446556,39.037765429360796,16.971706601723138,-7.038161956514843,39.39910245688321,29.710244154372553,40.34898529930226,18.664753789514968,11.612568804427188,29.0644556280087,30.598369926932097,23.043918762494773,15.179604439147417,24.935929658494032,34.02224437492935,11.981567008462411,38.95753822144537,29.539352893385068,34.98608413735672,26.115130317918744,29.44996042588762,22.403676466621825,11.116627074284139,23.75238443352722,-11.670934452262648,27.947883398213165,18.20458058488884,14.225031091916234,32.73049489740349,40.52388612727621,28.768620202370645,25.355953287472083,33.93712449494951,25.22798389871565,21.954056951708687,29.454025218152246,33.63178314217157,29.391941113914417,30.263814799704335,33.679885900900956,33.73656717617135,23.656859620340864,14.871886519596426,33.56355898660525,32.47949619069558,18.080588761019644,30.083123665614934,34.322130345733726,24.72602887196949,40.19395670226974,9.571427754897796,36.30139794436432,30.767386679433397,33.07565080174035,40.478802756605944,-7.155574954899322,13.570532071280457,2.813853013206439,9.292518328014129,17.143360073309506,36.00952830462401,29.44644902171586,4.307343892218941,37.49635125203157,32.089348091460636,20.3067197833104,18.02347692902538,23.229612304829505,31.653687736764066,37.98595648974495,30.566499743839312,34.92151369447942,38.4027910168989,35.37091358402624,32.03531827047031,38.9238810178364,24.520729164921843,32.56940058806944,5.607103440022358,40.3969565460661,-9.815681357016453,36.99046367371347,17.066634420736158,-7.1795163108920885,2.496959586755264,4.14875903302532,15.711661351100913,38.460248648297096,11.784476232789503,36.6038430020877,32.9937833201382,35.6534003090403,10.638090580299599,31.554722162879486,-9.953845333584216,35.72775328786196,39.1687929363098,9.056109428110718,27.649838911604817,37.481137641837755,15.337376930488315,39.113231043456956,20.34936295584708,32.19915383929453,23.063233208054594,-4.100066267361554,35.34523482949901,30.508570224991978,37.79600224298936,26.680478359001384,24.530524071899194,38.75180168295087,41.44890143398065,9.624767292721211,22.28158534351381,22.47659155248409,31.099660746981424,26.025755319392402,9.197918850619647,32.771967137756484,8.690866263493316,12.165441504494092,40.33767637232816,31.73901091444978,13.358061287558554,9.380673397366197,21.167415568480546,30.199133546332842,10.40830666636951,29.167951656738275,6.105299088681247,17.90398920945158,16.42768927420818,16.776068774567065,34.20116804455041,40.72961743516124,39.64359336193249,25.035588675662606,39.95095842945974,32.50209041264258,0.8365893921524692,34.994476477327424,-5.475849037987239,30.373199199620718,40.16894610755931,24.211121237459395,33.8975274237825,39.34461645798155,20.733559508885435,8.802690940363778,35.08411497714977,35.05950384466246,33.203404678693865,12.779415863175242,31.327434336174715,34.91080802242,33.02584137841957,33.121316126799265,29.100358752407345,28.8564072295957,31.997757210081527,21.499817970389056,24.103231612549123,36.99593706960738,35.71879070214084,0.9194673113938723,34.9183107695805,34.74333120863375,19.274125234551576,26.14288436049377,38.5003494277607,26.00214723725631,39.08775196930794,36.221716688025865,4.892588260649268,39.63721723328493,16.81411478843122,38.26363880417759,36.78247394798579,22.79792851975751,22.55359338214785,18.275505390475775,41.40992760246543,35.470443419050675,16.539119340981376,12.920035734133615,19.155286450153337,13.884481210637075,9.588107146853266,35.12585382981185,39.37964993829074,28.46417622339869,31.034292160317086,11.147298294556283,18.14733705000248,35.723850998187885,38.40002365325411
30.920562559454282,34.202190872292526,7.671812698952882,35.99123820005015,34.92600893239194,15.30391064044246,-6.138635433689234,35.22197749824025,26.649669848805644,36.173110676539444,16.448363511682107,10.657827385081811,26.14077147122314,27.525164917291583,20.75975850988995,13.279766821381283,22.219853097519163,30.715514467085516,10.578058313665235,35.007380000413306,26.537370381042066,31.144628244212537,23.365233889850984,26.546520259294102,20.353792108141672,10.061230083512582,21.04293111163568,-10.581791837522454,24.907578281795356,16.492533827409385,12.748057252672943,29.22462709874358,36.19994615163969,25.9432722783793,22.86640763979001,30.35636743177772,22.625852309214867,19.493541725047635,26.259818345546364,30.038028228748637,26.273697120513116,27.30994195518644,30.120014661722195,30.399123013452694,21.20198607778179,13.163450031737794,30.0234769593106,29.02011383204687,16.071576186534053,27.04419467262569,30.71491616188917,22.297945083530262,35.89774573930933,8.708827869406248,32.68637304203406,27.352469119300782,29.79562328079767,36.21334488438119,-6.497407845331136,12.224027635035027,2.3238727267844217,8.424120601324432,14.93492489147178,32.2174813974447,26.672076540950567,3.9913558260424864,33.50259899001755,28.97038913564627,18.314491202396937,16.23981844632652,21.05378424008524,28.374960624575866,33.81080387617721,27.298529496827356,31.29572392755677,34.45182332512118,31.81571699224795,28.94076385524161,34.64501203729144,22.195968483078513,29.071451428985288,5.162464154261046,36.322498931176405,-8.812101316349862,33.27409490888641,15.069068098752824,-6.420024322642778,2.3258979575040706,3.6774367577657183,14.069617207293463,34.5195701891036,10.680352305027096,32.85598919717877,29.341386845442937,32.014615861563385,9.59554815108506,28.527004229322415,-8.928460763940398,32.00382569322392,35.00320988135872,7.95276756139373,24.825410612329993,33.50385074193192,13.727459212958587,35.11889454774664,18.256563152060842,28.69909028006211,20.507176502158092,-3.6158304868679387,31.80159862684558,27.438578261746,33.90878168191351,23.89496648337128,21.900451280548253,34.6733989875788,37.16520606698431,8.371279148280223,20.076589614287258,20.0641336946379,27.731749270448198,22.977538215534622,8.242707217828288,29.70862771668873,7.963249753512024,10.669537770853319,36.11935292048885,28.094547518928497,11.739448263876485,8.32559506995891,19.0241461391368,27.240300284930793,9.346946667208286,26.010325325015767,5.565596169150711,15.63871647869557,14.999281995210936,15.133440498060368,30.762338709006,36.59360461142615,35.41409313992349,22.396164567955353,35.81386998828955,29.250125232428818,0.6847331440585288,31.248027503952468,-4.837035048370257,27.175898717381564,35.81764309991799,21.825766438386726,30.301976458497236,35.32093712067115,18.38894705803487,8.111492970359231,31.524516515300096,31.316014951068574,29.91207576909139,11.579190704610717,27.765874576141215,31.32593790269815,29.57805563026872,29.695774880555483,26.312405491572385,25.77067268342832,28.676733913950258,19.1609693661108,21.812162226542785,33.209459962774694,32.12828752996188,0.6823380636470892,31.264480016510245,31.280882528361204,16.862711009990402,23.38306376398578,34.44926843510337,23.15485342362697,35.005129784749904,32.41034772116547,4.363926061701447,35.517973741245385,15.253439108031904,34.432511478081615,32.77427866027863,20.415866595455267,20.195069502119534,16.14129724513123,37.2112487342925,31.851869469351744,14.926867711786276,11.430202132504785,17.36275391766052,12.503746351065528,8.586444084905475,31.529615516609322,35.33477092038325,25.60392813105703,27.91929643419594,10.003467399800222,16.159528137008873,32.02583752278702,34.33939254659462
35.74064927815869,39.543480102718135,8.756435502404006,41.319066223126704,40.25376250264441,17.45235455374992,-7.408329063643118,40.59261737458678,30.671439514859927,41.630537478818816,19.04978323619297,11.9577744152461,29.92842212153243,31.656789078221077,23.729403968721755,15.541725619320482,25.645794993220893,35.245574569315956,12.25439648874038,40.265254458035706,30.53365313031242,36.007782069469094,27.003733924276585,30.429533890292998,23.275637739196608,11.29270438985671,24.359204458703253,-12.24029301202438,28.750156786170834,18.781031831363943,14.452291545882174,33.7448459034687,41.90219494787763,29.72727469018759,26.10107037185286,34.94401708707487,25.99872536242829,22.619702080558472,30.309542274181386,34.642089917391836,30.35085053870421,31.24661377900255,34.8700700220581,34.842277909069544,24.181292731698193,15.18687233435885,34.5819692074085,33.50116934315085,18.57921933513758,31.0658331815468,35.37131238610611,25.42223951561305,41.448542567879976,9.618855170555117,37.56049448304284,31.66554967661253,34.22571675323482,41.740421708858925,-7.316019286276982,13.983691062535904,2.701864906483652,9.622249108618009,17.42154904553284,37.195287156195306,30.44341037159844,4.291124253607847,38.614989906192335,33.16619220435365,21.048957553633237,18.60809383418612,24.08156729804722,32.75393408737469,39.01103193027647,31.368755482321895,36.050112251894255,39.72614819706243,36.569282469464575,33.350495057137145,40.072392302172894,25.29163445749469,33.55573908377185,5.712118963068236,41.792069833172306,-10.118858250989542,38.21121856386997,17.559413957257995,-7.400164836780108,2.5091186782644033,4.257120297336738,15.974441260758828,39.68446821038025,12.056074274222354,37.82329940893103,33.956132633414136,36.81804311930854,10.810692205094126,32.67247396556296,-10.385335195595863,36.79335796992241,40.38050031066269,9.109276183148785,28.74004237386209,38.669635781811316,15.854528620478439,40.34052248361432,20.97118055426017,33.16535359520996,23.766290047653737,-4.314830922605233,36.614427762621496,31.511149347644533,39.03816082769854,27.473930040236006,25.247107607940766,39.90623782747925,42.83797789145356,9.919293761797034,22.89882146875855,23.129307665425042,31.93700993474839,26.683121011184866,9.380233461887212,34.003129526652515,9.1753912084755,12.382737786372534,41.6682842293176,32.53724051679625,13.563368941453142,9.611049414624706,21.81911155032092,31.247989752053666,10.687209297055572,29.948521473185345,6.215201349923537,18.17434493160769,16.950193805187382,17.171833941880895,35.37061619093041,42.125349020358826,40.893435277992836,25.891250888004382,41.29010357858619,33.560579322564514,0.7201668689805435,35.97724125856273,-5.849489777821926,31.30227002409073,41.46130430287307,25.009339059368727,34.887580424515555,40.653997336403904,21.400911802453038,9.167581035487807,36.307169756334496,36.145061913317726,34.222482726061145,13.109633917789292,32.1343330140655,36.04180422221462,33.990736152222766,34.1567133434769,30.07236035983699,29.708763449688938,32.94843761997623,22.123810143973913,25.208028398623547,38.22828709751125,36.900541434972745,0.9419972697451612,36.04959645089356,35.96428083444316,19.680550830274157,26.9043960601965,39.71598255147727,26.748235520614337,40.39333379985129,37.3798985613361,4.85490976180041,40.885206312786806,17.320418687433012,39.5871927509379,37.885689249884926,23.47094865298843,23.366074339385897,18.725393339513843,42.810125854483964,36.69073522736101,17.032719427463768,13.322025268435798,19.815014242525884,14.443701557775023,9.889832756128344,36.41341104328329,40.67293206036714,29.570803775907724,32.1017884382038,11.443551571368513,18.710983604055944,36.96455567365571,39.59749801487137
34.60858138844972,38.31358579423699,8.46053644942661,40.065165074894,39.05715258263721,16.986861384653658,-7.108252158066747,39.4284812982284,29.725570130258586,40.39557846610406,18.5652164871663,11.608337424457133,29.073548865533777,30.68245022561928,23.062787888513032,15.05724314862536,24.898422138923063,34.16196293865333,12.012759257164396,38.99181661423266,29.673326576570258,34.98942620470566,26.25327022354935,29.504983176782513,22.650495703330137,10.978994282906053,23.70996868907497,-11.829363192158853,27.99452380131575,18.202669674911036,14.248366341365033,32.79155577689786,40.65003397449867,28.82893716352953,25.268906203030387,33.92111179021402,25.208617512678078,21.857443033814054,29.433635918914366,33.64379328632913,29.37638749083608,30.268381636326612,33.83385976531492,33.747218975296576,23.544745735542897,14.770146083745018,33.62869943050319,32.517480779095,18.119604739569702,30.12173939240972,34.33171331940135,24.690105524190546,40.22696657960712,9.421709175714335,36.42490314781952,30.710374908202652,33.15916909411791,40.51471462027591,-7.104537256064693,13.503411682724476,2.667867146202984,9.421741246704348,16.990105301717612,36.091596961441496,29.5326908172915,4.193473493466164,37.50911381308506,32.14349883507975,20.460182289178032,17.97159081173937,23.28304069759115,31.80234964548287,37.92032862388987,30.547743907939157,34.94229777993322,38.54425240392476,35.41516864171018,32.25474261546097,38.89157679291035,24.578888260933763,32.56973179930186,5.537731571663559,40.478374546193514,-9.858558417316493,37.0325031443755,17.07778038381654,-7.2242981449170705,2.557661691240768,4.141950900726824,15.670269575666975,38.53682688237855,11.72554315261154,36.62591764710267,33.02161307066003,35.7466966138071,10.555590008532207,31.692374911478,-9.946363614373203,35.75641890010457,39.19048334649748,8.962422882264118,27.78284873314916,37.54711724033941,15.397724995125962,39.19115233524112,20.341474313386374,32.15815593637185,23.035684264503562,-4.257487892357064,35.56040851761306,30.535741235195218,37.808791398132776,26.648832437673825,24.463531046915886,38.75576286370264,41.5780778166559,9.668070417137745,22.267288593670788,22.385323862750496,31.06857761983599,25.934031638548575,9.022110107584577,32.995202060193606,8.783382751604355,12.083582293546252,40.42499614790768,31.632099469251504,13.14973791814113,9.376407702190182,21.10781782333691,30.2691980413237,10.312089529242773,29.093543016266505,6.034805017856451,17.672873577311936,16.525244932841176,16.772274080272894,34.36102960722796,40.87043177149787,39.66094458111897,25.11120279646442,39.99501729972641,32.61359157106822,0.6367834721743153,34.929589216862965,-5.660939028065713,30.35666110775678,40.24878660940696,24.306531563138474,33.86327995010857,39.469681752767244,20.77232763997834,8.843725961684502,35.24982367757837,35.04563143733142,33.22343269510494,12.842336890735394,31.26611638613425,34.924538367126814,32.96627998158957,33.16280691098726,29.14057314072602,28.76872463673342,31.97015634148314,21.571877517275663,24.328547880995966,37.09371811342552,35.85765601479129,0.9459711105864259,34.975077145192536,34.84702076188291,19.18652421870655,26.125402606013,38.54476157454083,25.963878856659758,39.18338195548752,36.32156390335536,4.694130468099738,39.7136614364153,16.934066652643285,38.346925315244896,36.785008872689254,22.737987567722186,22.653010066754945,18.124362936606392,41.4866074969189,35.533231567205526,16.493798261067514,12.952647154292825,19.21399514835923,14.02572626126315,9.71132279918521,35.19432843295721,39.465249701058596,28.585934228185007,31.059490489774564,10.94903081887138,18.230068659237833,35.777108292730624,38.43598778388652
35.313390385611264,38.74108347549726,8.432334566339467,40.70998851705571,39.14090966142319,17.12704183624297,-6.7179458471991245,39.72836108165016,30.344721002713012,40.796026114762185,18.49716664613519,12.05944556173183,29.047471600611196,31.271068527932417,23.529605094371554,15.681231534960583,24.854110457829197,34.563344017774384,12.022751756494445,39.677504513408685,29.841199177803727,35.34934137147875,26.318116630738544,29.631841352164717,22.750699767735856,10.947715094311064,23.931696715572407,-11.398330870836201,27.759048135703427,18.377304622977245,14.401022460959986,32.75172838213703,41.24330137206599,29.47451555436237,25.97343696071378,33.823437050471796,25.427116623532697,22.742638415917874,29.20732120732729,33.550366788602496,30.071557904375528,30.49615600898559,34.2030688386849,34.45768561242993,23.254132091653737,14.844865626917613,33.53393846732114,32.481243255748815,18.251616256197398,29.956605306187907,34.18158138243583,24.987535037754093,40.48044643892122,9.239630635125604,37.194501734735425,31.25810169796013,33.77518914465017,40.58868142379233,-7.11095279730067,13.869460453603327,2.64855249829588,9.532030467425848,17.18900972588392,36.220618631818304,29.731951714336013,4.442242584541414,37.46962409356805,32.35073282913011,20.70444142894917,18.848283916018218,24.073936903052996,32.06971727286539,38.07391603132963,30.6129581240414,35.19966289927025,38.833057796656995,36.04996341948449,33.01918333846112,39.048818142481416,24.560424784370458,32.744994446128004,5.9722142987152775,41.03749618675552,-9.844864418159089,37.72359667632636,17.516445105434048,-7.362968339649898,2.5467300724382747,4.224134818192292,15.581351534729095,38.83782206416829,12.154712135978524,36.78331095683443,33.36151382499408,35.86824120133466,10.39822748211684,31.956710962479313,-9.953847873915297,35.75737712512768,39.36671894259401,9.101046485147894,28.52699567411533,37.61981214954489,16.13425170134514,39.413576636273824,20.136714641039312,32.156836004530625,23.531361599441173,-3.598766455851422,35.8199568475151,30.843638412613313,38.2160908167886,26.69461341624239,24.594734717084087,38.899512278924156,41.8467425459733,9.81205941904654,22.624778551421297,23.21311500901512,31.013000386693744,26.356331979209347,9.23844798295566,33.56053037596104,8.8877008539518,12.053274434794547,40.56266254835539,32.01599145327054,13.952264330519345,9.557435346067914,21.273379644941134,31.05737541409105,10.993002111384788,29.09124086106258,5.910914210886255,17.879542585239925,16.734285696138386,16.935274271948966,34.79993523349292,41.493681154994,40.007300831372184,25.58313685550767,40.6723831218732,32.60049315662924,1.3420219664487356,34.839761453086076,-5.473182847209092,30.242445878385688,40.792270062532744,23.930692115994308,34.12281983266095,39.62570302849998,21.18495013274071,9.370397569236061,35.59091673134304,35.607166535790995,33.67184833737032,13.006784056676883,31.542712355079267,35.48251502615004,33.03707936051747,33.20460644890686,29.296508672786093,29.01647084868944,32.08749222537746,21.482644182048208,24.877174390227008,37.60802862428929,36.141946879930735,1.096776159656344,35.125429944857444,35.456522714247605,19.335950424033705,26.087740253770573,38.75786872009705,26.02151489897497,39.69221927016954,36.47711091169894,5.2177657520237055,39.76908834197148,16.81584436898587,39.13624215400886,36.89498133234266,22.917238535555622,23.131865911565658,18.229271878380864,42.03642697957254,36.278326169729354,16.846190737478764,12.90352945471295,19.43427664955684,14.367982486165458,9.859355508193465,35.777790757987546,39.8692048956818,29.207147108622667,31.152226385210845,11.394042942031488,18.29419476744577,36.36637354157693,38.45153161233943
33.899697774612136,37.49227880037924,8.266721518815949,39.52886476427228,38.216732234586125,16.645163069998503,-6.594690587203607,38.773574707480606,29.000240367449283,39.39824003157596,17.81514124882166,11.908952170006774,28.301078351876036,30.1679641581548,22.42731906108166,14.167726453982135,23.763099985304788,33.91056542797422,11.005090701836851,38.13740491727408,28.91616505844537,33.81597643735384,25.52364965873588,28.586402193987933,22.08868773369624,10.577704334763938,22.50252767542427,-11.910535566997435,26.93743952030447,18.07833108397872,13.820502162679533,31.569893173341786,39.68882771770854,28.173111672533445,25.164600530507848,33.23514889059077,24.32439166206389,21.48625955788904,28.702380978768083,32.73040886471617,29.025405388623078,29.628636983542997,33.06862652069741,33.41324187219205,22.90567004142607,14.618430366511294,32.993505986256736,31.631267650701474,17.19894855826861,29.657112314053354,33.59376111543971,23.987425170431482,39.121726779665366,9.383556703284041,35.99828587813694,29.8540453468364,32.84061262069829,39.7876733934383,-7.0329358798243735,13.169330232705855,2.227233134332799,8.86665499010551,15.523983548710207,35.18605387762581,28.792233798335253,4.368187197980463,36.45119620086994,31.342590973456456,20.08825645745703,17.787986084633467,23.332311312323156,30.877171009920275,36.62637320742613,29.729659022379504,34.408165710414266,37.70059931539318,35.0252569379497,32.18392074755743,37.723395227654635,23.83971619240403,31.37299981427142,5.529268306282309,40.0163814330983,-9.684763100547022,36.8777573166522,15.784447451613628,-6.930143933843568,2.149733689495856,3.8992808763085685,15.374122536370605,37.563625324457874,12.09910010687482,36.06694260816221,31.829641736781202,35.27711932173569,10.14863843871372,31.29759109709318,-9.905552871949237,34.85949597103173,38.38660101165552,8.681125795725231,27.187371766886482,36.8748979760229,15.276886015308163,38.34635291239289,19.79131088385131,31.32315290369592,21.868285478043877,-3.6972326666051964,34.84162479781757,29.466146929902965,37.24041731598279,25.73673369963926,24.004450212797042,38.02696956205543,40.912126428432366,9.197497305696094,21.86550122294962,21.78711382298442,30.056187897051448,24.499728805063693,8.957336685928308,32.60078807299854,8.541860830411462,11.671857518210064,39.62986888440487,30.261009597652972,12.828399119284683,8.996359064244876,20.71159944127965,30.04708949910864,10.239431935543559,28.438627798577055,5.907178516412903,16.735631034676306,16.110544344600644,16.40197398629709,33.591883417645676,40.54031320326095,38.451619697153326,24.572475887848498,39.38369561166404,32.07328635165957,0.8097718002971386,34.04080542586646,-5.578655720671394,29.525853506079134,39.22410345864174,23.946672567771515,33.247107264204296,38.8206984520528,19.882093386095587,9.258577893393127,34.9614342568104,34.47139513450899,32.92131997019841,12.782713620060065,30.01483115761811,34.72594238279747,32.55567073519042,32.66481871668797,28.96268460018061,28.04278966357257,31.226463713521255,20.57258473786885,24.29357807989568,36.553412835293,34.9408133088461,0.8985944823846026,34.32435038405174,34.62117806128745,17.774499809411843,25.517865601593247,37.66422753968226,24.983125682913315,38.65517957025292,35.54170162972631,4.689554591058625,38.896294105469295,16.308810861432885,37.91399718741464,35.53147120638905,21.626082021890994,22.63821574145795,17.51741714205016,41.098773346401885,35.355123320776016,16.163201364171616,12.351886333980758,18.64346536492891,13.65756261684211,9.353743355608657,34.77930545491531,38.80864134686958,28.38023884469146,30.461062324589683,10.728050719881953,17.54007960102455,35.646673649859146,37.62813505747412
35.685781808245714,39.15354562602944,9.091709741057036,41.34481169132564,40.4171624639584,17.50592094757863,-7.26453268394478,40.751060082956116,30.417990245906317,41.5267732662647,19.064501289411837,11.997271134904247,29.889820944103466,31.513797363539965,23.369040892022113,15.171154660551815,25.53167932678649,35.53211228458621,11.885854180726003,39.92397271828285,30.42798806741995,35.63022617097475,27.006005106322778,30.171123217538184,23.26146217988665,11.494945760410264,23.941580783041825,-12.679103187075668,28.655174461744373,18.63515273884057,14.606299168546347,33.46597987809381,41.63487849312334,29.561036793447457,26.287049848655517,35.11514900353078,25.845008314276633,22.429699944617997,30.49166430885537,34.534680446978,30.48196583085549,31.213621256021714,34.666008822945926,34.96855191247632,24.398999672534032,15.419965881575623,34.83950185074547,33.42229877998842,18.217399814480704,31.28250310730803,35.57994026572894,25.238848016022775,41.20790722332947,10.002707175031869,37.63435908104587,31.67394881849413,34.38017423638254,41.88226909067976,-7.5348331256907395,13.58285451722286,2.5021024147582467,9.477613987929038,16.897477227396283,37.072001032173105,30.28465674126798,4.244772353573489,38.50708205839904,32.961078140494905,20.9640733841004,18.58220147532311,24.124529337510165,32.45181970467791,38.80324987872392,31.387890100664194,36.25384497205186,39.6569447097998,36.68678983865032,33.4221082732902,39.855957008228984,25.17834134279732,33.11693919444059,5.755827186492884,41.93703614865499,-10.341931741263275,38.41183271825082,16.876604554079183,-7.357758266832092,2.557331079314549,4.316362584067869,16.328744161882675,39.537580768143954,12.136256015887248,38.07162113733221,33.59166118899686,37.13902158286373,10.898172310287574,32.79922272275946,-10.524490730960206,36.79653097900734,40.45223442305475,9.030668832748406,28.290400611734643,38.91139858716984,15.722526200353274,40.406024987378764,20.91863032084494,33.15211459210184,23.178407307198444,-4.445243494380316,36.60982434953477,31.08649562227326,39.17342609400004,27.27259594207901,25.382851025860756,40.131088840999546,43.006063773304525,9.95388359935826,22.869547086620674,22.865049586870676,31.89606995999176,26.068934281461104,9.77179049767026,34.06694582194982,8.946009075945845,12.459215939799648,41.75174898835429,32.12661275597592,13.46732990314842,9.570996260686915,21.874240649885955,31.214423939971944,10.306359446345581,30.222909926466635,6.366460621756859,17.814245965458642,16.767592297042988,17.272889653785207,35.28322501466694,42.311412591803546,40.6039983604303,25.827574669844555,41.32513369252421,33.63967308671116,0.411348565080763,36.102078111824895,-6.041624846482844,31.35514882268219,41.26292778322337,25.349245402886325,35.03583895611904,40.71005404811751,20.963143814959437,9.13861464503304,36.65152252085997,36.29515884944266,34.371194170275835,13.238064443763086,31.848484497525277,36.34626509992082,34.41140387642712,34.406828260232075,30.378432777634327,29.563680999746435,33.160122367495504,21.969855389375674,25.01085020116175,38.32874933148899,36.68590075180734,0.7479548160024747,36.18437557566623,36.16785818664651,19.160536611406474,27.030409497877418,39.63063463786765,26.512556707853292,40.57335857364937,37.4581262157752,4.448812589442579,41.060194473887535,17.28762991204818,39.621944232858986,37.71700947796773,23.071110519918875,23.783262369318212,18.669913961297112,42.97641520850468,36.972141012629756,16.880129920624565,13.234077302075098,19.407891987177692,14.21249315927858,9.93099503740466,36.2598234709931,40.79237301179004,29.64309906334655,32.02595546764742,11.356544446686469,18.576713335029165,37.282612550227086,39.72636584219362
34.471726132360494,37.952927085314734,8.56223036764767,39.80020710825292,38.82926925377565,16.965352501680513,-7.087248206174609,39.223133071954805,29.57464477756378,40.190819187016665,18.477773561118124,11.589172473765625,28.894922231629508,30.460773619536777,22.754479744569352,15.029970247710958,24.81509871549848,33.90032021379941,11.706908074492244,38.73132759733046,29.340786761087823,34.768245011858184,25.864431581475852,29.19202281135517,22.374834580324954,11.02936285863436,23.537359552069205,-11.711580558473555,27.83519558749228,18.038176513841808,14.08797626972014,32.49677042012346,40.4412542428885,28.518671780293957,25.259642828726683,33.77143593426111,24.98809402583717,21.880031919237588,29.312974556233357,33.38797184355855,29.32529962543234,30.02133879182095,33.416847227118446,33.55940686039867,23.353107866985905,14.67733301195003,33.42535416412161,32.32799544503446,17.891449871298278,29.95915721547669,34.16017897903011,24.532793911699788,39.938296021739745,9.517405186656472,36.20766246842417,30.713666630578206,32.94047802623476,40.26315711336113,-7.155616296509804,13.41699761600647,2.5985858531942583,9.047002461738902,16.935651472335486,35.82195793170097,29.23821217168606,4.153186417949454,37.25545710758636,31.91771186550805,19.998959578920463,18.002173756193784,23.1511345411351,31.335006001084817,37.681352542929794,30.362491120266288,34.770840446864085,38.14703433363005,35.29886462484455,31.97724428455901,38.689806642201475,24.33035992527835,32.30069936497777,5.473642810434799,40.2544675155094,-9.84830666865371,36.823875290198636,16.901835532681897,-7.211971717321565,2.4306961453802045,4.171675650176139,15.651480470514795,38.20975139058262,11.73439597184134,36.45501768917214,32.71402510312686,35.53005596926527,10.432215436641634,31.459032646378795,-9.97668519180637,35.5544481586595,39.02266624778026,8.753776583628868,27.566397799163216,37.38240910344444,15.218680349385894,38.87039267538818,20.119770302195057,32.0459849068406,22.812838846989273,-4.181330599263656,35.117863272156335,30.311969016667415,37.62983338899974,26.455892062162736,24.419712090181115,38.54973723969515,41.32349387879065,9.59909251631589,21.939557873721714,22.40886214068198,30.889009831620648,25.7815733580843,9.109096712259207,32.736103663102995,8.62936251416846,11.979275589973662,40.195256242788545,31.50705127372493,13.241723334264037,9.141029335973471,21.035178217771985,30.02745191029883,10.331960449554982,28.979255296874303,5.9695773443696885,17.640145255240554,16.03260012677646,16.677412075090505,34.02147712906656,40.64864147814579,39.40868590685353,24.901751132391993,39.80314488146261,32.37605861957564,0.6548850930572144,34.75524646481415,-5.634621978196024,30.178658385871188,40.045282922088155,24.12490216488468,33.750781812663995,39.14666622901991,20.561235419998876,8.731636366405349,35.05786030078191,34.9432045036456,32.99135383538992,12.687801658071413,31.109912347290532,34.838093767525784,32.86707589909392,33.04489248650125,28.88242000318973,28.618315355237844,31.789195262730583,21.386462981845686,24.105769763552885,36.910676258840994,35.5070086478683,0.8436648122142183,34.82132625653142,34.6628420746061,19.053260415933973,25.95831548399942,38.250389588055484,25.76973610214031,38.97401094978431,36.14726505026256,4.668438768924253,39.4587305663364,16.60024596355205,38.142688218284,36.58203652738546,22.650693213469324,22.649803531702528,18.068612587637425,41.20137560498522,35.36944621327902,16.23617729869614,12.831408598527336,18.86638879735292,13.63508356219542,9.394711382093982,34.98905528687096,39.20110467758153,28.316880997762546,30.855358173004515,11.092768756323608,17.881710643001284,35.61617610589883,38.25215504097968
34.66785414738722,37.380572881667305,8.172250345890516,39.94949697095704,38.219704047761056,16.882750830037168,-6.288492372934567,38.987260241340294,29.758741900076807,39.77015061303024,18.163046798887557,11.856083514692912,28.006847074678017,30.643536586954497,23.099005036894155,15.688417516644465,24.01810585037737,33.915318999644704,11.69125755933818,38.699408766233105,28.867306078691712,34.39126362853568,25.948953930373282,28.66178166746873,22.0189710165647,11.051481851908363,23.365516617200097,-10.961135049580715,26.84170441199759,17.771460243914195,14.024571758274954,31.55307204996888,40.16604616331418,29.042554901620996,25.829333489115932,32.91257067999407,24.49024745694681,22.75634742004581,28.399953146143375,32.398702851928455,29.933701095175238,29.565340392693642,33.49341505998396,33.890622375742666,22.726886691691988,14.989154582827744,32.609946818993066,31.365048669561997,17.79814496264809,28.910207807112375,33.18955067589907,24.226278526678797,39.283523034028384,9.521883049108153,36.42675681401642,30.774862042217038,33.20267436764354,39.62163440098815,-6.9902823352921635,13.480168081921187,2.921962709629303,9.359478163988591,16.797593342538043,35.13647813124905,28.69367656819999,4.525291075122476,36.302266039584474,31.30899403430427,20.33504243210542,18.89771655490903,23.74729421405859,31.28555418007965,37.00033819995071,29.62905332900648,34.4313222385933,37.85682573202549,35.25656995716307,32.39516478891264,37.93046599028258,23.51657209336481,31.610101331405133,6.128250335038168,40.28470005439177,-9.576367820197916,37.109696123637264,16.788401978997477,-7.180703321206009,2.6710300501936595,4.42837537934039,15.65080811406902,37.628179002927524,12.142838713209358,36.02978819028524,32.46323891336194,35.15951776237563,10.352016419233864,30.9210012413945,-9.838919018859213,34.68954835659567,38.45122340431082,9.220877561463036,27.754423042542083,36.809494183897854,15.876191265072856,38.493983515758295,19.564950803615325,31.192768507684363,22.84930965029532,-3.0171029175940554,34.98080362351136,29.756099679080446,37.51331354364967,25.6877661516307,24.061015686254684,38.05264952782277,40.77137769004294,9.947320911840395,22.345940441397023,23.006786292547964,29.94547279250167,25.579593998047276,9.47574575701095,32.839342086980814,8.659620325497077,12.08878711056812,39.456162912469004,31.298813904783092,14.08079942172145,9.468952643991413,20.943558375685242,30.372384627736007,10.889320913459994,28.509390445797973,5.749198043628671,17.57550506681874,16.567952653470805,16.696610260282686,33.90567913983301,40.749045607797875,38.84989456019364,25.306001044971822,39.78703499945247,31.73064352889245,1.5409241449647162,33.92722459041222,-5.396095716667342,29.351908932653668,39.86956321967398,22.95718915403552,33.4027012131441,38.42853926339012,20.835594074504204,9.278180220031883,35.02415996204185,35.08374915984161,32.79594624856125,12.870909664176468,30.812252601339736,35.070436056233206,32.298204588614425,32.45437318127883,28.596858349019403,28.552645187598312,31.498680292914013,20.895185010118944,24.15499359320579,36.80633351578028,35.18312609938573,1.0749711834732145,34.214402223541974,34.89885844900626,18.908177553216444,25.35058265990356,37.67789002857092,25.147482544041623,39.07537188804892,35.63515749967749,5.269700422110847,38.70541016494348,16.114524008720693,38.32232052453253,35.77537868777688,22.055467079201208,22.853632625786002,18.096169357031595,41.195333889606054,35.83097249171258,16.487215110904057,12.918945418302703,18.915735673463303,14.087173309525578,9.92529075208883,34.98140161660371,38.989639020572746,28.603948537204747,30.076784726910713,11.250696497347654,17.959474211787597,35.89584170169509,37.37470038774922
31.980369840624466,35.03363653406716,7.826260992106383,37.17977048263332,35.88538130699078,15.768830070903912,-5.988572928160486,36.46078620893692,27.409722468409328,37.014670471851026,16.927859898835024,11.332016482620109,26.411521753754414,28.451820270261063,21.194705299075462,13.721246447581926,22.313935681705896,31.812194564751035,10.533513627567787,35.85255093845135,27.186608452351756,31.905629640005948,24.06749220626339,26.88421610065135,20.78743138437929,10.36254231487128,21.373648923279912,-10.785986230187293,25.287725892089654,16.86344327923798,13.015361825339491,29.645848334062244,37.28068283824613,26.666417691108396,23.8775684031062,31.083085851383046,22.91979434242883,20.483279812111437,26.86425611300277,30.588347097700975,27.445077403301603,27.801286204217806,31.10242991326533,31.538639542468847,21.55728454252736,13.781359567195137,30.849714104745246,29.579973317993314,16.367342317990335,27.562124782742742,31.377062556618043,22.528852306117244,36.75226764727224,8.944946093586273,33.82338741062547,28.312382046197747,30.934292524376858,37.267422336335144,-6.665607159082548,12.572463780676152,2.317727145559471,8.658751292429328,14.963432489042372,33.0071290581952,27.053651821983106,4.148967855502422,34.136015906318754,29.402089241234098,18.935409298440614,17.044013704232636,22.005668714486486,29.077141448619233,34.535474288485084,27.982216575694853,32.29850923713186,35.41417448262831,32.855977734741835,30.132899489543505,35.42949164259815,22.357856435930255,29.551186551832302,5.376186067645515,37.56436043313293,-9.137043120501346,34.62023937850585,15.065611307240408,-6.673694079545168,2.3009558701554598,3.8486286593254664,14.614951919473976,35.29252401030176,11.40735816248457,33.86481584225308,30.09459556982524,33.00840299938793,9.68269997464664,29.237618928033072,-9.210788555337725,32.72312343952918,36.050515032933674,8.300027017143703,25.549231412647824,34.56014509146911,14.349609647989032,36.07241267684676,18.61528030994401,29.295477584412954,20.804621740930177,-3.2138109390995813,32.72892459143918,27.77757400573968,34.97965424283124,24.11381284864198,22.45511340735437,35.74226992322777,38.282323123317525,8.909013254664833,20.667294804685607,20.703060433720076,28.271720974870068,23.379881264671035,8.631480184348199,30.616547048033908,7.9674408069050235,11.17763029117289,37.130151024981856,28.744976374424844,12.414355546227753,8.623038518025119,19.563208169715736,28.191538793242653,9.819142558532826,26.74845583651583,5.557431532804915,16.010094225374726,15.214493457725768,15.528601227916045,31.597258821317492,38.02517801491008,36.13422918198782,23.28786484365732,37.04690529836081,29.981812315195235,1.1124212249441066,31.930411650848107,-5.068331957010806,27.679920097129322,36.92049488242603,22.2001582370824,31.301202940624588,36.272023329984506,18.877555215342067,8.761612350363585,32.72685967950637,32.42167974350259,30.875075088728874,12.003467941565692,28.48048587851257,32.68414617857719,30.476007108573835,30.599767741956466,27.107766649045637,26.48368874297748,29.457160324042846,19.37432322785235,22.596450315285928,34.326709049960456,32.78492683316142,0.8388327721545453,32.18243053744188,32.49010590271475,17.057306036366597,23.88102296369124,35.31750889092092,23.443212220145117,36.360335636728045,33.32489048037032,4.612643267815,36.47115251234451,15.373717355185736,35.64707153693622,33.39863435517726,20.483841841764562,21.191656530355914,16.630445339770535,38.58717415288856,33.29698215404306,15.271160096434299,11.8058158562934,17.595492632362944,12.98064294342706,8.9577484062562,32.61130397682487,36.38831567059073,26.577501277573415,28.46609729965639,10.20277984296161,16.669465563767165,33.461634903927894,35.20317034728605
31.15639122531427,33.70193044941326,7.356729115656392,36.21333182823479,34.30782165636185,15.290637662229287,-5.332548730130586,35.0124323090832,26.741023330127526,35.71724402193912,15.922053384315461,11.148089089076175,25.245349474824692,27.751599928602577,20.748242770268536,13.671953369169486,21.34702126297751,30.832653408190644,10.13017249831346,34.92802314752511,26.06935113409357,30.6842543422182,23.118772347108543,25.854065968650264,20.054006891249657,10.028250398152124,20.56970877896581,-9.966314353162598,23.804731524948668,16.203972615902135,12.697880461067948,28.096480422341184,35.9831462897874,26.31111693403378,23.554160365596193,29.51559529502087,22.021121790265422,20.382056560741805,25.319986948583686,28.975867169716658,26.936194735252275,26.860758935031274,30.037730569547808,30.822721299876907,20.36723597714731,13.2034181293006,29.268493031607964,28.130604701233395,15.74227034385906,26.077820356929617,29.785450227889935,21.855675377650787,35.20902428917263,8.714373738771263,33.16166932067085,27.429731013647665,30.213570232327758,35.60286509336522,-6.390739701025347,12.23538486974068,2.2695298968329514,8.442211527019968,14.41079712120723,31.474589819156396,26.11081458956205,4.204953976211686,32.4837663374295,28.362712842042693,18.49506914349311,17.2414021203325,21.816716618963895,28.0895236894217,32.95879038140017,26.664366849719336,31.048338576709966,34.097805463949854,31.99308760137464,29.563754861291102,33.777052241472006,21.371574405580144,28.215054299755806,5.766526638717328,36.44692614138947,-8.700007282524265,33.76284838440831,14.66690483987078,-6.445981368482319,2.2485064206455982,3.6478441885809594,14.188145249771189,33.96713294700714,11.300720863467756,32.4725047924514,28.893559349837567,31.685888717027964,9.351289705093285,28.237026198984182,-8.907355950703591,31.098449022408992,34.476801560409505,8.155653975653447,24.966666164754717,33.00353957953613,14.388172210605932,34.77388136204706,17.53494643705086,27.83998405225337,20.211545299325294,-2.466814387560992,31.58830952421013,26.756276272249224,33.81030699120786,23.019188755944718,21.577457412776994,34.21875052577653,36.75823903500364,8.623401249879162,20.273146060551323,20.590557441763718,26.74508751611503,22.538100969348765,8.474675367444563,30.018529131374176,7.880698253089846,10.649330917822645,35.47367944109727,27.703726155434534,12.47610557655236,8.435341064594114,18.88265738204363,27.726920438649078,10.010323424709226,25.521388646816177,5.254747660657918,15.228163881014396,15.117135981150374,15.288231694497384,30.675427317339267,36.894412625405394,34.75492502957758,22.667172638601432,35.952088912362974,28.61324212878186,1.5215463339734785,30.34730700847525,-4.712549376565981,26.270234408537483,35.63693991075859,20.82992470501156,30.057492524278757,34.70935342959634,18.365347542854735,8.85266967666669,31.666296240923966,31.557361133730733,29.97275837870711,11.87366412898401,27.348208408127512,31.716151302729354,29.15460407196119,29.19809612914205,26.099752890032313,25.520771592534135,28.21965192442338,18.539725015378668,21.972925409313152,33.28717640575398,31.705242979537363,0.916612788035204,30.762122982114736,31.70185041416673,16.277533858085853,22.775330212585942,33.85232272704526,22.287681632602233,35.188786957577506,31.912164904801347,4.808050290865219,34.80617737373729,14.666710665841908,34.83523260727307,31.872948768035364,19.6235987521253,20.659615857869767,15.958584586546099,37.34613926763206,32.50393010051457,14.958939241451624,11.19886993606264,17.09431852191964,12.774720338844482,8.717915656973688,31.610948498829888,35.175097683668874,26.02032797881686,27.14748243846357,10.159388727034399,15.906744966698135,32.478979070377484,33.526805020933914
33.65887129493765,36.476777237862805,8.02713879862353,38.68697005691132,37.113384139654215,16.445553424032866,-6.339041204155103,37.754149698410856,28.815918821291742,38.69684410556398,17.68496569136343,11.490863932993495,27.392578312186657,29.713742024953113,22.39075697768514,15.207819854470907,23.517796671362138,32.790716464046156,11.533964334443658,37.64592140533151,28.16445712947164,33.57524974643322,25.057576879354954,28.119441120317806,21.43066529019234,10.80198823246464,22.83996370408493,-10.565609470383519,26.299195310470235,17.36933206197658,13.668348254487658,30.949483122882242,39.00233430713967,28.14042406416575,24.87132294754501,32.022985573805244,24.07812843760662,21.925642841737595,27.65963742462649,31.66430923835325,28.790723185746582,28.843244528829917,32.43744160575098,32.79829184932897,22.154418391839197,14.225514917496472,31.671695179678746,30.604468822300216,17.372659909140182,28.18621447128528,32.308762170851786,23.818943949357003,38.34347759062438,9.186615246000882,35.274450631809145,29.819967967231655,32.11771548992686,38.45560839278801,-6.855414109193074,13.240651125720092,2.7556078153088053,9.163398337792945,16.520658750990098,34.25311344203368,28.072487319386738,4.314248297677029,35.44580794835693,30.648882399370137,19.644478067428057,18.232252714456468,22.963616297301865,30.412849499836774,36.132766260633225,28.935061243071317,33.43072187865366,36.7909876968454,34.140486396754355,31.244779901875606,37.015829818911364,23.096799107814512,30.96796770454423,5.7054867822923025,39.00533316068357,-9.358052932517525,35.83595754699484,16.579021444868214,-7.052609359511514,2.6295267307978984,4.228086842767596,15.140580317415477,36.69042401259315,11.613027177618331,34.9409277271508,31.635881429170148,34.07002629912249,10.077866555873035,30.09802398549367,-9.494064261121151,33.83942938291513,37.368705567587575,8.774528577389365,26.891606261743437,35.702156736363385,15.25032281598114,37.444261365171094,19.00049365350119,30.432488691927205,22.372307301524202,-3.1737960763740407,33.976900206299064,29.1617563707962,36.40691382481771,25.12925231590982,23.345212108662924,36.94795160152743,39.54160758140873,9.476131421487189,21.60561687088509,22.22879227637379,29.294431556442024,25.08733947142878,9.053607672133204,31.779885042105317,8.294357173672628,11.591788286918794,38.38188973762149,30.559021094215385,13.505103275911795,9.076819664635238,20.372495649857758,29.3682714983838,10.557529784784489,27.684307570883714,5.569379354114033,17.150100665124754,15.91858304237039,16.220129322548228,32.94299779533083,39.36582261426353,37.883501013085606,24.48746674689432,38.58383745706837,30.840694687300974,1.455807153983322,33.04833700512235,-5.196593612788082,28.6457121174086,38.69942679624697,22.43578405254991,32.43667762436882,37.37995854786372,20.182676495811634,8.847322758602822,33.70856796114615,33.893089910137604,31.736277547811326,12.375211464645,30.105734261099,33.796990987845696,31.31344693400392,31.442625217592347,27.75086231513875,27.722827338946136,30.603133339171983,20.470047399877295,23.417293332451475,35.62732832936663,34.21460463954925,1.0055557061471878,33.242132520835746,33.65385199954393,18.540490194352547,24.674270886060008,36.69301624274923,24.63387171204232,37.768866017756174,34.63106773210979,5.11674695085717,37.65791210600528,15.703523234157293,37.10555362329273,34.904495381737846,21.689728545608997,21.925456920219926,17.506328066580277,39.851177608325024,34.50790294221906,15.867184999716962,12.329481256606906,18.344994418947632,13.687949773816818,9.462874964855342,33.95862287618964,37.77199945925954,27.62635138688983,29.360269422138977,10.91916098204913,17.376680533465077,34.584742575544965,36.33236450363303
31.27323278917098,34.473632865844245,7.575196395483529,36.39456898328685,35.13258112317706,15.510930899681101,-6.055180478538297,35.61907690286958,26.913222608334614,36.42521477502121,16.47355104598148,10.9092252774084,26.14007507689056,27.81632224468536,20.948330093957175,13.454610017638533,22.149223015809806,31.068625947143218,10.561481116420667,35.30565305383692,26.692627272199104,31.360890112681368,23.596100074111614,26.600492637969744,20.464013063511132,10.100810384314318,21.179890617346835,-10.58815915919802,24.889030715000338,16.57662245220597,12.895181653556568,29.259342175261445,36.54000822461221,26.265967700874626,23.149758062489322,30.487521740190015,22.614862117698912,19.884237092265636,26.343375353978292,30.105132510702703,26.623366766350287,27.413678273014636,30.488534251341008,30.814088158301406,21.186534056603882,13.389462007513043,30.189514376467574,29.10629656211489,16.18176334315716,27.084631047149358,30.81604148064469,22.312741653983647,36.098447389448886,8.72599130001023,33.096064207514644,27.59900752927063,30.180993653688653,36.50076128878816,-6.443719516958618,12.384318295776954,2.346214767710665,8.608735281375441,14.897036378382642,32.38073640607364,26.715723172880583,4.020898334411067,33.61927057398146,29.03465160533166,18.646727220808074,16.54388544835588,21.43990146384146,28.58618173034122,33.93877757237628,27.451608683258087,31.536677636125727,34.74833949357455,32.092175611356346,29.375710242164597,34.78479095163024,22.181983509334906,29.12377559830654,5.3294246961200225,36.70478372145571,-8.784530729220297,33.760965000754744,15.07390448493718,-6.454249370036123,2.302040012244303,3.6672671957749525,14.266482814560977,34.69933146590042,11.005571022677202,33.066070945115726,29.57325951897422,32.31691926583415,9.66310190696754,28.710151394950138,-8.944842362752079,32.10547523294463,35.297050198771736,8.188848767311892,25.070931185519235,33.77603778052415,14.04186714389011,35.39957792038858,18.289301959247688,28.777266873130856,20.53956331444668,-3.3125351815228647,32.099825367814816,27.463922366573637,34.210115768409445,23.886722509210582,22.05669143063243,34.95387703505067,37.47846917875172,8.537889612663264,20.40616839372704,20.285999591901145,27.739944041147346,23.059417240703354,8.303461177743504,30.050403035398567,7.832135301419788,10.889874001151178,36.351286002539574,28.271416626054037,11.979123473972841,8.506490859057251,19.086041306526184,27.62476484380155,9.625195948018472,26.12364877133936,5.515916657246399,15.667517255741275,15.208960656604797,15.37900388906485,31.047758667017604,37.10318473258401,35.593719153965495,22.687866019257157,36.136003050579696,29.44721629411466,0.9010622475793444,31.36533745122685,-4.827744076720522,27.202978923500872,36.174477400233314,21.81917813996869,30.572562903781545,35.61044535941335,18.579869821943184,8.439794612607498,31.941797047782245,31.654008309496756,30.224372117089807,11.804737907841231,27.948863325204506,31.73949981815414,29.78577815540725,29.881106842495278,26.497164362488718,25.939880419096568,28.79208573071379,19.162714455001208,22.092388912356434,33.56724226205936,32.34413685510472,0.9046321308857859,31.501473326946545,31.69186105848984,16.84655166084297,23.493849059825134,34.690158370738985,23.174116025912916,35.43564015080582,32.666452946421565,4.572361258374753,35.72199842790719,15.238739611641446,34.85287520346712,32.84545875850374,20.27579630065646,20.501381873022076,16.256684515959687,37.63694732526693,32.33013959780219,14.945220344150007,11.509729364562222,17.407454130178692,12.774800149967591,8.779362712008348,31.902179838496803,35.63530268068678,25.92398544420178,27.945588055777506,10.071841400586424,16.3731523400254,32.49036081167491,34.52774708562942
32.873400587253016,36.5699036023429,8.060714439365036,38.341502123375236,37.39130378993547,16.28006856690785,-6.7123505009352264,37.651277500340115,28.38793981219738,38.67014233336373,17.70536144436487,11.077739096444827,27.98188433205854,29.22763639108867,21.967779137225126,14.085698773437983,23.916276613344095,32.67156581575368,11.403780434664451,37.30285041213396,28.37387292674307,33.3461460935864,25.027599726395643,28.29184963717538,21.56213487275904,10.620143517410975,22.60239088407244,-11.449339058104735,26.802492894202217,17.6378004113578,13.63280356142092,31.33976846576029,38.66370658016375,27.57197691902874,24.205825081390678,32.6581729398462,24.13460231612204,20.558955323430617,28.250074110537575,32.2997714688809,27.80572168271596,29.091794622356012,32.26288849304663,32.324876244893744,22.74741793014422,14.161278739510106,32.196748171346144,31.196304274024577,17.239441409739506,29.062301914599825,33.06655810742614,23.71235079301997,38.5132684577765,9.273062316272691,34.724249847840206,29.135267253941848,31.597444964395077,38.840748141567104,-6.864840997486547,12.972360243294746,2.5712949131487663,8.930413522983653,16.13344933610974,34.45601089479791,28.350800584837593,4.140835201035889,36.020077413651926,30.858947949075176,19.4346553699461,16.95235761261681,22.203647103249786,30.413822433060858,36.318266993690806,29.286282999860784,33.487665214600796,36.83475154132365,33.855567820164104,30.630996254155605,37.199296484874594,23.75606201703263,31.11251397103052,5.176058307824321,38.65234350507632,-9.401283082246563,35.348126544553345,16.138560725409942,-6.910263501006288,2.439845188013746,3.956749271228658,15.028033670430803,36.88827225650934,11.295188213161477,35.09402258398585,31.487208708438025,34.219835444652766,10.291918731881283,30.33560608862797,-9.523108480331752,34.34591146928614,37.460255747270615,8.553167027356471,26.40548628179615,35.86741050361927,14.4564594721507,37.56276935806748,19.688274299924384,30.83178882096905,21.946086585525347,-4.125954716195331,33.92480414540673,29.280556161876603,36.160857606360125,25.698213162606663,23.41767771064092,37.16869587748396,39.73766911984308,8.974737838789306,21.300047419805797,21.203727430279542,29.794194367334825,24.66806488560572,8.604618146514747,31.465136091321845,8.423084730516406,11.424633407634847,38.69870150796857,30.10705190703923,12.317170212378052,9.015928750387392,20.210089133804114,28.88290189017814,9.79571202105326,27.875137169137684,5.904510213449802,16.850295588873877,15.90152368050792,16.083742365129684,32.70932837741708,38.974842405593364,37.91916673969849,23.838034554670575,38.153832480506956,31.23403999477921,0.45691921189358536,33.58651468082983,-5.3346833298813765,29.173092284271714,38.32075726173738,23.47087981339743,32.41493518293237,37.82229492466327,19.575560301269036,8.377174273734234,33.58734217504286,33.408668800016,31.863835986816746,12.239411418127887,29.766593957236616,33.26546487024056,31.690521402535484,31.726796476904344,27.976808026977498,27.50890418098261,30.640759263051425,20.53727448321675,23.028955980524795,35.457799713203805,34.27670952784664,0.8663624910369707,33.50743140099594,33.25236864367873,18.153623757500885,24.971179824337256,36.85376521005224,24.872430151124963,37.29673947258367,34.647156052695564,4.5759927084347645,38.02434768981614,16.212639672598662,36.62783368028304,35.226936613101614,21.78553005232409,21.339785626790977,17.300771845917005,39.71774169103324,33.79793281908124,15.701305185285847,12.323960924416493,18.393381611807083,13.224385866486971,9.205277684940047,33.55815520758588,37.65742853240249,27.166862737110222,29.884893280395254,10.643768454228814,17.376059133739588,34.113099437448035,36.835984976867195
35.83054517317859,39.115951670696596,8.797611947879593,41.487323249639715,40.121085111856274,17.55942119345814,-6.958991883700307,40.671201649010925,30.612532191852868,41.40936201777694,18.81813897173639,12.30726020838972,29.525874304617613,31.752160773724913,23.6531990563083,15.46807499360697,25.073055341699753,35.63666524617414,11.778860434549824,40.08886459043234,30.22939579241336,35.584177161813294,27.007785718786412,30.12438527771293,23.237921230179538,11.484910964045415,23.807224862382828,-12.270765247789612,28.23400127292127,18.652711471736424,14.411137642440023,33.177129275226214,41.71858063811103,29.82354931498572,26.56248615447579,34.61372409310765,25.627238577701966,22.94398458833414,30.018279281069493,34.138975242946,30.84095591280093,31.104317667598703,34.68375131516394,35.16564229231276,24.051719755732694,15.453936892174555,34.46018516629928,32.965779477460096,18.261417453573827,30.71734628264717,35.01447086163401,25.265524918024845,40.93323882914608,9.85971327766958,37.77593985941067,31.643912163107082,34.57268000855175,41.544118058514414,-7.466243227466928,13.78406014656052,2.4740988742773125,9.562772358744672,16.76092596958064,36.89390668165678,30.257616956703,4.486240619190793,38.061393681216366,32.901228036536565,21.126957548374946,19.147642083587563,24.530679772461017,32.4640090712428,38.46421331641153,30.982656439856367,36.110012254730144,39.55654560761711,36.73272935299059,33.80188184465294,39.55112810979383,24.904893418888747,32.978109149331715,6.1195645917415185,42.07784508680896,-10.191445278272537,38.57877044408245,16.960528286251083,-7.365666358943962,2.690745654110746,4.386118912319911,16.19788808912087,39.303381578025004,12.432281027712158,37.86711645256611,33.48366079511559,36.90301635381966,10.772629831318532,32.66763906584123,-10.396659768556729,36.46243002699677,40.2880618714305,9.086400419658395,28.650263609551228,38.64678695329987,16.072050896424766,40.23885987748986,20.604972645829527,32.746090841502195,23.36183348995263,-3.8095049166867607,36.57202506561138,31.040316934647418,39.22541708527075,26.86916725564216,25.107779220008375,39.820924903835156,42.7675038741093,10.037633147168103,23.077295837404666,23.308017843108228,31.42448138699501,26.061108961815723,9.847955601596901,34.26130318830225,9.072481942704615,12.325139169702275,41.50129307526649,32.10303689470497,13.867388633588625,9.500130399733255,21.84388583850348,31.454428691607575,10.7789272661245,29.864469225410687,6.075536483703288,17.775854586283486,16.868692735267707,17.228196403548626,35.38291876593343,42.45865513112811,40.39435373658295,26.116748289020425,41.41336048957284,33.446862389653425,0.9917051969590205,35.65163185479454,-5.900752682369925,30.964222930365516,41.27057615624047,24.724924830371386,34.94696746882437,40.4246637802638,21.261964922995674,9.508835022184803,36.63136363437773,36.265533686261364,34.34151705164474,13.476389355332413,31.741639251795107,36.52519153020116,34.02090093299026,34.17540280509063,30.262546437991567,29.555670815776423,32.98360186336413,21.76215748511646,25.47270420260508,38.2073378505882,36.704366449550896,0.8469825855981062,35.90511141216074,36.269699392524565,19.08276190145127,26.764504591876968,39.38156360934322,26.288185887176628,40.689753041128554,37.35625949847331,4.818517192108296,40.75399408866392,17.055309428638036,39.753734490774264,37.30318553684929,23.00052488653152,23.841111537063416,18.631423681945424,42.95988115933979,37.217185792530664,17.054947818397515,13.384054727076723,19.618395715535026,14.480267440626129,10.09460265263749,36.52201716781175,40.70515594459308,29.842296619979546,31.74207059657936,11.352755419991782,18.628681521207657,37.38330558125072,39.313201654608505
32.78516899538672,36.07739160228599,8.07355206924389,38.09002421152598,36.94161160952767,16.133503575214743,-6.437875017755407,37.38715576331724,28.071100871355533,38.10084594760317,17.330904126003002,11.416997249371377,27.326707201832257,29.071757457765447,21.663106130033558,13.92340610254806,23.111609455984723,32.635880267718576,10.769385341917289,36.849425335596386,27.913144683845722,32.81455026552653,24.67424560695989,27.746695192907637,21.358366831625112,10.560954338546157,21.938104075926454,-11.30293412928656,26.13915642023257,17.385437988161527,13.345110226263836,30.62763488791907,38.27496664609045,27.231472605347726,24.2348130365754,32.02138155769791,23.631877108801476,20.865943601816735,27.742253423813388,31.594118464159862,28.053190969039832,28.664494401910904,31.85239414460855,32.25872894898762,22.240091635222658,14.056142237888036,31.765538982908335,30.552265065303168,16.76182750354985,28.488530539589814,32.416615105313575,23.267316314377716,37.79847737527751,9.045404453714399,34.64985913742017,29.005598684732426,31.624841853151718,38.37580219740924,-6.798319436537807,12.803499590665531,2.283899889840232,8.687735918956097,15.381708576004455,34.01635101869712,27.89193801578568,4.120094267465406,35.23583525486318,30.369123214020657,19.267744295486914,17.278630222408186,22.38868947857833,29.85459826911799,35.51465137342475,28.753042408891332,33.198626845030056,36.3537103669423,33.69676795108294,30.837747886672865,36.50657843257774,23.092577571422655,30.492675150686736,5.482621460286526,38.55714036906562,-9.314794965606936,35.40447384020779,15.506559676682814,-6.736802204158112,2.2194281135847653,3.8524705474584775,14.988324417973848,36.278135263463184,11.537969187439101,34.81449802510694,30.87315122034595,33.93835617135304,9.982976589584663,30.10641039105609,-9.587200529890234,33.697523047137075,37.09824198389067,8.338312771437211,26.155027313619026,35.57628506222748,14.62100063760626,37.04946997176649,19.132806348059205,30.289987832762723,21.361957436495832,-3.5936333744676006,33.559339428915195,28.577146397891912,35.92988728753524,24.93621469871303,23.234987589251396,36.70673726337457,39.36531325996713,9.025842889781314,21.11502384689114,21.101410841819156,29.116906823822646,23.99762967906301,8.855190450169776,31.360410777867262,8.322560942881804,11.3503107021158,38.224786994551174,29.522325911285318,12.490023961499535,8.680067161526125,20.117169171821992,28.83735179384793,9.962479028787826,27.47744201013802,5.713202714885658,16.36511086026041,15.516352104236159,15.93025392373166,32.489713887995755,38.94563016013836,37.18047798438705,23.794808112925043,38.00564890794812,30.91991324603512,0.819958911139794,32.94214576763383,-5.2129872869254195,28.594741614255803,37.87505395921971,22.993658256552703,32.12999856794323,37.33639259006703,19.303313592586715,8.798979176341032,33.5923068651707,33.22951883164607,31.699664301626004,12.320156209435483,29.24994528921464,33.4357790795272,31.34291699776899,31.44439914792468,27.849174191887855,27.1743912040786,30.275665975906847,19.99453892880816,23.187910014282703,35.16801564773648,33.77542114669908,0.843780870401715,33.12283689717511,33.252186758330694,17.495850388135533,24.635052631792693,36.35935577212993,24.207725254404355,37.26751007326887,34.333248981737825,4.562290776315114,37.55902870690187,15.843713185644969,36.50658425938642,34.394662343102404,21.127661671766838,21.70628335053185,17.091651181845137,39.5386796592824,34.01616700637566,15.682085262245783,12.036577494230476,17.9637327361692,13.202016258748218,8.98132084923108,33.443550423344846,37.36183072250258,27.281888651152286,29.37064057120963,10.379602023477366,17.004229888403692,34.25451524226839,36.29311106186246
30.218854504865664,31.889736093489933,6.7733677783678425,34.765964355961245,32.02322878337931,14.575954552267556,-4.356555908540736,33.20708162602616,25.755854353121027,33.903584378600044,14.846515964380941,11.090593794966363,23.29089783817279,26.691474803030445,20.39071915969994,13.970309322629076,19.7814841981301,29.26883622973633,9.759700021146404,33.49331232138641,24.507073105894,29.202979763662917,21.81781572537474,24.066844951458275,18.93530095358189,9.540962056969208,19.799938279918813,-8.353619360697259,21.920628427352913,15.251852482414957,12.3158636504816,26.024826833815574,34.35198099287262,25.630329258891475,23.138117690505613,27.423051865188768,20.69554602476771,20.536228792279836,23.15936819874199,26.781893647453753,26.13414387441718,25.103276835777606,28.771248435095657,29.786785742041943,18.56264331723401,12.590480335551845,27.01275623730038,26.1032612182735,14.967016223170416,23.888108414955134,27.480553762100772,20.823937015584434,33.2293696552055,8.357375977916723,32.07123563463017,26.56640264082566,29.073853667831823,33.327521733097306,-5.84195726638908,11.932699066497921,2.5750175894976475,8.613322512497804,14.002551005940937,29.41404338109336,24.41711178240258,4.275482115376177,30.181560907716637,26.474458484513953,17.894234625504982,17.42626833406674,21.53789294058922,26.80233629928804,31.085294019226975,25.044284793663067,29.22410240898362,32.28299735138051,30.666920293815217,28.651929085968447,31.70473731180602,19.770015023059074,26.501110432917095,6.055638756080499,34.69004482049262,-8.153923847002597,32.5112710688576,14.362188236510002,-6.041671159428815,2.355009768261126,3.8108955272191043,13.427062463761402,32.23236936372205,11.286211976401722,30.409132314779768,27.624728856039876,29.793496270211374,8.720506833690873,26.489553124673225,-8.185130309783435,28.897378890852103,32.32352485485044,8.08942938485866,24.317815782586585,30.863447565383492,14.609192736271329,32.87937498943357,16.12945829868708,25.83905296546949,19.55990857941595,-1.1294005226452224,30.000121908695387,25.30113720506207,32.126267090598354,21.368070339356244,20.407276852013638,32.22656103266813,34.6228994636926,8.358264796443946,19.759509974270525,20.417590227167423,24.777852271010573,21.81980368339573,8.03603082835307,28.870741440715893,7.244560604051002,10.211735936099625,33.14623018261738,26.637432190644645,13.072981474707234,8.375164826213819,17.814599237037466,27.091582622086555,10.303278289902122,23.795411402727957,4.646886735694908,14.704555291452849,14.778925254083545,14.685070683767417,29.400821861731043,35.38984951577232,32.94543832306223,21.960652827231424,34.43317130218584,26.657223386440137,2.5557442237637487,28.15129003655481,-3.9916583760395103,24.269384471555277,34.14511265956134,18.6892905633015,28.351337411065185,32.55646682476959,17.968174950183865,8.989182120387559,30.10544088753621,30.410301029417013,28.46038411880521,11.371167731445565,26.15319282542405,30.36696664799245,27.231146434702293,27.279356682389338,24.382757024827264,24.278196221165143,26.456465404415745,17.346740189941432,21.118217169327377,32.01732946571857,29.97946977753239,1.1874380619405676,28.838925137101114,30.48263794178556,15.677509658976788,21.127385423310585,31.92473889141879,20.839017816132742,33.60018390464986,29.896101572418168,5.428707316811433,32.41577813145709,13.571697092078299,33.65253328561864,29.865475232643252,18.393676090981273,19.926594590395833,14.992372215173619,35.59728807809598,31.434000327442227,14.36471539895506,10.514423302677416,16.28839953537229,12.768347179103362,8.698895159664941,30.091570689400747,33.410790003940754,25.007339670072792,25.23131484528872,10.082130377664349,15.061017182656203,31.14722183459708,31.145230282068844
33.41669484193415,37.00012915270004,8.26021748865228,38.99046969760934,37.98864586740369,16.584964384671277,-6.7063698258451145,38.332134604798185,28.675886854292514,39.14319401645628,17.80045063804508,11.459872575214288,28.281105443608002,29.648598511541437,22.190580083165898,13.963859523539977,23.966304502561997,33.39721018578893,11.103585374195722,37.70141574217373,28.70869032961048,33.58532010804317,25.28094749697009,28.517259532608815,21.87086264336915,10.900876540677224,22.478615202776048,-11.863454603423005,26.996167495680844,17.869489985658713,13.776845037339141,31.526797460447973,39.127850252201696,27.872664960348526,24.77865501954763,33.18455466296356,24.30462531984881,20.9099107656833,28.64219998049013,32.67652527284928,28.41244653179541,29.519110946667304,32.63556191970637,33.036012240138675,23.040728954671383,14.425859445119414,32.738698096732335,31.56805586563731,17.13102030456599,29.58211648407406,33.6157666835642,23.889979370951767,38.93505041483431,9.497592733196589,35.41276206711477,29.55073085301051,32.34970363769431,39.54782423549541,-7.069098194964934,13.081539813929055,2.300560618881089,8.907744668241863,15.804182092056047,34.896589529488935,28.701893146603194,4.1971931213837514,36.3948246584635,31.214303303767842,19.662791945369477,17.296553814814743,22.732087113133005,30.612807647489113,36.61371421443832,29.684465618626554,34.15643534212363,37.32225605163004,34.537376851969995,31.364926829698852,37.56571821843905,24.0033911979286,31.276975574709684,5.390528890511327,39.40060677895606,-9.667166771278609,36.154167985539324,15.821651503241394,-6.845689154533052,2.3136900670307363,3.8610420268127674,15.392945109249501,37.34933657357924,11.72670536972932,35.77102115729505,31.645069131128537,34.90145270111456,10.401601552893364,30.944612414079394,-9.825021114447122,34.74812389705881,38.05605211333019,8.550140913516897,26.64489909429373,36.53148792701005,14.6461332194089,38.11803124072022,19.873350086672083,31.220311809493502,21.83842303808035,-4.025427236554486,34.396613527375756,29.437947189436724,36.83390225722168,25.77972811833189,23.811608427352866,37.85983227055446,40.44362852078587,9.079228094167558,21.638838937053507,21.375774900835477,30.071013746142718,24.561764339011333,8.823429920070877,32.12791624405552,8.390800740897166,11.580055116073513,39.35534676990058,30.219029395627324,12.405599354995083,8.94967573942326,20.516379061719757,29.445632500659972,9.906261939055971,28.312138701183486,5.998650107500685,16.762155891352922,15.955071136674187,16.375272748953254,33.199606622376905,39.827403017361014,38.252922176312175,24.171516902281873,38.855355591019375,31.784426452744803,0.5176098210598625,34.03949130948974,-5.446635874313714,29.542260449589907,38.78527202287003,23.94789189463229,32.99841202181632,38.49798244016345,19.599684103767267,8.766647026710038,34.40855938926957,34.04100345877975,32.54576428071665,12.561095344444759,29.944644516464678,34.05160363249408,32.37132812738752,32.33943829657264,28.614568099800135,27.82635162144114,31.085391002581417,20.596507569338975,23.531854040729,36.120005172967744,34.63722093100993,0.7822804820503614,34.082530660210814,34.04584840234754,17.904253753317587,25.37239740081319,37.374569178899144,25.004325954198446,38.02019547469563,35.181385016475126,4.555084579237336,38.63947598026667,16.34956469960916,37.35874954996191,35.50578163906271,21.754789279347666,21.967391556106193,17.52238051334323,40.543739859942825,34.63945794396419,15.98179706697526,12.322351273917699,18.40796768934353,13.272910244264237,9.184053862642775,34.129989607033224,38.32163270667208,27.728396698887618,30.296973895694034,10.73919884064257,17.406219613942895,34.97807457274707,37.42072971417963
34.33840259343718,37.65512992677415,8.345531441966722,39.799711541087206,38.5285516153909,16.889839095877484,-6.693498585556558,39.04505876506988,29.416679580087642,39.85305526792516,18.212565241070116,11.702894310851093,28.524294957185045,30.416897475005662,22.73462496125038,14.970958346795204,24.368023595482722,33.97980755520494,11.68588387021383,38.549972083984315,29.176004992730572,34.41685941182201,25.981156877962807,29.071408398678926,22.291025530877537,11.053838058689442,23.25137545304377,-11.604874492817846,27.31524515383679,17.955169956584182,14.049735307184942,32.06464279314964,40.0603581618187,28.695646998746554,25.385129174637434,33.39338589704761,24.792755431413017,21.893818591902164,28.920828038669125,32.964929852704394,29.37241005137118,29.89251996168282,33.40511195021947,33.639223459545136,23.20760792978607,14.717553191582297,33.08950060635996,31.847138269165534,17.796033706687215,29.5603638090207,33.754554993431626,24.436717339678797,39.57070867412595,9.614437111034624,36.2107314564546,30.42119865815305,33.03772234633548,39.96073546111514,-7.106298154780934,13.374307572231324,2.7148124623818726,9.35304941068396,16.56310885392438,35.47075514978386,29.084388338584162,4.34819830676663,36.806845172311554,31.647089702367897,20.250394372782516,18.17893268670594,23.36457606458899,31.32478209168754,37.254166951310275,30.059273115521655,34.63992448178892,38.04407730628441,35.119299727413,32.12570244802897,38.18950296807279,24.08352325900072,31.90492799254426,5.690815726687775,40.203444175830654,-9.803407018548205,36.87583823498414,16.5956580558389,-7.266963065490355,2.7081500202455735,4.226340319881524,15.65512331117514,37.93048894031657,11.84295425390996,36.26522002188649,32.46264295788416,35.3965442527557,10.476277117014593,31.315717482356856,-9.850823648765823,35.195503927390284,38.692039928397016,8.924000122063608,27.435315838553738,37.078703742469735,15.339854544923229,38.71943541699958,19.967866651111102,31.552993339717254,22.656600749669842,-3.8246521005425187,35.15095621537203,29.9650332399865,37.53750495807924,26.03907902381054,24.095842641692627,38.33371914503053,41.042252987583915,9.597222381163766,22.16086541861546,22.369030176506197,30.433338004885847,25.420377974528016,9.26369773238452,32.7923347813382,8.556164747778094,12.025511918071505,39.84723334368805,31.12234760742274,13.244212644819791,9.2961032454627,20.946592399902926,30.113775211437137,10.34174722686197,28.755825596315656,5.9198316921364285,17.358965908958858,16.417753625370192,16.730420271666663,33.96934949585569,40.60590139148094,39.01665048909999,25.026812213533223,39.64975673169472,32.117057877452176,0.9318001518785668,34.38232106643194,-5.633053173730209,29.80487594001332,39.71222945419202,23.827348886178218,33.528668252056754,38.88782170488358,20.433260702258224,8.934040951536904,35.00419800714291,34.822812605734846,32.930210762610564,12.827330425805094,30.755139156648223,34.80497701916596,32.634793300187184,32.743106739422544,28.954211145369197,28.459295100253556,31.681006747471546,21.129849020403302,24.110292068781437,36.762248019517635,35.33461210481609,0.9128506450053613,34.529645648644646,34.68289098923951,18.69706947521751,25.69140280539768,37.96521331273898,25.403429761698806,38.90317887314203,35.817876582681556,4.779761872991507,39.143393430026826,16.535756860112855,38.116781947557286,36.091598102116336,22.26456586524991,22.570226006857304,17.910550724741043,41.16707487923751,35.47124151430031,16.295757079855782,12.774241766645822,18.832110401179442,13.879015807707416,9.743445615747632,34.86906424740388,39.03415828752653,28.412664875838217,30.54521516744176,11.008469327650033,17.93647468926544,35.65522702440079,37.8129979610177
34.29751256958472,37.46215982643759,8.333744698446933,39.58360148383239,38.19990714100044,16.73164968125138,-6.6254515895103,38.708219315545655,29.385237960303805,39.66585129958656,18.04731148144394,11.675256858340083,28.261067071211176,30.303039327580187,22.79792449458531,15.12730104416453,24.160354881825945,33.7011546529991,11.69151776857835,38.41500531806901,29.05178440012705,34.223754333700924,25.733987207136405,28.779593520590808,22.15494920601263,10.926670344757603,23.22985235327887,-11.296673346460782,27.09190399169799,17.815078333684795,14.009330232520925,31.792769770126426,39.911408626492246,28.658309849609306,25.32627101110529,33.061740399225116,24.65581173617524,22.00282891308932,28.544892600603713,32.6405876879479,29.269352766033364,29.664649040641656,33.28110894931096,33.50287764181522,22.82343318349196,14.636783342096635,32.71603545115984,31.60308716322615,17.75355519890609,29.22870188244404,33.40399698198136,24.194321330494144,39.33442109209075,9.313838710220608,36.12796507642835,30.400052290190345,32.86608778482766,39.60992936167505,-7.022069150968768,13.383535771858675,2.6847533366051204,9.35576252964426,16.637910658141905,35.21176079644896,28.852931467230473,4.227210937176666,36.488951628854544,31.40164514227216,20.163576663873002,18.265310523643556,23.309894406451065,31.164879312365887,37.028796845035565,29.78584979264679,34.30408919644147,37.83068260462364,34.99295192897761,32.01434037545829,37.934285386516486,23.8968376279822,31.713848290006567,5.800239489554634,39.92769547752654,-9.589026968379734,36.70252185087237,16.723888861360393,-7.1345922725544115,2.540222676301241,4.215259006458152,15.355216163595484,37.73727576274242,11.773184828005336,35.95062437966338,32.387573122580925,35.03912632852324,10.363690766455868,31.042169504139494,-9.785497914652726,34.84054062640411,38.3280867680279,8.957044214111066,27.44720724902102,36.707571375836345,15.453322788725998,38.4028343532693,19.726744649709598,31.299772005535967,22.64293794533473,-3.6041377742793155,34.90804214919757,29.871268404026647,37.222417339965375,25.888619242492243,23.970416174521695,37.99659430897736,40.721899117676124,9.556883557649252,22.07519629052728,22.43911351836641,30.15784154056332,25.449559053988406,9.145085228721477,32.6382381664146,8.630842959909755,11.888636023845947,39.492365210259734,31.031054980515535,13.430006072195672,9.361891712776469,20.787066749523472,30.090086304644128,10.440635905578214,28.4707408052229,5.917892198763925,17.34078655874235,16.385794171922694,16.591212363854126,33.79171380319984,40.35962818079382,38.80503973157124,24.880576928082366,39.48294156674128,31.80107960312179,1.0689765973919314,34.043610874511,-5.432911526545026,29.510307572922837,39.56692988873385,23.438079213821652,33.223951208274315,38.557233698624515,20.466100747571236,9.041842648046268,34.73885888146314,34.665802067668125,32.738821622929535,12.621139302999358,30.638959625375787,34.580367033191834,32.30837866074089,32.431617670234,28.61026181154446,28.305621721290848,31.36381560514318,20.90223977036802,23.955679505998322,36.62981953214478,35.07454234306651,0.987723742081043,34.25705199385683,34.53093223067069,18.711270015442473,25.41128088634251,37.70773641565988,25.237781657954702,38.64881009721391,35.489510097781974,4.893082208860948,38.777032256428726,16.450036147328245,37.99606346146585,35.88426037491629,22.111035738492166,22.490820186829485,17.816513297177966,40.94562184739635,35.31963890595227,16.35605389159733,12.704038729302809,18.845810653782824,13.93190116860222,9.62759363279796,34.66055564247103,38.80220591681939,28.292897246256757,30.324459756796536,11.128828292109668,17.895385772198434,35.45787682100652,37.487657430639445
32.33514709319919,35.66413930340304,8.049595560374886,37.58322505188967,36.44351439023217,15.841514310547502,-6.3912394530556025,36.78796552747406,27.593820976967706,37.59830770228066,16.97871207152689,11.085531068758206,27.226603730287152,28.663776859547973,21.311789905815466,13.588776741103965,23.026505092328154,32.249961863582364,10.73114040193109,36.36829932390038,27.649958737338107,32.22889042030436,24.37541026076642,27.56076111274282,21.36204956104502,10.276534120800136,21.587948108455464,-11.44687480942206,25.778384427026552,17.068017946908974,13.277615273662184,30.295204245139427,37.70278635075868,26.99415815426703,23.89241049046225,31.633277671302643,23.441463433508282,20.206792157248763,27.405063412639976,31.246249989562006,27.475619476690543,28.545529943692518,31.412899801771083,31.77016946683696,22.035227251100366,13.745468481793308,31.41187568616399,30.256057228069846,16.563404961053013,28.23436296967796,32.059985497802664,23.058707995584,37.27216779962026,8.994091421943168,34.24446732412924,28.41039848827599,31.215336251038657,37.79935994855394,-6.655812135855615,12.462228213612617,2.3171751860741048,8.749738326240841,15.093605757084333,33.520172423692884,27.743120583486075,4.08122813929894,34.814008200591545,30.086402511337095,19.190665468616356,16.87164247448063,22.077360882197247,29.553019559733354,35.02605486575984,28.446235961698463,32.742357345905305,35.99188032257366,33.2907882738002,30.479369777432247,35.93288708724601,23.028346302171578,30.06455529644743,5.380484090485685,38.008330344854514,-9.328009534617633,34.88493778423308,15.34257932766911,-6.722317208004311,2.267889451612654,3.8437849100931896,14.708355848781347,35.95920980448174,11.148547518168677,34.37476147602048,30.359709619230507,33.5177245206476,9.834742161703847,29.958529659809173,-9.33081352860521,33.260549532070954,36.467502733722455,8.225946993709158,25.799249841415957,35.03768150094809,14.375463648120874,36.666648021467985,19.01587683215033,29.849344652188172,21.07927695254236,-3.9503215119591024,33.29965154574115,28.412517471432835,35.449213540409964,24.745523981128077,22.96187859975672,36.18533331333602,38.92522093399675,8.753729196263876,20.940201833895596,20.762542362906895,28.769109702450116,23.544657613263528,8.569473324319747,31.161459330787785,8.186925896476659,11.110428585066773,37.71835901989772,28.963621141697843,12.061464562295802,8.605992066729517,19.802061709513907,28.526381312459968,9.521056870811991,27.103878682738088,5.870116500759836,15.872761602478981,15.570229607993094,15.804585174861002,32.11626732289666,38.360651244635704,36.78071956205093,23.357260101461097,37.440506484364185,30.529058019883173,0.537588020066386,32.54166616053514,-5.356093227836919,28.277869814527385,37.2902066322532,22.99936238973222,31.54287790094257,36.94914221994457,18.928722279958237,8.49704537068176,33.16864093224529,32.783290368395804,31.31926434035382,12.16238777989788,28.675236026207674,32.793139371086454,30.973337229113778,31.064950837922,27.66627750131124,26.771956498137126,29.86197444777337,19.8890294682239,22.893074564035185,34.74161690578772,33.446420079465916,0.8034039583387721,32.67964119836083,32.81694290425626,17.135642636541853,24.430159924924112,35.91161965187683,23.8955544773099,36.64536337513905,33.80309789560144,4.174664577772379,37.093799785562815,15.941194731618843,36.026330628964494,34.032445426496714,20.96175413470966,21.409307801814684,16.595153830641713,38.9527585337193,33.47398371539488,15.397954647722685,11.81487822182258,17.875845145447492,13.025298670978618,8.941772841985046,32.972327390104255,36.98217329731608,26.922674458836575,29.065594433294685,10.27673162263345,16.71601470092835,33.62395192436139,35.83152120741968
31.160450147444546,34.13284252265124,7.5514632460578,36.12464346773456,34.69495867361937,15.341640263581796,-5.949652820727344,35.176034363782506,26.866955016060377,36.15072660215657,16.445518461992656,10.745145057731644,25.859781655763058,27.679128417411487,20.96239595307659,13.718321162716743,22.04538721476786,30.674821014871256,10.709632421890321,35.117351026339726,26.410385202614602,31.17942412715093,23.37722188366806,26.360431090700388,20.262506270510226,10.01677226987843,21.215275393706754,-10.154921409516943,24.668981595125295,16.454995083518305,12.860614007427783,28.97551206152489,36.24852984010397,26.194907309470743,23.0868354314368,30.057910864797527,22.577143041817276,19.986155578270463,25.961328062262602,29.748955619009823,26.529185726317657,27.168924180668593,30.272739768369732,30.5626529559465,20.91446374488382,13.21936944956999,29.71891974842028,28.7770364059297,16.188127227652235,26.646335030895045,30.396432708458814,22.283041916324585,35.81514037960065,8.686875650679848,32.8553993855185,27.545301579008896,29.875800390556634,36.01998057937138,-6.331713277208983,12.325113152719414,2.589916213237705,8.540814960891549,15.130051140179708,32.04116347585726,26.452267546159103,4.063505094295835,33.24550989864057,28.784387299949945,18.44353504303661,16.619886497718632,21.331292177304686,28.42231864456681,33.71419067204572,27.14625046905046,31.14620364748746,34.39494640826702,31.844100268759973,29.094646218485916,34.535155478289276,21.919042285122767,28.934534347988393,5.342712848821692,36.34339830849493,-8.734603886789253,33.44404081507386,15.287475920828143,-6.369509225823661,2.335202070555331,3.8268758699704075,14.14988533405847,34.40829970770357,10.822898606350606,32.684603862736935,29.44041269888075,31.90882262755903,9.491239741614645,28.310476189375713,-8.768787810674933,31.726615111688915,34.840426007091885,8.308960777825808,24.948957830272384,33.31299416608361,14.113939388364173,35.01842325007002,17.982667681741944,28.50007243703767,20.686541885085763,-3.1887707158677694,31.803242440767548,27.337777730393398,33.90928224305669,23.733411234483384,21.862428840014992,34.54446107373767,36.99941651533148,8.495460864996863,20.243310779625347,20.368718768719262,27.44142731730275,23.13761063301669,8.363188368053532,29.707168852951245,7.794791580533761,10.783471412646106,35.87777391678917,28.261020788643876,12.212707740895977,8.534824311867789,19.027498230071494,27.465460143827052,9.718785209705333,25.848643628731452,5.42311548169855,15.766565702060374,15.126944543825852,15.204014171416183,30.788228643810932,36.67921352142665,35.358957612491245,22.540567713821734,35.935429645554635,29.01969388588747,1.0915711556975838,30.974341664018933,-4.660804413873431,26.947938742578014,35.92538554576408,21.344614143312892,30.196571258104996,35.133620195054505,18.6110313526222,8.338399285387133,31.47646463082875,31.44899191070612,29.813108902052686,11.631260744217878,27.840167772714548,31.399919633945327,29.399578752685226,29.465706099023024,26.1414902980038,25.80297837153172,28.526743450415545,19.079066827198396,21.817964098413512,33.25438054696956,32.07389786550864,0.9266977329210565,31.10419320916302,31.386567927344647,17.03525511210461,23.212883900719312,34.34975201491287,23.047589605000113,35.08585943926028,32.26889056403045,4.7072197445603745,35.25150987811348,15.032050914934644,34.56791705220718,32.60966003768895,20.241049848166252,20.294068136819853,16.25579402106797,37.247295921083726,32.02658697962502,14.810845035261746,11.412970506566936,17.430650960257232,12.830174540010859,8.755525023684378,31.638832060431664,35.3035608911668,25.762706359851702,27.617896548941626,10.164598155132031,16.227947114982342,32.150947074122485,34.08109000612656
36.31712579942153,40.532593720621996,9.323979511236686,42.23828456225683,41.765461700804984,17.95554403912804,-7.812250977812179,41.92643643445281,31.1389840494118,42.77083248782104,19.720022109824928,12.252008909188904,31.139507217050188,32.20212621477419,23.86855770455448,14.985752081221904,26.494904667498997,36.36302383604364,12.124733028527697,41.00015788983111,31.506032645253647,36.70226709172276,27.678873538631823,31.275991004020575,24.000609207871403,11.624298356294956,24.565815574162546,-13.478980818191616,29.96992869456544,19.457119198398622,14.922358477573287,34.87251440280379,42.86924304645986,29.92236433621187,26.50578080908537,36.451957051187364,26.683833255998334,22.360229515443294,31.79366304372281,36.05762680121557,30.817331687346385,32.277533659887965,35.558981115479995,35.592228227947516,25.38765480887445,15.703179328670943,36.195589442992436,34.829092904909984,18.78963007074257,32.666562576833726,36.98464490068311,25.98578392334234,42.588645046982826,9.937026168116546,38.297540066372534,32.20776409366956,34.99641033304692,43.31767029385547,-7.744945850955609,14.008845294392481,2.351277386308881,9.444222652712456,17.265071878865506,38.469786788441866,31.40899564922833,4.22088923054452,40.039587532866236,34.200369748577096,21.222773386688566,18.38619445354092,24.361652625217562,33.350582597366945,40.12276513555455,32.49998667187783,37.35895515363216,40.791989145660324,37.50144665357357,33.99052593337462,41.28880420327865,26.26863095865968,34.41781624563793,5.423075206638405,42.96476907307035,-10.62814903858175,39.16451104546721,17.32389065194711,-7.613297963727983,2.3517238617143024,4.253277321230123,16.519801619667646,40.80478557444117,12.373095426283015,39.20262602042816,34.58463661202824,38.19766603789973,11.153405167222445,33.911304175711635,-10.730521289104301,38.264253789419634,41.805823144117966,9.120157705349147,28.973213448420562,40.1839356392722,15.721834709798797,41.50804281923573,21.943390656310324,34.45675158036539,23.72897563102523,-5.196016392381905,37.53983069576139,32.22078901092421,40.19474462315529,28.508496052172383,26.208706037599143,41.33826094161748,44.355469276440296,9.897250479324342,23.18897534745703,23.047549478035567,33.22805184206577,26.76373564856796,9.615416313630568,34.78766707146011,9.336321472312378,12.598059333962686,43.22711906759356,32.97157494599975,13.154666414590686,9.504468183350237,22.458556899654553,31.749491526166135,10.371774474758979,31.122260557232796,6.591170318765585,18.280786234654478,17.00989724696497,17.58731705451589,36.083268912422305,43.280696202972464,41.87722131347191,26.26661157491905,42.22550163459974,34.96263770746783,-0.08918617991110647,37.454100000542866,-6.3247382485605455,32.6416660913304,42.37503188827641,26.61414308850029,36.12211808291405,42.154454626163414,21.33456779413405,9.144435865050431,37.551204711240125,36.964889733904336,35.27742881079271,13.3682822200605,32.75460997663505,37.08924075892891,35.479333749637455,35.63248576071976,31.289211519032722,30.332573658359525,34.08125441148132,22.69290709154837,25.74976959437153,39.22872257329166,37.86833571312793,0.7372546016764273,37.41353251198877,36.868378886987784,19.66184983582756,28.038498397251082,40.95073091900496,27.59520025064045,41.45712596460652,38.73759403907082,4.344163598133816,42.50230401050719,17.966468287776472,40.39599824065225,39.07553689974866,24.042060899752283,24.099219702648583,19.094758779732413,44.04939794804881,37.53938545616653,17.294082817561605,13.55281305400198,20.067236712167663,14.212013526821496,9.845639242933764,37.26989216614127,41.87780955649765,30.13897053107475,33.269948260305014,11.42160031089553,19.02207792128535,37.97060877871491,41.225861177349934
32.966297901585044,35.963512316665515,7.81610069249724,38.30105087372422,36.617258333769456,16.06326488650105,-5.811145191230772,37.21278082563461,28.18425747884891,37.991598268975146,16.892063217771963,11.676091992147658,27.020254137779848,29.2702896088889,21.906837310444185,14.1635642025505,22.79783978914284,32.725349916016945,10.836353161843192,37.05257816129633,27.809202704816528,32.63409300403845,24.574575729094082,27.689034801004812,21.31251472934142,10.611567865950212,21.80432129918349,-10.891087450175062,25.57907765736473,17.28114984451822,13.438983186047487,30.175057714229638,38.21033732648541,27.772575700018763,24.685300458874448,31.600879234826998,23.57330735919834,21.244330862996925,27.17568612650064,31.104206624684448,28.297112925212293,28.640656400069957,31.88287957577022,32.5986121769084,21.85004585251762,13.90816718566613,31.297485408733042,30.121329050504116,16.77732007275378,27.96387871891601,31.928649140414624,23.316808103046046,37.58333523722265,9.086298565071786,34.999899750763134,28.96597463647738,31.973036346806683,38.01905289636744,-6.7655389608780085,12.910988420467774,2.3118906763868994,8.978391110683077,15.28903125066711,33.65577867480115,27.84024700418967,4.474687836209012,34.77903426400253,30.28440786244402,19.552352153053473,17.883058446837133,22.88631633983409,29.92726347408723,35.21016402680724,28.449957502491607,33.12485804574075,36.294793524179966,33.85091175510312,31.220422535980138,36.08861039180503,22.970633815108414,30.22111340274329,5.8581328764031095,38.66248299325122,-9.20417945049534,35.648082083860466,15.561331219008396,-6.830883760565375,2.362416853544975,3.833731958501502,14.921303473308887,36.197753582280455,11.752132433866073,34.587191512394334,30.747537915410213,33.749327227489644,9.956976759820389,30.075893192726877,-9.35929154167524,33.30734042585394,36.74764979773796,8.517942197113483,26.374031595442702,35.19425323146307,14.986028236764874,37.005335884244424,18.81511820080318,29.766356939216,21.497503622228976,-3.0057710837411364,33.61693550183902,28.560008783036064,35.88935198065749,24.630326397561767,22.978073387854888,36.4666461202541,39.13754016932652,8.995711776783098,21.360405892645222,21.51125318061829,28.688200727285782,23.962685281544417,8.775225778325773,31.769633730236905,8.393103303645308,11.237273833630368,37.91086746591233,29.419134980632656,12.821551911892499,8.875817898241024,20.11093126208933,29.230640209664603,10.362371786313007,27.18849873836778,5.6241849999929645,16.193240057088556,15.961520747317474,16.04802350310588,32.58313938431164,39.08376947487113,37.03770782940776,24.08522987291863,38.09625889036956,30.600074095776883,1.347647047938895,32.50774521573991,-5.128864006782059,28.1576306873314,37.81814813037355,22.480388405620303,31.940527633661315,37.081652303364606,19.359993795942042,9.214948751327212,33.604105986676494,33.35414488897099,31.762949597344598,12.421314609111544,29.107283267281648,33.51389596148139,31.047550841386236,31.136166294136416,27.76113288589736,27.132656542164394,30.07929527403989,19.754824516331453,23.344860079228294,35.28957030921002,33.74593684902124,0.8919151605456457,32.86011748508121,33.53012580183436,17.30510586284029,24.330971430108892,36.142906990706095,23.939809111235803,37.30654478055164,34.028323359266714,4.900450283455014,37.20501790031287,15.723984745451634,36.81111773644759,34.062681490207254,20.937886500723096,21.696276008972742,16.886142380857788,39.65099641041996,34.29709082952784,15.964284702196544,11.878017760039553,18.0697339717089,13.469192598967302,9.191696882108339,33.52694400720738,37.38560316560994,27.4958007575352,29.107200400174424,10.663028030107041,16.965242253878763,34.36111942336706,35.841656707110296
35.000017954901125,38.59597133298545,8.734761116514715,40.51744565251943,39.619154158111876,17.17599967552273,-7.232372825142793,39.98583899607717,30.157687820594116,40.83425403202653,18.975093584232834,11.731114326824871,29.28353641890474,31.071533318064436,23.2583146784752,15.319149373240037,25.253092516709227,34.63917004662211,12.245800487153343,39.392434338574915,29.9382929743877,35.34035291205321,26.761206859754473,29.805616353492685,22.842157743968315,11.097234545480804,24.06305624061456,-12.02758035395767,28.355076861099246,18.34629158607181,14.20657701886482,33.1582701330011,41.128170264645846,29.13000599333846,25.555763825338644,34.33492961726199,25.453409805571656,22.204708709705024,29.931628722435928,34.006279247254746,29.921858971594055,30.518516816515266,34.20173562588906,34.035130120518204,23.850869292296068,15.232176935942547,34.14780966511093,32.81000045617189,18.368908388219328,30.446225517823038,34.70196444483266,24.899548162331556,40.63117352522363,9.728223248934013,36.71536916962053,31.224947985529457,33.477547566854334,41.00610750894297,-7.282467068009296,13.610227529612756,2.8968067060501936,9.503523812513953,17.224085907005087,36.51646521892611,29.791707610719318,4.3163162308970575,37.90584782870842,32.426097659961684,20.757455622233437,18.29435197764691,23.48447109818124,32.175677174864305,38.3159926681626,30.711662318257915,35.41398886608108,39.07201989751618,35.74966071542454,32.60693362665896,39.3526538241378,24.732490262577738,32.91956576616078,5.656530500503541,41.0491756707827,-9.94394853242875,37.39801299993198,17.17744792344497,-7.389886400299143,2.7361103602785,4.315171195125827,15.843212527670774,38.83966043465222,11.714247104194138,37.17106858991813,33.40032364130627,36.25182768864419,10.615782346437573,31.88312790215847,-10.15452867584572,36.2241393595512,39.807170367805206,9.210612829344445,28.148017788636334,38.11709531093424,15.484842179417802,39.57542419948503,20.641999101809304,32.56822801721087,23.248918976918254,-4.281737087476618,36.03488475610671,30.80168301410535,38.31660793164657,26.926747215976466,24.70055869618595,39.23678452938133,42.08231103138389,9.984547116243684,22.415222755622604,22.781334725723635,31.39390231058844,26.166044707770475,9.517913133526555,33.24307289739724,8.911695206038566,12.44950906689779,40.93358618827993,32.008147189920805,13.432373131659661,9.587795462022367,21.434805237574665,30.440055712917633,10.370827622599936,29.60609991330586,6.175332249155969,18.0207102527139,16.616184912539687,16.880189527950442,34.708147071320305,41.35062598784128,40.08803438327166,25.519784756674795,40.42329826978386,33.00997386087554,0.6024853630520536,35.41014001106645,-5.830380741122067,30.761352635865986,40.740132947592734,24.559931778047517,34.38985498296362,39.8012431660908,21.10271581747589,8.927443630048272,35.68936592304394,35.456466705428056,33.53249274396293,13.029701835228256,31.60373531852615,35.50542663748455,33.4113703224055,33.65506205006475,29.52773744776918,29.213599497160338,32.58645989737396,21.819232805950616,24.608016591315483,37.438638258453054,36.242121555582216,0.9334481947262444,35.45319824037243,35.21134660076956,19.467501429217254,26.48168184644423,38.938448831522,26.284032967978106,39.774389021451555,36.814884362211075,4.576214293982808,40.2466227131568,17.011163890432414,38.6847867960146,37.19461599150513,23.047617982636417,23.008345059714806,18.47839194440992,41.96531516425268,36.004984281149255,16.554180136822055,13.447362552861437,19.487493359091438,14.217648597591673,9.985301762406076,35.67534187979802,39.892428712528265,28.90373761653224,31.39746548386014,11.067205729795049,18.596515358078193,36.282259150578525,38.95677462019987
35.555204402733466,39.403930212453055,9.192141179047965,41.17970659410603,40.91902849636884,17.596359553593892,-7.729566623378764,41.08695245576836,30.550910339764147,41.83841634591152,19.820084644215527,11.462748156468843,30.271647131343148,31.396914710429172,23.513881264679537,15.318490255318457,26.14698757760052,35.38571570359773,12.448060432795728,39.91497285824219,30.75776006043979,36.03555901092764,27.53892607951659,30.442271947437263,23.220269231136083,11.508093542455015,24.542059090524003,-12.927673641341768,29.481338040620486,18.72900595277264,14.577695924380397,34.212894018673616,41.97939005028655,29.347113142393674,25.923105306046,35.70024304371033,26.06613162956007,22.141182446414856,31.248564757545083,35.22875640874629,30.326636366762557,31.20700275529363,34.98428912487301,34.510376111997225,24.941625621390408,15.778162973254364,35.44288103629836,33.9782330361264,18.65105487526835,31.74200116983799,36.15522574821096,25.332988629887108,41.723750254475284,10.09577017012777,37.16344476301515,31.88114780699934,34.05152176198221,42.32389175822892,-7.551804373739617,13.52243007316107,2.955348923803341,9.461656285811936,17.62492795820361,37.63424619036005,30.304658771354774,4.079127468643661,39.19582697877337,33.07963236981534,20.943477747290153,18.04566744665291,23.56992896178133,32.804290943064515,39.486686212475576,31.765721131446575,36.42613371499617,39.924773151075954,36.41629723885553,32.96471323524758,40.59928910943911,25.39411557648456,33.73936318266691,5.321058108319564,41.89364271095343,-10.320799377693573,38.046078420009756,17.30155830390702,-7.636187534267778,2.841590015873714,4.51418819735601,16.357502981566142,39.79619173536855,11.741483447307745,38.343652699930814,34.15423248367806,37.36181444401526,11.154172371594086,32.6594689875341,-10.443869091424487,37.45983232298834,40.926116260594966,9.166728000657496,28.316968959765102,39.37547556231767,15.426401902472033,40.583715790475395,21.489413062276203,33.745861407918476,23.5416644947091,-5.142157063027085,36.75479336144195,31.364103807279022,39.22448841351388,27.79723293271332,25.544918162191934,40.50021443370171,43.33373202673089,10.22475895136724,22.734069399985792,22.858471102650586,32.60644161157402,26.612349373562175,9.664910761579566,33.67101480632377,9.246673884532264,12.808122497534494,42.191630545478,32.585241862571095,13.28755299420838,9.767499454939367,21.99964903555172,30.767450413408923,9.824097334998147,30.70723944368846,6.545991910746394,18.5749966992563,16.7807486993446,17.129314762926832,35.236319159697366,42.167248405394666,41.12044957596292,25.94789630452107,41.17510897035572,34.007096216918235,-0.08189695877340182,36.70545905492479,-6.38922298257039,31.96616819098142,41.644883175201535,25.795100786640884,35.281420420651806,41.00817071566012,21.305910821952693,8.560762085674154,36.64325896476643,36.31585591145862,34.185481804065596,13.131163811744594,32.27189401100206,36.240898321493326,34.68539001667251,34.79843772789508,30.28468484114235,29.87993991088006,33.601862587420726,22.574528040923425,24.810823761263528,38.306923529739805,37.00923891632755,0.688958393878036,36.552768022668594,35.929817221853284,19.991527954039068,27.41547597562052,40.05079746386536,27.15715717210166,40.68176537993066,37.895954470519456,4.133757108266365,41.539315162293214,17.538198525115227,39.25239202868273,38.45762990964185,23.63432006386609,23.517193659367237,19.07161884933532,42.8745232188394,36.63375707618819,16.87590826947326,13.842959747773763,19.696698633259146,14.102369277903913,10.347968589819452,36.227834052117565,40.93312617273183,29.31360857468915,32.349011530968454,11.281470612028883,19.11967838885279,37.060401638833945,40.32370148809568
35.332876729346296,39.07423392265145,8.632536481276741,40.82687954296613,39.8065154004588,17.243684168929143,-7.179168525741178,40.16097948665693,30.319578652301637,41.24704751466919,18.895643556981547,11.866657495980393,29.733204075765386,31.22095511194985,23.517346504820896,15.39946684257891,25.495685728939243,34.72042469781398,12.239894448153688,39.86811286755169,30.242012135411663,35.762161009169255,26.556711498272552,30.08977553135926,22.971836719241846,11.177281671895955,24.220532967356448,-11.94090063861875,28.55524028013294,18.68524143666223,14.569686619593005,33.459277926934334,41.45075819552337,29.321997356830412,25.77690154730286,34.632941288269684,25.77969361835334,22.326395149536054,30.025746249588792,34.36070040303274,29.903576815765092,30.900967735828594,34.3868894476639,34.43150005642751,23.999657040376043,14.95009704346434,34.240710607809916,33.21640555995061,18.475408756079748,30.74499734659349,35.051206111902346,25.26839341335365,41.08528875166251,9.495348889288282,37.10865394578302,31.365776757768753,33.71779214323572,41.29316627154397,-7.211059994075994,13.824267929870619,2.771186420683526,9.371532655748045,17.479046837847758,36.777142939040345,30.117892451931844,4.427320827685659,38.322043507062354,32.83673150711708,20.61114556311501,18.28373209193103,23.668692455403743,32.36742760477891,38.76578945922605,31.22897839923068,35.656475851025114,39.201765357165286,36.14462836016959,32.74333689813642,39.74305986035229,25.11066383737998,33.31461785718405,5.559538758612827,41.229482767749,-9.987441666288833,37.69741831838266,17.52694408771382,-7.352103937217729,2.478793641240813,4.259739614368313,15.908629620798168,39.318515283426365,12.009248341659525,37.32206121088965,33.68822201688104,36.38455049314795,10.67848303081529,32.31045464009334,-10.010036053835394,36.52748961516492,39.95103730914655,9.113689108366293,28.35691922526762,38.23182664880212,15.737699355877364,39.897478696124836,20.74405635936062,32.89317343519643,23.594138142053044,-4.266110043236577,36.08714652141329,31.22647356834523,38.570570309948735,27.340693366116447,25.08198226463311,39.503967376846184,42.360134078079675,9.750360326932439,22.597516169010213,22.896759724105888,31.781005997176656,26.59774688958047,9.145782828844654,33.54392378783971,8.924867025493276,12.29148313436073,41.18955427159769,32.40604788608949,13.519713777374731,9.459602482716031,21.58532686178699,30.85753961077518,10.66618411797256,29.681216961374396,6.104577224647474,18.14562538747584,16.738913443544355,17.080126742945993,34.942086810627075,41.61556012495572,40.5229061074254,25.526733180136063,40.78258303918037,33.208911699285316,0.7460313705352073,35.70520463985139,-5.62545723963771,30.965888646787587,41.04472291440483,24.751533163649913,34.51429358661329,40.21475850715413,21.105472870419568,8.940950415643751,35.84158746910129,35.74736325801582,33.88221848397329,12.97474760450999,32.00672868547044,35.55281442275329,33.63872276785164,33.76460544706293,29.665258201501306,29.359407428905246,32.57037461543922,21.91749984481428,24.718274694776113,37.83825975227931,36.51026823685272,0.944367601927942,35.687301527376704,35.5070012972895,19.651675357740466,26.60118207453839,39.33039389205314,26.573198400239995,39.85351162705241,37.01433507000771,4.97187574865838,40.456734435635326,17.12822080399703,39.114374183125385,37.59203554799109,23.35115178365876,23.01531018722004,18.490247648281816,42.260046034929125,36.164315288900546,16.826439605171327,13.077106014572943,19.46454302506421,14.056999937899045,9.684690468241277,35.85519476611872,40.21611701378984,29.07466067930185,31.70722769516856,11.37350987236775,18.40313975626049,36.42846115052961,39.20247706017576
32.10181768697727,35.25162112178049,7.7370288619862695,37.188345076721916,35.752818205575714,15.763656080578416,-6.148340420862462,36.22178938087893,27.631736392241862,37.24899183890034,16.767934994336784,11.041091291002104,26.66978438728944,28.460994285754524,21.49613436323255,14.093658013171435,22.767917729677507,31.616259598492384,10.981599306036866,36.20202849270957,27.226255699830524,32.17392452926585,24.03919153334568,27.18459888420714,20.92152370216938,10.226719334677329,21.80745889728626,-10.521862603623823,25.401236954972358,16.940449309295573,13.20652618113806,29.889625396954752,37.411745761518816,26.97528413089952,23.656004994223924,30.964289884821483,23.209176377434297,20.522322083134657,26.721102989550456,30.6534089148405,27.300282091072656,27.972557150390564,31.132612204611917,31.476258079644786,21.44448356371492,13.559580082115788,30.608480027590222,29.697976677179735,16.6049415890957,27.46216108827673,31.320265142719037,22.96544264855248,36.91049630578941,8.80902339261106,33.86276153640978,28.33883471512127,30.77253867970235,37.10149783434624,-6.4858762929783005,12.713835023533234,2.5369865547730415,8.803744378412619,15.565479275928894,33.00197929399968,27.29866845495305,4.129925683029958,34.281050724612044,29.683619492678186,18.952499024620618,17.084560873313244,21.91156909316698,29.29132858359523,34.71615197230341,27.962768193836034,32.12557144003482,35.46660246376294,32.827141453011514,30.02709779753776,35.56211347374544,22.63031028568107,29.83835197147249,5.3973891513469,37.42566979087418,-8.939431624810716,34.35460093452173,15.768844492501756,-6.631003812718237,2.3585159375796687,3.819339621925594,14.453327470155827,35.48047017105604,11.080661037871643,33.628312228752414,30.296597707158504,32.825365745272585,9.76597710142514,29.236372396111612,-9.077862162842388,32.682605314722586,35.92833762534316,8.361521003094467,25.84272893026494,34.342238694268275,14.476258215773264,36.10648020513551,18.54025600120852,29.349674352044712,21.320279074732028,-3.3289449364036217,32.765721980015215,28.225647628685543,34.95570780246209,24.450789772400157,22.485715289504423,35.55096704249693,38.160813619229245,8.73825424604421,20.827176499362167,20.994456147973892,28.27303892243756,23.874117398567584,8.456876496090253,30.68275426949093,8.086129750769555,10.972348328837334,37.005238960812626,29.108608874676147,12.490916140937465,8.712188445819653,19.471399752247894,28.307438167813444,10.015118916640043,26.556869275309623,5.44379264768596,16.163756411483774,15.485200246534099,15.651538631572375,31.7965254505908,37.7927977421971,36.46890320004819,23.25615605102965,37.004380880933574,29.884092163389575,1.0578633047087191,31.91869803311471,-4.894492465424574,27.71969335406435,37.039579843269074,22.003206552391774,31.15007073958275,36.22148769909184,19.18320285430147,8.536227200313965,32.46162541958253,32.37880009818295,30.77316103344617,12.021614423350762,28.695882402692455,32.328568677888676,30.242460873821656,30.336860724954544,26.87471415735542,26.568853213986007,29.35213008501441,19.637861975992323,22.59266001068055,34.276683465066675,33.06343945863813,0.9782841791695139,32.06334829069841,32.30692295541749,17.470254649715706,23.914387661278706,35.36886770805127,23.7609105096082,36.12498120733511,33.27936483970705,4.79509305119454,36.33339312345561,15.442817309220302,35.66486994061502,33.6238175641456,20.945927967913338,20.90355506908176,16.56042663738858,38.32444167906533,32.98023330832736,15.257322917860224,11.772984200412452,17.888859686473385,13.164447837259333,8.943166994649637,32.560285963918105,36.37052506300246,26.552126684487884,28.468081843561542,10.395699880912975,16.670661575806342,33.08183709232671,35.10660812204793
32.880950909079885,36.26675679335661,7.944643410410995,37.94940547160412,36.97990342822191,16.149869390133926,-6.855821800909174,37.40129485658735,28.431094968027427,38.412461005048804,18.0541502412844,11.00652946932938,27.525725979906746,29.14362053698622,22.103300225096543,14.891350485962702,23.77885847452399,31.98661977259819,11.718892349273041,37.11939658545037,27.990177860462094,33.566271242309924,24.85522880023471,27.949317738812777,21.0925589903006,10.445586257728332,23.031956430263723,-10.541554574082623,26.758299052500977,17.375299308000486,13.57574112241277,31.28012993913714,38.680999945643244,27.311393263056797,23.949332875052768,32.19403276121949,23.97761137474863,21.191540754523988,27.936795689093948,31.976405251378562,27.947402317759227,28.454475524385867,32.118552818870256,31.859973207597907,22.294871826059843,14.151027594629037,31.73004520763811,30.83425217395661,17.479968373141094,28.341779047778733,32.46412503685576,23.552387532215665,38.28752262688545,8.980575866606419,34.294410015843816,29.4937116429143,31.21895914516118,38.33854961549291,-6.696624434794651,13.051521389192427,2.9925342812383806,8.728541079854098,16.884170595610456,34.27531273554154,27.798030704207132,4.085429837312331,35.707624963873066,30.42786917972195,19.07786460884969,17.156231028033528,21.91493285081619,30.19626843797338,36.2754843384724,28.96377538862695,32.951816196678166,36.38212641430363,33.373273042756395,30.168618350291787,37.23446039134696,23.152105612415504,31.245138635201478,5.218216727004858,38.22913206073049,-9.14342983778989,34.92504743270248,16.711062450801034,-6.860609884202632,2.5109237123799426,4.103232826388369,14.816213471609647,36.4907423051392,11.149601601782116,34.564778072208,31.73654670111733,33.743047134735924,10.059990821868384,29.59197069768134,-9.268995586982822,33.98525069059676,37.2313663833261,8.768479987773114,26.43051461184163,35.51532226653707,14.677223914531103,37.01354727239061,19.21882902095874,30.73274552404653,22.28072540087219,-3.7596944629663236,33.42738274503817,29.04042635263802,35.7729116946203,25.43144144365505,23.343509580400987,36.69722287330469,39.210415063076134,9.307523187033713,21.026941690892148,21.55191998281928,29.616752440049215,25.274491365706368,8.7092829771246,30.74123629668713,8.363171025506595,11.746523178904832,38.18521714399935,30.58401091572416,13.05643731272338,8.980861221274,20.190827424427763,28.548675829393623,10.150895103770683,27.6052441478721,5.653554043723799,17.635601781419872,15.543272439133029,15.920186742026909,32.430696131002875,38.53378708076068,37.79805795363481,23.858898509807887,37.83707694351558,30.819389740528013,1.0090638006656107,33.209575760070564,-5.005500635087214,28.808118035092363,38.38636992195312,22.604055686716688,32.1297451127059,37.20269943008984,20.04662266654715,8.268055472306084,33.05828780984118,33.18668599274059,31.294702515455437,12.166829401918905,30.105873185441972,33.01715969492483,31.05372330475499,31.274654581059405,27.2072719354291,27.463407289029032,30.396065239498434,20.585745353937806,22.788590455906615,35.035489987287086,33.96296141554888,1.0244374319808807,33.12128261303536,32.74553111965226,18.958709454940607,24.70755891867884,36.574039479063636,24.882060162237725,37.07155991114936,34.4619163488224,4.941875260346036,37.519373340747336,15.849517031652661,36.14121167500808,35.05915470902538,21.95400783030911,21.19493350874239,17.54063925212643,39.13358328323348,33.45874563375671,15.552386313916053,12.442306085263663,18.302527772580927,13.283111458634899,9.263396548511011,33.35221769022199,37.215012849892865,26.833796812872404,29.356373362986584,10.719637525004925,17.355209696793242,33.71858325564143,36.399488941545414
30.969430143551428,34.10796827953824,7.603835108838016,35.96763579257339,34.781529709401696,15.278098005865353,-6.0989733199971115,35.185107939403025,26.673774207856038,36.03210453917261,16.42008916703408,10.696783918727949,25.926305058382475,27.517959924846433,20.63132668029713,13.418074282245481,22.05247292624101,30.679864311204536,10.526560468684908,34.94124119387663,26.403913980567026,31.096196589104693,23.374541892677517,26.3712033169195,20.315963517339416,10.007037009055965,21.026549933334042,-10.445530959968144,24.724345945780314,16.37644698621205,12.725786311343882,29.02718281083365,36.16694197752877,25.966284774460565,22.942763881589244,30.156702422451563,22.467020160874725,19.66603151669988,26.113516807552703,29.843251575006892,26.389001683724278,27.16850841945119,30.11555376112428,30.42211017701699,20.979921103305756,13.237777519097412,29.866852688999643,28.888399115464352,16.06119310670716,26.797218722104855,30.528962216179778,22.14523877799833,35.78728684131271,8.61317547463512,32.72116073910256,27.385892537817035,29.814193871108102,36.103829683001436,-6.411321637485638,12.23671845624032,2.424309787428521,8.458813243420437,14.923412862629728,32.080833033767654,26.510917431623987,3.936587597949008,33.31071232762848,28.794796358276688,18.340228504117903,16.377639269139298,21.105982577026378,28.31743894550262,33.66791700597559,27.196173093042802,31.218649072141304,34.38438962701914,31.773063834343674,28.982883437535605,34.50085027282858,21.99716327288747,28.901448723131573,5.200529126598164,36.26321887393619,-8.817421064499223,33.31643076626151,15.05543872904502,-6.460614111294443,2.2918389869521474,3.6907576429821884,14.042950417808237,34.37950599608334,10.715451741443218,32.72426015583261,29.28331109277915,31.91665144578521,9.509528172837047,28.403243842365647,-8.83325492369301,31.80250310286428,34.91921022665874,8.13673177825607,24.852458065642807,33.401186870610445,13.813051786019335,35.011615478286835,18.16583436620597,28.53310081012406,20.462848536400635,-3.473092779948225,31.749513229065155,27.284986498741002,33.825552624685834,23.69421255385347,21.80099670561382,34.58636828989119,37.05925137754433,8.497564647629723,20.121282232412142,20.133132242942185,27.508469527769872,22.95666155929426,8.282609890935518,29.690502380080858,7.776948206786191,10.796284799020189,35.97716853370819,28.074198495786945,11.892467786195299,8.376951123900522,18.944898181057972,27.25912922412642,9.46381858301616,25.873094443226858,5.451499620358126,15.63690290705572,14.886587951095674,15.141698729529676,30.74773181801244,36.60408434465668,35.27982479565291,22.408361768416125,35.81438082145301,29.081159001175184,0.8597450300414516,31.064807565468662,-4.834419146140491,26.989436541821174,35.81627470667776,21.606713903611464,30.235504214378313,35.19901379587518,18.463561359543025,8.205137116093862,31.51198417732873,31.338616375234075,29.86535153927838,11.602917605079478,27.72626288366228,31.36471948117162,29.45154792860945,29.570798470638643,26.2016823182248,25.767177511641226,28.50962280369392,19.035999579728678,21.79768985429051,33.18319816876972,32.01022460853423,0.8190260880740503,31.168264335049876,31.28663588498641,16.820693040421563,23.273973542126697,34.30421172725101,22.975287230853912,35.01337477935453,32.303699908488476,4.432020311080834,35.349167765434046,15.089091275764051,34.468342295842035,32.61191537473067,20.233313521415152,20.270144455654503,16.138060816841406,37.19390429650191,31.920828497992716,14.76493562853765,11.442729787847812,17.29053245797912,12.657443110474047,8.608108759192525,31.52603483241673,35.237823856960915,25.63480971109114,27.742660671447936,9.991862955789179,16.211894769617892,32.08028629764323,34.173803674602
34.613388436883206,37.604742678141484,8.34244871177477,40.08018125266673,38.4847103228927,16.90987467708632,-6.342284722589289,39.21469060444037,29.596651089361114,39.80262058801802,18.104840301061692,12.123074322878368,28.222849768594287,30.68135868664226,22.90505578183689,14.998726063700557,23.963252201887244,34.24064766399901,11.407907121729517,38.65589528204544,29.155370270192424,34.225903968879294,25.96482093942567,28.737261158935883,22.21836450326188,11.007148569363174,23.08699146652378,-11.471922551889739,26.980396220156877,18.034390360289322,14.018111371854113,31.65050935637966,40.178987250897165,28.908456408604945,25.825268743624772,33.273887053431736,24.57298106150388,22.332252893264165,28.69971305151409,32.71832580265621,29.79796015421843,29.743252819282862,33.53572113738518,33.99827921901055,22.894725837527744,14.929485188379088,33.028620432257355,31.621840296426345,17.60078581598034,29.45407484737447,33.59956591882598,24.309765520100285,39.442758225240134,9.611642492310782,36.535254066795424,30.632332435229596,33.35402872536709,39.98987790924482,-7.0496621437055955,13.365571749478017,2.621171531319911,9.274691636982283,16.178722351860195,35.3590921476823,28.932943082280424,4.506577982205534,36.5350345885051,31.472094102258072,20.388582258079953,18.60962477912909,23.84202376193755,31.30595901127618,36.98451833741895,29.782801162062693,34.77947137656584,38.04710338878093,35.40726399733869,32.63031184469648,38.01610427061733,23.800480980315374,31.59606060774815,5.937004015223928,40.53504322943543,-9.712921140871735,37.3166676774148,16.297246656860764,-7.113890951854139,2.488940951628771,4.317292968880138,15.585873424706447,37.83293422217601,12.233459282954954,36.32899270142524,32.36900269947511,35.53014633825634,10.265545608743325,31.278637835165224,-9.821840159378937,34.975902415079595,38.69099127528158,9.100386914013052,27.691912785814402,37.1081378342742,15.693224664400296,38.71798988297254,19.80679408851354,31.39788652371176,22.43411568271688,-3.317286457445219,35.17890704420725,29.74294453315982,37.72544321981928,25.78954459798094,24.13309991868903,38.372508660574816,41.144072196743686,9.699780319730175,22.26979594044296,22.600866329076243,30.118640677794197,25.135898909643657,9.457133479481877,32.997388735625044,8.53573629006922,12.029187523194091,39.818367708126836,30.93928101304931,13.626870358679437,9.411317503605165,20.978243939498523,30.479469045503947,10.623402573101904,28.65735226489812,5.839458815261045,17.21087459457398,16.40770685209081,16.656587040918264,34.035988043237204,41.03364023945381,38.84348790061917,25.194977306922468,39.861068085693994,32.12201404056734,1.2212265676500815,34.19475785221135,-5.5360854760660745,29.59122084190215,39.837951136148675,23.595571829439262,33.58275740657608,38.881213096424794,20.39152577119691,9.442178483956898,35.31157893477172,35.06496074969133,33.08479714356775,12.95388397619778,30.587910249962512,35.252621066045165,32.6654909746433,32.76915523460055,29.04225164788478,28.462789854394483,31.664639397766585,20.801027727748895,24.434638873818702,37.02550323793974,35.26787903314251,0.942230069532964,34.61271477419335,35.118317085227716,18.369848176065844,25.61154915097522,37.908727771568415,25.22494759543963,39.236900432749735,35.80826364092902,4.901576521312571,39.081398662915205,16.291257764255835,38.47188471675926,35.83473868045607,21.930378392108313,22.95752356928377,17.853995180622388,41.53942029913347,36.00133450937056,16.311524425223013,12.681920575684625,18.856988091435653,14.06266217190614,9.817475981515525,35.131822848093165,39.16036461384061,28.71450268139264,30.385571213138594,11.06541174338888,17.90221896322408,36.16792687383173,37.73788210275489
35.3549682261793,38.934074765698576,8.894729182164584,40.93669115152604,40.026271305755294,17.342111352264507,-7.1293168948303425,40.2978709049334,30.209166488210247,41.207967412496764,18.959292941601664,11.806569643016356,29.71787527134206,31.18496738774695,23.46794032056851,15.174676200701029,25.445551037981108,35.072111378195736,12.120067809918407,39.70872210922106,30.340676540833584,35.43406774555261,26.827319943067074,30.072958234729384,23.01975309312826,11.33365104739688,24.03874875013522,-12.402063698260491,28.530413068652706,18.608519133638374,14.48974715071919,33.318100120991424,41.30169639438264,29.395729529579743,25.954894995000295,34.797987936198915,25.789674060760262,22.177960231247095,30.20666544165539,34.35255182625937,30.083938779709065,31.016921915455338,34.44556577684964,34.5335937235221,24.221045695477933,15.284805437118132,34.471155581770134,33.21840246986713,18.337441372529387,30.934495249176774,35.27312972800781,25.174147544925454,41.02128092085507,9.837105227459787,37.169185886298685,31.328675675245822,33.89308884424154,41.48647147729454,-7.317950069865989,13.620193847692562,2.8280560669805777,9.591964042113716,17.102402162951822,36.82535211140784,30.13917943022002,4.3755975026328,38.3070442173755,32.80154866553892,20.795339964363045,18.353538108732586,23.825301285169772,32.38845602190148,38.64321879138189,31.134808791424533,35.92627296084427,39.39276872889499,36.21294220407337,32.971871101640104,39.63738307157416,25.125939095113754,33.069853942436524,5.698957756399194,41.452692716255626,-10.001900587308922,37.89718664703562,17.08531816832136,-7.3595808478662255,2.5882365869683097,4.340467831795242,16.033170117759596,39.30931656020662,11.880733377971474,37.61010354575527,33.519042379494174,36.64425900820302,10.81023393923765,32.42286043535563,-10.115812218942034,36.53400030935566,40.04271757243829,9.269756972421256,28.168163928938213,38.41134717944325,15.562440362223995,40.04234253160891,20.905147961265136,32.89296098561946,23.297898351033123,-4.4446767160304725,36.32701380161332,31.063170510234396,38.792334791859275,27.25805254982625,25.084224226224308,39.757464863394546,42.541250762147584,9.795469145477819,22.74833720660758,22.79814371603553,31.69296867309276,26.15397117515154,9.467492955468375,33.70141970324428,8.916789993688008,12.377272646200673,41.37330190699255,32.032129814301754,13.342905569359122,9.63400193497172,21.67251267997788,30.924728787818495,10.312583596165052,29.894368046715122,6.318719047391304,17.876987879134894,16.80600946601987,17.153933732938796,35.009690721705844,41.776765280959864,40.42680996243067,25.61215013784192,40.86613691979687,33.304183844835514,0.4978496586809522,35.8177759513026,-5.8817029978689614,31.178320148316388,40.95828886237643,25.05583739977223,34.657902520737906,40.35504448813209,20.94010014173776,9.005581731538777,36.09213107539551,35.91786553923323,34.00738732885524,13.012449403630677,31.69220686064756,35.80948986279911,33.976617575716325,34.00914153440635,29.99241777433347,29.49930193093711,32.815110805734,21.928798809694406,24.761359837709342,37.93468908687306,36.548119452816884,0.8719039833722345,35.819566969011134,35.71829434354046,19.26353744587569,26.83251557133466,39.360884551358296,26.496882322433578,40.06645637454225,37.034148730378895,4.582162193479521,40.67415481358908,17.203022073308574,39.1885705969489,37.5476666373218,23.063429948331162,23.21173250073413,18.496764325258813,42.527427422355494,36.436791629035085,16.879381188490466,13.203690527183968,19.573616702965715,14.231166322525448,9.88932535088527,35.89990778500072,40.37828149776343,29.27036422468576,31.844877208403275,11.30936040317298,18.56986058029777,36.72073910052344,39.37350140125459
34.38111521703156,38.123235725852275,8.496034947578098,39.8762255278233,38.96960932109357,17.0038008506657,-7.132268079262162,39.21483628971943,29.538121790077753,40.308856756384515,18.569090563576637,11.410628265393767,29.205115108880275,30.405395934416866,22.989643249953406,14.927463616207271,25.010017730418976,34.01683341561675,12.01024979023217,38.82582744692103,29.634533417887077,34.84487066717895,26.122406383711553,29.507915201814402,22.54943078538122,11.096182115249102,23.745517370542075,-11.860324034872315,27.958196386149595,18.220420097644777,14.27415807259639,32.76317037766904,40.336631174485774,28.685254972297923,25.173972476532782,33.9911274023693,25.24286125518664,21.532000655867318,29.459210641134195,33.675394543497156,29.055593266647268,30.329288577286395,33.608839770074056,33.58962815300737,23.676963748949305,14.6801879525702,33.543829220164895,32.58557086285467,18.028924371985173,30.217961607128455,34.464651990222556,24.77305233197134,40.19343914805326,9.551160403115047,36.178424204777365,30.527745117084166,32.94553687655103,40.437156475216845,-7.132819119042403,13.484104511989157,2.849827482262439,9.314717494669306,17.069840839603497,35.94419501258374,29.574771032957255,4.1810338515187455,37.56182096838786,32.14974506010624,20.23567492698353,17.69267130633807,23.1597145627183,31.61941645549944,37.942587055744326,30.642307605330778,34.862745302314,38.42122212101388,35.21825418935327,31.898420397370543,38.85243789344455,24.715102977717713,32.50966124324777,5.437724122764277,40.248853154518976,-9.781057439130919,36.767906330397075,17.05504249245408,-7.2108707839292405,2.5680331859185377,4.149921400047327,15.631073277160882,38.50870035421752,11.588491923843423,36.540066182079315,32.92530633345308,35.63604484797597,10.740135849433258,31.665863218921118,-9.795915559951233,35.74948967722596,39.02078886977935,8.962931860212688,27.51928638261412,37.35945960897954,15.138341865666929,39.12862260412703,20.46730787235096,32.16244380845849,23.02180090526838,-4.431449373731725,35.39005869570736,30.541489972828828,37.73201796027032,26.78778602736223,24.45042425511433,38.75041343036755,41.410041081713544,9.449656417987127,22.189210173158045,22.21064021709246,31.105091046069383,25.90028487076157,9.05049969774279,32.75875280944466,8.683298597018924,12.056192589496852,40.30898678489711,31.530615141136302,12.956182566004962,9.362853884176873,21.04558271334488,30.08542619778747,10.16767698087611,29.123324748898995,6.161242614030791,17.64174312608848,16.44210042738027,16.76362658613711,34.194675110656554,40.54707654755092,39.61481494982254,24.801274316043052,39.789288594243544,32.50257848962884,0.5400002569565681,35.019209624452756,-5.567465718575094,30.44551051323508,39.98701621638843,24.4467962166396,33.753032305016454,39.4282760905514,20.495917630691114,8.601994695970651,34.98514585213396,34.92927457310401,33.175768935776304,12.7769819373177,31.149717261699582,34.64432590353876,33.01278331919956,33.04856893484549,29.11813204111989,28.72207409698903,31.9230790192762,21.567500367038246,23.933846785463146,36.983153566850575,35.75289328496165,0.8417562249425443,34.88560071833044,34.6338891299203,19.12316341162672,26.130471544064964,38.45377730912302,26.000812795332553,38.85503088443721,36.10568609261255,4.7114167825436635,39.62013827633723,16.97225802404091,38.15567572204858,36.82197653615532,22.799350191323825,22.34720983088567,18.051500149694597,41.30688526591346,35.21800091907154,16.30308577933037,12.832775516177243,19.133801121050666,13.8563879799119,9.593081860841657,34.8781504395333,39.288952752495,28.33862127472712,31.082152191634634,11.086028193844465,18.08980263787623,35.50863625587364,38.38208182783896
32.64491873551177,36.02018745203584,7.877870982170809,37.928860042179835,36.72257064292625,16.032863387006053,-6.39740474949466,37.08106443250564,28.039332450512102,38.0798598738713,17.283023556363432,11.108120842786189,27.44695502161286,28.92376748916196,21.881200390930474,14.14817144959597,23.328398882891626,32.33923962520645,11.17597536245571,36.84168762379878,27.910631988397117,32.849197320456376,24.66964971993602,27.7726721805922,21.43270327904342,10.411475739112948,22.223982587664413,-11.072609489015356,26.114584659392246,17.31030026801448,13.511118821726523,30.67478121848078,38.16694279031164,27.36202452315937,24.09306386527857,31.929208255550115,23.738945926593633,20.648850601796806,27.550141320248137,31.59072961165683,27.746569783547685,28.69243127917639,31.835399428487616,32.03393249396928,22.165533182348682,13.922235044838285,31.549561279456196,30.5659998572316,16.990492165284063,28.367879013456296,32.33780990627075,23.356134646224127,37.83342032469332,9.115987891524401,34.50738985231507,28.853214843514362,31.384888563890406,38.131060490624016,-6.672657833110742,12.799474485825666,2.6326398714392427,8.76293341301842,15.838545324232502,33.83217737813109,27.969642928824914,4.169105536909917,35.28266885377832,30.360444634328037,19.262707490463438,17.11100140572051,22.201614629867226,29.922409073021107,35.59054476225813,28.783376989767156,32.94032932108698,36.3329236830002,33.52132399196514,30.572117802170705,36.48327072871138,23.292869868354266,30.536365698546255,5.271019649473993,38.218243356136156,-9.147715683497392,35.08693088291114,15.93199571565338,-6.689332995937639,2.417013287593731,3.9231108264742787,14.748120651216047,36.38253052300167,11.24953263710354,34.530961309532884,30.9898974881444,33.69750563630379,9.99227706196012,29.999720455750815,-9.291039622420673,33.59429448672892,36.76893520798765,8.663920221040827,26.22265513698412,35.22244433619622,14.565040841316394,36.9626453052288,19.209564129885965,30.15853697705334,21.66713693428175,-3.731328103809848,33.552987152212246,28.816172873442746,35.767356001215134,25.104716225956835,23.03724362724071,36.53234037841723,39.133080945869985,8.967856748748245,21.241641691762485,21.191643792551076,29.11688441210443,24.273288274199423,8.603681178990604,31.302345767872723,8.296499886353752,11.318787110259278,37.9978303344082,29.63662407334972,12.473874352833318,8.895927238840372,19.887161415848915,28.791560134755024,9.928632088521116,27.349959046873433,5.777037091125972,16.536448810000252,15.75762346499424,15.983290894653065,32.46516803065629,38.585953408330994,37.30242342414796,23.5528420428714,37.789067771239296,30.6817126823441,0.8050921494863211,32.875171085561114,-5.1695854358506805,28.56724939330462,37.79394022300315,22.89572943977804,31.893613796641386,37.198148811266634,19.45266041940178,8.513161076763513,33.25047494653345,33.13179247522508,31.56931454049472,12.279899837995961,29.236399692392247,32.991498744559,31.11518924934699,31.19836530145743,27.616416113987032,27.158160695698232,30.0869308418003,20.177813156469856,22.881936707723966,35.129964281617404,33.7842292957839,0.941341615817226,32.89093862425515,33.040942413276,17.786240406715738,24.563588575700614,36.25162115435841,24.339262613285776,36.88086437777533,34.04573545904514,4.675613872159183,37.33647175925042,15.975095310928724,36.34041159736868,34.55763503556058,21.32507686910071,21.348246697879866,16.952978058451887,39.26343686125261,33.61688596294753,15.589841941942106,12.125755850079615,18.254078689624315,13.257982682366531,9.144530412305787,33.15958440924856,37.24336151191143,27.058770251651097,29.297228948432945,10.611640639255192,17.04202621817894,33.80881803938795,36.115374995163585
34.25430824059715,37.633511514519505,8.394090670017635,39.72695153904107,38.62841556143136,16.8922422956301,-6.816424244306144,39.17787734728217,29.631455486125926,39.84576591123267,18.45945372342984,11.710813997595288,28.439887263166504,30.47197162281955,22.656517393781854,14.92567451750516,24.32833634808446,33.89030831720839,11.600273447206941,38.46787541214769,29.03083542551785,34.559707530556935,26.06097909984172,28.97608825201824,22.184425916455027,10.980937219876786,23.215477203436496,-11.61100846876222,27.54832954460531,17.947931445869422,13.832728694159576,32.2121706647315,40.232322780197414,28.45459901828685,25.229052827618666,33.42122611164384,24.546533641205976,22.024153708853316,29.091834526151484,32.9734175831131,29.450148796350206,29.652089713719267,33.46192858963165,33.48680916453476,23.181395338926894,14.89151198779716,33.21658802675229,31.792997391590703,17.84117915015571,29.53457947859015,33.67581930349368,24.18521407062346,39.517578527860984,9.517227410978583,36.0299703012951,30.534420245388368,32.93701243447001,40.00931038340049,-7.261586387881835,13.388076420213482,2.544435989992966,9.195549844723372,16.54878620466457,35.62210945825465,28.928631746729184,4.219371285728868,36.813057192874965,31.579297306378276,20.146048107619837,18.123746378176087,23.1515807448885,31.247831760538862,37.26138121463167,29.99081653333927,34.45954978984919,37.94219823067597,35.055495811594945,31.995061612302646,38.32161438673602,23.890116520124188,31.992008772160016,5.570923546668822,40.16118097402644,-9.874200115024042,36.8077308954334,16.512601259071417,-7.323244103516594,2.6084139419601953,4.126129410938514,15.725610993016371,37.74671527098113,11.981318020683453,36.32713036109031,32.496189725900585,35.45516439381431,10.340426672483538,31.105860079871164,-10.062859046410578,35.32829806873635,38.89159649823953,8.764804603467503,27.40078868326187,37.28347981588708,15.173307098918427,38.60879158572511,19.87591656391718,31.661471605408654,22.479302819133807,-3.803478913789441,35.04040124453446,29.85506964319619,37.3687945135272,25.91908767790484,24.005302168439986,38.298387434163566,41.064593876715506,9.773506451781076,21.74298011964913,22.288280066884212,30.490657977048222,25.400546575611678,9.202625620613444,32.603060804410745,8.700948658181003,12.268492220589547,39.89492217669512,31.189617773440748,13.221895263366813,9.157585665969664,20.92261084620022,29.819660094674344,10.389624070716307,28.768612782927043,5.810174397588798,17.563850788721744,16.18424776192486,16.699724340924845,33.80084475231173,40.645593031237375,38.95427568061994,25.066968472759388,39.62078730544028,32.27174305417279,0.8840706041365962,34.37636861261821,-5.6789661168134735,29.742363331838582,39.85505286817354,23.7241532444004,33.54293021670647,38.831850872122686,20.59958532660623,8.870912384208117,35.09008686229702,34.66676664412272,32.757320080960646,12.826384522501622,30.828517201092357,34.91654960885945,32.525440971668985,32.87064869563372,28.76849510576674,28.460998066235998,31.715283735102478,21.06618325251095,24.145511880280665,36.57748092744682,35.2794799187352,0.79983961505967,34.4862972981848,34.59266625096947,18.929821013131143,25.656643729316677,37.90687144931866,25.317682818930905,39.03982786165777,36.077481099747686,4.791052636134557,39.20353953415637,16.383461553259263,37.938445128156374,36.03639092667591,22.328177004641457,22.693579666811516,18.159917084825384,41.065843352970745,35.36235263641955,16.261236901021935,12.990221489264156,18.852909211340517,13.793696534211408,9.679100218658299,34.99600573339746,38.95494815769074,28.281517595010108,30.522062296036307,10.788396498204651,18.12378969734015,35.646623317882906,37.88752510711108
34.25202331346763,37.61406539756153,8.264089475583818,39.73308911988956,38.20297551292567,16.769273233531383,-6.630572031209736,38.72216393255322,29.453586284122068,39.70171345877332,17.92593680612281,11.682847143171715,28.417826060344208,30.403030238495546,22.92795368728076,14.882200356099979,24.17187279005014,33.76802218689944,11.589960686593722,38.54590043258595,29.1204816561611,34.215704988223614,25.82477997848227,28.872407145926218,22.22269483543416,10.825755799021593,23.189973229077307,-11.443247872323706,27.05898354133764,18.001891773149715,13.950499395328901,31.787982666947656,39.928806581813824,28.782698935127648,25.33236860872086,33.10933242358844,24.54143259353991,21.84704569660115,28.527535192253282,32.74576444133084,29.20074321090025,29.74809694060321,33.43830927642437,33.617571944449644,22.873658626494947,14.62893211962387,32.742899427494095,31.69208100067469,17.724255034775005,29.374591510114932,33.52953304792731,24.297351704590177,39.39599692656443,9.3223998008323,36.19227342207624,30.2336893913924,32.86632785504518,39.73340796129131,-6.939450177830636,13.464919564651483,2.65706246188266,9.39602340182694,16.415269207984096,35.250365135674144,29.0225648245684,4.287129500666949,36.57042397351883,31.579493209507206,20.23376526860818,18.129754474179187,23.418556159664483,31.298659342294513,36.99789423683937,29.74770644407466,34.34402368284664,37.85291774647474,35.07834065905219,32.14970551940178,37.948665506297985,23.99051129753921,31.674881577405326,5.779328633168924,40.020075841203436,-9.608886083220568,36.79645765260064,16.599702340114487,-7.164237564587231,2.4076405071756137,4.062093898673145,15.383551532079137,37.79225944287613,11.863796983045193,35.99102902566767,32.3614362790634,35.14782232640875,10.3871100691206,31.129955298467387,-9.794415068868814,34.87928926434076,38.36757509437268,9.010714678206154,27.493119493206958,36.74762948991984,15.372136603643375,38.53049978652494,19.83709220773898,31.358142284250793,22.614431033663458,-3.6430521151279436,34.960547814067155,29.932937820988542,37.30247729765246,25.94180282003917,23.923142383205665,38.03783892133884,40.788445356400274,9.480930679235371,22.129897049915304,22.299524760327152,30.058291549139273,25.294273136395816,8.955453474071343,32.75007168389452,8.736090511874396,11.850561202915157,39.59951917532333,30.922213175454758,13.175519020333809,9.528203795991294,20.70278038406753,30.206050706809478,10.46849105869488,28.34354452100255,5.818912398377633,17.155063220980455,16.547824151605138,16.66438126256737,33.82560321984947,40.48311161329505,38.82932765533211,24.803895277662065,39.51812373459338,31.88855156526217,0.9525401738075945,34.06583728800883,-5.526866735646306,29.49922102653172,39.57788716115113,23.534048513479817,33.22415804951451,38.730650218691586,20.372737301573384,9.101254423768287,34.819282991892344,34.62489933585986,32.84420744045577,12.70942704014351,30.5311983159512,34.53928344992265,32.27030442279243,32.41694529173363,28.674201699145453,28.346520962921463,31.30963447651192,20.860507130124,24.12521327212366,36.65715580677105,35.23185217113688,0.9333764576051918,34.31229477233318,34.639908932289416,18.518827556672253,25.449214869730543,37.7381550262424,25.247714473376277,38.67168653799442,35.536199556147324,4.955868778110847,38.82452364024711,16.43123970621815,38.12364789479442,35.85975535944756,22.037085658866058,22.396506163471255,17.728026062479657,41.091759694942404,35.301611430028835,16.262567500987117,12.624336709364766,18.999377381049122,13.99344131242049,9.580770115985661,34.80467252757725,38.85296710387809,28.37746157542851,30.377683487463187,10.994630025912869,17.876373318295144,35.52401230317685,37.544379384005815
31.113770727326315,34.03242079575369,7.506635432759395,36.02116055487723,34.574667091587386,15.28608666278684,-5.978505167123998,35.145129857160846,26.75361759007139,36.00701953598477,16.41697426913297,10.796337320180658,25.606145163507495,27.617766183782066,20.727129602156523,13.818527224760844,21.875947228119276,30.493716180526626,10.637569354973953,35.02629914208734,26.27330115822851,31.20864296611736,23.27532360050297,26.180056976772264,19.995003115407123,10.048109219942209,21.169009280484545,-9.934286365465473,24.561048853292007,16.36215585047936,12.72912477362287,28.822605174911036,36.215404460543056,26.086994939903875,23.096188281559435,29.93769736100687,22.341454301484227,20.175685648334273,25.83222487613569,29.584536954027804,26.569309986860514,26.865414353003892,30.200529550179347,30.510696393209713,20.706323818558165,13.199344366901324,29.556639963399377,28.616072553206852,16.164731753489413,26.426109658257076,30.218148956533753,22.114679436891723,35.717000226516426,8.610775716663575,32.76714706003429,27.628041991030877,29.8338881077173,35.92258964554463,-6.365576315112751,12.413214215119117,2.5103591544502444,8.500282264562728,15.167729416012033,31.940036142639165,26.19872368180429,4.110616272989851,33.091488634798544,28.606915138885803,18.28802577062252,16.696220168158955,21.264840940775247,28.357234582995765,33.630324274492395,26.98273906488311,31.080123587974324,34.237511463186934,31.74855768028567,28.992512358214174,34.48815691151178,21.610598281621122,28.891368417474265,5.344177467457113,36.24826785549468,-8.741738061209542,33.36597172000767,15.225956689515039,-6.465280213043171,2.2858954624189303,3.7550184360820285,14.10971574639843,34.17382058230685,10.93032167596574,32.552236554030394,29.4030480582016,31.784821555220464,9.454096099020973,28.02225978959261,-8.876935519529969,31.59890470872536,34.83695572732948,8.130312864963392,24.93214315726581,33.27534713053321,14.10027597925928,34.851983678900226,17.840148870136726,28.428194452012086,20.63982315905223,-2.976715606788759,31.57337591073188,27.11479351418486,33.78197325856773,23.49660511751693,21.811846305214225,34.44251418952221,36.85129788642067,8.65220414934315,20.16974018322786,20.396618937434848,27.33509354139591,23.234672192825155,8.304814164962428,29.5148100852308,7.7316243745946895,10.808035801841587,35.773884757848585,28.314439194456046,12.35989711437253,8.455726920020911,18.914668980011147,27.360574145846186,9.816256534691275,25.737830832383377,5.239752700059615,15.868573306415126,14.923328870292728,15.138911827528938,30.621844791581893,36.637424178089134,35.23405231802688,22.651871853347973,35.82633007714678,28.856039062762925,1.2595487755930193,30.83507978328828,-4.64911235109146,26.691682018312804,35.92320734151007,21.052712097041265,30.165696702328113,34.950347911578625,18.64556571015608,8.392126388097715,31.40323915087697,31.366202033742454,29.68461197539831,11.511019106282884,27.93464821160377,31.386012501568935,29.18862744237077,29.334400437980083,25.858896477982974,25.775695482639488,28.405153907589956,18.923810894022633,21.793850838380465,33.1522881156544,31.876416894057247,0.9473152737263303,31.03169498870264,31.284168757933088,17.070900254265734,23.01318656657522,34.22677257112229,22.950075082730645,35.07499350818167,32.236253618772466,4.7958193072943125,35.09582997638648,14.813659895657663,34.51743177782777,32.4509992779583,20.119465187518237,20.23401894926383,16.291394091492805,37.12645982540951,31.99302347370845,14.82323473972891,11.41012946568447,17.08585767550836,12.698920631560306,8.704989509464403,31.5920947282751,35.115912508631205,25.594583923283132,27.43327459994493,10.11109724340491,16.151665336225506,32.1383254760525,33.92858184115725
31.840345917818077,34.96276321681816,7.849864366350719,36.94187097727889,35.55612162164532,15.62164260247493,-6.123906639203358,36.05039704356164,27.39815611173655,36.956048922751364,16.766069874360394,11.075941679095587,26.469709822953433,28.31889381118019,21.445709692001557,13.863265481999209,22.507581179843825,31.485421379891612,10.844377171519895,35.88194062093922,27.048982835993094,31.87034536901905,23.971697025220863,26.951178760704316,20.90404826757641,10.173369312768422,21.578407844480846,-10.556041766403302,25.224754539417514,16.859609307006647,13.039590568925535,29.664426164007633,37.106265731458215,26.672854793070663,23.55511152542149,30.801019261692023,22.983591503908702,20.319251638094407,26.59945202455052,30.481743084050205,27.118148162077983,27.791222342712572,30.971662355259404,31.196072857800385,21.377360885995973,13.582411421063627,30.5070506152562,29.49540467769842,16.460737512911955,27.318776348111832,31.13291962431536,22.75558400187657,36.598568614835656,8.820316049192115,33.568687821872,28.146518611011132,30.538152778329188,36.88238927350453,-6.474416865189402,12.637382110531538,2.5807943366078967,8.750381511392986,15.259358224761078,32.83092821255441,27.19138305965057,4.0847251747338,34.037644357086506,29.468973347598965,18.790660665071346,16.92645479464454,21.821837829668336,29.114813042094507,34.42881421685115,27.769211993847637,31.948714850218245,35.27588557664315,32.59642127111492,29.85126700888409,35.27973185846673,22.484301200153126,29.62706198868834,5.518181118504919,37.21969215095297,-8.85073897233407,34.18614779864334,15.493771227633657,-6.536009718977881,2.431224613006211,3.845089349867079,14.364099828517169,35.292393658304796,11.12707385585095,33.47205406255122,30.09145111729719,32.68229720005332,9.636378888499275,29.106310222289274,-8.968631816284553,32.49845605505089,35.73018896236442,8.392712002919254,25.62864169076516,34.160176950335355,14.312700834491448,35.84583360078085,18.552065050658467,29.134450623170512,21.036211653835842,-3.323599378678678,32.63578122129539,27.997366740233083,34.68960353691453,24.270528422093992,22.364617668454784,35.34835267333971,37.94560712326904,8.658250315607836,20.680748605671678,20.76700171463073,28.084245353551445,23.54427274612078,8.467497088245796,30.49088025274058,8.11794290311508,10.970618281867727,36.76795437816104,28.78289421722273,12.38450362221742,8.628038171538583,19.46596168567971,28.08369728544045,9.892604518976594,26.43797743749803,5.52786763688904,16.00958718588834,15.436911512951312,15.51855319037636,31.593827272491197,37.56543611851323,36.142943025309016,23.03150683884391,36.74276375207909,29.780045083757095,1.0075243526783244,31.71620863198301,-4.88065459771409,27.580087962209802,36.728383557285184,21.96925799908876,30.961330595354017,36.00396969555204,19.01280320441224,8.497437256135457,32.3036482979528,32.1359427841283,30.617745655938283,11.942774129919776,28.391663889201514,32.193802036417495,30.077810653273378,30.27688535857282,26.79095302567137,26.34666525880065,29.236961705275395,19.480699319222346,22.464741145376156,34.0563229377204,32.84667956780758,0.8681705324573383,31.860173189160488,32.12453254898169,17.2390863359493,23.791028142127033,35.11921677030104,23.52546469478318,35.90227597702777,33.04249607972987,4.670304372678438,36.13890537009205,15.436789712316262,35.38086881553051,33.344573240489666,20.793347562557834,20.818614193771367,16.407713622236553,38.134297237668484,32.82193754785276,15.217621207530733,11.747181347067755,17.895028576675145,13.146686418349189,8.964338843850575,32.36035264047004,36.12413815909446,26.366563698424585,28.315243397184247,10.20963042087667,16.563962819184994,32.88740482778755,34.90821319373772
31.36162322279514,34.743939159545505,7.720992031983219,36.49449760149001,35.43687162036556,15.422504146570024,-6.289480983489704,35.789349322492924,27.025727459556137,36.683073031607314,16.686736667640478,10.797405625379296,26.49589626915207,27.907285710075783,20.799098697105144,13.495042665451704,22.53938514715427,31.193946163197538,10.717107055883337,35.49457431285729,26.889173718003768,31.65041223906823,23.6490491107937,26.89090442487277,20.67875672696593,10.1103567796365,21.33402682030204,-10.77900645337755,25.257143540597493,16.642132854965766,13.07712417037469,29.644579559301295,36.75928922839777,26.247690718657967,23.158040374545738,30.833170016526097,22.952542090911393,19.80794719822256,26.699770790964088,30.487449275772338,26.643135283352596,27.69073911122578,30.549687065121518,30.835121877498704,21.51273671401563,13.36677913777794,30.473705526039925,29.518393109230082,16.324153737371486,27.43198948868815,31.196359821702625,22.540232417683768,36.45109495073016,8.689123064704892,33.162470100861924,27.75496829158554,30.239724925621523,36.781680142517516,-6.46336146941216,12.376201826985474,2.4753669016319875,8.512316522139797,15.140731680498305,32.69458409521995,26.99464567325507,3.9781045299279207,34.022738525862785,29.32229011858996,18.551093889298844,16.409688404129874,21.312080067939007,28.795703357364435,34.322821266309894,27.814445025891644,31.771209041708655,34.97217317053179,32.2552874511181,29.336804215276818,35.16920422899083,22.46813206065777,29.511231062280064,5.229121009103658,36.83040926117498,-8.908496555998974,33.78962424125602,15.293320624957623,-6.537745848004614,2.268461958145769,3.6762572657836685,14.295781125885297,35.0326214276432,10.830696416983056,33.301454656457025,29.80822343750941,32.50854821186294,9.776906303532082,28.985097045871523,-9.01723007913405,32.469046671331554,35.53105933841623,8.200909623002033,25.15470137479734,34.013402667551446,14.02651132018464,35.620002128463256,18.56584820588564,29.12046019458279,20.826265035937052,-3.7090872401843575,32.27846967983271,27.776439380862357,34.37994382964305,24.277885935889174,22.2736845781499,35.21234306668421,37.728783222781175,8.549401078064072,20.29335705329777,20.2828405324058,28.181360513286396,23.335714551383425,8.340942860952477,30.05773645074689,8.036604300856993,10.906493415592507,36.66099211932124,28.526536893307668,11.951007346745289,8.403489272158339,19.352161089165374,27.6460953151856,9.550807434251388,26.460584062065102,5.6539154027013,15.893713554580986,15.16977421972353,15.36135944066148,31.216032269935386,37.12071171418469,35.95408250386287,22.7345894179571,36.35473431183906,29.666981937046604,0.7197302680509688,31.739578515714303,-4.959798722006501,27.62067982869681,36.3585261639533,22.177666946053535,30.789644144858315,35.884422071756134,18.652485303488294,8.242175803793044,32.012389003677335,31.80382589972985,30.387658637926393,11.833369771234388,28.224319100482617,31.799661033476838,30.062176298844232,30.144575700204516,26.703936582534087,26.180063226748356,29.047192306929666,19.41768096076785,22.117040820587924,33.728900569217515,32.611546145022174,0.7816890132661803,31.75788874060704,31.718284630364472,17.08197781087715,23.774270946056106,34.960829537462814,23.480126734853954,35.52148151973456,32.89890041765455,4.407051429824249,36.030852129177624,15.507547881751949,34.927533038193694,33.27860181401361,20.663152503559886,20.51514430132658,16.41051787373807,37.78113690278317,32.308677345370164,15.057355053897783,11.568809597067219,17.546769484210696,12.774553264111557,8.689561539889176,31.963417584895545,35.85081217225219,26.080935348078828,28.28244263470586,10.164219362439653,16.31720477239525,32.528033832517956,34.86103394298404
32.07112185076446,34.79933777803289,7.5770665701209134,37.071489514972285,35.403860635099626,15.812637157747695,-5.77189076982303,36.112970613747265,27.60539482599684,36.847718848266425,16.78243979077822,11.222099473424652,26.06900508560806,28.440170683163704,21.3873846234228,14.412760236549943,22.29083921857985,31.42558112426796,10.779276092635312,35.94133745385445,26.882305574115687,32.0407459821084,23.9000630490908,26.718557262457942,20.581505222151115,10.353675741473268,21.674570119165953,-10.031748452361857,24.89532587179065,16.585905802670123,13.082743371994521,29.36613081506235,37.23930747896145,26.907934637541292,23.988349576917393,30.543027675225186,22.799573470904004,20.984046879523774,26.26885693369692,30.09792619149649,27.574276668769055,27.529264358076674,30.948260059665053,31.431518101990612,21.103254828513293,13.653367547471385,30.217640560140527,29.165062159597213,16.458957599142877,26.881926101188576,30.771391056337446,22.60728191075283,36.53712613857327,8.870574605787189,33.84588954641864,28.48209012284941,30.77091188244085,36.731642695180675,-6.587199259309739,12.699396574005368,2.5943046954866458,8.755300546149224,15.548934109998468,32.624703529670896,26.841668299794737,4.231212516235236,33.72917331728888,29.188062850577158,18.85207028932616,17.491832903180015,22.038950910793915,28.996749521627507,34.42770235900199,27.72875453927017,31.88862727852354,35.125107319663904,32.760421481046414,30.010941436040298,35.193211046268786,22.024848979774436,29.45269631103239,5.701901572292804,37.29660698700374,-9.038477026552819,34.413492733536245,15.630900719996378,-6.686862994020267,2.496155037260645,3.895362656322553,14.551969693696552,35.10621640293025,11.351777567432787,33.386201591203594,30.16843295267529,32.525637436702326,9.665009959926891,28.859336779345487,-9.154922981624612,32.256091980264316,35.652253871479466,8.34451290868094,25.79532170224529,34.07165268658179,14.681517488437319,35.79565839055131,18.207113117436347,28.91972855588275,21.247940916376493,-2.7512240553749736,32.45392749108918,27.768942392289457,34.68511887720224,23.87266888461727,22.210968916205132,35.290609258829136,37.816421987801135,9.071118918870434,20.727294952748593,21.227993957152197,27.88385757266952,23.88275479352393,8.644764994367403,30.552404194307535,7.907396247018384,11.12287377021851,36.61543252655268,29.085872643778313,12.989064834036277,8.818724237106045,19.41130980289375,28.219349880418058,10.265643267773823,26.43345808087053,5.395593444436413,16.282727277955356,15.331722985752883,15.590309159202347,31.554581052161854,37.742427049173585,36.068350234616105,23.358155828012233,36.950035391715424,29.452217000994093,1.567159339304815,31.48079417545328,-4.867890961802082,27.190873215646683,36.927255085190794,21.416605106164074,31.00798138096231,35.73059325323696,19.176005069729808,8.703064469414459,32.34501252692087,32.43680470308563,30.622238466512023,12.02861873467126,28.66284012041982,32.425729996829865,29.921566782840163,30.026689928946183,26.622344604373474,26.427672408725037,29.16580250383133,19.402623671039763,22.40504985196306,34.17942047882713,32.67942446063478,0.9626667340246977,31.769133650381086,32.31408873987994,17.475986351942552,23.46671373341909,34.96441950873212,23.257381724280364,36.12092035604189,32.97024705889731,4.987225171233619,35.911961252949304,15.157777388898559,35.61595342798986,33.1868617722604,20.54231748434413,21.029650089926406,16.64554893356342,38.21108202545486,33.13053921511283,15.27589646952525,11.820705498956881,17.560089002222536,13.112870472978674,9.004117327941117,32.39403447065398,36.125662318595495,26.465660678682255,28.051426940391448,10.33997273309116,16.550400393074455,33.195791475449155,34.64749481815668
33.76911478170854,36.68118104165816,8.090953120133545,39.16480864682348,37.55898864500421,16.540184054277525,-6.192469408098195,38.27044928083153,28.97535131755409,38.89503478542995,17.702516102113357,11.81273219367472,27.511806512600163,29.983151709572155,22.406199821043003,14.73268141044618,23.33119196230594,33.462595286803975,11.133236857084093,37.73573093789589,28.391906213209502,33.430222503406824,25.47577993952925,28.14582772892104,21.73923230486419,10.795224197761483,22.45337307991709,-11.224019644464105,26.307522015897025,17.54842822646499,13.676519135687423,30.909577016590106,39.22960706530254,28.229764040634517,25.27622104297702,32.38380296404793,23.94949944850407,21.88187499854531,27.987779789231276,31.850701678740325,29.165431835225373,29.078596966352112,32.77270346977012,33.230763974570415,22.378105520441324,14.661713944972485,32.21298446522213,30.796650816360984,17.239314915794115,28.63325880783939,32.69881239063909,23.585383805307053,38.443826768001855,9.417950681226857,35.70622038986336,29.875856013712333,32.66284483267621,39.000320771711465,-6.933899106613037,13.097804685623297,2.4979698411231537,9.14800696881853,15.775043180647808,34.52332217030325,28.27252610622587,4.351904132464302,35.60879958077728,30.739995348673297,19.98317055350535,18.28444564491884,23.30212894553682,30.56233829685247,36.06897535438751,29.054862531001426,33.86512801487215,37.20894660025041,34.556047255051325,31.90536245760594,37.05028468301909,23.23617547853891,30.851845729699047,5.940945958249141,39.57855152762223,-9.497401728459915,36.497409333016094,15.90577110076824,-6.986471470257319,2.6401229420016197,4.209129326464239,15.286439362130581,36.9111985112397,11.967385683276133,35.4783043291296,31.563456027071627,34.67901955683679,10.149977656205287,30.57864169693683,-9.638494682463369,34.09517758009862,37.76289268511753,8.939307883202225,26.967855078524003,36.20828924281389,15.322776641350742,37.776195562038026,19.29785673264214,30.580513655424333,21.94037159184804,-3.1772639805950265,34.419730077667225,29.03010680879261,36.76964887425638,25.08706945666051,23.50857117663049,37.424242712913326,40.12500568074484,9.584186247278582,21.88614030286958,22.118818110445783,29.36175701840134,24.510761147788482,9.277169457245263,32.34197494817964,8.411854738757295,11.767991842797198,38.847122144566484,30.187136269092182,13.329445879392306,9.12273974649262,20.55216842608418,29.7719169552112,10.377458806236136,27.99986414706315,5.739414023661315,16.800977171461913,16.18736145332158,16.373097279835903,33.23803920176333,40.06869330674649,37.89944547727668,24.653068197834827,38.957451520367485,31.327916468577847,1.2709259273504594,33.29548435687341,-5.384959469708634,28.87725967120892,38.88893570199829,22.932237217684445,32.80460081050626,37.90360058775086,20.229041973971945,9.269701966989064,34.50812286730689,34.24719203659536,32.31996071752885,12.69591516038329,29.8155238737632,34.46558545853997,31.854635341548484,32.047827703728586,28.368777534280795,27.88332803388758,30.891304186375336,20.297892313816654,23.868321725792125,36.11999369763013,34.46200911170117,1.0056216451972089,33.65333295493852,34.294186671170344,17.957201518778582,24.98123876807646,36.96347438207691,24.52334089597746,38.348945593013376,34.95588712540938,4.858493879915211,38.136039144646524,15.966242579477015,37.55147422035756,34.9180705054001,21.39876536343938,22.471211175652147,17.56173224208298,40.54786671821083,35.171264068040365,16.12370386978019,12.516086874705657,18.528755506241836,13.809558594694815,9.679762225214994,34.33485878566081,38.25330435260983,28.099037682730163,29.658169964543312,10.840348701965391,17.593286964294666,35.291018594907335,36.80199764112775
35.31140813641328,39.055595034414296,8.87488409269419,41.03395196086018,40.263505845394945,17.43913264194375,-7.3398265947010435,40.54757351791296,30.180257134595973,41.318208602190346,19.038750762267156,11.880067536596558,29.928083486163793,31.295439325403322,23.24836804029535,14.905705195358538,25.460464781683626,35.28944974954567,11.918488611774514,39.66857210021438,30.354979150075728,35.52939455200368,26.85747244403335,30.216557620086405,23.21462870137969,11.378545183104363,23.817304948872874,-12.802466331045832,28.698349211640153,18.579262951500674,14.528295074502802,33.530296834218355,41.41705609476384,29.26595677793039,25.99946041446909,35.03272478643768,25.783266268444137,22.028578031907326,30.47102902071099,34.585914801699516,30.097941954162092,31.207256448481626,34.44150428363989,34.61810333026948,24.49013291344364,15.32098764223759,34.798427846803065,33.39902279950062,18.253446363909525,31.23613599178299,35.48746655345915,25.167458626583993,41.09856500778554,9.958250912819059,37.277953218090275,31.27338713738678,34.03024950232715,41.722438170078384,-7.4545462318993,13.597049665241725,2.533528483173111,9.475625859330318,16.814034412028484,37.015368369426966,30.3058445172637,4.210232556066354,38.48012376983468,32.92507415345584,20.852558177325072,18.209089874293856,23.803610914654886,32.29147595544677,38.73819616264396,31.40269782859725,36.08352532414782,39.50615273774201,36.36987675143937,33.081540905807856,39.74864667878161,25.267246125539508,33.11516045893763,5.596750497694429,41.61796487977701,-10.284658533211184,38.10160999005256,16.8134670023096,-7.439939414944492,2.5589097569198764,4.2303809680791185,16.225218920166146,39.41876092224297,12.007482938651563,37.848474105587755,33.44310389049426,36.89109344985464,10.8765344057973,32.73446095380199,-10.36572636056709,36.74583524003495,40.29949223388423,9.071088054067127,28.071435098343407,38.7394176777109,15.480223891349556,40.24975589293562,20.999787999508584,33.05139155362997,23.127474177198625,-4.652437493456123,36.4416721192625,31.08258959230103,38.963060902592055,27.216263951854163,25.201691122078827,39.949296203315164,42.78084896889788,9.739437238676672,22.72619233248924,22.59626632439056,31.922027911692947,25.96984266521992,9.504675383844,33.84118094856832,8.854133218839426,12.371583149348451,41.639213897414685,32.00153793909807,13.12342138844239,9.358891540767143,21.81921770397432,30.93391773250926,10.180569351451673,30.149099338175713,6.369163551400882,17.74020508594268,16.714199577198173,17.271484035753893,35.06589666350065,41.97779983405175,40.44984359000654,25.571333840545645,41.015795975537934,33.56867597779886,0.32295285987633615,36.05708098355103,-6.020462434882717,31.352807473774206,41.000818856517654,25.422532877832655,34.872794491453234,40.61228568960892,20.831567997144354,8.934344795073589,36.341010404273085,35.95984562951386,34.196924840653075,13.247492033492222,31.74823959009705,36.000100041171095,34.24581484270779,34.28527627334113,30.279529026096895,29.468021956828384,32.98599489942256,21.970252178145316,24.869676450130378,37.98414451706567,36.58837198115412,0.7902630234839488,36.013332560131836,35.796489529826935,19.109834193332315,27.08389812217547,39.478135160802786,26.51118237711583,40.244187425450235,37.31431485679739,4.383906908061438,40.96184335336843,17.32368593108565,39.25079614434235,37.62706105957997,23.11946198873083,23.44777258011867,18.511134328441763,42.66165305918529,36.5668344886373,16.836672613441415,13.238544351360433,19.47166042845124,14.105239754614221,9.8208857643616,36.06881103020415,40.560500883925734,29.416748568841378,31.974938274355992,11.171071349039472,18.53377753348037,36.87728584568625,39.62351545909251
35.495260067816865,38.86229357620196,8.7643040695848,41.02069340007331,39.79353182356105,17.373844469715728,-6.902445501545447,40.296123187155814,30.381846393551413,41.112799244007974,18.885841939695677,12.1104428477153,29.35980208092262,31.369270610849803,23.602564549013266,15.433999913138553,25.15112948902258,35.12468286046733,12.109695473840537,39.75253958735188,30.2156258738782,35.43089219226112,26.82709502863321,29.95823285400307,23.05129550808132,11.230336090843444,24.05586584021772,-12.052081878559077,28.238469776628268,18.524129402919595,14.525356393083573,33.11192469767697,41.376191958476,29.52342019019631,26.09688756370598,34.45844684526577,25.69208002029861,22.552366424060537,29.89644340708747,34.050806396561285,30.268350173528837,30.829862832184595,34.48259124755255,34.641028904162354,23.905319476432965,15.277306595024164,34.231595553769665,32.90332097804261,18.381738915737763,30.57982788360968,34.840600549266604,25.15090797614969,40.82216956924263,9.745658576188923,37.30954581793917,31.44690472702651,34.01334877419497,41.228942641010825,-7.281164904410348,13.75579700889423,2.808465148604505,9.759607490043763,17.04619275870043,36.67775969502941,30.0277964039755,4.439394195462089,37.9835621885758,32.59818030383885,20.961509098248087,18.757531365425592,24.095410895290016,32.406169898616554,38.425521860306866,30.963597536745464,35.75145879806466,39.35873768909875,36.21701052927755,33.197729997983785,39.414648700801,24.877920416791746,32.95818009073071,5.9424182898194395,41.51604132075971,-9.989931422477296,38.02297685730882,17.18149793901103,-7.33647467140837,2.769049534566893,4.475112528793922,15.953784555471964,39.20956909104907,12.104376492078,37.43346446544193,33.55153286454927,36.52177712521348,10.575449518449695,32.31747119682633,-10.099184600702353,36.31350017679489,39.91718798123452,9.344289076524273,28.418772192251396,38.26459555886925,15.942566169204,39.906769719869246,20.653897912270615,32.59753172100827,23.3281063720833,-4.008697538467215,36.376907749408716,30.95540356705605,38.745178795242566,27.019130594599254,24.931589931352747,39.53584803207163,42.40785085736832,9.95091439384233,22.846619372255315,23.07793452675361,31.434900721807892,26.175026939165694,9.618985155738589,33.79463065622848,8.957499160354335,12.38129386877911,41.11826625747806,32.04587036440057,13.722209437000593,9.652956009365273,21.69776951887563,31.082554255439018,10.599772488623191,29.690197196725364,6.281262682635603,17.883181637719183,16.94304486662947,17.12191505410854,35.09832153737105,41.88071266729874,40.27404655661074,25.776091755670777,40.90098372198459,33.19821127722139,0.8502379190901259,35.496371563341285,-5.719539335083521,30.852177928032418,40.99029878197368,24.651615752573278,34.59240571865041,40.12550034360509,21.12920931712413,9.299926504175595,36.10057373847333,35.90964972639985,33.968340596873375,13.202504406793137,31.679662367725907,35.940959200771154,33.718847948989676,33.845805100160426,29.91081941449969,29.38545425185601,32.73238183204916,21.83980087428189,24.950404941061823,37.96531049320105,36.467651171418154,1.0200750606165687,35.673762867594654,35.769633574063484,19.27795102382319,26.571676875044066,39.21409715625097,26.29750541032951,40.14143866465784,36.94119237813651,4.79506645138336,40.44327745047208,17.144446218144985,39.284428865320606,37.29193574591893,23.013451544731097,23.363391974637246,18.448457022526895,42.51623060810039,36.64883293207853,16.847730917037083,13.197442226491248,19.60475212148012,14.453051607381546,10.130902662381807,35.98190741714856,40.3049924642183,29.39624345984957,31.579437376895218,11.26313252326809,18.56521193170479,36.797910446087336,39.07930077729841
31.8276611427451,34.75632817306597,7.679616497819677,36.76069694995465,35.48783782197368,15.58598930511968,-6.162073315240548,35.98207285837876,27.482004835870878,36.90340893616936,17.029394343674483,10.74681195464931,26.308664182911492,28.2186986201841,21.302579133028093,14.387214982873854,22.675527423899332,31.14342281972592,11.203254940344411,35.793237273975116,26.86545711478542,32.0434311052533,23.96328866592179,26.870555980473664,20.537962297485258,10.273277791350212,21.92194096924509,-10.198965053565626,25.317126061412196,16.53395661741425,13.085569210441918,29.71064346250524,37.125976310190055,26.723591565694335,23.495367722457775,30.73139132032444,23.077806838263054,20.585866584995593,26.584978392336136,30.368614659928795,27.173419232014485,27.552688482224287,30.883542608946552,31.048730157771136,21.363148393787252,13.651016147681649,30.35516876633632,29.37152772937691,16.675177175227347,27.07509512967058,30.98414081640535,22.666652221846693,36.61330704827209,8.93968583724571,33.41840426382867,28.332661880958483,30.39961440219231,36.730072175868564,-6.546639171196331,12.5693624869463,2.7792712703411784,8.794012474873197,15.89928840160314,32.73162153094976,26.84592849663076,4.058120472949424,33.996015745661104,29.248608797097827,18.74204696017045,17.047000695321476,21.514743954432628,29.044148122150695,34.59802980271549,27.764653189061747,31.767091452367296,35.10052440056785,32.41166483416259,29.47625525872966,35.40766870367754,22.276105227129413,29.666430266893272,5.389210894746818,36.99858540238347,-8.894126460681228,33.94959993789215,15.850768025422974,-6.62169236845746,2.5865735881909004,4.007995380588261,14.448108158048218,35.067848325014076,10.917519666539974,33.30754627613254,30.254821311245806,32.47296301250773,9.707972917021781,28.6944970046166,-9.060092803915083,32.43001003935672,35.64974766519091,8.506258639168946,25.545246075813616,34.07222114808616,14.336647760662576,35.726686582781255,18.359061048111354,29.13919300517305,21.302752074494535,-3.284989044652645,32.38276457556101,27.91701529348657,34.54261867101658,24.215616444345805,22.28432406105025,35.24805606195118,37.734405854762805,8.952816143421229,20.56089994558334,21.00756494845034,28.203521530149775,23.967167676116652,8.56302810937661,30.1422024156923,7.960936887669146,11.173110044595324,36.62155126035986,29.13836133392094,12.716899426250903,8.73281657812159,19.427590625568293,27.828395537217755,9.889297900069556,26.51597118703414,5.531261876436261,16.491991979250436,15.299738927456689,15.52340800450743,31.39866892594045,37.30494127539509,36.215367815618926,23.140171244500397,36.63004710882943,29.496204191815874,1.1960797694834484,31.682707130795993,-4.84375585341312,27.547563602822823,36.824320413043445,21.629161848368394,30.901410771835213,35.710241610502365,19.276509268972667,8.221608728309405,32.04805070787127,32.16511035224853,30.282564084452506,11.848861167981985,28.666872343177243,32.03534370227762,29.96309784784154,30.07626333686283,26.462247413150855,26.445134420386267,29.223054349771832,19.65306572034681,22.083484946791668,33.87347251285923,32.6860396487736,0.9501969253618344,31.715144448844196,31.881077790265838,17.834133258636392,23.69104920792855,35.02590160240195,23.640794710670978,35.844249940820816,32.993547444768765,4.784656269046815,35.977997951368636,15.27348073621046,35.157000296366,33.45247462923097,20.895095350620014,20.69419042558892,16.78422687266396,37.853281088674876,32.6149623857069,15.239668193108734,11.913152943233023,17.733826892084938,13.064955933476378,9.153810799994996,32.18299603790848,35.95895408456239,26.150061845137543,28.123079207952753,10.41910764413023,16.681320860331088,32.70196623081284,34.79222544475549
31.895221418561764,35.28091011951273,7.844357898291588,36.95010346021052,35.93380067077965,15.598654733309807,-6.3539335719575405,36.22989341817369,27.399081952147256,37.22508434321061,16.871076705084768,10.891116433492934,26.95042789658273,28.253372586687416,21.154385868103905,13.712010654905109,22.870516590721348,31.62265374661451,10.908528340048607,36.04752133365312,27.302412584096224,32.14005031417172,24.06642982628414,27.39962904093283,21.03293006281546,10.21945731242937,21.620292615531532,-10.963595386325832,25.617425243849897,16.90322294591458,13.08253106708144,30.14883939024048,37.31118789750957,26.67630495482226,23.362489015323174,31.156996096649287,23.329248152221062,20.05841222000715,27.047763529521998,30.906388892243466,27.035377574954683,28.168925739998578,30.974532411165583,31.240556170524798,21.774874700554342,13.4799912918369,30.892114169041132,29.868088222067914,16.623306824179807,27.756191698194552,31.544043439175965,22.949867573933098,36.9472641887742,8.594431731946447,33.63183894019082,28.111072851176143,30.659385841974554,37.25488826282521,-6.620801746089426,12.606796776892935,2.3897809542490824,8.652538925051896,15.41016876182689,33.19058226411928,27.50498939029674,4.186672957489355,34.467774425799306,29.831297440132733,18.836818090569402,16.67305832466642,21.58702504526828,29.19050899479539,34.80361008438711,28.121018236947137,32.210703408678214,35.47363940121323,32.71225749817747,29.78114721804656,35.65835806246458,22.80209366911865,29.964913443227605,5.2902825324509255,37.345388783479855,-9.053927991690104,34.186944332925286,15.632817263332834,-6.648282553050952,2.3735960651370736,3.8473064253963196,14.379209765656174,35.49937858669203,10.837376066068133,33.79415846157653,30.176219169243414,32.91272607367923,9.747691465003015,29.411824471166472,-9.098011430796468,32.92668310974764,36.04903980698621,8.160990221124768,25.626185092620258,34.498253383929445,14.170233681758237,36.0950177841197,18.782351869115928,29.48680526930949,21.215566168269902,-3.8172514772654953,32.74209057994432,28.281797522948548,34.89879928469245,24.569486222260874,22.528744710061705,35.62729653319651,38.23469762350984,8.689245210272086,20.605918846480897,20.629345236754975,28.50357146878152,23.682521169146913,8.416859946873203,30.59807977096997,8.046562403229805,10.93429842962785,37.196206972186644,28.976849171834004,12.013298073961879,8.509064992663436,19.539877636003133,27.98969082734285,9.665029843134647,26.70015290449109,5.671021482247148,16.031168176301293,15.372072760452161,15.55572896566041,31.659186587986543,37.65247555795762,36.47237863643581,23.090244517160002,36.86985469663465,30.06500349158688,0.7242705079705813,32.1538365314478,-5.018733298072809,27.91660498425775,36.874578006508415,22.44741640604781,31.144911923792208,36.355786676491114,19.010131149711388,8.274522528422319,32.466099229536056,32.20213504381773,30.680589391394022,11.866884379871511,28.62412628761064,32.18238147838005,30.36988035046059,30.51939688369095,27.093308708943567,26.612658371442258,29.447297026710267,19.754791618304054,22.519812257149237,34.10735817200211,33.096313219402916,0.7929151016359064,32.17120878004573,32.168154709495695,17.375111211430568,24.07179414458549,35.42498920070096,23.832595572627742,36.02470003188709,33.419586805649715,4.44401643180689,36.56945595293548,15.65672156570442,35.42711479077283,33.7238326331638,20.974565931467072,20.829464967461725,16.637695656153337,38.236415032254,32.72850179605559,15.32480966012777,11.795737037503752,17.751717153801504,12.91901893429709,8.798852774022032,32.49911293260238,36.381214263689394,26.410492004232335,28.668883137397657,10.150973721181073,16.634936401357596,32.93175857140491,35.31461949475313
34.316965808529645,38.21337714779484,8.383998735107907,39.79006756999032,38.90048641316938,16.740898169842023,-7.238798180446538,39.133566846622166,29.436472394661983,40.203441084295655,18.34330365653472,11.550588044751024,29.184582766378828,30.36430484038779,22.573591204130373,14.700775289180875,24.910655249306735,33.99986619346161,11.711601104428166,38.805823501958855,29.54419542938455,34.807642269704125,25.981166277047503,29.509969253437713,22.64764089138196,10.72818081348575,23.471915230583388,-12.022528612440537,27.918395006067332,18.281206893178958,14.068916752977064,32.76456883493242,40.37441082997122,28.43495987962562,24.904012130862668,33.8459377514013,25.12449787829045,21.41471335234622,29.431362271452233,33.68080735994091,28.97826860232668,30.327956709508033,33.468742242854006,33.43683903441883,23.50175270703856,14.587688007279267,33.5370197181808,32.59013962153402,17.97353911149819,30.190955321227246,34.3508061778434,24.611914534766292,40.076006818226595,9.187013548522886,36.12233081855603,30.378016043319647,32.78670499789413,40.381285805582586,-6.864713946933094,13.544405207990271,2.602818228425456,9.116074548975835,16.778604363723925,35.9751907595643,29.63164249413324,4.205697438564668,37.52318508906439,32.16922694216472,20.087977471492206,17.571986409627854,22.96284747664887,31.54567207540538,37.76569259241232,30.563696912344625,34.76998479815527,38.37285556729121,35.22539761671824,31.920707454367708,38.75227394415166,24.674883877065675,32.54698437002099,5.335690518094456,40.18900416808718,-9.665347992485296,36.69288300266555,16.884757437012574,-7.175468765439574,2.3228615930956895,4.046186638165835,15.368086108905763,38.427224686191174,11.553652106890645,36.48191675839783,32.71638593274861,35.54241591337225,10.457201027475982,31.76457381579914,-9.790454830410761,35.67862631757474,39.02371692295706,8.748807901932471,27.548210130146852,37.37473704110652,15.08421598748948,38.97813365491355,20.49344183222067,32.155875250429695,22.875746490271478,-4.512599788415203,35.34068331974369,30.485213505705037,37.61379224489286,26.70758327059148,24.394295546803885,38.569275625528604,41.397028579487795,9.375914493592088,22.011761835181332,22.02213968533643,30.999962108521927,25.71787328134686,8.954963333742906,32.752929862713444,8.660181564809717,11.85634855904066,40.29284017661884,31.365252075007163,12.73311714125119,9.07314981278297,21.01649225157164,30.0473759003163,10.21003196149096,28.93598748731829,6.07733089869493,17.43585764550151,16.231797113695194,16.67475157762678,34.15827441193019,40.51202225429138,39.498940931302855,24.703273399283887,39.74616230819932,32.5323977230501,0.4159050375613642,34.91517313458789,-5.5808258647529385,30.379958686863052,39.91736435289733,24.4898862023899,33.68145658475144,39.365817285155615,20.436646098954288,8.648214561960884,34.992293414512595,34.74318173737795,33.13283051881931,12.69076918404925,31.000599388435315,34.590004418037964,32.861719651759806,33.04707062606265,29.135480185456004,28.663003124805403,31.742720440044845,21.475420798205825,24.101984028999855,36.87466306216957,35.72953449675124,1.076926566232273,34.86917524305559,34.54121359033319,18.883469608288898,26.149534398947946,38.381507766283256,25.90634689365281,38.77159935005577,36.122899232950374,4.58942226013717,39.609481647871654,16.891642398884716,38.10771588148647,36.69922525763271,22.757712484503806,22.43135521900043,17.89480806245242,41.22545464072424,35.144811528564375,16.15819568636509,12.778274312808449,19.074669939965514,13.777253692712751,9.29741604763953,34.95043722903671,39.261327043356545,28.396318315181936,31.087633367859617,10.87036651433708,17.872704831073186,35.439061430979436,38.3612791854806
33.796594847626885,36.99469671041397,8.171580032122218,39.0937532519469,37.78434022321439,16.61321277074843,-6.586301779649186,38.229898947440155,29.066719441374424,39.234791851773004,18.010439074304742,11.364864312763256,28.078949864488006,29.93010091447109,22.6920426571809,14.974968805633388,24.13121536669157,33.16213950447868,11.74263513809715,37.98213016864066,28.775006091626192,33.92774483283504,25.446810094069804,28.460743882159566,21.798006634482416,10.902965402230926,23.198923555620517,-11.07929201877958,26.92319890067499,17.707388765877088,13.89733410221552,31.504771593134294,39.39855557748683,28.325117989602205,24.970382410346172,32.822290562874024,24.43641526273458,21.62526053776614,28.298529865635167,32.39967862258884,28.764358597444666,29.32083644260973,32.887333949640805,33.02207556047361,22.721249835219677,14.443861504023355,32.387122737405036,31.40067728142863,17.57725014502519,29.052552772937087,33.2057045415406,24.052059446366,39.01770079297066,9.44507618432185,35.53729047002004,30.01913155987687,32.30621700789049,39.22873143515675,-6.945269116220561,13.256724262366493,2.781124402363708,9.151468391349201,16.69452597229277,34.816555650977214,28.57060454464883,4.2622896268331,36.25025016150017,31.112158250008772,19.841340628964513,17.863570341612334,22.8852225120543,30.85080329737546,36.777687947256936,29.53840088101859,33.93586675048516,37.356160944134686,34.5099533749751,31.394876275212273,37.666594067644084,23.736928037197803,31.429858444542642,5.621601988643312,39.37680599303239,-9.443084435778456,36.134422885072254,16.64159420176992,-7.011796842539605,2.5408307975098268,4.136599064403998,15.319676455142254,37.380303729379406,11.615009375356061,35.506706092887924,32.10219868914867,34.63450046894395,10.35015121043439,30.587187804024467,-9.617286885571675,34.51062548568284,37.901503837543174,8.96021713226142,27.054261254601883,36.276073064750435,15.126983327615728,38.05948510138244,19.636656748630863,31.084672804463505,22.511661410355295,-3.667963171569576,34.42790810025453,29.601404915385753,36.82267618296174,25.80577368581291,23.770466783057913,37.658440113636956,40.230733946710615,9.432365140041286,21.819680587356373,22.1200516278372,29.964539526373674,25.317293644194233,8.897739668329766,32.08674763246214,8.536943893538107,11.741881296959544,39.078129525550125,30.807484653342325,13.235493417635446,9.469787792549377,20.50441451877638,29.6273177721819,10.352839264261936,28.219352123138112,5.897531248927383,17.315956832353525,16.23927499731141,16.4442011778136,33.29221341568975,39.74021839680019,38.48639133325521,24.451614638169218,38.92583686005423,31.41626930126198,0.9732965933355192,33.80168207999514,-5.318930338000773,29.324785980981193,39.11519719508889,23.253723117763332,32.918008912530695,38.16154928215989,20.19463825197348,8.737120582439733,34.15199656216491,34.240236720601246,32.306531566121336,12.500116050344218,30.386734621581528,34.01699564141198,31.99474167244746,32.04087981696403,28.18368068280077,28.07518269562054,31.040201139631648,20.837027642836052,23.47128964118571,36.17366425183076,34.74044022411252,0.9218080986848785,33.84851946272682,34.024917999139255,18.688593440926084,25.241995336279203,37.32108571424613,25.158453516867187,38.077812711376005,35.05122382602063,4.918461588166914,38.35173290832147,16.20171708433803,37.45552197950384,35.637302633709524,22.01372090952202,21.965707285738144,17.669136384155877,40.390143966343324,34.68717793384209,16.064454798782744,12.590147323341311,18.776543985863857,13.7154489829375,9.539227613074653,34.16736615487096,38.30647560828039,27.796292359965136,29.99292963770258,11.003467922415316,17.648088184845935,34.88410684053788,37.13351082908156
32.125201244619916,35.237887725398906,7.829028672837431,37.10432049298569,35.878391647800015,15.80254202808092,-6.28254835448853,36.3157957448024,27.603739883916255,37.344465076375045,17.11897910929476,10.952440737260348,26.71983688233506,28.34164374532395,21.573366449427837,14.322196149814259,22.897218882903317,31.471828302990264,11.100629672725367,36.192571124615064,27.25426662729731,32.358470728661146,24.051958215061326,27.201487359712427,20.754343827432283,10.409086675619822,22.00720846739802,-10.392505864924981,25.62302086400475,16.879482870435442,13.245914044966968,30.069680015913544,37.466330575901466,26.876673898531177,23.690952128165105,31.16721209451395,23.289460126892923,20.651321250649783,26.91689947518667,30.815780403931313,27.315271444471577,27.91797103295927,31.132767367019675,31.397318052404014,21.666567287448398,13.638509546573138,30.711271902533202,29.825851270540305,16.6786963007799,27.545423672352968,31.476987678520658,22.943751189691653,37.06896495435669,8.864243753281961,33.744897435541944,28.564599634311506,30.736995188569757,37.216679346727325,-6.594725239035287,12.718756616140602,2.745355262759793,8.759289662738983,15.925056183515043,33.15334305828474,27.186916026822033,4.083248586419294,34.45620787816126,29.67231130414591,18.832851686935204,17.060550777758948,21.7924868946898,29.293242822115435,35.006645805426224,28.174936950202557,32.16591252049633,35.45674029442201,32.78007671045166,29.804858078314812,35.84031461318297,22.587039708911107,30.068211698541297,5.272646923042823,37.37738680744393,-8.941361739588345,34.31048810802938,15.941009988952402,-6.64597285719759,2.4321091660480407,3.884215179898752,14.515959398142506,35.53876818419714,11.048409924003934,33.71852166002399,30.51348209099356,32.849090625277654,9.926392530812391,29.102148794968496,-9.151424541468986,32.86628225052698,36.03436063814913,8.416099670450489,25.75001259738223,34.43138256529307,14.442933019866159,36.093327757523994,18.656820246528326,29.556897998223775,21.47555463491258,-3.386568654782118,32.66507050002424,28.254928579792896,34.950657841459616,24.578936216402912,22.647122492795535,35.695271530962835,38.19460481332518,8.885626059900606,20.77321326308711,21.03819814301744,28.554495764107777,24.17649169258217,8.505510443149777,30.445803816751436,8.081894597570246,11.158594761512031,37.095862536822096,29.371019322290728,12.708321679485953,8.737312383735947,19.61092328496756,28.183847439818386,9.962279371312512,26.781247343574197,5.542451370134303,16.588328981130925,15.346427092456357,15.623176852704379,31.711596600458073,37.70446332349256,36.62230007898629,23.25575745538637,37.015584066093616,29.900663567923296,1.1506353317094342,32.10585971236825,-4.85881994471907,27.900212403664945,37.15269526094784,22.036011483057795,31.274998605568122,36.2333612648207,19.293708462133086,8.398289825994812,32.3598143277732,32.49131732582308,30.74812154419259,11.870414330882866,28.967703583013048,32.3467680305386,30.347840708976307,30.417370702902588,26.788219934636675,26.71615349280812,29.49752284931774,19.790367205065213,22.362207949094326,34.27990213276982,33.05206630659798,0.9098699879809675,32.12451029095012,32.22826973930675,17.81633554677034,23.96716089573349,35.490689750111585,23.90531590796844,36.148508051613184,33.354596103506616,4.883340967270486,36.42214996321806,15.460746723699266,35.562340804954,33.843496037928176,21.04566672245172,20.850789517675736,16.83810421410814,38.293349562747586,32.89722492010779,15.412516410795426,11.848663567864053,17.781628329395534,13.045937470850937,8.969457777096256,32.49777779300951,36.37429604039654,26.40871998127466,28.5948674098094,10.538205360087018,16.6817990493038,33.044407638722305,35.23612857312664
34.52921890149937,38.21405199356336,8.746499039648828,40.07166195152007,39.268870059230984,16.910303055125656,-7.2277952699804,39.47998251365445,29.660965565391425,40.4601001551174,18.70585555713495,11.485061480418135,29.286697571461602,30.629326036496526,22.931456486242645,14.89461511254578,25.09857571738502,34.20413181485226,12.061783660807706,38.94493985045896,29.695503239208694,34.86820268927574,26.3203500798339,29.57679600822522,22.627795619508312,11.056046433691222,23.753653244132064,-12.123028992235646,28.170288576826245,18.33314253227148,14.26424235165613,32.88985923706212,40.53473518637815,28.73335533025702,25.25129598413768,34.19521244598568,25.320224780597524,21.588913268519157,29.715996471610257,33.829386833193325,29.31587007009832,30.360241241878338,33.779383764816075,33.68069884114734,23.83842711034947,14.973935786554506,33.84260977590811,32.67549305656792,18.094236069917695,30.398455883930996,34.64821469525538,24.76993173126665,40.289384236140585,9.650676636547994,36.29098460506843,30.676345490655944,33.03878729543904,40.682760532670244,-7.115234641616756,13.347447562797077,2.87669631016159,9.334247881079444,16.972103662089424,36.16992124650817,29.5775064713786,4.147478964942139,37.72358770208679,32.22525573895731,20.287736554215883,17.770813861810506,23.131750667930387,31.796559128489736,38.020365749309214,30.620698489095236,35.08923675509315,38.59303310820963,35.379818069626594,32.07877230873396,39.01195054636355,24.741127046787046,32.57582337809871,5.3754025143315145,40.49640502210431,-9.820017109364866,36.96493205087597,16.888554951542616,-7.275560810739632,2.50495364657141,4.257588383698583,15.78170166939627,38.5734415796062,11.547659445372288,36.785759111401326,33.01374474992902,35.90808566464209,10.718920526775522,31.7493145090432,-9.984318640308665,35.94721097241356,39.28873392738361,9.11410566844564,27.568779252068595,37.682166131693535,15.095674200965778,39.29638873952121,20.584426907772514,32.34990616091689,22.92853125150312,-4.532597975624249,35.58709957890649,30.58600536916013,37.89767238486066,26.893340871226584,24.5978370032299,38.93361709010338,41.68443111418857,9.560414841869417,22.228192217555957,22.260554750773043,31.259624792753876,25.806632558104525,9.232340967605676,32.83688917004275,8.782468169667846,12.093825470900905,40.55085308966019,31.52411620574251,13.026028116542662,9.38518724575201,21.25094179640774,30.142810950839394,10.077525526398658,29.330920557267987,6.1567417033565155,17.744894378878843,16.487530606529372,16.723740672632747,34.23814213454332,40.78432999539739,39.72619210045039,25.030746189954893,39.9322685290479,32.7295782179844,0.34723575178125127,35.210500085402494,-5.787737369827706,30.658211330464283,40.1808326357493,24.62456185485356,33.96192628798525,39.55523097894826,20.57703515563161,8.62702571241571,35.24681403305924,35.05108912299957,33.23404250654414,12.807215246123718,31.160888346503654,34.94584828150668,33.26284822370432,33.33056781532734,29.29098040045509,28.880470694202536,32.20333380051144,21.604893558433645,24.132857854996157,37.08754375910273,35.88995563099229,0.84619879161246,35.14157562672375,34.81938944472754,19.13057277391066,26.342588448964197,38.61436446568917,26.123154342631448,39.16111975653609,36.36283301266848,4.4800175140297895,39.88551563155233,16.946536139467785,38.242174560148285,36.95195192987549,22.849323412022045,22.59254825359485,18.173785312872468,41.522678498985734,35.45315942497743,16.403693985194504,12.988755146492286,19.26174949355515,13.945277113969539,9.695086948666084,35.11684659569748,39.49313909599629,28.511955937794923,31.22986942443798,11.089169428604983,18.246604879774992,35.765341155090574,38.64965370334441
31.687029558151792,34.44610755415068,7.804617752288228,36.779832602056956,35.365292502789714,15.532082298033785,-5.87674786790213,35.99667383331292,27.147728607038758,36.53304198540552,16.65015898086532,11.197388020034232,25.940820335566265,28.149572433677374,20.946193039243234,13.663178761249284,21.965507406675354,31.4851518157879,10.348807147701084,35.424201599808704,26.656767377059072,31.32335162574818,23.821642696284087,26.46026629032551,20.509451411876118,10.201131267678708,21.053892773166183,-10.609437266460533,24.78008907840775,16.539866526477837,12.836493642944134,29.08226084417419,36.79393268549044,26.466257921857167,23.698317042880493,30.55106317088481,22.581963010691954,20.436652651146524,26.399845019803223,29.977616811966346,27.297344107863353,27.35018018015985,30.710600233556523,31.206540743098827,21.179508652276198,13.703185444317374,30.35565683397142,28.997615772147427,16.08319019635616,27.053457857982856,30.80796244505352,22.2722771663758,36.07844832439869,8.957612816932924,33.50213337459249,28.05029793422819,30.644845816806143,36.66861934419886,-6.5986109955366326,12.320637691429189,2.2835060676345496,8.607630606326975,14.657647743897959,32.478181031202034,26.64128642572687,4.0730134766101305,33.484910090424215,28.940068489470875,18.769924753241927,17.101484122954393,21.903854412574113,28.694909678945763,33.885148598287465,27.374350504875082,31.83778808164635,34.88916962410158,32.476191054803735,29.929754890724162,34.81103850411729,21.885323281566173,28.98110299112772,5.601769033608403,37.21770285104524,-9.018599137758285,34.27386750018148,14.7934971151345,-6.574764157850589,2.305758743149479,3.8480166754104164,14.494861282348285,34.68319587545691,11.304231045627061,33.40425117006675,29.589228195964353,32.6328152568015,9.504514946398695,28.80944757811789,-9.22009102590238,32.11839927573677,35.548734879317436,8.166935353189073,25.294877006538155,34.10083796994697,14.305566807506398,35.575221469370966,18.177332566162878,28.793940559723616,20.442410763887985,-3.045076075243744,32.31557353208938,27.303885457446803,34.55957631052931,23.63527357865165,22.166779352969105,35.165454632572896,37.76666882350467,8.809599126332518,20.475854232808747,20.64476842229177,27.672065553449016,22.907085048849687,8.819612981101221,30.299893239546417,7.885761636576605,11.021918187324365,36.53119191668558,28.275396551292964,12.44398356701267,8.454708083205,19.38653850433256,27.91618232623656,9.69591074208178,26.345779003051373,5.434371412126697,15.702637584608985,15.105367533362328,15.357362968077878,31.2262269380883,37.61899125558128,35.5775781404703,23.11893530202605,36.60710013095599,29.555581903851213,1.1158967714591757,31.363191853155293,-4.983858273012599,27.202051288594628,36.44646272671985,21.7307889958428,30.837498198792314,35.651744184095016,18.66626320441977,8.722729361233784,32.41596424261794,32.08659410092815,30.41264452727373,12.004248668060388,27.97521556567153,32.401145848443875,30.042105220453738,30.167720050703423,26.755813937014793,26.059568266370018,29.119800217183037,19.068215855456362,22.382351443522044,33.84049151788217,32.360628599320684,0.7816066224964884,31.699931775974047,32.16683789636514,16.747735026715173,23.557511264697485,34.74129535036645,23.036801161623885,36.00992596935044,32.90247678406831,4.474889901781283,35.89685137869285,15.072070900379016,35.261946345221524,32.78335893593264,20.168130467954988,21.12512839753196,16.45970400849818,38.085517412048866,33.03396729441266,15.0890701331174,11.605957643135424,17.36123715801401,12.985758551273983,8.982568444431418,32.26540831717011,35.93071770542508,26.363092739643566,27.944106089537865,10.087306814018167,16.437155156339713,33.13849902468811,34.629694576494884
29.909790529495368,32.9194730543537,7.332881892294929,34.778812598711184,33.50861357681286,14.696309326854896,-5.8070379321523085,33.9598223223439,25.770563277693448,34.76987858798849,15.822140463444379,10.476489773330787,24.94419263043923,26.646646043205056,20.057126812173937,12.985568628655725,21.14706714571271,29.62230121067288,10.114485706863823,33.789004715491124,25.468820046055253,30.024312832924252,22.50796900274699,25.411064756536803,19.58676620148076,9.627726316631332,20.23407538003822,-9.922051039520394,23.79153652727688,15.920620306858106,12.298346158414594,27.95366717068476,34.92341050818735,25.116357283966245,22.172886297655353,29.034978585391556,21.57802153723002,19.167692974578536,25.12077937503659,28.709288229827422,25.54197702279818,26.15536429195304,29.093554770511986,29.41699444528956,20.174507860575424,12.739668430166502,28.756013470714983,27.773000404167668,15.488759464540436,25.761125011959614,29.353272494567904,21.365307247712863,34.46134654602358,8.313324967179213,31.583728418402274,26.460986627507324,28.784831431462553,34.79521162508636,-6.206414320352435,11.836001823158595,2.3245918596849817,8.10855902973074,14.31817649476179,30.93759206762329,25.55662848681551,3.867364278986172,32.07119226263815,27.78760145613456,17.707701884965097,15.920761506396993,20.510252152023636,27.344053992300626,32.42239122921782,26.143005150762,30.03149141730783,33.15660488987201,30.671228943325445,28.065560958079807,33.26853204273678,21.128449045321734,27.925940287156756,5.125578927610412,35.0495969290126,-8.413970940532,32.233774064027436,14.510840575746684,-6.115486085817759,2.1433020337441997,3.542874187611955,13.597890400796576,33.12278982808513,10.526265482425936,31.549861578786786,28.273280857968672,30.788951430439248,9.171042998569847,27.34607847900216,-8.59321101463165,30.6407869521309,33.68401388503607,7.83978869160109,24.019746170030043,32.21426643142709,13.460000267477266,33.762239347799955,17.463925369348843,27.492622544792393,19.72714064388761,-3.0940454168590503,30.609558560277083,26.281573799600263,32.673305710621506,22.850550504197805,21.095533554982477,33.30378482728024,35.73507323479547,8.207754427175637,19.468765675345225,19.459843507564994,26.476860465312786,22.140780667316115,7.986706546531053,28.62199035722817,7.653172528117034,10.374024107965514,34.65914276396497,27.08401292409807,11.589795012175447,8.115322938514835,18.296822405084757,26.402226153400836,9.335195039236222,24.910915348501288,5.228135509581582,15.089034117903903,14.440788264213309,14.67000025110461,29.638289616396353,35.38089993589409,33.99501790997688,21.674558739738842,34.56894762981799,28.06954502389036,0.9961898700550421,29.899373265944234,-4.5462260444955165,25.977948133959796,34.56083392113438,20.697415261958295,29.154923660706583,33.93331321464762,17.83843668672269,8.097770522594095,30.424434440154755,30.199878108649006,28.86920804500443,11.3112101776832,26.728408809234843,30.324214263808177,28.32850670212053,28.51873040605152,25.263484324572158,24.870887744818024,27.518137232063875,18.29670105678028,21.167154288126188,31.987718662724852,30.900708270330686,0.8077484605114811,30.00793170586405,30.2297575342633,16.22767913943868,22.40576281658689,33.1079823577414,22.129483521267723,33.84848747427601,31.19387856446906,4.436243078994558,34.05513695200746,14.53227211147549,33.27329691179821,31.348022612479177,19.50271095015896,19.590332780168026,15.61395540247752,35.89938902729131,30.84967282590957,14.346811090478269,11.013143729671032,16.72269231164813,12.264059779114037,8.326174851207464,30.521995579525374,34.00911089061557,24.795950861648915,26.673262504390788,9.605259802937725,15.59955664164598,30.997137001392787,32.897243862769116
33.552248350220445,36.87195815775567,8.167606314058878,38.89628854561944,37.651406319730576,16.52080689024203,-6.589427694057036,38.120378858083505,28.875807059571354,38.974013251698366,17.874944227433435,11.584258205094937,27.92300390520235,29.748716029332172,22.270842792685016,14.662590238388004,23.823867921637348,33.15264691324892,11.389865039022427,37.76773809147523,28.554616149395038,33.74060292930253,25.282397495525608,28.475368747223737,21.880812649909842,10.754129052681332,22.817056217436132,-11.22297313578632,26.754671875635864,17.565245942742212,13.71753837148649,31.426514620272478,39.244421667201834,28.036467458511286,24.75929257945896,32.58798427268545,24.30217918157309,21.46201291815597,28.26730113705939,32.22127574129312,28.693222736102292,29.302339768753328,32.562687199647826,32.839473672642164,22.672532714782033,14.307672393005003,32.33229156010547,31.191251255081742,17.394281849824875,28.896566518230046,32.93447347158638,23.893302917571706,38.70693593528096,9.310474051555962,35.414948209862445,29.7643700793918,32.28522329365411,39.030380636801176,-6.97189370288838,13.128158533350861,2.5386601172352603,9.052411214945352,16.268545677899088,34.70963729169387,28.56027317613415,4.252564263362687,35.98221093397341,31.071667288422812,19.852715941620364,17.84629597083872,22.821028881741988,30.589123004812528,36.47293534845703,29.388330599010928,33.76554239068111,37.193951969178286,34.360261427773374,31.383457350704948,37.371063470525336,23.648845723515315,31.317448035391028,5.6417484514844976,39.28627848420747,-9.523073331882205,36.041765075449895,16.362153786006036,-6.957451647997247,2.4926200249888946,4.019502018343504,15.203228168491352,37.127504698938004,11.52972179130689,35.422142767547705,31.745617764160016,34.50108597149775,10.219153091095741,30.654942792654126,-9.673604924841598,34.3809390907107,37.842340251466865,8.676160037660598,26.925389900262502,36.18719125886308,15.070277262180564,37.86976349713691,19.532321891898523,30.890025794733948,22.22427506910819,-3.7021259513447786,34.33296775499887,29.460343838438682,36.615326707015775,25.534599005450353,23.5754876302692,37.376553664658736,40.076357396283704,9.369238981810275,21.652502062950116,21.89393832403739,29.77891236569176,24.977412177875536,9.080212419912096,32.05498202035937,8.437379160850808,11.681695800926258,38.94132009349918,30.558701541760758,13.025781242744044,9.003513643355976,20.532693016306304,29.40393274579314,10.275562154361229,28.104996932537393,5.914415834978051,17.03458945016495,15.973206683795867,16.270429690572442,33.26915758732856,39.62519835690444,38.165370803354435,24.36318604477652,38.781690280745266,31.430487533143257,0.97412923114568,33.590754689254936,-5.27136516980449,29.145080642176257,38.840211422686195,23.254480459534243,32.79263831689792,37.9743153636214,20.084028352307225,8.877185228384993,34.0824014032267,33.95568943641774,32.24386885573529,12.571751850862192,30.200440880623418,34.01230099322726,31.8344614554932,31.990047664191618,28.28090013352076,27.923221800237823,30.918960466842556,20.662544864803635,23.53881321247187,35.88172347570103,34.59055241313133,0.8894391525111869,33.72893273862889,33.821027976451546,18.34818989711788,25.109560240782606,37.111370295659675,24.861718600271832,37.98319220682754,35.01024465453239,4.771794079501703,38.2718751030999,16.262046207647792,37.25236486782632,35.29567139407942,21.856063627383065,22.07059208805824,17.59560344669922,40.212200446117,34.60139978199049,15.985871383580651,12.437850365107932,18.596863302488313,13.642796789289264,9.286889309832072,34.13964405303361,38.145638846123035,27.749945154208007,29.952424950082953,10.69840840675146,17.51932080894794,34.75220234138414,36.96418297881834
34.9608971200684,38.5097327097478,8.663235783303287,40.51735193595849,39.507934255246035,17.16761819370356,-7.0967956447001015,39.84077506195816,29.95811175842036,40.74181126087949,18.680149793587404,11.688448430612494,29.353347177622847,30.916994472494114,23.178354601690806,15.069875870167271,25.149410870597862,34.684781001120946,12.038058361436672,39.291891538684546,29.935252667779814,35.038263085406314,26.564893844353833,29.74636467984046,22.78226077555641,11.188863840729178,23.769847693783603,-12.168677904963578,28.142629187743765,18.391484273233385,14.377137986031768,32.92065200186604,40.879645097273006,29.10466842752466,25.70996708542905,34.36400753804846,25.450833336504992,21.953787789191036,29.779524287594963,33.944717200911136,29.744501164074713,30.58287965210637,34.08122566587906,34.1627352307049,23.898476107039826,15.15548204567811,34.015754152569386,32.81166455397874,18.091435120802963,30.535440492085286,34.818313589021656,24.961583756603723,40.53455647782883,9.786781694782631,36.76641413978622,30.95669970994724,33.54497747856072,40.963834306404415,-7.200009232965919,13.488209403517073,2.7827659848625723,9.49667928850418,16.898546837607533,36.353602196582486,29.792406726678344,4.280552162285725,37.8443519536197,32.3894133853056,20.605553363917014,18.1563834395628,23.63932989588725,32.05669573748987,38.15721509612385,30.750693817756684,35.47545572014635,38.93130008752269,35.80679503809602,32.621044171731754,39.157600157699015,24.79435594856409,32.651654996351304,5.715802753927141,40.99433670907444,-9.969766804198803,37.46575389458885,16.944516289614775,-7.2797977403175755,2.663949804119207,4.26851095921985,15.875136367988283,38.85389525949652,11.814650508275998,37.133476813419,33.141381249792396,36.25490774916482,10.776737586116852,32.05567277521788,-9.960295403682744,36.073020162798336,39.55171042382813,9.0819687132129,27.934770555810072,37.94219339548663,15.438672611964202,39.61719385651296,20.60795589488207,32.471076772778666,23.084284198680987,-4.343756012711149,35.936855318683996,30.697534517114583,38.328470917403926,26.867815755259638,24.762632818993396,39.28351389400495,42.049776552814365,9.712712264856561,22.542464546573246,22.59246737708259,31.296119575308015,25.865892956767556,9.350401673329793,33.325894599914044,8.795913405897815,12.177218649137089,40.85249716804682,31.629510755532646,13.245615980203457,9.51178497563256,21.44857973509897,30.60403620243565,10.209808802846918,29.493249274655525,6.170054997364554,17.68524977591466,16.685662273797277,16.95542357471616,34.62954793927932,41.324618306025386,39.963062666512315,25.345934426372267,40.401846642009986,32.919346895525656,0.5336897616163265,35.33944045594729,-5.8418979497823065,30.764819077596414,40.525462215312956,24.698547449751633,34.23190700509755,39.887732605293515,20.745227378564625,8.932560922233174,35.69996786904942,35.51419487571726,33.60358382380062,13.019567388100674,31.277097844740293,35.396642608093856,33.53961406709747,33.57339319303593,29.633574376797636,29.06785841309556,32.40963973152353,21.726315038776804,24.593539073563004,37.50497288143905,36.185661346573596,0.8815930679635053,35.37505418665326,35.31375250638469,19.060094220353726,26.54301901753404,38.880117032073635,26.166347376414592,39.63346701609042,36.6104264975698,4.566853807295343,40.1472716819483,17.00677354617614,38.76667872271986,37.09691417068971,22.833367748516675,22.900379669018466,18.253087015977293,42.025210146864985,36.026490988814935,16.580564402685013,13.074026579470035,19.38601986217417,14.141090270204325,9.9196568654602,35.50776637030344,39.906392485375505,28.964465904780003,31.43364215002469,11.20827878395429,18.343705650528896,36.29524887240724,38.87514141044536
31.522860313894036,34.98248446238944,7.619234441960362,36.654939163275266,35.50688496353315,15.627446666304973,-6.27138087756976,35.80118082878578,27.158986671973697,36.8582629097549,16.614961457756866,10.701195532922283,26.703267050184433,27.996750052623554,21.176739751134235,13.562255082770061,22.673246605853038,31.24704390740258,10.814285076519493,35.7320255672051,27.08034343110178,31.86079587617222,23.76196512907875,27.0518829124713,20.84025785998992,10.195262622326732,21.500901854046408,-10.730643208998632,25.307829738177883,16.73219249789483,13.11071519144813,29.80021211302049,36.90480244812618,26.532811893911283,23.22969103802785,30.89524023200983,23.05800428622726,19.82209169277307,26.63314217775627,30.63552011357594,26.649442156934636,27.93447662239047,30.72325986824415,31.012259069325417,21.47001657309362,13.277409238780672,30.49529267195953,29.66304780653488,16.402526677795482,27.524147821981938,31.302609988069783,22.737021204102206,36.66169810045825,8.712445392204897,33.39933363167084,27.78259751432669,30.32611948930582,36.881755412860855,-6.527655031437521,12.50291781471632,2.4060615253905975,8.616449094795756,15.33087275218316,32.76459847162067,27.275534916812948,4.078957881361077,34.191172748893734,29.55979351276874,18.76818920351412,16.487029288353494,21.456194518702407,28.95061121999371,34.50283683273816,27.949438869870228,31.844189889428183,35.14728403684686,32.486015308347184,29.503008352121938,35.30109706448511,22.765773514955193,29.67132394941642,5.243008367469204,36.918303697205516,-8.950124590006899,33.90449637758847,15.53222509432471,-6.513422808705282,2.297162457876772,3.6422231924249195,14.258092177309242,35.30800538738834,10.837483194279459,33.386186657316564,29.969117938335785,32.512744384130066,9.782604572212225,29.13684022080313,-9.079536805948573,32.570909678646494,35.56714645381978,8.154168382453904,25.394988578246117,34.02446711153674,14.051232081261313,35.803722160137774,18.634435613049497,29.171444424384763,21.043945091917784,-3.671957131679698,32.45427666705522,28.0641951105404,34.50280384179501,24.41352994030851,22.200307101198476,35.297079711665674,37.84268720161757,8.498032351154405,20.50588052181227,20.42498566254285,28.20839267797983,23.570521259884444,8.178972418395617,30.369246174589275,8.058017395370634,10.88844088043896,36.787880237585,28.705719928937153,11.896943585121205,8.60163607656669,19.172408007908043,27.864999508474874,9.595285368557683,26.371063460333016,5.640834892840921,15.900505318886674,15.301894947552006,15.449644237226616,31.46106774076167,37.264532492141875,36.15216330276747,22.68232553123153,36.55739624597469,29.731191279400466,0.7614252834964633,31.832014323409656,-4.905411206417374,27.608516350538924,36.516681969982,22.239929989588575,30.803811785132535,36.058858422741224,18.72045695908155,8.229843527064356,32.08175105211408,31.912497215771914,30.603719512844854,11.838057333406065,28.33437492463369,31.766553572084014,30.055245582855672,30.101502523240665,26.742392165080357,26.241423219293836,29.0302863687595,19.539462076911335,22.199968532291145,33.92441957324554,32.798256950467156,0.7851546033585853,31.798729909158947,31.905352429959077,17.190378168082916,23.733944223931744,35.087841332819785,23.602588335679492,35.55352362282095,32.918323885484774,4.55616154012119,36.128888806313746,15.63377139545597,35.193091573378986,33.44577347807689,20.758688300785582,20.482470706489547,16.388775232397133,37.91734404452873,32.363093006272486,15.15264803869664,11.608748502577548,17.69398991473712,12.835182103428098,8.644415709881496,32.06374939340061,35.9897192175767,26.128802975475235,28.496028912551743,10.21905488233784,16.44992732552285,32.56815758803629,34.93350021941835
31.681923990282712,34.94342129156067,7.805978764011094,36.77796993121259,35.6081842983726,15.630089590907936,-6.3142513148617265,35.997162443386095,27.223123057332412,36.932309323467656,16.756808888214312,10.851965625051143,26.60146609092009,28.071509763230754,21.093244449927987,13.739437202413194,22.652470530996833,31.38754262148683,10.78943643755287,35.74068815750227,27.03927083189013,31.843463898523872,23.82274684172544,26.99540159464566,20.70657656400493,10.244450666561203,21.512441208353774,-10.789849721991589,25.352333317329855,16.76999310919229,13.034475767090939,29.761959315866445,37.03160649666727,26.475023476316174,23.36820251716286,30.931330128515317,23.053437036849754,20.09240525301687,26.773870704677893,30.59338922923464,26.951172313418837,27.809495157557407,30.77591476024,31.080588100812907,21.545230442752054,13.488043668568539,30.596416513948693,29.636237134064523,16.353952656937714,27.486120213986386,31.32215644347368,22.66053882023282,36.63698251912369,8.819460958888653,33.42881994452206,28.02566075282216,30.433566606030762,36.95719119803909,-6.415811100007793,12.518450510820086,2.430351491391772,8.551644190955036,15.313013487239798,32.851032059323494,27.07761653505061,3.998859948554468,34.16637553095318,29.514666745900076,18.65804497459836,16.66234988605683,21.55118399823858,28.94475965154282,34.51369029165355,27.870658594830793,31.975465722909835,35.16944348158697,32.48736150907886,29.63965281846682,35.373883998912596,22.48691931795263,29.637617214772465,5.231327526076055,37.1428517844503,-8.835647399637235,34.02095640761346,15.438344541530666,-6.540785202631403,2.298229852120648,3.7220599630340305,14.403848171258172,35.1717698892489,10.946644820821188,33.515658402239815,29.94753926302941,32.68418819484755,9.82530504782339,29.091956244198926,-8.98922322130396,32.57826410213755,35.75707839015019,8.164065155060092,25.375885080919765,34.22830703310087,14.153366716042378,35.84842973613637,18.60118875429279,29.309440836805187,20.9987354941013,-3.635559544598547,32.452492720633764,27.92092002992797,34.68189978899317,24.304327713292558,22.44362370281269,35.384443117118174,37.952749837711416,8.663236636290314,20.519929035272046,20.566911815206797,28.22379989688153,23.539344855486394,8.42754106923814,30.2977300463058,8.055509553071449,10.933438056843054,36.86489971849279,28.75296132849186,12.157862359225296,8.510791255675604,19.42184458028296,27.921116985944074,9.657401852872571,26.563658455544747,5.516741924361359,15.977173592328775,15.19673947053474,15.51301069956066,31.436842237957208,37.41953645166478,36.16414838246208,22.902613671090826,36.65394670002164,29.762232310988015,0.7629645348689713,31.859008177951658,-5.018029774414551,27.721795541865028,36.65094338439951,22.15010074258089,30.968399860138955,36.05404991789756,18.82655628915686,8.309381827989707,32.24206627433609,32.08519257805127,30.56895673501804,11.910338192064337,28.42745486567582,32.07534703206996,30.207296269007728,30.26982993500689,26.789375385150382,26.354981821885858,29.249368959090873,19.54368549587226,22.29223249589671,33.94444141713694,32.75293204153697,0.8435830416739215,31.946728267537317,32.00527012759616,17.22437051474116,23.88543074993521,35.15093628569644,23.6100187114194,35.82716105730968,33.10331552222491,4.4884715404723154,36.22770410943126,15.436319248137057,35.228140167977585,33.46149610712337,20.737569145538327,20.728121260287065,16.466174604781177,38.02036091708283,32.63982502616454,15.11243869446269,11.708075974102629,17.59823832583115,12.843202512296582,8.743763220101515,32.242811607998476,36.101147817448805,26.259141971216405,28.377255304669486,10.195262576973604,16.466379347087685,32.80842778642735,35.033569610970936
34.87573709675724,38.715180726834724,8.675225360114894,40.499357291075874,39.651214367972905,17.157234748612634,-7.371223876282738,39.91836130782649,29.978459528914016,40.92894309271492,18.844638670532845,11.575740150168583,29.62659254600782,30.890409561141645,23.16750104790403,14.913511928987427,25.302860402167614,34.55012899762412,12.012763025673047,39.3464353807729,30.04370612816666,35.26161191786091,26.601487879921653,29.862499771156685,22.88842416048138,11.146307417506158,23.94021796176164,-12.32202618344678,28.48076640142898,18.536191608682415,14.263481196435352,33.263472654218916,41.03213849229709,29.034286680523714,25.481785174841956,34.56783914985079,25.452665433273,21.771406257007037,30.032333646910754,34.2545046437957,29.508608911491876,30.712925717722417,34.216838247889626,34.0791056710223,24.019107636177257,15.061478631529466,34.20498528064305,33.07636956246306,18.2233297578577,30.790419613665332,35.06148153926378,24.97724741722425,40.746891278874365,9.723690819410997,36.71083955409326,30.946175689881127,33.37672830834078,41.17123160612927,-7.124485802934659,13.576255968834376,2.7129606522736953,9.37169858386943,17.07108938023108,36.56751138693798,29.912843645817407,4.12028903189319,38.15995489763691,32.60289279329289,20.521334035692394,17.858746044721446,23.406505838677443,32.106232872613916,38.42797678074415,30.977585962199903,35.423846306393095,38.9815306417217,35.78073336470569,32.478486067353465,39.464627266822404,25.043540954580685,32.925451213628676,5.341182788828766,40.94470407818548,-9.922503467704432,37.37469085343787,17.05075697888703,-7.299408339150738,2.478925819835958,4.246776865378081,15.810630421631531,38.99659238054836,11.769354515254847,37.204404445984764,33.35264494271872,36.29746081913914,10.790538691805741,32.099578051905254,-10.086050590090316,36.350040000132715,39.715753616608815,9.04493883026994,27.916449737917592,38.116456088989565,15.22566568162867,39.732540904706354,20.83872967051364,32.74006154165779,23.126471400968335,-4.6629684050950955,35.91253595412033,30.909797440158933,38.30584513633388,27.104043792283854,24.79911159032,39.35147666662186,42.15609254518705,9.60131598030929,22.42344449964025,22.41879985193653,31.541764334660943,26.069824804340907,9.152549620422185,33.238509636941025,8.899850815456178,12.198312098106209,41.04868885062854,31.845945336896335,12.99924771903529,9.495868229452721,21.327710355217814,30.49391426239503,10.120051968579737,29.518624061724257,6.165393753086403,17.835156892606975,16.575792458391565,16.904509847890502,34.61436881100527,41.29777272174787,40.118068271142135,25.186478300273663,40.38192145704984,33.12680481871938,0.28038705754978915,35.5702494904315,-5.887352552492486,30.942497522829605,40.65788528386821,24.92103854186065,34.30000701696249,40.065114720229644,20.775608118742834,8.698643270407159,35.69392302763831,35.41375128203298,33.615995410076884,12.910816211462842,31.494961433999496,35.27026198885236,33.553814520190635,33.68684633186943,29.569923116639902,29.14318639757932,32.457634786077314,21.81446079591932,24.468203640544534,37.537365088958296,36.25860460757625,0.8553119659295763,35.533010384146074,35.210989418160246,19.274120343624567,26.556830148268716,39.012582662443755,26.390584883385586,39.56921012438153,36.78253066545358,4.535488240208308,40.335760110941834,17.16961128337861,38.70956107468244,37.36210356174958,23.04812521829503,22.823220484314888,18.32017378348847,42.005996459882766,35.80775764222061,16.468392929981757,13.10009043317242,19.382096298691188,14.040959469480317,9.716890120961502,35.54677076347876,39.89672696613394,28.79074738014415,31.606825452119754,11.112686273870903,18.42398705029043,36.15165527852611,39.08891392767384
30.691866304992892,33.56781346917326,7.448320140392508,35.59114675312639,34.17827203508835,14.959140878399245,-5.714434662558036,34.618067907591566,26.3838796602558,35.56360170399902,16.05523121212731,10.634031220849495,25.4571592926114,27.240129475689017,20.617293624836634,13.492353292010455,21.66650742120413,30.20754101856904,10.488487750582081,34.619556515273175,25.955827979191753,30.687674391480765,22.932802362316114,25.960282582065744,19.989765050357395,9.980673885731004,20.76976765338424,-9.940656709430488,24.177051136777212,16.180453505073476,12.59936112680169,28.480610741710496,35.65924302437061,25.887181551856404,22.819150171323162,29.58253671256081,22.182510974762746,19.725632543413703,25.483904559779255,29.237523631974366,26.173779595355946,26.776054495057835,29.71864431567758,30.155915682890928,20.598315759464874,12.992690898808226,29.217880036744976,28.27385286409069,15.869625148927422,26.150232524751853,29.884044382361797,21.942697140296207,35.19588820097224,8.602538530820246,32.39987232424954,27.08553874565341,29.482048274478057,35.435787810650226,-6.307637991055742,12.107282358798662,2.4757826428871237,8.460613584147776,14.84363421204767,31.480839231372393,26.142519493818412,4.049147221793505,32.671629145477176,28.40496168963987,18.12674610241159,16.480202449037847,21.070017625792442,27.978243141227875,33.16432093261535,26.692979244889706,30.689451596674633,33.84513141538126,31.419242954399426,28.70312936884328,33.92488718186396,21.62967448997436,28.480846239048194,5.423285669993453,35.806914908023025,-8.57825752261606,32.94487620893021,14.98030970661894,-6.2541326308427205,2.315831314317416,3.678285771719562,13.9147685297518,33.87928268074528,10.718148065938674,32.189646365960876,28.92326266079712,31.3503373150409,9.440756674434827,27.927548095599068,-8.704678476003902,31.226363202691743,34.29343814600983,8.075058813954593,24.617418024148087,32.767014986588116,13.866826831914553,34.50778979487513,17.79386188838484,27.984360826441048,20.34604895952472,-3.0299062918949624,31.26134429929592,26.980540256965472,33.37171908955273,23.30280696653431,21.49304503725593,33.980696450127006,36.41051484180086,8.398709546203028,20.007995404970945,20.112940252722748,26.990311613158365,22.781587455026653,8.178008242733918,29.35607777379334,7.796030398434978,10.635185003841057,35.33198358908933,27.81706548050995,12.043559221357736,8.421959697058492,18.74070397172668,27.10120999086566,9.60560481355912,25.408846688028678,5.30434523683554,15.502237374411292,14.889170848100818,15.04816439323253,30.379732371364174,36.12585265801685,34.781854719066985,22.233598203413933,35.40041128271347,28.52641046215655,1.1724438000770476,30.49662485759249,-4.588161219323324,26.465627318948528,35.32547733988194,20.979145446940766,29.721995932008202,34.54909178214199,18.295035060179746,8.256219488432091,31.031012192669166,30.955788853583332,29.512949624370922,11.550783094892225,27.391742567568116,30.94685190014363,28.892250796362102,28.98521826657657,25.735835762827634,25.45974708562105,28.1106958204491,18.70387404839866,21.499167263175615,32.729698518780104,31.574128895630135,0.7512579720996164,30.58093813871942,30.938690824094188,16.687500781337434,22.83047149082316,33.761186712399066,22.594855548756275,34.55233609570369,31.727645145523216,4.65659956783971,34.70106107297296,14.86240434955684,34.10881611111786,32.04239368094089,19.93985421663882,19.969064476037623,15.97636995119425,36.696025429323065,31.574351904645408,14.842318070353953,11.279827792281269,17.112115225163635,12.587284880121581,8.561926666304775,31.139007489178802,34.74289604768307,25.35178519644173,27.247652107901587,10.041877707013613,15.988854573834754,31.651840481662212,33.49004495999003
35.7644687832604,39.25203058483814,8.972819721345918,41.40739801140772,40.56056885381642,17.615213546912063,-7.405332702855614,41.02546943240683,30.75193310220145,41.6335406328722,19.56810000408934,12.04173259528252,29.796081082078192,31.790838163193207,23.52288472492797,15.537450939826666,25.519082562265133,35.41942640364973,12.091164028951955,40.039506590795334,30.434399419570077,35.995202943563044,27.359064060033756,30.21596295043286,23.197347963983255,11.435081343761043,24.253421129455973,-12.474753223342248,28.913278309665014,18.64966711485355,14.372547672896237,33.72833197991046,42.01087549205299,29.559792972345374,26.32978113704159,35.0710754890743,25.66617485270692,22.783309971911734,30.661249766831887,34.64210688013601,30.764740542283786,31.028686378700243,34.93015463952145,34.862943548474604,24.40269642003058,15.71718549820057,34.99751335476517,33.35416543448796,18.585523044368614,31.103737143678103,35.42008775295564,25.182692980182708,41.30879603295762,9.911165907890831,37.547134938939536,31.93434847317494,34.33362724980079,41.95223758407016,-7.562725506042292,13.798639409439335,2.675941059929314,9.5282966398441,17.276134167809467,37.330932268183446,30.231550341798528,4.314831741323489,38.590070117765755,32.96463276118263,21.020027157981232,18.77949310232904,24.06850096559881,32.59247426026012,39.00813710186771,31.353412648794638,36.155038168920335,39.71837111739097,36.61809084869358,33.368563855999646,40.15712173948292,24.987656999032247,33.41180367553845,5.70382546680006,41.99788698720937,-10.357501485234229,38.42461675802444,17.138690918099062,-7.66390461031566,2.7107783421369707,4.484967575167156,16.412745416532385,39.44585467681407,12.27195924179924,38.121220596534165,33.92194958872059,37.19142075735371,10.755901708279342,32.56315473857079,-10.6595460110709,36.97805906030092,40.76583986988342,9.226441470841962,28.546945639898837,39.15853004490552,15.738632698225594,40.364530580632746,20.930763185076756,33.23066334370627,23.4109614880718,-4.351671672172003,36.63891669020436,31.115814240787206,39.15067337326978,27.212023557663763,25.21411519370632,40.1453156619458,43.06002215389918,10.337408757310168,22.809452530517618,23.208958465928713,32.02864485473172,26.425537755769305,9.835159725289044,33.95574662790058,8.958773495581456,12.747954332073395,41.83148962791068,32.55105820606061,13.746549510629563,9.529923398535342,21.872676006672954,31.065891695241024,10.477834620259216,30.28323643000367,6.149707228338564,18.346799163771813,16.710735055473023,17.22515471975869,35.20282305448413,42.4418519012015,40.7296839198975,26.10684503565366,41.35045968852152,33.77657749849362,0.6140804007159246,36.11200042225893,-6.139373140953527,31.29312298677128,41.62359574820056,25.083903608272415,35.20139241772912,40.6209348901462,21.44344250901726,9.02395414160991,36.72639721279709,36.29380822212029,34.169352412793565,13.265467743289932,32.185763324302236,36.53469000837936,34.196939401964755,34.543203338966755,30.204762316234763,29.755093966232074,33.298353420131036,22.117705892292534,25.126035443067888,38.22595712250369,36.79868630653387,0.8030023311371011,36.1893189142809,36.1123893452164,19.76434921181751,26.97664101678538,39.65485075202007,26.610701684762443,40.817522731370275,37.78048855370518,4.572294175569412,41.14670218436055,17.155631383780367,39.53002819001639,37.79904583161052,23.356351856417607,23.88118765884318,19.074519183327798,42.91225753034194,36.97635123634262,16.91385848036827,13.693056976055987,19.54424948105367,14.28837441712221,10.153401714460976,36.54367152514257,40.76871283716443,29.510379564640544,31.96711666693689,11.136863327286314,18.939195487853233,37.28387467932922,39.792900486104685
34.96737795576427,38.471584911832316,8.659064938441414,40.685447178540514,39.510179946759266,17.287929902079686,-6.910712500003719,39.95239809518489,30.008985134917914,40.713745838075454,18.618525497217732,12.043540312236189,29.290387399407553,31.082314214110543,23.176739822049953,14.831022821861026,24.849730610313014,34.858712941284075,11.552759985833985,39.323324830118224,29.77842771939641,34.99449901891945,26.477423252754225,29.732089448993193,22.832601071191757,11.298288644578388,23.390841929348664,-12.238987974754904,27.950182650967037,18.462723776507204,14.184664225721239,32.78173082948741,40.87667857753626,29.1613082421318,25.959366086605552,34.28719354448566,25.273875187228295,22.094075942583885,29.735100389778278,33.82686232885578,29.955799634667464,30.71022724756507,33.9738653690044,34.4099514945961,23.885855123128962,15.129608822149256,34.03174697747406,32.62190172422474,17.88278415989177,30.512221431393865,34.69035585726191,24.89016983076198,40.35499476421035,9.820072638762758,36.968057949519626,30.935258623891407,33.77748947754472,40.98684007054492,-7.41139931848735,13.581975591828149,2.432982562830489,9.375474941459675,16.46794730784753,36.324942526043785,29.880074680990884,4.418069046641454,37.66477989977242,32.458642040739846,20.585369964649804,18.41051104950895,23.89497491896569,31.86139168910798,37.9951596959514,30.71748790165635,35.51874336846013,38.894134293577665,36.02558229096943,32.89853608735685,39.012085359174925,24.74232754760346,32.54980693827065,5.833023469822344,41.17020150057866,-10.122232061813682,37.77059265040687,16.559608560437695,-7.315536502326091,2.5354703998269272,4.154931736331651,15.98587647367815,38.777604953923756,12.130197428685406,37.266662695698365,32.91652464447106,36.309988394222245,10.65459095319094,32.21422268526472,-10.29704115040555,36.03744539298339,39.64732093810541,8.890230018837064,27.92663964915777,38.04377246621695,15.474193043961877,39.62127458411482,20.516716454899026,32.37505602541814,22.841034449884024,-4.041151886617395,35.91336863063092,30.622273674395963,38.41512965823875,26.640519867464075,24.735416163530562,39.25762688946528,42.08183001710216,9.64035370375292,22.61601394693039,22.586560741004632,31.132528391091704,25.578142436515595,9.471718062144335,33.57089780857244,8.782457210508019,12.074755726439669,40.88306508150884,31.528103468819094,13.237631903167081,9.260335105828611,21.543226905121642,30.742321604372954,10.432697289987807,29.447377120399988,6.169630795249466,17.4772770993032,16.631068715981694,17.01629956795198,34.62012351569042,41.570801852412984,39.77820308428257,25.385448075755022,40.56755166028393,33.00235580781929,0.7456672467554939,35.26801552956658,-5.792936864857742,30.605286986450942,40.45767332860104,24.670833314618196,34.368469903180646,39.8923550910368,20.63811259300651,9.21996841309884,35.88666951120235,35.50420473885424,33.798150596943465,13.145216799686821,31.188202144217577,35.67159924426042,33.52808977086757,33.679809174642614,29.8314022782184,29.06059033188921,32.47161740004005,21.471226206774773,24.709569881518835,37.51973622372498,36.07478569736275,0.7981059253152926,35.38595313452915,35.474628688681875,18.73828953444284,26.402653318616643,38.81558382000288,25.92445724637311,39.77857876832651,36.69384105630325,4.669925279474394,40.183664641072944,16.954638588554264,38.919502983249664,36.83684095176586,22.742582421104057,23.166408130441265,18.28963298205028,42.179946869683,36.305231785889944,16.69216761818299,13.00423546714445,19.28043684371039,13.975095127050873,9.70712014025732,35.753385899757596,39.96671465716989,29.050471058215766,31.389247665917555,11.09877974038926,18.188938172762594,36.514403835591764,38.821565234631954
31.542512000569097,34.11028759482605,7.430855624119458,36.53884107365545,34.70896683918356,15.4600223978543,-5.468025138837485,35.448237184152084,27.015707840064177,36.15915639456227,16.23767920841343,11.07921787469276,25.505569107230414,27.957742258063714,21.062048922970778,13.995516491473232,21.676215932468587,31.046809835425645,10.4569828852941,35.256157625207365,26.393378871120394,31.187950709509597,23.39906115800033,26.01892273391642,20.117145435324584,10.137283488592198,21.052383036171562,-9.942233868480882,24.2372317169939,16.398571168791847,12.939047052675386,28.515225670672937,36.421980105518244,26.542570905319806,23.716101974037812,29.969003897839155,22.2653905913097,20.648159502373534,25.656249957940172,29.419538097531106,27.14466516814516,26.98836421555931,30.500239926514357,31.105992488106004,20.622435069726283,13.444467275638978,29.60872430151859,28.57238404889394,16.065404454924973,26.40831483595002,30.2520754857888,22.08163678806143,35.80648212472846,8.839765688747061,33.40569880416119,27.864673439676597,30.377010490228386,36.11491538514839,-6.358026281625294,12.396734678407562,2.522336602062851,8.61186193788354,14.900167060850352,31.869954523388945,26.22533178247862,4.176178298434032,32.99019784575551,28.53285369008521,18.637442708580668,17.215035266887845,21.863561874214664,28.50017956780795,33.556980617479276,27.07703033430406,31.39216640502062,34.50679138505461,32.254305170098654,29.70928227125449,34.35661286678409,21.560328704656612,28.5989215022173,5.648143252986769,36.70652976349988,-8.77918889161021,34.02342609375658,14.994157227675352,-6.4959515719471295,2.278293094518557,3.8063392743598383,14.36747156880095,34.41022362610007,11.364371493065446,32.78339435010375,29.425528423541067,32.05125185451453,9.509674406279558,28.342203422482143,-8.90669915355298,31.517144181333848,34.89674294356079,8.424383306628648,25.174896601230394,33.410448821996646,14.532744722804104,35.18150301339126,17.801731878084475,28.27582613933179,20.582388857521984,-2.493078252522426,31.92243105656713,27.032674444396797,34.19425998678985,23.31120114036402,21.853432552593638,34.74137408047062,37.15738974871353,8.806027323531094,20.496533695658563,20.749494833399392,27.150442502592064,23.073723861235926,8.419440931375748,30.128361254908025,7.799887136928148,10.913344698742996,35.9266227040292,28.239994527007216,12.70789553800606,8.768001869618146,18.944215858421597,27.957121092440833,10.076344203175337,25.88011235520754,5.273392372435326,15.703881860873762,15.223920177487654,15.417879209509396,30.989780507109504,37.26067993057673,35.27488836837206,22.964879129728942,36.32779441926787,28.89318522499716,1.5701598359851885,30.83004783309939,-4.798021239127963,26.63622949172608,36.18125024449497,21.016490379171515,30.41220012692138,35.17253800408533,18.68537882407175,8.82111750554751,31.94269547667277,31.957920552899154,30.20003027290166,11.932027088228969,27.868817015557948,31.95750312012214,29.514789408978153,29.504550646338757,26.20250153582993,25.898772213914,28.52897749190979,18.802433329418523,22.056033401752845,33.714394592893484,31.985033915693442,0.9924441109386115,31.175105729592854,31.98551362038571,16.75701565803058,23.060598195679013,34.33963312991258,22.707601881207392,35.556366909531306,32.260201066813515,4.9700246718021655,35.19815139279332,14.725326520412885,35.1633152564394,32.41087550878852,19.798821945002018,20.745882053896306,16.179790552455582,37.73711434343127,32.760785158693004,15.01717425921305,11.474899374932185,17.204327126417507,12.919495347314085,8.930027188067866,31.841799635405074,35.53505616801382,26.157506001862153,27.407352014426774,10.349296510077876,16.27411630216741,32.84810509886162,33.9851648939958
34.79153454983702,38.084609859762644,8.51629618866861,40.20783189291833,38.88924995763896,16.998042434958652,-6.665289330087106,39.35430097794,29.572222276475525,40.18404999859855,18.244715195909293,11.927722411618927,28.775487123318793,30.738422338446217,22.96562115688363,14.964263127436043,24.40518879987622,34.422486247893595,11.503381878608284,38.91569369360506,29.538051947636088,34.53910956271206,26.04610169597769,29.220054444453233,22.527674107696736,10.975811908481742,23.23421623489476,-11.895807870999906,27.41887939379291,18.11906284039247,13.96375478114742,32.18306134223379,40.418331097332,28.925240078339055,25.713233970500756,33.67093264943625,25.04707716476729,22.068553927810015,29.116201140553972,33.20549150270577,29.68157016935514,30.310230474021825,33.646336346121586,33.99582398166066,23.232480933764148,14.788928528270885,33.403069437784964,32.10112798650597,17.712560643679943,29.916046862406272,34.057590480891115,24.52085929662446,39.89954192222665,9.574099302149097,36.692684390191744,30.642728631773778,33.4042325246933,40.34396750471687,-7.115962473015409,13.454948736050653,2.410627518772174,9.298385759688518,16.419550548621693,35.77556373222093,29.352089027392683,4.557510812015847,37.02105002362657,31.946134480700472,20.47887581251966,18.411761878204004,23.765024784980465,31.4871020051245,37.47597503285463,30.26470238746411,35.064056284645254,38.387816407470346,35.64670291601948,32.695199634818984,38.444364789484865,24.249356747669182,32.082520218746325,5.770321388937211,40.69823478239217,-9.79213706523113,37.39941215443143,16.55837047541413,-7.151460178093119,2.414642957104851,4.271165629298975,15.567110011086385,38.331997807471986,12.035791172059602,36.703205307540586,32.594874871753184,35.70718013538147,10.34012800076054,31.75516049746654,-9.991143582857262,35.39134228041892,38.96975267629351,8.830488903186577,27.789037166592255,37.404989938886644,15.601337663979399,39.05220411193197,20.021144782516117,31.829470612761643,22.739865372003266,-3.8113930816111994,35.46378347884154,30.2356982683969,37.94737484957612,26.276996573210866,24.411733958902637,38.63807175080576,41.50560138449297,9.51324984845819,22.336779624982213,22.54510104660474,30.619495496003992,25.408777261145968,9.315951778661974,33.26283385172847,8.630348981712737,11.898753264070944,40.25012161486204,31.147553818610454,13.332784534006477,9.283816292456262,21.1413351078436,30.564640891445926,10.435782773872923,28.915390876637908,6.0337033184105575,17.266175403932245,16.465240936577448,16.665236855046007,34.289582449749204,41.106546602047764,39.32307222088366,25.18805584762497,40.16010091664606,32.40517008356006,0.9188393115252623,34.613755405955416,-5.572180496557365,30.05596992183673,40.0007544417806,24.15032721064007,33.77410777617997,39.29618671563812,20.499127774657705,9.218202392678071,35.398663958183306,35.223233988872785,33.29491729663433,12.478698766284074,30.808991522854008,35.237533593978185,33.00758028468961,33.12687586028596,29.314629870664643,28.743805057251596,31.840435838501588,21.221416535678067,24.53937030367175,37.19902750387089,35.59991148469678,1.004613622414385,34.8579931825583,35.18798071495077,18.576703871557022,25.916805027722926,38.30568648374601,25.61944001780712,39.30410598707239,36.09936180661311,4.749716653455424,39.528432255595256,16.66122003161552,38.63604353181418,36.388575069970344,22.297531713830647,23.020412510373887,17.93001076286586,41.70182878579497,36.01958824454044,16.52599889744629,12.662909948585904,19.032226795821888,14.03498336462795,9.552751375570265,35.294135552208935,39.51231945796462,28.86644160171238,30.945410077581602,11.051197827095894,17.93259242074495,36.171759987030036,38.171608175267565
31.817844650312367,34.269029384951814,7.620374652631125,36.80688255000008,34.998732802643985,15.536804463212425,-5.579880525915646,35.73291728455924,27.21449595824636,36.38991201928831,16.431108814387354,11.23418734519941,25.66493917957502,28.263173605943916,21.254608087389972,14.14784382342219,21.796502677582552,31.376989963009727,10.450291566944028,35.51404310484306,26.533149496937703,31.314786097339557,23.730529368952304,26.30481190362072,20.555641701542253,10.249131585885584,21.087471736109528,-10.17736496323559,24.321375177155776,16.35514303763229,12.970681644367371,28.729510706902737,36.70830974499208,26.739736895076202,23.96887163656998,30.083872476989512,22.50563914417471,20.828002224162294,25.84847457868976,29.533551998513907,27.489822715967716,27.30665289315412,30.597774574114414,31.315526736137393,20.81766430194961,13.59477062241146,29.87739823513565,28.65521038408369,16.095154281752297,26.55474717677659,30.31720052766117,22.316955923242546,35.843884542585116,8.93293364134632,33.718821192315865,28.09978647075736,30.69232223214868,36.24596379994921,-6.517596706760334,12.349559916307475,2.5348957268140575,8.77671141822035,14.858673493189949,32.12928227146427,26.597000633301455,4.1761726760120474,33.10017848328141,28.80564298504777,18.872747627940257,17.595333381335227,22.148718337890866,28.66355269893985,33.65193547630224,27.202123518055078,31.59978904783613,34.81147408166902,32.56634905725914,30.109784448965733,34.470902313190436,21.74658037682446,28.809549382186532,5.858968842428338,37.09864110686197,-8.910795602582526,34.33559613069688,15.089428158606257,-6.531999384765836,2.511470401149573,3.9796632993922607,14.38419508610918,34.667278851086905,11.280922900216312,33.112003444116304,29.543557340358902,32.31500078829905,9.38013881094037,28.739095052125197,-9.160254375106213,31.66473472144715,35.147482314761334,8.463336372053758,25.547884988533443,33.67772417329439,14.709112712933667,35.405696734487286,17.928172466737823,28.351929384299844,20.68993190684921,-2.625112572835684,32.30529321983416,27.287508327630064,34.50823705269349,23.467301255411787,22.009216955976424,34.86165989297437,37.48078148425254,8.951563159822088,20.767301122154606,21.05700448368619,27.31479712331438,23.062999164921294,8.80162047904628,30.5538934514181,7.949164376979897,10.934080542615158,36.13119019992909,28.32559449499048,12.906943509301469,8.598836822265145,19.240547124427785,28.196915723320302,10.025308611917527,26.088156679062866,5.420606733232347,15.66300086625271,15.357057081941571,15.479668982462163,31.33299116774025,37.540272264954815,35.464044176702174,23.126359041675308,36.62263980814856,29.148372876792315,1.5407633783214651,30.96166495653414,-4.845961466131679,26.8236840346156,36.37428553254132,21.24147510877534,30.65626596234876,35.30354120714202,18.894102954859974,8.802980487544456,32.26666336817008,32.21324425135521,30.41970580119108,12.133400284993863,27.90339287173427,32.34381359889556,29.697574661836953,29.81555114087587,26.619716314593962,26.096471627316294,28.88303868101781,19.02414948439552,22.423691170321536,33.918065840171884,32.30138311925133,0.9101706880248547,31.34950677857114,32.23518643750092,16.79544908237306,23.249423750004638,34.478754578525866,22.80606747894018,35.853928597403986,32.523455950560376,4.7305987943798815,35.48179993445031,15.011941863599631,35.392298957875596,32.54719408722253,20.11387773924475,21.189155424061138,16.316616327528532,37.9554959571655,33.11144252944243,15.236945734295258,11.583142375333422,17.415348229146907,13.178396411501733,9.085595177960224,32.14139086442207,35.84328551322661,26.493819142927414,27.65867019923142,10.299027377360371,16.234275263695,33.057449400521435,34.15788508777173
36.01950818343975,39.210753211834735,8.980494627945607,41.60529711687002,40.662510528756016,17.706425719615368,-7.223069084047938,41.20642614349925,30.717486586960693,41.64171836259277,19.491428932038055,12.054598413574304,29.71421889014493,31.840433237240312,23.41930569306366,15.67742127928464,25.413544552917486,35.73378962221451,11.900456329978903,40.01729958808078,30.445129365612264,35.92850605433268,27.43280468995556,30.10520972773433,23.239630431682883,11.604000855342097,24.08969303802017,-12.624267915613094,28.734955382157796,18.54008988188561,14.533553192499362,33.49383965366664,42.05232866450194,29.697431685387546,26.697553283844552,35.100739992103584,25.64262137457567,23.06004903037895,30.65643379297547,34.4903434778936,31.196513649716728,31.06283496515024,34.95779050300055,35.15065050541712,24.39298396622091,15.825353222983404,35.05764921500547,33.34198508745565,18.427670680013595,31.092689703154203,35.487775820128526,25.122938401025632,41.29840366304586,10.147293638916127,37.86731626398088,32.1246400896063,34.73324084191263,42.04756220796675,-7.65757102383693,13.586874657222772,2.653542016874179,9.479664623407503,17.08784513517537,37.28800081762983,30.102831651469387,4.291670598957872,38.48138995863632,32.87263408216343,21.158734563688657,19.080365705073042,24.32192559384846,32.55604145536635,38.91344144099766,31.412204659604686,36.40812021810614,39.81345289620184,36.865019066291346,33.78911403442794,40.05262438242864,24.764983397603284,33.20299946446586,5.669228435388291,42.290590771092624,-10.507655989659465,38.77495196368904,16.892603024896516,-7.710082873628568,2.72728060305754,4.66963878697527,16.64666473763232,39.458799731730025,12.374656466699877,38.285282109113076,33.81042621581214,37.38598160414039,10.870499602220557,32.7186984087917,-10.702789291061325,36.88460144302096,40.81401380313673,9.194779610795782,28.563170693227086,39.30671981138436,15.974974741697622,40.52761066735836,20.852136800929355,33.17663332432301,23.298547069577438,-4.269667124959987,36.78419463508541,30.90643189342926,39.478015338948154,27.002323495367442,25.364506463039984,40.30732069408659,43.25472194649069,10.551007458914702,22.94296143748821,23.351637112509156,31.918351241434284,26.243388086259397,10.089246745841276,34.26605317595727,8.958398949631833,12.819744100005952,41.91546852941531,32.46333187934314,13.906535427902076,9.510097101943646,22.017257519086282,31.318982903721796,10.402381474664358,30.442260826442507,6.179653581284222,18.11207555600255,16.676875530558387,17.38147634954112,35.40367867750921,42.75567160315948,40.69020484801468,26.327445969095727,41.62711738104138,33.74783718486837,0.6455408710728048,36.12169275659149,-6.328630951369311,31.297802898273837,41.712536165573866,25.122657289094125,35.31431568779416,40.71955774689794,21.435978593360907,9.10956638285459,37.087351285463676,36.71873923789413,34.36434865377592,13.49367709534617,32.17615137430244,36.904808279190625,34.47463290970424,34.65955405604746,30.427094021885715,29.910470224034754,33.388892472719455,22.126253898960503,25.272547858854736,38.49740305926507,36.82809028410543,0.8099032174823747,36.328983253930815,36.489536516615324,19.527134673907682,27.039912090463673,39.677585513081866,26.438668544516023,41.156661532993766,37.85388436550996,4.432713739873296,41.231889271076305,17.064163849793097,39.83824461595189,37.764224006185344,23.05033556648363,24.340934145898423,19.017285025388293,43.18405584876552,37.479476540465534,16.946525758330637,13.582066620031096,19.3706725817339,14.321510757180954,10.268355834136564,36.61235842077144,41.04789051610332,29.859965368340394,31.878973020382144,11.178520257988401,18.860249359573643,37.746429698706955,39.81356056700191
34.45917241148022,37.8643716071549,8.51837467534588,39.87650942099629,38.79998758514128,16.91847393724226,-6.992679960256568,39.19845871604225,29.522716472783383,40.08596760779216,18.459786210342365,11.560506867332926,28.80696678396888,30.487992968974897,22.776438821850736,14.957178113495686,24.68129028655029,33.980847597777505,11.810081394635267,38.689065042444135,29.407617554311777,34.65252884197056,26.071570916351348,29.171222206833846,22.396258271444584,11.058982374021578,23.494388993818166,-11.788755335623918,27.67920326325665,18.03830457047452,14.119622163970925,32.36246995177867,40.280713344871785,28.69001863122405,25.347488147247642,33.707114438563515,24.915907848846935,21.8121130250827,29.193387287003983,33.29965130951807,29.36252627652588,30.02150935515692,33.547300828879784,33.63200913634018,23.39809126855741,14.785654337454094,33.36663296822077,32.199944352509846,17.9421754286638,29.942214947415234,34.130750605375404,24.51932712711062,39.89564288538532,9.551175707012316,36.27471381256623,30.603975970644374,33.03560560722392,40.27953367028511,-7.186741343220203,13.402125661276404,2.6915941859048145,9.273532278793548,16.786661511707017,35.77090483767489,29.289710167390517,4.275981799136988,37.174014934509394,31.871330407220086,20.172049082959113,17.993970032593293,23.21291865346887,31.465859392373115,37.57600915444056,30.27062491383674,34.7712424382683,38.21890997933435,35.31936234755629,32.08394534146503,38.56298627381656,24.287223526746963,32.13484372603518,5.486967899432704,40.27189129587874,-9.883347088468346,36.920066132583194,16.737011906141028,-7.262661236793621,2.513182533905574,4.214994421759657,15.647198803166939,38.18799557192139,11.66900708775968,36.4909031399034,32.6624111669279,35.60466656132529,10.440963467639959,31.44838687908131,-10.015295223729751,35.44926438429711,38.9087200778833,8.99279847067331,27.50499193766643,37.334590772771634,15.217256250817707,38.910285502623495,20.124716379436567,31.894134625640365,22.74973344680104,-4.163563711411963,35.26817183009122,30.184165565717407,37.64503951842292,26.32322026951185,24.2651370539556,38.589561419193394,41.29361000560832,9.631347400243174,22.125266658497356,22.32555021792399,30.731433019100887,25.59557135428099,9.154555761171757,32.81781115512385,8.566822727534014,12.02806203721109,40.145570390562526,31.338159953755486,13.163505893434852,9.33322117217004,21.003295748649034,30.106671959063632,10.208400366106572,28.938490031435457,6.023184011726765,17.49834334623921,16.33340564215335,16.66606986067541,34.03571763019183,40.6978116001898,39.30400692961805,24.906602927673283,39.787349048600504,32.3494702634144,0.6578695058170999,34.705787136671844,-5.6678426056051014,30.065731696798085,39.941138947919065,24.121928589156582,33.677414868010146,39.14317619448583,20.472601797753846,8.789473859167112,35.113328224769255,34.9395685379059,32.940323320467506,12.689930431884463,30.984921356211142,34.858343020833175,32.8270038345464,32.929939128419775,29.01491124120052,28.708377615351186,31.802581900742904,21.296580906808426,24.081650360442563,36.938841519303296,35.510324232272566,0.7769724101058613,34.74812037830583,34.76990820393709,18.917979974043508,25.94618526025386,38.17536068085318,25.66540712494766,38.996165099602955,36.049537469687266,4.631964798599494,39.42809816377571,16.637813302236314,38.2312394160041,36.46344653175624,22.41026581955164,22.64435878500901,18.072335918496286,41.320110655869435,35.42442943344976,16.32218508716377,12.803366734205602,18.882649644744998,13.812956241520345,9.60976285930789,34.97460819677436,39.20141372851454,28.432724837165402,30.860313708519485,10.958734011885994,17.973640934109266,35.732322703682264,38.164716909163225
34.673481481190066,38.38261204220924,8.502583933432762,40.23791247467688,39.23317764785469,17.016187945618967,-7.141686739803919,39.56718375523138,29.804859369900974,40.549531799860084,18.716287166201862,11.642660639046104,29.320873353551598,30.766461233294326,23.034995270875275,15.07903895434654,25.087990249302646,34.34589209525117,12.055798188731343,39.12559624665699,29.831984977401063,35.068725622186136,26.395019482184424,29.655712564992694,22.742507127244604,10.969341294226693,23.879052364208295,-11.97065934838913,28.147362716313964,18.34953518965021,14.313230598798661,32.89848717742156,40.70990217370669,28.890378484941845,25.389406513447373,34.11914308615886,25.371652258838424,21.828042194023737,29.670590699920233,33.832692174383844,29.480686278102713,30.471028885242582,33.90132213821934,33.800163734962304,23.769481043945436,14.905444590126585,33.83023878250334,32.750442109927995,18.341946545347845,30.341140913863878,34.59787176575744,24.797053871465927,40.41528245721081,9.640142864237852,36.49087859441503,30.811559001923218,33.20784939331963,40.70237534757134,-7.106104800761101,13.57701951159937,2.8864530780823934,9.282955148975626,17.061535262502968,36.23812793760937,29.698656890934483,4.3738271757405025,37.747650261346614,32.308162241270445,20.446494994222267,17.94109461808382,23.283789934861893,31.934659504430268,38.07020783992893,30.724008101673842,35.131388110352894,38.72106290988485,35.50266606780551,32.3107737169963,39.05679652912368,24.751967870820025,32.702847322215554,5.485388538470508,40.652012022818475,-9.781264019030564,37.145085257775904,17.063446715574194,-7.320876136817264,2.5466792351990817,4.2799645221080675,15.710984397780189,38.704817632744785,11.646096151129063,36.84778378159685,33.121577487001325,35.93251641456339,10.607511839763506,31.841079338474415,-9.784444241117027,35.95648277507436,39.34958164765225,9.19849502701568,27.803433686242816,37.68567482601531,15.323078959266459,39.37693596159668,20.56305915321677,32.36485216531286,23.089918921477565,-4.402655588388599,35.71041166808017,30.662691956836213,38.02257216654095,26.87251919481827,24.613054335443767,38.953391707544924,41.75106865345094,9.650904489371378,22.316111742266916,22.468428695653877,31.212620367063607,25.963625207640455,9.24689344684071,33.01750371421381,8.840374080262375,12.181574570635012,40.59046798743463,31.697008371433405,13.16870791271308,9.431909734933399,21.350569785793336,30.33149412274972,10.287703315418382,29.286578737721406,6.214450558957363,17.73301945336227,16.524046351238603,16.85701989909635,34.498464232710965,40.968553740516576,39.8176418533033,25.051922761855284,40.136347070030716,32.75843603350308,0.5421706272711059,35.16440731374542,-5.631713966149416,30.6094466807017,40.32465861319942,24.551020062109313,34.018947657377105,39.62362564221204,20.763655176820453,8.783422632375332,35.33598435936622,35.199756544849,33.40575113693994,12.900694844013076,31.319313269655993,35.06713538417001,33.21882738573784,33.35063172523028,29.397249550142178,29.032373087819508,32.18779127388499,21.686595492091257,24.276432423376473,37.24921887210279,36.01962291485068,1.0409124803244933,35.16943093626552,34.956592766246885,19.192943265499377,26.340119812768155,38.68924032030427,26.08388015428821,39.28939085846041,36.4206562235124,4.665783116834772,39.93843861814732,16.995856376299667,38.46684355208333,37.01249676395091,22.88961873218115,22.68322867941225,18.164952982905238,41.697391573026685,35.65279447469094,16.35400648346991,13.018071905802252,19.427738086799884,14.052655933349415,9.712389464066094,35.30706920972496,39.637916179685426,28.722352812045404,31.2361047025417,11.07224901669576,18.240811372922746,35.891880346450705,38.66255397930693
30.399328352033383,33.47086292680339,7.275043494502856,35.360677896550406,33.99626158315237,15.013948807898226,-5.796272801538215,34.42027427605604,26.19746897824603,35.36591326504404,15.887891416902615,10.443076388906917,25.42661612798371,27.039130239691662,20.44892861152265,13.212083254608435,21.59644911140259,30.092825752187878,10.372004169397634,34.35808153908475,25.884401277616636,30.48185140114778,22.815081518446885,25.825317822207843,19.8720261295253,9.798367776216997,20.618695576975387,-10.109049353467347,24.127237519114104,16.11202170040689,12.59134254180956,28.364933080858467,35.45774184781074,25.649281942536824,22.563090270670553,29.514605917198942,22.006231355182564,19.35384611546957,25.388289666641345,29.185147654105904,25.859240634041516,26.657088643832793,29.587794749388653,29.97791513817923,20.491029845339384,12.899502209747038,29.120713189421043,28.264686686117813,15.739124196025527,26.204826465027164,29.872714254031845,21.756965444091016,35.084465379307396,8.499143828234322,32.19679494177004,26.80433068045645,29.28259582798479,35.32868035519123,-6.220520469500748,12.06285037829292,2.3458616257699005,8.347762857259154,14.645664260382292,31.35293431451544,25.990282542686177,3.896849055932131,32.620053829348656,28.253260434298383,18.031251472356566,16.14069960396656,20.80366170457387,27.853308602144935,32.96777792146378,26.63125229103255,30.55734883812027,33.68274807211499,31.25613703871109,28.529966366502865,33.75704814951052,21.620062562364726,28.28326821908019,5.160230649258051,35.56395009469254,-8.575092628921366,32.71325591883015,14.826877991646139,-6.233313321194713,2.278840997860025,3.5884677115036534,13.822702754150601,33.765162869909695,10.615900520796547,31.998857746622473,28.732183635539098,31.25209950981569,9.423603119130563,27.875410400080344,-8.622082137595573,31.075317753298062,34.076872316817166,7.977703961698237,24.42664946511157,32.6269422013608,13.650508628728526,34.35789440228098,17.72282087558251,27.893410769304488,20.13125163602206,-3.2113643536355996,31.12656411765117,26.786480011992083,33.179279960676084,23.243612678288446,21.351560000505128,33.854567839903495,36.29325934397698,8.231663326884892,19.797295143318497,19.80330810814787,26.892774034432737,22.548621223604783,7.940941132123101,29.227550612512562,7.68666510652465,10.434836989001765,35.19899802664392,27.509955075450016,11.693530614045105,8.313966636537588,18.504531969410976,26.90164694898153,9.410133821126916,25.263999935913546,5.3088581220259154,15.26831977071104,14.826405602523497,14.916997684326352,30.200251730547585,35.926787232699354,34.60874664003368,21.978776456149305,35.158130563482345,28.456075958233985,0.9307310676614328,30.37735447971505,-4.711144513311152,26.418917690526897,35.127130763318014,21.056630601128514,29.561483934968322,34.51171687642255,18.1033179529934,8.0859161326229,30.90565349079648,30.77482956640106,29.33568586704434,11.451832064349553,27.13974597802557,30.681172009938543,28.824301285842235,28.86769524206022,25.64550030568534,25.176922566509383,27.8860785917405,18.63480481354422,21.403971469607967,32.62893022035783,31.430866845048595,0.8476072338273033,30.46066946746646,30.780104161458155,16.470918726482186,22.73612710595518,33.621900398217214,22.51623134521493,34.29028366944323,31.5646765325701,4.523136140443263,34.55857543617325,14.800881026543497,33.90652810611431,31.94690886498033,19.820724452857533,19.798947101584695,15.741304784790053,36.500420969030074,31.32113370067767,14.64057680539336,11.139330012002226,17.030479238251207,12.402397946017356,8.55958275383092,30.907372333210116,34.59798150705603,25.208746294024003,27.12872282962669,9.909489938046232,15.79502721365472,31.455457899023106,33.40019098498773
34.60606962617249,38.00620420274508,8.496828539240978,40.104251554645394,38.90171760085079,17.012682913655425,-6.8156774877250275,39.37244088881488,29.749626103702045,40.245753469421444,18.47496397348865,11.838525561788357,28.771321011891267,30.673525822259062,23.074742173184482,15.085437437473773,24.63467181242404,34.15864246028051,11.845628159581564,38.91968921750335,29.499661162506364,34.75782059380943,26.12802097869848,29.292980890504186,22.477218009507588,11.098223443030918,23.583912551471258,-11.652277350803093,27.710464168287288,18.19725518793824,14.16591444073953,32.429695327808474,40.47140087265036,28.897266894658745,25.52937920647342,33.737142024692744,25.03194121406584,22.0665330577866,29.208538469911925,33.31732799229159,29.562203938437705,30.10278207125127,33.721891098639716,33.88401445910972,23.414691969050043,14.85021843574344,33.4303126053022,32.20786865117789,18.03697958737902,29.895396578772793,34.09216634052617,24.60406674058017,39.98275089152776,9.660877070613134,36.45865177620109,30.739819425913733,33.223575219532925,40.34600943560048,-7.266874110348779,13.535001604618381,2.6630852941886802,9.414564787701103,16.786780070404873,35.85065182592339,29.33321164117649,4.260738611136484,37.19259099205113,31.92949073340693,20.38389796911036,18.27653097664158,23.45915361001543,31.611762044563225,37.66317449931923,30.284399129406665,34.907857607353094,38.373405601729324,35.406310255543175,32.31195925236678,38.621038541666955,24.326049667419625,32.26340070856488,5.696632287475303,40.5021703745734,-9.876342886338643,37.14831132733361,16.82295281853957,-7.222702080672518,2.634768689193736,4.218261686054863,15.730500297474268,38.29534645998185,11.947320522329195,36.55562003922686,32.861625363592246,35.64619348515279,10.516524843855946,31.499344162967198,-10.078943354517378,35.56209153311786,39.057861641228975,9.028244963884134,27.71699173772391,37.40770386948039,15.417518481859638,39.03555475250877,20.16963104093284,31.92889269704303,22.846898432227206,-3.87410996102421,35.39462564091558,30.3483514178689,37.8227711794303,26.39309894327583,24.369645450307843,38.66522983006178,41.39433023996388,9.694473807801844,22.306496561443872,22.535421088759637,30.806772305913306,25.741136856840647,9.270737865194775,32.97874170458217,8.761946615645545,12.080552842674853,40.23548036434379,31.492821894360862,13.381834862874157,9.41979750707862,21.135115036832545,30.31233534632555,10.49778759689009,29.02517900471097,6.049697356887628,17.63531554949737,16.534917300615287,16.80839265952471,34.20868642749994,40.90433804870363,39.39395720409113,25.162774311637254,39.94978227926641,32.430480945179276,0.851013727755057,34.74789804076892,-5.575451064871827,30.111972905887676,40.12352566912469,24.0241288126973,33.8433418042681,39.23040331341568,20.670128119884275,9.060175573200079,35.20065922212634,35.04404998359402,33.20085566467782,12.87565306233155,31.147048453990845,35.056330099587704,32.905616939598175,33.060920155565924,29.09352107550486,28.738664308726186,31.95326958631163,21.27751712453795,24.314393960342805,37.06296219395882,35.63006864276729,0.8943805594932118,34.84998919118542,34.88197693917779,18.973637816645798,25.9175140070632,38.32474157409591,25.69909605653986,39.197722620357645,36.146289798925416,4.821795297797441,39.51531100275253,16.723245845228195,38.39443074417847,36.48525010653728,22.53886538052626,22.69791074088488,18.09589643423936,41.507664793594664,35.68439486259576,16.545909294367842,12.889664922754426,19.151325320467823,13.97110846859078,9.706046586762099,35.18695013194235,39.340672924113704,28.584022788942743,30.93840290564339,11.080136400417349,18.171779747371264,35.884278115318814,38.21309033252384
33.155756257082864,35.56312315291535,7.750336081516087,38.28513928347327,36.23001854219808,16.19271559883368,-5.614728098364503,37.20830653926647,28.38292318653382,37.741456011029555,17.1641442184693,11.744518912794328,26.303440504340816,29.414911336850913,22.066373634297626,15.034314575397206,22.509784366336238,32.453355065801006,10.926481984624722,36.870572041947675,27.44260255018239,32.63485446359203,24.536648030388708,26.96964873403609,20.848518834317847,10.62932669075137,22.07230393859999,-10.106281201287459,25.20955285844013,16.9729019328681,13.461741470072823,29.617461785201193,38.26068984780181,27.79564057368669,25.080007502809966,31.18606520713418,23.183871355569497,22.07625505251608,26.72027545724983,30.50912909286641,28.74900126565753,27.90321682246244,31.95093806316604,32.606875290864856,21.294994951594582,14.200328165692769,30.876026496643313,29.605098927247024,16.740630214045357,27.313134909143702,31.349628841437404,22.933367278028705,37.310143009417814,9.22556669310733,35.03034485958111,29.465629270646726,31.958738798535475,37.624961930196896,-6.7030955387021045,13.029600925582436,2.637598167397188,9.068143588886604,15.684109220009272,33.290992727997704,27.116417956576008,4.3948555753352085,34.2386364965715,29.57917517533095,19.506312553014947,18.451174553813694,23.073250214129743,29.764435449415796,35.0066727462814,28.136973180880858,32.81123019809718,36.00396707119806,33.78676013490985,31.227019532412978,35.89011447692062,22.092649745275818,29.834543719885605,5.972694902342427,38.539598899706654,-9.227767176149895,35.71350265682196,15.749377227871033,-6.901635801817383,2.5128319656846987,4.128034144757378,15.057573179286882,35.78389557566863,12.074475263376366,34.240596703776546,30.85825689031993,33.50717920153243,9.760718496408431,29.429620656189083,-9.357667353476437,32.82660018624547,36.53535311097615,8.735007838880131,26.56973829869254,34.972222421404865,15.491474793028077,36.64836466349581,18.361736902291447,29.44368764106549,21.571914397386422,-2.330435536199104,33.314022389095044,28.047291251880306,35.77415733847835,24.147302168703998,22.840132089243287,36.245363876971595,38.854555510808204,9.458615508329485,21.341570518530723,22.06409247442202,28.295200886547402,24.220594004380292,9.011612844508896,31.499621904538902,8.166203055555485,11.55061263744594,37.44349415660278,29.662150352818696,13.77392948203065,9.06142451987624,19.9437728230293,29.303245912640055,10.678657866790314,27.091981442533218,5.32477950157273,16.591731564197048,15.800476833544803,16.037316090751634,32.33436091202013,39.11781777798734,36.82918275791071,24.28169805898833,38.07837757960019,30.078076715913205,1.8950591768006997,32.01120774850646,-5.027450643174105,27.648527673294733,38.01562820541175,21.594523867258168,31.863385697773538,36.57231169922347,19.788809717211596,9.301447067506329,33.520427885267615,33.57735375666597,31.389118306479517,12.451234316298995,29.268307693503687,33.69763095752363,30.761807734785947,30.830352111121016,27.235645234032702,27.045121190421494,29.869828504871702,19.601269426374138,23.2326965681917,35.3157881298923,33.348378248417376,1.0639896386839984,32.5733782054566,33.543737788934216,17.728400837521765,23.944195517413608,35.78035274856547,23.65592143868099,37.40095847628186,33.79172932893841,5.234689323585481,36.679823237910945,15.164891049705918,36.82800722930029,33.78135153310559,20.747284934614726,21.98453993112565,17.08658212184485,39.468965280152254,34.546365090903315,15.718566151232865,12.049012335474568,17.881197285317064,13.60609583506873,9.537390406414035,33.412801373719276,37.164669324552655,27.450466614056616,28.44597401706281,10.795728950304783,16.984654878396775,34.53922036183516,35.376096813839794
32.50039072290908,35.796206667866464,8.052251859568637,37.72544231515439,36.69863268793515,16.03549377033352,-6.503938883839602,37.05234722919261,27.905606502322822,37.89624542820485,17.393091914202373,11.069318643415203,27.29072433841372,28.797559250990904,21.62395899151698,14.089445297061985,23.320605241987938,32.23524724815027,11.119050556455157,36.60289727132719,27.75176001645385,32.68024190151357,24.631247091020562,27.75912393295745,21.28640297171712,10.49376072467177,22.119970763571505,-11.160168594107374,26.135184063566573,17.108519552543232,13.381103203582231,30.628353421366988,38.01974560355142,27.154873569618484,23.978304488142022,31.843729024234488,23.673800881101542,20.57869680588513,27.63994175799857,31.475655951399023,27.72703876239556,28.53214146164554,31.63120616963242,31.848640754826786,22.276075475644834,13.99851488766805,31.56668923531615,30.441756084511496,16.90897338882198,28.26713016788006,32.20837029297558,23.271953937293436,37.613238954486576,9.165689649867923,34.27630254320761,28.842404975045593,31.274351261202952,38.00691858862498,-6.767319660946379,12.690836493054782,2.610639250461188,8.8924037903883,15.731406964542263,33.81659335601162,27.79628147369093,4.069226065578172,35.112588480345316,30.205579688635154,19.25636545190408,17.086087044467668,22.045448918533232,29.786093391192964,35.48468596508491,28.641158428193958,32.88457775900912,36.15692821342645,33.324631051265975,30.36960402704093,36.358672764047604,23.082522240726476,30.456340707771936,5.460361857619425,38.13353813117292,-9.2997132361327,34.92807518369605,15.791342835171443,-6.778354585677439,2.46326210539911,3.9219694805629306,14.843167168651307,36.144988700834766,11.093308190386045,34.49537382688261,30.800742385079882,33.6294042420082,10.013635248095325,29.851398371480432,-9.369679819495701,33.51341620214832,36.788090454100924,8.42573548297745,25.995937634601855,35.24953296914891,14.470885648540994,36.84445879156447,19.133113768074065,30.128990538374282,21.485755215450986,-3.8569250491667013,33.38461145843978,28.64799242742914,35.60283686195938,24.952103794108773,23.06854165232396,36.41410452372252,39.02975630753484,8.972609102275495,21.08106430991342,21.10461970017342,29.071927564722195,24.12776426304478,8.807060356029996,31.08083507318447,8.208614342275592,11.37969134583202,37.90181335163255,29.572024374791784,12.455533461479888,8.760631230919607,20.07037584135116,28.534939236095866,9.746446611625444,27.3814818186708,5.787621245485359,16.479603768836856,15.632149849859745,15.880538724282076,32.284365897800804,38.421724417247276,37.14950724001468,23.595081954028146,37.60758761789096,30.605769940707592,0.7315598482171213,32.81318314869041,-5.211408868661839,28.538393335129363,37.649248298980496,22.856596534091988,31.850381446351857,37.00756438465062,19.377743384795814,8.447427510861216,33.147635565716655,32.981599811419464,31.320013441797208,12.206575673365938,29.233040174959147,32.960435367661646,31.098781668623523,31.19582592563787,27.58569073573258,27.121584132465422,30.124393172847395,20.163161562368455,22.80776238917699,34.823717657966206,33.65944703822582,0.8249438789307357,32.82285986925062,32.78146949758016,17.760847220149174,24.629997301786034,36.125169039225945,24.26687180612968,36.84408947963858,34.03989451300369,4.4232467299015745,37.286319192255895,15.933839643027358,36.07224287753442,34.3908476808862,21.32390772404888,21.34974188080909,17.042024184095443,39.03764521517854,33.52208370067226,15.613574406909054,12.103861464614477,18.09356915752423,13.199942021356707,9.124317835351798,33.07345141691191,37.10962252230143,26.9221585915561,29.173045144681335,10.40460735518048,17.005044020866606,33.68110214902755,36.047405596389034
34.339300567892614,37.686208389582035,8.406285016093358,39.727324476491056,38.39540892717392,16.858938134983173,-6.784679583010612,38.88034915725202,29.503489181589913,39.84033582240556,18.2130887219432,11.69990309080203,28.46480586828476,30.405427062010368,22.887951290477936,15.06041007249533,24.38355376036424,33.83400596996386,11.883376721891105,38.58095751545287,29.13349328051405,34.477361115470195,25.90803051962829,29.056804435283986,22.263370274000838,10.989515534671192,23.385376655568184,-11.349146055822708,27.30684662171207,17.96856545549486,14.057017565984568,32.11810692523256,40.0293559647809,28.729630391504557,25.282027653761798,33.309292292460334,24.884124917666995,21.92143648771399,28.791371568009307,32.97425945037743,29.20113260221865,29.8613937598567,33.40092245798964,33.576690363729206,23.131269195953124,14.714527636997483,32.908837452827406,31.837928515147066,17.761849324769273,29.47511488822556,33.644116653931725,24.455665132690573,39.58512623165169,9.441657537589425,36.104883025318586,30.392344816326148,32.90006392770344,39.833973049450464,-7.006860571643511,13.520426238817064,2.7918685901369935,9.534405909508402,16.745724173173162,35.40679096674535,29.153389647602086,4.298291633189407,36.80252285633576,31.669212576596976,20.291108510060408,18.20273784216567,23.347932567386597,31.406374746552153,37.32032112000147,30.020365772430942,34.47420663967467,38.0658055463737,35.06255188147364,32.002021287262835,38.20347070201588,24.196665679980313,31.997753550732316,5.746074856791756,40.03475046762602,-9.691555163098412,36.72322402875153,16.836662592656854,-7.184456360056617,2.6047838327268074,4.150717351033978,15.490220605906856,37.96421341299398,11.764363047556788,36.10510744945484,32.524423495920544,35.201188656298704,10.49607797226999,31.220829119879454,-9.81142951545293,35.097703859984215,38.56098572019104,8.914437063529123,27.514012198915832,36.89576794444191,15.355959610829382,38.68247173002144,19.973429470874194,31.519908068870503,22.85406283225077,-3.6960822159654803,35.16498825869749,30.113253300384535,37.39246579890092,26.118419345253407,24.03163075292685,38.22274491262092,40.868217929623626,9.475099937241833,22.183059606909215,22.34036163128269,30.413316468391713,25.611207516744887,9.153396715975251,32.637847398533815,8.540107364799885,11.95983432552742,39.72097157647778,31.27425314930625,13.335043176967442,9.350576380393807,20.900297256867955,30.077421037075652,10.462487560197157,28.678954507022002,5.907703251248064,17.472315448302965,16.467022998999237,16.611617784961627,33.94745589294721,40.40661204830462,39.04606270588465,24.915730027355504,39.608302596278186,32.0243202640574,1.0738716329806364,34.30323066884378,-5.404946438259564,29.81582204045784,39.676868655359,23.668728054475476,33.41956325648516,38.80395431628592,20.510230842787937,8.964382383573081,34.741497343157555,34.67481001076425,32.83483486307618,12.756570438255464,30.855809276709067,34.613850201770305,32.446120531607676,32.544916066516734,28.792699168703443,28.449156107355993,31.604134837441116,21.084478323465664,23.959363905945008,36.651769368170235,35.308359135451575,0.957191203590803,34.37395675956181,34.513575058609206,18.87475521815497,25.609665175615998,37.938104907247116,25.506801337314865,38.72852085596136,35.66181207821503,4.986864860258802,39.004711062316105,16.53903384239172,38.03444631213067,36.09211530968391,22.387191868767488,22.371605733966103,17.96044099378393,41.052103908632006,35.27911584353284,16.29641223829473,12.774761342515431,19.006654182709543,14.075447304189582,9.72079300353634,34.795824068949514,38.909306092531395,28.346400751530673,30.53378345491788,11.041577091903,17.95982464610295,35.45414552525563,37.69928516945439
35.092070103722655,38.746431361124024,8.708860998066159,40.728372214985775,39.668790121319574,17.302129136762474,-7.199586600080072,40.06116475728199,30.152618253367947,40.9750675569715,18.909309622363416,11.862651473988553,29.485080565696897,31.176689046003116,23.35525439338291,15.224468649720272,25.232278009041135,34.738036340453164,12.106585057126564,39.55163056658006,30.068637095037754,35.32871269272846,26.642920513700602,29.846167064294406,22.944142438995193,11.121250473879313,24.026931022367645,-12.04677549418161,28.34373646525889,18.51049895730832,14.522480816302982,33.1568841251714,41.1780538320531,29.276097438921493,25.82989876446206,34.51237189508032,25.49504521968762,22.189096027701606,29.910356413813542,34.12601784352778,29.906764277321688,30.700126943870366,34.32505872234116,34.27996130697269,23.91194983001092,15.154511363457628,34.18438798876667,32.952753914281374,18.29787001876401,30.624857916574026,34.90202867629495,25.05756586960728,40.741656257542886,9.79116924585015,36.96835998476447,31.198613482103184,33.64644628071222,41.13337253671577,-7.286627407752278,13.531024743500689,2.842373152068152,9.403483550400694,17.08245539004102,36.55029773892966,29.91306470687727,4.262655803813581,38.05002481266354,32.5482882421094,20.711740183099838,18.276080199196432,23.77148807449643,32.20894472609421,38.376304267897325,30.906426831416248,35.51340752706009,39.10009739718905,35.98350239289923,32.76464089175752,39.42588987302449,24.881591994641006,32.90328490384746,5.7130581819443975,41.17233880758945,-10.036930100311148,37.6879039057611,17.12196209460514,-7.3696311650961634,2.612074719233965,4.281382124026597,15.914941673633523,39.045904652329845,11.926410746468383,37.221463202939546,33.470070439949396,36.37815278876935,10.751984988627466,32.135285649229935,-10.13665860995014,36.274259932918355,39.77213199728362,9.175413629923327,28.136238673871055,38.11995836314336,15.588182471966816,39.77076223552439,20.700680615292097,32.659390991464456,23.236246483952318,-4.288068984924744,36.054034200723265,30.909429790089167,38.46214619953089,27.058919498640257,24.907119702286263,39.38608469203536,42.228052879355445,9.849509575008923,22.606056476895468,22.772153272130268,31.502518177646902,26.147545097431035,9.4125682801857,33.386255675621385,8.876859524137634,12.321068764633594,41.01316453445532,31.948649631067852,13.439320192305198,9.537730779515108,21.447038644423845,30.73621281637569,10.415992984915986,29.59653676175526,6.162083948758312,17.974347841312387,16.75820671056929,16.972670496924767,34.76516922001153,41.530611377478735,40.181543018608366,25.473985594866015,40.572685137997084,33.10805904301034,0.605861297054663,35.499344384096304,-5.8046375090908295,30.839640083051993,40.8048262280045,24.716151538350193,34.39629839788539,40.037473628524786,20.96580373454886,9.053213614915451,35.804559056049015,35.59480366002778,33.78214071519092,13.064622666989836,31.58088819122405,35.548596419441985,33.58084679406085,33.729205980980744,29.656515095569354,29.230128211113716,32.54477494808684,21.787842604710782,24.701794269344894,37.7016289506888,36.35111588642528,0.9071598398174733,35.52866337285835,35.41812997672932,19.32543684563927,26.56743609980475,39.08880365444205,26.304451570333157,39.82518271002031,36.83825388246358,4.670930264553403,40.317788734807216,17.150423064690862,38.913532916166965,37.278474736989274,23.061726996218557,23.064822970624927,18.393054619377622,42.18583083075052,36.13566857380774,16.594186269599877,13.135454104017022,19.50101896831213,14.183995895797647,9.905974945090827,35.75195997602827,40.03287835612091,29.043592997243735,31.540464143606822,11.332735092256446,18.45967546479794,36.410626276769264,39.03553579338886
34.752161729507364,38.35675984168102,8.357818097884682,40.24964618600533,38.90680157665745,16.976671582507787,-6.938094947473304,39.410724114087785,29.710752348907878,40.29862860408697,18.32158060899475,11.85781849542238,28.8963855253551,30.82500717099419,23.04008202604727,15.041061110289192,24.603190568825806,34.27709121482123,11.747574889259699,39.07780459765667,29.643464172574877,34.87037625641952,26.13199497073972,29.362445740600144,22.54426936020768,10.841830271347652,23.467718459802764,-11.718321788557505,27.691262538797538,18.331732863706392,14.163310678702162,32.47222995404667,40.60620803880339,28.934309658481485,25.455612294619584,33.72548013963477,25.07724766141317,22.09812099460711,29.207123673032367,33.42449168022153,29.54807864911933,30.209825912732434,33.82803931310797,34.00150435560563,23.203035976127104,14.729605498274353,33.444186669643386,32.280449682617025,17.970824246884327,29.96024063888325,34.12114438145493,24.613678669030985,40.1060290149302,9.352035068075939,36.642270543500395,30.67963370327525,33.339854271470465,40.429037255957354,-7.043603101361788,13.663786833785847,2.548971098818105,9.394336692369476,16.671990867151,35.96783696147107,29.42209287711727,4.491089569684899,37.26368939608915,32.07379912380103,20.53692291415276,18.237317206848786,23.588351253570046,31.756206001968245,37.64552518111922,30.339730733822034,34.94209629817023,38.48971645750218,35.55041629907233,32.57420073364659,38.697776038227296,24.362982439336328,32.40282919648538,5.512570337516242,40.62058260183884,-9.79878213447004,37.28223247460578,16.88122786681275,-7.18788263212367,2.368038563535915,4.180344170000413,15.593144806389253,38.39233927689569,12.042504960418176,36.58985718962749,32.86698791892409,35.77396244561189,10.34271536815028,31.66970689238243,-9.962868977227007,35.58637177279852,39.118043197832975,8.905061585975828,27.888788410180027,37.47836357423794,15.627302660515443,39.09258679356397,20.063492977055073,32.00150889362715,22.881960637900573,-3.890966564289364,35.52745179442382,30.297328638229843,37.91726084387748,26.45275981377119,24.38956836290041,38.676631702613136,41.55052972795186,9.590132224673015,22.264237344568535,22.45179273605283,30.744842335505037,25.680732822572068,9.049962128746468,33.13985906969691,8.653500422347344,12.060826067078374,40.321661298014554,31.453270819588074,13.241319256776885,9.35230717601045,21.01276199878513,30.55311935724472,10.560192848209457,28.850618415516415,5.916596798630058,17.40015939693763,16.49139787482445,16.830775315900976,34.360039465976755,41.111812750679505,39.504666132272504,25.189326791258615,40.121400706144314,32.55781905851054,0.8600002935975811,34.684512750254285,-5.553554785565486,30.050552996005916,40.19784686868714,24.105159330180793,33.78788225435931,39.43701122138425,20.67810101528844,9.11276980528364,35.370785986182945,35.0811095337217,33.284107228796266,12.796005629043607,31.099188798586667,35.07876054347689,32.85755528992757,32.999285688082665,29.186748805374986,28.706994457771895,31.786519793087738,21.34149038308088,24.621992086220846,37.18094142191454,35.78561168916388,1.1758319264201664,34.928285542659154,35.071211304726205,18.876972449011642,25.919632152684173,38.448088483524856,25.765434569112664,39.27997809468738,36.25812854835819,4.867106852615518,39.554793475070525,16.669913019394716,38.58102992753301,36.482798774309494,22.422104494144374,22.79222406630664,18.009255200499137,41.64162480465226,35.78385442838788,16.29962296717117,12.698636456925199,19.06639390535888,14.077220843841864,9.588983828801025,35.37333952057367,39.45407966638334,28.787966034390767,30.966109134193267,10.937090475196602,18.029072976467265,36.04607607518332,38.248308558787244
34.58647310187796,37.69003930655492,8.50658831313884,40.039327210233694,38.729739087790996,16.95847552377684,-6.612272812198389,39.266661259883804,29.660077791922276,39.997561583934406,18.331653003089276,11.80065829711502,28.49665275027667,30.594229144251074,22.91989061019469,15.082615831317014,24.39373676556923,34.17074931368632,11.541400237020621,38.7004498976087,29.24566202772466,34.42563524205006,26.013890680884252,28.902216260879555,22.24577949240361,11.093996940270555,23.255911676782176,-11.651235989712271,27.33144742630231,17.997331827688342,14.077542588924526,31.9563385671901,40.26827026534572,28.81503160978722,25.733165638047417,33.55494352588753,24.675412190838514,22.173139050687002,28.994015775501033,32.97817357327946,29.73105760961898,29.858490468164486,33.579727756580155,33.91325019840946,23.150570509383144,14.992907134254978,33.23984761122476,31.922151238130155,17.689028290806593,29.729487106337885,33.91529775748583,24.270602492755696,39.65725553255113,9.650720708370574,36.50878102628447,30.76328087199663,33.29905203864267,40.18222907035971,-7.2418605638654725,13.3400377302233,2.709375841937172,9.28756809649687,16.487485308288687,35.562679023105424,29.021265965647924,4.230300644958387,36.848001065940096,31.625392240329514,20.30794568035622,18.399768716528726,23.582293878011633,31.372710431998396,37.27070773315923,30.05485420452694,34.79962742209355,38.14497976187899,35.44959131485574,32.42914900699815,38.306116261694555,23.95508294566642,31.825023254751017,5.796852928023556,40.452636641106345,-9.875906461586016,37.200808963339604,16.45614916614159,-7.174356192528421,2.4456877431455615,4.2086363114161465,15.751330092024418,38.019693409085875,12.069867172223315,36.485974330105044,32.51215818548639,35.646998594296775,10.4439177410035,31.363388037923315,-10.057231764524246,35.2195648983902,38.839606942921996,9.005473166984045,27.60510754368196,37.28751992166862,15.50292745088222,38.840268697372665,19.988291492225965,31.69814255071222,22.491552653646625,-3.7045130582963455,35.20486684671256,29.940061718646056,37.724591430624656,26.083389272079245,24.28746031812694,38.54744009236926,41.31318312093012,9.79951728854206,22.205711546683233,22.54055212110933,30.470731387960964,25.33194526509649,9.331171359355078,32.983148098904664,8.733557665623312,12.132120209331854,39.99646258188753,31.117579318680068,13.442105933652483,9.343108307693267,21.008228179188073,30.346264913418644,10.421161046193426,28.891436478255645,6.03174926223928,17.362610029486987,16.42481539958652,16.78165069765245,34.0283059947088,40.93542798342054,39.12253005249592,25.07513992409203,39.88965638460742,32.240318753362196,0.9263757316837369,34.48955186973435,-5.720217423356448,29.87656775056879,39.983094600296894,23.855364689276676,33.63289814666254,39.027222285822276,20.495959485867438,9.175589281608266,35.34945576589324,35.16235993833669,33.13322835786999,12.88667443659078,30.766177521013454,35.14957999827259,32.86389829345812,32.94574934461494,29.025049262603666,28.602753030051943,31.78440551237773,21.058141434088206,24.201673145119145,37.0782382999882,35.41657091093879,0.8304988740512365,34.71395840150757,35.062968492153644,18.630612068614273,25.818469267092752,38.08861545154591,25.376001998851244,39.22018248101461,35.96508621157354,4.760966645259355,39.26727743319853,16.52133476661052,38.41805218113019,36.18320943372902,22.1566467202477,22.958069074529458,18.034359915242288,41.48609414642691,35.830281161729914,16.451898594315878,12.728482591179647,18.851294366116505,13.817551350401073,9.7262317212123,35.047544906419006,39.27251937150623,28.62908230707408,30.598211713720247,11.141468881814259,17.905609601892994,36.052392938401,37.99897161544337
35.84513396634159,39.325045828543765,9.096318537734495,41.42368528427786,40.80017756236966,17.627788608164703,-7.556408364916659,41.19995000528415,30.781762410329748,41.772013474079706,19.726605059213604,11.833004262835823,29.985305348968883,31.768562719528248,23.42509188322694,15.575893019358762,25.758499073346716,35.48289137597963,12.24210521078906,40.016799782920785,30.52281477521658,36.10002145171048,27.526590807910107,30.364914169574963,23.263186050636435,11.506683995257433,24.38118382529428,-12.660857587839303,29.18704933459076,18.610015324262218,14.511809394009818,33.98294905685426,42.14302533389226,29.553490060156832,26.251799039840694,35.29955136439169,25.889407065006328,22.725391927240324,30.947452004111454,34.83492790305872,30.833307523940643,31.10446462534798,35.010595637601924,34.83042126814723,24.626949289167893,15.784388552449023,35.2451949377973,33.55945450210004,18.66788922059432,31.286457095572533,35.66933871757402,25.305512824255846,41.47708308093204,10.027109345042666,37.53659724808001,32.067736348541736,34.390041975556294,42.142381539863315,-7.633441893276907,13.657699204002386,2.6822590387309324,9.521369004190994,17.446029596870776,37.53719613554716,30.266699341132558,4.190904361978733,38.81328392638778,33.042472442765174,21.041399935606126,18.7141786523728,23.930850657894357,32.68434352775235,39.221781830015814,31.518777158406436,36.323880923520704,39.83192936994057,36.61336672262272,33.35145600687079,40.3718637642066,25.05702399528822,33.532472879307704,5.561501549964245,42.08638361229436,-10.513282852092004,38.414852475146546,17.19460735458722,-7.744437846099992,2.879525281986061,4.606013236073036,16.528230059887115,39.56622079201937,12.040900103502612,38.2762628939934,34.05208047902924,37.35126697004758,10.885564836175277,32.652645252240504,-10.681142674983167,37.194167951360946,40.963036146873264,9.152826874461468,28.482283908195004,39.404652735779564,15.637297752236787,40.54413593774993,21.047597077123875,33.45857363781893,23.496287951498818,-4.66201854602588,36.737499652799364,31.179302330989003,39.27078746431012,27.327479977917704,25.333065378429257,40.32671586671547,43.242379338598056,10.460088811457714,22.80159083995929,23.20060874824469,32.25546472223547,26.540237073879357,9.984597279526579,33.94900717366326,8.988588617092766,12.885548040685391,42.04196244979466,32.702756105590346,13.645965850359591,9.569905591671807,21.975532639604996,30.95742523091207,10.197990444672863,30.500227021209284,6.261728257761272,18.45647059847273,16.67487231274911,17.230247082585002,35.31195810097933,42.47621754001045,40.891758636423255,26.26946439998799,41.43332002250743,33.93721849481315,0.351550059377164,36.34400241321032,-6.316093131471872,31.54813945319956,41.75970149626328,25.3120388832725,35.319252389562855,40.774631449932826,21.520509543549608,8.808582956460318,36.86497368471203,36.40994449291266,34.15523699614227,13.335007696215918,32.32660198700796,36.5940368379562,34.41980953969671,34.71522533322964,30.299814230558642,29.831430293867736,33.52594723296536,22.35337804450653,25.06397763007129,38.272287041134504,36.923892265066506,0.7507135671583034,36.40377528640022,36.136261162349925,19.96535697995243,27.156331661914454,39.839623052214684,26.76540773926194,40.97287941131091,37.99326978929822,4.34561789945639,41.38559360053063,17.215727370313356,39.501664327265175,38.04745520405987,23.46409917214973,23.983725988092417,19.195915270043727,42.95093346670728,37.02096262138653,16.92551187469518,13.761941646793456,19.515709957776604,14.236445568649255,10.331048683518288,36.547697205775115,40.93545769484899,29.525949921369715,32.061524774244496,11.088362986253161,19.132192936160603,37.35865550702764,40.037930294209374
33.466141691241305,36.716044251605204,8.32025573884575,38.79471683143826,37.8205407954141,16.528813019277678,-6.59350534763857,38.256377329466886,28.695357097920095,38.92648167876106,18.07284811543218,11.402069559565149,27.877947021075997,29.69180425364458,22.170067555394176,14.480562580121825,23.84887552136508,33.236706649339,11.483495937130154,37.468868144374525,28.579506937287334,33.595969809245524,25.401608897429274,28.280485523285833,21.783387188007612,10.880278335248107,22.698277367290114,-11.509236945708023,26.896261065397216,17.529032038277364,13.738192892604829,31.42501493718295,39.10473179555969,27.839307995045782,24.756844094214724,32.808677612671445,24.295179783229518,21.247082860157978,28.50914819566406,32.35098651899866,28.64630122767828,29.19000112990962,32.61131798201462,32.77003812481957,22.859438254032433,14.509628296467056,32.58713357312445,31.22936648451913,17.303419255667972,29.098671831471343,33.16590755435263,23.705265710620452,38.731796544084425,9.520342456390923,35.24837919546895,29.76789905468601,32.17879408024813,39.197270791795376,-7.048842001272294,12.975467735741066,2.5770806069075034,9.094592934645576,16.115100310011304,34.75944113922727,28.349834166402818,4.125417303031134,36.06710990378222,30.85001884448509,19.777793985225095,17.62911275443712,22.67621708481197,30.555027031709425,36.50433322850013,29.484493163592816,33.9491654433539,37.24422375550507,34.29239605507168,31.295086934256226,37.422554279662904,23.59054193795677,31.172734620907846,5.458315343224662,39.263114843517336,-9.68814112909017,36.0293938388511,16.039858965117958,-7.091967371910215,2.685547976227918,4.156540833868177,15.393693118836289,37.11883429272332,11.487599531095773,35.560585870645326,31.72940931320607,34.677939116388934,10.27856047777401,30.600242670243063,-9.769918242246462,34.512293081311704,37.92933247276529,8.726155770370003,26.62196693052153,36.40634433597024,14.834669191734939,37.89206335869699,19.645665179051097,30.966707525917123,21.958666075126203,-3.8967977237832354,34.37789563381418,29.215475005701244,36.69456165786884,25.50228692017924,23.649948304942562,37.62516556791727,40.204911519218605,9.474096218761371,21.547127897480127,21.654087381732054,29.96897014916957,24.759394039203787,9.098768289021605,31.89316545463381,8.335063188536628,11.83440478396745,39.09262630457856,30.384498568893783,12.878918269379469,9.144628797904558,20.53152807850195,29.260448986097472,9.932524428987135,28.366449546297808,5.961045157503317,17.05122796398412,15.907128945057165,16.207164798672398,33.10932000530808,39.65144971872216,38.10574264993969,24.393700947488483,38.74548986476228,31.482105544040312,0.7239831942832068,33.776338218864545,-5.547969748102488,29.33669434170432,38.779137128809126,23.53326601886666,32.8845904101215,38.099870322240754,19.92105213735146,8.71001899601334,34.20166216610598,33.98757175171771,32.205104202545435,12.484092490865056,30.089505990539507,34.08140405669948,32.12521875107377,32.1694965563527,28.366023869452516,27.846207515815436,31.146916744377897,20.651418013254066,23.427687183421995,35.92899110786327,34.42152335306335,0.7849465002494461,33.83375631732571,33.821517529310185,18.28895346330224,25.260038369178435,37.16802695652158,24.873963604714337,38.0772751385784,35.04746230106383,4.451927863625143,38.44045130765512,16.210484245603286,37.105636213595176,35.37720200537317,21.744042987792124,22.13463429505521,17.598240207712838,40.280291313316695,34.6606104946926,15.930456146096887,12.599885921139483,18.43988332317126,13.535722986061684,9.582396923334784,34.034041783549085,38.16340704933553,27.718459869354163,29.965866282804264,10.674549728717489,17.69012660853819,34.87233647293519,37.14339479430965
35.98511803702183,39.94330254735177,9.296201364000607,41.80435975446979,41.483694366641366,17.859564593844606,-7.810752878528197,41.74368286714036,31.01527837785991,42.356642601066476,19.995425462506805,11.984108489547348,30.65155365101631,31.925309096056814,23.58057365397923,15.203156500944662,26.259697129883417,35.94717831049573,12.201476147596386,40.431482921561646,31.0266937612414,36.531504592407494,27.78967845492842,30.934506662777675,23.625975797121313,11.623723688658313,24.52179149721557,-13.21656054996336,29.82076163975285,18.99119932890262,14.61024230819449,34.667772451189,42.59129128355802,29.61055466922284,26.26971819516043,36.07954180596155,26.30548122930634,22.462277504240024,31.70463080784478,35.63906413791193,30.781990890283005,31.673125355982318,35.349649397585395,35.09596348930505,25.284718667767812,15.86076862846954,35.980650442218376,34.29105742495916,18.787088759057678,32.146356605035145,36.453724163314945,25.57500549078641,42.08962836337032,10.157154172523072,37.7829686376571,32.22341676395643,34.66271215264454,42.87212461688928,-7.832834458922525,13.8167750802257,2.5508096267734115,9.51720215307581,17.39851716324828,38.182457658002164,30.835534686805282,4.2332644474706225,39.60385902284528,33.64828978002702,21.24940716490732,18.426811550741995,23.98347695855819,33.073725426276134,39.83069077083802,32.141015949484384,36.847675487095756,40.38783887634129,36.96525896968038,33.543208200228584,41.03513236237219,25.69151924026098,34.15925621017958,5.477777975465812,42.53943723507452,-10.67705088969356,38.74280447807404,17.183591876331125,-7.7793958303612785,2.6838004456320497,4.408873496943471,16.65312018068033,40.1855441600082,12.204773264908308,38.92461345437818,34.37528988984782,37.94138866294612,11.039219656653453,33.237883809932875,-10.893443269259436,37.98621275029068,41.613807690380014,9.009715983931763,28.65529547432791,40.04614417606696,15.51629511769747,41.11667075383043,21.617467319842287,34.123827642795085,23.51262431035065,-5.095090651390652,37.22001697178069,31.722022697799062,39.7310880020394,27.92191795959501,25.814201474045813,40.96818054776991,43.9268925620928,10.254382548511193,22.91376418983704,23.019785970119937,32.99417208308997,26.661709438119104,9.845966885936999,34.266178364332276,9.233096844776323,12.969000387402877,42.80149969761609,32.94901998884544,13.31975961929757,9.465690367855268,22.33691126632238,31.15117052783573,10.083766312605432,31.044514935297837,6.57368139855738,18.521795301547964,16.85105868414146,17.493915635330367,35.68570436873604,42.91005703389748,41.48030382630946,26.245962585887664,41.793155288761,34.64281884246762,0.04479707682085752,37.10426688632674,-6.391402688946042,32.21011174785524,42.15311849362738,26.147373136850238,35.778712615296726,41.56523972927748,21.47980528380367,8.896889515841716,37.29389969290771,36.66338602510064,34.70598648445475,13.368361145770272,32.686179323913066,36.91106067340689,35.068670725132144,35.38538616378745,30.851102184537098,30.19878203110761,34.04302143703292,22.677485582361786,25.308327495363937,38.690386108865404,37.45004287334712,0.6153320414015718,37.021689365770214,36.37839850337255,19.97428740366191,27.730233316331947,40.49971858477385,27.269889456607583,41.34500253686476,38.562487260692315,4.224925864528974,42.15895332018881,17.83784025498079,39.80394295116718,38.695840971415926,23.882320125904304,24.05403969785516,19.351148918983416,43.481846296275066,37.21825034944331,17.12527183848394,13.828154349541741,19.780090584445674,14.16025997157488,10.185655126485955,36.9364341479323,41.43097147453637,29.719918184697104,32.79374636953895,11.152490672627275,19.201777415984452,37.602406873602376,40.83863700196856
33.39552111337391,36.330956090091085,8.089871083205256,38.562594123075726,37.11367496581284,16.44646061791879,-6.3236925904201176,37.70949068661975,28.689184894649866,38.54414222348849,17.72305313726442,11.414304416918728,27.38868590704031,29.55012053560706,22.336960589493934,15.021644619322007,23.56604272342286,32.663783714583936,11.467078263153612,37.406148003546086,28.21264307081518,33.39974224549674,24.99692410177234,27.929275598900457,21.363364996072956,10.798637112600394,22.788700249757007,-10.69775774079192,26.290613828171562,17.302266264487326,13.694910969216364,30.831687990207882,38.84670565908467,27.95757354881949,24.803532665687868,32.10846934371677,23.963407739906483,21.63407556272339,27.705829864241014,31.664325507944646,28.63450825153102,28.763425454078575,32.33336728486599,32.62795970821916,22.25515578614315,14.348961128555773,31.74995203909995,30.69810237246137,17.30630687867199,28.285277976091244,32.410782227003075,23.61637923245968,38.27835020309835,9.30073686245659,35.110051145202206,29.713027897546837,31.982877470809928,38.474976099990045,-6.817033847324686,13.088521051970812,2.856379092590494,9.138414437981307,16.453052001972623,34.17650023131982,27.95897837885202,4.176010776650263,35.437111248919145,30.49385030759413,19.60135499679752,17.942965574681967,22.792219493227684,30.277006643545935,36.091678793176534,28.99042698459205,33.36580184555317,36.68862689681391,34.020761775945054,31.038916541388904,36.93128349226973,23.073115822362702,30.840749748522747,5.7337875049933285,38.84388617468855,-9.334375104184014,35.7121931353759,16.428524623063417,-6.994333466846709,2.5248739423967144,4.101049868477714,15.139231692307002,36.661884853507786,11.573662222604836,34.881263298355414,31.568160278360846,34.03032132793834,10.20865262659984,30.073214489381236,-9.430235860967237,33.81114872982547,37.3056400614207,8.922809797311238,26.707840950708604,35.64629620177289,15.127096199541674,37.38215904093958,19.181055540647748,30.44476218592576,22.18763118551086,-3.3073936442208036,33.8406568731399,29.022539762383076,36.242379076475494,25.18819239641974,23.33196044697791,36.96097194789293,39.53302117746802,9.443073285280345,21.543103015481684,22.05290545844377,29.32759235319885,24.967104365735395,9.039733011654532,31.658628765891166,8.290943431847454,11.6790349694558,38.331508389334005,30.411422345513223,13.386950384989113,9.196179443327834,20.287292591171635,29.28358384085896,10.370325111679433,27.754824536561728,5.699189890973655,17.08377811563135,15.944780841685349,16.225788588553428,32.833445141573975,39.21960297961717,37.79740017087469,24.27857394832031,38.399133764135414,30.814741422910252,1.282518793678621,33.07725940852722,-5.212052092122274,28.68047127622527,38.57869726626018,22.565590961516396,32.405604656436,37.39538540137036,20.02631387962194,8.81077381640058,33.67746669078571,33.837870799094375,31.798423618510295,12.387901705702125,30.010857497790152,33.70128705069642,31.410672319579437,31.480342124154603,27.72143743056017,27.633855472902844,30.509660052053643,20.38932584570812,23.19126486919409,35.598659466939175,34.13694976364666,0.9664309473716927,33.274529937909286,33.559898310947915,18.407481880630385,24.765585656475135,36.63703886226133,24.55873907667921,37.609734802267994,34.486083162390095,4.967144856894988,37.61922261599135,15.844041228611765,36.97034775056373,34.91518465725931,21.556965816808557,21.827010258823872,17.416610693123467,39.78738388710394,34.39553150809618,15.885779823893996,12.334947126560971,18.367432619008568,13.582305300750736,9.404364652101238,33.698369510456004,37.69354832232141,27.452519145881656,29.362548733748195,10.887164947775585,17.34486436306846,34.49723507502959,36.38950057740425
32.24660606503569,35.37400214629335,7.903595052682853,37.43383335903168,36.22169939067485,15.91645883655906,-6.359645113977535,36.627128583514825,27.775357841684542,37.51153868824963,17.162546780491283,10.9817744864461,26.833255415311182,28.600341736817764,21.432041353606884,14.113540848423359,22.966863944679215,31.86833290351017,10.945352642556076,36.31577884086494,27.363839316573248,32.365143821721134,24.295511305559188,27.303772019718913,20.848930724392112,10.472589111768489,21.906300162904085,-10.822583162140765,25.71483871228807,16.928962769011136,13.146749293031412,30.126664355525996,37.64413645532945,26.991498640796102,23.931852420367363,31.441745482151834,23.305938669223785,20.63994452197317,27.17239309308341,30.979741795954443,27.609271456919952,28.09797632649944,31.321631328826832,31.654883514396722,21.819735630332154,13.885700374822296,31.046870357537774,29.98833311401034,16.65433354813928,27.852478145877143,31.779776412054634,22.948150162140116,37.193323563138165,9.07289131901059,34.02063742025139,28.622777352067605,31.043862012306057,37.55901640435691,-6.734001371933315,12.609997385441996,2.505621672685608,8.6867076488613,15.630308524671696,33.32711305359633,27.345070581393024,3.990825340347889,34.627300428205395,29.821110198410643,18.92886604831649,17.116700735970387,21.948120016516718,29.387523266656164,35.023447842479165,28.192560157548787,32.4916871947387,35.67988549633747,33.06091993241479,30.11816583001796,35.9435834268533,22.664697354871493,30.019641881197078,5.391274852775164,37.76218144889293,-9.135353178842301,34.63576094858052,15.621776101001732,-6.735109335276423,2.3769967519819533,3.866508480437375,14.729762725095785,35.61478128838696,11.153903062529306,34.09108188423848,30.464376102648053,33.23726744534822,9.984590657302729,29.37836665123337,-9.364324737611318,33.035464552426944,36.35641511296131,8.275312246650275,25.809637345973517,34.80627446548294,14.392477795463106,36.40744487526303,18.790929452595577,29.755235777141134,21.311650108269966,-3.521592596962801,32.9028260177136,28.248224019898302,35.247521968962076,24.571470450068208,22.736608756265422,35.99319706585755,38.54225128492647,9.041057182717177,20.82790238268326,21.04094101615698,28.62722800877789,23.928217630312666,8.695307153061554,30.743688119188242,8.27390260190342,11.21600700482605,37.425898835319614,29.276447533311828,12.491775967916288,8.667509090978655,19.749271223366385,28.301646053830883,9.820455400620652,27.00624698417832,5.611257970065705,16.36994617831715,15.445467421896177,15.763097530619966,31.860184320262945,38.08558814733282,36.71232180106952,23.406748739657047,37.27670846749278,30.18344455542714,0.8925627101784974,32.34144234173331,-5.1340475082190125,28.071074515129414,37.32406629883473,22.32820953568468,31.498316224879808,36.51290933648371,19.214544791911976,8.477495126944108,32.81148074453976,32.68601281179203,30.98152845072148,12.127233663160645,28.91252613433701,32.69785972645439,30.68489198380881,30.729867567469284,27.127464558279613,26.860859581572484,29.762889722713957,19.83795092561561,22.56066126597806,34.51116926231017,33.21980819760941,0.7912230033918772,32.42603028256784,32.586072786709664,17.616071395911806,24.183899460047638,35.659694530921804,23.894168473444346,36.53084065777358,33.64827275721407,4.60990840092998,36.766279283914386,15.516139157310556,35.82512786283294,33.944788454277735,20.99149844460855,21.147627521668053,16.94533059785521,38.678350199950266,33.27083041213878,15.386610687772782,11.925073189972093,17.801762815816478,12.981924268779279,9.00240006510459,32.79654340068591,36.63361225952423,26.686989329984634,28.77892331677242,10.50277225863742,16.800978228314644,33.475402447356046,35.55520604457759
32.745930506451124,36.02961188290965,7.96171971573283,37.96237091501046,36.729038208568475,16.115999937046,-6.499057606786562,37.086284618772716,28.116978052677485,38.137269164298175,17.32832415199236,10.97636452396729,27.445131324120666,28.94228654780023,21.95758389006038,14.358313656035259,23.464813334080517,32.302377085735415,11.331554788115787,36.95011926151634,27.938107356226467,32.87916904198857,24.662509363934518,27.8980682132397,21.318434413205377,10.563023966058221,22.407152902756167,-11.034936813637911,26.166773436774836,17.243122913786184,13.551068293068518,30.704267867216366,38.175207341621785,27.49713922370196,24.182336334445033,31.927262023457597,23.876123981237527,20.762342905892293,27.56275377025968,31.58528649432704,27.800823254216194,28.725170804891103,31.843725251778242,32.098146674364365,22.244763641582978,13.977593850684153,31.49160025266463,30.59293370620132,17.005181846437246,28.354804301406368,32.36023493651321,23.54924583086416,37.8949373887015,9.212338797705295,34.54889182601752,28.933491481774723,31.393086789713234,38.123441548512396,-6.696320805896943,12.852655161290526,2.733285281369063,8.993190390907374,16.03940581548552,33.86349153850587,27.92899324214157,4.144688857068212,35.29082311364095,30.421801772728912,19.38786580408995,17.221110559433804,22.2076922641824,30.005736831096886,35.69905544656025,28.781080576996153,32.97967244056999,36.323813413769194,33.54880380394946,30.530453170554207,36.54252574520216,23.274119257054224,30.576782752475516,5.482167452408585,38.2618680771267,-9.191406435764724,35.085588626915516,16.110973505982034,-6.671746241479701,2.4873517557048346,3.98217153348878,14.862518994923072,36.38305346996584,11.120417412606411,34.537954990259706,31.03229333173503,33.67944807748455,10.200237954791898,29.941582657579474,-9.316694352927275,33.58462346799981,36.790284644679815,8.624015802856212,26.233627838911104,35.21297971332496,14.650580640177667,37.0387141827291,19.19749849715932,30.212985407605423,21.82345158707212,-3.7551098240126057,33.515379640925794,28.901076417477604,35.766505205517504,25.155819560447902,23.07840847213506,36.540024457643874,39.109880704379385,8.939056019802361,21.329809175552644,21.34541173178088,29.111221745604396,24.438627121283538,8.70251988424644,31.26797525483813,8.326512558512714,11.288687617460464,37.99155762952118,29.782092081845402,12.610427786345543,8.982568451488616,20.05207726998679,28.822344377748802,9.879172490292218,27.39121914560243,5.804420818725092,16.60118163516478,15.825224937847713,15.962345092958783,32.50761059388323,38.54430286269363,37.40445548577764,23.650491603613787,37.8317844482226,30.61885745279023,0.8147160120216023,32.90899112698882,-5.152079891807014,28.64335278981917,37.853321369341074,22.805184577848816,31.899789298459762,37.15156131487291,19.536531546073082,8.463960085164823,33.17033021118826,33.206953911334466,31.50226430761554,12.206233148450973,29.385120330994436,32.9710831754673,31.175445313678217,31.141064449006613,27.591664197126967,27.26365185133676,30.134801019510302,20.2807497855735,22.87154300693761,35.07432077233337,33.87760115193838,0.899439071021815,32.91779307989341,33.00674749594447,17.938945916360616,24.61616809507796,36.29513909318069,24.44964181449086,36.89418095940332,34.02416273258202,4.713634219274046,37.311391810304265,15.96297388087476,36.38477815749976,34.61282453377413,21.405668847670043,21.266101907991253,17.077652906477752,39.22989449198103,33.62743274222525,15.669746834085556,12.06770329928767,18.27236843736454,13.351756728418973,9.166710880023134,33.1790744688614,37.26224047020482,27.095517575098217,29.332391578991377,10.659441499907023,17.06452408068618,33.80595978179357,36.11207949351684
30.899645982334807,34.04465773806957,7.46470205780614,35.82172872150993,34.600140015849576,15.223695673876769,-6.189496803371824,35.02913189932961,26.663504903533596,36.00526683902284,16.47151568959036,10.516794159162934,25.80650548775352,27.47813591641092,20.705694532232688,13.667982001252728,22.093938460959574,30.41906473520282,10.744963628446035,34.898816559557,26.300209563709622,31.193998366078322,23.32047293620475,26.282401973580708,20.152326858049662,9.949603967130685,21.238693005211275,-10.151695355817228,24.75080564457282,16.287699095524914,12.741209189301019,29.052608494101154,36.130673566966216,25.935324658226026,22.76270975097497,30.047632719727204,22.447808137002838,19.764972624138057,25.97451376670506,29.78240555155291,26.237383458383974,26.9678242089177,30.10994138750935,30.276586134509373,20.88048083894662,13.180739971233251,29.669381733369494,28.788470172497426,16.16477300270709,26.628305148906396,30.37715451824715,22.099825044434635,35.73043570178295,8.52062278043532,32.541852541171,27.401558411378932,29.60284104452961,35.91954850031418,-6.298660262321571,12.291275759285458,2.559909670465523,8.592174637602282,15.237411191714505,31.991185277043247,26.346129415634483,3.8338193016758995,33.268887275807415,28.65069130908165,18.240053628964617,16.32636811165197,20.96178631996397,28.33904541174514,33.70474838190215,27.14741218978898,30.95290898299222,34.26880139278419,31.594361666808464,28.754128879998454,34.52302897706417,21.883706094049696,28.9760559778182,5.130244956378509,36.03930361166322,-8.709077823324645,33.087005524142384,15.33758207393593,-6.444778477815603,2.4001543729666706,3.761572863919314,14.000907958290115,34.26797401029297,10.618404491623183,32.50764224962095,29.412295471818073,31.72465329188516,9.522862083012326,28.13589075510915,-8.825311994586407,31.71583676456348,34.76711613301476,8.128040517249872,24.834172257305344,33.23024270476758,13.89468590267346,34.84972494997615,18.068029959760043,28.502349455169387,20.638468114501176,-3.380626846205339,31.60880348519011,27.24267293899131,33.65646343798881,23.708736060665082,21.739656905617863,34.41192179388199,36.85651311780668,8.565409362940688,20.051056713618255,20.15359172109091,27.500225722752223,23.194779865998665,8.146399434421234,29.414013611569793,7.862601664744827,10.838852469571338,35.788600973004584,28.230620721571455,12.01174806989921,8.441359584397771,18.84916778910238,27.155424441247956,9.512441492323855,25.763173290899157,5.3597232061368425,15.829142516731745,14.944868641236509,15.117735376643331,30.619243366097272,36.375942838545186,35.29787039888152,22.350249260955785,35.66684747997373,28.911536502141526,0.9340615578727848,30.96534635284373,-4.7423673340745625,26.90546769749489,35.79841272228502,21.34280336004191,30.106976110283775,35.009018221631024,18.592985375050375,8.044333476826303,31.27060768961522,31.19470290619769,29.64083231260884,11.585070024976705,27.818060284863382,31.105722046197496,29.207905580194712,29.338693996249916,25.91150963475098,25.67976887289458,28.429059423975723,19.101051382186796,21.6291833390461,33.036063852873795,31.918271717264137,0.8835754005418315,30.979437303343897,31.057862297950045,17.152056184981603,23.116371096770912,34.23152949474873,23.028774311223238,34.83923866569135,32.18982130930854,4.599265357879185,35.16002867538338,15.037281378894864,34.27203407621325,32.607242766047406,20.313165536529233,20.071326848231386,16.231761344746246,36.94362621118644,31.664953671174754,14.69853910398877,11.528314571443879,17.260863396207675,12.658313152231012,8.732995649670096,31.38651704825143,35.0579043340951,25.52298356228608,27.569000786990966,10.050706015332642,16.18892152655344,31.841287335360743,34.002290955835875
31.483530170704388,34.75572264549429,7.7959387742052915,36.68381015729579,35.58261290585913,15.462529145909858,-6.265019244058568,35.96645934687847,27.08213879128505,36.71874569344408,16.689897462893484,10.860287797593461,26.47346925366737,27.99601330520143,20.92774162370344,13.421746924645884,22.401529374422434,31.476220226481136,10.631419250105562,35.51615744963932,26.9150156454278,31.54099246100726,23.9659711141624,26.93257021800631,20.80493617593211,10.091215855151347,21.22004822855277,-11.009022765818857,25.215205221586913,16.709877205420966,12.943320086477227,29.61697557669938,36.868756482204695,26.412460438629974,23.276454047468793,30.820707638889523,22.819355480673025,19.88759408979651,26.74884059155162,30.454711814978285,26.935388289020405,27.721590132561445,30.753940944926313,30.98204470225361,21.583125850774714,13.595967987067002,30.6480275183631,29.432981519869433,16.45635103180041,27.438422471797747,31.18920781270699,22.55039058107706,36.35894085685264,8.82438547190712,33.323911050867856,27.799679426941335,30.45279671295583,36.87119321032097,-6.596741372667384,12.233426120472846,2.420115054772357,8.554535792586565,14.865566083751178,32.802543139715944,27.030486961657992,4.019735092125736,33.96924358015982,29.335044260141764,18.78878909480433,16.59147280626379,21.503241757031134,28.92500547126974,34.181721976131776,27.635354551639093,31.882414106492963,35.10266752787503,32.39077570821076,29.702550381180444,35.111209904520365,22.384242772948298,29.3912407508174,5.298510797434922,37.116857689053674,-8.980154419403583,34.03097535619984,15.068659656186947,-6.561554943133962,2.3529931214432964,3.777857931020862,14.366551661171044,34.965708215705526,10.882371007037333,33.5221897888648,29.734277196058315,32.724604283914445,9.69454248898737,29.06834404563742,-9.15508993228035,32.493491262918376,35.66405756884878,8.18558027691751,25.225936297443177,34.21648242385862,14.06391901686631,35.73517970527687,18.58688633300828,29.09658330429247,20.633462640631453,-3.6866666605684197,32.48320851787901,27.702277898743194,34.59042470097694,24.102865993974397,22.26006327966296,35.27999128879619,37.90947528531214,8.686279064723106,20.49769797740033,20.39957694335055,28.021930891746198,23.070830987586035,8.56604878822117,30.290025152967143,8.09236736518007,10.903735662719024,36.77665347099545,28.36790135399524,11.930387782597535,8.467452767469524,19.357099190756184,27.754634241268285,9.431900182713195,26.47370801497064,5.645391256541204,15.717331830214377,15.268541991372146,15.38908744948835,31.343478171824028,37.42780718290728,35.87029553034789,22.915022615954552,36.473808193998714,29.835429267653,0.6253888214673485,31.731965524092168,-5.165516424966131,27.577928918818394,36.44715710872307,22.23179394212587,30.86051096738585,35.95416304745222,18.696206261823956,8.347694081971586,32.34305236117018,31.90354269092269,30.46492198814761,12.010987344601125,28.07240948097409,32.09337811457032,30.14124022099758,30.31412112950114,26.92954174287385,26.23099843570851,29.20958011876975,19.406975625246073,22.3873768390374,33.80065593116348,32.690559160701575,0.7406769803998924,31.836803533532244,31.963452918049853,16.894086166401497,23.843142513637268,35.00978847740434,23.392562463776144,35.822934896388354,33.06200202762692,4.2053403202516835,36.18901810781058,15.509990305479096,35.06299879983164,33.16999296463417,20.50560525340021,20.802194641410345,16.425070514742576,37.97559451608994,32.61576725948325,15.121232134302007,11.75812222423738,17.62297393587376,12.856654943062434,8.906312356536002,32.245604134741335,36.04849261240641,26.246315246948107,28.305787410985896,10.006776717920534,16.54735443913974,32.79126371638053,34.93735365883022
32.85225951368063,36.11982416264904,8.05950053429779,38.02720169377493,36.961193274117036,16.052371935379774,-6.6073773037947685,37.376518762430344,28.153892743118497,38.183825552031344,17.42574672393172,11.191421327029408,27.487620890266776,29.058933394455472,21.830565683643783,14.175176859647815,23.358794555933496,32.55363860540343,11.101865134818198,36.95741245678295,28.029547668302392,32.88977852698645,24.848260254421497,27.931638448169707,21.453297133855504,10.48943883712134,22.233170008413545,-11.299881427814903,26.261161021742158,17.313713254942293,13.40638678667068,30.811567796266196,38.35893746452047,27.351258386327785,24.099012332191503,32.072039219968744,23.766499008554078,20.77836387435925,27.820420584111258,31.715306626027875,27.964238557659606,28.75080173680739,31.93640124992827,32.084018032464385,22.32246097882903,14.187599351933786,31.78642073614997,30.64153888352304,16.98627945814055,28.48969507339836,32.4576903453492,23.445690881449174,37.897407286275026,9.004472904203713,34.510121839838426,28.991108217394864,31.485686294442708,38.34184851183355,-6.700191958247456,12.775157291593942,2.612726595178466,8.835531373858524,15.759624506527956,34.08243161197895,28.022544634349604,4.190182760003936,35.36314320226716,30.44891854420991,19.354835706395445,17.156207917549818,22.269049461276175,29.979190324793194,35.67937340651332,28.75550009496109,33.15411789237617,36.44300753711339,33.59591724546075,30.6661347700868,36.63092733229245,23.17588400351034,30.646253122464685,5.485684232545751,38.48596714582419,-9.147465965087319,35.23580883240345,15.897330240516725,-6.6007962292115545,2.3546590245732917,4.052089608032835,14.777139953127733,36.35105311016347,11.27399536131662,34.78256754830913,31.02973505610886,33.93300092879197,10.01207714080949,30.068194812217293,-9.293451782744944,33.741905981614934,37.08304854379367,8.607401744991648,26.29426395286759,35.524618335041225,14.647069804290338,37.05229989148706,19.274085217177706,30.33675980385685,21.641894453979447,-3.809267007681341,33.63505221442393,28.805295210593417,35.93450489023264,25.161720122931964,23.203970984973527,36.695919565008126,39.340586185558664,9.024630662414234,21.2427675433254,21.25700836796736,29.170452553582646,24.20085772442322,8.853335964744485,31.32361961409527,8.26131427516158,11.399435943327322,38.188498411935896,29.678669176004437,12.513664839789135,8.799754251213544,20.14959506865179,28.77489522357097,9.847515230042033,27.49564549435535,5.833174275018714,16.515247817024566,15.68584253195383,15.933149476314469,32.49497633929339,38.79966028341077,37.39067205907914,23.80140103984178,37.87153910422217,30.90282958837212,0.7141422866704111,33.02144309580092,-5.227819300359168,28.69322488079033,37.97165182292922,22.985785915100752,32.05170448341868,37.30932968167529,19.48211188593711,8.534546128800534,33.49039703088468,33.23645540869027,31.471260297439258,12.196238366108762,29.305400483823043,33.261344566729896,31.286542881435597,31.45170119187262,27.822055393548716,27.312529226574636,30.27952104887245,20.259155818529994,23.17370159257675,35.0864031774811,33.96423897929233,0.9092567402515385,33.104695730775354,33.15832207638589,17.822388810039016,24.75513005966633,36.40127620664269,24.472781493483552,37.15036080073065,34.367810223662886,4.518862249566633,37.54666198357161,15.888337037839882,36.388771926319265,34.60502554852851,21.359200980743655,21.544865798070347,17.184608677547942,39.389526055113926,33.81889968216568,15.60517779834178,12.163972349494786,18.245901897824155,13.32337533579614,9.141769111256213,33.409451521560044,37.390084673731096,27.160076890474794,29.37739526358183,10.45564678297985,17.116054485145927,34.05972080842297,36.32414716844889
32.870899014801736,35.82109770003926,8.022829159677919,38.08888650116885,36.56235911116532,16.07224711540441,-6.149178526107289,37.10554341336431,28.170147510189356,37.92558317894528,17.257648407313695,11.326972000796781,27.004830850271027,29.155444718012888,21.923770387730322,14.504508515038454,23.0695445436682,32.422552650757375,11.150634289021388,36.868307907153714,27.772470285247174,32.719831739027605,24.712951748318755,27.618862027172796,21.22708940176157,10.513571022798034,22.19815945019565,-10.8503399174825,25.7616734344133,17.169791549505817,13.351804721576931,30.302026836580147,38.16049709326545,27.569378293508958,24.422649126923424,31.583593167628997,23.601266225032422,21.146047086482536,27.26570295654077,31.158280415330353,28.19598684175477,28.477465115036555,31.867933340444157,32.21251375095722,21.92442215524392,14.086507692745535,31.293777734513874,30.157910229689712,16.94221112179122,27.94108316178318,31.92028202564884,23.335989563168187,37.58978897965187,9.180777065274507,34.674799013356484,29.043368506381977,31.59678709695104,37.90482090290137,-6.72411577544197,12.851781232869163,2.692103431886945,9.0821784029977,15.759794024221595,33.664326534217075,27.71825582359842,4.196729954358179,34.832842920910494,30.120568021795222,19.38577158503032,17.67069978520074,22.521300422796568,29.882531012109883,35.34484124926397,28.450351331791264,32.91752267349141,36.24153990812826,33.5942765036187,30.813699826779676,36.20837261418453,22.813591483724984,30.25099678986338,5.671851896146906,38.35747579960053,-9.219883536352278,35.29168645231438,15.872372208171942,-6.856685823207932,2.5209847053076517,4.014333293121086,14.894505396263598,36.103174174793644,11.41209424337188,34.44205262065475,30.892650213394493,33.59973960845896,9.908005973553797,29.808399129492745,-9.387289476543414,33.26370145102723,36.716133895504086,8.706310473544733,26.324427925087438,35.138489374798645,14.864770210412175,36.86785028409488,18.90059174596305,29.85866621193799,21.661000952163235,-3.3088438969454197,33.510467243489614,28.586842026821643,35.80657817629898,24.741561727453043,22.948027727710475,36.3956419886012,38.99942386381464,9.136460307719924,21.36286701343301,21.5668098067079,28.76042364425501,24.191590759543853,8.895862542470677,31.404610732798417,8.277751622899396,11.363070945937361,37.786246226963755,29.629119375642535,12.904891775830379,8.934839368402557,20.00189279797845,28.943129809766337,10.12679500647133,27.259762387194396,5.654872360451127,16.457907483989413,15.861120841661624,16.01136203906257,32.42272129060581,38.73184639645292,37.11794058763773,23.92605808913785,37.85228589035938,30.419295488603918,1.1466722454998413,32.53696538506728,-5.19603996595186,28.248814557895084,37.83396312252521,22.393716446904502,31.85066022470927,36.9177198623223,19.61203496834583,8.795415740270627,33.297532278006635,33.26576980258921,31.39507874447122,12.284388425452452,29.229523304006676,33.25589346123898,30.97670392869931,31.062793194059893,27.536520529557542,27.23506614923842,30.0692014620365,20.01949592309784,23.089791987835678,35.06100581657603,33.6760290070917,0.9392183230629908,32.760962371939435,33.14876244959386,17.748406734265924,24.41711499230352,36.06396884596617,24.071909267545273,37.08192827554713,33.95903332640184,4.765797802526382,37.097216008264745,15.690354411785014,36.50059407553113,34.22533077226785,21.144028484739554,21.58948761292807,16.98981081479229,39.29798930471434,33.97488667352066,15.712080047875006,12.101894311194522,18.165908693280933,13.467818710216475,9.331324724685484,33.31556859907091,37.2097228776967,27.234672071319398,29.009603470416916,10.574145351530506,17.07731040457754,34.055912643537724,35.82074403213533
35.32651260194088,38.576183334987746,8.799559338563427,40.85263553338987,39.88635714484235,17.366936719516158,-7.125910636057205,40.4816226504828,30.331014803051428,40.97082848989518,19.172623573247087,11.9782154657232,29.191689031066097,31.311828676827904,23.113319229945912,15.380033421199112,24.974579096843435,34.979037869536036,11.777047301479856,39.396723018999445,29.901064215437238,35.38457173735889,26.972318482015407,29.569701635883582,22.832716080982507,11.303171928064955,23.83888565325972,-12.1545081699681,28.305604190845187,18.3074419012582,14.25195663763898,33.00585412170182,41.399061872384685,29.1340509300937,26.06324051807294,34.478986004080504,25.180082102389946,22.67270826939226,30.107257503734964,33.92820443549263,30.50348982206519,30.417492144134027,34.42264062705056,34.43797536379426,23.895436915086982,15.593712799461871,34.409510590963386,32.747010120886266,18.1660576672717,30.52833071518891,34.812620957133376,24.69093502473628,40.59818369605615,9.895665218467965,37.10916606105703,31.589694419007103,33.99815531063469,41.299703513933146,-7.421911791020041,13.516342337146474,2.6436406272330415,9.338388940562888,16.891103171883447,36.67185585617343,29.610854021141794,4.291465969759302,37.86233121281125,32.300660385130605,20.75412914296432,18.664200496828126,23.85435674538118,32.0522708893518,38.28109643038731,30.86439791241193,35.6188936078004,39.088974497811286,36.119667897668954,33.06526887660494,39.42818003675989,24.38900641893058,32.73226794357554,5.724909657159412,41.46826122900869,-10.259882354037444,37.990324339241674,16.749178821681205,-7.517012331317229,2.6954400831391587,4.439903904030017,16.204999998791962,38.7876460018261,12.17927345698713,37.54649772998687,33.34873851778766,36.690215204154384,10.639367210090212,32.06031979394962,-10.361486166184672,36.29104450657549,40.12315845457141,9.032968798862214,28.14805101593092,38.57504679453109,15.679158440427182,39.771480464449894,20.47980786787911,32.64500775882389,22.91599063985245,-4.051337125635757,36.10648571977214,30.438275455312002,38.56403205643745,26.576441354142894,24.843300560289066,39.548871658754216,42.451202302427866,10.264087673898961,22.485590944798425,22.928009921688425,31.386248479493148,25.902725408992595,9.79792631040646,33.537398229601514,8.775885432429911,12.690025772647271,41.150555546355996,31.95158689980671,13.69950417348944,9.428778023286254,21.582842532850123,30.674299175408606,10.3467934745477,29.81028688169883,6.09045650319062,17.971907341095985,16.43419357288267,16.979956350472776,34.779579207793816,41.975353158994785,40.017528363415956,25.82802162626403,40.80807747938963,33.24575622786432,0.736380696177913,35.43554589971754,-6.003666619515438,30.697933657372086,41.035144079097506,24.597100602635358,34.65797051466512,39.98063931182405,21.132194968405756,9.086080399943507,36.371725937357915,35.90577368840243,33.69388488335692,13.17918806746296,31.59930453839362,36.16395348883113,33.72408218097495,33.98775009238002,29.759454199029648,29.278974844795062,32.78210954852965,21.740146984713714,24.81008488378489,37.7850016697975,36.23436191559856,0.8311130700452417,35.649508363187735,35.764218748724,19.33387158773092,26.507801067931645,39.020338143031495,26.04631691469226,40.369287496466626,37.205414919040265,4.579755180185794,40.4731582155226,16.817533136825695,39.08004421996869,37.10844627088228,22.737143187732766,23.759581285360564,18.767694386431707,42.38338162731408,36.65067221856962,16.53885782274013,13.363153469383667,19.13221063692604,14.135384950924308,10.141163616396668,35.96360726809894,40.22623877199229,29.224331475908105,31.305599244974793,11.016322190468498,18.5755322189238,36.944591554191,39.13384353129804
33.89930191522808,37.16967902542788,8.270827593897462,39.37376675142174,38.007037902975966,16.669145038874756,-6.5090129441397435,38.57206720054889,29.026167693632594,39.30077768486584,17.87127966719481,11.822158285166811,28.13174940448265,30.042010910659904,22.51842279113157,14.574908585593963,23.81520522546578,33.632799722415164,11.212390823567276,38.054620062329576,28.84098249238038,33.819260379380374,25.450578704117678,28.5898267570825,22.02261509608469,10.917547988576674,22.70816505434382,-11.500123647444488,26.826770792715134,17.843388423795442,13.864164975873535,31.48180473084452,39.51668076210113,28.29938801450911,25.237105518448324,32.949856568758115,24.366699060435078,21.62612813697394,28.458281100572236,32.48650613898097,29.010310897555943,29.568876784639397,32.91760809095037,33.3715119590028,22.876920712338652,14.546499796151064,32.66116615301799,31.413955412405002,17.372761048784426,29.240159747668944,33.32000532094511,24.014892065328056,38.97811758803097,9.477692856490167,35.863452782710276,29.967655771249188,32.73546835663061,39.473440071287946,-7.007497471536073,13.268698908242152,2.464859248887462,9.142421350996976,16.006003877540167,34.96967498216834,28.756952194046338,4.338218834383526,36.23720662653869,31.266480929242146,20.010355326031,17.998769873357855,23.262435427520966,30.806173099498743,36.66861481863294,29.644349274461216,34.217344775909496,37.51681379244614,34.79993043129986,31.87794932865551,37.59534018907685,23.761508572169472,31.390477190865628,5.738583952117039,39.78375100657532,-9.61495687099056,36.59843869523751,16.141781529626517,-6.97065433385198,2.39501482650099,4.0530270896268625,15.385813830904617,37.43422641148122,11.98440866010048,35.85890182638529,31.90633048591008,34.94623180967303,10.350416718644817,31.02657899128801,-9.75466609029616,34.64646103820348,38.16242263531253,8.769851677974616,27.081639554369936,36.57770618135206,15.220637509427046,38.22952255348573,19.690106589042713,31.10559918280604,22.17772457119663,-3.5828293689491684,34.63140302463074,29.53924119117393,37.100732894965454,25.65196657578699,23.87147123808759,37.837149953840665,40.54089893053025,9.312435325689663,21.96183388428135,21.998856576625332,29.95693652431611,24.866629425892725,9.13536559679509,32.467952532871706,8.462320450894182,11.70514357894792,39.334611030113855,30.547697593398635,13.090694157019175,9.04206369256204,20.73319475967746,29.91052709762538,10.312469965243595,28.357635193950042,5.940005659782696,16.929787675560224,16.17205882578222,16.51272784809701,33.52368468915239,40.209347305662526,38.38036817901361,24.60445696330936,39.21503766790525,31.757809854019968,1.020374834493999,33.885828673674936,-5.372506572714422,29.387054212024008,39.144653765298656,23.541525086671562,33.12420197037123,38.44859119271797,20.031945255503764,9.11317508052143,34.6299541427989,34.39413194241354,32.680588772063004,12.703101067839462,30.239954450326888,34.489098735343234,32.271524697884935,32.37996416643515,28.701766546803093,28.02107971597399,31.170760034134638,20.621716766435092,23.90007892401179,36.358888266644485,34.82889078240085,0.9270016395837822,34.10707543593791,34.374669975291795,18.13163152573692,25.36645772552178,37.4492456660026,24.97857519452531,38.42354724702287,35.319915225009275,4.815220111246476,38.632977488913646,16.3613279573901,37.76064255903504,35.48768507306048,21.838913167788125,22.385933358626403,17.595854184580084,40.796327033304955,35.1785764389149,16.193678419822124,12.395829370185233,18.657196815254817,13.695811332761135,9.384022748873885,34.49334632198452,38.583492951548,28.126934794964914,30.17069075021213,10.8225978856375,17.54508407295133,35.33651162237909,37.32258200249042
31.496437945210097,34.561951716215184,7.707372977053426,36.53801589862301,35.21043324860698,15.430544977231406,-5.953774358086561,35.67130342765197,27.01880415462621,36.52802879330251,16.469521935339095,11.014054339884881,26.244380502792254,27.949518048823432,20.9923272029002,13.608998803792636,22.16521523510158,31.264305336490175,10.548870164930648,35.441412464623575,26.795565342774466,31.437280675095213,23.581036011334948,26.671414776334984,20.703760050029803,10.155731675158657,21.131259623451335,-10.569226861057068,24.83940695746354,16.517818575809745,13.03694446569921,29.2706068615468,36.6489052918396,26.435626524127002,23.405187420500827,30.497227163078534,22.751482468546616,20.063351183440968,26.30400665137597,30.092627965281533,26.829820254737974,27.6065310976881,30.543699206183803,30.9869788842905,21.217595252890735,13.317821957794587,30.191946015671093,29.17764096065092,16.17306326643446,27.10439846012705,30.826930174300124,22.394914769428375,36.186480768046835,8.630213070796717,33.36695600985828,27.750981244843096,30.40736594543388,36.522127867511635,-6.539581051910029,12.411609190442407,2.373789171062984,8.618926631383106,14.911644870876444,32.42494825594317,26.905137670865614,4.090469288684694,33.61595749842332,29.14576049178506,18.698550815448687,16.795197407901814,21.682407273851894,28.634932115864906,34.00299207584443,27.598736612550727,31.642322141164684,34.87209045238717,32.36571552065489,29.623769923611167,34.80368057613799,22.245860022820725,29.1716696408092,5.383753527276475,36.846703827359626,-8.859629227147366,33.99090870308577,15.140527355891033,-6.523497186438022,2.2430277751766097,3.7350214501487695,14.243711627390118,34.911117388050805,11.03663470621522,33.18376492533838,29.620441756991895,32.375431810978476,9.641382635685918,28.956019651962993,-8.999519762476213,32.13497666625179,35.280881975476966,8.168237925577639,25.236104143778075,33.80015706342121,14.239342692727154,35.499328731399025,18.317339432632675,28.74897302302041,20.68261367067286,-3.325995433966941,32.25894477935973,27.61430910125995,34.3480928981165,23.93116922784888,22.112590245321005,35.02845150301924,37.57802886137786,8.57690497618385,20.44415506039783,20.464384918059665,27.798643199772844,23.129735155678173,8.376942656893789,30.28950489511175,7.959595304350223,10.812061467653093,36.41063670601617,28.316275149983014,12.174682334697657,8.480854775524318,19.178253907450213,27.86633398092874,9.726125970149441,26.19939494533972,5.593133278181945,15.654480742107772,15.260915515966461,15.41467961205823,31.222326792787037,37.23452804247407,35.68464789723111,22.777826470774922,36.42202814599979,29.471569062398327,1.0157082230353012,31.38641709055289,-4.864379625415548,27.23291776014606,36.24395329215521,21.87507760641002,30.652089925687616,35.674324051526455,18.58638121559646,8.505573916572105,32.06828288235382,31.8715332934854,30.426383120050964,11.827957538508848,28.000771739444968,31.924557149464167,29.883604145822186,29.97070553743341,26.691257385304862,26.053553348718022,28.871004849204613,19.204144762835398,22.15637488573034,33.76792081996547,32.43010676475395,0.7895296285900293,31.508791632978024,31.925236748090143,16.821296431769905,23.546499360545354,34.7414164073856,23.12081595202793,35.5592274357335,32.68375700324155,4.542611055370935,35.79266542278225,15.334761785935935,35.109027160574804,32.935363596146914,20.33038650924956,20.76782684808668,16.239280134359696,37.82593485079073,32.564839076953035,15.148586765030446,11.484146967452777,17.51046538577243,12.87086842581456,8.703958783860049,31.981553177133744,35.82747030132885,26.179805534229907,28.054861454043742,10.196592371086357,16.2821006367388,32.66518760700537,34.53090202180037
31.709352027553408,34.45105344031,7.581689764468496,36.71317459419869,35.13604722270335,15.610546677593645,-5.828757318301043,35.741888305988944,27.298666727065815,36.53555130813075,16.623071698442402,11.011563089131897,25.91886138132644,28.173611303499953,21.18989865168423,14.132571700102622,22.144154034017628,31.24210972495348,10.796447054490004,35.57214919720508,26.687442572242514,31.559128596999418,23.84742896946342,26.57809719228177,20.47217924155569,10.262477102775247,21.427954514226762,-10.152989637488,24.73493639736561,16.4909160866191,12.93379690585707,29.12307966731608,36.75566257590309,26.724000244855656,23.63602597442225,30.297821793766747,22.696615990112935,20.579126994331286,26.15391937618018,29.889131440009123,27.22773405485959,27.391668421650557,30.71397487612791,31.1196140603548,21.051909628425094,13.593128231561602,30.021524884262313,28.911159845337092,16.33211592223087,26.760956753650344,30.585098144712,22.458288047123983,36.14185483351473,8.870514833647658,33.43614904845549,28.043091152024655,30.442531276487763,36.431898259168136,-6.469964203402813,12.487492669274847,2.5977694150086337,8.843590659393337,15.24172061605263,32.34043855673823,26.69490545677835,4.161525152988027,33.45300946105889,29.002846864496544,18.84770586729093,17.239689775880503,21.835015875485837,28.798782585069127,33.9892372987014,27.31764947957248,31.622935219703727,34.906867141236425,32.35669798361975,29.737430080701117,34.80528016282018,21.943978398692742,29.119324255117554,5.674944732136641,36.97512179648525,-8.83845367427541,34.052371108134594,15.3467877776645,-6.570847504577121,2.495226899904357,3.9146955890496984,14.373872356431447,34.713569247046735,11.061020789565797,33.171234961325894,29.764423775171476,32.3276427637573,9.621370676815188,28.59386325466326,-9.018556827257528,31.96764266473357,35.33264400463901,8.415350172464821,25.395159959625694,33.782394519895455,14.458048813758927,35.48273898879163,18.120304173262546,28.685429473293976,20.93333046645681,-2.901227185000597,32.285724357207904,27.500976847713634,34.48178997162292,23.731808514336528,22.024369737809923,34.976666669305104,37.47747578791403,8.943086143375332,20.653706637233338,20.914972694532917,27.590184158904425,23.37746485998028,8.69433975419336,30.231988758377824,7.957886404321685,11.066753631056631,36.30488259164054,28.615066314544727,12.638817882971004,8.767868794062093,19.218939841146916,27.950744684367635,9.935894336503655,26.168796446698742,5.375949976112949,15.932550154142989,15.339499539771197,15.465370914204057,31.27192100328399,37.34441253012755,35.70169854883183,23.065711608023353,36.51840380896248,29.27303128369884,1.3259900727361116,31.23811789007814,-4.825283112553757,27.096820585843542,36.446250261352766,21.37080575091981,30.692704030116438,35.452397876345835,18.983574875507855,8.630976891701318,32.065225455943754,32.01227451501213,30.26761886127195,11.950117722546503,28.169455385519917,32.083149969382305,29.71948909329591,29.816909172807964,26.52364381844689,26.270869907419645,28.970318880783488,19.247502215283625,22.22484587178473,33.72711904571834,32.44371167999032,0.9653732189528947,31.45816641230441,31.966032705887148,17.17978290889986,23.41146502083337,34.67914962552035,23.16178761542451,35.78859183957857,32.69033391780868,4.820659301154895,35.666936317862564,15.091946167846741,35.17854464968274,32.853270822040294,20.315373367983455,20.79893457709563,16.552519662010265,37.854127941585666,32.763717757488486,15.078843104841479,11.752041519877608,17.582512023613514,13.087413215572576,9.053611780238413,32.138513655044754,35.788028144542466,26.280602831709423,27.79982170257261,10.250812150580474,16.53618841873251,32.84183177994572,34.39487194443313
37.298859433375895,41.30137230036246,9.676019393723315,43.23982834148107,42.98622843371983,18.448936210593068,-8.27711471370493,43.200110757561745,32.03219206411707,43.884856148104035,20.793595740270774,12.015776234647682,31.78307167217625,33.01463725555078,24.39296606916833,15.888216582874248,27.351021822710017,37.19428962241763,12.930755884274504,41.80883865647455,32.17986344391879,37.802976522447736,28.9170888672819,31.942087850185843,24.4571626921243,12.03096246130566,25.600631510155274,-13.806603671495731,30.946478647021337,19.56313672041845,15.212075074765648,35.92012126286282,44.06936825378291,30.68915963495309,27.160895263602878,37.450311124065955,27.24701448640307,23.143033544261286,32.8556016581849,36.96682713178083,31.86726329139512,32.7787185680216,36.65992336631404,36.250561686183275,26.202085551947256,16.633338691933055,37.29359595239446,35.59060714855402,19.48542702170959,33.34027227841673,37.93428899019775,26.51987203285706,43.677094840961914,10.557691152854883,39.05897443252852,33.360108902791566,35.75428788238218,44.445355599707696,-7.971283367704656,14.112080337385482,2.8644673913600993,9.913144219349983,18.26895268958404,39.49479449708704,31.865077209209847,4.230531098342799,41.102291693616124,34.77336616130198,21.894657126744356,18.933747648645447,24.709345926154363,34.32740518996147,41.34884313486234,33.3058380511252,38.23111401686136,41.885008966514164,38.28280814619644,34.62570703725267,42.55403226289597,26.633981529201996,35.295525048335,5.512831156870922,44.006685234033256,-10.9908171458389,39.9820008734701,17.941206107094587,-8.084698242347438,2.957924742007685,4.753926510205087,17.24907740453377,41.6382890365954,12.303354841202431,40.290032903912504,35.68030826853439,39.32772152054429,11.618367163946724,34.38525356029183,-11.154395613708882,39.31637696030849,43.051800869555166,9.496249397167448,29.62078539125107,41.469191258549586,15.97677607918162,42.635880331219454,22.45603390903618,35.393131150971335,24.52678718633896,-5.528440057132603,38.61303873198703,32.81779124698697,41.16144573481375,29.021505374618062,26.68329471819944,42.50506330904944,45.50112545936522,10.720864317669436,23.709360771446732,23.857728266536355,34.1703914674179,27.70485365366674,10.214527999912804,35.39913247258958,9.45245610990085,13.41821224925948,44.3335445256936,34.13308199159938,13.76373216570193,9.99763049352077,23.039224527154676,32.181792169238875,10.194388943785803,32.25108189634112,6.721106891550846,19.235095366218083,17.385827321810176,17.911325035645223,36.9396312307697,44.34254104969574,43.02837355575856,27.20169272641286,43.259411276323334,35.76092589663974,-0.25167464289354324,38.501538656936305,-6.869656194157935,33.48630405911436,43.68049536122411,27.141806821989,37.0819521485266,43.02417321385878,22.246630644880202,8.80275976124156,38.59971995494628,38.05174086103286,35.78624992992092,13.761327348348654,33.83117207217249,38.11750952463193,36.38356476725559,36.598521413789385,31.88148459764751,31.279909581288557,35.29131080510342,23.608476158230626,26.046723771839876,40.11610528365743,38.79822989735302,0.6362458400346811,38.3499507824866,37.70399395741295,20.8490729758149,28.7204762603076,41.918520868077664,28.368038260021464,42.75410207708576,39.907829128769805,4.1854593252001635,43.6608139487492,18.26273014714547,41.185688420473674,40.23058954477333,24.717013035060567,24.87990009796998,20.041994585486627,44.980865407078404,38.45710785660588,17.50696592368717,14.497877017895119,20.461589160177983,14.707306086228325,10.750641161199646,38.09477843848346,42.913288905196055,30.758186697537298,33.925825244334234,11.551345642369863,19.94519722397792,38.93645473094837,42.32693121552899
30.816994409504733,33.44655470041936,7.332252663478368,35.642003129358855,33.93549265910682,15.020292011858288,-5.514551665885993,34.58487202735162,26.449538085014243,35.40881794586393,15.957452978999381,10.717496801914598,25.071744171730238,27.357460385050512,20.66967135464674,13.796194131118838,21.40569179533811,30.20337530894705,10.539630168088589,34.54588545121886,25.88370104649732,30.567840488647175,23.00283606614833,25.667371654356156,19.883849388456678,9.863660123651655,20.84318782768304,-9.674450471839318,23.853678932198385,15.974689593301447,12.675650312739053,28.14414410398721,35.6911460795642,26.01272253627288,22.991446471424958,29.273778659230086,22.0156460625588,20.051660956327634,25.134891322849203,28.859829403944328,26.356075317698014,26.475899933899655,29.838426850716733,30.245572357199727,20.220085074953655,13.04592940183911,28.959841849492708,27.995904344441428,15.84489073799442,25.808028816412776,29.541514199510882,21.779196639287214,35.03677564353282,8.55276625263244,32.55345299465959,27.217298584063673,29.531862096799156,35.21102199090322,-6.1266728654703675,12.18652928467098,2.6039893562820406,8.631396388575203,14.828267006851238,31.25121635716653,25.81175971475315,4.048645833937145,32.35998173079637,28.03118606224787,18.330746374890595,16.786493508495386,21.28974016522762,27.985422985730324,32.925920349760716,26.48978429935731,30.589430714995075,33.79880825395533,31.412981723433504,28.90557044385279,33.692317354298204,21.25506533727912,28.18412804137044,5.5354141197312465,35.819993699408414,-8.511585464241323,33.059406501524414,15.010420982409075,-6.380627520491192,2.380615897690741,3.76986669420607,13.878485755940467,33.746162947876456,10.837056900587683,31.96123381828777,28.943097574168547,31.241664656765458,9.268140108188787,27.715430904438453,-8.660079555701962,30.884449388905256,34.092626723662946,8.234136019728025,24.776694287704597,32.61158046529781,14.15667395897177,34.411385265350276,17.49820788953725,27.663377349154214,20.39188306403841,-2.681339319839391,31.29410273165896,26.714669015162357,33.316168695402624,22.988385985297597,21.325755474614848,33.84369188561893,36.30327767318421,8.57365109725855,20.071071927084777,20.354036830901073,26.68675015762618,22.77334098305497,8.218243590891436,29.410645223855745,7.703802950191761,10.66360439615868,35.10386434320027,27.75613360194669,12.42905454293244,8.624049389628823,18.52758268291409,27.271896899465986,9.763275236601748,25.25095397226647,5.203623521458645,15.460611696066298,15.039597481957328,14.99588790068844,30.356028532305878,36.22871308820211,34.63381842006992,22.404677312866543,35.417667587637375,28.274101852019733,1.427106443870403,30.158654265423525,-4.628149282092105,26.12768865687081,35.38984582683058,20.590303136384357,29.65812130659194,34.33732835715211,18.384121625572746,8.439020271199643,31.063344664945284,31.081301000370164,29.3934782881436,11.590899877737948,27.335469051466557,31.047850845456583,28.713134347082338,28.779413439053794,25.57482094724752,25.313040220143524,27.9411861654272,18.588098002305596,21.58209808514451,32.8564232642349,31.46002119550844,0.9630527027155662,30.447725684788185,31.069943423090542,16.657954938665178,22.610648463512092,33.59589635976433,22.39959102776037,34.632873309232004,31.54448361140104,4.746040490198039,34.4247981351246,14.664992568869867,34.22829673035893,31.834845334277254,19.703905219082834,20.13672457761446,15.82237722009176,36.701713230548876,31.79314274348324,14.680600608925518,11.28958793855608,17.05444918431692,12.864740482276634,8.835302105652305,31.083235310310048,34.68573434473385,25.511480553029326,26.901434210114044,10.029510182877774,15.983586829627479,31.799867604176285,33.22347526351758
30.228580245545157,33.32660160523564,7.194438826208693,34.955647315584045,33.666341220752635,14.861261550095456,-5.960439297876141,34.06578362095758,26.11373147688346,35.23755436845241,16.06093098497808,10.259986201685038,25.305281015691758,26.7507379107672,20.520892730097334,13.630836170288427,21.675482210583873,29.475117683104855,10.673283859366256,34.23966318918692,25.70036064948008,30.7077769280042,22.604600445472208,25.725018345014604,19.605801680274965,9.670130262485548,20.991752806828856,-9.551999562990312,24.21566804658355,16.050820412344443,12.599091225271373,28.441220004094372,35.33156235403174,25.408706880400498,22.18012523150897,29.282529825808993,22.048227211301672,19.433908298644614,25.220377872944482,29.09175293963928,25.55342856293364,26.37182046708717,29.34908187784183,29.51776555251373,20.329064513899898,12.777523827869725,28.78140230367097,28.17203699229894,15.932046020683146,25.87313869015648,29.59746109342956,21.801780036328296,35.03686527633444,8.281757302658548,31.767466233122594,26.82030047495595,28.779980695625515,34.9732062932467,-6.157629385922647,12.164827370216374,2.671668349946805,8.28124336320436,15.315241944442384,31.220149125222324,25.764091941272163,3.913202359484733,32.5809143215773,28.079974569383783,17.667042466229802,15.984146550514199,20.39507259538021,27.719689189140635,33.106846708324326,26.609986834170655,30.162191726012207,33.41825987236096,30.85672400495388,27.8979473626005,33.82583240067986,21.468182110772954,28.494344951959867,4.978494676251276,35.03107291513377,-8.256496285190263,32.1825698548452,15.390329382039026,-6.159001470906081,2.278588976213855,3.643689659678772,13.608633894685877,33.606157032990275,10.39679263289494,31.535653258240227,28.905040106047096,30.754811221929554,9.356445925385449,27.41627856301125,-8.481682260305266,30.936060855657857,33.84860481035897,8.059834820487405,24.381560950299797,32.25135770931853,13.612713450915113,34.02066576241754,17.57777975743552,27.850865561949448,20.490807408511284,-3.132164858873346,30.759948858285984,26.85520906005018,32.798550598048834,23.323837527249708,21.257510599048487,33.513052387920595,35.846947229301875,8.212703212127675,19.660098927252033,19.871142956326,26.910949333170446,23.06973549405012,7.78666177723313,28.668060832697236,7.609616422308205,10.372686662821122,34.84215365425721,27.8825254281592,11.97460601045216,8.277211551411552,18.379052067388518,26.551530446889664,9.6230386788114,25.07061348144756,5.194286552229802,15.721602690695343,14.584983642881193,14.82850367204734,29.95479497095977,35.360704828117306,34.62334704262894,21.760291075018387,34.830513148370024,28.087174596750533,1.1586321033307585,30.205850737646497,-4.350115675691163,26.276815244154097,35.02649085626242,20.630094165020584,29.348637028200788,34.113329370593206,18.334029550595872,7.814796444709,30.248671651674385,30.500335694566214,28.93819869272834,11.18378747992428,27.42677100860113,30.189512177037926,28.40346016678454,28.48742699111577,25.086627822295462,25.18398290348235,27.592867420162737,18.74294064436809,20.988213777840116,32.2518939474117,31.24815718456824,1.06969396707384,30.15196734648113,30.21286969316621,17.02192138511221,22.51426313182239,33.43620015201644,22.648425446542134,33.82304098319383,31.31883224260541,4.869543385122727,34.19952273019414,14.629788625834056,33.47690139602686,31.97163404046409,19.99898939133085,19.36269206479335,15.780162124511481,35.95501861402504,30.751881511788095,14.510295005084696,11.152303673860702,17.018164177799612,12.37608632471068,8.358402060494933,30.527752695245976,34.17654574563404,24.79182094984325,26.959745690628047,9.952473604807617,15.707143347220564,30.86250552933221,33.10674673135429
34.01559175748184,36.95643758063093,8.236296237529627,39.34776037961225,37.84199535116537,16.59363361369427,-6.314302756071616,38.44163677934108,29.12007716269204,39.18698294633057,17.787586084654503,11.636552835641462,27.869778342692808,30.11702004103303,22.493099761241552,14.917651214212725,23.815530991285843,33.50546430525636,11.261665783885444,38.02730783826634,28.56716719526038,33.73282605538005,25.402582098946873,28.291548655604892,21.733677479268195,10.81239286633273,22.70905188542763,-11.263636973294231,26.60705948840853,17.68933109675291,13.86313798563991,31.18153740883389,39.50803242322732,28.32949832511857,25.3477696865082,32.74726205821907,24.2079878625085,21.961294099491965,28.2196975450208,32.17692218907162,29.27213480908523,29.233762645917217,32.880364448068526,33.33968303476528,22.585326219189206,14.688345761503193,32.433091478834946,31.19062834333332,17.3165490459729,28.95198149167075,33.07509511346862,23.881499777129477,38.79871009002949,9.41486086113359,35.89229559973579,30.108402799638732,32.731994848019255,39.26279450904937,-7.037218356139785,13.011301134353554,2.571844962030166,9.064544664800788,16.141814004664287,34.75719231139815,28.407725288070854,4.2929011835565865,35.98651712282282,30.950420368892978,19.85468369628324,18.26419125133506,23.286770564648556,30.769255966391203,36.460995990199265,29.426113953200645,34.073048502092796,37.31344586632354,34.87772073117141,31.92578662339131,37.42947530808914,23.384648157876008,31.134342141162676,5.82163799104324,39.718122156369034,-9.656163496894187,36.58977830390637,16.20163082408778,-7.06721926758308,2.451131172311391,4.113091244551676,15.486242504176854,37.25394412165241,11.92917387374071,35.669357521399846,31.80006943509029,34.84959869893035,10.225072873660238,30.805457911779573,-9.794049224212078,34.391705429065915,37.966160648208835,8.806044539334875,27.115193743425596,36.426405456436754,15.449656244890175,38.02766798664497,19.45492019996394,30.959187128889415,22.15721697868327,-3.3546838791525615,34.464851623844666,29.23325450667912,36.97122058188663,25.502939123795407,23.775866668821635,37.69384794306006,40.427970229490825,9.604185062502692,21.860216532457386,22.26944201774617,29.714796615544437,24.866073362657303,9.16139602527645,32.44163402983492,8.50376485478303,11.796422609551193,39.09932544904645,30.489611272757895,13.41199054123092,9.19489053983269,20.643576618645547,29.909946096401512,10.402650899023234,28.23175218691495,5.728250390015422,17.0062105980161,16.149828155807597,16.442914240132964,33.37467090395819,40.19729807537968,38.30977106153852,24.732000657300983,39.2260613113833,31.468976233705526,1.111292102146495,33.63512892669548,-5.544008050644465,29.16502885175665,39.18105201183642,23.18597295069346,32.9929877211347,38.1699291431247,20.16837045782034,9.074219176189263,34.65158282072899,34.56355697742295,32.51893334528688,12.685607777862238,30.104911039828437,34.51873494294159,32.15718694132896,32.239547540825846,28.43926101726787,28.019273707884594,31.026741770600747,20.601161431025783,23.85468377828354,36.36750576216573,34.69580950788225,0.8978932024747721,33.88507063737176,34.47332645392792,18.228029940615368,25.220318605199875,37.301980969364436,24.789956981360607,38.46355215833474,35.17037199158158,4.825271979879668,38.360416527923704,16.002422346378992,37.77629107957494,35.35535693040512,21.671454473987065,22.545439966588244,17.659476215558684,40.68911866438816,35.2468620604227,16.257328788222253,12.451093604368488,18.490155115995282,13.612518958672323,9.536953673431317,34.42075689178243,38.54995465411844,28.201798439112736,29.907846209875665,11.071540751267237,17.473780369337966,35.42944224043857,37.10613713680978
36.315547659770004,40.310350103724886,9.13521152284541,42.17634930665455,41.3695047801824,17.866193049811805,-7.721050177740111,41.637196552636084,31.17163793153225,42.58326609934295,19.62183684488629,12.15031663200033,30.86730510458515,32.22171699970862,23.96764485453782,15.485222624578261,26.32852611643177,36.135557917084185,12.310726510901869,40.95785160162139,31.245679227600842,36.70197991601246,27.67106718363376,31.201709817823716,23.96119607532117,11.631194130021408,24.72217293924549,-13.062279102412045,29.590049967107937,19.13416290107205,14.804025777087757,34.63821333781138,42.7525224073171,30.121363992988385,26.569640450229663,35.99539516520083,26.612174043747476,22.66395472845333,31.352778736503602,35.62651329364698,30.895917268829752,32.134500887880705,35.40708900234757,35.452977678103615,25.086752637895838,15.655545042441398,35.7288530464275,34.43384628718663,18.835409635933875,32.102441350634074,36.469878251134745,26.007143574991904,42.32500174249657,10.077547748974132,38.27868158945564,32.20357017962953,34.90750704782042,42.851557950610314,-7.543591356962442,14.09621149441966,2.623734418251673,9.630709521120137,17.58183638899864,38.137408299852616,31.25754799525096,4.472761900100016,39.65706101963527,34.00615991234708,21.391997569848467,18.709574353082044,24.375483891075216,33.26976368157376,39.95334306992964,32.2648582060709,37.00485619066739,40.61813844389914,37.34255811564776,33.93063760228633,41.008318166551526,26.01081067969037,34.31382565348871,5.747723267450817,42.765865706348826,-10.38706183529039,39.006098765288854,17.623353246869637,-7.621185286114146,2.6362965769172555,4.319016224069771,16.460710523179824,40.588571449396014,12.239793290481066,38.87832454808847,34.53047527221145,37.83650184143989,11.204382566597067,33.624847938181915,-10.636089940185567,37.84721486899804,41.47695019899403,9.147394341797646,29.13895665283342,39.80539476072996,15.903314564346685,41.354877559047104,21.65116444373608,34.052135228204826,24.07550916625539,-4.903455589940232,37.43866839015481,32.187575222023206,39.9392629901232,28.175730590017306,25.898974815838642,40.93811449157489,43.956759322127965,10.00778782834426,23.33042477861381,23.37488617215097,32.85531408343582,26.97491838948779,9.732792763255388,34.778903626921206,9.382329804783078,12.624141527830105,42.79527226099536,33.1007159060781,13.502332019165891,9.546962101221705,22.453942353518972,31.721338965241177,10.516642785157341,30.866841719152774,6.5997882437640465,18.362459277096335,17.219123156639398,17.61655760421369,36.122824907417844,43.041994755724524,41.75747838911294,26.30643683248704,42.12163646898259,34.5414062990976,0.2656531833401215,37.05149492542096,-6.163859263425976,32.21985620473036,42.26245469484028,26.07139262781838,35.82023805586062,41.69544055655316,21.567840288231707,9.098171399522549,37.26859562387105,36.90802350223245,35.04532150960449,13.429351694455512,32.78499568360309,36.90175880521881,35.03068676150926,35.22004046386633,30.988808923945165,30.37410481447466,33.88125521184678,22.735623328001672,25.62222615845051,39.02439188057379,37.821989171977066,0.8085818694904545,37.04196850231773,36.696141646518186,19.92071505380448,27.714072814800982,40.59207124485295,27.38689341111844,41.28606695135765,38.42979968308764,4.560746151922788,42.090521315640345,17.90930410693494,40.31693128879388,38.82804313208832,24.055713743406994,23.9984567434063,19.073199119237966,43.73374701848423,37.435036710528244,17.288795003938812,13.605374102385902,20.162241078709112,14.509594898097799,9.963799344249672,37.08612354002661,41.667504915274385,30.093892378175177,32.981843976702294,11.446607115695674,18.975785793671616,37.71297731303013,40.740109972106154
34.92322699701833,38.67802495355133,8.562450863781347,40.47819295179868,39.46238072950406,17.159502621964155,-7.168869645016545,39.88426268065698,30.06518250340489,40.820815360627556,18.78689406533629,11.80764559962358,29.42090909924983,30.98401473952159,23.19802218994956,15.17779438480405,25.19511589846358,34.4813354927291,12.08431997443207,39.40705587420873,29.93475066358944,35.32293640231828,26.43253705328116,29.770460179208953,22.80680237070098,11.103340970066538,23.944958199259307,-11.931945360304415,28.281267016582724,18.456988042349384,14.432436959802317,33.09177110939703,41.061538337632705,29.06848816757705,25.610622733640614,34.34059555860959,25.466702219079504,22.090445028864114,29.811606645164527,34.02998351453327,29.669140934317056,30.570666681685598,34.12435315363152,34.083694015907284,23.815988350947737,14.923818941118173,33.994992822535266,32.863918793499785,18.25840849802509,30.489481066871857,34.73408300091138,24.97792633991127,40.65361760603947,9.667387295612508,36.74342143835842,31.04819564493294,33.44315219257074,40.94114471166437,-7.169867037324274,13.68534843395733,2.7707267177882775,9.290257630884684,17.155224040688346,36.443727889282236,29.771577168306194,4.428703410734532,37.930919680267046,32.46019703561901,20.58584624975442,18.153286146987366,23.497474297318142,32.061999796423855,38.33512560224834,30.882868037429834,35.34128417869323,38.869405506728874,35.76005346033379,32.51277652520097,39.336532830585604,24.82334460152636,32.91982636578788,5.495856808359886,40.907791545322304,-9.956339549525492,37.42367406811018,17.164300256187488,-7.373856793242777,2.5245479061376552,4.21768719708077,15.829635911766959,38.8882348518425,11.922243432767655,37.021917384737264,33.323371638279475,36.13540285314739,10.670343476953217,31.968675219860845,-10.04609461483445,36.18666580058067,39.62874261841057,9.02825280705571,28.073745527857678,37.95548748943761,15.525718226134527,39.55884627414946,20.594763628304825,32.550991881161096,23.263739916622548,-4.267507375122184,35.81331835155197,30.84131380007442,38.233038544927446,26.962741492337678,24.777511210020737,39.187263993730866,42.00183836470832,9.690234823127858,22.432400058235086,22.670918732088644,31.43634378548463,26.206738865214785,9.194648283832063,33.217353099437766,8.804679467785736,12.212849312779193,40.842420168401574,31.978568683476052,13.377469237251733,9.397123995254187,21.340127508975087,30.553209687149078,10.462534471725546,29.44988467149815,6.11594179327778,17.958594342893946,16.632581637011647,16.91170148920114,34.59478268503674,41.27939105410045,40.08038861039892,25.361662746361304,40.38754568404752,32.95124294921301,0.673861783283548,35.330432172582825,-5.697910438456891,30.68837668939367,40.65190647679921,24.585669173304776,34.276480947184055,39.860229162863256,20.894918543676436,8.900555012471402,35.56709068341867,35.413628180213315,33.57286866898748,12.91188559608564,31.604588535800215,35.31433702365722,33.39445691239252,33.52545282451865,29.455441888569418,29.064660623965132,32.32615863367956,21.725938449119724,24.55356649559154,37.48534938035466,36.183723930577735,0.9492409251060281,35.37315453639662,35.199881438815815,19.36147727766394,26.385809137487435,38.92641184637119,26.271437366484726,39.562444276353396,36.696817895700825,4.814623171153925,40.115495360715194,16.979417728405473,38.724340323568676,37.17722053253054,23.051398648821365,22.85738035617568,18.348125411976085,41.90050214982682,35.881174709946386,16.576234961077343,13.051693827455065,19.382376574567452,14.030516071561909,9.731751501832694,35.56360377326323,39.84891988147195,28.793127587432835,31.415361798158965,11.25878398614779,18.325635681839124,36.13643022056611,38.85713165305115
35.85222124884895,39.641429264047076,8.666506738059287,41.567304005505655,40.25676806543151,17.53206973330542,-7.175997447995123,40.722644254284454,30.839920219452825,41.64581988543427,18.81174212433222,12.215282752314224,29.904905153390043,31.839214412659132,23.74256891975634,15.387238021648582,25.379465386570928,35.58731807213511,11.981051180673466,40.41834710915076,30.49889213829242,35.95139732980822,27.05802842630852,30.484988534135514,23.40631585774171,11.237577485080744,24.023291978984982,-12.343838852754274,28.577778303618377,18.869376620615455,14.402370745224015,33.613812823396366,42.0127435838244,29.932853618371567,26.31529080101323,34.82502969509905,25.845290561724628,22.768575096889695,30.239624025832402,34.52935468502386,30.634393390696694,31.364746859681517,34.87131339126341,35.104528007124586,24.10716059078699,15.360506831138716,34.622545568511484,33.326479241070686,18.45380221441932,30.989103575389453,35.225320300970736,25.491577288322596,41.29121276838366,9.58624834109193,37.82981024278124,31.5532523574969,34.537996041893706,41.762925327433045,-7.434308870273088,13.877199434896232,2.4186535689263047,9.608816804091802,17.0242168986433,37.20753399064392,30.566981307842262,4.490031039251305,38.45902980380784,33.258455705203566,21.266966252992226,18.888455447099446,24.381858021713413,32.724000050770606,38.812044625998695,31.214749164760704,36.09757004678095,39.76841059303768,36.82920329238336,33.74036896067414,39.89275777164515,25.286875015331617,33.44098203597488,5.999164366828074,42.05473754837268,-10.139752200368248,38.54478322470926,17.376893155990647,-7.32419252811357,2.527945191858279,4.174780978744278,16.065072301647987,39.58031247923702,12.32588564698935,37.90789822276173,33.71962360626136,36.94228194715041,10.79731300193305,32.84906091498706,-10.398975647225202,36.73487829881991,40.47595208593549,8.94960353732261,28.899377515919998,38.74848450230905,16.103164405242218,40.401628837578414,20.89184122617626,33.03838550119465,23.605553867988753,-4.0461996737777595,36.7045746606836,31.43538744911291,39.12882641030294,27.256071448575835,25.159421449004284,39.8893832312506,42.95357281934007,9.907888447890349,23.111877145066305,23.255621055102345,31.66624854641657,26.380692243973005,9.438329010973604,34.37778389910933,9.164683833905656,12.290889154914504,41.700939236972964,32.376197781699666,13.578080784940257,9.53477305869855,21.839785621917276,31.515476795329235,10.812617003368537,29.81845376504739,6.072984199035735,17.88806111479126,17.055447675132374,17.311724405683364,35.5124623782072,42.482530156289,40.775076542837915,26.04698849279972,41.48762315793477,33.68727233495194,0.8742489233329422,35.839765539733875,-5.873577182542036,31.135322201391052,41.479529438182624,24.940438253397684,34.94544848183801,40.720004557523076,21.43885041132076,9.468313838041576,36.61740945571019,36.181028134746,34.44765897857725,13.39010484761665,31.965790236786294,36.331264865467524,33.97967406661912,34.250927596297586,30.311823406141404,29.720142180294353,32.92828903036095,21.966892924962874,25.59066988201562,38.239897784514184,37.03611745993905,0.9878279552225366,36.03259465937582,36.24224092873371,19.37124335274497,26.8398835103197,39.67634948380569,26.545174786476927,40.66210390200324,37.537226097642105,4.9020975938860225,40.95165037147979,17.343348031867837,39.810994963637825,37.61404968102371,23.293758829052425,23.63907521663184,18.700414533645347,42.9980723343969,36.9956312377109,17.136541646225876,13.347528315138632,19.878592416662897,14.525363261151892,9.873972457349824,36.71576613381704,40.835017439236566,29.791645761037593,32.09203050168934,11.282601575030917,18.79945924731119,37.235911933175345,39.558586882373405
34.835102963929735,38.76906576550946,8.651730195350092,40.50190371339828,39.80123378088418,17.225062472149464,-7.390826247665522,40.09667221669717,30.013051773219452,40.934845563171166,19.048543701643865,11.668666226631434,29.648838253897875,30.950134829029047,23.075317176020306,14.962088296043165,25.319297760456024,34.692994839700994,12.103798766950773,39.333098877906686,30.093463557568562,35.427981144129475,26.719805216072423,29.927639557869362,22.96888150737596,11.206627838478902,23.985597467155383,-12.316738576865863,28.59152016274382,18.475236729928394,14.402362771755598,33.40572882522862,41.11257214039954,28.9737734195329,25.4754497428197,34.66607135460062,25.56438301451137,21.81095371157187,30.201922793023204,34.332467750032365,29.631180466334094,30.744019893915628,34.24660783595875,34.06802317649948,24.17074897958091,15.117287252408472,34.40146044224811,33.14380293491728,18.304321552367334,30.84681040210847,35.10756657244929,24.911679434107413,40.84406159011387,9.624998790443758,36.680971570424546,31.011896412606486,33.51405320021813,41.2706139687753,-7.272558355029156,13.58641313156126,2.7384465092765105,9.266005735504054,17.1133294860834,36.70353621054796,29.981501284826308,4.257896708967097,38.24829691470035,32.58983080674097,20.64326776301875,17.891550189672817,23.33651385617414,32.156198407074626,38.54467624755471,31.116919359016414,35.54701493978643,39.098303307407136,35.794945435413595,32.455769253447116,39.55829870079888,25.030577274597746,33.05443593438366,5.3584202127604454,41.02512307547094,-10.010824537777411,37.43309453730229,17.044595012937933,-7.408273022328738,2.5958797009268078,4.238195293523722,15.968114186094498,39.034413087467186,11.768653576842087,37.30646622399591,33.42602212803731,36.39753247439505,10.879124487253053,32.16301961163538,-10.10614368377043,36.49404724807786,39.91413803437013,8.991420866785216,27.925575368730282,38.271535236813236,15.292607474770902,39.768360926865554,20.890804322671777,32.77902581801692,23.208501862724237,-4.620055135099045,36.02306488558939,30.885920331493466,38.365952987820094,27.141537554969005,24.822347146970657,39.471485031751264,42.24285302577392,9.797085527922365,22.389626981169986,22.399242908841032,31.733607864344492,26.142110660465303,9.319158052242333,33.22643475129142,8.818505915582827,12.357436303303112,41.14321965852106,31.98592889552337,13.064616478263142,9.430796123808816,21.410120436854356,30.401622154518957,10.168707449432695,29.770117163109997,6.234483113525259,17.954794185496585,16.567661568541137,16.89343832915332,34.674380888936945,41.35470938573148,40.18154917735024,25.333235258630427,40.43255393911,33.21756865266912,0.35503097261316224,35.67189832331367,-5.8440884010604,31.00446231613921,40.698233442600944,25.01140760548709,34.48725263238836,40.129003676350735,20.846430925949235,8.709639557083383,35.75221732845186,35.42254586971308,33.66917576755923,13.00408325296974,31.691603910264913,35.41853062461328,33.68857372180895,33.807585509614064,29.737665579693818,29.172762498274736,32.604934414766745,21.868898090332603,24.429298838759266,37.54306996312356,36.30397685454,0.807580362532215,35.61751665568503,35.206925533441996,19.38021211546196,26.60383860119421,39.103471432234706,26.40674373352717,39.70686332136742,36.94717973062658,4.520849472018005,40.48167213302152,17.209761085597453,38.66667946514206,37.408029134727855,23.097529817421016,22.917922018997057,18.506975767920327,42.056755867117374,35.888228468963376,16.55156910715505,13.300197033284395,19.42137856997912,14.037005985017991,9.818411407313453,35.590698894190574,39.984977171468636,28.83139218183698,31.63029405458028,11.04741652196685,18.54724384038749,36.245605116137405,39.20044385354911
34.832714719197895,38.55908175781909,8.70889392493025,40.49897642863717,39.6365258158059,17.294788250144567,-7.3075814490886035,39.963329102684156,30.002996362171643,40.82192699004679,18.874372258700205,11.846978225006925,29.460041398215566,30.989706257705986,22.980433859047107,14.902821789691444,25.137997036789095,34.64907952898532,11.794554974202743,39.249210373400345,29.84177343055923,35.239078562662606,26.45631691662552,29.80181451580712,22.863364986931185,11.320567544159271,23.712292979663047,-12.200718460758218,28.35607675397672,18.442511594401992,14.30558848291814,33.13794026765352,40.99466638626442,28.917341779870412,25.64792623060953,34.485384189264316,25.451776745841553,21.944603366282347,29.994038459016135,34.06437394490359,29.735285454784545,30.646841609487083,33.945564436571296,34.125261664593,24.002684134326184,15.027992204777258,34.19964238194668,32.89219427031425,18.045226750758296,30.67573901520481,34.88490004254396,24.911100230564585,40.581183247319906,9.785595349929341,36.73927722430467,31.04116699889905,33.581765308461556,41.06787465239597,-7.417965943416186,13.642784173042607,2.4122187219730726,9.085281769399295,16.86824503113908,36.52467191311556,29.883588708774244,4.21635058613834,37.96724855703724,32.53890384372848,20.393226860889392,18.112207024025075,23.4555024063727,31.85134208983206,38.281140215833375,30.897622084961064,35.48329274573471,38.882474890471656,35.84549414646533,32.509570703428864,39.31529202924089,24.8695827429163,32.82007365110308,5.5941695192590375,41.018015676172,-10.100416395607056,37.48318432312613,16.838471371946305,-7.358213140987332,2.56044756985348,4.073088684518544,16.010450390156468,38.85916490470042,11.954075243606603,37.229898694112045,33.157630472537946,36.27249423698429,10.784668116877471,32.14114422687795,-10.3088376350822,36.26718072584377,39.804378149924545,8.718211235776907,27.864085666089803,38.158664403215305,15.235224318333959,39.65369637294647,20.56602449371098,32.62015601701226,23.009018941623104,-4.395088716284015,35.82225187904059,30.76823179960567,38.27835398957435,26.846157481088657,24.800780829945932,39.30920956982643,42.10536930798036,9.624529625542397,22.339577503683753,22.50357992126785,31.50429133879343,25.936181300861353,9.44018672726147,33.278140107756464,8.801677859935483,12.139366573776,40.99900935831557,31.840708469044703,13.151577539684576,9.15871138462619,21.562397096291466,30.39445068597961,10.317810323254871,29.644890313811807,6.238510077533097,17.792459759855447,16.401908638420448,16.927558611204898,34.59138462184031,41.33823899916194,39.963131545686934,25.290956017790204,40.44809282594473,33.112570874576136,0.49982506431834833,35.480454866724216,-5.746120116899759,30.81041783187673,40.56165904543059,24.816929849064874,34.428761456192696,39.92674546438528,20.720743365833336,8.920201215064637,35.71455313333305,35.3759414299314,33.64685522812254,13.066465314282418,31.551691455383615,35.50130346376288,33.60184482847779,33.72201189971027,29.66295126335768,29.01335507860599,32.533633520866836,21.660441908149252,24.48293866990095,37.43314951053139,36.150735435562076,0.7248347867977498,35.50831341305385,35.15949616215729,19.14936214663928,26.527272401110984,38.90034539072654,26.17998357478734,39.678732618632196,36.84639239248764,4.540132908891702,40.30923397563022,17.063796463753786,38.68156779300477,37.15045545005133,23.060998834811603,23.001475558915512,18.410522346859004,41.9842780140893,35.98862989342019,16.555841995436896,13.093845645160199,19.263142671409906,13.912557991093111,9.619162461531198,35.59346269433281,39.861293799339485,28.812175173059345,31.534924136031417,11.065951817516439,18.283399389596276,36.249190227406466,39.02442512082951
36.058536333288615,39.225968975022,8.880627094702026,41.564824937931306,40.535085357357666,17.723589371668588,-7.127610377342676,41.12073605768207,30.808791076354822,41.69920543905231,19.504800354247347,12.024984456211188,29.675594470727038,31.790378291229548,23.716643204692815,15.97716022468145,25.529524213359966,35.513353821077224,12.253585698396181,40.11669447579846,30.482912352099053,36.08378057119473,27.38458445195634,30.108188354284902,23.083133352118473,11.606579696501594,24.421728245737963,-12.195201273577302,28.760601525681782,18.52653960682947,14.656497294896495,33.554343655555265,42.08195279211021,29.83397315952841,26.637525701681927,35.05330954312933,25.723246168282135,23.186364531055425,30.51991421925697,34.503625163831444,31.08240796781835,30.96203114699328,35.04306360505715,35.09911352768887,24.322156504465177,15.86087976842304,34.881045497647456,33.3225307820883,18.643078149759155,30.933478586649766,35.39802828784232,25.211218549088642,41.439474566829446,10.126568581259843,37.77939366888825,32.22462540230946,34.57809076746046,41.97722730744135,-7.56112679247621,13.728345640601104,2.9475725201139893,9.665219331459307,17.55324215913892,37.23691765402627,30.040174435215132,4.3306081335114355,38.52541550671469,32.800125635947246,21.158618077890345,19.08186774396128,24.301215330997056,32.67167215883813,39.09715753416407,31.40988613096064,36.30565253842993,39.782670511864545,36.74445939295412,33.55923646147319,40.15209156186991,24.809468698339014,33.319582822864405,5.825132016373496,42.14980582583067,-10.325428831916842,38.61642083691913,17.321461772536793,-7.673317011831635,2.8301108528219334,4.660322276741032,16.532539959213175,39.53915923049802,12.335289831343955,38.09348033370335,34.07343333123259,37.22050865688679,10.967275348176,32.504857262701385,-10.405748737347341,36.85058912258132,40.712216689776646,9.452792049552201,28.612512711510277,39.101924038272045,16.07727226240504,40.474932215417404,20.843845709327482,33.181256987603334,23.61119478623966,-4.091312384856662,36.70486320737295,31.04205740484912,39.338044089066365,27.099463785750796,25.296854848111778,40.27898243656369,43.08578013786402,10.580638091527621,23.00184090039361,23.538162065421023,31.94334352777142,26.652738045487812,9.933253808089276,34.099570189325,8.906825016232013,12.960522778578563,41.809326239665786,32.74937277707648,14.156309220994563,9.864834338737836,21.923332147564103,31.318754607193576,10.594347697751527,30.385166136872407,6.147465978665601,18.503992003035563,16.862460625511563,17.388772625347368,35.366719236286066,42.6183654842979,40.865935267450915,26.343301628337425,41.53873285798063,33.613591785380386,0.8789631285434576,36.10095485575808,-6.172042301044568,31.25623916269017,41.79959495446501,24.849776858439665,35.24223379122168,40.61996868200701,21.647529192456673,9.135820248796955,36.84971126327065,36.6933611681278,34.27347104469414,13.390693798161417,32.396045901819186,36.695757485822064,34.32460995954322,34.46815819811404,30.168629904448956,29.946225742208796,33.30870677116185,22.181653786506597,25.123167993128668,38.50991958902536,36.85233247789181,0.9273240091797639,36.22134197812645,36.3821404452393,19.886862865341328,27.021467875391178,39.70765944617725,26.63543535896723,41.021027899613564,37.72374559424643,4.736930662822933,41.09637174387599,17.072781804570266,39.77572271749763,37.88970276723672,23.136699628298743,24.015098236464542,19.06572124122386,43.10303556921045,37.2717259388457,16.976923737400067,13.658401470231963,19.49432389807313,14.435073412011025,10.360259664000184,36.48403213807007,40.94066971376604,29.720309292207197,31.80789402115282,11.41562279794496,18.984682740491014,37.58360630633008,39.7377457498738
33.855012713943985,37.23121332419134,8.219518491023896,39.304960509819956,38.01496045764194,16.712380383278163,-6.65999584639419,38.50746315786081,29.131205481733872,39.340235274274555,17.959351157596494,11.57892286688989,28.16450574950028,30.046012913403676,22.443297620837228,14.6718409903042,24.011491826533312,33.52082615575175,11.43558887455208,38.07440611908628,28.77694983746181,34.03642452181691,25.52416244281272,28.677985402267606,21.969176410773574,10.907167906704988,22.93533922331438,-11.42567980125497,27.030979310022804,17.812557418746675,13.800551587969268,31.676902439652864,39.59139577111894,28.29492382735079,25.04196359009491,32.974952140539045,24.451791133281368,21.65327808674389,28.554452672288868,32.54825956127975,28.96528129647784,29.495176731073656,32.952460283201695,33.21224305220316,22.860696084994547,14.44616262392002,32.65708622448949,31.494368853236708,17.530681855654944,29.23292035157082,33.32900819657288,24.009398826707713,39.102817110695604,9.448603528302348,35.75018095434619,30.013954880027466,32.645066841189404,39.46999139440282,-7.080873606546714,13.273636848133139,2.4745585040997007,9.076127208678805,16.300474450421998,35.050810431347756,28.750355654553598,4.266699066542706,36.362151675918184,31.33255592699837,19.928978771729096,17.907656344875654,23.007418572968252,30.871785416127153,36.76466221206632,29.66597035200309,34.12728556041431,37.519003818561835,34.69771379160051,31.718207698078622,37.744682953539424,23.81976802394352,31.52209093496704,5.53553747725255,39.66723972096985,-9.664642574001304,36.42287799505431,16.353085878974056,-7.052616166237428,2.483522695972622,4.0420098386162415,15.459452478173937,37.42127654039092,11.781331307703724,35.80420470965691,32.02450807525725,34.91795900957731,10.298036948163283,30.912967893757155,-9.719531607955949,34.74278672042229,38.20207716898619,8.735900069655019,27.107617371791857,36.60152376446383,15.09180162189756,38.21002058841249,19.65413863193106,31.201510077893182,22.277204656191525,-3.740615375534049,34.64720588316901,29.614186269730677,36.98054091621738,25.687579329514197,23.78077044431656,37.81531093435599,40.51066802056236,9.409873321877676,21.75560477581858,21.987130812217433,30.05450958069438,25.092251411716177,8.995303694694806,32.36735665808877,8.489969947594396,11.839066050159804,39.36780356151388,30.747952770168126,12.999069749288372,9.112116673967215,20.741354036691746,29.696558025126993,10.327044473172608,28.34187643348526,5.81581481081694,17.101746467167494,16.094487116043066,16.555788725508087,33.5301950991516,40.09281874845835,38.50564881402483,24.585901171090036,39.19036725908945,31.747824401639043,0.9683640901114061,33.93243023860656,-5.453469391818623,29.427055047308503,39.21801661689828,23.498695538703974,33.074235653706644,38.43282060673401,20.171164316421198,8.921160967075505,34.53385819761138,34.30194957064359,32.52251700131374,12.710383300604674,30.399312725251377,34.36600780799081,32.19706371533515,32.3218206819981,28.54895712833671,28.151332853420133,31.203856594080246,20.780039398607684,23.810676123805546,36.248358024546185,34.85935426578507,0.8338869374528445,34.070279356807546,34.22020694623331,18.458410216639685,25.35446057787431,37.45730379197469,25.025260597913803,38.411976768303106,35.38274612957895,4.772521614835672,38.65827281929964,16.305701614196007,37.63426953145398,35.61263551468108,21.978998459560398,22.270032804960465,17.74304737080331,40.66722559819792,34.981229085700654,16.133102959002294,12.534969630986435,18.670225225388922,13.658433303955842,9.46179250890444,34.50970988366883,38.50103822996852,28.047078730342292,30.211115241157284,10.830149466759368,17.699100694557224,35.20368108226103,37.36205549959537
35.55281576003422,38.86737719064733,8.720452854044371,41.21965365267838,39.693683912012226,17.332173782244556,-6.594799166298871,40.334348525303966,30.349655421924663,41.031713832719404,18.545824356322495,12.315742060831095,29.28165824013101,31.527319746877964,23.577673227022913,15.195386603485519,24.781816590845253,35.3228853745397,11.611824140597845,39.79697999365849,30.087935755940567,35.197505097421406,26.64964937794654,29.698672440792834,23.038150526897336,11.379289076130888,23.599988167279278,-12.053850807087546,27.876605112784848,18.66621934685792,14.600832787545878,32.70764284364336,41.3025368851569,29.648500694493343,26.50846662380536,34.371220790721296,25.4558090215974,22.745392487647454,29.655925992103352,33.851453987028904,30.451252645466777,30.820654559639422,34.47995315181037,35.031155533286864,23.723943052201538,15.20444968591462,34.096122401868335,32.773259656489536,17.96634106681285,30.590103323316537,34.785701834786536,25.063886865890396,40.67641889481741,9.768401810276256,37.63531589837334,31.39002441713972,34.29702829864768,41.25392832710276,-7.352143219182917,13.736120541800188,2.5336814108900545,9.574277504865183,16.47698416474133,36.502296868498206,29.949842743810322,4.558051972368339,37.741486308628296,32.57709287190588,21.060499383896193,18.964336918073393,24.50633659185355,32.294973667121745,38.123342676968505,30.880890074517,35.83494053976846,39.21431974008804,36.542580695101435,33.6346188974099,39.17499402038573,24.73719194543169,32.63580883371161,6.041342417758851,41.71421722438479,-10.102354445090144,38.45515874755381,16.697406341610314,-7.315290397658952,2.4142328129223496,4.361606198676576,16.05805396533396,39.183757799478904,12.550177730289027,37.45681784134312,33.24473135609841,36.62910096804093,10.669395264784322,32.48753042137985,-10.200742196976202,36.1271709587817,39.81032523940867,9.125971115947067,28.385241768324537,38.247759376905435,16.190305920412055,39.9570303556608,20.51232169438619,32.433850928399046,23.014253764546044,-3.6652917233961286,36.32536804529267,30.685048988775296,38.84579057356152,26.799335456787375,24.963338366503198,39.53996938430646,42.48094165719652,9.771799361005677,22.908060148580134,22.969687277743624,31.15285946187972,25.757628321340484,9.524296143526792,34.06191508145724,9.029317954873015,12.234746684460065,41.090370689541786,31.706532848496888,13.730605634460332,9.639328323935905,21.58946314049622,31.45098364674208,10.778776439340021,29.535290492189272,6.204769246466994,17.480951923188243,16.952883501986747,17.127080082978445,35.13334461784481,42.196641400598814,40.04403346894251,25.79267595953422,41.11708685419604,33.22407600063138,1.0008614137622942,35.32189731660737,-5.707272629251371,30.62955529382986,40.903986108510125,24.632651486620098,34.55526850792521,40.209611865231246,20.825288487323647,9.608070470963304,36.4050755492913,36.06456235430935,34.23596930699583,13.262321630037428,31.400347674888465,36.19808617180741,33.78103490662194,33.841872560559196,30.047228644234018,29.259885012463236,32.584231117451786,21.448785152396603,25.194619221840078,38.19781552898005,36.3888827265655,0.9174708436358804,35.643959803416564,36.17231979420655,18.730831592974475,26.464462725992128,39.13426130654202,26.080774974059512,40.271146817258106,36.85366215611114,4.9211128451619865,40.33563360342699,17.009357935072014,39.62830017468148,36.99153602411292,22.591370270740203,23.639722720971594,18.25934742283892,42.799441497181284,36.98973984789091,16.94098031061057,12.872837117012818,19.43172836296366,14.400882673233648,9.965977812085312,36.100654009102634,40.42859348873696,29.64739914651212,31.460497908124534,11.305800726987684,18.281098062415747,37.18581523440473,38.95513660848917
36.218703199906884,39.611012665835396,9.068018455291496,41.86100313142928,40.70575847626373,17.842430672851677,-7.208515306237192,41.1763517768636,30.935771423613406,41.95048537516827,19.348201856614853,12.257659387176664,30.093995434910738,32.04677122002752,23.998162170544788,15.664114096351721,25.718307274458837,35.82866209668004,12.198520464075575,40.50738733455889,30.788265057975096,36.12093058933399,27.36302820768405,30.591426064077595,23.501810912502155,11.665549806157177,24.381818524825537,-12.441900131474629,28.874340682599268,18.84929370916148,14.77766043527034,33.797231105093196,42.181692097278535,30.110294004211287,26.76469891333454,35.28100848351699,26.11217934750979,22.987361519120697,30.635268376483744,34.78442902916203,30.97658748112621,31.51529717749146,35.143835062566396,35.384499937824096,24.57722271319778,15.600543808384295,35.036524874460355,33.65743211979921,18.644257268127177,31.306177122745712,35.68065875708068,25.585679783043467,41.647323914773445,10.045117829501606,38.09439071150846,32.09145973823834,34.78652950602321,42.17446080657574,-7.633284808753279,13.868463515805551,2.7696801022266913,9.819396091567755,17.30594029615709,37.47365826538878,30.629988351238698,4.389724580949152,38.774315818019765,33.340978897064794,21.34158442038894,19.073905162665863,24.561063378434554,32.939217045793626,39.23327026909344,31.641053547223333,36.52034380044244,40.09237527923268,37.0666680611906,33.88037618262072,40.24552859315856,25.38074200335609,33.55779301193884,6.049583527264886,42.40412022915882,-10.442097071757898,38.899502041401554,17.358375165324325,-7.600732003621833,2.693807920308756,4.476666562876339,16.51967492310667,39.963253748752834,12.32798506519315,38.34419672584991,34.10076074438522,37.36288725710772,10.955019237861235,33.049696553631634,-10.491148504984002,37.09781531089982,40.82070334242595,9.414232885924813,28.788028024328057,39.161767576921235,16.13542477130013,40.79828739101869,21.112670462737153,33.367615994692,23.64710115765003,-4.244889145855825,37.026211694496055,31.532083953303772,39.564944265964606,27.51640383129517,25.541587258516184,40.43469007754028,43.35477919586422,10.169840394259031,23.319346826660002,23.48081283398491,32.09712209839181,26.585068530849167,9.822417660858187,34.524523656975056,9.119916343567454,12.748974765725865,42.063244255214315,32.698696580355865,13.912839303166583,9.82135778440826,22.204837405092317,31.662207647787017,10.64147677773602,30.39953776845021,6.4101152325665485,18.176709769410547,17.153058560570035,17.51767595063687,35.71336856690806,42.797035069644586,41.08119870283071,26.260292735511015,41.79357288851449,33.91470972032157,0.7756387021596559,36.29072705447846,-5.98205761507097,31.5191637193182,41.81500139445624,25.278260148809796,35.318520073680794,41.01837897770166,21.491776579641762,9.419055463840905,36.94478944529424,36.71158517535863,34.70632453067048,13.471805608751815,32.32723511278505,36.750797407132595,34.53132003350563,34.64827020062727,30.604104618519656,30.0583890247844,33.42120675238986,22.27598671529577,25.423449035926485,38.67262788058704,37.19915651260957,0.8003885270217818,36.44599772269697,36.56388974618708,19.62527285553436,27.196464569592038,40.032484420025995,26.758081175126225,41.04407813461361,37.796804563846415,4.778310421297456,41.33415690057386,17.434156058655592,40.10080072690988,38.04131003920915,23.37523429242685,23.96670670488147,18.95456127247979,43.40948171637865,37.42947591324755,17.222877537933986,13.442573156776344,19.8929244442456,14.541464272812899,10.171336782141026,36.791606842076334,41.194293545871645,29.936384953081507,32.25717501504939,11.54200194327133,18.928087435088813,37.653328838919755,39.97712146817404
34.386039923129154,37.81987985432033,8.50374493693293,39.88494032752438,38.70039226173231,16.86027183705015,-6.8339439147725844,39.100514411409215,29.43475536888339,39.95081724621936,18.190397421973735,11.800552085757671,28.74666264796357,30.471637766035624,22.785765510619594,14.717647315323946,24.409017398925698,34.154242044437666,11.615932956371513,38.64458511541917,29.3226475439539,34.39369202695962,26.035893569807858,29.255007182791484,22.48774913065533,10.979762311544633,23.15572227305994,-11.889056954406966,27.44033856265013,18.128622024673973,13.976539650297388,32.223130286598135,40.142298800091105,28.709396211558808,25.278251985331426,33.53151557390474,24.897984756608235,21.71612718053752,29.077590551809063,33.15578054994262,29.350201632475883,30.11495844864645,33.414606742462,33.68771186077088,23.376788636282548,14.734619783485135,33.288580365560314,32.03054315566146,17.78861549913745,29.802787857197483,33.94162895096594,24.519606872518427,39.65425827695637,9.47783050401479,36.24289052404042,30.328087116270407,33.07205990038266,40.13077977204872,-7.081830985908325,13.35722403041992,2.5832840085040454,9.280198118230638,16.36123510002498,35.62519391077094,29.33448385455791,4.37647433921499,36.96673001594683,31.900323991599667,20.29544025549481,18.093839265041815,23.39887995373147,31.401602179732215,37.28977831747423,30.05671296267297,34.77874401056234,38.20207685080274,35.23911858518702,32.244596213621115,38.27829546407356,24.297994277415455,32.00051404626101,5.63301189886537,40.36277759538068,-9.688858831360923,36.96074128796484,16.498563546433076,-7.169860243355715,2.4619159452839376,4.094365618241774,15.55892207412568,38.060916223493834,11.762748096140802,36.44822188148394,32.409569243667974,35.54602579708826,10.446547681712119,31.53674811056824,-9.89710939707958,35.30793679282889,38.83495482308821,8.915542647713005,27.4528426913022,37.21872208769617,15.25658891101379,38.8534322854417,20.12392508848586,31.70926038676269,22.589488951622446,-3.9762139550717768,35.30949293392362,30.128852004544694,37.692258505147194,26.204557181673454,24.207697141974325,38.42354917100717,41.19987335569786,9.529425181411085,22.212746655693714,22.233426448966704,30.48885850011229,25.271990937582714,9.255105444841822,32.88903785501636,8.618289856069396,11.858012518011693,40.056621282801444,31.0328950713308,13.043191086369253,9.27113282783125,21.020196726231987,30.15987247352337,10.37363151273144,28.81014789177071,5.983938797723262,17.18378884725474,16.402127296004657,16.726903572182565,34.03436607528685,40.69070387053126,39.076117125148,24.969457901935264,39.73126576640219,32.341838142396995,0.7369873213078688,34.55612841195613,-5.643852089129793,29.98237456034009,39.70957228744639,24.09999830561354,33.64055093010731,39.074986583218646,20.316962945644377,9.060102740191182,35.08813976189026,34.76955655619273,33.083565243174114,12.854645137853115,30.702068561923724,34.90684496679253,32.74239363256346,32.92195071939531,29.177835854112537,28.558663462779297,31.766109448392083,21.133827580428132,24.246820069346644,36.76879777319512,35.48895450584822,0.9227074964042825,34.67994680409441,34.74540256218481,18.505902660723777,25.920452150859628,38.091484481639704,25.506080299544024,38.97398215966487,35.961114900880844,4.621558639852384,39.374591474086785,16.61170255156138,38.15257709784153,36.17056710108649,22.270600496724168,22.61257785393535,17.862603526288147,41.31564754024967,35.50788411365574,16.30056194662199,12.81690179636207,19.04141541627532,13.96056222849717,9.537699032252057,35.0752951212757,39.181789181380914,28.492163104485666,30.747960085497418,10.890205962816676,17.967063255281317,35.717175565628914,38.03009179842526
33.15342867384202,36.50182238011701,8.185066350693482,38.46148793747506,37.37355857684723,16.376048403540892,-6.637415531379558,37.752606857297685,28.463172829627872,38.67275488661885,17.709442522576435,11.114673299269722,27.794662231601286,29.32648070346569,22.104038662537526,14.435395750719065,23.807486834008678,32.78516800806452,11.343695324448666,37.3521716740897,28.255854627223904,33.312982443803136,25.074505204054898,28.16710911445607,21.472865008255454,10.652461728820247,22.568632091109933,-11.31149635233056,26.658696820022644,17.456967496306248,13.65105298053294,31.17143474573849,38.79234615538589,27.66284852437187,24.48066621011571,32.502873517958854,24.086062563199818,21.060638331376214,28.15929891033334,32.0843200179286,28.286150419647168,28.94874473663744,32.28576096981239,32.472799721498504,22.561600012923886,14.319383342881181,32.127506008437344,31.037262554841345,17.105159621106893,28.84343462630532,32.8854212753459,23.686841136873998,38.36859583542284,9.317709122824025,34.91970044247396,29.42128928638493,31.82779373972704,38.74774135523142,-6.890795451486436,12.816087587709935,2.608863487314615,8.934991096853036,16.123764335776034,34.424311515601424,28.133451297189776,4.164960042050595,35.82096522187087,30.736495192045457,19.535012403534953,17.408403675322077,22.45031738465158,30.375860631432484,36.17535823060482,29.105948279553502,33.51829494591743,36.80249452206612,34.00366255284486,30.95325161784793,37.13396813633116,23.442090680570917,31.031533122354244,5.451526023248413,38.87028596667046,-9.423877742287102,35.581256870899765,16.11067115107437,-6.93302772023946,2.464874594061019,4.039767898420905,15.112267927826558,36.77331636121524,11.333141928224249,35.12990952639374,31.372241188974105,34.273757804995675,10.256898644017818,30.27545488352019,-9.539571626855924,34.15770734318772,37.47837151943302,8.473184484840367,26.51310493921677,35.92727178746541,14.782605087749603,37.5043101961539,19.430426483543172,30.786846433190185,21.923537173964757,-3.898880291797691,33.94212746421999,29.10026382631176,36.30653786324,25.45674539939363,23.52172992092825,37.12215979844601,39.78681452001303,9.171379510301291,21.381556259032674,21.552029977947264,29.63576910557032,24.63519744281982,8.83076299033626,31.594037231004933,8.56109504892116,11.56642766003279,38.629707658339655,30.147670003985386,12.742775486464625,8.926047919842551,20.323605742206343,29.09270316123905,9.843267629413797,27.894858340032687,5.779295235017581,16.850560785852682,15.840254554141643,16.102902272667343,32.80963630950202,39.19253517760766,37.903338883998664,24.084185129963053,38.34598071645426,31.14573867039746,0.6729799863378136,33.41991534292175,-5.406101771446924,29.076206637671614,38.45837598489653,23.199589732301334,32.40418453544432,37.70236199069432,19.779532186040147,8.504424699729238,33.80190002843542,33.673174734482764,31.869523600289952,12.311493329264891,29.79465227383142,33.57041365466055,31.69368702893276,31.750241188449117,27.94242153253207,27.60747179588602,30.66720386949071,20.523603144533936,23.255623762541752,35.54555318739463,34.29500358811609,0.8499420421974173,33.44822944516144,33.471084900645316,18.178741554067173,24.998878173007625,36.841440408748895,24.799762452968547,37.586924480503576,34.71695216481656,4.600867950172235,37.95611706320526,16.071370890984994,36.78875240993656,35.080439946677004,21.69325977557843,21.764432343855972,17.353394082388963,39.76977537300719,34.14928983431887,15.864642080495564,12.30862923238505,18.34928842315273,13.283597029887593,9.322548675624065,33.682277462104764,37.81304549056663,27.45777331471426,29.741252593013744,10.756959119408432,17.29270578272707,34.36864116661555,36.74225208620552
33.60488409273733,36.785139192499415,8.076897003497137,38.8802845880165,37.40073328922833,16.52236354299377,-6.438273310652898,38.01140279238868,28.94629713874606,38.945220689909554,17.79990959015627,11.605210943148082,27.74201082338383,29.769470535034788,22.634951958538753,14.858755416065083,23.69542324097902,32.942787232624084,11.577546704090004,37.815887590574164,28.439455691367023,33.73631378794532,25.172731275126644,28.26735605842275,21.627852032788944,10.816078049117383,22.98186970515652,-10.758005032900943,26.59509284618435,17.652371829174683,13.844424132544741,31.242853276911667,39.14686525276693,28.170748815489816,24.89192783279723,32.50917613497906,24.17397782515306,21.673515609954578,27.949471457474704,32.103212034666,28.5798455488958,29.009255055682438,32.72345652094026,32.92611426862215,22.437943312424473,14.27000880467147,31.986570824910974,31.044139184430946,17.40721971281708,28.690673307156324,32.78548897016796,23.887386314683887,38.71633803444375,9.276846906647101,35.36365727130563,29.841468395715548,32.166597663390135,38.891356030597784,-6.8592400669367315,13.39258378490306,2.821247745726595,9.2438807978825,16.428538091034866,34.504129526751534,28.344402596675337,4.313850354719644,35.87432492995333,30.884824118385502,19.78424726042674,17.886746950072787,22.915329116021685,30.691306743035323,36.4469851330763,29.273605558685524,33.64992599306379,37.04454168713233,34.25470519592355,31.283206657529924,37.331657133969,23.535608108781148,31.22768400755311,5.68356561414841,39.124700260751126,-9.428267733791266,35.98908542628092,16.47661998945665,-6.962851076067016,2.5573695750599956,4.1313789666795575,15.157302941137367,37.10614723391584,11.782200444739505,35.16700499707393,31.918479377640562,34.371659328073925,10.289838936464736,30.328103343758592,-9.412032710132664,34.240532074209895,37.621747921275414,8.864987311691516,26.946710742622525,35.94993190842448,15.127404862244294,37.74223060095295,19.399885416547953,30.76667684647166,22.31002402091788,-3.3060207659729706,34.17275484782717,29.39150749449457,36.50783132089963,25.468685549836216,23.557933829136807,37.33518342535979,39.86690538688845,9.278348000993152,21.67718458017376,21.93479939984177,29.660543193561825,25.152183370286522,8.829034621184833,31.855528464503266,8.349271914121484,11.762343431374692,38.728201387315615,30.637520987878233,13.295026218331419,9.280335044776884,20.41448141243623,29.502836942087075,10.520624274953484,27.895728014274873,5.7476525790039155,17.284061065156493,16.166212935070114,16.30553545141853,33.158792930136755,39.578724861478214,38.14115963102563,24.36709595945455,38.68633233851485,31.255211190613423,1.3168597058238185,33.45394364845036,-5.072851478573801,28.93401729457929,38.87034423670657,22.88429422902343,32.59851587981845,37.867794084873836,20.07334336917686,8.961735211621548,33.910357737583226,33.92867966466585,32.13203677134,12.466350588580324,30.219389412940664,33.85706400041638,31.626166209454638,31.690156427599035,27.934084846498536,27.763256087051552,30.79865678838326,20.490532385036815,23.43135563597633,35.92774690985368,34.464422921539274,0.934157997670952,33.57191872260586,33.809806622935724,18.484010766380145,24.894632862651896,37.028055407730676,24.84657541768451,37.86422598773604,34.78362498430492,5.180141345258942,37.98287914188964,16.01396715790542,37.27120545523094,35.18585203125281,21.802620104320876,21.784843075084954,17.489673842446905,40.17869074812444,34.51998461906136,15.963330655180393,12.344015733858267,18.57790788564057,13.692189922171831,9.527425106909458,34.03465019533437,37.93703078128097,27.644635545434312,29.71985379079785,10.982876752182385,17.52576317020024,34.70139653962805,36.739151302706276
36.26935759354451,40.25602805653186,9.047770867956963,42.1764007008124,41.29649450208673,17.798596277748924,-7.498244251189189,41.62530863575782,31.111628127995818,42.48981530525641,19.563225457671813,12.267909004105956,30.75839542003657,32.15438705823924,23.998906981252965,15.453934346763704,26.077485600482735,36.19847221218156,12.315301266532668,40.91157777397759,31.292477184816363,36.61675119963512,27.593405162705235,31.11471874742735,23.962058557320333,11.694197214087785,24.668668417422825,-12.936463016138157,29.448621764391213,19.18804167559973,15.024253475338906,34.536974519486996,42.64713235612288,30.15612434518493,26.722586033663898,35.9714873486905,26.559161526069524,22.682487567406888,31.241994738037814,35.56684402897152,30.82688393755023,32.10781928980817,35.475283634490644,35.57018631463949,25.095505823794564,15.631744553500143,35.633188592449336,34.3857881843781,18.868527151451907,32.0287513758808,36.4645272545039,25.966734626012816,42.35577966844669,10.016627363371708,38.30412660727736,32.12782425372089,34.998594381411955,42.82693653379665,-7.5134983945365565,14.126953985026503,2.7874457236115613,9.667475882070724,17.50184476033838,38.06099421597723,31.22725100423621,4.393624702565762,39.61055915787476,33.895152946349064,21.407998698078327,18.709793844966175,24.540191982573774,33.285595514680104,39.918543137664464,32.409953620678074,36.959702691111445,40.60175149912885,37.338472449946444,33.908866802873796,40.949587611197494,26.02204821582943,34.242863334487076,5.735954396035286,42.71775608812259,-10.391714230032164,39.09482801036391,17.589659862760858,-7.567970318128932,2.655494368870307,4.399064980419638,16.442822478379764,40.64907836661636,12.397969711966926,38.77642200532826,34.604757066837536,37.80036780393068,11.364583398800436,33.6761827800401,-10.449818627508327,37.832019854391746,41.3136505336162,9.412257572069196,29.052564888087943,39.65339715632782,15.989898852230342,41.33791717355873,21.693875994083676,33.87764220916818,24.04323361305785,-4.7094847912536,37.453525315179974,32.11261292140148,39.885717781430216,28.166314844636688,25.78664673573555,41.01160486091313,43.89924740562118,9.940754589394063,23.388731422000504,23.289721546299997,32.85764785399156,26.97567860766904,9.692165401741997,34.75541352838825,9.324898202561238,12.612928714354489,42.70640673793067,32.95099733845152,13.58374458021262,9.68319534834651,22.420688037910736,31.8450209088518,10.591427290092918,30.882823761136688,6.629320804721912,18.42500808302515,17.314593449878913,17.580483525112342,36.11298397643557,43.03680081933465,41.664310349584106,26.32092483836263,42.12627558956688,34.491564328964294,0.5116170368406682,37.0135289427744,-6.0654546181049644,32.21642873087868,42.17297698145983,26.03985333604646,35.8145563867403,41.73520259906305,21.465589672019334,9.269754775845293,37.24287100471106,36.91809601642428,35.15681251917078,13.52741509008521,32.66517750223212,36.90758901543863,35.07444596695869,35.17136513979484,31.041371317361975,30.27669201554659,33.80274017807703,22.593156979356596,25.5255739301794,39.164581792783935,37.70503485278156,0.7980321379389169,37.00749509540838,36.77389242817254,19.808564020989678,27.661965676161536,40.58715017460442,27.267381325251833,41.228348309491025,38.245877234686226,4.685602973353978,41.99437208692159,17.955004509066846,40.37982837246247,38.78525908640873,23.90532981520448,23.87719884647515,19.044428828542372,43.847126944928796,37.475687924429074,17.364180198899405,13.53083382745035,20.178537566080493,14.645846270770186,10.15574615901952,36.95681577181891,41.61798456273861,30.112697877793988,32.96118031623231,11.607263707146727,19.03962055086434,37.774133940434766,40.638476828642986
34.924627152205645,38.35164504256657,8.571085563762246,40.5211792599758,39.334081682264426,17.13796754178162,-6.927220867579207,39.82871669419587,29.8902789177513,40.54838373645102,18.640361781140694,11.915704632362708,29.058802811894306,30.960494350834836,23.15220551676844,15.06304599936871,24.77341955947771,34.63414254817143,11.736222995199727,39.17635055337809,29.764110352383547,34.926768416205384,26.416552098024322,29.443353440461504,22.654096785948628,11.222823889261408,23.61724432736071,-12.043584755488013,27.85641353781324,18.33527114975548,14.256786490249501,32.60623256194088,40.80659903665823,29.029468258874658,25.85063069054166,34.15644921243362,25.215538999897802,22.20240016324396,29.588246948885892,33.66166482362938,29.893780880611697,30.42997896298813,33.97393750329807,34.21474095336614,23.617173088669816,15.103545643888054,33.88601170575278,32.58736686132327,17.98809743958693,30.313693217643362,34.56224108068178,24.64993844289044,40.31304471882597,9.731119643989299,36.81970616406378,30.979177884630726,33.630983677252885,40.83823323989312,-7.111609311774253,13.517297334298528,2.6742548972351203,9.25727071836887,16.68231352844667,36.1926680556366,29.5683536134585,4.389094911086042,37.55564762667256,32.19179804974074,20.572349791383907,18.355625784112814,23.717892345989092,31.84466860523845,37.90304519780883,30.586684042279686,35.380445420781975,38.761388502169105,35.798622104732274,32.758230729103516,38.95339856000496,24.497599745352698,32.4684870103966,5.729096296690753,41.02426688583843,-9.784724898225145,37.61373565797565,16.668065928194444,-7.228997046855207,2.475036148745928,4.228249148893496,15.873247474889515,38.63018501764543,12.08627989038889,37.021082577958595,32.99753784879961,36.165367340531475,10.616249620816243,31.925865074039155,-9.995713188945395,35.8264009872949,39.48319145432841,9.185769590340199,27.907962347258763,37.8592364489848,15.629643705173157,39.427020423078346,20.438955716614284,32.29539059088073,22.865745692377306,-4.009680075882668,35.777253592044204,30.39396677449082,38.275769759115946,26.653697881431384,24.722206155115394,39.10218322389537,41.935555026200184,9.808307309352566,22.511401109398673,22.616374312494685,31.065125918040458,25.688499511468212,9.4424212468972,33.32541958850222,8.769979336069001,12.254329129876202,40.665785494172184,31.546729518506748,13.422570067449994,9.393307918855452,21.40928035864894,30.67600692311526,10.438752681475359,29.369243364890146,6.142408016642472,17.57957433233334,16.57984359017974,16.969675771747113,34.54098801362122,41.39089557258085,39.70914064071839,25.33894368028021,40.35801067312697,32.82195119168265,0.738107899900178,35.092478664277834,-5.654261319173332,30.476842930344297,40.435910336257635,24.455302123434432,34.20077978489774,39.70825027262777,20.7161778441418,9.142885122354013,35.736502648315565,35.49914866017475,33.59981759632897,13.072939362544384,31.222295711403795,35.56180047655128,33.383955123937255,33.48646188703677,29.557808369276366,29.03724774744264,32.250278277181216,21.43128657801996,24.56301545897264,37.52142562099785,35.96330482245302,0.9427307119214389,35.31908781441299,35.39251473509185,18.87764629700633,26.326892757924796,38.68514504514769,25.94795352187833,39.65370077456975,36.501901678244074,4.693765183211693,39.95942886344223,16.80679682354985,38.789086506885646,36.79940724218179,22.57519980653834,23.099240572959516,18.236489268586958,42.04128020274384,36.199870634843094,16.593601986418232,12.922630464969096,19.214997796523722,14.112386299905216,9.753138629434348,35.53755762304585,39.80156615953323,28.95741552439593,31.183163258164633,11.166197846985765,18.19086111651637,36.43386010223578,38.69030731953035
35.81891255737322,39.5089844547047,8.956244368453152,41.61430220227266,40.676205980303756,17.486311605811917,-7.286707755443979,41.049322270363625,30.63391760209045,41.76515819439772,19.18023713568939,12.196479497144074,30.119545029044378,31.790238816831838,23.531974204292112,15.090605959473551,25.546945876981688,35.78419591475788,11.948913004616731,40.23100349866284,30.623795638421647,35.88538035024299,27.332377618136277,30.525750004733837,23.524404734386028,11.420841033783722,24.00854889768173,-12.84537824256294,28.84400206447926,18.86914860382166,14.564676734196764,33.817312310104,41.964061122219015,29.72924667592327,26.39716984974176,35.29396771048917,25.97640312789924,22.45661219152455,30.711754227778854,34.864681133077376,30.60347369755583,31.5143044020181,34.95203754830571,35.13082665657301,24.63852617158292,15.574891565687418,35.11950014340161,33.620668146493855,18.45260886163706,31.414609143084075,35.71660193542681,25.45969812630698,41.438328897911575,9.94597471534175,37.79019617293767,31.681841486421195,34.561001501277325,42.13276289023984,-7.506073176820711,13.770801748307795,2.54455635240669,9.573470446221858,16.856784662057986,37.4087369648765,30.687834173022022,4.440132904071085,38.789856309721685,33.286105284089324,21.17954823635506,18.61308238304173,24.297358967690972,32.78324106921033,39.04039273208828,31.565691400991877,36.47606838632484,40.013094524532754,36.8351982443224,33.668341196125525,40.1106193998036,25.464963654831774,33.471583267578616,5.8466219607848355,42.21680934065519,-10.321019816991184,38.63953029525264,16.959849472314236,-7.5347277473125605,2.5809389967245924,4.302641056165605,16.23168046462254,39.803978689316295,12.280518922627044,38.28887771927354,33.81266589601245,37.335772190512266,10.815911954006785,33.07189246070233,-10.451779309073112,37.08814219264763,40.75297531514521,9.205960680991211,28.606392276972983,39.158504773832846,15.720427116518785,40.66599311128986,21.204457985602424,33.28140522555502,23.380619534390206,-4.48321667858538,36.97694175770107,31.417453765632594,39.383319314046076,27.399080405365524,25.40403184881641,40.32966472052164,43.25208176314905,9.884952425285585,23.059133218681684,22.962317706871186,32.08962280787341,26.193031513765465,9.727937623616976,34.32122094165758,9.006259798760956,12.520111292375487,42.059475391005385,32.31774602334494,13.414812650514193,9.467473588424571,22.071676152267553,31.38331822960741,10.412066253996741,30.323958850346646,6.33556592689837,17.89793519636882,16.96417437698435,17.31277444255087,35.53850439166631,42.58381919391981,40.83149827907583,26.039642321913153,41.550796468586285,33.917037110997654,0.5517015302519521,36.3060185445243,-6.092730299140247,31.55931717073243,41.51368251965298,25.54342606408341,35.25833695615509,41.00084086496579,21.11352019114654,9.216451622420728,36.85758533009719,36.3822106160159,34.56298128893971,13.368782533617004,32.02025332370749,36.53936469726957,34.47056842640667,34.68165527244123,30.678155350260266,29.814899905979416,33.36314247016633,22.05102535484968,25.323161197706263,38.428472243496714,37.04843922915889,0.757223762793006,36.38248100649986,36.28832293470416,19.252838222627066,27.210729071329265,39.868567201559635,26.699876206701507,40.82101713664786,37.74233430503687,4.542852465006749,41.36149643229796,17.48025241717199,39.79789731060822,37.887040546663385,23.343246038848193,23.836722748308024,18.732160176135256,43.247362806733705,37.13105072860478,17.106261199259013,13.411639793862784,19.717602829975,14.41823250946878,10.068942245040427,36.639148083063155,41.02753877464514,29.81101607722783,32.28271933445585,11.274772639462592,18.801415003779766,37.394843052707884,39.96527463999785
33.136337498495635,36.684152729762815,8.306632848821183,38.71172608609674,37.67725497440974,16.437983611821558,-6.612766774072189,38.069221976493914,28.421403126334987,38.750253018854025,17.599709866362456,11.538977450928622,27.925946394247173,29.50090415655162,21.923364323410684,13.705322148331271,23.571354303217174,33.2741862816008,10.88164768372878,37.32353568350199,28.443574321783206,33.18034273345125,25.16710786472877,28.247770131790894,21.70194246200431,10.773823903430912,22.121915456267814,-11.851177780998068,26.709722624832928,17.777210742728357,13.555898587954932,31.208024548875372,38.83729660980212,27.59733040442642,24.537938419586986,32.818885139015045,24.045494685050762,20.79287525832587,28.40649702540876,32.32361368773666,28.313165736019624,29.191461077828908,32.41540266338359,32.768321820307015,22.803991105116822,14.335182710631546,32.51684356200793,31.1976879393641,16.922314414318357,29.27390700804259,33.23034232531444,23.588489693814875,38.48177249210651,9.384776751392938,35.10605393129567,29.274569710340504,32.12674529071693,39.180507137476816,-6.9572563065369755,12.916288817346114,2.1363681023859176,8.815880551062689,15.35537022845575,34.62162116939629,28.391606507008568,4.130168659225342,35.97852213078042,30.938755258567404,19.57433065609661,17.260472352651163,22.709417587193933,30.32228281689843,36.114503923002594,29.26974301281877,33.897071928206735,37.03106843133793,34.226369485540815,31.29101768805513,37.15795032027318,23.670681397378733,30.925121318277693,5.292213410710799,39.23377218946219,-9.536497964571,35.96050694034066,15.455088974589964,-6.92379372087043,2.2333083093459596,3.781001823791708,15.219802541963354,36.892775749788086,11.699364796013194,35.54522986022097,31.269178847989963,34.689855344887526,10.217545501909065,30.71124459364912,-9.679102021332293,34.4444540595194,37.794573650840825,8.446387635232046,26.38443631732542,36.30978999837952,14.54786411119232,37.75865401423384,19.630715228773063,30.919451843517887,21.46220955594105,-3.942563433948596,34.227757363952286,29.045620034583912,36.608047028510555,25.40526420295765,23.582205662101487,37.49735622713501,40.14054716853716,8.9931867237468,21.343981666534543,21.13955382499862,29.71024664323597,24.112602530140226,8.86187775530009,31.868908654463965,8.44459925944944,11.498824428615118,39.05603047810495,29.761667480823846,12.286772042206561,8.79769633919164,20.43847350580698,29.224122560221776,9.829885130340783,28.073301775322427,5.821544423281548,16.46781759853952,15.747992570141749,16.178622275919057,32.919070647289,39.61390803919347,37.781774635620536,24.096175955916426,38.54613601306272,31.583380059863995,0.4919926944662774,33.66209571957629,-5.553797269042838,29.25151290553028,38.44041699088896,23.731841547797185,32.76522184039475,38.17284657547344,19.34577355904378,8.870569976370941,34.23012401235568,33.67442725914616,32.224293918788916,12.491507161220682,29.55709657187056,33.97062779524909,32.070918373582494,32.174741151046916,28.440369183678623,27.52726281835523,30.90986739860254,20.254223414409992,23.588363405331403,35.75697810459998,34.3016307889499,0.7150967089111296,33.80159326670555,33.810940286602936,17.563555195617607,25.171481788487696,37.042879298089396,24.719138014926294,37.864534124076194,34.981340674869806,4.407873151584748,38.3807130304811,16.10534181091254,37.02034356804332,35.05520618035204,21.489925125275146,21.96505274197336,17.294416824787046,40.27237571366869,34.51239816530268,15.749186474417773,12.250008831714275,18.338417498086073,13.293169743727706,9.161905014483974,34.01798729448959,38.03919977741955,27.627378256787054,29.97711492899264,10.562671495215346,17.306727262055606,34.818249164078935,37.106670050644816
30.275744973371115,33.41896682895293,7.497486615833233,35.22285031208343,34.04129268126435,14.896958714687605,-5.946191857270191,34.40655917948267,26.025366289926676,35.257165725525816,15.995050392006865,10.546676814681238,25.357952940634135,26.937420844979606,20.210278693088604,13.000348721008537,21.512609754506865,30.120864586262893,10.280424676512803,34.16158287300392,25.854964236574684,30.38022060365529,22.916247199799987,25.86792117775208,19.95475362545533,9.773265094242584,20.504848919245422,-10.311004929656146,24.163279374015527,16.071328130165195,12.317952613697553,28.433034637271703,35.34626155806351,25.377461068217464,22.340117952342467,29.51109415616013,22.009824028772883,19.168605956845127,25.534888679594204,29.192159459906343,25.735377289061546,26.636158000711724,29.47734962028099,29.74829005753586,20.561828138401207,12.869009456959727,29.237343390238262,28.21996828137135,15.715062877049856,26.239920969470816,29.840626268147197,21.68401198883856,34.970307634797905,8.468723874237146,31.990663106457337,26.69824310811572,29.140358329858174,35.29497998701131,-6.241128981113342,11.986496842102106,2.2946410318449617,8.376865794437032,14.441037149849576,31.373380315014803,26.036837709968513,3.8733759074145726,32.575020901623056,28.186276882941982,17.99647465743503,15.998559330861035,20.734065563200307,27.74600582137291,32.877606254978545,26.553638862279744,30.56599420702542,33.72632653681665,31.064320293398282,28.4200504206791,33.690873894637285,21.57090948678841,28.295721012791454,5.087146985312357,35.534088720828755,-8.49536308053462,32.56594296487542,14.643816407621216,-6.243526388466253,2.282413041768764,3.614044197974838,13.693902585823972,33.6347035854473,10.520758284186629,32.065317489224384,28.63302613653783,31.23777276607287,9.270921785622162,27.844394854711833,-8.640365470907414,31.124198761007897,34.171501267401524,7.817781360678119,24.319919462010162,32.69202809331872,13.521401817164753,34.29406459364291,17.771628784812798,27.89505986199798,20.03437864551187,-3.329309552648315,31.169655728122283,26.716373427128296,33.13610620467337,23.184929549613276,21.28388234167514,33.80462545028038,36.266322190317744,8.281825248661088,19.702636328154153,19.613690979067574,26.89942061914371,22.356817938359733,8.13066601024928,29.066350526337914,7.699097689068458,10.46559968495456,35.216175787622824,27.36523792143645,11.535254215226587,8.207089726600229,18.474191165887127,26.678741948198343,9.286809760207886,25.31439688076582,5.319399035385138,15.143159722217804,14.637084720027282,14.903597034028905,30.111277676876615,35.81711823283081,34.478289615155305,21.926551454758037,35.032353968547845,28.49530265193058,0.8488127674434024,30.385409205552268,-4.677904095011808,26.394100481862083,34.94800400177907,21.20109594986883,29.590343187958304,34.437206530349386,17.952448745305425,8.08366617963154,30.836092138768755,30.565065209805187,29.252078739032026,11.426643399133996,27.016650512277323,30.69314088843681,28.812399438634042,28.93421687942128,25.757669109355078,25.129004773405352,27.965779731276374,18.645569260793685,21.370668391505458,32.414244592812246,31.304473633521283,0.864498210919971,30.498111635445255,30.630742386521643,16.33749954358459,22.747841757406743,33.57067459750011,22.461457970762527,34.262508758237516,31.591306445848048,4.312817497662211,34.63729312255258,14.801231872920715,33.69677743813422,31.84594949090051,19.769458069752282,19.822755941260745,15.731854521265788,36.40122912253169,31.256615960885448,14.425613721871521,11.258906219128168,16.91876822022275,12.413466126384698,8.44946967486363,30.892177444097673,34.45311126173885,25.151480341213954,27.131559064629187,9.684743974847,15.876983860151789,31.38833601572082,33.43106096326674
33.66280643785135,36.65983814804453,8.267829977342771,38.710383697531086,37.67684836930395,16.62328072691398,-6.765663103743609,38.21355494578591,29.065839406863798,39.11729086551825,18.528537717118418,11.121447110922029,27.762204505376523,29.730105955321356,22.597618628040383,15.462834997956904,24.17047780360696,32.73624918167721,12.016951387295693,37.70031263965708,28.427903099258437,34.04638323150887,25.54028470678639,28.191518629927007,21.34938217078837,10.982347851876813,23.50412994549433,-10.641806950487855,27.104470968273375,17.459195871746648,13.843149802004007,31.59052480805477,39.358632309819846,27.974979025293393,24.75276901021435,32.753845425845775,24.300944915838773,21.900588059276945,28.434579428990506,32.318749793254675,28.793885901176456,28.77342462643934,32.778400661704055,32.609000867924536,22.715824620876145,14.705958348170615,32.27324452976676,31.19048958750232,17.69806276074945,28.736773621367583,33.01470239873315,23.836083352900328,38.89766551720653,9.441871496511235,34.994396472136835,30.32472176160488,31.971572686945812,39.03399884655136,-6.942361891173484,13.150555607413537,3.2102629570843217,9.116064081787176,17.281447955476885,34.77447094729618,28.037528166846986,4.159089073632002,36.17465860005237,30.738558748860765,19.53980081752131,17.809609337580714,22.5125683133039,30.76180834062125,36.884945667747836,29.42971156045866,33.63630078331193,37.07107701481565,34.0867692981161,30.860824852493543,37.821899108125194,23.324151772903022,31.53324080203706,5.513817721155128,39.040930253493116,-9.442755522830357,35.68387635108323,16.91938827364345,-7.15451713331467,2.850800031929233,4.392435646374188,15.355831147128828,37.02728523289058,11.346229518859984,35.34166536550771,32.24700945988377,34.496023228131584,10.37172782065433,29.983192587056937,-9.471097828754944,34.498960155764365,37.9158824243401,9.025051695528079,26.869615489817097,36.235010462951855,15.070635538374221,37.71478306264003,19.48622452920208,31.206689823104217,22.572902735583114,-3.6176621512744394,34.099649256394336,29.308986301862227,36.54204130001079,25.667196702202546,23.747740855631147,37.50983377851699,39.97749586507187,9.839337880190413,21.507392817948844,22.209919262498726,30.06224907124473,25.679487009515107,9.1149058573117,31.359517196940317,8.444087621136463,12.168110065672982,38.85852515636257,31.088283824778763,13.6371656473565,9.38834450653645,20.554154561171533,29.09387404398533,10.208363478097713,28.27340720295751,5.740529074960011,18.01960814513506,15.848434074002991,16.217626184401443,33.01151184751167,39.40461761241958,38.44564090891346,24.55462822587821,38.643952896627745,31.261313870173417,1.1542671608814592,33.74498129911621,-5.271255305407721,29.307940117458337,39.16205038895876,22.86236126965387,32.82040149415822,37.78177884952626,20.500106520739074,8.456564026866374,33.87042397765737,34.10577334256585,31.80481568711649,12.377461301494135,30.564734571251115,33.89658168776401,31.775498270658233,31.938046484565405,27.708341264300245,28.04393591393197,31.166323732334547,20.915506132424767,23.11260105268049,35.812339107016186,34.44366047667555,0.8780252082719023,33.68963252069614,33.5872243786083,19.38903173939984,25.115226191576003,37.191418763619936,25.213554283608662,38.016342920471736,35.08026822118011,5.018394957620599,38.18200149499728,15.944320501935211,36.9213801632383,35.65074050420406,22.15281461300781,21.87859067835644,18.055174628783313,39.96801216375634,34.382944955220715,15.879784309559785,12.906878695952397,18.509036637369963,13.535386914465567,9.859708226236872,33.93371663010346,37.98211200376001,27.399498345664618,29.680439863072422,11.111011480426429,17.84036573043922,34.621099265055584,37.021563935193946
33.65908300349648,37.439402660235345,8.434551739972251,39.154359116980125,38.396635989203084,16.614391631257032,-7.105080428187729,38.609984112554145,28.91132185606584,39.584117741468226,18.242210761533624,11.245990897421699,28.76043739169451,29.811652552198566,22.320319301191414,14.352845484495322,24.537197923593254,33.42862095283462,11.572870636072444,38.03901681823495,29.076226009159573,34.17734252769153,25.603294919951015,28.939169409338636,22.12036468789064,10.9229817600342,23.05340383162713,-11.905523111404463,27.584924673825064,18.026733012768084,13.95227792779564,32.197696470433726,39.57101803395936,27.952078461350286,24.666939740887745,33.52541635097315,24.740359852726822,20.990582306005045,29.106485426816363,33.19901913687166,28.501609723912058,29.782796884619877,32.94897978067197,33.016299787009224,23.426417069942396,14.471077392226528,33.116616770052566,32.08717797011535,17.58666994766292,29.90141478235636,34.01662040956225,24.20672285373447,39.46490363552727,9.429899377479451,35.49456292920933,29.90295942055322,32.3367982326447,39.884590109503,-7.02037559850318,13.196791485783734,2.6048915907823376,9.009734570597528,16.49708908727463,35.40119093403988,29.03889175845283,4.064868809869268,36.98885833239115,31.616335287574014,19.731041727101243,17.23755421897497,22.558035344672135,31.01873713583677,37.23500818443384,30.14530621048421,34.31988590493908,37.70728191510242,34.6489596291525,31.298411128052773,38.19312291457176,24.357629194142625,31.91378813404747,5.163164490311803,39.54525211820028,-9.703867085631341,36.15434646833124,16.41316937039968,-7.112998981455817,2.396555762823272,4.014491710904887,15.444592172732326,37.79001900686449,11.43473092818205,36.03512337875734,32.180260084005454,35.11913865620512,10.533547462060938,31.16804530216394,-9.819222241821615,35.23255090662224,38.460808070818,8.725014909275224,26.849947395815768,36.882458616389656,14.691059838296166,38.43866478806107,20.234180542996732,31.72754395308309,22.329441767893176,-4.458516230572262,34.71933020725996,29.88143658565958,37.073717610089616,26.280967879817172,24.05827159692471,38.16585733192002,40.78053059601285,9.2280785924092,21.73378814983066,21.565543304772124,30.629641878297914,25.20598599039886,8.863328255566028,32.149128992212496,8.583119230911583,11.825424377046337,39.73674503601154,30.842106403796453,12.527509250136108,9.072396065854122,20.66984087375817,29.493019386345043,9.818341332640731,28.682529815629533,6.0462713080852275,17.23817178389382,15.988480404416304,16.45092325538785,33.50544177704265,39.89273009882265,38.840000134289134,24.288042612087022,39.092228750179,32.07370569056158,0.35816436876428437,34.497993350009615,-5.572353154902257,30.024654126215335,39.21983985884647,24.22930421369113,33.24723903866407,38.81621822763611,20.001024404778338,8.420137843889975,34.48491093441299,34.250412419898865,32.64649335330364,12.557273853122418,30.523900129643632,34.10783409794219,32.575997509462304,32.60813068853384,28.725388394480092,28.194260621605046,31.420957958129716,21.069366967496613,23.505395687802523,36.30976589102287,35.04774590616765,0.8070561554674424,34.38622358628132,34.03690793772869,18.568738833028085,25.705552601714196,37.80510947299637,25.508967123107865,38.209268274406924,35.55786744597359,4.521856416064946,39.0541021431564,16.66921973252776,37.450916626967526,36.1352562358259,22.280770771065384,22.03399604455522,17.77441748729335,40.642832301689786,34.59529998830897,16.030450695137908,12.577599114761732,18.630030818336884,13.396457151315799,9.287589431971453,34.29138640514333,38.6150577094874,27.816166619710643,30.641518299865037,10.792789028116134,17.680284920694238,34.9509705778908,37.859615680686886
36.01873007495268,39.61836200632977,8.913127187058091,41.66347511393253,40.53814665010913,17.71909544312375,-7.27669519552105,41.01527802287376,30.915148658164743,41.93560990862298,19.359091462514424,12.05516514897155,30.103389954838494,31.85151884614031,23.992314478678768,15.762473594119008,25.825010753016805,35.50255331885839,12.391030287250008,40.442160552935576,30.73879878815633,36.27145402522384,27.18556517078835,30.366817690454905,23.332953277237802,11.422650615420531,24.636057036561365,-12.203930322360652,28.982589960215158,18.888259007868626,14.894582753254628,33.82377063626325,42.208018774516425,29.943870527237152,26.52929569267094,35.25151477438881,25.97782430512435,22.89072552755002,30.520440645976098,34.83753682225748,30.730501508892857,31.28990606164194,35.12032093002822,35.14271277950579,24.368512853526926,15.554256450886387,34.91232150615764,33.716451007343416,18.7170962852869,31.29403052873798,35.695248828213245,25.56017691929837,41.75911491472925,9.943334485677292,37.89916958287738,32.10403524475608,34.504613462917284,42.11124079702989,-7.499812654570784,14.017572935326447,2.8875679662835605,9.562766202094728,17.67525332606091,37.40624417776513,30.49246776959142,4.384857582628762,38.892370689734015,33.2210547247033,21.076515348494297,18.786403412009857,24.23000475335023,32.882432705403104,39.358128318568845,31.702311368076618,36.32097754726921,39.94346653109775,36.926886413987425,33.548274310459995,40.38463778118394,25.330515015269484,33.63330761727582,5.750682832645178,42.06017144127559,-10.306288596569862,38.59735803837394,17.61909406332744,-7.518166557392099,2.572309085905215,4.37901184804127,16.339592176214953,39.96342165773333,12.295199886615373,38.070243047040854,34.22369525793592,37.20294796968098,10.963164206915577,32.832997761357284,-10.362074235495237,37.06062717047921,40.69093185436955,9.465817501860805,28.871393121487184,39.03005947332513,16.048261455963036,40.6310691113273,21.046109690731324,33.398478163206725,23.79794150523508,-4.283911183882024,36.795045789903355,31.55348622793564,39.344841077664285,27.586406299548017,25.46812844260331,40.32656822491353,43.211455265092724,10.053990678426615,23.123696836096286,23.43978753367215,32.19627430586624,26.913845493874547,9.456887186408471,34.25412075386542,9.014653919233425,12.583325591424382,41.94614886297921,32.83130082001426,13.906185461939403,9.839070721879258,21.920448899392408,31.53894214122445,10.777693962269865,30.307975431784143,6.229433521815844,18.437177797313232,17.038431718046166,17.438896045127393,35.552523932847635,42.556391876478095,41.14564077781819,26.02699057341711,41.589753136245065,33.76824659997357,0.7111446778218443,36.28712415807284,-5.914138670240155,31.47688726520954,41.85420258494152,25.155812637330385,35.22123964891711,40.96565860342917,21.542955992105966,9.186377726170123,36.71799712508578,36.612492838381634,34.51312662896764,13.307844752370652,32.45262878861817,36.44368290491782,34.350990243166976,34.49780487921322,30.22347989781904,29.951710613670983,33.20034114070029,22.256182305993182,25.226311596969794,38.68462682423659,37.09924682506934,0.8480916662050734,36.36436150537131,36.335177197421494,19.88403528925327,27.182623467433363,39.95641845235715,26.8966507770666,40.772305309570804,37.69352656699443,4.924149954430213,41.1742506591525,17.38296391398712,39.96268526786364,38.20048997081432,23.488246658731324,23.708165200264766,18.833516368962275,43.171754024859816,37.05129546901888,17.155365487712128,13.461210391029546,19.836530578104906,14.41922504878443,10.110195710665856,36.51687641035668,41.06141198841874,29.72620908877985,32.17721618649801,11.52192601903621,18.823368387227582,37.35977668882086,39.92697399936261
32.18451589965834,34.64925626778733,7.696992585352548,37.07981598222841,35.38593892673374,15.674754089135547,-5.621087993179112,36.092981086894696,27.581717936218215,36.81873014946017,16.7670244719763,11.211214947808866,25.952216877367395,28.44509085624369,21.57563837145264,14.527982678016391,22.273003678064416,31.47925230618475,10.978331099244174,35.90228873165671,26.910939006494253,31.774337184343814,24.021671209604726,26.643122356309824,20.550827623234692,10.285625797246196,21.706741789527314,-10.046519035583994,24.79097242233359,16.498544980633923,13.143108494838518,29.19205604432705,37.161851445431424,27.02205675946826,24.007822098439814,30.453921811684104,22.865282912643714,21.03975556350631,26.197260068999917,29.968870370385012,27.69495047491556,27.436482441975627,31.027101202493665,31.479982166493336,21.07113956466459,13.82636086315693,30.183431072576216,29.06257809389547,16.500805194520385,26.796362243389236,30.703101781516988,22.57387494609081,36.42035999578194,8.898495291576872,33.87496020155524,28.512160165753663,30.84623544320516,36.665265874329606,-6.463573215237798,12.587999195558217,2.8207886639858053,9.055282884588788,15.479091208286903,32.52132039037136,26.723826753856812,4.198139182387221,33.58656514957319,29.042899527049933,19.01131448829031,17.636736840812322,22.178567063236155,29.082905676850505,34.23198501829845,27.52248708264281,31.918136888131755,35.159243466759,32.690350914513196,30.09745389634008,35.035397594260345,21.910123996405147,29.27473181886069,5.8575957969876935,37.343206061518735,-8.919108655333545,34.45340033160841,15.576567632113782,-6.654128288453403,2.578130764826224,4.075535183355027,14.482099706607414,35.06549312026336,11.20690977231077,33.352993628712106,30.11781058241784,32.57620950867438,9.63070759082029,28.798921559870312,-8.948268576450127,32.121290659627284,35.53684911477378,8.775580990673086,25.7238161005528,33.99793692237497,14.793210399104765,35.73041797155707,18.16829632215448,28.794965155536257,21.15034703546895,-2.726984258248872,32.550512291288555,27.653471206674332,34.73472200645284,23.868963668453976,22.214275301789783,35.27555532072179,37.80747331348443,9.16463769469353,20.84096946687447,21.35525395676618,27.757098204476392,23.66456370826549,8.793364642560165,30.58415547522684,8.012352394012952,11.238388274831086,36.50937438405691,28.885801006304625,13.114111748203603,8.994195364774287,19.423201043543003,28.32033270091274,10.16161720683781,26.394235722192697,5.482273250221107,16.19050342531249,15.572991220397725,15.58649492969401,31.57443315170343,37.76127810420929,36.02383426834884,23.429804837973062,36.86821903078162,29.425166346968016,1.5404559027118756,31.396770449592893,-4.875260256096325,27.201493113047768,36.89746187402741,21.351466501350203,30.93643066497859,35.64192079935945,19.239693687419912,8.82061357328967,32.42844043164353,32.52457948486727,30.557200196924935,12.027781727615693,28.439593661721805,32.49346560873338,29.95160368868113,30.049882758212657,26.618599529904266,26.42177308068741,29.187276717473345,19.365433960060997,22.41346394799996,34.221095295307684,32.68513976463736,1.017027075422076,31.698779629731813,32.41091593125012,17.37051458988706,23.618674722976408,34.96101994631133,23.271041024955707,36.167974175706455,32.86569861027399,4.916306674369886,35.84658835288829,15.11693868158923,35.63009128868993,33.123094636053445,20.393851188568494,21.13131590525646,16.591130918874175,38.24592768375843,33.25451691966411,15.40781290686485,11.816408621049774,17.72250062147973,13.301207308783267,9.333163964948119,32.34085881828374,36.16076677700179,26.59397138430471,27.90084781888083,10.459627763917187,16.616256830940664,33.250751229237025,34.592123575171804
34.17751799278043,37.72902264059294,8.665244513459347,39.66909527290035,38.87870779009032,16.80412053912826,-7.050569422964711,39.11613718863622,29.284573303965733,39.969671746685485,18.412087582490255,11.400614905507352,28.884188913201328,30.259466405303968,22.553634141380375,14.570105279852676,24.683974607322796,34.036655220789605,11.677013288116791,38.42153632069597,29.319437311162115,34.306506101008836,26.05916249369545,29.207701362190647,22.449419421627354,11.022059672790116,23.147864484626254,-12.222224712097026,27.72038854981076,17.97686621210107,14.031730293048218,32.385014358397164,40.062833562616824,28.423942958596648,25.15037260642223,33.781733903707305,24.96710975467184,21.365967827470108,29.397396388433993,33.358883453202665,29.138584980938354,30.102834154116902,33.34491724329098,33.44669376336714,23.60149227741781,14.809715998407784,33.53960445011156,32.239178544544956,17.68827953758831,30.08544204882357,34.23408694816105,24.37993199270594,39.68543091178692,9.635097471429855,36.033620484808544,30.29511485574382,32.89287001495818,40.23578279327115,-7.179195055154047,13.0929086002317,2.57171031938702,9.2254035250812,16.419538237188416,35.731439665822954,29.25780910102533,4.115192413362261,37.15233210576882,31.828258310730156,20.242088956877947,17.745212814405914,23.05124560206094,31.33101534914923,37.42304078607048,30.23401012448279,34.77954569127527,38.1958907938009,35.12569944001401,31.986758405367826,38.417151908813025,24.39967436427175,32.02679382969048,5.474578832375101,40.209298483216166,-9.905854561014568,36.74823568378091,16.411361068683156,-7.223599050737842,2.550098332863833,4.143322102480858,15.643070320750368,38.08019320803184,11.459291040832861,36.53266819357071,32.37265673090945,35.62650762194103,10.575043520778362,31.529559564721588,-10.047405661722692,35.484485384628236,38.887826474727355,8.75428215079169,27.233983955469363,37.36146337480924,14.974041719188591,38.88515214655882,20.330666717574537,31.902197762033914,22.464155257915692,-4.475027424295399,35.26057478722216,30.117277309932383,37.59159865676476,26.357396479128738,24.304557955284523,38.52751900544554,41.30853723173489,9.519241311667889,22.03499366074541,22.016176270766827,30.78208615560947,25.207211643340525,9.24653437012342,32.70378283800077,8.707835933016856,11.959757098818425,40.16725171063007,30.98091961603192,12.809728946603792,9.177593764616963,21.025740927085145,29.89923543982925,9.827022458989443,29.034434738410013,6.126632367467524,17.231940774100277,16.25031179682224,16.56883245139618,33.920139731186616,40.511026940051785,39.14574256623975,24.812593814317186,39.620186106235415,32.39549008859059,0.2991888905468799,34.75470998315251,-5.846789600362973,30.27165000702961,39.67306931833199,24.44129984985307,33.63475207543811,39.146638180444505,20.273679007529093,8.65145935709332,35.07969094631439,34.750856014121254,32.99310557140726,12.746029825553004,30.66179251443234,34.76287464371581,32.99757478140079,33.08078485884408,29.148331865193168,28.51923764103335,31.880803351827083,21.273116497205145,23.99268020755397,36.719016832411135,35.44852373899371,0.72831250118988,34.74483501820346,34.582119666806854,18.605716925988908,26.060159403075613,38.12893640015767,25.65609608231803,38.888800550313206,36.004127247579945,4.27277468506162,39.510455618217435,16.765217165361307,37.927807516115486,36.38401180555259,22.397714157477534,22.618242208273006,17.95981365354791,41.17371566579899,35.29010714299946,16.27649401021771,12.847473896897643,18.910760172152838,13.752556372490707,9.612634563584084,34.83436794231722,39.181650231723,28.32495944099197,30.878121416933404,10.902161726562495,18.01837818363231,35.55112475912134,38.23510623887465
31.747382996800784,34.833067282594136,7.9298624901157835,36.914800769779355,35.72062804578251,15.652369441025826,-6.149867457232713,36.16574344967344,27.20711304828484,36.891904366044706,16.854791797773363,11.10266002217205,26.501653051207562,28.24452059294586,21.103817911596103,13.593427328689518,22.415215704494994,31.62024777411324,10.576489462419538,35.69728036085192,27.018571872535855,31.655752811264605,23.966831206176682,26.924168541892996,20.85002519888873,10.261483833372534,21.27231698901477,-10.931903559187138,25.202780620486777,16.680621209682645,13.038727483244488,29.605532019894717,37.00892943079528,26.553883532038295,23.657048160996013,30.962995752136933,22.945272245083356,20.1232234158583,26.797083973105806,30.498388903939222,27.171510501636522,27.8628030709545,30.829943556339845,31.25101897278064,21.548201607899106,13.6884593996417,30.74211370748646,29.487142448749097,16.268595050538252,27.513062752377035,31.286862205102338,22.59410664713149,36.49570797169959,8.914329455930023,33.60179020921127,28.031866665224616,30.697896096873833,37.012121314923895,-6.634672715478478,12.389851366689824,2.3406162077328174,8.59076524534817,14.923321168612583,32.85987210621951,27.117392116606002,4.0294412869239915,34.02355533009782,29.41472892916091,18.76321913971881,16.842781390792005,21.795832647232082,28.874516351441994,34.34072375982652,27.7897516430029,32.09991848976091,35.274680435630465,32.64464664488253,29.8943055285429,35.21678308139659,22.428128703156943,29.43544232289421,5.445516512812318,37.333647342938704,-9.032159851392302,34.32184431798215,15.10231024094498,-6.587923877883508,2.3665080329370385,3.7966769959343365,14.467670931312691,35.162314725798176,11.13049168179324,33.67702506559955,29.874076443394262,32.86263939793386,9.66421641398386,29.22671759209888,-9.206117722198593,32.56847218275936,35.82203897842798,8.29117666641078,25.401722078523722,34.3371695379012,14.225089750865928,35.8716019091905,18.56608152148855,29.160977502303403,20.753823988009724,-3.5246546659270335,32.60828010662608,27.814715624007786,34.78130322746364,24.158803077570095,22.436668561649334,35.47785118783692,38.08303358908838,8.694636549996247,20.646961926786535,20.621515129720873,28.167592178096484,23.18561337836527,8.65267677109682,30.52071433193713,7.998570344600769,10.994679603796802,36.912433624444546,28.526464641684882,12.217121075005535,8.459229097956419,19.540092525705013,28.007305841764484,9.612863988372215,26.635222256894036,5.69840688173091,15.80968831507676,15.262537991482487,15.55618636444789,31.451596073612198,37.66466845895536,36.01105301941368,23.045068826244204,36.738922533124224,29.887955980335228,0.8109589242785846,31.828119216595013,-5.079300127493741,27.648018097590576,36.621261936655095,22.26447879358117,31.08693503174139,36.07982007566153,18.743621252100233,8.509696671121306,32.49382189497963,32.19562544422865,30.70557559467967,11.986738095108326,28.2269276768861,32.37388864717885,30.327909519656902,30.452008621224184,27.056398687754744,26.2953580585145,29.370030060239976,19.42373254746785,22.417498142643073,34.03612999374173,32.75161909856409,0.7694569286702683,31.9973979192862,32.20084940245937,16.948639908517915,23.910548107884736,35.120096336206295,23.434833733157372,36.02649572020698,33.169601204847794,4.341967083905306,36.29151383130106,15.501995896308458,35.34354256732653,33.29423416671789,20.58937995809906,21.0284431734696,16.471815406235777,38.241766762930965,32.953778439912035,15.201227259146071,11.70118566545578,17.583239168810692,12.911607508421925,8.883276543386655,32.3804250030719,36.19705409465996,26.413099028586863,28.387353024646877,10.206112175679388,16.509310612306663,33.06661334374523,35.057761829744216
32.599996915081235,35.86313633451156,8.151142695851787,37.808567169476895,36.753766347581866,16.12354012201469,-6.433652501600123,37.121726120223066,28.013727340574892,37.958550207709145,17.40336773038184,11.11655619671484,27.321521428514465,28.91548535430748,21.740769257783427,14.074244990320045,23.380453710149702,32.35526416656564,11.255604431871252,36.670997021452266,27.94272900756729,32.6713721008518,24.6688356334027,27.76401943444778,21.418856591403088,10.56278803868668,22.165271080296947,-11.188239840160014,26.159780133798886,17.136002821894305,13.466357905567492,30.61563088390013,38.049568751670144,27.28304860125115,24.08230153516169,31.90860007537753,23.788059786703865,20.58187350951705,27.652763603313485,31.488494988428094,27.74950322289882,28.618216090647493,31.737348796151046,31.953678379259223,22.2799034204567,13.928818222866743,31.608955560300615,30.49228329492658,16.899334277030732,28.362543957091116,32.26313470125984,23.29617267011174,37.7210367014841,9.241769325061139,34.377716555816036,28.86264564652868,31.352894855570074,38.07511466627404,-6.807635888590125,12.732994771383805,2.644541604255349,9.067311412456329,15.70447651359806,33.81036165626469,27.88540505661796,4.090023393001669,35.1359804661262,30.272638210109786,19.430072943487723,17.178408742073497,22.144361138620695,29.860854562598874,35.517371857627545,28.700828801498908,32.965488665639455,36.296733218609404,33.420043612977544,30.49510931432322,36.36438574560603,23.23526750985054,30.42466699889545,5.468657433822093,38.20825291952252,-9.38175811694794,35.023459899911195,15.80180635909942,-6.811377902438089,2.5569784356832885,3.9794412885596615,14.894151285130432,36.24405107735941,11.098627263046724,34.59091958080101,30.84730256789549,33.72447108831867,10.028014853299458,29.93619186843818,-9.39819062704208,33.57562062646828,36.82778183170385,8.547598506039979,26.100206990954224,35.28874894416594,14.499635169030599,36.92511122165576,19.23818501346653,30.11820112325803,21.475632300002758,-3.8358032305027927,33.541650398675195,28.726545315857727,35.71864832869108,25.02607698730202,23.01369802558879,36.516873191690905,39.11966246067287,9.007086074620933,21.084900216619097,21.149264731018704,29.12254104171135,24.120191312984378,8.781563077002604,31.22549140280515,8.188772693244017,11.452573428458129,37.98260389109209,29.55336580886979,12.447604496868419,8.914196325878534,20.008429943362213,28.642351340510416,9.723508567434,27.482712465786914,5.838467031478261,16.4145792765043,15.720589114530906,15.958249286504078,32.36070361022564,38.52776425549216,37.20360403125119,23.645159797264103,37.68034762059921,30.671591495636427,0.7152249786654873,32.83466470054035,-5.244688577607448,28.597755839640627,37.7059113835974,22.935503281347778,31.88747167290601,37.125237910485126,19.359996310249706,8.490925686616162,33.2299726537349,33.052602217560114,31.41946891041074,12.237765300868677,29.205376603849533,33.03079345525106,31.194478381082117,31.262991936672428,27.709251483501383,27.129106665598716,30.21198867900378,20.17532160200346,22.905304589391054,34.956038592864694,33.71050542296954,0.7634942715202372,32.88966629629843,32.93577846009442,17.738940332546,24.61066430658469,36.183900712226425,24.261246321194182,36.9113975366406,34.042858079397234,4.42877955526555,37.34412365593901,15.967858522016058,36.21857330437335,34.42738155109052,21.319546439117648,21.39687349925733,17.0377841074542,39.16988468082135,33.6212005592219,15.586135777376056,12.120507572882852,18.22509028387187,13.316131953609462,9.231243384095345,33.13453853254969,37.192384014305155,26.97591974843161,29.240007079446773,10.478560989460084,17.096888102848396,33.79306475068258,36.10655911650028
31.053557477336536,34.05683071944243,7.574922824985635,36.14153142765483,34.73521671908023,15.356071682042227,-5.791951488246243,35.21417149501575,26.748358878980405,36.09767765216595,16.309549908965835,10.89970775564203,25.853380768381356,27.6565173061839,20.861878498121822,13.44774944058246,21.91543203768677,30.800595555792174,10.471192661585153,35.04256661520281,26.366171428713532,31.033214429250318,23.304496446981336,26.331259139497078,20.24335115710548,10.16093272802584,20.94397049640755,-10.288692720870511,24.53399706822954,16.45850794275385,12.835655472256208,28.850052075488204,36.125889806172715,26.145355297046404,23.196957930503178,30.13214574088826,22.49281537323358,19.86708952942218,25.96172840008541,29.72334225134025,26.480098346585827,27.199772315931963,30.170973461358656,30.65401622681547,21.01079659654784,13.238118582542453,29.74694569879148,28.75784201738261,15.973558379367475,26.720551838849964,30.44090411934383,22.239339388552928,35.709284558277474,8.760722761322983,32.86407332054959,27.399002295416036,29.98132929072792,36.05877710614318,-6.422355940970655,12.326111749263758,2.3977941510059684,8.54375374834729,14.792027750529503,31.989324143979296,26.512930860983253,4.077811704154139,33.21386997789685,28.81647831730134,18.384198610926017,16.63320347675935,21.43013111818419,28.356275839024526,33.59602983019137,27.164741178293355,31.271007963088866,34.374013557128556,31.899717072447345,29.169152498294416,34.39588605126046,21.97668991101048,28.820080156087386,5.46484682108367,36.39710495254346,-8.71591353250537,33.52042028471621,14.961794447511117,-6.419757614645371,2.3384835656084157,3.6455039519527417,14.19207327325432,34.40772003718345,11.018746473678116,32.73930364754257,29.268419417359617,31.945552274721077,9.595415372857328,28.4449777136205,-8.867175327732967,31.726254909442982,34.84991167901032,8.166894204063041,24.89060836841596,33.33586953962476,14.003435950960187,35.06810642014333,18.08610264069461,28.42336900665911,20.45744781837102,-3.1175209778676,31.775391550511273,27.26638088745183,33.9269945665026,23.666356900178137,21.880268452122873,34.60336445792553,37.03065032567026,8.424148773361567,20.28701746015948,20.25178379879141,27.444202851118117,22.895552376908135,8.30104644506761,29.805601080931194,7.898257941932083,10.706545983115753,35.917547660976894,28.038604100709332,12.087746972975765,8.427821608852636,19.099073245779284,27.48443195157391,9.702072142435208,25.862550392564216,5.448973458062756,15.57655483858453,15.162800283376281,15.306791547818946,30.77640762727977,36.727998063373036,35.23583658163218,22.506449494134003,35.913962269717516,29.077573121229502,1.086128841815266,30.998069420660574,-4.658799781743701,26.938905949898988,35.7777944798038,21.480200931221912,30.286896346777834,35.17966748093914,18.397048329544123,8.442849343931195,31.568107747690924,31.435424979199546,30.01040589497559,11.751021323657184,27.686490081304665,31.49788948274526,29.477223206105045,29.536763970654892,26.259511806466975,25.750612209594134,28.575139427279243,18.94100426059499,21.815157050631296,33.27253785955185,32.03538072170643,0.8062427984525229,31.120030098507055,31.44748268996062,16.695704164858068,23.222695891876505,34.29679614958219,22.91206496349852,35.082743568389404,32.23257543555313,4.689328185576192,35.29477441018978,15.091948469651193,34.61509315435923,32.49837731586446,20.188814667304058,20.28175850116813,16.13474255397968,37.34569009892752,32.11777341289669,14.995622130408098,11.318399250568962,17.341531768840483,12.718695710932703,8.714025621225918,31.598043687522978,35.28815781405656,25.76935980881755,27.658985747735578,10.164499587141774,16.113225892469387,32.200947844661144,34.07889418863114
32.88108860324731,35.81312211235282,7.876716220201607,38.02026902585301,36.39121763413094,16.060626420035966,-6.054111778755779,36.941677460943545,28.127075442348854,37.825924315582604,16.977180867707883,11.449618144910808,26.917521395710732,29.136786689396757,21.929796528809028,14.420537903118118,22.85806269497642,32.40444297926587,11.057488098938652,36.85658420568525,27.685330607779125,32.57045131201466,24.573259133553616,27.610703080103452,21.240176708341323,10.44704192475442,22.062618907920395,-10.721536103060092,25.569726577779097,17.114245088156878,13.246901675546503,30.1716022698471,38.09041888909117,27.63219770893342,24.359621124117822,31.389619717581738,23.55129847074655,21.170449989113862,27.043088992002776,30.992139772504466,28.140627953198585,28.44802995994185,31.80965222081372,32.1980615699203,21.722122226055674,13.919507719624109,31.102489179271686,29.998873639710666,16.8701511191788,27.736700450164065,31.713776572973817,23.266744558021287,37.45640526504119,9.069292139057563,34.68858018125781,28.915626439833925,31.54012500976022,37.72553743113468,-6.566585120090552,12.856991954506071,2.5391435581673383,8.993824188254916,15.594158586456695,33.507308244171185,27.70089095003357,4.261326851154645,34.6605909258321,30.139683504551652,19.454464934676917,17.736519829239136,22.67457481495109,29.796273392262208,35.120317597417156,28.23334892991408,32.84040279067922,36.14084018166097,33.526725572002654,30.920160416153706,36.0146277748523,22.791665597131978,30.140499787280852,5.757143004485707,38.36587842847689,-8.984817799551609,35.27650917716157,15.83164232984516,-6.724502209350263,2.3801863786422546,3.9642096371765905,14.736892761118856,35.98703314986405,11.3874771444796,34.32969571832093,30.795087468004986,33.479872747286485,9.79696508383016,29.775734986536534,-9.229730044356339,33.10141498034523,36.5536098452856,8.641541914404483,26.379977642750752,34.95313886978119,14.900031791699206,36.77263322711456,18.728125283930694,29.70913841623624,21.63377514087414,-3.1311469041096722,33.481382887220754,28.565516100669896,35.71243618133161,24.596044941558173,22.774428571964954,36.16900256374214,38.85571481586759,9.062848813398723,21.279518542812404,21.584090831568925,28.515028047488038,24.102136739017084,8.900287608531636,31.409961632247516,8.267620338048717,11.282180083820437,37.655689512113646,29.462737996759426,12.885174214154492,8.953419623237002,19.954585697980697,28.969445228932525,10.267708119238465,27.007023176169525,5.495288312000625,16.321547386024626,15.814397768481685,15.931783918950137,32.42984284108449,38.70726335330857,36.95784111810565,23.867941150125397,37.84197152667051,30.3475795569271,1.2568833408320206,32.32883951904977,-5.08876841866563,28.040349293338508,37.70834937113481,22.231354180623246,31.709183708730766,36.77650150161445,19.536473442776778,9.006753052545092,33.23508897569268,33.13279125175933,31.400134801619885,12.275312105035328,29.04319060784251,33.224357620028336,30.767974089724337,30.908924947459106,27.487599722352375,27.119046557176738,29.915231176688426,19.917672340089688,23.187652560677048,34.957003783854226,33.60939994640112,1.000991040275616,32.66160069080063,33.17479316720431,17.586068401736675,24.260575929836858,35.92549370007277,23.98734255206856,37.03288759456725,33.82632658234373,4.842281424601995,36.97607763944141,15.587459078114156,36.4855694002756,34.048778102414374,21.006469583866057,21.522873097332106,16.928633868150825,39.27000627667235,33.98756645621754,15.639875081579973,11.98748679581335,18.22194485031026,13.59214225472625,9.1731720005058,33.3434854937936,37.09185762888311,27.275328917793622,28.907951290122895,10.621947442479975,17.055458901325277,34.04083106337505,35.64896487833046
34.26777053131093,38.02586754088166,8.226541157060636,39.840311455397355,38.54450556787168,16.84018541565483,-6.822368253269419,39.05208697853159,29.450565410685748,39.9007394934425,18.21983814895779,11.830336608041225,28.656206995345215,30.522429379247182,22.90000977524012,14.896185143152652,24.43028501588151,33.94987762740243,11.73594829278629,38.687697504137425,29.350967639431822,34.54219514095975,25.911370981423197,29.147901113549814,22.355688780680538,10.662188252276433,23.388826009606426,-11.594595687503404,27.452687514506863,18.1611262378187,14.0600741962981,32.25470497709333,40.24113610051721,28.561973719047934,25.154406394245548,33.46377460327628,24.986326141142364,21.783066798422038,28.995727581402672,33.207089488188906,29.13613556397536,29.98475779215018,33.466815420436156,33.50631923863886,23.129321274833572,14.650671967565131,33.194152888663595,32.07015906421351,17.837325315280314,29.725198393233484,33.81380587478495,24.434411109932952,39.759266385139725,9.432587730837916,36.138985048331094,30.31317409108373,32.88507668148944,40.022159803949826,-6.766068428473158,13.533433356657806,2.70709951475576,9.281577873297838,16.562822370278763,35.6240587504018,29.213641316234007,4.49162525714309,37.00142925342682,31.762110138508618,20.44418712722991,17.96377186237954,23.316556179748595,31.49189797074032,37.36816946317027,30.116450778911492,34.61800574005267,38.20973169164027,35.0675493419628,32.15357233418904,38.37378016542462,24.263029489408503,32.196350910280955,5.6182710218530385,40.20895125563973,-9.556533974328271,36.84872193457449,16.768195780888586,-6.978382659378925,2.444466517658393,4.064715837679556,15.340037150927042,38.10629346533783,11.858727388949482,36.19696236542537,32.62421591084734,35.367105790016396,10.278671219562597,31.38626650487604,-9.652521210784673,35.25109548372494,38.75652720070376,9.006060145143621,27.73105673842931,37.06582701195259,15.527724158309647,38.739118552201134,20.10061867704595,31.75971878393572,22.78254357474891,-3.815851910854749,35.25699043785472,30.162252715370943,37.53876827710101,26.32291912298333,24.23444617820364,38.28433738017403,41.12843012029672,9.447410129321835,22.181251925991432,22.268854145117082,30.5850203135893,25.563830075094355,9.051946526872946,32.679401764447846,8.611679749417362,11.958312738613653,39.930825879401894,31.188997613974585,13.20776882824927,9.307062704439122,20.943122908934527,30.235922261532913,10.507645232154031,28.725078658419772,5.934018945542655,17.40975677424973,16.44846673672471,16.700700188945675,34.056312342108534,40.5770054487398,39.20092475077502,24.907614032247363,39.63991103412518,32.23183227295107,0.9602461764852152,34.43415223386499,-5.38105630493008,29.95224307825884,39.78595184794305,23.937694202084767,33.55454682437467,39.068189922306885,20.537070949746962,9.066927654926108,34.875866237227804,34.70054033018714,33.06297799972655,12.871875198429146,30.786834813240016,34.7047043965016,32.638228161254204,32.7762386238587,29.002335781461824,28.474515722296477,31.5736312572689,21.22342242912574,24.353598283892932,36.77260970269329,35.4766768541664,1.3053568887370939,34.632724018198985,34.567527794067566,18.755561708820718,25.855599819297467,38.130222705730176,25.642585753893783,38.820850017959756,35.81629433797451,4.867169244853289,39.21966538376197,16.680726010257963,38.04770419758266,36.2263669148135,22.43749760828635,22.42779179727341,17.81873131601787,41.194839126591496,35.37262997353825,16.18557064173668,12.74509584354632,19.218350385035446,14.084861547651709,9.601974485985725,35.010870656322666,39.078774224003645,28.441340758940804,30.70314381866561,10.947275756723947,17.943325136112314,35.555647683208456,37.95094603405186
34.97813674405359,38.6634768418502,8.662340876309601,40.59923703560841,39.633821703060356,17.341864707668044,-7.026799671225124,39.98886523039197,30.028180634608745,40.81819303917131,18.798552887085748,11.819753724933099,29.470171948728083,31.04946879285,23.304786318469436,14.960091425460014,25.13059555550859,34.76597864064715,11.928995880190758,39.36922356796021,30.0182313342165,35.19211376694283,26.63160810471249,29.90700242004186,22.94300272418199,11.205324472581212,23.742524743520036,-12.261780870351036,28.291526653120027,18.400433578107535,14.356825310202183,33.08301273955692,41.02498597937657,29.1853482382978,25.76094629161351,34.41239563966784,25.494400735943955,21.993651055238136,29.903207628183015,34.06131962022003,29.819863020491994,30.74471817126789,34.141677307285235,34.23696973296791,24.015296590353806,15.06688114006154,34.17496410629131,32.89770923969959,18.148036292028387,30.630230735517582,34.818455884791085,24.97110742514317,40.58396719491375,9.769703591518665,36.867034419118255,30.965810027216538,33.63147737653933,41.06282468759058,-7.37413005260865,13.500558601969189,2.610750894655537,9.515149054943269,16.81629246103218,36.51289141150147,29.94066555960454,4.404352744488612,37.91660170048337,32.57778424360648,20.800366407670065,18.236320839068526,23.688497005376462,32.09893716861964,38.25418091236077,30.858830214100234,35.54127723581001,39.06174618482096,35.91405092564983,32.799588602853454,39.23828688955837,24.941025476816577,32.81481710054124,5.667637152363228,41.12317852292956,-10.03168948592901,37.642063409545734,16.88518815349523,-7.359454447473819,2.5951521382647154,4.318432240091304,15.971423416328372,38.96072115857404,11.853902916880847,37.258814435499744,33.167971996129346,36.33270367183975,10.674592241348229,32.17672996124889,-10.17589491459564,36.247316787738214,39.72265460299234,9.032442624653447,27.991884527114514,38.10600610056268,15.512884276465204,39.69452776638697,20.740065586565528,32.54593724800472,23.070466554408878,-4.3445670015792786,36.07960246592998,30.846292441250757,38.43444278518463,26.9020394542346,24.781422029409963,39.31309139518397,42.16195549918473,9.770690975255283,22.592138799604044,22.61986324008816,31.390159557189964,25.90488994717532,9.334157310839547,33.497021593660506,8.92428535297495,12.204553039491495,40.99840074464046,31.798128888499736,13.213819489274522,9.486743302508005,21.490174260358373,30.64979215747863,10.331688010537246,29.54763730292637,6.231575745057684,17.66271828079028,16.70798846119031,17.009156921893513,34.74246258814349,41.473635277393356,40.02014598973379,25.41084529955805,40.52127054446055,33.09682272853251,0.5252052778315058,35.4283456425581,-5.855685428414827,30.78356867901034,40.61388466998989,24.82463371768627,34.36908824949212,39.99572222138953,20.804196350504952,8.977741007323257,35.77810016734433,35.49605301792091,33.773707609631316,13.064013253486497,31.465294547902044,35.51638093928582,33.55028920960311,33.74327763972831,29.73896993598421,29.203504959583338,32.52244788564414,21.74690104490766,24.659032722274695,37.53761054061965,36.26316492803979,0.855276104614549,35.45549060853296,35.34705766906191,19.081107588743212,26.507993938972128,38.99874074015958,26.22633800704261,39.75402137172756,36.767462542871826,4.584345968264705,40.328167489896806,17.145813204719577,38.81140148731114,37.12468624098935,22.901946260624,23.052387929752285,18.306238180659015,42.11298857295865,36.12358422446863,16.764727171775284,13.185111337684003,19.539959433069953,14.083226572645163,9.807931414264022,35.7086034632828,40.038068424041036,28.959305322946758,31.515563792065656,11.085297881934583,18.42944338854938,36.333054481347396,38.973050795799004
31.80840565577894,35.03337552856974,7.906764316963705,36.944093920717435,35.77448044453858,15.685403947291158,-6.172223994823031,36.16845467724429,27.34852966684339,37.01049039889985,16.85647285102066,10.962306224383353,26.60870067129696,28.23657144137461,21.24472650401678,13.764302504121655,22.66874837136673,31.54333063225248,10.807887461522306,35.85585751625005,27.117560443745266,31.90155884104871,24.01546237067702,27.05704992608896,20.795911986190195,10.226805980060048,21.529382303379844,-10.789064232427272,25.37215021093419,16.802381256613266,13.127460828401778,29.797638698926256,37.156451319803104,26.648875764182574,23.504927895660725,31.032626530085068,23.09871727055312,20.202301588277006,26.818706732169055,30.646250250054194,27.1165823438391,27.859936094908257,30.923034273736157,31.25297513930423,21.616270967337677,13.649050202385583,30.719404953459456,29.65907928068566,16.37226683841967,27.58522399953173,31.367144998146106,22.759381469200754,36.72018285259378,8.839468156187753,33.60459544563433,28.14631655142873,30.63316044328051,37.093480747143566,-6.6139879665263415,12.490231229269984,2.5135110290722107,8.745615210532044,15.253329969070128,32.946451521650104,27.1727978434677,4.059176972825116,34.21588012683671,29.504781974967617,18.894069165452667,16.85055090722252,21.74131041291719,29.114176267101364,34.58092688864173,27.938040455410505,32.10942127893793,35.342924050975355,32.69533578954705,29.841489380562503,35.42562781898979,22.548656255478033,29.67766883614378,5.350570624513927,37.28776582678708,-9.001113746209283,34.23792478864221,15.397760374498102,-6.5965146022941425,2.28663480134319,3.757975793878415,14.48261669848064,35.33875780245169,11.001997670926192,33.63840615722662,30.04424888958452,32.829276120833825,9.763050001127393,29.19718772647306,-9.253790967606507,32.66660967414718,35.85945150182329,8.231647633576813,25.531342738754592,34.35577418218491,14.286330219836666,35.97492403275127,18.67723196261726,29.29884157579493,21.009205589974528,-3.5182556082738965,32.653022553444096,27.992853895813674,34.797274623970246,24.376388625322853,22.437384047005864,35.52990485109519,38.12458398254318,8.750951970070231,20.66673798351119,20.692781459952293,28.295738197128113,23.511573294605373,8.526031623970509,30.49330320865087,8.044849830592733,10.981773323859075,36.969373408594585,28.799442650879538,12.265002407308938,8.59244183415511,19.418334326651152,28.056881445133847,9.713767362118418,26.65514924144579,5.621950432583081,15.992308286519538,15.365598057601764,15.533932344679245,31.551700850344467,37.614929606824866,36.25607395812173,23.050308127010098,36.80065439445377,29.88300122249278,0.8440760703795549,31.929823721101467,-5.019827703078671,27.750508496305674,36.78342003228637,22.239611543069604,31.09972240384611,36.15684291206949,18.88403670480558,8.428328842280544,32.410426613020384,32.25229361873949,30.729735163298088,12.003259889014489,28.46857984197282,32.26849009856424,30.340957832974237,30.386277384622023,26.960948295767448,26.43467585002814,29.34846119231596,19.58526518051952,22.38826917381224,34.11407227935197,32.90625370565825,0.8386012906439517,32.00590905587064,32.190859140043955,17.197901570556034,23.94611145699105,35.26907721344004,23.6322681541154,35.992700872282384,33.17340421306484,4.511159864154469,36.33268742000515,15.516971438758185,35.39789991506102,33.48699283706167,20.7155822880881,20.888926787006852,16.573641191756693,38.20927906270903,32.8309447787208,15.334168067493765,11.751699770631795,17.712257161043205,12.998287348759625,8.86235815049552,32.338428980420616,36.262136113873254,26.394376173233844,28.49123634877202,10.203374502105484,16.54935385025102,32.99302363656186,35.12242974453651
33.70363305491962,36.562872825995505,7.904369958268394,38.90680466402022,37.15586748607029,16.463030059768066,-6.089549686288184,37.81789124350707,28.93053275154607,38.805637662936,17.580667280608495,11.49166757728685,27.48111902977276,29.72374449662838,22.70069576863944,15.209607613155663,23.62804841035631,32.85239705065855,11.653273476257446,37.774911740995684,28.35356608501408,33.60805370070733,25.162591752244207,28.03140297750438,21.473884048628978,10.744804836922361,23.008810434634402,-10.522643560465946,26.26622546193938,17.537790575581834,13.942948419745136,30.865895502076555,39.07018202008369,28.359769947813813,25.0669005494143,32.18183564264996,24.038499948885114,21.908438539385454,27.568105821543085,31.73965750419712,28.788456446637205,28.864903980201532,32.70814715482234,32.979511641324166,22.170538862594388,14.348388581366349,31.69509786599586,30.7964232766517,17.45855508381091,28.311777647784435,32.510537022817076,23.777838974064135,38.5497397773737,9.316019408809156,35.507027764633676,29.906525854303208,32.19703794263094,38.63207562589276,-6.702018510736421,13.293639738985913,3.019834396525759,9.268417701291158,16.605695430777033,34.224942093144996,28.11187632082532,4.337011541651892,35.59443636481386,30.599244301499144,19.814965454679932,18.150362497664727,23.038143192601357,30.661393238287427,36.269311994238414,29.12825170273736,33.52697168776993,36.94028678934976,34.2982309633002,31.37753597222379,37.068685554718336,23.238220422379456,30.929019083107814,5.825075288661786,39.06065103226968,-9.297141581518153,35.99130628900458,16.62205160475228,-6.9603064758988475,2.5837647851420993,4.148210448834259,15.177041017799091,36.97775004525358,11.760279007814818,34.94760589193859,31.840310033498053,34.156306705606426,10.243083012210148,30.189850864645408,-9.29399808968879,33.886471887142505,37.307048541163226,9.147691465959227,26.99933213341733,35.681196629218064,15.375987378080266,37.63840147540343,19.218886955057148,30.456437792142445,22.430699582833316,-3.0596426391689926,34.10363569053016,29.217963620280425,36.43493878499292,25.281876263952206,23.388784007227805,37.15751083620186,39.69318011265789,9.426620635501212,21.813702751368854,22.26190081168136,29.32471110013992,25.201867172513662,8.880623898022154,31.987935930685154,8.313461752784226,11.72847316856715,38.44252139058483,30.628357736415605,13.58450200544686,9.532010921745623,20.310205817277012,29.691051076646918,10.629775104456687,27.75305293699877,5.63533300491959,17.195434087567957,16.302802292567897,16.38041547182483,33.1396502802534,39.53774711971634,38.02223719706321,24.42550122395776,38.686383075827806,30.854365609681643,1.4541861067533117,33.1520709451961,-5.136945390220944,28.688712099111445,38.862821602593364,22.508560378028893,32.456373730889396,37.589759952968876,20.18884905170276,8.971020437138879,33.88246088284227,34.163373312259175,32.06370271454961,12.493662810887493,30.170817744328698,33.831251799818304,31.47031361917645,31.456386711556576,27.78402644624068,27.750496669424496,30.56016382087421,20.43659837193044,23.31089550077938,36.01087188586404,34.36742671039805,1.1053954836266409,33.35352719331493,33.92450763625101,18.498446934299235,24.72687753944616,36.82747072042837,24.663701585802027,37.79785415295289,34.51037726092436,5.281051619781821,37.673939840848526,15.839881032009604,37.40816847216647,35.0740049739491,21.587066978657298,21.861258757510623,17.39940994342811,40.12640820359848,34.645100566264,16.037329947417636,12.36264937088751,18.530332522716943,13.810075395258691,9.64087385093804,33.83874290444401,37.94995167668136,27.756348051597175,29.413462688507348,11.080727708476804,17.46083344977264,34.752629627014315,36.4550672092831
29.129217747896426,31.938428471439956,6.994785207269432,34.018181714065655,32.58249927285773,14.45176940796846,-5.287311217043854,33.115064834107336,25.079607604199346,33.80978795588588,15.160225825964904,10.440051177079672,24.15883065932545,25.98739018573033,19.58473835103986,12.434209347766854,20.30675985031345,29.090356975342253,9.615830904850087,32.82860677323592,24.71667392402478,28.99004039253058,21.834897651416465,24.571126031987806,19.040668415357423,9.545763570743782,19.426495898349135,-9.72838392318582,22.87772039177501,15.52599130171769,11.98576619170495,26.895841142587017,33.88847824051233,24.567963925052695,21.88834547685546,28.251915297800437,20.93429743838112,18.695516952194478,24.267574397241187,27.786153734380967,24.96923974174706,25.511771772144133,28.340706034561077,28.90406298190545,19.618864428627347,12.468674927475638,27.94855092597019,26.89063151515809,14.855632492624753,25.07313012918731,28.51729375277316,20.74019119527993,33.434168165001935,8.338020884556897,30.97267759997932,25.68026576258642,28.260697108436815,33.87382069306914,-6.018086090334267,11.597862879931329,2.096788993277254,7.882604133852801,13.505871874532966,29.96319081782191,24.844520211369066,3.856248236562949,31.046803874408027,26.94796384065962,17.36994608732293,15.69026716175505,20.26081936161529,26.52704533728793,31.336326039438113,25.395260971480504,29.42448446857758,32.25126817645065,30.046064783595945,27.612070489271193,32.12067283708276,20.56963580697559,26.864787862894563,5.218017785412592,34.288251660816506,-8.173616079281798,31.67490964596883,13.723747035773366,-5.94458115079711,2.1683951088626343,3.3672388010586665,13.361179092932765,32.25100708213024,10.545492882753365,30.773964011430913,27.336351765811987,30.038042274765587,9.012807545537306,26.7758872730174,-8.340634277309823,29.67858713880285,32.71591772292345,7.592738406310317,23.3637984743471,31.324844252462317,13.215642523638147,32.944589526301044,16.9287350891381,26.57302533249025,18.97432108786834,-2.70963061724048,29.83433187398401,25.433440128212766,31.9243629724646,21.990315852502857,20.50064996934863,32.48849735579919,34.82178653445126,7.866867104612173,19.08020911026491,18.955073102358213,25.60646193028536,21.23246423348979,7.843700837534168,28.121179777849196,7.36896280147541,9.994027513123482,33.73571399488874,26.090206559614796,11.304834295761557,7.913556639431566,17.878164076671762,25.957674635351296,9.17206218848535,24.244274978398995,5.105170792780949,14.445139685732913,14.27574444894749,14.375847287999656,28.93792236656352,34.67303290238942,32.89584854518358,21.14636425293846,33.77386131655686,27.32795235539026,1.0917409625583492,29.01439138324493,-4.352589002928757,25.174086877394274,33.54321292203647,20.161021814620923,28.44806438031085,33.07397638974606,17.165256994634742,8.20171069988979,29.80122386207641,29.533752306858208,28.324228003454746,11.213910813694744,25.817135353702696,29.750914822709603,27.751738104260514,27.762485319293507,24.783238736924577,24.10457916338123,26.81007179615822,17.614550438889538,20.698044429552798,31.335656273364638,29.984254817532083,0.7410343852811048,29.23934615922035,29.6803815529291,15.332453328937165,21.81251544405878,32.14122812591915,21.316904613999668,33.06596641940406,30.225983475570295,4.375028724068214,33.14632423061934,14.116664242678876,32.621371568217256,30.31631375537116,18.68599135832362,19.183890743148808,15.038803990189074,35.21969033231722,30.375580256065362,14.130043233787182,10.615190275488054,16.284499118406618,11.991651205913968,8.21254761025209,29.76600257008914,33.17766775320715,24.36914226525065,25.954065032326703,9.490440852253505,15.150336975461501,30.45459326462786,31.974684862604004
35.8489371383569,38.985993015004674,8.720290283295146,41.426429810031784,39.988783947922194,17.56530444326165,-6.7723685971669765,40.61700567764588,30.65901341128347,41.29502993134618,18.976355358187607,12.316684031485368,29.328357912621076,31.735291121344908,23.718901592977296,15.75319298855731,25.142561278468392,35.3461991240241,11.959934258044951,40.0250466090371,30.240447784822464,35.62677923808213,26.965608759585663,29.905456516718985,23.062811698079962,11.429823642611915,24.102516660363992,-11.92393605723315,28.15744057983076,18.54721753201658,14.425982433377053,33.01443112535448,41.69315697074866,29.84030964427811,26.628847534543958,34.53699720089314,25.603123749987127,23.064133720650855,29.884475015868748,34.01065015283908,30.79847607815692,30.87460660956897,34.67270210122381,35.03938252643959,23.876182005943797,15.463575823764941,34.31991419329243,32.90107185657639,18.28612782568778,30.5563320841463,34.853773601161414,25.262074172769168,40.92335397156359,9.982207573312325,37.749809499121916,31.808318076967762,34.43585915175967,41.4090151607367,-7.390448080079227,13.850839314938552,2.786593851972164,9.769976782592227,17.083068447087825,36.73236116218149,30.017040270806987,4.527680080764766,37.96679521376165,32.64775232050219,21.136440725078188,19.25585578956444,24.53385105367546,32.486521262893405,38.514839057001005,31.037876151086483,35.98259919917371,39.493938886450906,36.63325127561567,33.61382746428924,39.53225236042456,24.67663242671916,32.93404189430859,6.048311645057932,41.892302082277126,-10.231588418290201,38.466813760735064,17.13791796661679,-7.486430467955214,2.762480078210797,4.448939146888293,16.258753311247556,39.29736265162992,12.44137094777621,37.67415731165094,33.65562254942752,36.748763759960454,10.620314389551423,32.43534074427065,-10.42095707595758,36.32734207101097,40.156281690201034,9.241255154908467,28.716621526418212,38.515784327480816,16.20555736683066,40.14140513801974,20.6367826144075,32.64792767419956,23.435557931287423,-3.6972746222823463,36.485456661786465,30.92561446123925,39.05431203004541,26.87819455504464,25.02041755299563,39.74681512911622,42.665154773234136,10.23978803620016,23.060324595128222,23.484063819995086,31.43423508356357,26.288077331490182,9.798089777940945,34.12933502714005,8.899285756126556,12.494610660263847,41.29836966448524,32.27786971795382,14.119919616736267,9.670559409572563,21.709971091935156,31.39736507920543,10.855658442089602,29.81872247175034,6.127136963056885,17.981234583702697,16.9651706853652,17.243695952230528,35.263814916881714,42.33011682886564,40.40282260180166,26.127618881370157,41.29754426817162,33.276320125849885,1.1122958637991076,35.52661846515444,-5.864194748086949,30.790663361745374,41.33440650142247,24.537995962385775,34.88519149520804,40.23940404517984,21.30239103977539,9.486620427219144,36.47505845201532,36.36060516273988,34.21691061399908,13.379668981897842,31.869460022831444,36.407844243521154,33.870041837058224,34.00350642832682,30.0407809440995,29.558512501027764,32.87188349245966,21.909723708474665,25.16803840791492,38.29633596898214,36.61406912440089,0.9987019403509734,35.81528463811797,36.195782813785684,19.32424056678214,26.597473003772752,39.32098975464842,26.218719859610125,40.5654601562907,37.14223450491572,4.943758896059886,40.558147040457584,17.037662092179733,39.72543594644394,37.338817574234504,22.970982190558562,23.772676412141372,18.632331097514836,42.853010014292074,37.15323549180299,16.92760352882694,13.271075487647098,19.53673727105456,14.487230286182145,10.169932941516677,36.32310965746044,40.58224815177694,29.65587811473037,31.601339146235485,11.355681386479544,18.548537513262367,37.27155497619635,39.154718470611876
36.45778366896635,40.235622838311215,8.989499169978304,42.150374463730365,41.12293030207653,17.852989072569983,-7.5580046140605655,41.477737910350186,31.192402031624376,42.52815698855082,19.458157456998574,12.119965359972237,30.723675901308283,32.18924422662211,24.040750576073865,15.757537318070135,26.241452530509367,36.01549347866944,12.434180021043677,40.99153688082894,31.15931607863184,36.70742351247793,27.500609405737013,30.96918491018025,23.83941855645328,11.602595329197529,24.823447685882247,-12.645587929725124,29.382497796223323,19.09334609708175,15.017854770296983,34.39842199627795,42.68494709396938,30.27620122728234,26.699027778154566,35.791966097117076,26.57527921535654,22.93702043855154,31.03467510701703,35.407625507271455,30.955573183968994,31.980669335954918,35.44557689908104,35.58338117520604,24.804346616698993,15.530404078375271,35.39695395064051,34.2993472107282,18.89123308017261,31.86680099988663,36.29712866138891,25.98622953531707,42.31632695232841,10.011607747272775,38.40626642007604,32.31626925451045,34.91391336264602,42.680732788072504,-7.5079095587514875,14.120635825529376,2.78284682243719,9.646824498720429,17.78447625816198,37.90485034625859,31.106897212644153,4.469609621545415,39.50650920423712,33.86021910560156,21.33368995103135,18.90159404281238,24.497276917179136,33.27161280524911,39.882269273264214,32.21997971565939,36.883596693021,40.52143481328489,37.39663706599699,33.996081479308735,40.91165614571671,25.920644030021172,34.14435204767931,5.6530693329571795,42.63190777933182,-10.4277157314934,39.03937116438853,17.789661778632887,-7.639545000523239,2.512363578747258,4.409674183963756,16.41461049744711,40.52732964744776,12.219607533637749,38.66368758671193,34.54769023705532,37.6919679237845,11.071186676498206,33.48233736676528,-10.551238310940708,37.598817826981694,41.21437250662727,9.396728841223974,29.180030030382735,39.546294617774166,16.097796205076747,41.254958543388355,21.417102414794133,33.9077646973149,24.134749530981704,-4.604887787218523,37.36254261162997,32.101923782348535,39.96170041888069,28.07011340095027,25.813663000596016,40.84626672782667,43.788083516708326,10.036038014456745,23.381292998005847,23.556635434059217,32.667868347219475,27.141039653748376,9.626376676199621,34.75508520238625,9.11231181228091,12.627623998224243,42.58448814813294,33.165686643139445,13.805361122622012,9.716268540666414,22.197354499712834,31.90178837116864,10.720798267929748,30.692031095993453,6.383599724473855,18.458889097781263,17.114816406890213,17.617056178139283,36.105338803729566,43.035543645800445,41.70883345416455,26.252295160623532,42.1764536569411,34.277136245704966,0.562797534404716,36.837150006087526,-6.018659325907753,32.00298075560493,42.27110450367634,25.748942992012523,35.68516655993532,41.56701412274053,21.619383923248353,9.156735519914395,37.16119393340572,37.01976004267208,35.02645097997429,13.443583612886169,32.77816618368646,36.8242184401033,34.86320618977911,34.95419609263679,30.794944085416827,30.339059635337634,33.66202581706925,22.591129510738064,25.513705747707043,39.12875391482453,37.61511154412878,0.8681807013649703,36.86843168499587,36.777464847923554,19.979665769324118,27.494815655080085,40.501252559649004,27.332991337641513,41.19955383464726,38.19553464377027,4.836236221534441,41.82544038138367,17.674097001234504,40.46335893998006,38.757327693097416,23.883179538264724,23.99274271806181,19.04137807435099,43.725656841219205,37.46105258996515,17.172294125492996,13.47802279882061,20.030597694030416,14.583396102835785,9.969469419368513,36.98540102828336,41.58642740565211,30.138684691351344,32.754544171587824,11.708309454970566,18.896766864241503,37.75620077971348,40.49765676356136
33.58830272787749,36.93271697603275,8.139725043019558,38.95786316809985,37.701507699318256,16.531605719408546,-6.573940857015137,38.15170421264066,28.85623848120278,39.02022546306902,17.74033631997603,11.640295859259359,27.921741684890037,29.80789399879459,22.238891628244094,14.609890768381785,23.823213839387073,33.29611351189103,11.258455556377452,37.815017917755924,28.533456045140746,33.71437621245689,25.26706009285585,28.4548042377604,21.852683398505487,10.761086674455271,22.67691275375345,-11.282825145806434,26.67835381422518,17.60600216818664,13.594592735160067,31.383734685185743,39.26461831576129,28.035524304736594,24.80982413556954,32.676720160623034,24.289570519283302,21.449594091528365,28.257511549184102,32.2674245587228,28.688008822945907,29.30525192453128,32.60191556542626,32.94232098537611,22.625651385723945,14.308933296657335,32.34171918124937,31.22085990905175,17.278184870548603,28.969247754105265,33.00387668110964,23.824507858969092,38.74732094377657,9.22605705538658,35.47004730079415,29.761880054250824,32.31075145048679,39.0933158948755,-6.932818880482907,13.289124366390356,2.457505787844907,9.058158066194684,16.12462654348441,34.69182910404054,28.564927663604617,4.222055993043071,36.00711023601976,31.0306579122603,19.777795927147345,17.82580645037669,22.9513213491772,30.59238008810578,36.43698386463729,29.409691317215763,33.89739945546281,37.209939807255054,34.457240530793136,31.460030199367086,37.368432433664864,23.61017169463127,31.266652680853376,5.630431895543904,39.36684296485834,-9.520345652932182,36.084687373687686,16.249568087161368,-7.045198452992885,2.4142895694741564,3.9118289361501093,15.203598368429496,37.15516103955339,11.707821244618133,35.487405420261105,31.746285981862222,34.56734728029853,10.175660671318306,30.72851890818739,-9.700821027476147,34.401466747378585,37.87787458772233,8.518538573302067,26.996546751061523,36.245555604311846,15.031395987047409,37.89501975697336,19.50100534302151,30.902227149708654,22.20938717554165,-3.6409901662814375,34.3445933097747,29.417657416965923,36.72504382297672,25.553224535683214,23.625946973561216,37.45844013973679,40.157374889797815,9.33635803446252,21.61042260432475,21.843995699011515,29.821243393801858,24.873433088530064,9.009538110992196,32.106820108090176,8.47120722522031,11.597214954288466,39.021466346794455,30.432391020717585,12.970820731769473,8.951653076484325,20.491889315430818,29.485160291140193,10.34629314587546,28.103983185814258,5.80204590603114,16.952760396822807,15.97085699299325,16.342455561577356,33.23689778532017,39.71876430963903,38.1957317625422,24.411880684933525,38.87389395084564,31.425010206399467,0.9890057893378992,33.61711072507278,-5.36061300441954,29.160567927618487,38.851532696993765,23.30264061098048,32.8599428242892,38.05837450053216,19.983007712723403,8.94991737934213,34.18542999345547,34.042643109797616,32.32093353249093,12.558585794563971,30.077283992315902,34.081414762788036,31.92686129664592,32.04282626452349,28.320756870651806,27.836790514604427,30.908612704979127,20.627715516431216,23.66219909776353,35.97110487844616,34.574311428193845,0.9483382897823667,33.77958559740324,33.93566384073342,18.185492278444276,25.147237571912207,37.12357827503122,24.852763818416225,38.028763042752736,35.04001804685834,4.75953598428297,38.303212741840895,16.15371378806964,37.34884139131057,35.318812499304464,21.861751156760207,22.06545533888591,17.53343652830683,40.336685136201694,34.71790705349796,15.953641247377154,12.457446544109612,18.54486251109152,13.59662616695002,9.252088670267243,34.199305074814205,38.18040669572257,27.882116593860406,29.968840265301967,10.814295172301508,17.393943859314884,34.886660201482485,37.01375724505902
33.696739842954095,37.344203151859766,8.52998984736611,39.30776416576385,38.53667702271211,16.65356616696454,-6.974929453215727,38.81851171005524,28.942910485703063,39.539311598608634,18.177472968556266,11.50824236769791,28.58806516583644,29.96511844336049,22.120692577147782,14.079393202856057,24.245315896679585,33.790927457582164,11.27884433804789,37.96077735047054,28.970425123446162,33.88620556663327,25.765267713810697,28.872522703009274,22.14957658568497,10.960540728614154,22.746920219977763,-12.19827022308432,27.463591842631686,17.983308333752557,13.795430105353198,32.02324484991944,39.5861601782973,27.994600102074497,24.81971032157423,33.57942265421119,24.594735600950152,21.036986359573035,29.191573024340915,33.07455090172595,28.78362743900296,29.732873913038837,33.00155019947821,33.173478652705114,23.45066061444924,14.72868774010881,33.278500518681774,31.91000725075579,17.400159319836167,29.920020004840932,34.01492183738498,24.09203952912471,39.28419379037304,9.56813005790311,35.599939871973376,29.893392015563883,32.59750023387596,39.99182680040241,-7.121625911690132,13.046241160613109,2.3469208889835245,8.945036683903453,15.93881827322079,35.40700167122508,28.931093832735847,4.058990603909955,36.8376394579925,31.516079602758158,19.810914805614388,17.388352000449373,22.824365955989027,30.90552088149296,36.975256467191215,29.934630666836398,34.553895087685426,37.73747818981175,34.75171857595565,31.621047014039796,38.025427992003245,24.115227822763703,31.62940883351653,5.310967140495703,39.882935635345056,-9.731337510712548,36.423820079919594,15.90691584461235,-7.097746359375934,2.395912000017275,3.959429172113649,15.510066383207077,37.600117697426086,11.626729377468253,36.26740612618675,32.00274508530252,35.37415298899296,10.504701330722556,31.243425277024336,-9.89534531081661,35.22934008296141,38.60751083163941,8.595167030573796,26.812143817419333,37.10879429353656,14.67827447533389,38.49454067242334,20.11981693774979,31.649462391572712,21.990091790130773,-4.335630424807329,34.810486322031046,29.650468071679423,37.213428937233004,26.006436059498792,24.04603051581886,38.24870982616292,40.943028704545256,9.335566730799977,21.65864240519857,21.539855860414793,30.48886941142939,24.7186150207125,9.173660498985088,32.2797523299682,8.57888031503868,11.82529274222896,39.85567722556968,30.452901092656887,12.45249744155107,8.959506817865124,20.857194518452232,29.513304755565983,9.813319131550934,28.743101749145197,6.027509226883856,16.995782459535853,15.96852993318143,16.428159869194776,33.489590757428076,40.2017525755079,38.61052001021695,24.513127131091377,39.19870647956268,32.25842514050348,0.29260687012256864,34.486108875528544,-5.7389433551225615,29.97008412543976,39.18635416424953,24.319000761502497,33.411508576825725,38.86166032975486,19.78233541065187,8.754191094732793,34.843359785620265,34.291229367494836,32.706294854970004,12.682050564572718,30.221231967587684,34.51684010165602,32.75261048902109,32.82499024050609,28.97456879561702,28.117637983247853,31.629779158306224,20.90270571034387,23.788619532791103,36.32521476365304,35.006998471523296,0.7369417053660496,34.52930377048911,34.30755340880361,18.166501046756494,25.768241646924146,37.7735102273212,25.314627125317266,38.55505933573163,35.751287867448184,4.268883773029681,39.21704179348839,16.538314507080024,37.54290023327281,35.939301531173186,22.03734106315031,22.34408256682493,17.81604978131205,40.90725973757237,34.98618937530403,16.006730306843693,12.626120909195242,18.573127123008064,13.450699421344575,9.399803194430262,34.52383629523156,38.7236717650648,28.06661079499657,30.586720383401072,10.702149388991664,17.771833785698607,35.34647519592892,37.943915229322606
34.24470112641504,38.11071369064838,8.636611812201215,39.95891353511248,38.99114977458627,16.901639357669712,-7.171063873079259,39.14850974780166,29.51887531753694,40.311271438024924,18.419598839740605,11.58090342780273,29.32118581272405,30.433540544246927,22.88634774916712,14.541542696913062,24.937962566930313,34.09673136148217,11.694398399646058,38.84383625248727,29.594786326217733,34.66722254145863,26.05629009460519,29.64359199489809,22.69961640930417,10.971360231330868,23.45079518554447,-12.217826715590682,27.943276931823362,18.290624261043398,13.939834260755365,32.76200832029744,40.27290991099696,28.602931738881868,25.08156397550709,33.96916286955525,25.22858093692623,21.279033219528532,29.49160748288812,33.67304399808842,28.99501256128524,30.52317576010109,33.41603004064552,33.5837619995404,23.803745780172022,14.663780233251837,33.60261557221183,32.54797240902842,17.834859708735085,30.377482478507847,34.450811160761006,24.784788471253258,40.00735655346405,9.52646115628457,36.19183760895275,30.260203034866073,32.93425837447541,40.43077225757413,-7.097276774382003,13.41965650762008,2.56602424468012,9.276503320367329,16.649696881136283,35.96075155802548,29.762001128302884,4.201906144114728,37.50906199584236,32.30637603258284,20.208598529948198,17.661087487676987,23.140885084147918,31.50198295993955,37.76427681148071,30.55613259733577,34.835865451144656,38.373641558533755,35.305921206953336,31.96614775246443,38.7195051550524,24.854575364321786,32.45273897591211,5.498314074652664,40.30124599684633,-9.774762349840213,36.813889045228166,16.751943274625933,-7.120208924853902,2.4187630850906707,3.983088630888744,15.53816006570177,38.47511524744684,11.557741954441191,36.65380035933849,32.61928211237239,35.65944967143599,10.704035164548296,31.88666004705853,-10.024586249029564,35.74341099547724,39.0261805469855,8.749067546503305,27.48833875096654,37.399728006086065,15.017247080159951,39.12478890492362,20.529205201254758,32.15418325036256,22.82831135906675,-4.5173228357901625,35.37684989337461,30.639195769320246,37.68407810284905,26.794342841827127,24.425965351158272,38.631277832726745,41.43386495534613,9.177198841521442,22.189081606579286,22.038409775189194,31.046845504915257,25.520277892719605,9.069173760203986,32.90968772244792,8.900144426759105,11.777047784362122,40.339164120463685,31.25844036150158,12.696445844070427,9.094566204773075,21.18249917871095,30.117612580438376,10.114092708124707,29.05212226206329,6.212747566455143,17.307090821773848,16.518473318874587,16.7187973900788,34.16390836113906,40.55669812299108,39.48409626755439,24.654524731854085,39.758271660323814,32.637434806606784,0.32071713651529876,34.98952564982884,-5.539748031021661,30.490096590101214,39.80192959172766,24.618790062259553,33.7440861770148,39.42337207455929,20.331960207744135,8.685440639187021,35.017535472061404,34.746923691752315,33.23973292363586,12.705920408606689,30.90868660386343,34.699972926442214,33.010848038098324,33.15622435732205,29.32023176146315,28.708395260215543,31.961545916936835,21.477551572159733,24.041350409384567,36.885112448042236,35.78244411768548,0.833203270996437,34.87271008363269,34.575112556122505,18.75505283309893,26.190812884523755,38.38198574963103,25.875877855735457,38.8007993549818,36.14006317130803,4.547110860537335,39.69583573960738,17.145475292650172,38.14036798266849,36.691708991823205,22.831935053143727,22.403691934436047,17.948022115155855,41.30540923343892,35.18921113198281,16.37588420009682,12.759699809446175,19.27865091065255,13.816960551612475,9.33166830364824,34.95904738404657,39.31187112657214,28.42719381692074,31.285596605221922,10.90638395817534,17.876896912427128,35.433354633060254,38.42069705278787
33.09330255889425,36.22690562822225,8.085758427174877,38.375411475951964,37.19925190798178,16.24814276174436,-6.479944321514096,37.73478268857503,28.302154908259652,38.33655649884508,17.547584969807545,11.56998129309645,27.428637390114794,29.396987766862,21.729662797282632,14.080765620942268,23.167469166514653,32.92389500611486,10.756096326192592,37.03715985268509,28.080185824022756,33.030661975210876,24.908913230668325,27.82511045626594,21.506639471936616,10.656055365868852,22.01191800728142,-11.367848092086323,26.251358618705144,17.4159307011984,13.384241577600937,30.747980858407033,38.584548943120915,27.414203796119768,24.553785940805387,32.20947056127444,23.638699089203755,21.16852734665553,27.953602267606726,31.738509809217835,28.420406209975702,28.788188423331587,32.09647557082337,32.49536408988171,22.30165661466576,14.221048728187839,32.035840924656796,30.70489059702749,16.83311968640989,28.641758209587074,32.56741924246636,23.304516560688242,38.021903988440975,9.139824796771086,34.960712616164905,29.36113781628795,31.96572678088187,38.62971583970583,-6.965900492792022,12.90612832901511,2.2729449584627077,8.539799241359955,15.418522784199808,34.22953700975969,28.02523301830185,4.1994428491903335,35.39561555522871,30.475581360425615,19.405913987398055,17.48619351162753,22.598661595210046,29.967436740056,35.70532602102731,28.940012582189247,33.46170454091028,36.6086124862604,33.976527987994736,31.150012276072665,36.728167992277555,23.10434697361039,30.598667865820403,5.445051664674445,38.89099392322394,-9.474804491663829,35.76989331744633,15.473407853017838,-6.89137570041372,2.2129149791010216,3.9275374449328195,15.085122014263149,36.4779423917353,11.701635283652843,35.11013995526821,31.051401231250967,34.237415556953636,9.880470872704887,30.305549753487234,-9.633299269127468,33.868364261950276,37.40052856373645,8.450616092716674,26.353496206874144,35.90314777043418,14.7564536806797,37.282469591675884,19.155225394149554,30.448669525965567,21.401973665121435,-3.5937040162025413,33.79709060776644,28.643791991109,36.22015974496867,24.91384950290102,23.35130465574566,36.991516353681455,39.6706796768644,9.146987412464336,21.196820346455297,21.34501896962611,29.247935665523915,24.060115704358473,9.022418883695277,31.607825974494062,8.26390214501218,11.53529227071383,38.48288758743392,29.767508690344204,12.690524308997203,8.671630556213032,20.3072337990247,29.01172387395222,10.020804137744683,27.726918443542555,5.760992497860388,16.47407021533287,15.50154798248297,15.99434936752691,32.65757284597964,39.331802080665135,37.36596833266508,24.003218515254535,38.340435590466846,31.11102905210887,0.9623673307964281,33.14007265819402,-5.357753179841609,28.687153927032195,38.19602626818209,23.095889262879666,32.41923500040634,37.537394419181005,19.43825611200263,8.869411208296697,33.940113153192826,33.5812051763817,31.889186652081438,12.451590313693536,29.50477201519503,33.83250663100161,31.591446186003644,31.728737447787132,28.10072104442673,27.369331121670943,30.53039209380165,20.067480314226657,23.31941476066543,35.45039909885055,33.918428551141055,0.7856214846890983,33.35176178918668,33.57571139123838,17.5998884336944,24.798995729130752,36.52754824103571,24.26078558876892,37.64103608465328,34.629712778128145,4.561059207121961,37.818242365971365,15.814956244945797,36.80782042669045,34.57995218450207,21.211384099115218,22.109367691217223,17.235324287973967,39.865724099207796,34.414770748323335,15.66712695662868,12.134728987056294,17.976650403897914,13.227601579012571,9.079143536949248,33.75329654793616,37.64401633433099,27.50651799980025,29.43641970868724,10.427575312144556,17.092446724403917,34.6536624972958,36.51676921419275
33.65704350761572,37.175690140431506,8.262310426437118,39.11495904049036,37.963796974253555,16.593355730433117,-6.7200025815126905,38.37659140797883,28.89590343926923,39.24593142597948,17.875344595265425,11.610550568437501,28.191382377144926,29.937747265421244,22.377927743785435,14.427417808291825,23.988041887580312,33.35291758302383,11.348588845785393,37.9567349801425,28.76845905342841,33.86024078973744,25.405175004864386,28.629591074087948,21.92609708862641,10.798371200952047,22.79240372361178,-11.51100868607917,27.019303122351992,17.83638263652802,13.747467628912135,31.67366209739106,39.44367417429218,28.0543075157102,24.810399407842418,32.9513371800915,24.38150973052885,21.361165922060664,28.562560045735964,32.59614127443953,28.69393372964093,29.44086438967348,32.774706048275874,33.02676403708743,22.822117305892633,14.371395837409013,32.64475379037399,31.459482645853726,17.3920530463459,29.278300123328076,33.33819607010315,23.936960585655083,38.99277104746656,9.287817380798954,35.539860761989495,29.831481251499465,32.38156008718653,39.42426217328315,-6.882510381174485,13.19694542802512,2.452943520783772,9.045737702132012,16.163196369202375,35.00183145386208,28.672505521760332,4.244928177191722,36.34982077941666,31.306090971381465,19.837278308738803,17.665076416771054,22.86280429608854,30.771134544857038,36.67947537419946,29.576581711977504,34.05012782255585,37.42167780854303,34.54477411322879,31.527140409502586,37.68431171849353,23.85092708099418,31.536312885978948,5.508371388409589,39.51249508254511,-9.525456579041531,36.214763572292,16.232370704448197,-7.042377492920077,2.319188612963193,3.9213727295718503,15.270216508271078,37.362421123805056,11.675601341264196,35.6907186262661,31.897510223269638,34.832243751337145,10.31025626672587,30.86036024663902,-9.753629357140357,34.72141874438467,38.13632997993056,8.685762878492879,26.945101661940736,36.530357945233014,14.947880801801379,38.083043365273824,19.702478037003534,31.203299070837666,22.145730513089184,-3.8531472431280185,34.51609577943009,29.554450279315606,36.83177787691329,25.77772054998104,23.79706177261245,37.723621108364505,40.43368544196515,9.298970607556654,21.649760732132247,21.75608204766493,30.07044072470982,24.949516804565842,8.894547292708257,32.19469621955104,8.57780433703349,11.759717387518597,39.3082379078883,30.563958785233492,12.806153533724428,8.997065168617887,20.58135996986855,29.5804090303914,10.204152603964218,28.277833223837582,5.863390817787218,17.021893951671686,16.06216594598478,16.374003166112875,33.35212144971303,39.91772635922673,38.424845759400874,24.437286431350188,38.94222885625035,31.778822363244124,0.7665909143503906,33.923657850583325,-5.418934810889615,29.419494819098787,39.04869116118779,23.59902485090954,32.97817618527088,38.38066435676684,19.991974871638124,8.911667099012945,34.41414645890062,34.08539386210746,32.47439292333172,12.538984229827225,30.240181288786133,34.17624334782423,32.095629253287115,32.28158804115748,28.455959791573083,27.967874730521128,31.116989771581338,20.68294749637397,23.76115076344304,36.14876708436175,34.81333160440407,0.9074628165499075,34.064323671252396,34.05521107297381,18.31465549844844,25.355614932094607,37.434773277864764,25.100552234602063,38.19641137234609,35.303954324508126,4.686923955901696,38.60353202644579,16.350826971827942,37.41693927926831,35.559077051333865,21.96174690826601,22.111498775859975,17.57962663294843,40.50231802291112,34.74065096564807,16.029467034935724,12.452928173088518,18.581048005607858,13.535098652640464,9.266346076066057,34.31755180579741,38.366086010155996,27.856996425933055,30.215154539658638,10.784066997946487,17.554101532857842,34.97928319417189,37.34478426042886
30.463783038703173,33.49255627745243,7.437447404195403,35.35348621959538,34.02410338937131,14.920266954339287,-5.868290236801866,34.49097395512454,26.22460654550181,35.39603388602128,16.021973502001273,10.580140739862482,25.37487496208577,27.047214751729754,20.442459837726005,13.297003090242471,21.516476260632157,30.094644669282758,10.338289079754164,34.385983227712366,25.85229118787988,30.540986319850102,22.924283211264267,25.873314450871785,19.900568638908453,9.82036520928729,20.617847253290872,-10.08829754835045,24.108109557362834,16.1391265984616,12.473378485786581,28.414625868007445,35.52122996611792,25.54257881480955,22.533666878860558,29.444734801349973,22.045121035424902,19.546995406856475,25.478982258684113,29.164301352564518,25.998413095539536,26.652778661821674,29.580100470068786,29.90928551041216,20.513507376877435,12.916128239145017,29.161940044139033,28.220291768453137,15.757767649705308,26.103650174074993,29.786576747581535,21.844061543590914,35.04700785017257,8.448392148830175,32.14437713882995,26.89560908325627,29.29583264221895,35.30959413682656,-6.180900141482448,12.051339984531282,2.434294632923558,8.248166213919411,14.65642123120497,31.410393420249928,25.976434587422315,4.01881763308732,32.57725070710909,28.256314519200192,18.042199131484562,16.277641072410287,20.87872133382314,27.81962905688388,32.97915749003857,26.598764427198592,30.563284052718085,33.70659558041446,31.176117473775395,28.552792115293638,33.80315881006869,21.495946899080366,28.40731366695537,5.281603021567064,35.66381285343138,-8.48509118464761,32.73045128693532,14.858587469420558,-6.28315569028886,2.2677962264791,3.6018069360729252,13.775676064660331,33.70083750060749,10.630701580717135,32.050896165189094,28.73314151089533,31.24979149187882,9.41503825257297,27.841743467411316,-8.608171129778588,31.101285714692903,34.2129234016352,7.93764742052763,24.45434973080142,32.695187428879194,13.739821336535142,34.32946126634235,17.712335114308658,27.90696752615037,20.19571371187043,-3.1217392850038745,31.147288325410944,26.764682512873634,33.22873866096108,23.16635159682603,21.404977884724623,33.816727260022745,36.266676362053715,8.321290637042715,19.77233048004474,19.900542671367486,26.854395743460845,22.59199958533475,8.149578244535576,29.149510974946264,7.812635852476556,10.502860753918249,35.228687879575084,27.610194350822752,11.865720314919658,8.22745226780984,18.624792854789636,26.84901861908923,9.50490452232554,25.326785985682722,5.2354497138115175,15.354972716790078,14.741977767458208,14.841723403956085,30.202407637381764,35.95330889091238,34.606331241226606,22.11732594210928,35.18940183714051,28.480256600535462,1.0857257677045289,30.357771159448934,-4.662035595652268,26.389423958175108,35.13835369814757,20.977462335600364,29.652769464764045,34.44726132600637,18.208845744350047,8.166415406241171,30.906629611622616,30.76526922839976,29.303004283515573,11.46098180252571,27.24147964436173,30.82248312419791,28.792074558058474,28.92631788580767,25.648316266975595,25.289241527615918,27.97703698318414,18.650343980248927,21.503864900752614,32.54163977935975,31.456164386343083,0.8191179923571028,30.48532797992137,30.76254428960872,16.532591918391248,22.732540148132774,33.63819836397456,22.524894581041725,34.39585451725455,31.665045930764123,4.592992371420489,34.59050255444854,14.714185522299204,33.86266511923192,31.88619840978402,19.821767758959776,19.921191463410594,15.830495128142354,36.47568978308357,31.387512453427906,14.553200224997108,11.177668552462565,16.99729215868354,12.517155581975672,8.481890657193093,31.010370292084104,34.59599991825281,25.253762482362717,27.085070228427394,9.856609173713213,15.84819442127415,31.489234484973938,33.39527757569849
32.4162904571115,35.93811515831405,8.186804058279716,37.74826705988681,36.895897212280346,16.07564019905532,-6.626403473328372,37.11868660038107,27.826749092680213,37.9847707257802,17.312500373076883,10.982601049283396,27.63066056450294,28.784785254321193,21.488881909435488,13.625328914792547,23.459102024991783,32.44827125961688,10.96787547466273,36.60335685937255,27.946749178210915,32.60332469443536,24.63697312190007,27.909668160864555,21.529589303363498,10.587822669274425,21.927483165874964,-11.648525042641698,26.270720603891895,17.233270180524777,13.399493553733747,30.779122691144178,37.95263295509962,27.06244361126837,23.92574781719016,32.11894170951659,23.786323161594844,20.11523944326892,27.888619981394875,31.734734709258493,27.527184640324624,28.854463282380102,31.573035065175166,31.883874686765836,22.502551580854085,13.916562594835323,31.842636058134243,30.689586156533103,16.752305647628845,28.719308551710323,32.58557976026426,23.31562700951282,37.733349342205365,9.19597834386005,34.28994814793039,28.60891418111952,31.27683317951607,38.24636637925689,-6.862175223373405,12.603080986930697,2.3563564241975605,8.79515857904422,15.428676779079508,33.94012524876959,28.081578696579427,4.029138779172254,35.333473295774745,30.43677361217821,19.222954122125817,16.75865035536374,21.99006270776472,29.73138772010129,35.54480471422955,28.863388303684285,33.07217521745749,36.295508805939555,33.44112465963003,30.421758988990472,36.422243253594765,23.431666067427233,30.46685856964715,5.2662583498834215,38.21840185467904,-9.432143479943786,34.97218872193089,15.540559299574758,-6.772134721263054,2.355212681934749,3.853504380018583,14.920744361584422,36.30592432627535,11.032292936943481,34.745839971413965,30.69306988405188,33.832424008126424,10.142351515716795,30.212166298084966,-9.457194030517401,33.75123072485263,36.90122729166105,8.2643950267228,25.87532803329988,35.425528077299376,14.25057184552474,37.01395643922411,19.34103581835027,30.285861171200022,21.317133065271687,-4.205863621726074,33.54372670684382,28.763400544094353,35.731186862529,25.18352228888448,23.091496470015898,36.600893303492526,39.26508930525362,8.76434427161694,21.043572189202468,20.77925207737428,29.23892802226874,23.83985974652933,8.69181346925754,31.230208537565595,8.234125473305237,11.224125894339187,38.15654147296256,29.312777996613214,11.998318402021644,8.684870904202292,20.022996735017713,28.53735698472047,9.438563689582171,27.514833193777182,5.941832221000437,16.176588582226955,15.562558450566728,15.888955215576912,32.32527620945658,38.49909702470614,37.18653732101864,23.404763514431693,37.66738782890755,30.867297934560426,0.3348390230265579,33.04822189587218,-5.378905017219069,28.7710730542286,37.548338814131554,23.386473023731263,31.939806246403194,37.32031335930385,19.059876212538533,8.315811157857398,33.31224418815908,32.941336825762875,31.52773946090262,12.227929417561338,29.0196542177186,32.97055446930947,31.38443118249848,31.386638920848686,27.927537698588218,27.072817281978857,30.250694998830525,20.212585014074335,22.885329860137453,34.92498598638506,33.7579515951202,0.6788294300847445,33.02065177052587,32.932663292590156,17.456372680477948,24.767494915468067,36.23325645769243,24.337037275021906,36.82959306813348,34.16359058028186,4.1676383395798435,37.55025729722473,16.143024974981063,36.136827013589226,34.535623224278396,21.321375920884904,21.36237520089449,16.944738449679512,39.18364448321714,33.509663900868404,15.442546943698101,12.006738688899253,18.086742811619203,13.043912125082695,8.94726089116346,33.09537600564508,37.23804255778835,26.990988315907416,29.456234907337695,10.326222586240858,16.958081757609992,33.75940187268554,36.31563497597161
32.19022989394324,35.17679713742435,7.786013872084859,37.2867477787772,35.958427649843635,15.834770066087197,-6.099846990829784,36.43875554540944,27.628583158937722,37.28256508151417,17.004349734124837,11.061575669576136,26.62186801721092,28.485505246070908,21.50268708127439,14.127416540050977,22.71263165679391,31.727562167497545,10.967302873496172,36.1768346612521,27.27098460116045,32.178595182930025,24.22621912749028,27.18509561701294,20.810422424319803,10.401879026617847,21.81584611230085,-10.593144306671935,25.422359276254753,16.86729757456855,13.179242186733125,29.901035116552208,37.443028642782664,27.02479053347823,23.858037619372663,31.114420970708537,23.194263382526195,20.643252420406885,26.89871574681652,30.706758157892672,27.503288749763176,27.982231398536285,31.24912202204618,31.56343009383869,21.618568327476893,13.741720662899615,30.79639048829859,29.680173159134167,16.696728412873288,27.50198118444894,31.436595442083696,22.85219831454542,36.96876611559663,8.956673378018086,33.91286627183876,28.48416753172747,30.90616748421339,37.27271289102945,-6.627501833351341,12.611823994192664,2.5858870524176045,8.823325802402834,15.564022153133488,33.08829078219001,27.226080422843403,4.203341252708746,34.31467929962623,29.629319727565708,19.041882103690725,17.19733543874856,22.014944423962202,29.33100347888208,34.818313917579744,27.99095990460093,32.31871796287876,35.5576358504091,32.862425816828534,30.090057314459635,35.65565054165989,22.54706433671216,29.84316567159738,5.512349629366251,37.61664585394334,-9.02184839787841,34.53219971101565,15.607352509848662,-6.675056614482717,2.4043820936956286,3.9420774053602656,14.64274585319268,35.450175658555,11.181387895240661,33.85140042117836,30.393378807543748,33.00536805158391,9.875958474853553,29.196498886667314,-9.157537898532906,32.81708817556175,36.102226796212214,8.451630948917913,25.693222264762415,34.53285116097593,14.47188038056832,36.21038412986034,18.5743334237546,29.443419318741352,21.286337953328704,-3.272340793407543,32.83896866915817,28.108235980982325,35.066855647911034,24.381048060185314,22.52844066416514,35.75501225207283,38.27775248417694,8.93038556187833,20.84603354257378,21.045240741356636,28.345086069356025,23.857051494783732,8.71824556574111,30.653906063021065,8.036460977480196,11.220909424106782,37.150025013941175,29.194894657634983,12.602134375938773,8.819487784583576,19.611328612069013,28.2722277055116,9.914604160512164,26.803423445300773,5.546291146999949,16.294223193729547,15.469829270577872,15.675061040092967,31.76377473979585,37.96364976038826,36.470480516779226,23.43316999648307,37.10525489733872,29.964351390305275,1.1043576432112105,32.05693296940683,-5.021637089131712,27.795308940549813,37.13567602069973,22.068438331276973,31.314980935170865,36.257738800649456,19.151268131991273,8.545064783985861,32.627899283855434,32.54632548818662,30.82834264108776,12.018633220234737,28.800923422805273,32.548267390464716,30.414620537548085,30.478374395725194,27.018235156659713,26.661785047324646,29.571347025779264,19.659991212631102,22.472811857845205,34.34627218083302,33.05437612423933,0.9291985204408393,32.21148604556139,32.47684633478443,17.524470646204783,23.929357581400563,35.4566757754029,23.76118326648021,36.358151177187686,33.399087368556636,4.732617852145383,36.49433522427314,15.402588193260247,35.69175408016764,33.65585543914217,20.795204929057828,21.034721094562638,16.829994464953632,38.51579636006589,33.19795163404117,15.296532546252115,11.888429328911911,17.766633916555215,13.097435086446435,9.037338974761784,32.65036540932927,36.46199989528784,26.573965379856197,28.50539307159143,10.409378697296983,16.828475811721596,33.33102487125734,35.247179937197615
37.37897586184731,41.75238567249016,9.491203960127503,43.406344484394424,42.73188051363856,18.28270600644317,-8.181152397059495,42.968707290864785,32.033571753107225,43.910013108331434,20.301242590398072,12.3388972481523,31.89981642797169,33.16265541722773,24.603475288656064,15.850112107317326,27.243886431350035,37.23792684588659,12.879499185765539,42.13499720970045,32.36304585330143,37.78172331535386,28.64049311497466,32.163422816852766,24.766552203850008,11.693421264145066,25.540184691246193,-13.66049298488945,30.7301793621098,19.788131015041763,15.372540821039964,35.88724113076659,44.16459917084051,30.934850296631726,27.141669061727427,37.23181829911286,27.505639111408975,23.11111382914417,32.51820918087416,36.91643981192958,31.67887678065875,33.08200569459265,36.69015698455017,36.39737332092836,25.869518958479404,16.172180422834067,37.03896516118101,35.66619716619418,19.566895943621773,33.262204374878294,37.75071504178935,26.712226991128414,43.76816355230781,10.24871504629871,39.34068955918957,33.11075668917421,35.91193805059735,44.2756854194997,-7.682323865033204,14.322009582865839,2.701014450340419,9.979576997827506,18.099721554455883,39.4610049343314,32.16090721036755,4.370622630318085,41.02362998558684,34.96750201842019,22.21966977246892,18.983072923905915,24.988881178746304,34.47735947611845,41.225761947901276,33.2437588118776,38.17045707919024,41.9989842248196,38.403352172245675,34.93716672596254,42.397257137424255,26.874734449614408,35.426000505553105,5.667612091833416,44.048755926743624,-10.807848231368705,40.134605236725974,18.235424008511735,-7.826890130290084,2.6875218818405964,4.5459183781208425,16.80343370414444,41.885931694713925,12.416026708583175,40.0444008852572,35.7145846447144,39.08290435321236,11.473782175581718,34.6349098235445,-10.85821848007118,39.12253208190734,42.810496201704325,9.515758106100145,29.993961085668836,41.10704811907979,16.404136634995922,42.637121401841895,22.404183980946186,35.26315944734753,24.745572545422952,-5.367611148772533,38.71389016048643,33.17374585363358,41.15667307976007,29.20526437221391,26.750929570146834,42.257099877945784,45.45269565292937,10.34845358972251,23.994537679350675,23.921378262692166,34.001222642604645,27.760288239329206,9.938260350148997,35.706543339960355,9.592249351038493,13.065593045119115,44.2285530545507,34.046140854378834,13.751476020982153,9.965894737245236,22.991462978999813,32.661451515910045,10.50371106553871,31.852588834556478,6.765729043977037,18.94704285039925,17.70417925302241,17.98846637136635,37.23149872747482,44.360413389291374,43.13851116031792,27.12340521504382,43.33822051338636,35.7076733153815,-0.020398305946522366,38.2515056649093,-6.481714747919032,33.3669682152922,43.63141336528041,27.07107838305495,36.88689641027008,43.14568689373712,22.350325431107148,9.275527606983784,38.42184964522333,37.944560912375536,36.0278340712302,13.760171384728814,33.7345550310041,37.938529555040674,36.225712919672986,36.39438638543002,31.956125276569256,31.214834192409565,34.87782059786453,23.48826795996832,26.523290887221762,40.21664479765056,39.00730381674678,0.995379520459337,38.286270258884244,37.739626284316756,20.58854621372641,28.743272099732792,42.00133770280971,28.40853780148743,42.584666916628294,39.68615866305451,4.414479205048284,43.494603692274836,18.516534252302,41.430579930481926,40.16604926671846,24.772866651645145,24.735068467496415,19.639210413308344,45.0630945060344,38.49459505104629,17.63469547400735,14.075374460524671,20.88713281863205,15.067408070655402,10.468508455607022,38.26803537946654,42.976413275164006,31.006969306298586,34.062365756957846,11.73218373162734,19.852731269842664,38.83893399310445,42.16887319320561
36.724403252650184,40.359884738163665,8.90151103316357,42.09363357224697,41.09238690886656,17.907131278875468,-7.732981600441945,41.358627852136344,31.727264035398605,42.801808071617074,20.08298349182223,11.475275171257334,30.728102944002764,32.23420173838908,24.67568502201409,17.158122395858044,27.038432004005518,35.42265798312141,13.76124117382218,41.323272624027204,31.3876853552822,37.50861277303658,27.879975941892944,31.16281877511334,23.68291961950569,11.536780156490709,26.203258112172996,-11.72072692841724,29.904830486547073,19.014684561046458,15.333267299688439,34.91502713462734,43.108807848774994,30.680100212932775,26.55719270908392,35.650155445746414,26.890756348377078,23.491214738260965,30.952561980101517,35.50562619053127,31.0843339281906,31.708991956800592,35.852576213102665,35.28155205203826,24.790476314201882,15.673335305794625,35.18700693787853,34.48694258505278,19.824473402720276,31.453670338972486,36.152346902549965,26.331625875414453,42.83753487844017,10.021099301572294,38.22964708409971,32.992442140208745,34.54271395185781,42.521229594482854,-7.332892420006279,14.376399117444215,3.8013459444981628,10.191840061016705,19.589047411413805,38.10063980402675,31.019616940513856,4.323579918266011,39.840025416974385,33.86376864317324,21.474205051812636,19.150750155813267,24.021055166107274,33.89946324246037,40.59209679383686,32.40651917888838,36.53241596768937,40.6812493744591,37.18439770250567,33.444813679778015,41.49830609707331,25.955501844854755,34.738016368472586,5.606428853443001,42.268515573549465,-10.234641892244165,38.503517564717406,19.2738288807828,-7.86371240507522,3.2170814444243554,4.846497104845718,16.431024986546557,40.840384093380656,11.621063337262699,38.296723912162776,35.49867459934215,37.33303090756367,11.292995711453516,32.918616870467034,-10.263362517378733,37.7080680224556,41.166934556304405,10.077799539086241,29.599406153768708,39.33629339061273,16.27600674621698,41.28059966218917,21.552938831911856,34.07575644863358,25.304714403128663,-4.666729796014774,37.40444358988534,32.62220392747988,39.728823812969694,28.5069275565278,25.690234415929808,40.80049838697638,43.58717884992078,10.67863360919421,23.509596498405127,24.325741418907455,33.04848778416142,28.640498754717385,9.555685441375612,34.41780808581963,9.209602010085483,13.027602364567198,42.42602898745258,34.326226201069126,14.60678843884566,10.553202731945193,22.107204025872377,31.74509256608554,10.94202631025268,30.81785088878696,6.31785121195033,19.727788659842698,17.434924073526613,17.590029198244004,36.31717812142329,42.58089575336082,42.40914818361597,26.54733179552046,42.12118544191224,33.89077869781961,0.8224869439948103,36.91858211154927,-5.952258103651749,32.23377165712013,42.87217653218016,25.09134361428687,35.60764488341088,41.2977733967531,22.768326722037354,8.563995690096451,36.59837346916928,37.211960064033235,34.597262464451966,13.277414990795842,33.69913868996531,36.376550785635416,34.53781713377777,34.623724698263636,30.093209645651385,30.821323931126248,33.70450549762803,23.33074439858462,25.063838301947456,39.14551763799828,37.98086073953604,1.1152377338872461,36.67909757256936,36.39573651945411,21.595507810786458,27.555170492428843,40.693643146968306,27.893375531736147,41.08450303158543,38.111812845294466,5.258146814474948,41.624568389455646,17.729819109625147,40.332525963963846,39.412275790666136,24.637711963009625,23.537310211847128,19.457688276022733,43.29836270631111,36.969890593303475,17.414699587383854,14.14144694288472,20.581082002483804,14.99755997528776,10.740256339323718,36.741776162818994,41.564003868524814,29.874174946157336,32.635227338458456,11.955862818072731,19.51964527844824,37.23844351643849,40.43145646061958
32.672332273058956,35.642348087773314,7.945233665944324,37.71009521996292,36.43938244668645,16.009838210128297,-6.293899252525284,36.94029862342061,28.056305827802504,37.78528376527098,17.34894373202573,11.11933658656744,26.99766288746287,28.90045186302769,21.78103994161469,14.520206754811728,23.118811723193737,32.185777473507876,11.190548720785348,36.64442002170092,27.64517059825872,32.6470843912311,24.628202405505757,27.537915087008184,21.232055333223872,10.446919583884709,22.213226368284342,-10.804218161572637,25.792609732569446,16.913589246158136,13.362720399918713,30.337528332755305,38.030544298489914,27.336961901780352,24.165807110877132,31.493173985053843,23.53584057593769,20.968777478557893,27.283375713872637,31.12009465244787,27.954504603112614,28.352410781241453,31.64520791629525,31.864791678846032,21.92469533142429,14.04867807006307,31.25499502544117,30.133058804367554,16.846708941733173,27.89770428399187,31.835315023714564,23.197857704325774,37.446715953678776,9.037832204706174,34.37174342623547,28.975235890565084,31.313968441210925,37.73665573943929,-6.663147751611317,12.757211961643016,2.7894131867156027,8.961325018282391,15.880857013672392,33.58245766195874,27.630627446144064,4.183076757580641,34.78964996083977,29.999886420677377,19.323581548837012,17.461582933218143,22.231798188606383,29.69428088853764,35.29134099861884,28.45338754612388,32.69915157830467,36.079807129361,33.34894730388204,30.539277742180087,36.14970636432154,22.774436642722453,30.244712778518757,5.5631120340554086,38.09409961757096,-9.122694404642466,34.9819505362475,15.95921416822519,-6.742029555620786,2.6065225044787406,4.112944663371837,14.712022487350026,35.999951040865724,11.112017449946364,34.30715885706857,30.81777995460825,33.457347802448034,9.87496102072028,29.668210523330774,-9.311348128271602,33.209300996461714,36.562367877203194,8.646358857765808,26.25561521138155,35.01384835390775,14.792517346568173,36.639307294826196,18.929338667008203,29.809001270859316,21.669998850786595,-3.5091576111083396,33.33927544342644,28.52421483211717,35.54148855911015,24.73362552685413,22.87189410245313,36.19806980628981,38.84766626467472,9.251021908486404,21.174812051800863,21.471534542444264,28.788223900024466,24.206484761449357,8.919268449490458,31.137350463021342,8.203355073370204,11.401511121040969,37.62629850099539,29.573999177207114,12.880082803522319,8.914341793728086,19.937991412462797,28.65222354684705,9.975384991384429,27.215550594055717,5.77594525674284,16.555641565438158,15.689222288549328,15.787334731805524,32.257732040202896,38.41564375589289,37.027564787251386,23.686649455896468,37.62845834965883,30.33540776191557,1.0301920784784613,32.48065782193784,-5.166216635301332,28.22519755743604,37.67011467046131,22.41861972775623,31.715386329326368,36.72091531962752,19.59802690026315,8.559310129359181,33.090269658664354,33.10449258688028,31.225610582958566,12.21388531781703,29.142464259671915,33.02558678491933,30.836573944241064,30.938992371879646,27.420707170174808,27.140543727439542,30.000279539005742,20.14299489759452,22.85744115793115,34.84528674366989,33.57374815269031,0.9056950661798541,32.609258786167224,32.90439686656264,17.857423438800268,24.355172756058042,35.91070292858786,24.07092275570171,36.853736491300275,33.853965781044515,4.626828014038578,36.98151497347985,15.739841558670811,36.18028224532557,34.21281605143693,21.176244491684226,21.497488211432298,17.0638313562365,38.98361798937979,33.649328832285086,15.62157091371039,12.17289841617763,18.10651602760773,13.372556293806086,9.322580370286945,33.05298724039542,37.039372856758554,27.051955581376607,28.93311893519391,10.505249341633206,16.993999559474265,33.760566115454104,35.72300300356352
38.64632039920468,43.03526590504745,9.873842137050202,44.91236579278098,44.34266341261703,18.928194535945824,-8.351905871222533,44.53080544140099,33.05494286761809,45.39179397587127,21.008100537080196,12.95944579334688,33.03555452376116,34.25147820193979,25.320999361318584,15.93986179224762,28.121527834033692,38.65883896485132,12.871437785268489,43.49711918032307,33.49831207505244,38.82616102726602,29.4959760736505,33.189051578325376,25.509173182023062,12.181772473838317,26.080953017810536,-14.435227020494613,31.743990449555575,20.594082894859838,15.48695965213799,36.955576164611614,45.53563012351476,31.779744617592723,28.17146426964423,38.65713364582102,28.310815795992994,23.753099254896398,33.81199560628053,38.259351797070295,32.77228469313238,34.26894712099137,37.812024548424745,37.72797314976133,26.907319209107445,16.746880523198865,38.470140001819,36.89782109236261,19.915960289982984,34.669881726288374,39.232814346331466,27.572364552966885,45.159452182735905,10.633377647864007,40.66438708329746,34.23393857060582,37.17935129698307,45.96603394662293,-8.029072246722253,14.801878009158715,2.595351297334984,10.112386753942735,18.27093156615937,40.83679726633703,33.27909682071626,4.657450266083757,42.43362041721895,36.27062469195713,22.711195201622864,19.577185826999727,25.901521478382204,35.488105778443376,42.530648996785914,34.413696513811914,39.67270789694977,43.35268372784973,39.81870412423008,36.22735482975469,43.832649350259246,27.80224341043054,36.5203467498858,5.782574631192869,45.718389861269934,-11.24472214053785,41.57941716670164,18.317294934436713,-8.129094103941382,2.5194892504326414,4.59274704618001,17.46089351957058,43.24301806866144,12.994213870736372,41.740382671971616,36.69055615669929,40.6150369031423,11.657714775315268,35.98189085709627,-11.440462408910202,40.55397130518024,44.386490429897385,9.681439119189065,30.90155788274682,42.70111672449062,16.753159625612238,44.09984971778312,23.281494697703675,36.607764594827,25.186527019989033,-5.618641292624267,39.927020875710745,34.142939635718946,42.74424093674453,30.160061234422134,27.773080668219258,43.85122349753717,47.169054868724075,10.583274092193806,24.575829293666587,24.588379315359127,35.21953901351774,28.31003237792389,10.307116684576211,36.94197196357576,9.961673741843597,13.439908221025725,45.89217809568875,34.93118212893961,13.972815572067555,10.049312775010085,23.912285171487976,33.71760315471525,10.789538145637326,33.05080047569104,7.010612545499533,19.342492329213794,18.079772011946286,18.490253651877904,38.33392541004261,46.02024167612749,44.46560020465485,27.911069189572522,44.88877116835338,37.1516764026341,-0.14859284842717832,39.70240091438601,-6.765599815847229,34.616812927280584,44.99865414388185,28.283451508133947,38.296022932360245,44.72840613293762,22.700180032754297,9.701259192621523,39.95545889363001,39.33377196158273,37.40770408978374,14.193673176952505,34.665978717916076,39.43747715338522,37.64846917949583,37.86830851838071,33.28053869510997,32.280718542516645,36.241633334721215,24.20072963855891,27.426151073195495,41.65800192021977,40.22212293607457,0.8366818326813168,39.75344335668155,39.1881917573773,20.858786502985215,29.75510827573543,43.45046728003397,29.29878763302353,44.09937965220562,41.10020677965135,4.437412806150348,45.15184201879757,19.147172498799222,42.91506589465572,41.49272823903608,25.529293193638846,25.70357792893634,20.323612892585786,46.809892893531455,39.98638645429518,18.22338597827555,14.410306545966055,21.38584960162395,15.210507113368944,10.516151101515547,39.66659838760112,44.50818294456474,32.0798600528378,35.35572866056421,11.985276649933029,20.165793427461097,40.36732407118088,43.751212581372165
32.8538263951986,36.25219743383864,8.170140592608409,38.03645293218558,37.04282298397124,16.182112782806534,-6.709721427057218,37.40254022398795,28.251448065096632,38.32297081650202,17.644554416519693,11.162096726245437,27.659362831354677,29.13437940709504,21.952525197638213,14.269768950341005,23.62753289334642,32.5332950384323,11.298824422671402,37.06628425438091,28.139352965756075,33.07145155180856,24.94381703529902,28.12088666018159,21.60983483781231,10.478675037946248,22.46676058166397,-11.293784456604287,26.458703957666824,17.302800541941483,13.499450896524355,31.032029021994706,38.46696230649887,27.412467731038053,24.089235952530064,32.13674966336893,23.929012112454707,20.780763005276157,27.961735956733907,31.84288847165876,27.943187207571203,28.865377451136702,31.9814527408946,32.025437907909954,22.417017785101326,14.070636317459766,31.89846779887615,30.82241838431979,17.088817841220575,28.600023178475265,32.53980123347928,23.557617240644213,38.030448713403736,9.053361157510876,34.536269287993846,29.151399651392335,31.506526947816717,38.37725444329695,-6.808043337567479,12.852883024340995,2.7075859683434063,8.876016468849107,15.95091078510221,34.21906715087131,28.15843574525248,4.154020602991427,35.52701172612149,30.615349348005402,19.4177756591698,17.17210870464081,22.20700922399606,30.146055126991662,35.85372316434822,28.908427727678895,33.17236758883122,36.58544792410816,33.592499088071854,30.68284786153075,36.77920606503695,23.357114799057115,30.88183863636635,5.473611360829993,38.509468331192664,-9.239374691691602,35.204012940498245,16.11276737877825,-6.8151154219708285,2.521294929408095,4.048055726507738,14.822657011098087,36.56849202504898,11.08780559628632,34.818667819924954,31.178680410795085,33.96208534454201,10.064120575899437,30.157517769799647,-9.367746578786177,33.88099209498231,37.17214065973625,8.600023759977173,26.37970018881354,35.58686184438887,14.627295524558455,37.16711408438112,19.371775883628576,30.462588119941433,21.802181106041804,-4.009144570190876,33.74460631495544,29.02581336723529,35.928855071663634,25.35148603375284,23.375463969596034,36.71599450933787,39.440764884154795,9.083521396856565,21.25869621210997,21.35131731312008,29.388662779129323,24.41703449134348,8.83311708300286,31.3739525661604,8.449773683099304,11.416309497107115,38.27487416473471,29.859690595821856,12.570367330288766,8.872861640109013,20.26707708326794,28.7485574623926,9.850445643164818,27.626263388278105,5.9705345176599245,16.64658814437435,15.795102702013846,15.976637754344948,32.62411797980875,38.75054892793812,37.59235158696146,23.773952573207502,37.91761197283035,30.968012749622364,0.667085811073026,33.13696818624489,-5.235974999630519,28.857049125893283,38.05765545871189,23.12137171167023,32.1268863927519,37.39939230643658,19.641478429137653,8.476950440057765,33.42118326516479,33.28358276822619,31.60733541353237,12.261896525395414,29.49559008222995,33.233345172942734,31.337718106382393,31.512946197900632,27.83487824370581,27.412617499651738,30.450647133674664,20.480218148175755,23.137910178466942,35.14049390441083,34.1064072153372,0.8329771069012422,33.16320767446414,33.080248682927646,18.004133356138215,24.8797166659899,36.528663356303326,24.559481089116137,37.17826171484227,34.435876704485395,4.452620197001693,37.663375602685235,16.12973910948958,36.38811984098206,34.796038411929175,21.646669347749203,21.540779369421752,17.138973118860644,39.371336929567455,33.77588664701571,15.7283252679565,12.262390578779252,18.39900046348196,13.376255156009067,9.252797902912928,33.452359087839866,37.46341797917703,27.196194159318214,29.48722435699596,10.453579809852322,17.165224884458055,33.93861091888041,36.43218396907766
35.06692792559023,38.41778465306732,8.733086378793702,40.62728095570852,39.48017525709242,17.11454792105025,-6.892159393548366,39.950198524513695,29.855587634282095,40.5925203821072,18.525800754926596,12.139278478662284,29.123226149695164,31.01618898882496,22.899546757710784,14.802554635550015,24.656823701904642,34.88960122075149,11.376645604725049,39.21784578088026,29.72150534726483,34.87693093122764,26.392485951023996,29.551094493306433,22.745222832420893,11.201226589681424,23.288508275078247,-12.224745808808022,27.860554365042017,18.415457500649108,14.091329693365914,32.635135225399885,40.846669389120436,28.969011433282937,25.92762667478091,34.214371002446086,25.174457766724295,22.21919012277421,29.71832510660657,33.70327228314159,30.038422820658905,30.524555218909256,33.90895384312383,34.391363924547704,23.681691678413745,15.109121156019722,34.0084490121575,32.547983359908365,17.74152852087218,30.462173947322416,34.62715491467982,24.747933626485345,40.248871980989435,9.588012669382744,36.97714787639774,30.989935642589934,33.81817445088908,40.95186918401456,-7.369619792260557,13.49215266229251,2.321453599581269,9.197941513617316,16.26311758033711,36.2862894088114,29.68101837459201,4.4419518825812245,37.54257930189588,32.30902688337828,20.508503735391994,18.44119063740225,23.91057139048391,31.758198053198765,37.82355112337154,30.611564620761452,35.53634597829519,38.806007844970885,35.99061947517021,32.95968806965497,38.93322544123054,24.508295058551138,32.396585927434856,5.779009224895877,41.211133989194174,-10.072462135601702,37.789460628647376,16.351304036959554,-7.219577496497762,2.301047152570212,4.201398989044986,15.943546002293076,38.610315928508015,12.217048807460104,37.26050738106458,32.78444487856485,36.33526658987422,10.477644823404555,32.14050313068842,-10.167319937997734,35.95742701770008,39.641582354177025,8.735278238871489,27.846269646433353,38.076607932916474,15.536110798964158,39.51455218248801,20.337303620688928,32.35198877978986,22.6165865676367,-3.9596759014565497,35.82567345283056,30.37076339324811,38.39555837742415,26.469327700440505,24.76471559206773,39.218567275863926,42.09080915193103,9.656030027385965,22.404026785471387,22.50685214144155,31.037199025159328,25.383554400599873,9.510766742609244,33.43887181838427,8.74075659732202,12.139306419412925,40.84403674701793,31.391612336319056,13.302148416595154,9.145168544046822,21.473311145438327,30.681330710765053,10.41924183865368,29.388394422438154,6.074671362116237,17.326476969031546,16.297871261270192,16.85379231138837,34.585063058475676,41.634762635765604,39.623822879894554,25.417203740405448,40.575460336909224,33.01030198040283,0.798330732336589,35.16954152182191,-5.802769185490115,30.503638953794244,40.41824119109326,24.64214058806499,34.31487671418693,39.8234965616817,20.49087153544095,9.296139875367023,35.98395325926202,35.521176776635556,33.72478059376374,12.997370070373814,31.102272187396775,35.782163655249505,33.54353670086697,33.67185062633919,29.779806326945543,28.967003353565204,32.36522984638707,21.323506004870147,24.754561201068466,37.52035612261383,35.95002659037369,0.8063419293057963,35.38320343938708,35.54888139935325,18.559328518026096,26.360424894613566,38.78046063961771,25.84008787776476,39.862470532520085,36.70732499298112,4.67036017113339,40.13844180022669,16.74841409792822,38.933030938227695,36.6847627835173,22.46939575094231,23.379920523613535,18.236186508886192,42.19450993840231,36.418163630766635,16.520735219267895,12.849107487860824,19.00481281289177,13.91429000468317,9.586058190810716,35.729616105542384,39.92217813710121,29.125941671319794,31.260414654939073,11.007227295391397,18.064676877388624,36.66305033851813,38.769780894049646
33.63008087708318,36.768258321859925,8.098886467223926,38.990189340064596,37.50939911935607,16.4750168962415,-6.366785331066418,38.10362473985743,28.789063815479246,38.87134449189223,17.688386429469208,11.61306697428896,27.730604133268915,29.831109559897946,22.38849748949215,14.628845855783654,23.599747320260427,33.23923592396658,11.349035727610762,37.68482921264515,28.467169229713562,33.510237889160486,25.30463704936815,28.184467576379035,21.731369136067787,10.726728460563976,22.681699811323437,-11.133785238574402,26.51979250157957,17.637216747786663,13.727157836356492,31.095972624178597,39.127236599040124,28.14144668185691,24.988225544367126,32.48058615818572,24.087488822414322,21.565373340117958,28.051818372437772,32.0800407583802,28.78129690328926,29.071673301040658,32.704506539520516,33.000107275236154,22.43416589886155,14.415515108675983,32.19712385469069,30.989221487707116,17.27702812860686,28.794561182429042,32.86162039173232,23.759029424337363,38.60444265456334,9.39215422911848,35.50318433784415,29.784181979392947,32.3483709295316,38.992630419270824,-6.850674919143313,13.137058144114945,2.582275578584683,9.124699151922286,16.00328160074031,34.55875909554053,28.337914873273537,4.37950033644637,35.80843736543918,30.85092271356429,19.899054912014886,17.913709897817018,22.993218359305825,30.626425257905552,36.22934546693632,29.185525642703006,33.818598896696834,37.12199662589434,34.400391156858625,31.60957785397548,37.20452456487728,23.44750916316295,31.001782447512255,5.664203318125199,39.332671584931916,-9.487391545771356,36.19480477393898,16.080267538759436,-6.928444638059528,2.5173886055131796,4.150742748126617,15.162773376307532,37.039994246455834,11.72618307208046,35.358842522068485,31.677992386480234,34.57096900498479,10.116114095931675,30.49229554577202,-9.479289199650596,34.207848755686044,37.686939076761306,8.816973680101928,26.89238449256098,36.127838028549895,15.134797372088094,37.78695626318831,19.35820687461845,30.754382155611218,22.009965893906973,-3.4557174386128957,34.30648566405908,29.17050513737657,36.66523623071378,25.297746426614715,23.538265265498413,37.406673749474045,40.06553672132915,9.374410831454387,21.71976584970964,21.894967124670217,29.552706665951938,24.724602505395943,9.023788865326567,32.06623406196254,8.313534574801519,11.770380624064911,38.83922573782254,30.298371783319485,13.095602371496417,9.295478822736836,20.42115286576643,29.618684930702663,10.285100283322764,27.925301651476598,5.727449220377176,16.91728501833621,16.039369818181353,16.25986828457101,33.2249700368617,39.80539708693158,38.0170778285217,24.40206245735898,38.81752839260231,31.310446800899243,1.101153663887607,33.43333614071695,-5.320111301472411,28.97337205721637,38.79765277958258,23.100295154407313,32.66777585486448,37.96385860863989,19.986038437652383,9.0050651313459,34.23288948002766,34.04733417216274,32.247618135032226,12.497316718731266,29.932922547689568,34.07827850899308,31.810949764454,31.885226970993237,28.235567616931988,27.793676378635055,30.827050431071132,20.42771679788706,23.674879003634377,36.02281657767216,34.44646579689978,0.9625167581513685,33.676600104012415,34.00131000878838,18.111629640281325,25.06863112706498,37.023357212375004,24.75588892262683,38.08160010988903,34.86193568758694,4.829712008570285,38.134947435542735,16.038065344872354,37.373811481098805,35.10154025619185,21.552020196964023,22.137245834956758,17.41580894653918,40.36751061978965,34.80338946894692,15.954022365949418,12.381831692348891,18.511219740987077,13.687227661528,9.575125931971664,34.143188419217154,38.14398667835885,27.876668817744328,29.744717078420358,10.790756447814891,17.545455343480498,34.985989979600916,36.843849446149115
32.86898070918273,35.80044135368915,7.858081684581706,38.106426584194615,36.25362252087313,16.081852299584124,-5.913221814047396,36.916536614327924,28.14234765830137,37.79571066570648,16.85682822679714,11.725850661689991,26.844613610778463,29.17840285300001,21.936174918505607,14.401409402104754,22.73303845799884,32.42675927048625,10.80499522694753,36.94156533143645,27.598289287555744,32.57944675591008,24.273624638229602,27.451847269246894,21.26321155152845,10.501944839830145,21.86984326724803,-10.529682907633443,25.349692839268048,17.10357939848581,13.357909377583663,29.97100768580355,38.080178033987934,27.636641169346,24.617085335848437,31.300962809235433,23.508605308273548,21.318861415127326,26.847995412457504,30.84067546409967,28.177321897921356,28.494754101296255,31.613426376033008,32.380334426542035,21.532388508004388,13.763404774160103,30.94712825944297,29.93024370257722,16.64511085878203,27.688280749007678,31.59076574180929,23.2641497601904,37.377979316020244,9.027707312818116,34.86093371051796,28.94021058855856,31.75085200016881,37.64635425424601,-6.6421259765582015,13.022146192626444,2.362708495074573,8.81758262652808,15.461774068690312,33.371900995230725,27.707526011190986,4.389783484448436,34.497049385389154,30.09110625381908,19.378289082884294,17.911250999245667,22.818889817983983,29.655000081288673,35.06166180549647,28.300736072744726,32.814736153086315,36.02602400665509,33.70074026367808,31.015929746872214,35.88715448137134,22.762920090202776,30.103744504653935,5.959473168962012,38.39100149966222,-9.186341187689292,35.40992161805677,15.823791820487381,-6.6810958837184415,2.322295559837952,3.7888143985854703,14.743728204646759,36.02088686810463,11.767684667222529,34.26399583413493,30.64645638729744,33.376213141043955,9.849822324711104,29.886464484125888,-9.333407356001418,32.9825305643301,36.47326885812785,8.387481623057916,26.47851144467045,34.84042899897583,15.106906438635377,36.71881963638007,18.623165084534545,29.584050951148118,21.621038799194327,-2.8534320924478234,33.31740925693485,28.544008197350006,35.680861885099176,24.54441494176073,22.92867225686398,36.1145113507411,38.81786241417819,8.897457711502001,21.288374169314277,21.64663603633866,28.473522325611082,24.095190001461106,8.819352200594613,31.573041608991268,8.267086749280923,11.113109269738493,37.55503895350393,29.4647073448805,13.090625076438949,8.732513764325576,19.96788353202146,29.166000557292506,10.51227248462815,26.975068849571063,5.595480493987637,16.258299038340784,15.814119837412298,15.97964196575301,32.44756073596834,38.78544537963242,36.90532556540338,23.84632082923303,37.90921973025181,30.299634668214264,1.5059171283098052,32.1929894526038,-4.847586135101445,27.896259830978586,37.679829534947324,22.13522826465537,31.73370047322392,36.76716491193349,19.417767233600905,9.178157332807007,33.23741893813786,33.18518860825362,31.57745486117645,12.350003947747648,29.094289735628433,33.28834726729114,30.763253317496748,30.824802033553,27.493120714636746,26.918721450083076,29.822166983829906,19.703681234509915,23.25329510591083,35.108912878264825,33.53159130250899,0.9380222961900253,32.60171501132095,33.245607162232986,17.39703635813226,24.142439794926254,35.87407685186929,23.807641355196203,36.98384656856786,33.75658973788545,5.029741834572795,36.82736191773668,15.650282523563082,36.663746045070674,33.90853522440625,21.066487628872736,21.582575989472048,16.77539222672081,39.31961786268388,34.09535820776998,15.697936565042191,11.767847891469536,18.07161842161413,13.507841606141637,8.971588105664152,33.3284666322392,37.09684011781216,27.323221207632276,28.92145473349452,10.682598338773163,16.715805986534363,34.08179552981855,35.51425755246805
31.920175739069062,35.32350392701288,8.249427772921596,37.10534443920378,36.548189597482015,15.862164450926382,-6.657165018566556,36.79789739862995,27.43624186967919,37.43197406380241,17.501648143763553,10.818057509863792,27.084641630106688,28.329304510013685,21.07136545859698,13.548710101027533,23.127716430778904,31.929802792083517,10.818928594547042,35.89720541071515,27.478669980832635,32.17505436347498,24.43279823502272,27.36944349993244,21.003835513544537,10.39838519509444,21.717464739082857,-11.493076713557263,26.123343884169497,16.87145395955496,13.180335042375718,30.445348470272524,37.53704170211365,26.390628906705107,23.476055355599584,31.800819236410963,23.409637909400647,19.94482758596489,27.76024046210703,31.35860685808977,27.245696328830704,28.163461820888713,31.180767404134645,31.25480799460967,22.28153742999606,14.026713891620778,31.612236863998326,30.28068977379259,16.55036513038108,28.326754511189616,32.16355157056779,22.785799263436715,37.20029567767214,9.024870701417269,33.570693947896274,28.416412685897804,30.782048043945647,37.80552829086402,-6.771751422636044,12.31138980998683,2.42180071217733,8.584498190649173,15.330586731840185,33.61057542185669,27.45002324839727,3.827144337970181,34.907633972313555,29.8177277001318,18.817523343129213,16.49957544615178,21.520742430549173,29.264005326340346,35.122013133975585,28.420184946830325,32.62519852847925,35.774418378475964,32.82880699731629,29.806597135742226,36.0849205838861,22.857746768389752,30.11857796940367,5.120813471944628,37.67629494516028,-9.272500563808666,34.391734923205036,15.303973055680126,-6.72130984529289,2.442742762399765,4.002325607329145,14.723530532140813,35.65721622960942,10.860728091176876,34.32638863728982,30.385419687484266,33.47184788021961,9.898298536724141,29.58389141714665,-9.33291292208845,33.41754900800146,36.59434745976361,8.210137113254298,25.459914578797555,35.14386854565326,14.016070530048472,36.37048084757003,19.126129458336063,30.02270559548537,20.936390772015432,-4.22331567493528,33.01265787164703,28.15185909853699,35.203728750959264,24.825066748344703,22.861164762109784,36.19808189644889,38.78581921352647,8.994162344255813,20.543176158390068,20.51334595480822,29.041232387724136,23.576982284410004,8.806572422104436,30.501630364490588,8.120482135093699,11.316867023897444,37.69131989666391,28.963122280617814,11.96733699737331,8.4950923982791,19.8182266853723,27.85120141467187,9.189644633208335,27.356647049683605,5.910111351904428,16.262363215220876,15.163290925222652,15.612166733278277,31.689019173403306,37.94136530155502,36.67245796538333,23.201747794508634,37.02320479679268,30.529397167845186,0.2673889418406569,32.690193192580836,-5.315483866191518,28.464088679968565,37.14846896972306,23.054460478455496,31.632272705261435,36.74465553235341,18.939411737522605,8.135573509008978,32.90296865663672,32.48671480318468,30.886692102128904,12.019828484022451,28.69028407801792,32.658245303421765,31.027220021110757,31.162618587096375,27.427623515590582,26.737465742074463,30.004291218954332,20.02713168639271,22.481002120252626,34.35486842855233,33.17705454045532,0.6291140154725926,32.67273655475665,32.34027823904596,17.475181796939626,24.50514809536247,35.79373593694095,24.06412758966645,36.45863218130245,33.85288839321253,3.9431387619774045,37.1415388441792,15.812929609056997,35.396734849683355,34.132531664535726,21.07015651434488,21.191436414937943,16.968335655185946,38.5788159747124,33.04873180095831,15.268557453531908,12.084478080096249,17.736342346516484,12.749917890668502,9.03875913765931,32.62383616221857,36.66975406781083,26.454620513150836,29.00613238370251,10.134659226693003,16.886756043732905,33.32650129180498,35.95899167492491
32.72262000734466,35.79213982989255,7.886355486881273,38.09437237607056,36.576182940424935,16.115978527243985,-6.062765635803072,37.24579124095306,28.166043628286445,37.8263112727631,17.11742871223672,11.662371347911417,26.876675289116058,29.212989558960118,21.770042884805886,14.012805953470759,22.678565137831175,32.59674152990358,10.718364917340862,36.7560386679965,27.664208192557968,32.55037866950227,24.585470696455246,27.37899700608694,21.107113758020187,10.510545355390725,21.802867236011586,-10.901705171981563,25.652653458627487,17.307588467250277,13.331596783777512,30.11218622492687,38.12079339149428,27.363998231800952,24.453203625214876,31.633446091552717,23.304978292260557,21.1578718258938,27.293498709571686,31.12376315059728,28.18527677688389,28.308349633407243,31.866750996814904,32.32790393484188,21.808775482623467,14.09771949768788,31.37671622426725,30.07398687784293,16.709477551846796,28.04385826251138,31.938202106322,23.004948302211627,37.493607805955726,9.061063373590292,34.67256557940255,28.949346642726603,31.70217810218255,38.049220491758156,-6.817190113977718,12.89548310052283,2.2274866439188714,8.641103858903893,15.158598052813392,33.642722110741886,27.58195226314647,4.30864947042654,34.75604369007488,30.05505310210701,19.36678979195732,17.58253270678097,22.610976557299498,29.754022982783177,35.086426409490606,28.326410782077858,32.977844926594024,36.10780146137912,33.59600918053258,30.975530160935325,36.10205766019584,22.73451360751851,30.081168685775438,5.730446143639205,38.50110277015691,-9.26218074744551,35.49219366863239,15.31487317603663,-6.741668329520011,2.187360682100112,3.814674047331245,14.94021020813832,35.94832368027458,11.855346542949409,34.53183276434995,30.693731526646125,33.77199498146041,9.885249265270796,29.810629093675985,-9.406243992007218,33.28490808929604,36.81401659367901,8.52489694853837,26.18273580544324,35.27714221865853,14.813448488910154,36.81897737551044,18.762558599852674,29.86100601067931,21.133885139039773,-3.0281196286306966,33.40114132779539,28.24447540341634,35.7650828914888,24.533309570674927,22.952153880788547,36.44537584734932,39.06158548892075,9.040796076083637,21.081237876604586,21.234866309198967,28.64355505859891,23.775079278036284,8.862702779590112,31.336143177038945,8.27809160513818,11.371082062954201,37.86875247793231,29.30703513679119,12.74247324401913,8.819753873592466,20.006819241775258,28.897442397715007,10.23218047132293,27.212275179659112,5.599261831825547,16.278843781016903,15.656308728094892,15.916234765969566,32.316663506359035,38.9868305241389,36.83176353439358,23.876929164582744,37.870626742800056,30.662037676097743,1.2149713005182392,32.49250999056912,-5.082503614407172,28.126827828291667,37.75940110341754,22.45479048321983,31.93462217088999,37.01578455380873,19.28766617287315,9.188264618414937,33.54441241717589,33.13820508194138,31.55636067639756,12.37601311851468,29.020403369215273,33.48212277530425,31.04548497183451,31.172352949486577,27.629337145036697,27.002173547943748,30.044909639294723,19.64238889966569,23.23278765074848,35.08320562487634,33.52562948737544,0.8686570508929626,32.85286781329584,33.32356675004627,17.303248725778747,24.361619933961666,36.03035861671155,23.8791338972418,37.25094677639565,34.06991787029226,4.845285208815721,37.16203122355342,15.54264031332611,36.51792237806298,33.952874577722916,20.79137850510762,21.69052738659412,17.00590540015468,39.51771797052466,34.139525287416795,15.602298076059258,11.935676398024347,17.99610485269834,13.283421849695454,9.165599741172391,33.450884337865375,37.153083345321875,27.271855667469154,28.929030381771327,10.467569629712534,17.016953265032317,34.33571680852782,35.88440898573673
36.022080568717584,40.00287016542601,8.868583024164845,41.65856294237863,40.756986739689154,17.66439943129833,-7.7152849179292105,41.073336898873535,31.08386065210977,42.21076467863786,19.64829105070542,11.870543890501713,30.446242203702276,31.920840860724784,24.127554275935353,15.884137036988696,26.28547244355459,35.30147382336118,12.863092918849684,40.6721324393904,31.063087672665645,36.67167170968488,27.450386311666836,30.843966773988562,23.527178464596098,11.373330104831368,25.24488357235373,-12.24927624083324,29.50233102002323,19.086804454116763,14.870903063183059,34.47213591500183,42.4543635051739,29.982384094034213,26.142212333268606,35.533629873725005,26.32527678401309,22.639426310467744,30.843363434964797,35.328927735055835,30.374286329116664,31.466649598760117,35.38999603557914,34.96243162063192,24.67150523798126,15.46041689948773,35.117246579950745,34.138086347382675,19.20816889321197,31.56000747701889,35.98012901493251,25.815544372075635,42.17976962535555,9.8675808851813,37.736846683907956,32.1418165818387,34.22119977964422,42.29660392136824,-7.3515853375772595,14.188017399351692,3.1902738044519343,9.94653944091372,18.218646044652388,37.76335600461554,30.761583387524663,4.020477573422887,39.39705939747091,33.513123166019106,21.155888698945358,18.42820953083835,23.958488162949248,33.26562269290792,39.84362124403277,32.016345815081976,36.29432402950421,40.24800171429147,36.70173739532193,33.234270440995466,40.86181462959091,25.71330476509437,34.18814919270467,5.35002529290417,41.977732337181834,-10.204106701766754,38.32677081689251,18.171029959917192,-7.635888469146152,2.674455240348421,4.469310186712759,16.19611331377973,40.29015685420145,11.990476879178816,38.1019888040439,34.81571003476005,37.22189494766577,11.048366496483242,32.8468778994168,-10.327464334600968,37.47051513826989,40.87936393661005,9.646000061534462,28.970761114680464,39.13077573455512,15.864077392889838,40.85207213824416,21.478019074350247,33.75793687963857,24.230170497039456,-4.739503216597573,37.03220337795309,32.05409871980653,39.32514940051401,28.12630140168054,25.51307071417782,40.47143135234287,43.32528333973498,10.080771833902125,23.156147746932344,23.328526998662614,32.64502401067075,27.425101261629624,9.292487369516287,34.06788306278278,9.096382800844282,12.728236881407947,42.160750301030745,33.265752835673204,13.703714945956277,10.013584122744113,21.992643982197645,31.362799171203157,10.674591343096633,30.41563123651974,6.416928674617698,18.7998696823483,17.19040294539125,17.485701841662625,35.68409757105292,42.34386127591132,41.569526379587195,25.992594525741037,41.498543156922395,33.980350284230184,0.4698255284906963,36.65457820841749,-6.004747540715849,31.831720545750937,42.122501183082385,25.398421168907877,35.29763286206268,41.15993406756158,21.773867492534215,8.881415616135353,36.46761146823452,36.47738723245502,34.45274863681982,13.232551142767932,32.83944806346225,36.12854984233662,34.33029796292204,34.538962836729674,30.194009745627596,30.105879099317267,33.38120470453725,22.67766412090961,25.09555688217496,38.65633074468215,37.41535643842129,1.0650130889424343,36.53552537860156,36.04947071482447,20.443321355846123,27.310572652597184,40.276053549066,27.309970108367757,40.64491455839083,37.83866343554989,4.879604980120954,41.41373856398493,17.709673140062982,39.792202905419934,38.68901380804208,23.98983616931659,23.30660720015982,18.92872731655943,43.08431714252132,36.673600139008734,16.96073795558772,13.620949453430116,20.15118258800107,14.587714593459552,10.194065602226683,36.56834112127349,41.021927469136656,29.51243316698062,32.47723253051317,11.558836205092799,19.120289178177682,37.02662410982428,40.20269762294896
34.20187198464568,37.556949854019955,8.478295722116348,39.76988498157519,38.49382652091831,16.75993191821154,-6.558887415695319,39.027554255474726,29.330859865903648,39.71141897314158,18.05989429256448,12.03706151983929,28.423869032196343,30.437144398146152,22.7101355218227,14.42832968318937,24.03224656863846,34.01904750375565,11.23465959680832,38.409405725424755,29.145367777664518,34.028977443618956,25.76381735959395,28.837090887538036,22.272442990540956,10.868841802541791,22.825465427379925,-11.784016371241043,27.151357737738028,18.126211902476633,13.876982124011757,31.82781822467139,39.94753389566239,28.488464335860215,25.342162190588976,33.372252431768985,24.556274860786864,21.695781293377905,28.873111223650113,32.875938689805224,29.237364590621404,29.79439867773218,33.35452924887553,33.66548409745136,23.064857549585835,14.696967499233107,33.146270002889906,31.729679818299196,17.453957649408295,29.663180286961616,33.710853707865546,24.168044192716664,39.3415037426511,9.472667322577244,36.17851316330812,30.248543360875292,33.037158394408465,39.978481527358355,-7.092567138885847,13.322901478553826,2.381062464935408,9.19399358704957,15.896866125063855,35.40036180366422,29.01870610499257,4.366208347290632,36.62975460494512,31.58251169266829,20.22249205561609,18.062891840485193,23.48359773426839,31.16362093633509,36.924980670572516,29.863358476291328,34.60292699139628,37.918320254455075,35.15190752990851,32.27147006470573,37.98453755017051,24.008582034734903,31.649100190477824,5.704292654697958,40.246064171358164,-9.774783821614804,36.98548103795967,16.077644921913773,-7.106938522715848,2.3575256279779215,4.0310881661349685,15.49092444253588,37.81611541727434,12.129030890291325,36.27347084330644,32.233845401700506,35.454124607593386,10.209821051285434,31.35251432243521,-9.956087136750948,35.138800551525534,38.62908445546352,8.836921979613738,27.361979209810958,37.07706033890966,15.229181179406078,38.605371246873965,19.936525145269616,31.461861560307096,22.12380561388191,-3.7302963332216965,35.03407619597358,29.767683398738438,37.4167449832867,25.957268614983118,24.093291956155294,38.28643967512957,41.079087119160334,9.40819046560447,21.96818504948387,22.062491741006955,30.302024928755884,24.869422359693964,9.191572162188578,32.78675489721372,8.580487403749474,11.935754030120144,39.832215362577934,30.63034944269819,13.01546676366096,9.175253858209643,20.890450583175028,30.09344328629571,10.318620684473721,28.597123803829913,5.998078698998477,17.017362307754947,16.330138306037245,16.517691331112236,33.774536004400105,40.71690851255181,38.7124088695989,24.868726326356644,39.554984474094574,32.27864219926233,0.8136066838306305,34.25623757854596,-5.535659989196643,29.68314415293226,39.538180097049135,23.95234510054504,33.45200195396477,38.93208394781767,20.10219154354729,9.310191826151875,35.12655938722682,34.65660457868185,33.01652405695262,12.745484892313211,30.33339351675637,34.906234247865655,32.62528541453096,32.84063607110741,28.999604027712888,28.192691746210105,31.56650005530506,20.77136252373902,24.27225286643917,36.74124002645104,35.19547296190094,0.8178958933636238,34.55165185980721,34.76996011787695,18.163756779560952,25.621744692713907,37.884640756751104,25.182236155375136,38.88605004396754,35.76610770906183,4.66854759784218,39.11465736975378,16.53727551061655,38.10830829415028,35.82066590684668,22.01196751912164,22.686148565255422,17.727946909485187,41.287383609102214,35.54105030853759,16.303878596256503,12.522445118830543,18.794723688315102,13.77220749793961,9.535432941708745,34.9359514240814,38.97314391080459,28.37863776480016,30.5536675075842,10.850357936906834,17.79355108736951,35.76025352822049,37.819369700923964
33.123827155822156,36.4126700862681,8.093180661784062,38.45024044128684,37.251409579341484,16.22928887733704,-6.456084024914551,37.68760786485486,28.30750525583874,38.458797116711075,17.506733309065872,11.366159448873526,27.63004570999813,29.37305816443004,21.99095339357398,14.242670422572777,23.434403498369672,32.890159835226804,11.15643840416214,37.2189225045219,28.250827077042697,33.096519005315535,25.035778385520178,28.046940032533733,21.62928743253375,10.597747851182993,22.289473664876155,-11.375701270970794,26.353694196273075,17.451644303997167,13.616706964007296,30.93078038875932,38.627974713859395,27.664446759254485,24.529106971600328,32.32288316506009,23.95574532524245,20.989835494484662,27.925326615504346,31.893429314913472,28.26308595799487,28.969112157241515,32.22950316207871,32.535837007074846,22.48410585903318,14.232619501917968,32.01554696017178,30.841913052437047,17.009566649127724,28.702266760886744,32.70522012454972,23.606701124455327,38.20302631313988,9.237961246571437,34.99373490579171,29.2392152193295,31.895200681599892,38.656056896562575,-6.789263270363009,12.881223857201308,2.511393119170773,9.025338564623867,15.727743653212787,34.274305877487144,28.194404936615104,4.183260885984305,35.581212594010964,30.62655730136116,19.594816897251377,17.45106015638114,22.640598327588258,30.263389751783375,35.931344162774785,29.049834062251076,33.48911999957378,36.77327442086904,34.00146991257853,31.110231519821095,36.83700748687223,23.380874677416042,30.75913483438515,5.52353957931855,38.86072081953098,-9.389379993723521,35.70886950973168,15.867572476210851,-6.838087521650487,2.4793525138759467,3.997310559949956,15.032110276719985,36.75278398281411,11.467146852689083,35.05007024955392,31.261557391702723,34.21702465934713,10.12559420465619,30.40510197867578,-9.506667372737121,33.96098396970821,37.31516316661939,8.658867477688576,26.48528456403053,35.796740471171915,14.808081190355715,37.451291730496635,19.40082316708054,30.477857743862394,21.78353752792583,-3.7265845996774574,33.992212414779914,28.954134198335126,36.26407838027138,25.234465891796994,23.33883997620483,37.03912756610373,39.703994425134496,9.095639968340805,21.495790922084172,21.395759295904938,29.387960761771566,24.348774529330043,8.903407792977962,31.722575057175455,8.294073951848512,11.486223986035842,38.52205764018818,29.85505345242408,12.683764446989237,8.9839532178492,20.224415049270444,29.202925017916872,9.92904935225282,27.741163604666127,5.776763963277965,16.588197447610334,15.867088275901766,16.05683477143429,32.85764397416869,39.2285319222916,37.629371194190675,24.05137917298125,38.33729091288835,31.06359922650865,0.833946217785857,33.23619765121373,-5.353937776000213,28.900450016334222,38.25646749576737,23.191727344396753,32.37170402728458,37.66932646453214,19.593182261444184,8.709797821934991,33.82914188131935,33.62872841019346,31.945815092221338,12.376651775181456,29.53319431674043,33.621868644403335,31.60687109001916,31.694607844615124,28.106885523253077,27.46629481186364,30.533722314417833,20.298417979993857,23.365433085942094,35.537973675726356,34.1555952121499,0.8795059855775097,33.355703560052106,33.55108007375407,17.812040412836975,24.885066175138775,36.68129586554555,24.533243330479387,37.52483073964962,34.53678809085054,4.578050235867849,37.84458321675938,16.04262094587949,36.85936311727368,34.81581512129805,21.416506320192706,21.818127157759577,17.17812275328272,39.864178122730195,34.28019822664938,15.869590733543154,12.226634281892641,18.307892605113544,13.53228277923603,9.362832809546578,33.67020132344551,37.77270897183777,27.556030121777084,29.625557007818912,10.557755207611667,17.268687006595464,34.47943678825871,36.567325601514014
33.991723350979264,37.43187533866955,8.260319617298622,39.43567374269473,38.30741170326161,16.648180978368128,-6.703116762009265,38.78686350330473,29.20078828782617,39.57350101810115,18.220542444088082,11.565747085825546,28.34388173626513,30.209961132943036,22.644958423340636,14.768736254343207,24.19191717582695,33.6071581349694,11.743738205601126,38.22592531693923,29.049223117643173,34.18813761130417,25.886415594828087,28.808906792475526,22.155755068117735,10.758462485269403,23.14663405012016,-11.590446378890096,27.26620540132638,17.948801282136728,13.911887283019407,31.96139281821522,39.86086745455631,28.32770601265974,24.989987629016152,33.208854940596595,24.61225283068157,21.602603606291524,28.822961695439087,32.88183512062415,29.04861742033659,29.60867438689871,33.26857996412326,33.211938182895956,23.040216038632146,14.680464216370003,32.9803185603507,31.68880055002003,17.742572503932276,29.430666909109515,33.569035744021065,24.147724103454152,39.357706399502504,9.47646019758711,35.78000675386315,30.157151487491472,32.563911709823884,39.73647637414082,-6.834310491578538,13.26452071314585,2.730739733042737,9.185669048591693,16.455646818036595,35.32302236152663,28.83019230340319,4.385706101166983,36.6626972961819,31.41126623523224,20.111072716041125,17.81144303083043,23.017609764158337,31.204553646263903,37.040359162781805,29.821850287376126,34.369508104214496,37.81554554655477,34.76924234483855,31.78684308281986,38.05140350798287,23.950112936600743,31.780648792215764,5.517166286627718,39.84043110892721,-9.627550035000333,36.526236260052954,16.477320346992872,-7.167955959750599,2.6172557944974684,4.197569129200565,15.417439629432824,37.67815802854492,11.679726846469103,35.9912835599436,32.3185311180375,35.16433692290706,10.243780871393492,31.020381010277717,-9.752033370420087,35.00312520747761,38.46308682097245,9.053587871408185,27.244441156406015,36.88793292034812,15.104646696286299,38.41656460810206,19.914021589449625,31.419195901326518,22.46421210716078,-3.9193872064905726,34.957001940884545,29.776680636229496,37.21723084453033,25.96518221489248,23.931400781885117,38.054691384397465,40.77403270857126,9.51886954707537,21.889862592483855,22.06506012027389,30.355168708884186,25.250136163420862,9.095156007621858,32.387129794378055,8.50366088766148,11.947498643889691,39.62865328317181,30.925148666378657,13.060294809737055,9.2389264043222,20.79733314628879,29.781426901221668,10.211746457740638,28.560300212408496,5.836711218059496,17.333051958201217,16.285068237844452,16.404682266823055,33.64887653584854,40.26511783382987,38.76893924697407,24.847008737810466,39.26520747979787,31.96671518041826,0.7602341276139266,34.17124890831681,-5.610598945513188,29.696111448633562,39.48759582528032,23.731042266702996,33.25417158274473,38.651137582297046,20.354126983437705,8.816444108670138,34.7020143599152,34.47209842733185,32.558454630091006,12.590608857801326,30.529158228051177,34.490123924337674,32.35834077541375,32.58833292418938,28.65487901698921,28.27755182667593,31.439472159791087,20.946446399658576,23.95559243272908,36.44001697174711,35.12573478880541,1.0115218397351575,34.304557260435054,34.323199221736196,18.703186990781333,25.599802440177623,37.72334919814713,25.379135122272324,38.596235264462685,35.61072354765405,4.683877102723526,38.92262431354505,16.36034359923228,37.68902064824118,35.91267867778007,22.171663393854548,22.361526627525897,17.81371162866268,40.8419551117221,35.07344658253731,16.16043097884379,12.739637686573111,18.88291319788681,13.82763139085182,9.76151491298874,34.63657831255028,38.74007536042885,28.110945507776886,30.3550172698874,10.808382197429207,17.88411830673375,35.293045438241194,37.658542204455095
33.890203160326685,37.32199788582114,8.357877094615136,39.379809602231816,38.1528072041428,16.63384314385554,-6.687013124012883,38.617334482898634,29.077833950184438,39.396909301243156,17.9960959683943,11.783053958907674,28.260599054728573,30.211829338781897,22.494523546765926,14.47398343760908,23.93609693202062,33.68769137198822,11.221552408025014,38.12647220661695,28.80704179719675,33.928704571023616,25.574492206726706,28.73402371182638,22.119258504374795,10.871710335322625,22.729890103994617,-11.652061736099915,27.038104895273595,17.923792204761156,13.694612942544367,31.727604961540518,39.6191529874925,28.208251565506977,25.043584443204626,33.05431209562677,24.512465700751726,21.56205878669386,28.673330898751814,32.66707596817984,28.98202989572093,29.63981699732097,32.94552921655953,33.31267979321775,22.94403460723366,14.48075215155054,32.8286206689568,31.53434525465201,17.35510673842415,29.413730071595243,33.4100382780758,24.07040386623415,39.0542869494898,9.375067297131476,35.79914232153582,29.953149377131965,32.70350071902508,39.56748850008841,-7.052937808948257,13.235367262429227,2.3577231976792645,9.057320150219322,15.970410715452442,35.14039925182653,28.856561113801945,4.249360525143159,36.39250143504198,31.398240846319663,20.008933593124315,17.903510694102547,23.16920861135181,30.876655021534305,36.71972215985929,29.68926264579423,34.2817196887191,37.614159866933875,34.8037865323175,31.88065306101263,37.750142748469656,23.896875377212556,31.55178347494542,5.524698010737567,39.84056905061534,-9.660780557707412,36.56802586453582,16.13345579111631,-7.069950577025823,2.3486649437678575,4.006770926499491,15.438266399450589,37.49017555915606,11.86248347343256,35.94087464736142,31.96255080845495,35.057055443731535,10.187255064507047,31.102952685798968,-9.892017231180196,34.81480516774192,38.33244680519902,8.645909932143953,27.13450754168452,36.73662151267985,15.136649179148565,38.28235478733195,19.74789604787503,31.25996657278135,22.140875686718474,-3.7541396377572798,34.76928242255161,29.63540837955069,37.14408053866715,25.83046618398817,23.9034236748683,37.863813431220436,40.66922303271105,9.352176985585643,21.82465288003031,21.894678385513867,30.136131697104542,24.83935578910126,9.108846958854189,32.428461980202414,8.607013081813468,11.709497348850515,39.4776026634751,30.54465720937233,12.94925472304015,8.932802091375887,20.741813306174365,29.777817586664884,10.31608856189992,28.39850205273943,5.858159157645425,16.972040604117225,16.064882026438,16.460605320019912,33.503838328163965,40.22309869625753,38.47416453235882,24.615022009267985,39.251760437541506,31.921245261236535,0.881657259278195,33.990583789197096,-5.450403350332537,29.514912348854804,39.176550472353554,23.71482897721286,33.213531407817456,38.53945874294005,20.049682209654975,9.03405981865688,34.6434917098734,34.30114620175008,32.68696695994569,12.779921934689431,30.212467126697472,34.53215033640711,32.3411804986074,32.50327530783791,28.76276877628045,28.053168935199658,31.31824327698502,20.760420394118643,24.025040810354337,36.29819093859768,34.88474813212978,0.8594482079561402,34.187051017484684,34.31886385438005,18.201612421982283,25.463423399654783,37.541599625020375,25.091541405076175,38.48318286706808,35.478663982528346,4.669079071180702,38.800202148747516,16.35112720394109,37.66871332651894,35.58958081154171,22.033190622861213,22.433361014233522,17.655954771907396,40.793739868922174,35.1243568946216,16.091428979825448,12.501353094533982,18.728346722236644,13.72001236649103,9.348638467782399,34.66957606077298,38.60536958632587,28.17409849243991,30.29642056223428,10.80699076543212,17.637195482994102,35.307634394339665,37.46472266549916
34.39195154408536,38.00413292530842,8.560651499450984,40.05561375509357,38.99126047922774,16.929138824866797,-6.920555170929882,39.32031472388053,29.595153235719437,40.27191625516817,18.357814391486748,11.696957292071456,29.087083246879804,30.552456331222643,22.948094148642404,14.66361378382356,24.707051413961132,34.294398668526014,11.764121606380545,38.855911086282674,29.571123272398573,34.53275126579629,26.154013193103097,29.41082143479292,22.684968651423404,11.09355614219477,23.350577065618687,-12.072831410648522,27.720228223830716,18.273845006452643,14.21814275628141,32.478475811181525,40.293345102530274,28.81475584618122,25.41718877893247,33.92473321290361,25.09559233697633,21.584493060335724,29.368869143309258,33.48548066611706,29.303969984890486,30.3572242518486,33.64149563305128,33.79406409171731,23.645466566509874,14.819720841439393,33.576519682916434,32.373704585289346,17.835576129267626,30.21606683871545,34.371866652832665,24.670916676739978,39.96117274148503,9.673317135727217,36.37333293910538,30.424890525950154,33.199576826049345,40.45330906417735,-7.200548716235495,13.339682497074339,2.7057846681329276,9.203911540959737,16.487666131240182,35.85892699585998,29.572264850453347,4.307745325864364,37.35113090473039,32.121791671087884,20.37576604296722,17.932925118487688,23.398429138176482,31.626592364663775,37.58835890330146,30.379483073272702,34.98279095210603,38.40249410549307,35.39985698063573,32.269793199553604,38.57674118797981,24.6518006421843,32.21336754208569,5.656764468954217,40.505758863372385,-9.814444445260605,37.071051457742406,16.589540133638163,-7.15087235607821,2.60644953216903,4.1445881807099845,15.695237434300925,38.392485222886116,11.79599852023725,36.66098658650685,32.63501251336381,35.80198070368999,10.75969229816671,31.773768020524226,-9.952788638838427,35.643266248051695,39.02173208305312,8.984619183876795,27.56476975281736,37.42780111476517,15.176662456076409,39.13822548443477,20.45487727319523,31.959185374518324,22.688179704300634,-4.22777167480495,35.442302621021014,30.396379153012482,37.808539677184754,26.588537204028967,24.420330184175192,38.73997123354181,41.486419799221494,9.443954752816492,22.335021109980868,22.23072423879449,30.870085976122297,25.389413263422068,9.25961586250991,33.03669395384701,8.823670598365933,11.902789410040715,40.30763057511555,31.136851906635297,12.957727527958781,9.295412776711402,21.153255451682874,30.247023676165547,10.163395338559091,29.096040747116547,6.193766574519707,17.323880997181845,16.652436749814367,16.726973260875198,34.2078146447966,40.82087008877363,39.37969144301363,24.964494097157964,39.85551705628514,32.61139028117554,0.508791116774344,34.879793032483526,-5.670711720089315,30.35195934716487,39.89296808697007,24.454927991758268,33.80507056099179,39.38852172497384,20.363762997981798,8.924697858495586,35.26796749661789,34.963947734331526,33.31951907939706,12.914485832518212,30.80771547540173,34.956969852695146,33.11420325256367,33.17670659421953,29.34962991163633,28.621886197904978,32.01568001973146,21.291169485518168,24.196468768002127,37.060366103684615,35.75824848048389,0.7453411379221877,34.91242192046145,34.92530567183976,18.610433250343696,26.09806612152667,38.35918866029037,25.713452973570664,39.07666715618409,36.14403110941525,4.574357437661397,39.638247179110394,16.93937977910832,38.32097002932258,36.52567641351235,22.551659781568937,22.5987394825108,17.96380358594039,41.53284688663985,35.53182592035424,16.500696402412636,12.808277362857442,19.209275482431327,13.913855822925706,9.714661076995572,35.07323387227926,39.37458957977776,28.560686176502646,31.068180834662773,11.096765700485793,18.059090151985096,35.791090080438764,38.35034034136727
