5.730836627626857,6.943112860448083,4.546842552986087,5.297173076662222,3.6502861576183117,0.4749391423375958,9.410145304810527,-4.787547723473838,-3.9398115111582,2.9458028450626474,1.0059584761558593,11.177813096988958,5.818189987039941,9.40651447911209,8.960061804614414,0.3436623524070182,10.098068239985437,3.150011100351205,8.251953036640169,2.0383404386189166,3.4446007248670174,11.271217323189147,8.947689619638409,6.330533227346487,1.4473969779483469,-0.29390789435775416,7.2346822050298165,-2.4458034238187256,0.939697783896112,6.182216808073355,3.953969528767652,8.283391112064704,2.686428634570514,8.377591062340057,8.795098770195118,6.649058253745036,-3.5597267160509047,3.9757882834221814,8.265025398413535,3.3291603029594103,9.27189404501735,6.497325218884836,4.054263229557902,3.863504970724112,5.198568647097785,7.014566498796104,5.535869381144269,-0.9458811063703697,-0.006004302264695555,0.855205672883429,-3.4949701957325408,-1.0550983310842996,0.6470379362949213,8.18210335823475,4.816587287265619,0.9864314249637735,-3.1443353247182015,5.415833262758507,5.3107528997915905,-1.9284651509737103,-3.4148659373712267,4.355657636432682,3.6960098485361534,3.3221670882913266,6.680723240177397,0.7956327212768577,-1.0811206190251996,-3.530194023038588,4.577408515216431,2.2247697285370687,5.707119570713069,-1.3880690686725141,-1.4483873640800737,1.0054842227868919,-2.2360974280839305,5.3886609984528215,4.43976282134208,8.343092850358776,-2.5585530465428534,2.83221221803825,-0.016889927924708382,-1.55223781301467,-1.5019601770970994,-0.9687983724784442,-4.937712133887914,-4.545899395029077,4.92566556019933,3.569553236980642,4.600394818562726,8.2088683584403,-5.32842131292663,3.0036293243738985,1.4605793767326034,1.6046210193051786,-2.2451872176876666,7.50619753297373,-0.20526789726365505,3.3254285559732395,1.1727646520739692,5.359380277772394,-2.9074874547682903,2.4260130160189064,7.252509609296381,-0.1087227069940418,-0.98974551527357,-0.42699973693219906,1.1906374891747922,3.6005792802073064,7.56246827796039,1.0199985227546133,6.263004762780192,6.489833691241714,5.39499571371492,-3.9059328040427994,6.168874374211804,6.002243155285107,2.8165614133067205,6.092236488635841,-1.1212440946652942,-3.59824936059064,0.671897388145738,5.0528320170347145,-2.024308150492908,-6.0490139293858105,1.636602252755054,-4.4990123837431835,-3.3680926842618977,3.7754099255163953,3.6690615726566898,-2.6946561375738347,7.018626922375091,3.844952176548604,-2.1738685658545007,3.4693844790326493,4.437052915894101,-1.9241104537140072,9.896835106111835,-3.235014081979216,5.562548013485674,-1.0856157381778784,-6.155449361561886,-2.0367502187730717,-5.624035564375458,-2.6931222170280797,-2.712592943226376,-6.08352354467168,4.670966694960581,-4.2365033314072065,-6.851288219296705,-5.330802712140943,-6.619142703483358,-5.35041232298863,2.3008762312698297,2.2754313256529883,-4.604745808627547,1.5865581982820924,-1.7422410454283943,-3.415266199962489,3.6343763400895313,-6.2239064101829085,-4.911598091527502,-4.30764325846989,-7.52345314578367,2.95535086570954,-1.5423406857477069,3.919253927434688,0.502833623710653,-5.680319117880033,4.45445889790391,-2.630124654183003,-4.300528856999986,3.7292292968846215,7.153948866353678,-4.397646265248186,-2.3492103875117625,3.011692385723271,-6.724015832860327,-0.4436352905721482,-4.4332630467587695,4.373028035048813,-6.394881795131219,-3.174512097144528,-1.8468646785205105,-7.658398858595075,-0.9998372154524385,-3.7047752823319127,-3.653261869927772,-5.805952510627484,-3.424341987716802,-4.115255105036418,-1.785374313422036,-5.155464514942843,-5.867478815459194,-6.211568522320328,-5.872314314983362,-3.690162706500532,-5.320300601909877,-7.666829335081342,-7.749125178246754,1.2817975485748898
5.656076867621246,8.398866453505294,5.70000725567832,5.011832361114468,2.795192946144257,0.41772795553741515,9.022892056270665,-5.042805186079331,-4.181770173055108,1.9011707616871223,0.49902720991398636,11.65848954762097,5.6967989047821925,10.039198247915634,9.225146071155221,-0.1881777144250502,11.154675256448355,4.263274833837148,7.745987701285199,2.708179641321202,2.911109106819741,12.572726949806453,9.955329860986014,7.090800581280403,2.0966416700746238,-0.8061354150968321,7.869902547205922,-2.4828059433919147,1.4240814013801784,5.853874845274573,4.637539232131764,7.732057320081185,3.756413460666509,7.546328796570025,9.566916720403487,5.926888851654676,-3.141099247949041,5.124503067972617,9.328075099257436,3.0617758436245497,10.28298340827532,5.696497393067989,3.054418997963917,5.411756856308951,6.851836037808249,7.327069295795033,6.017572238823265,-0.2857711851303165,-0.335334813038968,1.1888986036843565,-3.4482665549119496,-1.1956305692078142,1.4821590602290091,8.581512352887273,4.950657828208382,-0.22684275151137465,-4.443474477598057,6.507246526001488,6.534835758989915,-2.1658269640398737,-3.7097360732055016,3.755624116238892,4.476861582000884,3.7084815213445372,7.230439228980091,1.3910624575887525,-1.1222800086887417,-3.812398084002718,4.977956858122852,3.567286826841111,6.672799579605716,-0.8184154538732841,-1.25564782335785,1.6476921667489868,-2.698924675281935,5.8987759881193,5.123978111782877,9.024518023334332,-1.9897877592558373,3.813403161424181,0.7129655388957339,-1.6611577129272008,-2.11514171268806,-0.4639379100613598,-5.777328497729199,-4.5387829910622495,6.51874741294395,3.2823355473277633,5.1334963125173525,8.711536128486491,-5.72662542506829,3.8173509836074637,1.4606058787913945,1.2490398370286577,-2.3393498502427743,8.653873846603517,0.664123665334758,3.050755996205796,1.4805640544820355,5.594421066673307,-2.2522719717589625,3.2146666480471993,8.759599197136735,-0.5243742627334645,-1.229541931078254,0.2962196281028306,2.4727950201743485,4.598294991104243,8.794793383133856,1.5567874992653796,7.359226503889907,7.612292572651617,5.47843105608446,-4.190775147722343,6.888604696735099,6.933509714263697,3.5724917785101624,7.72598887775946,-1.1971155291873092,-3.290427997475993,0.4680413941365807,6.476900252973338,-2.2473799535224854,-7.2598083702674145,1.2362115937274043,-4.894147970966659,-3.805788614392546,4.850626128747387,4.714525320095035,-2.282082230895967,8.658690544730776,4.904703293241755,-1.701914833117869,4.286867813519017,5.046488357300981,-1.5158683780540667,11.082283975266664,-3.757588974608328,6.297712356974527,-0.31172696732116345,-6.814094902983127,-2.690113541131598,-6.623577328562054,-2.1070067287963195,-3.038832970354289,-7.027157440662,4.168591740291947,-3.6467627020851827,-8.022096978507083,-5.408797478343219,-7.951912954800437,-5.924797306883231,1.9967252914045048,3.453359666548661,-5.439309318736404,2.2646688063987046,-1.8192465431057299,-4.1226188248606395,3.444960198166999,-7.926058570715903,-5.737359032772484,-5.5084370639507005,-8.749623139152655,3.2099032839019905,-1.9137306598562562,4.245417088372339,0.4739280011025121,-6.573946987996168,5.7579265184775466,-1.8975102564855162,-4.924312359317002,4.109854482459264,8.584731068710568,-5.25387647062445,-2.922277161098491,2.788549524088102,-7.990347126709682,-0.625468681441417,-5.416138713455785,4.166252827688522,-7.147146948187665,-4.066317786956495,-2.3211803129093584,-8.929879940449037,-1.1399206923893461,-4.7397903976509825,-4.188980097190906,-6.444333045316848,-4.3219443001274,-5.408771717498363,-1.4892989053690697,-6.066509754978728,-6.832036354771133,-6.973423639626556,-6.858123658247779,-3.9050391786867626,-6.079593117343548,-8.9151936030098,-9.370931142284746,2.4046133206777354
5.656942424167434,8.18593494207609,5.591754174866227,4.564682391465612,2.752498132227865,0.21739781563152144,8.769924197568256,-4.914757082122369,-4.133697902029981,1.6957078490644757,0.1700348641283825,11.189711139716524,5.35607438397274,9.99476083823724,9.042769537868875,-0.6140862097752268,10.922484684107854,4.142577759032483,7.5184513955742345,2.4342643091599685,2.6495049411051688,12.181406696974022,9.843143474081335,6.623261071312895,1.9395782690073375,-0.8827537159556361,7.549669124155613,-2.19230550797526,1.401511068086412,5.8062867264950215,4.488770964597216,7.558650170246829,3.3052507766008015,7.323938301118021,9.050696685806496,5.56268164046694,-3.1602156094843794,4.646907445562091,8.888221751104897,2.9630842140390206,10.165028632025976,5.56379405072192,3.0362069899773103,5.071022052178307,6.578681300352657,7.225636959280055,6.188864886561625,-0.2545638020748301,0.05354516316584965,1.231210515323057,-3.088206272933488,-1.2829804035357,1.439708542599474,8.432433975509873,4.569731787251985,-0.3340881214029291,-4.206112482998215,6.235443757394982,6.281049225626279,-2.009419067851568,-3.5613600004791106,3.396839867997901,3.8539887067780705,3.2979934726074567,6.638813177493588,1.1755741573016771,-1.1395809200100107,-3.69000458015771,4.985098514555639,3.1707258196472536,6.275652225897874,-0.6920812128025599,-1.1616061089724128,1.5824363788521216,-2.6013780684824805,5.442638307083936,4.69694324820707,8.489842344692786,-1.918008914008188,3.7882463400012196,0.47591692240423394,-1.7774025501647486,-2.3183867869453225,-0.24591432428382845,-5.47423190633895,-4.328821848375346,6.298368032793037,3.209954324369531,4.767838649706562,8.506303658286399,-5.617999804100376,3.5202437347658977,1.231118245441373,1.3317748572441324,-2.474461986177825,8.232589450262658,0.6882239683233068,2.6116162656800332,1.2489497542528092,5.522641422457723,-2.018538736002862,3.2126333861036764,8.582213149742259,-0.6679973996670135,-1.1077202348071888,0.29468844722977405,2.5607401607988596,4.4792786599964245,8.492357419178921,1.6523080108553938,7.03253453650773,7.3379658989691485,5.296597899987309,-4.189615280838538,6.922239638175618,6.563026459250392,3.783404233457654,7.519075006225583,-1.255310850929493,-3.02542561723233,0.7431672717673021,6.683073333708773,-2.2822829202566988,-6.784379761623123,0.864874325255108,-4.719815606606365,-3.5827579910184415,4.857674056749062,4.778120347612939,-2.1397474890235855,8.54368139851879,4.749880539347026,-1.5256955035013102,4.187560044818218,4.646476488790399,-1.2913480694491695,10.570738428509038,-3.866959868437637,6.368983009509114,-0.6723413629132238,-6.367066906419858,-2.6970115826302115,-6.347182061679916,-2.411022395423035,-3.0726416560149796,-6.8719140589336,4.117171908060632,-3.4566905081154196,-7.588079736726782,-5.118523186080336,-7.583338849966317,-6.023725731175559,2.040463389820583,3.2543223511087525,-5.2459499215396095,2.2646825395986934,-1.8308416731357438,-4.010986844892946,3.2589556463790164,-7.287474430572745,-5.509170235388416,-5.1015165781111245,-8.30385817783535,3.0016189809989973,-1.787874650572121,4.319743240576988,0.21707746113153836,-6.3642369139362565,5.576772492983213,-1.6660260049489457,-4.8759235988322125,3.8685546848687498,8.561947602869015,-5.185201449967581,-2.6089321291483984,2.8867999665968105,-7.554974453352686,-0.8449090124116224,-5.181695206227183,3.76240724086497,-6.868830746440736,-4.089447647028859,-2.1929091916688317,-8.297924671236562,-1.3358512413216952,-4.610319339336801,-3.8712413693463334,-6.160111103241168,-4.343673698539535,-5.114979334090309,-1.3142511766164955,-5.955896482981542,-6.514625836728982,-6.6913585087997545,-6.658348001620143,-3.842714505306687,-5.698812164984381,-8.340797959084348,-8.86732517757499,2.309906603109526
5.421117414417976,7.456738995697264,5.027914007184684,5.240366975070535,3.149293738181757,0.6805514482462387,8.983082916518704,-4.659749190582642,-3.9785677440200073,2.5418376989508356,0.8669407635732495,11.20320053611991,5.847034923510099,9.440575634612875,8.77966930962796,0.19632093744843537,10.317186535403152,3.623346411253578,7.824045046020941,2.499868379938418,3.4067871728963106,11.605072834791075,9.203863963079321,6.626316486601103,1.6882347247895937,-0.7385952490648803,7.472225150889627,-2.429071627720184,1.0485794242926714,5.7656156008555035,4.2260832769570955,7.754083918406657,3.322692772359093,7.6841193522965785,8.845466374923047,6.276684875069985,-3.3193870656524256,4.633875775179678,8.450470765801255,3.186416957739207,9.348394912937293,5.8685865901954575,3.4490433775890685,4.589517983113218,5.883017868600584,6.83444820529263,5.465248399447698,-0.5448981986486645,-0.24581701709185227,0.8996199857122475,-3.469410728434892,-1.0429281312977539,1.0017496070356535,7.957235305481174,4.585370553279322,0.4652515714713898,-3.725454541011513,5.912208926978608,5.689240077411196,-2.2725996188013604,-3.470510134357687,4.026555395689313,4.030632515641613,3.5808888253775786,6.97400412003334,1.0551188583762936,-0.8757963263541876,-3.6095638057909727,4.580115493015953,2.934961082610247,6.1138929878403205,-1.1445538676352776,-1.2291206454140111,1.092477517966716,-2.407201320113038,5.460402228323878,4.637967066516921,8.664247789821067,-2.3480804177816075,3.068569530197638,0.2564740597626622,-1.6285224236657687,-1.790304660632316,-0.7818762937917373,-5.36015907179537,-4.3421938945810865,5.620919896098721,3.431665339722525,5.014718848837321,8.252473062100623,-5.335551334444689,3.36732558842233,1.6222473746742434,1.5006660504146008,-2.1727252127679786,7.774767398134606,0.10374111784274714,3.3452171630265877,1.4194139776151329,5.401787472498715,-2.699294674814795,2.7455445353636145,7.5813879511307025,-0.17910079573774818,-1.2101735641431401,0.08049995297831984,1.7464770007804034,4.0921295922119505,7.978030119377989,1.1452005891066732,6.757552037548372,6.974777083701675,5.473622058237717,-3.9298416156413194,6.420258377781506,6.395835354742036,3.0040722654292322,6.689832096287328,-1.018590884289289,-3.401163897600197,0.4138034706629304,5.535903679346208,-2.0642061260565367,-6.469488542512676,1.4859508996945219,-4.479736667350877,-3.5199122210647182,4.0862546062615115,4.012680562176794,-2.5118668466049425,7.50719952333659,4.286130456889814,-1.8717003532446999,3.7133579914222894,4.771829992851452,-1.771898034809929,10.268437566750269,-3.5517963031421975,5.724486035898448,-0.5905517496812077,-6.317129412977969,-2.28001989184723,-6.01964219948374,-2.2107719069223055,-2.828845797529258,-6.455916969835565,4.285272449925164,-3.8184658329211576,-7.339595617839831,-5.1388150236379975,-7.087107876348655,-5.431588880418302,2.005576473973453,2.78358039444631,-4.7495557789627485,1.94727026108602,-1.4586286340753605,-3.7846964858850654,3.730569247918549,-6.813720173779442,-5.172509471978015,-4.804856566525091,-7.954801038098117,3.205940975974981,-1.554345910238165,3.8749165474265466,0.4485308938422766,-5.925072448430881,4.877167346582378,-2.1879952976416384,-4.535788917942087,3.6069960030387125,7.498597570191952,-4.75532999433816,-2.5495862731635315,2.5526361277144303,-7.0672729825858305,-0.5568897187926501,-4.864266937079345,4.08450324260146,-6.674036363820712,-3.5824440290658286,-2.0908358442454844,-8.033701323336132,-1.11917258907292,-4.177110889560463,-3.87330475608009,-6.08736252216049,-3.83604667325421,-4.6285998887969315,-1.7567897211713146,-5.543713868079187,-6.24538454277536,-6.421958986692083,-6.317147001931802,-3.7034021455552475,-5.484145551784556,-8.085534796623863,-8.378494198269934,1.8315490815170046
5.301572005983632,6.94603885836373,4.7200467781822,5.164807610343346,3.446965814285123,0.8739162334061243,8.717433746375754,-4.127593799984889,-3.7482449384156653,2.767814430831735,1.0555107181340007,10.220797281930384,5.282220043782131,9.059448448832015,8.20861043097143,0.39346656467574775,9.592412227721953,3.0868704548304686,7.831167968785007,2.2485127329669536,3.49244666252028,10.70956286518263,8.555591813668022,5.925854097916306,1.3917776162001612,-0.5810545478228927,6.762180795040189,-2.2238466125969856,0.8485881382804299,5.98385775533247,3.7070227161801146,7.6687389560659085,2.9674202799594647,7.613448887492617,8.066702681534984,6.162908566544407,-3.164132449611626,3.8922300052575136,7.794386836571686,3.286354378102268,8.962443747183015,5.881258728554627,3.7098603782025283,3.7389409723633524,5.3454246947671695,6.4295763397357515,5.170633151341849,-0.9073005516972309,-0.0747842487483413,0.8609021095303093,-3.310384217372408,-1.0874495029548428,0.7113177226221928,7.5958495335103615,4.157467511498421,0.7398829650034052,-3.101413653130761,4.944760965350897,5.017476759974048,-2.0116912179022632,-3.374357099943126,4.155515966577901,3.4573118422745934,3.107740183186422,6.380722597481461,0.6815453864247119,-1.1402333774367182,-3.508079613825317,4.588515212225719,2.282143657168803,5.17299141626786,-1.278987218552006,-1.417445052878319,1.1547040144222658,-2.2377426771279203,4.856097791544029,4.119513186097162,7.793048523645541,-2.548353548315389,2.949674403599436,-0.13615260226457054,-1.4834794409457555,-1.7983814458270542,-0.82873197529258,-4.8001529567441334,-4.1333787643461,4.685936725439201,3.567443389816543,4.5070772300931345,7.582168136974907,-5.049938880456436,2.790141346196348,1.40070845878158,1.4868025387916226,-2.324096384056805,6.8505954158506865,-0.1083291514932987,3.2581616469133876,1.1414056854919539,5.320367032695792,-2.432651250505435,2.4859446373809613,7.0040459298623645,-0.08972781795088307,-0.93052411598873,0.09494500094548879,1.3537090127981724,3.6839977305085116,7.183711350884904,1.1687538177832384,5.879869389277623,6.226311332828896,5.189479792028622,-3.9789879579187577,5.903619204403509,5.552070059688268,2.97323191556141,5.90751691829793,-1.0628103842685257,-3.2879646996398155,0.5994986054035073,5.178527968549805,-1.9035573173415075,-5.5921024555091785,1.4847106815546294,-4.192539280340333,-3.330007337865893,3.9038424913906526,3.5816589384159414,-2.344472664340767,6.760180595242344,3.758971220202037,-1.7348750607696701,3.076933679892024,4.491130581755458,-1.7836908062617003,9.186033577954454,-3.512463238428813,5.379105151350968,-0.844340524675702,-5.591771302579277,-1.9161032477506736,-5.488924857410991,-2.312608263143284,-2.528396829045164,-5.955776726279402,4.272937120147332,-3.880478805702283,-6.5390646104688885,-4.938806923595876,-6.411361646432357,-5.2266858845697985,1.9880137520425907,2.4188989711993,-4.149213353033497,1.7037663497317344,-1.610466703089026,-3.3791693852960947,3.6494869063392272,-5.913518776912464,-4.608755194798582,-4.0972877254759545,-7.1004374503643835,2.8858863226859373,-1.4498604665399808,3.717391496548287,-0.010286418486665392,-5.356639585122137,4.251159732890642,-2.2694368435931356,-4.196105298990718,3.1747254196495804,6.9228861964695625,-4.341550076833909,-2.249147848789233,2.7155650399685625,-6.291706629877933,-1.1159243898160347,-4.3636610016851645,3.6193817625871896,-5.949659909731167,-3.3893256367409292,-1.9055090724142885,-7.100935687543036,-1.438702076764517,-3.9241530224730967,-3.442806531132504,-5.444099794723282,-3.8363022447849904,-3.8982046116087496,-1.5941184772862105,-4.996293023637484,-5.486755912687737,-5.829992823269042,-5.811414022405249,-3.510816755252607,-4.926711601278571,-7.157278330932947,-7.465203553251876,1.401902743681862
5.928377705556934,6.749584999365752,5.154897917031298,4.536760510230194,3.394685767104371,0.480969861946496,8.382203136878692,-3.967614206812713,-3.527583514976133,2.3278787981194533,0.6968004658255665,9.975877438683318,4.740228270993496,9.210626553370215,7.745864444683568,0.12717179197080108,10.128445424615908,3.4283076171205846,7.846034233770398,2.652534827888076,2.708819199599577,10.706921523317158,8.891323841076037,6.029273476989788,1.297058202022872,-0.932992918633245,6.414325432778908,-2.231484964434185,1.022985080675441,5.763763800396027,4.083096404211694,7.77177417650329,2.6248667086663238,7.583710768446621,7.801835254795116,5.861205720674924,-2.913852695633542,3.523285507180786,7.435545997282451,3.2239317442967934,9.010987812495715,5.170904912938113,3.702420161605548,3.7885222360185957,5.724250195944903,6.11181092152816,4.982734668307442,-0.7539130472172408,-0.4840674108267396,0.9612181711902476,-3.3459114662803016,-1.5558494120056634,1.3580785785039535,8.094001253846155,4.182399830181284,0.04999185463218318,-3.579282571150778,4.707012677786646,5.028899147396386,-1.660165677206177,-3.3346726256548194,3.828399955109731,3.35904385495895,2.5170424353177285,5.825459148685833,0.4503082571740008,-1.5544522563507053,-3.185626920062859,4.838253644235814,2.0334096230702725,5.057677538153075,-1.0258215048424402,-1.4065911198050487,1.848752942607585,-2.2450019079790917,5.572425925179874,3.974669721116346,7.344725514590561,-2.163695764421497,3.732107583031587,0.08425232137600568,-1.6500866706151025,-1.1705430023966925,-0.2624208595327701,-4.899895361523961,-3.931710472702325,4.907868591454152,3.2976008703625057,4.153328569340019,7.0471250781631785,-5.06974910846047,2.6572643400735516,0.9414419032593436,1.2405764016552727,-2.290298640864115,6.632015360558383,0.12186990618833025,2.5615168250060383,0.986233521889343,5.374808426048334,-1.9019027383454499,2.8459734004742456,7.413878224869932,-0.2950501440627066,-0.6994351193274697,0.21717308840731517,1.4712005365189178,4.153862914414694,7.49303616220037,1.1137154787762196,5.910258374328235,6.429978542301643,4.656456075517258,-3.868560140872497,5.791802433847662,5.415549653704479,3.5560191350013217,6.106957291608874,-0.8064455265852447,-3.2834383911587564,0.7918038115955827,5.203575010311478,-1.8831918750161232,-5.726106026931066,1.4411315303889813,-4.148598760125202,-3.3017331462042225,4.4121083711730265,3.2256767449974255,-2.4927229450044597,7.0985257645238,3.6852062973551662,-1.6395180833410499,3.2351102015180393,3.7782549129820535,-1.650914018798075,9.230616694683743,-3.208418152151265,4.982832703009315,-0.8697211286913196,-5.531018881865077,-1.8201178536042792,-5.3612990599296815,-2.1211701303532253,-2.4202796304732472,-5.899286667373959,3.95957935013583,-3.5194684244844394,-6.486909144135754,-4.720978571632803,-6.520794790884272,-5.593723550501449,1.850747340698793,2.768939881865745,-4.1597828871941696,1.7554545087052378,-1.8036546571637475,-3.231318386375567,3.301081970704103,-6.02077588962155,-4.5247686668395595,-4.126552030961931,-7.191874377434431,2.412364421021976,-1.7967870035499556,3.905906233317052,0.606088511266903,-5.242837495600373,4.283827573463789,-1.8644843444779922,-4.043759336700967,3.2175496988967347,7.371610578824953,-4.1406708934569965,-2.3871027560291638,3.1634779593186866,-6.507451016158991,-0.5991657817647859,-4.5926153224091895,4.178512363930405,-5.973149642240557,-2.9234962566209997,-1.758444676046318,-7.057900762775232,-1.0345125702320488,-3.6024818908423026,-3.561197782001433,-5.484534908320514,-3.2499850233405194,-4.067144165437904,-1.434785334987771,-4.921900917187359,-5.546952650035309,-5.684520221685884,-5.48638861472113,-3.7984448121013847,-4.934531810764338,-7.17839445420103,-7.525009807030926,1.6553331476803779
5.380439815291574,7.4051952773631635,5.010763001393986,5.021457868988738,3.262709085022257,0.7963492710480126,8.798336537352416,-4.337427494818909,-3.768386670149761,2.475682339978438,0.7923637261987843,10.525766756672079,5.319610083358546,9.382671135380551,8.554707473786365,0.14283861759628577,9.996280642607832,3.472638518856223,7.705648446754385,2.2788440229530433,3.2293380792844797,11.251323275346367,8.908260887098933,6.22134459171053,1.5873199954913482,-0.6111676745961752,7.07568929927102,-2.207724841184347,1.056452789491958,5.999447253117189,3.9080568498513366,7.5874946490604565,3.1220753247369335,7.495426430248984,8.469003548257676,6.0013305333637925,-3.071607894246812,4.188941519492413,8.203719152095523,3.171952979354975,9.423082303520292,5.781507173609624,3.551012466621772,4.144120486837744,5.740431911173746,6.694465303932643,5.512201472897596,-0.737339895207335,-0.06973431010661046,1.1073217823097616,-3.2114015760969887,-1.0307867217092277,0.87868107478035,7.847255442804447,4.401318964974591,0.46606053832532074,-3.4497700993973153,5.4255105155726095,5.538409824242811,-1.989293664589431,-3.4773078524139875,3.9479320902006463,3.5764282222548047,3.1578143695796874,6.4808466854283004,0.8632867958866783,-1.1745990999891562,-3.5849383813484983,4.773590269648054,2.6020174979414077,5.544096733665027,-1.1252543304901113,-1.3499091236700185,1.3518392027041988,-2.3750041398508355,5.022053556796399,4.4025404230243135,8.023171419990563,-2.373080038272163,3.2432214346730897,0.10156021937140841,-1.6244961800734259,-1.967979447243302,-0.6737873826103147,-4.9809600791033635,-4.215780422780393,5.183751572358853,3.4908397867001923,4.622883502142771,7.793477277429415,-5.227660908724189,3.063005676668283,1.3431474239787249,1.4653587026997537,-2.411466726557691,7.275285172956615,0.18747568407784765,3.0543714096538106,1.283186892543458,5.422724449832772,-2.2460426311615027,2.650821286254113,7.524869220867909,-0.17835022330837236,-0.992002384513428,0.18927648943103859,1.7769807566934797,3.9659165230721185,7.612899500067568,1.2279729610266739,6.191229179604695,6.565615673444698,5.239203137142213,-3.9096749338854857,6.166850958915245,5.921651829824857,3.229417732761889,6.408003583275342,-1.1578181654297455,-3.116350071060622,0.5387390763960714,5.632398604148085,-1.944771916866795,-6.06047042620356,1.3555032314746867,-4.3801464560798475,-3.3586291795194394,4.233542974657985,3.958385804615811,-2.295040853088746,7.32172478231665,4.06450143941553,-1.7148471215462375,3.345402381391654,4.575563020577892,-1.6033431140217076,9.635100350256659,-3.584223141425089,5.7284144822963565,-0.7142056070671775,-5.920540624713838,-2.260041707433046,-5.876393713595554,-2.2939008088128108,-2.697613124117598,-6.252682306057603,4.1739464070862535,-3.778804040496818,-6.905473258182099,-5.018675952357877,-6.77638272152547,-5.460611784180764,2.0648847342638312,2.707933048185419,-4.496641378183927,1.8320351387577156,-1.765994682553024,-3.578655798668527,3.5026751492935344,-6.464399509056513,-4.918045344004518,-4.512608237266047,-7.528368219283101,2.928309905308052,-1.5412743668272062,3.888600486830407,0.02551087801694971,-5.77595699823018,4.663683206623172,-2.079200141815347,-4.480411156135999,3.4376411223486416,7.437640761498727,-4.61537506082646,-2.420987889010248,2.732725509599266,-6.768340576459164,-1.0761083829190814,-4.6539099219789835,3.6396263158606375,-6.294614355200957,-3.5884926907436507,-2.014858873908431,-7.5618972557432995,-1.357697708599282,-4.173674126097335,-3.635804081628979,-5.7154574592684,-4.097463213204242,-4.349148513124431,-1.4888456234820753,-5.251715833612479,-5.860555364400416,-6.162649157250734,-6.087306022157953,-3.643992203827681,-5.237112257882535,-7.606121470156668,-8.003136024035527,1.6843805466518247
5.509025948667592,8.132684187147836,5.299457780465631,4.984153004156991,2.9034545320691287,0.47709817224788276,9.016089392006041,-4.963036068010632,-4.145162357462989,2.06937225825104,0.503601938925123,11.450232656567772,5.754522900000406,9.9810432427846,9.234248725554364,-0.24836480776642664,10.713674554764156,3.9630785408388705,7.647388551788605,2.340800903835092,3.0858025120392196,12.161871777709909,9.71076647188649,6.724235591701557,1.963514276848601,-0.6871666235425813,7.756330925661592,-2.3275126003742983,1.2991853160636382,5.947328722146997,4.45090787859727,7.670297494745884,3.4234628330177954,7.509514275450896,9.212595366719817,5.996227745854936,-3.3446476740074114,4.87838982656836,8.963138044165458,3.0142443802363865,10.062326257807761,5.899808624225743,3.184333219685597,4.94707154338238,6.267545934679001,7.244398336226844,6.066572331429099,-0.41250379862582925,0.056354057607828544,1.160153194923428,-3.1579746438447733,-1.0601771943279392,1.0442746323095615,8.267045659539862,4.777599943414022,0.12388615878916534,-3.972126018469048,6.316412750253318,6.164231188180202,-2.1709312663818525,-3.643854290449306,3.7426687641043985,3.969022226908065,3.640800930391335,7.040977847731026,1.2341200903397753,-0.9660268900098014,-3.736862559920578,4.905393990840502,3.246461790704578,6.392280693222613,-0.9361356512782917,-1.167371300360935,1.2665697059495842,-2.4852749419605584,5.324195590168187,4.89132240299853,8.87523097857385,-2.182476877177858,3.330930768952685,0.4348035822688213,-1.592789715166989,-2.4137729052012538,-0.5657501325492602,-5.46098755424505,-4.420789796910257,6.060302714972468,3.4341230264966778,5.056759812051613,8.652287861530844,-5.503362150521522,3.5976559211691748,1.5045473863296888,1.4086348507706559,-2.4557714600883913,8.24095271253556,0.508295581660466,3.0695994236253634,1.4094866123823035,5.5459309454304435,-2.445089874341004,3.0085038443742587,8.230267613367483,-0.395239938545752,-1.0970442618887948,0.16126682735683376,2.3014522854037467,4.293379821651025,8.359595347354775,1.4042712071266652,7.039832623013221,7.241443612860562,5.520815789372919,-3.9951368335266015,6.845024437408061,6.666660014659102,3.425576406431862,7.303079213051122,-1.3139841554150562,-3.1623999244010847,0.54576441236301,6.333457895909999,-2.1301796952209413,-6.826210119423223,1.0774418723418067,-4.691330833757668,-3.647311684457312,4.525293930166026,4.652844585599266,-2.3191280752802657,8.209989680514104,4.615356466803288,-1.7178312765252364,4.107843882596771,4.926946978321045,-1.545452837703535,10.661263468577358,-3.828497171500203,6.2989384748367225,-0.6676650078727171,-6.625270620983223,-2.700195602020459,-6.4637609870507635,-2.4317042637044706,-3.0997828030647168,-6.953136572108557,4.265958157417211,-3.7724774725859933,-7.660682320690924,-5.225436931730643,-7.539354002167731,-5.777397528859634,2.1169483215105287,3.0583624632349324,-5.165352395191283,2.0657591608064725,-1.6877641566259611,-3.9748171209330914,3.5464318326759243,-7.241480710356256,-5.56973680065568,-5.10839353444966,-8.349295896598521,3.2377189485821636,-1.6367789546462648,4.24960554631274,0.15639465092715812,-6.377177837544548,5.422319212085113,-1.982077046289645,-4.978506387248867,3.814562779705564,8.210709830000795,-5.25434282871585,-2.556802170940491,2.6713921718318345,-7.516626366734045,-0.7060919894490006,-5.1406299188663045,3.7140786691459233,-7.030139359062468,-4.101128313239298,-2.174528535686858,-8.385248994716822,-1.1437677404119202,-4.537048219566313,-4.015831959502974,-6.273018968341158,-4.194995364095564,-4.974104492056233,-1.4458531986281464,-5.968874017299957,-6.54810785272047,-6.813350082513438,-6.747114718835571,-3.7098299788045797,-5.817295061836443,-8.420384068757896,-8.858736074357829,2.1991181054378917
5.66156736490914,7.948669921573131,5.202617530593976,5.060142037079496,2.972526569108461,0.5524316658078422,8.993861004823428,-4.798830592166162,-4.2131712216702795,2.2450015067792344,0.6688745933942611,11.460437992725584,5.7974192348561635,9.884458160252901,9.10373938935093,-0.06574783632795668,10.711146622049567,3.8435953841124837,7.832015824465635,2.4145363426741357,3.105844671519377,11.979123398479107,9.650025078190257,6.683771654135281,1.9496455073674193,-0.7555036518187851,7.7779169138359965,-2.346779815880586,1.225579260481121,6.037006664499781,4.4758826845369875,7.825047580169674,3.314044663476848,7.693552600900052,9.178252177315104,6.184861439800345,-3.3051487493341956,4.737815786146484,8.830829998678436,3.1034639492245306,9.855820502367495,5.933777782064885,3.354991666637455,4.884984913999389,6.105473298854754,7.079616834544481,5.82627885171628,-0.48933312204048707,-0.24510482583109985,1.1510844715901913,-3.41061531776901,-1.2360909008050707,1.0797881800285374,8.256959166497793,4.804225720870303,0.2128660647425551,-3.8820169196627954,6.153257395310905,6.059761931142285,-2.26335521828695,-3.562983271079836,3.848866582541234,4.038176405611216,3.662391929015931,7.058138502629898,1.0697311729996932,-1.0644189369456836,-3.6986279501995667,4.971031249281112,3.0872305256600474,6.332269661874961,-1.004101704472887,-1.1877564942511596,1.256550447639391,-2.467228053693598,5.582217349552985,4.732501714978455,8.802510859785828,-2.2445113726402446,3.267801482628004,0.43398507233264744,-1.803796134091574,-1.9578159306765837,-0.648357849493436,-5.441293786102403,-4.65061767313118,5.965599218268715,3.590122984641078,5.063116478365664,8.485307467084612,-5.637920849862718,3.474933133498913,1.6134197959624448,1.4995307681784786,-2.3322011395668136,8.073195244442,0.47051013629794747,3.1074523228950226,1.2542603409493884,5.500680827629384,-2.546102557871778,3.025940306473711,8.080947514877572,-0.3822171869775727,-1.1745093323813354,0.0043572223286419305,2.1086076701063994,4.207139543651231,8.284316735834443,1.3914482175906517,6.917777958473241,7.193524790900909,5.436930061466395,-4.092212956565028,6.763624062166176,6.547405867723514,3.3130960253418213,7.172121603003707,-1.1200234631782209,-3.2779181746073953,0.5442527504154705,6.087945757145035,-2.210199961687336,-6.704357157508687,1.144952963598725,-4.807696587694642,-3.5285320399224167,4.353487013838971,4.392451923216806,-2.3671280319333934,7.999635232177568,4.4095217617097004,-1.7136681775501634,4.006114287839612,4.752493047150001,-1.6353918782877772,10.599136472980824,-3.618384077925826,6.152455341666261,-0.6769214624882007,-6.539458698127199,-2.469689388405372,-6.214794642091558,-2.5008873802203158,-2.9118572130438802,-6.63799423131783,4.28870883501361,-3.775405667172577,-7.476930259240931,-5.231685215186258,-7.4638441216630635,-5.887300537899959,1.9617967686601,2.9871872607684895,-4.978364852296709,1.961332099984518,-1.572584488523054,-3.907487306098118,3.472193505643833,-7.0581834770419745,-5.245115286719683,-4.893951589409332,-8.261301313013632,3.1136504947513,-1.7511431608246495,4.170559127267059,0.4750706609025441,-6.276215023320243,5.2099296979181755,-2.121711439287657,-4.792880197068798,3.7574087018943283,7.997972829430679,-4.868207129092571,-2.520847738337145,2.6700893662028284,-7.333836398074686,-0.7495212255410032,-4.984770337145736,4.136599988135154,-6.86113163793781,-3.739734608593711,-2.0031326648249617,-8.282164438704298,-1.164534737165649,-4.410556435865654,-4.005419149422773,-6.1019087993610786,-4.101393362056668,-4.84715543249925,-1.7430920181690261,-5.7479919505151855,-6.232537079089457,-6.656428517347082,-6.519979505576169,-4.0232478902537645,-5.761326742079836,-8.32383427686351,-8.637140679104611,2.0766418886963462
5.429777924917633,7.871786129239067,5.076560747382625,5.1135169362249515,3.1170203359131388,0.5006297271886434,9.170860260644748,-4.936564659108792,-4.048416490023456,2.2833238805117495,0.632047674038822,11.290934237545802,5.7050638233905,9.73419811890298,9.221494086458504,-0.08064633859762874,10.454747343584042,3.721753131652936,7.815395934434492,2.19396313107646,3.2204395164745128,11.941076513633947,9.436370415109979,6.6068531505575185,1.878379033181675,-0.5530293722474386,7.555201147704989,-2.269646485099862,1.183565495952127,6.002540839163707,4.198209158717449,7.833008211374414,3.249313987495141,7.758456305967286,9.173474916810537,6.08404501703213,-3.338884183224836,4.614181721502729,8.889938097579016,3.084822693623726,9.918470834124665,6.125160555524267,3.4141782129491505,4.654729833933789,6.029337627400746,7.287498019637756,6.003522550061384,-0.588701236005536,0.12414955135575273,1.1159151891728314,-3.209545319828968,-0.9518868936467985,0.8951998475121529,8.206614088642736,4.803368581465283,0.3469102241268798,-3.6971250317463302,6.0408684785467885,6.004558913146458,-2.0933709231116087,-3.6436988637045005,3.9432537660835756,3.903844240150786,3.5555977927050963,6.88521442572973,1.1423879717363987,-1.086696535796377,-3.768182337180647,4.741388016348534,2.956965804320796,6.1818922737521005,-1.0610470079577736,-1.2927258625968852,1.1853413704135192,-2.474542857642562,5.226999209808391,4.814873228704995,8.697302599499055,-2.2613672959277746,3.2164930246627588,0.2528411808631935,-1.6516030413859148,-2.2871805411462414,-0.673124004373954,-5.247844532633619,-4.384092178118147,5.768773295354426,3.3608955983264015,4.830693045696213,8.56715222804151,-5.4068446975797375,3.4235118494841466,1.480547333640194,1.4768478534512985,-2.425129473362842,8.093477487096326,0.342301047340589,3.1746741971676458,1.3479650170685735,5.425281410942672,-2.4961341120360894,2.7774482124290256,7.998200685474406,-0.3430039106928683,-1.1336206767964492,0.018752212515846876,2.0272297533394736,4.037028065767251,8.069812738435672,1.3038125159019696,6.78626154879757,6.972589222394791,5.51487208638969,-3.9962780293449547,6.633943094512181,6.477523822473686,3.2187650477833336,6.97561756230092,-1.2974763402387575,-3.174183379887496,0.5954667219162343,6.032960886124045,-2.267869270285305,-6.591428104909781,1.2337833352920187,-4.5774529606289205,-3.592094079502335,4.3511800580402245,4.451738768849648,-2.2638053170891257,7.892887663109325,4.408378543780055,-1.769524728835821,3.8658765059857085,4.884849082031002,-1.5777603017958568,10.416251043857434,-3.718152625126373,6.146649537878893,-0.7159092523339635,-6.425843212624288,-2.5397302782022684,-6.289288458101227,-2.4850811941942337,-2.9927568674985126,-6.694797695787379,4.416123129582614,-3.8810140291548434,-7.457990904833882,-5.25131521647495,-7.303463807094043,-5.582613718388811,2.193470399932712,2.790152121268847,-5.107935237351896,1.946045775224784,-1.8102030389695043,-3.7821430389462676,3.5643153173143234,-7.005241094383738,-5.430384446516964,-4.934544309229111,-8.057607911279806,3.1685445185915877,-1.627683406848526,4.110191813387599,0.04221670238828263,-6.205142170868444,5.18307375290442,-2.126099755699129,-4.7913439226010075,3.874152242257598,7.9082246665798746,-5.094402216453191,-2.508880460472187,2.823171356399683,-7.315579930040298,-0.7509726969619298,-4.981766595829025,3.7168681464075,-6.80295976155274,-3.9956427499799925,-2.1064794720856574,-8.187084325582479,-1.2069303715619677,-4.329252727892911,-3.9094226525061493,-6.204844928560171,-4.121084659526551,-4.758467900180034,-1.3947632335087483,-5.75432382136324,-6.35064387476305,-6.66318249238453,-6.511707035201084,-3.5985800382586683,-5.6440029239186975,-8.203889063833557,-8.609297714932469,1.8679776029144772
5.99280163966318,7.993272531964158,5.636218017256522,5.103530549011987,3.3014037074707674,0.4088209919286125,9.418404692636779,-5.013158970058266,-4.185543144197473,2.4129127867407534,0.5819786978568032,11.552389233474495,5.787708655263617,10.19460083542655,9.097471418406435,-0.12757544891293163,11.120456322558933,3.9703799032415836,8.248293256378433,2.7928404086359433,3.304986885536193,12.388689685070771,9.942035146058219,6.980371153132808,1.6595219505899852,-0.9386745529318381,7.612835862514903,-2.399205172475895,1.0734116065746582,6.061895447399734,4.424881337415275,8.152719686444394,3.324016759505262,7.990800842035582,9.091774778106425,6.243959233591431,-3.3648984777697435,4.607566622440354,8.863966677511565,3.246063878835982,10.149009305783819,5.877623654816724,3.6433116500261034,4.7670673232116405,6.540881086586213,7.2629339756759945,5.9755942474820625,-0.6872254730610711,-0.036652155586073126,1.0011283275105545,-3.4281130063366803,-1.29487935772648,1.27902933509388,8.722872574394161,4.837252616171445,0.0683677748293872,-4.185261191158547,6.02598820402709,6.012377911183072,-2.053859112206854,-3.874356583683158,4.0110464275247,3.9254862504543873,3.310748173097671,6.9282470899234445,0.9543850168627761,-1.2065236912356554,-3.7459040904803054,5.048223403110118,2.834235625099109,6.203337036915293,-1.115437821563546,-1.5081346091655505,1.5972948117453614,-2.6738775896079163,5.730708635211051,4.774039981741019,8.742860945175641,-2.3279441421691454,3.7331068705740726,0.17822761036982868,-1.802300287610258,-1.964710969967186,-0.5453789733784368,-5.667016932649304,-4.509568672559023,5.86265506371,3.4914492904032324,5.1382595105411335,8.546418159854374,-5.824426072921387,3.362574104921805,1.2510773985970112,1.5090572690162778,-2.447691733350858,8.141686243873883,0.30807504749893266,3.1004228876668267,1.2390817325034675,5.9780943387567245,-2.362554478378193,3.0199100598444786,8.429426771520387,-0.45419655536342163,-1.1503044085716765,0.4659174004520876,2.086947741058738,4.644044409106481,8.582378438694287,1.2291767679676524,7.184592493509724,7.552496781138298,5.67484575472261,-4.245923728862324,6.794185454853048,6.44455888004161,3.7719660464782168,7.162926844881644,-1.2449954345098697,-3.423673649898723,0.7537698813176649,6.195568847490466,-2.2411562501052544,-6.866995373088047,1.4260013143284689,-4.769328593016958,-3.817829366397087,4.739173220282099,4.29328181848879,-2.5851166560295487,8.331249136611662,4.606217217836178,-1.7582917401989153,3.906494506918182,4.869942390537773,-1.6465702697988436,10.775963607133969,-3.795955762132334,6.0136491304755175,-0.7707564342617228,-6.575906004685025,-2.4541685804445517,-6.465369547266447,-2.435869855928196,-2.936409160342174,-6.850283372515855,4.398318039207031,-3.9620225909060682,-7.716441481439427,-5.380307696433027,-7.634203189277414,-5.976123724881627,2.118651339936042,3.099535844593468,-5.070301988251981,2.181994037056218,-1.8060226565550441,-3.922159840529,3.811596742070025,-7.283766134918021,-5.535606631598817,-5.205950284994873,-8.407591229398987,3.1711840339661808,-1.7928509958008088,4.164084151715057,0.19510919065861712,-6.362303824992851,5.1938183391823065,-2.107295943963922,-4.920794097850997,3.8448518393441513,8.272433571539018,-5.085574837491167,-2.7386515959997713,3.010417501023603,-7.6427837969758965,-0.494496558788247,-5.305518305091683,4.115402615262395,-6.9487556409566755,-3.9452587911897594,-2.2028587648637794,-8.408704412186268,-1.1322788555571233,-4.295439158673454,-4.11343631450129,-6.489632704263916,-3.8964696657213116,-5.009050894115417,-1.4798437835649805,-5.932072858127199,-6.582172216154586,-6.805367162693947,-6.674175796202847,-3.8656019897696967,-5.860307496570225,-8.5288842879052,-8.936385925148242,2.1385793098147206
5.914834477093384,8.073714661281175,5.518461699021725,4.847487441278899,2.946870716608804,0.5116363472552641,8.913195672150259,-4.800528914247318,-4.110252973220586,2.033729999688101,0.541915075839163,11.439470780694036,5.649539286699752,10.106295467615277,8.995680214340192,-0.15373714975479794,11.023988679908209,3.9919276675049535,7.912885522787484,2.669332668102301,2.8964143408256127,12.140127709048802,9.855686938060993,6.8041768520818495,1.906996636623442,-0.8542132861313511,7.779374222557627,-2.4054955783162693,1.3496514847774717,6.098031833917798,4.619010593510545,7.824869277537991,3.2795447128641215,7.647498196926467,9.160290086309615,6.142554663566716,-3.228646668035886,4.749458608944862,8.810402186887757,3.207685941681552,10.064993667814962,5.724128808617033,3.2590687488263823,4.9993936808967865,6.357094143507489,6.982359940637392,5.811730683735188,-0.4382856587000671,-0.4304082730391674,1.2771943937654164,-3.4552954202982615,-1.3163457830257181,1.2925926450710656,8.482863991642498,4.798193315036895,-0.05852686958131794,-4.1151843837923385,6.048515513138184,6.091836640493642,-2.171175432263152,-3.685368368782898,3.6955899753631445,4.022524257359292,3.480651029833922,6.989920532774337,1.1189308349849056,-1.1818723280028776,-3.7152177942770215,5.168794327118192,3.0889158571103046,6.328894032693402,-0.834490392978482,-1.2358392897380444,1.638841490398927,-2.556925433855885,5.751497788803654,4.80792853370171,8.713800605775653,-2.111633872890071,3.683739885683726,0.39804621872087714,-1.804256948749287,-1.924663705755406,-0.44288274502542724,-5.524952062464071,-4.412100699487928,6.096494452802761,3.656955761068086,5.120655762556234,8.309705478642154,-5.7158080694161875,3.5931850323862142,1.4306360107806582,1.394733697947481,-2.3327389947721464,8.071176756442114,0.5321211886392877,2.8890268022124594,1.2877358158918544,5.670903827675455,-2.282515390749072,3.1395237337082387,8.405135144550556,-0.43311665031361135,-1.0370316115387601,0.14192783073220502,2.179058601860306,4.512183228147093,8.527108843311067,1.456509919271075,7.021629879226502,7.380546123698201,5.351347279578447,-4.186932203608102,6.843796848748182,6.623838519559808,3.5658927791309485,7.358566773933214,-1.1102009290747572,-3.357550494054413,0.6201133208042524,6.279723027158653,-2.2858538094928122,-6.7996109438615955,1.1669295469466545,-4.761550262066974,-3.6342672556109643,4.657960939102918,4.396839236622774,-2.3436857828879645,8.262461141181731,4.455223951886224,-1.559743438332456,4.089654261427451,4.609366257387126,-1.566637763641151,10.634356556386077,-3.6960194326937885,6.0496867913428325,-0.6308481320085793,-6.480042960556755,-2.3978523016360582,-6.381500188226111,-2.34816497945536,-2.882637875991681,-6.799020339590286,4.2195511736998155,-3.736606225370877,-7.676454888486963,-5.284173837009437,-7.569446330629405,-6.111982074634582,1.997984167647056,3.3040640112754525,-4.982332350005214,2.06743199801059,-1.7990153219526108,-3.8938787950710974,3.421479976688736,-7.262848612060235,-5.4123551188234575,-5.090905124668519,-8.362210894365248,3.0186625978303816,-1.7960935001048406,4.311640358536187,0.484430546461283,-6.307450178111732,5.3241406118920445,-2.0271079026767835,-4.7751640390030525,3.7667968699717105,8.25499918902579,-4.939647849607381,-2.584724627467995,2.839367705927313,-7.54002635466201,-0.7183737051962311,-5.212316029604608,4.151286470373054,-6.960760953176373,-3.8531218763044257,-2.0577299825193682,-8.399246038174388,-1.3039260284409064,-4.47848575114408,-4.091941340418025,-6.230627481364812,-4.127075805156047,-4.976003742062982,-1.6064060728304737,-5.887492735094851,-6.39918238061435,-6.762606951281217,-6.609694877648525,-3.8816538981342217,-5.87520982871372,-8.44281244566989,-8.896643888311527,2.2880886547819252
5.570901241569787,7.674442597156902,5.0535002874880135,5.141138043157979,3.2316301728661796,0.529984976025244,9.383232916676114,-4.884602040528594,-4.001729677072659,2.5951818980624872,0.6769968124170475,11.273434073858967,5.834935859337636,9.736015834213351,9.057609460106935,-0.056529932587909226,10.533852453167782,3.582336512890177,8.186439193926462,2.3257244218149373,3.441726682860404,11.909536694593054,9.40073441402291,6.664694239248669,1.6414232305964656,-0.5686541863522093,7.4822923348814845,-2.3507089780750112,1.0699338448114668,6.19062970967982,4.132357068465925,8.138445091833647,3.011886929860948,8.0050021519959,9.013213230949997,6.245050816494994,-3.4440183437232723,4.373713025679046,8.638743167108233,3.22357278293646,9.865473249202132,6.256150294195799,3.682523319888052,4.364938091222478,5.862304136133919,7.143696981254692,5.826695591883114,-0.8509091043098229,-0.04220119830906617,1.0816379517369146,-3.4899601002141982,-1.0808520383576015,0.8692158796041356,8.313841584513286,4.728929575115961,0.6080077413191385,-3.522301841189524,5.768018453145781,5.796751006927125,-2.087310091069531,-3.754682418723699,4.106213314525617,3.682240747541199,3.3668386046594607,6.719606400382331,0.8472898278153136,-1.0280503710363254,-3.810215915725902,4.767698836412728,2.6076005467173897,5.983271777657379,-1.2012462711490968,-1.3175867819281186,1.160660055782012,-2.3980870233089324,5.231118906401154,4.670022710887986,8.54143707117702,-2.428418400296734,3.2015611805680564,0.11877929276090504,-1.6235873546663593,-2.066723077707036,-0.7924931734825403,-5.136359996073881,-4.480456475249516,5.5340167985919155,3.430703900792488,4.872272954018094,8.40493944734153,-5.514091640357778,3.2940791210525937,1.4366805862501626,1.7272247395983749,-2.5361103046820515,7.812743041849448,0.18124085678131638,3.295650287849266,1.1867513400867336,5.7008895060638185,-2.6064756415635264,2.671739080881444,7.929481741698207,-0.17837346914572869,-1.1459182600157294,0.045257623937491484,1.8369645982229614,4.114453411609854,8.020719985022374,1.2499328664377891,6.7355544483567265,7.050072504775224,5.685870921367298,-4.197838394336038,6.644986122934758,6.265738377081628,3.281450552534517,6.746327003326314,-1.3169999820740714,-3.3357007329137875,0.6138409183395532,5.893603110328041,-2.116307873457156,-6.3880468720755905,1.4056507991551306,-4.599431310009158,-3.565953453463793,4.2849605059169775,4.309278735004451,-2.5723529247255463,7.730038232380501,4.382368109684543,-1.9182454753374565,3.7272826877294416,4.721482565113054,-1.7203261369058627,10.285023172008009,-3.7320473624964214,6.090779910073411,-0.9419638150334566,-6.343746060782832,-2.244517762398159,-6.161777946686422,-2.573897412740442,-2.8857453469420737,-6.563728874285496,4.551656837677045,-3.982637657199754,-7.267834508424477,-5.305648315074717,-7.133321041081363,-5.702407139352551,2.200591806472335,2.613070724294269,-4.939349603368654,1.9063545139301248,-1.6960407547803051,-3.6774086007914035,3.654275504682239,-6.688273512827612,-5.26891992272356,-4.656977225279605,-7.813993831498831,3.20317201747361,-1.7116733046347803,4.155180781909037,0.09043811894032035,-6.123973443630232,4.8695067597983295,-2.2580374394865386,-4.78284192790807,3.8418401005165617,7.806586123942418,-4.863674541854626,-2.3929000491490666,2.872710238532922,-7.04509571307079,-0.8892262816604383,-4.856955640320546,3.87766637775742,-6.610678144571226,-3.815892491154079,-2.024985590017983,-7.959216742128142,-1.2403778004463908,-4.299042958158718,-3.8206868726058767,-6.083334387571579,-4.029616244817212,-4.447411053465829,-1.5929414727206666,-5.637326576430842,-6.210205465902554,-6.514141198190514,-6.493034107270766,-3.8743190271837076,-5.507710524133091,-7.968253562323119,-8.381476672470397,1.648116310899264
5.752055601482695,7.562066793571691,5.412051488713806,4.83556860526305,2.9465178072220417,0.4600383696956477,8.852209440277182,-4.7207190905217615,-3.9839063507702357,2.280761048960444,0.5234273635965778,11.194012304704609,5.725655860587637,9.698085857590916,8.608319199449575,-0.1853203478469869,10.775729703446718,3.91610962467111,7.789377697902422,2.8338993450536245,3.067686038488068,11.850441823325506,9.571097975323879,6.844157833035726,1.6287082928535523,-0.9346104536893529,7.387886109450594,-2.4659624116272827,1.1654525087684724,5.656506916639875,4.444372519810856,7.72830519926233,3.2217500615928945,7.556253123166922,8.713463787190578,6.028058706224771,-3.1216286708125196,4.589498173108414,8.371129565162766,3.053001141856617,9.49482917442606,5.452055018526974,3.292027198760977,4.787451365198383,6.265515235893098,6.677895662697174,5.4735550888452105,-0.4918155784831223,-0.3667041222832153,0.9552774349846893,-3.45411451300842,-1.406070480366391,1.3893283403481558,8.237420901982626,4.471480458910154,-0.0023011244781413983,-4.099063806169314,5.941988268891273,5.778926919211804,-2.0987690665879217,-3.443360665686459,3.7278919770384666,3.9327996669898204,3.3127595145756623,6.7461225928652615,0.899251543034282,-1.0132077494577307,-3.5885462127541263,4.8281726483430845,2.8893025427185473,6.124595262255862,-1.0269315009984625,-1.31215557446911,1.4403025378621654,-2.441906653589794,5.727184333545308,4.514729233085681,8.54003089179959,-2.1038149739968572,3.5294388240064865,0.28987231243517025,-1.7815987731251355,-1.505765374333322,-0.45132759471289274,-5.502400918445293,-4.3607742985111075,5.8593598646026654,3.373889251214463,5.052732932733859,8.111394402457815,-5.530009667837569,3.220112343490174,1.3334256855272122,1.4553606909600811,-2.214895819087291,7.816935401477415,0.3440947924773985,3.0082719912524563,1.264573085040559,5.707490120566335,-2.3940811926372887,3.0150060382679116,8.008082052179459,-0.37722286387916987,-1.1350680837905192,0.3232354514006231,1.9411156288584002,4.52771671727488,8.40722964009379,1.242305741191709,7.041332842335687,7.315928593239344,5.413566920458474,-4.048229417207213,6.6007863480546005,6.382209299511058,3.499317898500811,6.961546659097936,-0.9086780029684377,-3.42157498321914,0.6032630578545305,5.832849546981771,-2.234480343236456,-6.642945743737719,1.2757313667552956,-4.681589056139918,-3.5305211082278674,4.437354955338568,4.070447556914138,-2.5965601010658044,7.903806745404573,4.452496169640092,-1.721477338733245,3.839696945275541,4.508621239064801,-1.6358724290926565,10.45302747903784,-3.468448274412114,5.72004016742464,-0.6249270311245118,-6.264195915118906,-2.3043823453213648,-5.997265876194282,-2.2634125328084225,-2.9277032607416387,-6.430227830014856,4.035002544748341,-3.578185435366944,-7.334166505395125,-5.132560673203343,-7.366100222459114,-5.777841028801501,1.7999825924816975,3.073118724763141,-4.803478235543707,2.1757332254595845,-1.4694098494650703,-3.844772801884396,3.58822275915216,-6.960236192292568,-5.157674584021576,-4.914697570542514,-8.17098971280442,3.117749344701874,-1.75143104545025,4.020928611488083,0.7362994968093058,-6.162789285846617,4.9579890309280215,-2.0804584489403375,-4.445950004026328,3.657518482447235,7.9071433440261645,-4.68201318367658,-2.6651315927455275,2.6463582901083864,-7.314476547249417,-0.4742853194611594,-5.009242089894027,4.356179650637319,-6.703632375823762,-3.299517451868758,-2.0238226615193624,-8.037555025802163,-1.1329580564488608,-4.1684481156732955,-3.956197839726428,-6.150231304835606,-3.6909476957487484,-4.9301335908532895,-1.7159373148290418,-5.572132065452801,-6.233613094001357,-6.408755567624587,-6.290291601532966,-3.9016340353321692,-5.637472340831624,-8.144378868985447,-8.47066737694968,2.07672684522281
5.789841698056432,8.597075598868521,5.708631142466524,5.564973928464831,3.2453913242790997,0.6045519971465859,9.80335589101742,-5.284471888381815,-4.404476935722424,2.4391748801718887,0.7531138379812212,12.185147694926405,6.165184899584556,10.5156654635115,9.789795502299016,-0.023457576716290836,11.385303649983348,4.173581979234334,8.355235175789971,2.68552679645451,3.6076763364642304,13.02013333986541,10.250208115887386,7.256586827750765,2.0099378603761577,-0.7189879496734776,8.195249758188464,-2.589767966192841,1.3049801225434452,6.327492399467768,4.611540022212855,8.291045951710018,3.810050736063831,8.1819884787616,9.829509932876793,6.5155083682215835,-3.569787538186233,5.1820068576482115,9.624228952267146,3.3204489826786894,10.693106671232218,6.379437758746431,3.5619161838312103,5.181426897625454,6.806298991981509,7.7429258717632194,6.354609482217689,-0.6337605469609452,0.03930734908845724,1.1232038121062733,-3.498273858020681,-1.1173820387808402,1.0844251622803065,8.870796378371104,5.147049300304789,0.28637400835434473,-4.289941916626758,6.702335583761283,6.5584293511382015,-2.306006912059377,-3.9409003598323817,4.281247802586817,4.410633899034359,3.9441810539822537,7.624511648013808,1.27221681132511,-1.0760097118940959,-4.015734109436002,5.146507549834682,3.3847937789131457,6.696792263512743,-1.0854115379188132,-1.3727552519250428,1.3855288851516403,-2.852323951860157,5.737920760368655,5.110672121581047,9.450312622802851,-2.4178166195403596,3.5793047286633386,0.4213800470135267,-1.7466457127894337,-2.438699862764732,-0.7227810013629433,-5.89767329629802,-4.79830279792828,6.309755073518363,3.5746610393410267,5.399983654876499,9.258509508338046,-5.867225971048695,3.7958149052846766,1.652838322781971,1.5231584480605285,-2.58792544545416,8.789834227204693,0.47194933684299967,3.5569644448839908,1.4828505887732233,5.995092252039974,-2.6407253276836635,3.1074795212245334,8.742735322600366,-0.3343140884974715,-1.385696818809405,0.3207123915237165,2.275509926358762,4.574791246365692,8.897439233465683,1.4242137010174196,7.562053699345029,7.739173738191805,6.004184880328797,-4.36023474737962,7.1941840595475135,7.006629539091015,3.6222938335686643,7.594697042523731,-1.3539291185653561,-3.3432798673288864,0.5318346882836424,6.584837126184066,-2.3332673843810205,-7.320973954818363,1.3787908368138515,-4.992597708837141,-3.9412041748316,4.8280080595900605,4.791804754991584,-2.5321351178449336,8.70614224925186,4.958249290408747,-1.8699223915105203,4.218698702652367,5.480585248685703,-1.6590888683438862,11.361041277557483,-4.1258049576576745,6.606408547627468,-0.6164250933806911,-7.121533137332758,-2.7896020838830804,-6.942187952204185,-2.4621128195857875,-3.2287783350435815,-7.325790418809084,4.57689929852732,-4.2285319375825345,-8.326176505025305,-5.819933257325258,-8.083365754514219,-6.025618490910634,2.2477957125049643,3.1702076412201765,-5.63906527996053,2.2735926412303713,-1.914819964910477,-4.194125709840607,3.9428629535264963,-7.884679661262362,-6.03631177345924,-5.590081308783548,-8.939464195387261,3.539252016916437,-1.7510065274195223,4.3112104970807845,0.08911809243519885,-6.857858228086139,5.645799298428654,-2.246103930515996,-5.262669912827743,4.178918054462487,8.640764638842663,-5.55313845956786,-2.8689734939205427,2.903441590392897,-8.092846251066911,-0.7397575067984651,-5.579976259272522,4.017730256559253,-7.484422406197654,-4.378309939811899,-2.3877833135112874,-9.100063187864908,-1.3610771684150893,-4.768265267423139,-4.286932729859795,-6.738631051555523,-4.477474622239663,-5.375977122062796,-1.627294985203568,-6.330016300481267,-7.026420905536554,-7.247772331450073,-7.222525832280514,-3.9627095866075592,-6.278029273307728,-9.066024273431584,-9.547243143717122,2.221875037672378
5.879517497047489,7.868425320280851,5.769311249129633,4.725456826304085,2.9404958705913193,0.34644302215187756,8.95662957278596,-4.780641030636246,-4.073582367144615,2.0962809911122773,0.39817807675668787,11.32139100271511,5.606940092279318,9.963926571730221,8.772785401648191,-0.31430247943995726,11.13435715374329,4.248493422020755,7.8679544735195535,2.933352654002561,2.8921911594530516,12.20713635229817,9.89008059170847,6.955156123709273,1.59602448594884,-0.9402117506028153,7.486890302932052,-2.489152133576111,1.2555404795795133,5.763954135745791,4.595916748095296,7.850752699651371,3.2804321923843203,7.633444089352137,8.946789273143592,5.9428809740746535,-3.1195404463052423,4.606043925847397,8.582017418477452,3.1168934351251067,9.950849258306828,5.4293321275667585,3.2888063339136715,4.954375688284807,6.638532377198532,6.858769963147924,5.668252696650891,-0.4824712982042398,-0.3865167801695166,1.105865512010535,-3.527163141490518,-1.4459356294971804,1.5773091350421817,8.577087162744638,4.651095436013484,-0.1901539322745519,-4.331374881735924,6.168565710925244,6.179114384852078,-1.962115829369857,-3.615090640221398,3.651347420119533,3.970063799256423,3.2070269382895473,6.705500491635234,1.0515554470865853,-1.2372653323341185,-3.5697424392384636,4.937970305404624,2.97764520553988,6.2530033522027635,-0.9511489669609435,-1.4046909858819099,1.6719816469805262,-2.616090203033347,5.870145350430298,4.653207149450659,8.596724807460625,-2.0413501601950617,3.880798791145372,0.5451741963001452,-1.7729368221516675,-1.6494919106041006,-0.38900029281005233,-5.638791243131235,-4.384546222860206,6.1151807382318415,3.19365574385936,4.950818132160498,8.219700550743246,-5.678051900252386,3.3996062208375117,1.2059057745065496,1.4355853221416146,-2.3485250997765057,8.012196546027145,0.5269060946666909,2.8463758662825245,1.3104459798523365,5.826378866961912,-2.174075327718872,3.1279666913642927,8.464497001505347,-0.3817789557144726,-1.0762354183107095,0.4889503218964758,2.1222316210214394,4.783215768585201,8.714426820912962,1.2998019133454575,7.183888077234356,7.546209293716851,5.396089901379867,-4.103787503984107,6.752506463487777,6.477405982964093,3.794634317082589,7.317824572878972,-0.9939214020817436,-3.4008486085807994,0.601916993374871,6.153038410504489,-2.2949527022351073,-6.906719107686434,1.264090756087265,-4.736876883526736,-3.6006113022512993,4.795165411006988,4.292920980074056,-2.5606072778199094,8.321561790167916,4.647641819709393,-1.6631755741972873,3.896403008665734,4.5217044526613055,-1.5492519863213015,10.701166474166929,-3.6237776892469546,5.8865935947743795,-0.5701928184568357,-6.452835164912045,-2.505573508857981,-6.233976551072098,-2.182277110619825,-3.0046359456087264,-6.651717135011404,4.029818505318656,-3.602047122193552,-7.612028205975401,-5.166559680126195,-7.592934868592676,-6.028823651429616,1.9111357134748979,3.2644796725764724,-5.093938121089323,2.3085521649344356,-1.6887500080710236,-3.944961351264023,3.4759795162735014,-7.306753715429263,-5.373915040024729,-5.155108022131917,-8.377902821600312,3.031207919078788,-1.8726221565542025,4.147886551532159,0.608061952338058,-6.29748486448734,5.206804644667865,-1.8813526822018793,-4.696763848389369,3.8788750797380893,8.325450285813117,-4.9302552573838065,-2.8028495494419876,2.860841100755035,-7.543945126450813,-0.5673277058997321,-5.347654210866726,4.303205122350878,-6.90845713582367,-3.5808685751160945,-2.1503479701198165,-8.339039202540642,-1.223062279586895,-4.364593836458849,-3.9911812681361,-6.358377769258672,-3.8996573452813523,-5.104257835130639,-1.5659147481348359,-5.677068946815051,-6.434176742525119,-6.599987720752308,-6.499261652867298,-3.952367724440988,-5.7468083470674785,-8.425455013670037,-8.837350107751275,2.1971053128505282
6.260846170331612,6.938691453768271,5.886929900674097,3.9646661936533234,3.3503782012023393,0.10357273939936802,8.34946653321962,-4.077293070522901,-3.5238401473637464,1.9057921567637643,0.1320830221401065,9.774647054584637,4.301485901030797,9.509781592738513,7.585518886164757,-0.4785712116911256,10.648856370617361,4.054713325528819,7.690198047257664,3.0688768141011575,2.2665575693800606,11.125565014222785,9.359810635364422,6.202383581415823,1.0182327696160334,-1.3153608243518702,6.1003774904276415,-2.150734264388427,1.005512012562007,5.468194429629328,4.198084043624512,7.603834478450242,2.618185990331605,7.319746349480548,7.4845410197422275,5.235981692104238,-2.6035129881209325,3.314097622004372,7.375365407741521,3.08457202350616,9.380532469679007,4.533935190358836,3.6437211591467507,3.924157106920966,6.537419291816502,6.141220274183814,5.351390343339297,-0.664010632662997,-0.13386973910243433,0.9817126004478501,-3.1320266728010306,-1.8604022341639455,1.9167986724880994,8.446403847858843,3.940382094197704,-0.6480748898652368,-4.108076243523298,4.869305002477315,5.355224965474276,-1.259124547530911,-3.3021377361969892,3.3447497124310903,3.0948982946327965,1.943568050364109,5.2574577493007775,0.39585591898727257,-1.902442883028571,-2.9944818347298536,4.897435697096282,1.920747242058684,4.8717227096932625,-0.90658303239141,-1.4973622391375216,2.4199673044262475,-2.450996938001104,5.694628012624312,3.7097360224976907,7.019708811627572,-1.8132428650263892,4.583436073752972,0.06140680034520086,-1.8876686635599846,-1.1457559977925484,0.2648172654724471,-5.018221561469271,-3.8524797486694626,5.220466135294903,2.8255608234125806,3.9394045598112197,6.897206761255466,-5.258725401245104,2.5179949617925295,0.3584993852290639,1.0937582134107124,-2.396263461496424,6.706202335753269,0.24390938943127588,1.9379537887268399,0.8267908863886729,5.708885820903759,-1.1910106258970943,3.070795614637621,8.097748485645289,-0.5778917091065014,-0.6522136490669465,0.89572192446837,1.76274364475804,4.776818555785177,8.022512785868432,1.1629124725477433,6.1470766507294625,6.825853925986692,4.504475274696251,-3.970316576914925,5.847764413377128,5.307671409310065,4.395236462621783,6.435974517824505,-0.8192984346397655,-3.087524771527939,1.1250301903076372,5.754578180858926,-2.1369717507869708,-5.949774310942673,1.3106097349151005,-4.175454476214408,-3.471289469044049,5.147196800125839,3.3781038729114465,-2.5196834864673243,7.75147122505915,4.050872333479389,-1.4297951440873624,3.1945806553629668,3.5598483120114786,-1.4502914558642126,9.353023538952641,-3.2769930012690383,5.042060844947912,-0.8962338360573151,-5.4939278790378605,-2.08882398618975,-5.47622436216542,-1.9181895796004553,-2.664647861022016,-5.992966546038699,3.5841459825278994,-3.0877620255507843,-6.612044300385992,-4.704804968905183,-6.857362334543857,-5.865297589491025,1.7971448811066157,3.1608417614099853,-4.3530630465112194,2.2473063484023577,-2.007882800982879,-3.388824919044968,3.20918376005056,-6.303500470308632,-4.732722849864507,-4.455283270343964,-7.38492823982694,2.1855040316701957,-1.8311435244891237,3.9234997935156786,0.36902413011307267,-5.580659876644969,4.374437815556619,-1.4764475468686524,-4.138097768205025,3.2078796513871013,8.076509039494391,-4.483962725267869,-2.567529559335317,3.4089538126188432,-6.9436251434455585,-0.4534350060162401,-4.929498396041845,4.082220484007526,-5.950916902657055,-3.0027603687078344,-1.8941552919223017,-7.046328329255899,-1.054316282356696,-3.667975897910061,-3.4615539186675,-5.649189554616009,-3.2155358643948597,-4.485912670473679,-0.9273392950289284,-4.945000272389593,-5.721982561812469,-5.814395238627436,-5.485487822230143,-3.8324898526757707,-5.041841897560837,-7.298170288556115,-7.780120861458137,1.9212800942457713
5.411953529227273,6.4215853370582305,4.468323482012703,4.687322644805748,3.3924928801362286,0.541260058234943,8.445772469675486,-4.044034759028338,-3.5625888976709916,2.611144946436853,0.8497778824847526,9.906368886728439,5.029462703928708,8.719912301436246,7.867349444988518,0.22757268884480444,9.373043079639507,3.0209773680609526,7.579739345545349,2.088894107560598,3.009614366127068,10.281467802515673,8.31986641046578,5.778249015779731,1.2652755127197883,-0.5310200853216718,6.380262751280438,-2.054896178014641,0.9402478732230417,5.67699397808914,3.7015297407623344,7.537580869156193,2.4887526823261537,7.504773831163392,7.715817223315528,5.907156203387702,-2.996484173963668,3.4968665311847533,7.291919098386381,3.0690179168318177,8.563724013551681,5.518794936515016,3.729946374132506,3.414138718839118,5.03009428052487,6.183373977783104,4.985594553999121,-0.8654297487131637,-0.13810864840883944,0.8898565147040369,-3.1515782964500785,-1.1475017584599703,0.8113999161475026,7.51683781660228,4.175281959154876,0.6053591866526261,-2.9582234734244266,4.681753814919702,4.783172630653659,-1.740283331268144,-3.275626225655284,3.8688202008763843,3.125558861325973,2.7370470137712837,5.800061189677246,0.49686364031978236,-1.282146993765633,-3.148330681327175,4.387332808626024,1.9389274007895096,4.9660485457643375,-1.250408525116774,-1.2199691666533201,1.206721583525789,-1.9963928184029223,4.957903859381994,3.8666833804297607,7.370119454831005,-2.2730930245587286,2.9718970243594476,-0.1468322906863857,-1.4513397261602419,-1.4052853909790135,-0.6629338172171201,-4.470058016102947,-4.07195504381255,4.503666862380369,3.2587622434086505,4.125181185564448,7.131888218759401,-4.8509524181840895,2.5812431833262197,1.1607348606441417,1.456596320491435,-2.146945180369893,6.5169875136293625,-0.11214587574867094,2.824321873379445,1.0507488660526025,5.07013528490498,-2.325619644940314,2.381059577282952,6.7621250093610925,-0.15847318770805432,-0.8122172852472531,-0.055964209708130354,1.2525046146149619,3.6001168861830055,6.955974242024756,0.9342094149190141,5.6138560252214065,5.9859150438018744,4.808525020195378,-3.6449142200186766,5.5771658733860825,5.307094784392843,2.976080063350384,5.5967945418259735,-0.9691446840982113,-3.2129237405300386,0.7647566478278003,4.792257987782842,-1.850043048010614,-5.3882730094584215,1.5255868632314673,-4.039364191079094,-3.1058505374302823,3.7882713375341788,3.266492461487122,-2.448737685025743,6.486638327574315,3.4501372662002443,-1.813085066404631,2.914893129103236,3.881887667357756,-1.6877644169656956,8.91245353118996,-3.0548312184299267,4.968798103062976,-0.941881814670774,-5.3551647891027905,-1.8486782372193573,-5.133325798365975,-2.245944044981657,-2.4914809710967614,-5.622858441855012,4.060121580801312,-3.556420594465336,-6.112589079581167,-4.595183486616329,-6.049742424133652,-5.100116603703382,2.0162891983157056,2.242885751224319,-4.017267248904785,1.5226743768868385,-1.489000661555908,-3.12908958022175,3.3643431607652445,-5.517074628485231,-4.400086073290772,-3.7883266764844103,-6.731442486717726,2.516560169444491,-1.4953993715835125,3.7908719851883927,0.3247986385113045,-5.152822822332756,3.9543096168246366,-2.0939774951074757,-3.9928396682870027,3.095090077764692,6.687763668372335,-4.004340014829829,-2.1213927507676456,2.841729854744931,-6.031981184168405,-0.5225060098453713,-4.107864553879495,3.847365096287255,-5.692134109713527,-2.901446933480613,-1.6166698999514992,-6.698983964709395,-0.8723877449666491,-3.4394913889235053,-3.388602509655255,-5.289172789751208,-3.168274845491087,-3.6659281271212203,-1.4140378992166027,-4.676682410655987,-5.2241468695071624,-5.705256141923405,-5.349918239615915,-3.580590539179998,-4.7683364856465245,-6.852067790613111,-7.0485257041560585,1.3078969923912158
5.579056654773835,7.301798992919904,4.994395189906418,5.189969492161833,3.1132509023481076,0.7379146080248352,8.86065211163551,-4.473207208782022,-4.044627956953761,2.6603021613291973,1.107423974177152,11.118325143296321,5.8654466737216255,9.419049732209233,8.526159498234387,0.3859394947933619,10.35034958557217,3.648631810194633,7.9511409208119,2.6474549083258743,3.387647718712369,11.475800843859473,9.162737203454448,6.669178078424196,1.6643974217019044,-0.6711409154245572,7.353785665472219,-2.515088474993847,1.1322520106918759,5.915462286520681,4.246899168705282,7.811151613519033,3.220689911178932,7.754667003808853,8.70167617293417,6.4215237653639505,-3.1248602376474173,4.573685817935033,8.235338218770803,3.275456838481282,9.233745620473341,5.778980269262015,3.5373204090522186,4.404536673138658,5.742096455236484,6.471116618392736,5.063048527656685,-0.7184212405832454,-0.6313283634978217,0.892637168098971,-3.7134398427811526,-1.2267082825917632,1.0303442776394869,7.996663340625022,4.6293470047576415,0.558654754802277,-3.714421416491523,5.708319553426185,5.582370608565616,-2.2064062664671154,-3.470829121280217,4.096267709800113,4.0151199106873126,3.523182979662767,6.949172259223,0.961700947860586,-0.9700875384300114,-3.517815594818856,4.786035933888518,2.820716212206248,5.952710136758186,-1.3033328005299831,-1.3071018991906609,1.242179971186287,-2.3402647731932387,5.624435749539946,4.6162425891483885,8.548262942880882,-2.393881735117023,3.073467056971506,0.3480238365372856,-1.5461785788096196,-1.4077113083813897,-0.8342301347503585,-5.3512610809131544,-4.4331193472907175,5.376958504692789,3.647501389095259,5.084728386266311,7.910059124238154,-5.349465221795087,3.3054368078607816,1.5208501407734132,1.4956654320675093,-2.1188238208571555,7.52352571229679,0.19455053979182912,3.3709118340391697,1.2297763881904367,5.584640796061974,-2.690536877320374,2.7626391654757914,7.540521889334085,-0.07448748104144677,-1.1267201001853595,0.03463905421596072,1.5686418321380362,4.1875514631229676,8.008030475186782,1.1536657782740454,6.651184821831411,6.9341035978467325,5.372859749377874,-4.035287160365279,6.237058999797627,6.158591195672828,3.027549016748191,6.536347215107363,-0.9365348454889184,-3.5137222699372863,0.2900853245202663,5.278469646798886,-2.02572543432302,-6.4312481838572095,1.6405507779983954,-4.458336574355825,-3.4531856897410123,3.988412633480882,3.705013501087634,-2.657952985627577,7.299205146426155,4.146493413608826,-1.8037938128840887,3.5753196625399988,4.5448246467360995,-1.773051337293601,10.172980239913791,-3.3518200301542977,5.4188391797084545,-0.6371681450783871,-6.225914905063163,-2.082098924383888,-5.7781524953793815,-2.14625064489072,-2.745314977467359,-6.194664559801905,4.102731055370242,-3.9341711711729532,-7.125093305875507,-5.242661596217342,-7.051974822810376,-5.533312779749039,1.915420472732601,2.839594487385503,-4.560609291267019,1.881571137183055,-1.455451629295475,-3.6381215356834646,3.6420957541728534,-6.752596289257572,-5.013084151323668,-4.678683027734008,-7.885738083440926,3.0600457027523134,-1.649808160495517,3.893773950636201,0.6913174492297117,-5.9001582519481035,4.648863953264302,-2.3767564154708887,-4.265535584588091,3.57514010598683,7.339861947367819,-4.44800703813959,-2.5329446205006003,2.596822445050547,-7.048759460839869,-0.643001333842226,-4.8035509133875385,4.384919737773508,-6.47548338266942,-3.220498587277325,-1.9558952723827143,-7.9564144804869255,-1.1906327571415511,-4.013923150431316,-3.9312917879223237,-5.8687185387690395,-3.6760582524265026,-4.486811292730861,-1.9229875169537873,-5.35494278879362,-5.893385172340176,-6.286392420877137,-6.10679667104972,-3.83940157838417,-5.534193141466256,-7.9163557065103,-8.258852593914362,1.8418369554403777
5.5109742370793295,6.890979874891815,4.843859749255075,4.705528546793631,3.249736313546264,0.47778354884491614,8.712170125849688,-4.410184710326676,-3.750345827832651,2.507508422197641,0.6122031433616776,10.484030861381934,5.3823992732947445,9.156607276730414,8.273729228374396,-0.026328249690281563,9.977955910879153,3.4038195774719346,7.758220335991828,2.3330146121487383,3.0945478301336173,11.0198412611752,8.848242092807412,6.238087857781526,1.3597645188739718,-0.6471692832686,6.836701310484996,-2.250654998377926,0.9499455576347933,5.711912168019589,3.9232713906040813,7.668462650135772,2.652409340436805,7.593433977472209,8.145012159568871,5.933838625958914,-3.121396014829565,3.9171076070255464,7.786253829341109,3.1792913383011134,9.025135267434962,5.637335621157552,3.626476701850099,3.9312585339955595,5.43074691637816,6.486448046964026,5.292760995332355,-0.6165439878356523,-0.12620405827746317,0.9268018981996224,-3.307447119839094,-1.1441521746938412,1.0133864175848943,7.854212215271742,4.287041096601547,0.4617047334897878,-3.370373056968067,5.276004890678945,5.268268130596886,-1.8904611674716953,-3.293517109863441,3.7927668808038697,3.380619521978794,2.8447175251569967,6.113602819753937,0.8524997658583765,-1.0600891462346504,-3.3083382221372553,4.444220130697694,2.276533072252388,5.449684267690895,-1.0686706191721538,-1.2672502297367618,1.270289222907866,-2.189732463693778,5.16516234731,4.241633056808803,7.859076564932286,-2.1899892870790314,3.174295970425644,0.03791650126908754,-1.5689128801982657,-1.5553929252733916,-0.5815735467296522,-4.896603305626657,-4.1094742749449,5.013464039022253,3.229060603288587,4.456385996087098,7.5755509920527,-5.097326273746418,2.9058343431765885,1.136929542837322,1.5742929271821682,-2.1881430142369513,7.107399813975938,-0.023751821061645407,2.874405817116774,1.1852329414205927,5.364185723976967,-2.37740277553815,2.547686256866887,7.317797415519069,-0.13645751659949334,-0.8725558793756747,0.05891969242943253,1.428115648199293,3.992735261257756,7.544913236809015,1.0796505311510796,6.235030697391882,6.546435488482771,5.161715540285932,-3.843805136985091,6.052363430614136,5.780925075240169,3.1480936568038023,6.175500309455501,-0.9752760388505978,-3.360456282500575,0.6640225941974345,5.25723926847573,-2.0054803375043933,-5.882580916031211,1.4318608085414384,-4.249809595090804,-3.3719304023484074,3.9922771855748374,3.6695243901428873,-2.4531785163029616,7.057763164864064,3.9459049888483775,-1.861765103885769,3.4114286045046893,4.101042631515891,-1.6720593887132837,9.546105643715824,-3.308198906468877,5.369595069615478,-0.9530370749332356,-5.7726350945402105,-2.0463367118482427,-5.50309854174151,-2.3114421482008196,-2.703677379891904,-5.965967949792838,4.138867813003912,-3.67623818665304,-6.663020763279139,-4.884591969822541,-6.536567100681752,-5.370637369753821,2.1019470033060927,2.536168944376388,-4.382036455616007,1.9091105451005204,-1.6184885280153738,-3.375255781687419,3.5017670872142954,-6.128622294310627,-4.84479926468572,-4.302392986256915,-7.307155775446209,2.8628031051169023,-1.5317933061696367,3.858804718200532,0.37120159089683236,-5.49509423934887,4.404414343695882,-2.1089359882082346,-4.227592974864163,3.406717903375635,7.245010717072451,-4.393352782159846,-2.3094157416033463,2.790651516924383,-6.560478905795914,-0.5475684941683453,-4.5172706785808705,3.925604967154546,-6.042719483683689,-3.2111962444367323,-1.8976152529577692,-7.301523058136591,-1.0304140217468662,-3.8734206898687757,-3.5444130574900505,-5.676850884368329,-3.513157770752606,-4.169392862506397,-1.56332271639624,-5.037453054611254,-5.740353191285871,-5.963165176748901,-5.765143209519503,-3.5719260668272335,-5.020058257299958,-7.374135135943268,-7.680708755711344,1.5057546838472131
6.191494265146631,8.338139686625162,6.12231032515022,4.129371035690811,2.62453854248354,-0.11089798674165054,8.906422626654077,-5.048145979420021,-4.077307988298128,1.436047387030154,-0.21537572861812823,11.46758213112306,5.360450877649328,10.462680687303724,9.038689474576447,-1.0303325325068884,11.698434846053614,4.602521149253201,7.752355141415327,2.904568560515216,2.3157971107636497,12.66769478960334,10.446778951633991,7.004446426230576,1.8495882133107735,-1.147450138478735,7.619239916276171,-2.2235668318534416,1.4799780991765976,5.789754242365873,4.895511837835522,7.8387447015247815,3.045514184517948,7.495104488738641,9.121220024200728,5.507993233546195,-3.2196186923936176,4.530726104178888,8.833997333435267,2.9620231559154453,10.576133125444477,5.266723153231321,3.044347789269665,5.306410647874976,7.0283706850251075,7.177096292854798,6.262438293121076,-0.2591350062679883,-0.12742361882287762,1.3425906080230898,-3.198805593501254,-1.6440299127951699,1.8308720077454688,9.01139837690804,4.672628558330694,-0.7850870569869407,-4.646964161077263,6.377162235095378,6.4813953192783,-1.8068896403869292,-3.708881085148737,3.134784540286171,3.7387860391341636,3.0057471974548964,6.432104683384618,1.0999676142732464,-1.3483182012752266,-3.5749929619580296,5.152526309959524,3.0385442140950802,6.463680557683664,-0.6275320504306301,-1.2488636244574665,2.0687928240291673,-2.728349863071016,5.885627942987234,4.73049597831286,8.58289446456606,-1.7640101576556193,4.409225791959863,0.5340979972211719,-1.923940974195495,-2.0267891952807155,0.09800978711766482,-5.765000500129391,-4.30197419563315,6.67268379971395,3.0531201823844683,4.844160514602369,8.46603299411324,-5.799975712836104,3.566623112983669,0.9199344937955973,1.350089285493154,-2.5899040607245927,8.317752823380076,0.870719356602195,2.27007571003459,1.1704186148473217,5.970853216039972,-1.7297036160003028,3.466299077056451,9.192128719623204,-0.8401456458275554,-0.9912981649508967,0.5281100439510023,2.7168416280876904,5.114380665821959,9.139556191263283,1.6318130727676292,7.479542000472676,7.908586640341374,5.345833403069852,-4.299422936554592,7.235048453241533,6.757899648509353,4.402017113013203,7.942692309057108,-1.2829301435809541,-3.063063195320289,0.9351037300504201,7.006423325738769,-2.4481450964508182,-7.153383086728345,0.8104331472853102,-4.921973484371748,-3.709561234192288,5.382436145606407,4.83460639136876,-2.3852988914702222,9.106733116960534,4.930151150280762,-1.3835811076081515,4.438587765208951,4.2964657751864745,-1.2504246090748694,10.973412018389425,-3.835863144438061,6.327922609207508,-0.835049263004165,-6.617875942808452,-2.6348773335050724,-6.501324725914789,-2.3661841424739882,-3.189364221192328,-7.086586468431004,4.020102915866263,-3.415390309720232,-7.907878718275019,-5.15844084007732,-7.99984997528413,-6.504998295572281,1.9816947567261023,3.564095826051375,-5.43650098657824,2.5495918246401854,-2.007816510949943,-4.015103242490014,3.1538334558655525,-7.559046385739611,-5.700186885962194,-5.370832748816045,-8.608792488929343,2.954468058262396,-1.9486939362853741,4.516772020574026,0.4442237360636442,-6.623186254166285,5.638661430713402,-1.521137200970704,-4.976057188710906,4.039386986039568,9.154726177335833,-5.323049265245676,-2.7223698345810328,3.161651202038608,-7.944492625430679,-0.5669833347932942,-5.519921925884415,4.09487266250866,-7.098016796064528,-3.9354574264267663,-2.1913678373111454,-8.504469413438176,-1.1706233464390106,-4.496250208689734,-4.150820978295918,-6.5938091075128975,-4.067608514977333,-5.451062306695198,-1.2111430520413278,-6.16003163458581,-6.786529366830224,-6.835665391189497,-6.817575738048951,-3.9589995454903755,-5.881955258452578,-8.604188600463624,-9.27051868518649,2.551928619061541
5.819247458354119,8.348729057307233,5.73803977695549,5.026601575660459,2.871448730168462,0.44142827950015145,9.240305951919982,-5.086808881459859,-4.255795889630352,2.088841198232353,0.46791270765527415,11.92211964677998,6.0247663556246245,10.322358362290075,9.336180331701733,-0.2886619629399228,11.372794533556783,4.304033306008688,7.983767568357544,2.7999942208488355,3.0868659267681897,12.714779678419236,10.176353386465568,7.210046541191161,1.9891355660755141,-0.7854493665063214,8.068637307531116,-2.552260027728057,1.4442290927633745,5.995666014561831,4.757502405712169,7.958991476064511,3.552499552902239,7.755896026177692,9.537080640675818,6.207939652506054,-3.3159462190701605,5.100639565920297,9.20625878454841,3.1578683484517787,10.348223867825915,5.8478759149691335,3.2205924603793648,5.333154114122584,6.683805002923838,7.268355041912517,5.970865628352405,-0.3748814429261401,-0.34936533318893565,1.229250242077279,-3.524438983614699,-1.2574481217212135,1.3581002275889504,8.730480277993385,4.975515457762088,-0.06276007940648172,-4.430175406228658,6.6027680608123145,6.457231143693643,-2.2470948783743023,-3.7801389755919144,3.7962937614951273,4.275255182989483,3.7346595934470335,7.305546888284458,1.3673126089145597,-0.9864523681830808,-3.8373509497557663,5.070365491380486,3.390002053022237,6.7547984892261645,-0.8974478605085168,-1.3153041884326788,1.5419490123104778,-2.718621693023132,5.888207085757177,5.060241870425284,9.203609106744379,-2.1727397673812634,3.6955220045795456,0.614111136486519,-1.7230803966710342,-2.0750916767517844,-0.5365261760757785,-5.92664583207273,-4.570807871075357,6.450004871828398,3.492851892057545,5.329421792862533,8.7817063568838,-5.831795045209173,3.8251865491845316,1.4954949754798297,1.4704344603800916,-2.425793201256807,8.568996244481832,0.6867160239251234,3.143871899753124,1.4678175197561134,5.905234724305846,-2.465787776947589,3.249294413040107,8.7176912497687,-0.38431549754655064,-1.1964095050965007,0.2838394138024541,2.325926980129263,4.762612656773879,8.952863144335572,1.5476393333196818,7.515827002595859,7.783162842933462,5.713045927617233,-4.164186131653237,7.126179298400845,6.977923521128969,3.644907266935484,7.704537869402592,-1.18069477178437,-3.433400155047116,0.4773420020779009,6.463895211690641,-2.310190845961591,-7.262237990284356,1.1549935617201155,-4.942355087342318,-3.7723434821791093,4.796428413181632,4.657593638908887,-2.4524987654967028,8.641682449821834,4.889415193253489,-1.682154999926007,4.310273106111216,4.935249200973705,-1.5857349406109509,11.206172814862366,-3.801280105362069,6.324980608528165,-0.49269157077321357,-6.88742320112662,-2.6919282061955223,-6.652540765541337,-2.371620922017732,-3.1461568814212226,-7.022332457897085,4.241940265310624,-3.918144954245215,-8.111669116096355,-5.449727485166918,-7.9727173249978955,-6.138537665620095,2.0714086086224133,3.3837005867750642,-5.3757582835322895,2.3111526913388185,-1.7820096443664364,-4.105797344955047,3.609547039514209,-7.788689576412542,-5.7654082169943,-5.469778283828411,-8.84015843175882,3.321639312366892,-1.8417109199829376,4.260260723069855,0.493971346947198,-6.681278927313769,5.603170311640908,-1.9888291745567466,-5.026240464783619,4.095811280589655,8.570419029030974,-5.27094914157329,-2.8390540843623895,2.7554429319997746,-7.937260235868435,-0.567747055450645,-5.4661241314633315,4.211115581747576,-7.298741988190615,-4.012758578067215,-2.3517922637721163,-8.944293919166583,-1.2159972665693481,-4.6784442172091785,-4.3014632638673564,-6.587476036629534,-4.236107015391409,-5.401907140122209,-1.6129771139304308,-6.12517618754042,-6.830021215812114,-7.029862942020848,-6.9388231250129,-3.959826580646595,-6.154713084664546,-8.935041620723283,-9.404815050724276,2.4097193197035542
6.113751185446973,7.710474686145521,5.647599883446068,4.394091697866567,2.9765419009578022,0.12757382018197802,8.985226124604878,-4.824567376797717,-3.9072946936600044,2.00052630282454,0.1247082634614291,11.196823205675322,5.507727642960853,10.04503937910454,8.75252785726746,-0.6041155680403778,11.148479341414925,4.10006939592132,7.950522731399741,2.82339563775475,2.7138037999840434,12.073669753289362,9.888335787464985,6.81395305270882,1.5723216312587254,-1.087086322310803,7.384413998928942,-2.2541668995834745,1.1780792304363183,5.845461067450658,4.537520261285703,7.920994733974021,2.7366218496874093,7.677025983070434,8.713700355879103,5.834980700437283,-3.2495290699475974,4.228957988147883,8.293648335663258,3.085429434300042,9.977689995383672,5.44693599824754,3.4446587410164753,4.681825558757943,6.364390850044495,6.8494356787195585,5.843977723201483,-0.5159525832279719,-0.186017339485546,1.19693679139903,-3.307587589580258,-1.5213148411622943,1.5254131710022627,8.62851067474873,4.531932662448851,-0.22314573327271975,-4.151648796632371,5.904415189724939,5.9328494845526105,-1.8606681070786204,-3.616865130015003,3.4360829743723347,3.48954511547885,2.8795399434438185,6.288772916083147,0.8149746790191192,-1.2570564220618012,-3.4581696464852794,4.953273154142203,2.577493183736123,6.029477669049705,-0.9310493634752544,-1.2911404785229856,1.7579646760149337,-2.5032374146138836,5.69829524179165,4.504549088780064,8.298484184741767,-2.0106276275690025,3.957530661950926,0.22757657431006284,-1.928905471715542,-1.6651212217895779,-0.19884238809675622,-5.4268019661414515,-4.202803615066191,6.00336721915452,3.2404211160181093,4.820582533901154,8.040209537954562,-5.591299066399023,3.250937167346441,0.9294153650494739,1.5323626225016524,-2.4663088234646153,7.700330408359579,0.45010785793282754,2.514874207253912,1.0734376430979895,5.908494174044571,-2.0374623589933676,3.048382310924614,8.426903533620266,-0.4914334912693769,-0.9884608364730888,0.3581568348877097,2.1435728712998925,4.773406325110425,8.595915263286699,1.2813686365511114,7.042194677227571,7.500576650990415,5.392591979926178,-4.112184811807079,6.848865304580786,6.3671514001954685,3.9447289868836624,7.145206811069791,-1.1103243751760252,-3.298606700740501,0.8698751632555503,6.232638706216647,-2.3700608233219267,-6.648410196364469,1.2361495999208092,-4.61809941993039,-3.625033875212373,4.817266928359932,4.255996764738701,-2.583465841117441,8.25255917108151,4.438655790650252,-1.5614770185137974,3.953037943739733,4.121582314426705,-1.4870838168434652,10.411966581514045,-3.652259344155131,5.893679240689108,-0.9492905055314134,-6.352780308233858,-2.345278504133962,-6.151275488992718,-2.349825697246587,-3.029328786154609,-6.611962516080123,4.118016199933086,-3.5754558090462023,-7.397021627072401,-5.012210232795722,-7.428446321587988,-6.158266203843194,2.02089952724502,3.1481979501618014,-4.936919255954952,2.2300725602772946,-1.812108433943551,-3.7650842331996044,3.366488917541969,-6.863355234608574,-5.341826500202544,-4.8883839280612005,-8.09909024441129,2.9025901073694986,-1.794272875580862,4.267236403318913,0.5304812661705385,-6.178500343736212,4.959821145473993,-1.8111658559005555,-4.686690021566537,3.7641091528632877,8.373852947219044,-4.887488940780803,-2.592093969364483,3.001505765424473,-7.387864943943226,-0.5066238683373813,-5.189416221355141,4.216156250562375,-6.733600310148506,-3.5504468058726952,-2.0161780186592195,-7.973594475830835,-1.1675236312532962,-4.203354797472379,-4.045708149911871,-6.302852906982093,-3.764809305687806,-4.884692416660849,-1.4207733197518242,-5.678563221732614,-6.350026024832782,-6.459130419776139,-6.340852136959433,-3.939876672669639,-5.6261281741580085,-8.122453516628786,-8.615607751117347,2.1258619413592292
5.75270451088759,7.967668566845678,5.874737386716056,4.386359584500188,2.805425368999962,0.12762545792655114,8.81731298180742,-4.855984214792667,-4.006672625551928,1.774786590468679,0.03922965001371478,11.02280749379233,5.317000035019718,9.988594128536546,8.729636246752667,-0.7624001126014932,11.08404493354179,4.295552798729916,7.6450108804973915,2.8514696594861495,2.6879997740571016,12.249468929846309,9.895142211140172,6.847489391837643,1.7208542791019767,-1.008673155282303,7.28995892485524,-2.192201236179044,1.3675830912176288,5.568813433687189,4.489128479268196,7.618183322071557,3.183906485330733,7.297662122885965,8.707744550668595,5.426104407998794,-3.0814239951531706,4.454444952296116,8.567313737365666,2.9723449117170384,10.10463959249131,5.206243831727117,3.147342843257399,4.9801007456863156,6.75618956903316,7.015269335085726,5.996073006361321,-0.3623803878712495,0.04383596553236292,1.180356909996104,-3.0669577902509273,-1.3560292033022927,1.6491336927166067,8.572547612850006,4.413775506219419,-0.49285826834299146,-4.453840479715438,6.080830769035339,6.110498236216085,-1.8732431322018555,-3.5698755642652475,3.3667677299318473,3.652983677214989,2.9528421852193016,6.318732699799382,1.0800056799198572,-1.1859700176432824,-3.5901356081059235,4.875713685597891,2.9556443654913673,6.107011360244466,-0.7501068925206247,-1.3713909418707346,1.878900237787122,-2.6685631372181633,5.531360366901054,4.635243574033737,8.291628991214086,-1.949804991401438,4.09390842651438,0.44538302551388614,-1.7624705122085194,-2.083884517360439,-0.05278326437751667,-5.6468673923778505,-4.152956897297316,6.215162257551118,3.009518045021647,4.781262123576384,8.214462337508467,-5.5575378780773645,3.414006676663439,0.9417480404669416,1.4225874759894475,-2.611514815232115,7.966477120050207,0.6085463811942123,2.5107780341868216,1.2952193669122918,5.892769094377922,-1.7956559243391241,3.2175146986849676,8.651064255671713,-0.6175002091939511,-1.077477375610752,0.6852689745097923,2.488719704857142,4.906617434361522,8.637286236413201,1.5241827144672297,7.1566485271757125,7.565227535321822,5.432747944465946,-4.095993470787867,6.8602366765756315,6.404489420233342,4.123117322160078,7.416714723554851,-1.1896650265899806,-2.9993821164395706,0.7679824283785989,6.584670822613063,-2.1834369321084584,-6.854613513564679,1.0619481559382982,-4.644080483111281,-3.7358756454716344,5.093678962019946,4.537008431577827,-2.3177694107963593,8.57517084258667,4.877334869539374,-1.4563776295184476,4.102087142103611,4.479346996872059,-1.326791134029261,10.505123653923912,-3.7972228743247993,6.128869203438481,-0.6951485235620145,-6.3667528118252,-2.5514381781235635,-6.285803179069338,-2.1738719525235997,-3.0668319998267264,-6.794073731595231,3.9679546062171673,-3.498646387985198,-7.611954342688026,-5.063924873655753,-7.649009921083444,-6.006016016803602,2.0297089585317707,3.2912988941015873,-5.167096224037108,2.483902064356167,-1.9309250303611372,-3.8409416165971946,3.4183815875811803,-7.3437885654403505,-5.504505865084077,-5.235049883156432,-8.35516587754273,3.0593157229523023,-1.9090706108170086,4.158689936244384,0.20762805028818757,-6.365604196652403,5.382460413356296,-1.5048689158829838,-4.841827311425071,3.8484226497700487,8.627325947688838,-5.182860379780918,-2.7663967207894857,2.919467909988105,-7.666017696349784,-0.6905395458934334,-5.315117912324598,3.7785148160934203,-6.812034848468556,-3.9088606234606322,-2.382845283262133,-8.21309698712032,-1.2275741452279763,-4.434285455563797,-3.913967064595856,-6.247371757531824,-4.082375776510174,-5.199956193317689,-1.167553753114745,-5.848728253449267,-6.639632098055256,-6.5431531623224135,-6.565274550703614,-3.8314579375835143,-5.618303935145044,-8.317069917770635,-8.93781206092061,2.336339682702399
5.621928147676112,8.08188646352787,5.522213154302783,4.968282616336982,2.80246792329005,0.49972860205884995,9.099606367283451,-4.934536874082358,-4.10680223595603,2.198092434383098,0.48298836084989033,11.493996851879578,5.947596676143538,9.939060497952115,8.969096376163526,-0.2587413359583791,11.064033054376937,4.076447461689665,7.93576667810559,2.818977496081089,3.227184165010283,12.426728490934137,9.84544783795969,7.140550604140791,1.8711198125043704,-0.863728761092105,7.692485199951937,-2.352299648910607,1.2849306025743177,5.808314263242828,4.484034692077084,7.8300109885658875,3.4411171069309465,7.607371681394455,9.167207264436529,5.97224744432169,-3.2116699398435227,4.953921111976278,8.88864946680072,3.1276818738989376,9.970050509422855,5.714036225924516,3.2436023830168876,5.104995106432948,6.509812798333376,7.038802525541925,5.759885277292735,-0.47909704605761777,-0.3734247969436817,1.1032973865522329,-3.4909878619770267,-1.1250216264513606,1.3484338879395756,8.463451223461458,4.704047719505605,0.046504333991477284,-4.269620857569855,6.254873884030556,6.1498048361712785,-2.2248563577233273,-3.734074999539347,3.847734053877289,4.137113282482252,3.5367723776213986,7.000958891876401,1.1667037937526445,-0.8384425920837746,-3.7853201439740447,4.9442453044914645,3.1867375242076093,6.460341562986969,-1.0062232064449181,-1.321305801960746,1.446398546898821,-2.569699322339625,5.708731755897504,4.899230676098035,8.867727876566471,-2.120202958029221,3.54835712830888,0.44090599680280984,-1.72876228393521,-1.8428330623477354,-0.4619053231123383,-5.666274146834627,-4.409204793675033,6.186321669632904,3.315096627671718,5.244621238638543,8.470305868186438,-5.618544877625097,3.595427169723361,1.4361584598742483,1.627074203178911,-2.379574589097044,8.230124666031461,0.6205136026032834,3.2304199726496376,1.4138853815218304,5.895787106307317,-2.3383228865190944,3.0874358475386607,8.437130529223444,-0.31903717856258873,-1.3022588192792566,0.41973663532981287,2.224655522596952,4.697546100541531,8.677113534523938,1.369963696743189,7.362806251229846,7.634884581191571,5.740110877457954,-4.195938451131325,6.884711464510698,6.648368710682857,3.5809928328118885,7.38062221396847,-1.129010631071078,-3.2445532792686653,0.47163930137370796,6.2170867071391145,-2.268358088910896,-7.077621738273721,1.153611050799561,-4.744421064109828,-3.688320222294023,4.591151464174651,4.51158839631327,-2.4617169978702607,8.306824542384193,4.847331492145057,-1.6687072792699305,4.092582481110652,4.879442277540408,-1.5539257431297986,10.888695573666354,-3.736266202331658,6.1183252782652415,-0.6201208055897467,-6.7379723895421195,-2.4698036134884904,-6.414099643613137,-2.3910253716423915,-2.9941649331806026,-6.855223890619509,4.153220915027632,-3.8117460381862864,-7.761014432664561,-5.304296195121393,-7.734080328393252,-5.848114961841372,2.0040391383877108,3.109731673262559,-5.237823674668474,2.264745472048416,-1.5992033901972331,-3.9989890625492497,3.679449978441881,-7.473541699575237,-5.522554506997778,-5.258439422597048,-8.467354815665633,3.363309682799275,-1.8633695386593254,4.162909872414622,0.5164871545218209,-6.474673152414113,5.363859271991917,-1.937916115836372,-4.873387531545189,4.013044882855175,8.263308013647025,-5.062512775291993,-2.764989993490208,2.646514323553782,-7.678549758341409,-0.709524704717323,-5.292732236751156,4.152222634355711,-7.016491005804645,-3.8106084605107213,-2.188153369571082,-8.541420429090099,-1.2469828845679427,-4.552659898973772,-4.183367551054923,-6.4450093486474636,-4.0950143673382655,-5.172157202427171,-1.7760836173277808,-5.893081817062083,-6.568153102414804,-6.746695119433805,-6.723436538426089,-3.9334583819144475,-5.863419105225685,-8.518065748636166,-9.04898668353125,2.1508926158927744
5.599320012820427,7.632772747082209,5.0950901504692245,4.905675881954533,2.9417643071175115,0.5396507924477968,8.909888784421145,-4.717594407329163,-4.014108572379701,2.3072886762225955,0.617634940251363,11.168447986052751,5.767847134890747,9.644119342091361,8.766323806070243,-0.061671832351055736,10.530710120506948,3.6884309957406933,7.852026243048526,2.514582014746791,3.1551639129297597,11.735691756391072,9.421290419639554,6.686390902345768,1.7606540097666026,-0.7315511818482988,7.5123157878568225,-2.2835324372093706,1.2182289266585882,5.907083368253786,4.28236495502403,7.756193144732592,3.0845310557818384,7.610573709996186,8.837666297811323,6.130277694636441,-3.254496551524293,4.586930438186104,8.436131067423934,3.146916167435501,9.601797270020898,5.775239684413973,3.3570214331851234,4.6075621465489,5.91309689401261,6.7914912873757585,5.5463483505130915,-0.527326214804899,-0.3361754022198957,1.0971207620026415,-3.396137502443015,-1.1727258069435968,1.0774828114577846,8.119954639892153,4.603838058547396,0.2544769136827947,-3.7393792560800065,5.809624824432303,5.709788506671085,-2.208026430230074,-3.5859837519603124,3.8016105975601304,3.774525346607833,3.401475602585609,6.782141021277049,0.9603693180096361,-1.042134172825366,-3.610050159846138,4.831536331533615,2.8646712736315454,6.117743096428785,-1.0238015099993727,-1.2113663878214955,1.2722369009445915,-2.3201226602770246,5.465481345651052,4.6737370528825535,8.538343620318706,-2.255653619341978,3.2724198230926964,0.2388593780134437,-1.7318029284920886,-1.8186453949299834,-0.6675504525088847,-5.281581064935721,-4.351360492799953,5.698254050965348,3.5461688131186624,5.049072791133276,8.129846289167235,-5.486292816574396,3.329880744116851,1.3809403995384615,1.537180953947325,-2.2659943965516027,7.73385582496519,0.34040973286079573,3.096572674007466,1.2923710700930133,5.577588008852428,-2.4884695462383037,2.861873167166416,7.866884078688504,-0.3392884056064784,-1.0848705565095675,0.08501205811984565,1.9535163223143384,4.250762574654687,8.125216130325414,1.2458900209925279,6.852031668721966,7.1248755431344195,5.477792571267665,-4.123002952393842,6.621763641948512,6.369778032554006,3.289129169689852,6.8654138157820075,-1.0877617127578676,-3.403394352154394,0.5614087051618534,5.8231825873132586,-2.215698798633047,-6.511046880815422,1.284707613745107,-4.605220769207966,-3.529202476426349,4.27247883625439,4.183648577375892,-2.389928752708049,7.7340852133183615,4.317204096378537,-1.7318144194555223,3.817695144169564,4.54730158688663,-1.578191933080386,10.289528811918393,-3.633860007185222,5.8309696276284235,-0.7620077397344247,-6.258389916287867,-2.240164988963219,-6.050859073830711,-2.4055967867503925,-2.8599633015979364,-6.459518494200672,4.206397256442888,-3.711522832725366,-7.257883768501997,-5.139911001809434,-7.196775063684058,-5.754556904222239,2.003923218429785,2.879165112377119,-4.804993875448284,1.9757404679438437,-1.5277686091137639,-3.6811206538143604,3.5436683104780506,-6.762609012196826,-5.235802354048107,-4.702981817979223,-7.9344174903737335,3.1322346507154055,-1.6856577517812525,4.189734345679685,0.46700032063966296,-6.0432392279060245,4.9053869974983675,-2.089617003735904,-4.569389284719509,3.6163859319959326,7.713767851363533,-4.755499411026314,-2.4652877076629047,2.6049531938563484,-7.123823213708451,-0.709800883077759,-4.865361571988799,4.070065182209492,-6.652485597285725,-3.548299982736313,-1.9102526412646856,-7.948888072099249,-1.1010338653038776,-4.2133833119052495,-4.018740900515177,-6.032761320447705,-3.871326881431691,-4.597364827713026,-1.6391721072975673,-5.60118537430102,-6.171841843960554,-6.4498257698540264,-6.318650487695648,-3.828996501464551,-5.536605933217085,-7.994724119125689,-8.381213718166062,1.9450897415670254
5.079761553398647,7.060697876452123,4.473148418008349,5.074559724389122,3.1852204049457793,0.7929399774842295,8.762916864580234,-4.324666679073637,-3.684503612091778,2.7026902603433802,0.9351427373563143,10.332168186968946,5.46186430926363,8.839765491009551,8.343567818118462,0.23781964004298115,9.535045155897476,3.118243210433134,7.7080525645934035,2.0793695057788177,3.489304660595066,10.870857194087286,8.490120000164842,6.119975158158162,1.5081729889534894,-0.46780720659307945,6.82550578839693,-2.162397897074544,0.8725157669657038,5.874416865456586,3.649179566170805,7.603256677326583,2.8824470865400484,7.542909290915287,8.288892117118337,5.955941700856083,-3.1275950901821665,4.110272236860498,7.961689252268834,3.1657369729246856,8.957780602487803,5.98947302383827,3.5793996799081667,3.8109627395033945,5.223396295395446,6.5291603684220005,5.274655938256911,-0.788813977891117,-0.12350079808847052,0.8957145258752417,-3.355624935407115,-0.8862691427963033,0.6404885650078972,7.505820900909871,4.268486691028633,0.8661344587042865,-3.019212246962217,5.214193055226046,5.285780773333417,-2.014720127469163,-3.4166744868680228,4.052834700610907,3.4931219451525015,3.192834904802912,6.303928892582251,0.7269885829877233,-0.922799768021958,-3.5088582049022965,4.412300745929991,2.3871036945222532,5.368227470509838,-1.220560208366303,-1.1628963291008652,0.876730280240101,-2.0781879450590535,4.746133129866972,4.2422519272436165,7.927133121318111,-2.3722400941047037,2.72230358342891,0.02077295562767629,-1.4972199294404733,-1.8028831145827984,-0.8647208218711668,-4.5245578435450575,-4.303931396739858,4.832537400567003,3.25805258252986,4.514906718586284,7.695963384256103,-5.004650011710173,2.884955680287666,1.5077816099937495,1.7160356847407574,-2.181543293653008,7.0635638618585,-0.012122434575804688,3.3198706473065918,1.205187235288172,5.200203535167414,-2.585875898486363,2.338276613320649,7.030589618084833,0.03530758669508197,-1.064061302110059,-0.04388775527348625,1.428430477249294,3.6137473995989677,7.205654752595315,1.0358840397853033,6.001682797431148,6.2867235662117515,5.320531732133109,-3.8358952084854763,5.955278801951406,5.63560105197676,2.7678760446437893,5.9716646860214135,-1.1377491717353099,-3.1357562187857995,0.43842064323398555,5.205528993600115,-1.89380572230714,-5.73058054898972,1.4360427294160416,-4.226752682374832,-3.2131626032220555,3.6943937368564135,3.8389661280054703,-2.3623532504427924,6.748389294928112,3.939971527327112,-1.928188801945905,3.1602526785208007,4.506487798901939,-1.6823124148122477,9.395635581743736,-3.43704929723648,5.610389877767213,-0.9091481844699526,-5.691920600755671,-2.071636423920985,-5.509125497666069,-2.3888909138804726,-2.5639859981703683,-5.946294249822185,4.265628508028833,-3.698760860715978,-6.517819919511176,-4.843365383107076,-6.412416251324158,-5.1169948636992135,2.0466381533625864,2.199927659327338,-4.404377901448908,1.6660887434820055,-1.4276239263381,-3.5005752552852227,3.5744183166694787,-5.968802669316862,-4.660558975714664,-4.150543140516458,-7.021636188376328,3.00167267874411,-1.474647205291582,3.8948914560842973,0.13657178831683245,-5.515690781656328,4.338993930749075,-2.3187156837112566,-4.309962274244571,3.460091053640463,6.935368411767697,-4.314916596214072,-2.1121702053500226,2.602421370375243,-6.256247359202432,-1.1571047952134388,-4.351044413455798,3.6417114990066968,-6.002450504242447,-3.3499901254011926,-1.7201667893646335,-7.183053756568349,-1.3260075010280752,-4.070452843697636,-3.3951633457922052,-5.494799323746304,-3.9516562924776,-3.9260052947905164,-1.718577545038182,-4.995156084008413,-5.556408245908872,-5.879495516500505,-5.9389748386297905,-3.6455948723311034,-4.930682480961467,-7.148704542634763,-7.499505280995458,1.2271510854197851
5.531657797713221,7.4370912975548595,5.0204617762887835,5.145281469079115,3.4005706312024278,0.5834610174156573,9.147529940205617,-4.569249210416876,-3.9812955147752564,2.5719516871380534,0.7740049072747384,10.825970628766843,5.448633905939065,9.510706715833008,8.766882999325485,0.05325413115944808,10.228164389697683,3.3939974958495784,8.038737673352097,2.2612508108772205,3.357036365512068,11.479932290933279,9.131160728391816,6.323073957755231,1.5728332538415353,-0.49492093994280145,7.1044655188045605,-2.2502295015627047,1.0562207565799089,6.053124700430365,3.9731227687100996,7.962149231564074,3.060435379393246,7.920753002748332,8.63289281632375,6.163896375132257,-3.3295016449391235,4.089609679467255,8.366231023115628,3.2537854640742996,9.591511709843102,6.1038281158152445,3.7636580721961743,4.139911147732634,5.746905662057813,6.991813790275914,5.698648092298457,-0.8301023167799833,0.08027835229773506,0.9873661551929928,-3.304161857032146,-1.0679356030336227,0.8461383088583003,8.167292345021103,4.456747532616145,0.5492141963775928,-3.4604946028795265,5.455021697538247,5.536555904884392,-1.9743823132682428,-3.568791865084484,4.118107092099942,3.6556715501210326,3.2406929815804135,6.523557044023367,0.8186758766540393,-1.1568168558713126,-3.5838796571112006,4.718277159488554,2.4305206152507233,5.567629673286419,-1.2743613836360532,-1.388429863174432,1.2424141027140403,-2.383960184937493,5.118409622094891,4.39406787895408,8.189675281038054,-2.4547581279544266,3.2257962727385414,0.0633636852100747,-1.5315517865176616,-2.0146816205784943,-0.6752077428451637,-5.073457474688859,-4.305801829231912,5.203282966429577,3.385182531287469,4.552392164734817,8.193356853929746,-5.2679964261477705,3.1050546495220024,1.3654652615112661,1.562338191290381,-2.4888893504186775,7.467586404285857,0.061390819508180317,3.211545899670917,1.2272215021702815,5.521900874311525,-2.4401325135560175,2.671987180080664,7.640615168403924,-0.3018216500732439,-1.1246683983130508,0.10099619426015344,1.681373407014617,3.9541143672004058,7.706119397367699,1.2056664104123527,6.362939451286845,6.665451924634042,5.395660697546662,-3.9622512785038246,6.339894471156294,5.9664406572094775,3.2854558713329562,6.426767622591575,-1.2916029196257832,-3.131982762220871,0.7014130467367554,5.671513221537437,-2.03748504478232,-6.189689904597651,1.3571268940653975,-4.450762732799827,-3.5059038542033574,4.228109305509656,4.039575026874015,-2.4384329082766794,7.448425412164963,4.166519752620789,-1.8701233903339747,3.516214398530101,4.686107454092689,-1.687838878850955,9.873454748242862,-3.652055185819044,5.9020210604160495,-0.8886253306960713,-6.03872677226566,-2.1635392025673887,-5.95038289535491,-2.52618682553223,-2.7267759802549056,-6.400935610000633,4.477138972299754,-3.9988517956619414,-7.036889641789517,-5.143545889966926,-6.897304436047835,-5.518794812765391,2.216022910492274,2.503794263015888,-4.700581240771952,1.9193216336689811,-1.8347673813246865,-3.5838671886305087,3.6494800142327812,-6.471499905787873,-5.103563063328679,-4.573018693667701,-7.615563219889813,3.0443804456589048,-1.6728990954535063,4.002250713931031,0.030103911312360433,-5.82979045271363,4.721764201370574,-2.1933993229244475,-4.590181783878758,3.591303095153059,7.571456511073859,-4.718579375121891,-2.3571280542112265,2.959994263637227,-6.896883817885281,-0.929970859288005,-4.671033896825977,3.755392505184707,-6.402264055154252,-3.6435054095931547,-2.020422640957763,-7.714531319108553,-1.3266560847989106,-4.081915923563387,-3.6785219311395703,-5.8109652227662805,-3.908749913741626,-4.382369989608561,-1.5415461127043082,-5.465943887514709,-5.95305188052029,-6.3275910562109745,-6.155940772179444,-3.6833879799753535,-5.3763810068975895,-7.715102995532687,-8.080365115870652,1.6085118918078318
5.604963686981769,7.882112074451579,5.0499567798399365,5.202582979992826,3.3585128020999084,0.40465266467902733,9.308143504800109,-4.8979325818510935,-4.126397145332687,2.4369783245471996,0.6879125191133607,11.32733875979047,5.627588354789198,9.865517854622725,9.346265233023296,-0.05237117854616526,10.492778465797345,3.6154816685869298,7.9964456050754125,2.0007928504503827,3.2802466223986064,11.930502293123311,9.46697436596511,6.391730560081606,1.7624449242463514,-0.4915214020453741,7.508052308141934,-2.3128817200506084,1.1867242848382782,6.2714359790075855,4.144817305867705,8.014419917288174,3.1289817150970314,8.022000412959828,9.170315455663346,6.215407689858438,-3.518944165295206,4.402309767419544,8.911390397120261,3.196099525079864,10.044804904083374,6.394226528519796,3.7000885432038335,4.394486854660609,5.851893854252645,7.461096163451125,6.162984641099256,-0.6348685667881299,0.3220549635583719,1.097669012382802,-3.1214081489800845,-1.065045192649181,0.8379970351795624,8.408612749627807,4.817904238531283,0.5646927084857448,-3.522399964280339,6.047845558789433,6.088207171170471,-1.972703957846102,-3.6800746042079706,4.07608751664478,3.764066632690287,3.470507971415558,6.830639637798108,1.1907274519054716,-1.0776257238426379,-3.700550040768019,4.8024826749469876,2.7517473631449585,5.995384870141123,-1.0940567008646103,-1.3238875693334564,1.124060985836944,-2.4966407907728416,5.141088207503645,4.690103304356649,8.604292561247346,-2.4291829311055646,3.1563741612900875,0.35420308515688137,-1.526882156324488,-2.4284290033431106,-0.7433573037768413,-5.235946300007343,-4.471126818811649,5.523101400953637,3.4203877400685756,4.588327886079519,8.718760063620818,-5.4177171999743905,3.3728673497709822,1.4144990500952332,1.4877285441573131,-2.517321699204325,7.998630188264998,0.22371276219545694,3.1461841802911406,1.2488052888076475,5.43437443212201,-2.5498451556541912,2.7491283211180297,8.014705213269869,-0.3070124720533163,-1.087594103309726,-0.10089114196518233,1.9496197571210128,3.8618311521074395,7.971438096030518,1.3426653023649664,6.618698939445162,6.817121525932123,5.472209494352022,-4.005885770321244,6.631035374878482,6.344653412185232,3.278235906115504,6.852120188176091,-1.4757179186146032,-3.114840320166882,0.6891265902430725,6.079913959690211,-2.102433981736221,-6.482113356791202,1.2576894167894668,-4.536692335814975,-3.6185700930624396,4.3153085903363735,4.473495295831947,-2.4217269569650175,7.865743376343471,4.343612470875569,-1.9473403779749847,3.9072611064262848,4.8804429747765425,-1.6463517594505401,10.344212852390953,-3.7932781508859743,6.302161364272351,-0.9726997886645864,-6.427058543987011,-2.5013996043364464,-6.289355782221986,-2.7229845996538273,-2.9421704975919205,-6.776951190519169,4.57341259796243,-4.100278999703822,-7.36780761129504,-5.30129826108185,-7.106460712666809,-5.655014178650181,2.2841840026683853,2.655127299231211,-5.148309529850556,1.906914556724138,-1.985649140128109,-3.6874351096989915,3.547640289385465,-6.841830536955226,-5.51802229663591,-4.8406468074129405,-7.995328443802458,3.1096715920217917,-1.6300641516267926,4.172536743802738,-0.09294465596116461,-6.100346483838386,5.1129968090254065,-2.1648809389874337,-5.000441038372453,3.8861428908214326,7.987620626597108,-5.046651740741952,-2.427624046472621,3.0310716021102,-7.257070391310498,-0.8293201110691617,-4.863935891628999,3.6705607291189186,-6.699202664995491,-4.044432327961007,-2.1110866225692067,-8.156573347836897,-1.224900867730672,-4.322149326994196,-3.8626255118763044,-6.0700948140382645,-4.160891822691221,-4.634257110370435,-1.5154926639651805,-5.79088478295795,-6.3791704377398695,-6.570273500508048,-6.557451298932677,-3.7263818019778254,-5.678675033975272,-8.128065630793104,-8.467341686680427,1.7163763504969654
5.22641961274363,7.204433298009154,4.568053317990219,5.371712810926141,3.386746640192838,0.8855225574493173,8.901655844224878,-4.383081335807608,-3.9398612588167548,2.788277540767993,1.1629861722364006,10.633894946053427,5.585076497317807,9.174195475490453,8.56871595424187,0.4852408226024976,9.691275412682055,3.1153684568063587,7.849984173828834,2.1373126790697325,3.6086391673762654,11.04186978914649,8.692009678277623,6.153318733496933,1.5939178825956786,-0.4701779828636289,7.035802261632745,-2.2522958365948007,0.9006520729933856,6.033532415473327,3.7576620486183097,7.733566698180585,3.1733709936044523,7.712135888496086,8.459336753393558,6.300244934399719,-3.22926901974622,4.268609320030837,8.216833937747275,3.2666901934953665,9.112028820912789,6.115097148903305,3.720314691185969,3.9671459210649163,5.351654923825538,6.722687607816713,5.349817778762081,-0.9002431562166824,-0.08336003576392986,0.8639781305884191,-3.377416101641699,-0.9779170694386634,0.5782620042903103,7.661997907443741,4.412011051265798,0.8900193261759375,-3.188223327013143,5.321182648510542,5.29926066663575,-2.194724500739162,-3.386914186432655,4.2956477853209165,3.739975959444087,3.438065477185225,6.7290350328597075,0.8274868437966643,-0.9782225679407015,-3.577645918430619,4.647507134598629,2.551287765691714,5.47823806616171,-1.4224505175731117,-1.3300306900686023,0.9115759101668308,-2.1920143064403046,4.981606312670425,4.445517328476745,8.216465450465263,-2.513763821360635,2.711359489380141,0.05512043559120293,-1.3967154658263699,-1.887667324949452,-0.9804077243854641,-4.86220994968022,-4.297639354461288,4.850123846604063,3.587375356915342,4.700177686368958,7.941448951834022,-5.122013119200292,3.036541674196898,1.6119387258060707,1.5426314304232533,-2.3250340466103996,7.25632986229783,-0.06070954570838498,3.501398449356131,1.2319916885195727,5.280913563781207,-2.7543192703516395,2.4876524297530898,7.126107844865325,-0.031163520295165694,-1.109797528328689,-0.010871041012203736,1.4285648271064577,3.626914628134024,7.305897138091706,1.0729360409227044,6.129200210909704,6.336305715975087,5.321983200530723,-3.9424022604149496,6.0040085927772635,5.770242411874824,2.8352100768464004,6.087265740499035,-1.1118723822932506,-3.2556815193907367,0.47366206555895396,5.227168535777476,-1.8746782920623015,-5.950971473884036,1.5235122766576048,-4.241907891746097,-3.4495184443140476,3.757981366759457,3.7718638352435727,-2.4271945463694227,6.903644303779061,3.9362001000255344,-1.892647712472041,3.2841529932535325,4.795480511793924,-1.78371214524846,9.612571129922893,-3.4754429364419397,5.594447481129221,-0.856310446115527,-5.958522617156821,-2.059038649677313,-5.6972340686905545,-2.3878317827788345,-2.5896073725651223,-6.127103769279592,4.372301855229092,-3.9520214797197344,-6.764184063313608,-5.164595270432186,-6.705643705978481,-5.175688204394484,2.0456976790302175,2.3721101120282837,-4.409277347972571,1.6490083810099496,-1.5091924976757953,-3.5014757039265496,3.7629686995548925,-6.213296260435122,-4.818948486736815,-4.321623439439371,-7.355105063523304,3.128576606040666,-1.5601719740729119,3.846660247482205,0.07876601212775607,-5.551799081630779,4.477570498121356,-2.3510711687324273,-4.3850565963939525,3.3555892328126986,7.0009830201823435,-4.579464790094211,-2.1951429209317306,2.611113695201563,-6.592645705291865,-0.9602645701382797,-4.5146850149855196,3.768910296828681,-6.153494229846171,-3.4728794263337894,-1.8429221116206724,-7.484433822193098,-1.2710560286373973,-4.0497792095781024,-3.6104589465048678,-5.573746077060629,-3.817460690112994,-4.036561458488872,-1.763647533777507,-5.124913664725088,-5.687605517172909,-6.074130932378129,-5.989403951587995,-3.621206801160613,-5.190357071945908,-7.465481051686378,-7.76493591807284,1.4101382469387382
5.829806817173711,7.811964971305702,5.632293805798556,4.725628986009563,3.0200815118088977,0.49835473197132063,8.798231400318747,-4.573236524622402,-3.9100724564185696,2.0522186597468517,0.4552273315354568,11.060190908864273,5.411577272703738,9.84784062557901,8.612676676556156,-0.22774646902114476,10.88391761220772,4.009152779568521,7.816209418015176,2.763431918268672,2.8585928158599794,11.916391082619688,9.679062485340943,6.696865681596763,1.6755579275355166,-0.9815357096369342,7.364353125280791,-2.4397863448317514,1.2513308273724726,5.828452160607162,4.469921224200557,7.770083238878002,3.235232554815531,7.538394167745473,8.79397067625893,5.907360082504731,-3.060825500671985,4.458040846027298,8.46939122844127,3.1390033654203853,9.856685510881418,5.442710931419822,3.3047855802075805,4.7293393275264375,6.392465907429099,6.741372218917711,5.610788194311959,-0.43453940595086815,-0.387288213185762,1.1744023784474649,-3.445127503532141,-1.4225999548079993,1.3878297375110087,8.443655232831759,4.46232052232435,-0.15682909835389078,-4.137663819905864,5.864417991923038,5.937308475944051,-1.9864046798587849,-3.5699164465943864,3.6430392900801505,3.8960796922495553,3.1108494288894284,6.619511143142987,1.0302151353524522,-1.2355429635311201,-3.5632184611281192,4.950519469399633,2.88984439881899,6.051461975639823,-0.9491166505501224,-1.369550903424637,1.6635772236156627,-2.5088248101595596,5.6797305062523415,4.535230509630327,8.403459841405338,-2.028280944865118,3.7928838548521875,0.37021034415207793,-1.8581168925321698,-1.7907848960859267,-0.30551319233530916,-5.442978879209078,-4.234137105678342,5.863104793778052,3.2739045870796333,4.794536603103729,8.03234013982206,-5.560994232930295,3.3410679115034485,1.2260491725123723,1.3213392884695523,-2.3021536858724723,7.7787957944332105,0.38776881415825126,2.8125681649430474,1.306338294319743,5.648959532374291,-2.1329238387454885,3.0756630481709735,8.262274431194085,-0.4082786857849138,-0.9560553549826796,0.3543571661071041,1.9837641970101452,4.553349002106042,8.404263286455425,1.4450986601526299,6.893071815693825,7.238234783905776,5.213616633281108,-4.08302000304281,6.607694610096562,6.333475858379648,3.678852904005756,7.128345252227581,-1.148650628424067,-3.3741337269634095,0.6091544389964889,6.061561975660963,-2.1897982724622276,-6.636018198706242,1.2729812290925226,-4.535808046908958,-3.530507738958333,4.700403112044598,4.141390162444812,-2.4378155712635485,8.059995617415078,4.456974588608092,-1.5874330728177246,3.780171092035836,4.446613630979179,-1.4813869622082387,10.35976040639486,-3.584645966815073,5.825460252866116,-0.6292978470544406,-6.312080333751003,-2.3565568713598206,-6.106492294660729,-2.1362778572506906,-2.8362113732220404,-6.527372559182403,4.049455786026297,-3.5919633615361577,-7.3943213055115535,-5.098209213186897,-7.37349542279391,-5.920603122600058,1.9046446071947096,3.2053539802670143,-4.868002920417836,2.211214084355614,-1.7754235420690843,-3.8464332008885287,3.4725955179608894,-7.063588163361249,-5.271777505956269,-4.983318041465126,-8.13617019722695,2.9634101678619738,-1.7339564328118267,4.156321720345321,0.496170476650957,-6.132004444202233,5.034130367488365,-1.9044197135401317,-4.596132220942217,3.6873400817045994,8.161526946366749,-4.8635544986281944,-2.6404757431296892,2.9338991124056863,-7.355502530593812,-0.66573342410229,-5.110203747586286,4.1163626000511995,-6.782087641799474,-3.5505843377205593,-2.042605994643122,-8.094852531554782,-1.2352453892705046,-4.360071652942526,-3.9076374587044054,-6.1330014102600625,-3.9016861739536557,-4.941371663176368,-1.5382449677104773,-5.576635926843369,-6.2927481030196635,-6.47625205787973,-6.427303953520484,-3.8080148562122664,-5.624401437834338,-8.19298185706775,-8.617518889975946,2.1272342411312137
5.749117519454415,8.216923168516919,5.537872661501978,5.189727769623891,3.1992341370411355,0.4654876118569884,9.483402157989998,-5.087187574644395,-4.242310873668513,2.330767966351938,0.5544174388264536,11.727351691068906,5.926349400064842,10.24270854121509,9.43871545110091,-0.21640553592432157,11.107539834053332,4.050570593548917,8.165043934988706,2.54794583420693,3.323417466879568,12.562001943806935,9.968532814112152,6.987125666887146,1.8399017439234362,-0.6294870331860922,7.856291217090444,-2.460403973490321,1.2790260620212965,6.150021041502452,4.462858406736239,8.13304952069942,3.3771121486928504,7.9687567029804915,9.410941077162535,6.230630802317101,-3.445402312785692,4.776168903395229,9.126856379802517,3.2215900079522295,10.378594645250038,6.151106604530542,3.58007733398635,4.882615403912889,6.4354869249950015,7.457775757271862,6.1768882797810996,-0.6198548655786501,0.06227572273381133,1.2051273758513203,-3.373348338564199,-1.1538582992091888,1.1277878572879458,8.681864499982243,4.907708850225248,0.26032115152384033,-4.076602149238816,6.359046834548069,6.307873487667127,-2.1500376893500435,-3.7625085703537056,4.010187144342621,3.996483374897704,3.555667098794587,7.06742131579886,1.2745916296082047,-1.0957113341165223,-3.8395497874093727,4.940993911288378,3.063892772695145,6.430763314010277,-1.1081165356482396,-1.3642545135710007,1.363875663169578,-2.661349599584669,5.567502086140328,4.955637507626779,8.969541278047561,-2.394769781583721,3.5180862370981254,0.3878896525724571,-1.6424595187786453,-2.2844678113824624,-0.6215587106867537,-5.638169272863842,-4.5670870587058925,6.032633860544751,3.4127421979024914,5.0426580363322095,8.823285433604937,-5.693258459970754,3.5769737093096383,1.3811043943087178,1.5721245509787478,-2.6752949182004815,8.338053165204915,0.41742225007719097,3.217480164049843,1.3497118637260777,5.87879963496144,-2.484979531751715,2.94634093353246,8.517027327029124,-0.3037670433281006,-1.1531212676650742,0.25275772507024546,2.210797075514166,4.485799523493949,8.580471428191712,1.4033180950758732,7.23165290996711,7.5004885589894705,5.779335741257114,-4.17794635229845,7.001148627659497,6.714853509072084,3.608374798630864,7.341542208207461,-1.3914017166884538,-3.3697254236197023,0.5911227930079962,6.365063494750404,-2.2954482599104655,-6.952749241832033,1.3237132725612923,-4.779583738727027,-3.8320778237974618,4.683287701892046,4.584362711956086,-2.4965759946740693,8.387587661785156,4.734508107277239,-1.8116195740022751,4.085936879985825,4.996927097496445,-1.6765567783148603,10.88652392560772,-3.941767840331459,6.353639633434589,-0.792947106486625,-6.781518453209781,-2.5941196536998334,-6.621847349620378,-2.4966665810567914,-3.126920887454131,-7.000093232928975,4.452379758869733,-4.077603703522115,-7.835833947310916,-5.460512578709588,-7.65910083445203,-5.916061537251893,2.266999928155178,2.9934597328017882,-5.3391648220753565,2.2050947246524175,-1.930220327609344,-3.9189721549589454,3.6962862688628166,-7.417949469880888,-5.71714884762681,-5.225127738318045,-8.503515333385375,3.330907057484284,-1.770357832563441,4.260979837448633,0.12761628675130407,-6.52026230688111,5.377734409218304,-2.067774561153587,-5.082355520165566,4.031988927236671,8.411406373100377,-5.306056913512922,-2.690205632569448,2.9153447516668556,-7.68006281381174,-0.7745398374517695,-5.290023868319853,3.9357803686685147,-7.023540451873731,-4.117884563635162,-2.343112248913506,-8.627569735001401,-1.2366898458341993,-4.639094349429625,-4.108329894635855,-6.492976154370071,-4.27731365499354,-5.107018999040243,-1.536630355275383,-5.996346091382511,-6.672426320698064,-6.912661063909403,-6.860107706600716,-3.9468176422824954,-5.96924736678692,-8.601649426046377,-9.060124563467056,2.0315633182792956
5.6355495789499415,7.463351488908766,5.231853995691471,4.723885741728832,2.9341283123131174,0.29315562511673054,8.857539168218334,-4.782788295148709,-3.993156221202758,2.16443401745689,0.5190134065203976,11.08404367572525,5.592234946874789,9.521500421572307,8.649463982949388,-0.22152621029160788,10.611209863080257,3.8669321717674383,7.7078166343238665,2.6182950903261264,2.9243885832882475,11.752861354464285,9.3929627992793,6.743414369976008,1.69371994153841,-0.7732760722027114,7.25919974573355,-2.269782027040711,1.2117431638920413,5.598983673203727,4.383445519941403,7.716902935138031,3.126990274639869,7.568630533296054,8.760003263822254,5.852383574797032,-3.114483023447999,4.46623582365553,8.406004356779274,3.0473101039556267,9.5126612857189,5.526963508999071,3.309344852620995,4.7004385567332,6.163609103680886,6.813524761911568,5.585402295794272,-0.5190391957617367,-0.23808100559285572,0.9359762547793399,-3.406600567125907,-1.243848777144162,1.3562448346972098,8.228382886884752,4.562539359520799,0.04621360470025885,-3.982276097202964,5.859391019112599,5.77238183532449,-2.039049287106278,-3.4209712774531367,3.688986202063004,3.908726056065852,3.2619291278298634,6.550072435836433,0.9317307413602566,-1.0507069327523149,-3.5295957805888984,4.679877822568859,2.829557505250165,6.05849803092647,-1.0368252773830937,-1.203912005529194,1.437790214779425,-2.4182468580122265,5.643530605356213,4.632648838706055,8.38447191572526,-2.0250494491625175,3.4971481773454207,0.3260359335670166,-1.6774306089069304,-1.5806693027432512,-0.45889164243575026,-5.3270585144150235,-4.389140389753141,5.818131441468333,3.1625304846903792,4.828495800987707,8.123631779294085,-5.490381990360322,3.2857266676415113,1.2764782759932336,1.4911354143514528,-2.2685376268132185,7.865165053533921,0.31962826525168553,2.900248643583185,1.2232191097649707,5.525744901603248,-2.278255562850619,2.931236556406331,8.012876189278707,-0.42672009867542693,-1.14037188272606,0.21815402862615868,1.975882122994584,4.369990000086996,8.20981478600512,1.272864653730588,6.882632585181358,7.17041775533564,5.326748335298316,-4.014819943928225,6.451157376679876,6.328730361660406,3.4329721078905813,6.895209678869805,-1.0047668554074782,-3.270211192179684,0.6369714691214612,5.811211302179743,-2.153582093648201,-6.6483384177784295,1.3645688499766688,-4.546185438685329,-3.548974087014694,4.422677373125507,4.121751995378092,-2.460901301268127,7.855322507647044,4.4750372310546105,-1.7427032111170506,3.83828137974338,4.427585461475995,-1.60087835903504,10.351458071736275,-3.4239341849950238,5.717887189079798,-0.6839189186210678,-6.239400101321882,-2.309653857384462,-5.960966155519799,-2.174421914152138,-2.8919146579583708,-6.3586456092694155,4.085286466014499,-3.5672577297718573,-7.264537670734973,-5.142382168034426,-7.292731319721654,-5.640919431234479,2.0257162786055876,2.939836409840403,-4.898375562632867,2.1275954357939124,-1.5912229091957049,-3.758377867474595,3.462710157894677,-6.954754942607588,-5.221415128257824,-4.878300694999373,-8.00383363564146,3.00444878492353,-1.795671538761777,4.032446871817025,0.6556459214561393,-6.080662110103731,4.979758338273539,-1.9785994596938548,-4.413677394147126,3.795753563607068,7.892477264916398,-4.760327294012646,-2.58560345795957,2.7582351204943953,-7.31976258290269,-0.44898670724266937,-5.002253928442851,4.303140978966357,-6.51740799355185,-3.386684152429675,-2.0220568533939676,-8.02832883994467,-1.1106479344232685,-4.117575728719433,-3.8873278078122553,-6.024014060822543,-3.620413351537305,-4.761165077333907,-1.5708240920595924,-5.456623815392688,-6.2135181826128445,-6.401522051593894,-6.182248614046712,-3.8145185495894562,-5.501960683947548,-8.108335713648094,-8.494648042857794,1.9697337900088543
5.559201979546653,7.5487101311254055,4.990128771396812,4.912489256566906,3.2562495586980758,0.4160620152215687,9.108613374727767,-4.761267710113929,-3.8548303573594715,2.3734111498856816,0.5330169473278615,10.823412818531315,5.39696661255937,9.595624914447622,8.86921464467759,-0.1479617895777967,10.257781182124607,3.4540377195814993,7.940808741878338,2.166129033845719,3.2139189060392286,11.554838743338287,9.205480272459175,6.32800738208249,1.5754603783531373,-0.7069468170049698,7.135277430688672,-2.1938699893382223,1.0507990974101789,6.1010161388806186,3.975291715401562,7.8871440379577935,2.8695661245171022,7.7809627330836175,8.645117893727038,5.963386747872004,-3.4200433826390992,4.1135085834964285,8.382802750323586,3.1488581904740194,9.717943591819838,6.028639445935513,3.648602702093994,4.107904958717456,5.80804605876869,7.085027652139805,5.930821190575924,-0.6927131281662953,0.23179724097107554,0.9781084226193284,-3.143192607614506,-1.092482108372562,0.9072257060056893,8.12777475587958,4.5608401757433485,0.42052587069389963,-3.4258214118897077,5.500189223148223,5.595095300897423,-1.9212980775503856,-3.6367594886791843,3.9027974548413833,3.4008136504760573,3.085118620778314,6.365572846769326,0.7797210469549689,-1.2068194677602422,-3.546084817897664,4.757430097102608,2.460177432130535,5.631025759939146,-1.1058693356694962,-1.1941257236532787,1.2832568418216743,-2.3298590012828777,5.012154154955525,4.408222369606392,8.11933245121291,-2.275285938594569,3.3294169311208726,-0.06500553891092024,-1.7069438440479296,-2.2200515496116098,-0.5954518110313939,-4.894793136130753,-4.296742132643744,5.328970995816255,3.3859295705906898,4.621809076839588,8.165915302577686,-5.321994484659304,3.100207496933681,1.2733403899945896,1.58964905271126,-2.422642156640918,7.531886601275503,0.06666839272501518,2.9710072062062407,1.1614084050742655,5.505421906146427,-2.341925244125587,2.633485243159153,7.7728950798933365,-0.35788982296322747,-1.0252739189488598,0.1028974937823274,1.9154735365580504,3.979499296325145,7.761700576615053,1.2124862339394995,6.430040528724988,6.752346162453043,5.392853327407472,-4.051059589048662,6.434836229950349,5.994677271026178,3.3880757179242105,6.543141837574385,-1.3760572290529345,-3.1264134697394357,0.805804804627513,5.939152024130521,-2.054018102022426,-6.110014241725819,1.309633176456963,-4.454293443598789,-3.5033162522473082,4.319677083690935,4.249308761945099,-2.369083591695599,7.617106589944404,4.19115351973068,-1.7599708316559544,3.5613855088590354,4.5676573523251855,-1.5350470527210358,9.87045366395951,-3.793736946316397,5.953814978246466,-1.0039217172729584,-6.00661225615451,-2.276250228749461,-6.119735642902452,-2.566042775804552,-2.8581273375724794,-6.5074148659191025,4.464784924706742,-3.734438427216324,-7.041065423881659,-5.090969054865176,-6.880132868881696,-5.6188043772856515,2.2268026007808093,2.615390455416338,-4.765029741805317,1.8774847343060546,-1.7840142115861495,-3.645574542327505,3.5582089443388014,-6.3940995450316205,-5.137384216904709,-4.526483745056459,-7.511131887756343,2.9943813511228172,-1.5562366416009863,4.207728174011771,-0.08932489919881868,-5.802833797096006,4.775842469845404,-2.094465586847414,-4.762876754912458,3.5884906548570865,7.723887061847955,-4.875178109061737,-2.2506630783766624,3.011326652864128,-6.845733849273311,-0.8725718516247701,-4.72138299723749,3.582607774688783,-6.449847282825942,-3.9089301446153994,-1.8763810790587048,-7.625698201125775,-1.2828335760239018,-4.10223255234952,-3.685789583214091,-6.017436183874478,-3.9992191793781253,-4.260116343734745,-1.2687743204676796,-5.655826491970396,-6.0908969976406295,-6.307635076664243,-6.3566790870290895,-3.699014044723217,-5.2627983630075645,-7.659928794921322,-8.12016433940199,1.6769074840954796
6.006169620892304,8.243009464274884,5.887590158559266,4.79304566022763,2.8426953258757197,0.21650194143829132,9.355000639818375,-5.202939563663493,-4.291637286238281,2.0613123114948615,0.26012715490524774,11.942991990906075,6.004670625128956,10.37283464606056,9.257095135078176,-0.5315896247013494,11.576065063655927,4.3935934200034765,8.106775403407397,2.997503147738944,3.0354886040931883,12.831538981068686,10.291629258350406,7.348291950338352,1.784219382183887,-0.8945700629589977,7.977212655614641,-2.5291014475548494,1.3831314768616705,5.90874337386017,4.8142915166717515,8.069063947640617,3.346066967096531,7.815682355135604,9.409657479072603,6.056964230666616,-3.3206538807660704,4.919097037487599,9.008528728423519,3.130335730200678,10.379622957567658,5.709611909691399,3.268511737159905,5.29141680219263,6.824459779477752,7.271317066913365,6.059257713649796,-0.3995899797627165,-0.27951594041113353,1.132631450303769,-3.5881505196743446,-1.4456993341911757,1.5490295101845393,8.832336251739694,4.8380511644475614,-0.18272782516807742,-4.489697185694117,6.530259861734455,6.424813551810778,-2.1471392796216118,-3.7512881436346164,3.6416548168524168,4.1085666843331765,3.474505384823113,7.022060062085266,1.1321823705454686,-1.0483452601090861,-3.762373912440939,5.026102661572431,3.2025236478212853,6.638839766029578,-0.9229416125621792,-1.2106961437375527,1.663181078663193,-2.7449615570658725,5.962387653394166,4.899525961315508,9.048996239840383,-2.05480314774613,3.922126482422057,0.5321557445788729,-1.9300928709628122,-1.9096544624804117,-0.43618346710848477,-5.874318104070496,-4.711260525668543,6.529565371593846,3.3106678539425736,5.320359902353921,8.717302898836056,-5.946931668647589,3.7056094677785,1.3206937157129428,1.6259730909566503,-2.434388675975401,8.486177066378746,0.5242331125104281,2.92715738896757,1.400059065329916,6.069142970697449,-2.335226163651107,3.222666031495301,8.85562907656101,-0.46523016644946463,-1.2074090760294052,0.40654863757889653,2.372041967886792,4.962235217056177,9.061576208646821,1.438599373079838,7.658952385145597,8.025532860522755,5.79118838149911,-4.3092179314610055,7.204161012961676,6.905760127192256,3.865662324647795,7.699409108116148,-1.1230679697916148,-3.4899582764407184,0.5803966852945811,6.545465555358155,-2.355402043034478,-7.202679581530837,1.3074030197518862,-5.025864710037135,-3.8435058319548006,4.920043663202855,4.678289887156435,-2.687497790107108,8.771666127581469,5.035543044597678,-1.7754683377521272,4.294269844983187,4.701265983288157,-1.5853465372651032,11.20050960826387,-3.8687110499767323,6.306371133965434,-0.7090719323766584,-6.8213314616416945,-2.5648440116759277,-6.6542932833748205,-2.286004315929487,-3.2222236590383724,-6.994705815005131,4.240739443768229,-3.726567286087992,-8.034715292921941,-5.474251683726673,-7.975769416240626,-6.2515065999016315,2.1051880543289063,3.3492146008752837,-5.351958276014915,2.456584621267519,-1.69683723475089,-4.154419143959774,3.608853129086842,-7.647130173616242,-5.7462562372301385,-5.425440564710772,-8.782730948359285,3.3109092853260313,-1.9020031310413392,4.3707997505495015,0.6141691593029593,-6.688286502009161,5.505354952644877,-1.94342700880038,-4.985456500546115,4.071311118001725,8.725834022487625,-5.302922683798562,-2.8243587578085956,2.8049785876813,-7.910122376240238,-0.5086030125862386,-5.447897003651692,4.3514474311945595,-7.159529642949547,-3.964461234391019,-2.2576152715531657,-8.796423749638267,-1.1300296072423053,-4.626230726990237,-4.218855078863488,-6.600147174732064,-4.203278577843956,-5.361126449739379,-1.603177061404668,-6.044299314357769,-6.844017531243539,-6.986478027844787,-6.911396995336376,-4.244274309980706,-6.016753069383424,-8.848029865415308,-9.287328721206345,2.3121517008269135
5.722953090941161,8.366906560006417,5.628986140391399,5.1663855596022366,2.926155509502704,0.5112423706313278,9.120291712248193,-4.964776279742139,-4.246085676196562,2.05073538855312,0.616355118008702,11.75023891539595,5.797177947866691,10.171545876941966,9.298984842014065,-0.12046707363712283,11.14963453261793,4.112549869551167,7.921853651355512,2.6293042912097064,3.0846692142720245,12.502974912629876,10.013801717235781,6.962369500681976,2.085488419868568,-0.7794559849664073,7.953879141504807,-2.4950888528335917,1.3735083226205795,5.966709210161385,4.6644276236994395,7.921420770093647,3.698257131467376,7.754798235940886,9.570119031717342,6.170533372924957,-3.3044437604286263,5.031892222467771,9.29657965046667,3.1696840168550064,10.288369928339733,5.91763200595801,3.1819153660567743,5.334385063813221,6.635102932736147,7.354356881148874,6.007515704616085,-0.3683469375893343,-0.27696923888726016,1.1900597602184704,-3.4088557342422,-1.1840444510061838,1.2911234802403388,8.647456882748145,4.931212769683768,-0.06733282457899172,-4.314082887751886,6.425540991876496,6.360519815744354,-2.235710425440045,-3.6972765252875766,3.896311012582576,4.443055671132497,3.810594160992193,7.3611123961728575,1.3490996362249246,-1.0599909842063326,-3.914055430286356,5.054507453078043,3.447823219895644,6.645195832394776,-0.8543292977996303,-1.3376972026921925,1.4897842376048926,-2.7532288109528955,5.83060346171536,5.034049569969477,9.099731789040064,-2.188397748783429,3.5847502873142294,0.6185498825607098,-1.7072704925598,-2.1706683475469104,-0.510046154323263,-5.861000724545987,-4.570215716868735,6.323799717103666,3.4769000445372233,5.146849302390625,8.84958697956992,-5.70696399062948,3.730252695203446,1.5694374955934134,1.312711806701541,-2.4024181956429858,8.577909551652592,0.6324900539151012,3.1810356975900267,1.4271437688590352,5.647087075199881,-2.4404912229387103,3.259591489100324,8.60422214604421,-0.534115162788446,-1.203093136233787,0.1965031970736811,2.3382098624853453,4.491139772929018,8.685833562322063,1.5401927944340141,7.327463121049054,7.549201023696181,5.558547995322728,-4.185443789862543,7.010213458968447,6.915163486842699,3.525472879395655,7.622702030693543,-1.2038004922348537,-3.256970348815971,0.4864252911310737,6.415783397587814,-2.2822712229616764,-7.1696280857633985,1.113968824771651,-4.910267683362372,-3.742270113705462,4.70463696102549,4.62252068415589,-2.3467540493842556,8.546946369197745,4.7789629441687245,-1.6224549271017594,4.320094929297823,5.087506830843917,-1.5474801548932668,11.049454842198921,-3.795576080783272,6.293177701401774,-0.50659573138705,-6.8163448608738735,-2.588492519166049,-6.564628125845065,-2.3775188503363704,-2.9717535768548533,-7.048048688264425,4.3186724538729475,-3.9466712212509716,-7.989718930315646,-5.4804314413231925,-7.8399771508343346,-5.9628876154387225,2.0208108178275483,3.268486866956985,-5.356979214237497,2.2292388369905387,-1.8791319684667276,-4.024934167007938,3.579666992800761,-7.7422179534020135,-5.604599040100972,-5.436652329638089,-8.744043569299041,3.278249317420806,-1.8406879187715945,4.235479455585656,0.4190383103876377,-6.525077122107508,5.684311971820509,-1.9883905250192566,-4.917272356959539,4.056640221773206,8.462747542190938,-5.207688146786807,-2.8228946413013363,2.844616240682847,-7.89298693563867,-0.7094137554662541,-5.347131372088368,4.13760499074521,-7.205031999208416,-4.016721859411012,-2.307718081831479,-8.849797428961178,-1.2029145761116766,-4.623199411128952,-4.171760825338402,-6.449547226692573,-4.309811972890351,-5.338519484435111,-1.6960297554103405,-6.117495814206502,-6.6958911904849385,-6.9698264034712185,-6.870414690713094,-3.898102025028359,-6.076736301743142,-8.834405300455597,-9.256512681667283,2.3502088948461055
5.327461756086631,7.164950098786443,4.435366168788101,5.4311051922599125,3.237750487822122,0.8654046982769975,9.082975231870561,-4.52507862839976,-4.039859361672264,2.945183732886819,1.2614867320232217,11.284662853872582,6.171396007554606,9.214296092148295,8.80306533025328,0.5426766936468553,9.95833637960019,3.2010871751756644,8.024760237132668,2.175092353146043,3.650056567636896,11.24987975993786,8.863403980632274,6.4970676231416675,1.670159767212243,-0.323904683040076,7.5498688150483675,-2.3784239156750484,0.9600655726385705,6.089974938129674,4.044340348878096,7.953357164218568,2.9987606243442246,7.98523059079471,8.93697145489674,6.7120267065060935,-3.355479495723274,4.5476231340377895,8.299567779847482,3.361363251804378,9.082565956066308,6.360784935576255,3.644993315121421,4.21084039360428,5.121778566407231,6.688704501005486,5.122020362158369,-0.723809447922375,-0.559650642472637,0.9919089755332926,-3.786855174713014,-0.9704034326487092,0.5399119066139021,7.7760076139135395,4.770628362015257,1.0861907119876806,-3.1585342277816513,5.642777713691974,5.433457640947695,-2.3852095601515426,-3.484655554595051,4.309988874949,3.9761127941044854,3.721237953227156,7.0935862296834165,1.0427329940328578,-0.7499348223328783,-3.625241829864918,4.503892902661931,2.734962380253022,6.04372088367098,-1.3623002086492755,-1.1722307366298765,0.7351233636957829,-2.162703799763439,5.335407533109547,4.687208670182752,8.739297756995866,-2.6236264165933387,2.4723873979598365,0.21280276495951017,-1.4733006839527047,-1.5614358461544104,-1.219092424591786,-5.06273820880289,-4.497140764936128,5.155484295024382,3.680705684711229,5.046730762576132,8.12211751865862,-5.2923264577106375,3.3026510098460573,1.8506099311054578,1.7413806267267857,-2.1237054382041345,7.52527199838393,-0.04338470903452594,3.6785927405632455,1.36882587196464,5.291306315590045,-3.165822783072475,2.4575070233558716,7.112957400305083,0.1560772228393799,-1.0594863575433244,-0.42261490117250367,1.2929256109893792,3.6716491605650643,7.621813986084032,1.077680598818357,6.4363575027116875,6.635505913748409,5.571123062972006,-3.9345933130517374,6.243791116710669,6.279830876393913,2.4757756407098785,6.30736526566746,-0.9856569474707213,-3.6533327305258827,0.291651269782463,4.989290818873667,-2.0079162920038,-6.192891869055653,1.714710090472228,-4.439981514157066,-3.3224745748544473,3.518339846932692,3.8138074588711293,-2.5880209577676228,6.882501934437165,3.951141045276167,-2.0337179261351745,3.4696187488650367,4.628954282665048,-1.9215333881924939,10.062737501165412,-3.2802960988359096,5.539336987604679,-0.8275837934277992,-6.2558312364168,-2.0391292662645535,-5.635005003410184,-2.337009254722057,-2.7331331095100757,-6.149546302109886,4.505202679977298,-4.147111779188528,-6.984771726329053,-5.196330199238387,-6.730234764734034,-5.3197729317694415,2.0951392119533203,2.3592814896769725,-4.523036352910436,1.631903065381318,-1.3295403703312392,-3.498485574548722,3.6998138066251354,-6.3843715686629485,-4.920927593010169,-4.383904625399238,-7.609369806436647,3.221418340445243,-1.4729137082887247,3.9231997267000502,0.6287304982250737,-5.685533159854869,4.567051395974274,-2.5613425485499484,-4.324450295345801,3.6508102097257966,6.934620695135211,-4.319737192084142,-2.348359187579563,2.4623533336777497,-6.6150819269952015,-0.7120172508948839,-4.4981179287065824,4.305527035235312,-6.456522428301889,-3.2203404922966423,-1.8382316613022396,-7.800137587182263,-1.018357062887048,-4.071770029188487,-3.8057110352892294,-5.832834202220288,-3.8042476189783287,-4.141264169585851,-2.147676744486404,-5.128349019199621,-5.807651229532221,-6.260592621508424,-6.089332589691212,-3.7428709291589066,-5.3931790915586495,-7.823276323048393,-7.9627526535915765,1.4983921215777891
5.445754612857629,7.486466622794967,4.911264195946616,5.072219279103054,3.2151058878367573,0.5505421903411063,9.174081531231492,-4.801779314837697,-3.942409368223089,2.541939355616777,0.6960078483487464,11.057268903884951,5.787589135677352,9.496007332184503,8.868908366974601,-0.011186464332316995,10.280777326476814,3.500208247293033,7.967554686821617,2.282658993572186,3.444682086155719,11.673873084753708,9.160033034522952,6.559459675295649,1.642746913641337,-0.5564410292946474,7.319171940103976,-2.3007645133074077,1.015172530213682,5.9528563558723535,3.9807312121686245,7.877704834779834,2.9989810473439213,7.805222779198555,8.790949610277856,6.108719708306391,-3.363541968478866,4.380912224583371,8.480328658589979,3.1900909263234443,9.553047733489793,6.092515986084825,3.6106834409609974,4.2613169133473034,5.698147221551699,7.00799467579726,5.696069588680349,-0.7684172214322093,-0.004799899500966316,1.031205105498219,-3.2878104713392102,-0.9553766680772654,0.8341927443959105,8.105488782710145,4.622555436384581,0.5904670837801475,-3.4947859082475676,5.720313173962012,5.6672966595988585,-2.052065572915112,-3.6568606802184234,4.040797396291202,3.6860042814020106,3.286912922473883,6.635222979856022,1.0084514563034985,-0.8923636170483522,-3.676111979689296,4.625313690974516,2.6183498341179345,5.876842968798104,-1.1568890444475681,-1.3163914833269623,1.1200775363886462,-2.3312471226147067,5.137004868010248,4.596468670525529,8.414113898380972,-2.295155918473048,3.0512904950035145,0.13313540386902162,-1.5691363279865487,-2.016785393347581,-0.7065210387496081,-5.09512419934163,-4.279221000525453,5.370128500446848,3.343936262490982,4.813478877599495,8.232012182007876,-5.273636254213971,3.2500022671015856,1.4103858251497385,1.6663741129806746,-2.375316782395456,7.6899330642385415,0.14373243761621485,3.2694590383601754,1.2579183294473046,5.551919320943971,-2.587415657795207,2.5405412148374245,7.694176299911017,-0.16041756440304766,-1.1937873584642558,0.08093261318680357,1.7260575349369998,4.032369249465233,7.823345092921966,1.1024776912281133,6.638526248389631,6.885060953602366,5.592013053147629,-3.9698643978144394,6.436168485703123,6.167975807815541,3.163075669852453,6.549439083763369,-1.2947934050323189,-3.2114202656382638,0.6130407279579692,5.67149774428171,-2.026213507824547,-6.379326885447759,1.402556911964998,-4.382984221418592,-3.511001470505917,4.08557138122853,4.156809515658692,-2.5125080674238927,7.524084770073752,4.315611649612077,-1.8404286481872578,3.635437709008735,4.689348964632622,-1.6861402619023327,10.109232306732919,-3.6122935775619496,5.8369090198439215,-0.9388383724318451,-6.254011006353718,-2.2422330379850433,-6.037003605126246,-2.4989759588141838,-2.870731837326087,-6.507254562223299,4.418491629253647,-3.9567100175947734,-7.157327195086204,-5.1594515405781065,-6.956387499811749,-5.420580843804563,2.2188912794931785,2.5413300515184276,-4.867274636833683,1.8767324841940818,-1.687654188451084,-3.611316546167094,3.7023649488339903,-6.621469923246779,-5.282744779665709,-4.703135450639513,-7.68296343348068,3.2258020143047927,-1.6239407549059446,4.032876771962837,0.13137287787416602,-5.940921768954167,4.790835328174249,-2.189277893791412,-4.692590283270454,3.7874893292998233,7.569761489190056,-4.8079402532408695,-2.372263909715093,2.765794011350864,-6.989240064606007,-0.6777391300603139,-4.784898919301329,3.825044063727568,-6.522837868002721,-3.708385232278406,-1.9715609092545465,-7.857789522343869,-1.0761052244248224,-4.147952571873793,-3.8725050561792496,-6.0374910147452665,-3.8219069304776703,-4.476611570720833,-1.6265163545049568,-5.537733972871197,-6.15986200537857,-6.417259492911405,-6.352831435286733,-3.660842290005592,-5.431591985383356,-7.842311654896945,-8.256102520566637,1.6306606130008228
5.977030515479196,8.632499355815385,6.026577086784958,4.860632735735373,2.633610095349765,0.22238287303968332,9.101133110304815,-5.203871925548754,-4.4033043324616745,1.7206035091278675,0.2699380632149855,12.103047185522373,5.903838786618168,10.462313612860786,9.391199648776935,-0.5026380716598778,11.719981086434048,4.543578699059453,7.8202509853155915,2.9590527176419754,2.76383176262932,12.982965832492258,10.483627858812786,7.350922141080951,2.142845722961252,-0.9998733894197968,8.170009405167287,-2.5106456424354984,1.5148803340342298,5.779430941903585,5.040123373886954,7.8597507672496265,3.761528901175313,7.610855762625091,9.74719893902144,5.983894956987782,-3.272814325497945,5.295032861792199,9.42977036292713,3.0360033283102896,10.524786867677717,5.556105682227044,2.9286463226269506,5.824417209741883,7.158646295824006,7.401752605659848,6.147869298343002,-0.1452768562324601,-0.39742551226220757,1.2102398818430244,-3.5272150106871787,-1.4111189750808146,1.6993925311560834,8.921735466311054,5.000336946645494,-0.5397754349271446,-4.843010100388577,6.834272856933256,6.674704666428826,-2.276751290750243,-3.7325535015113007,3.552374032904506,4.535546875627315,3.7833128085371195,7.3847654256372515,1.4081748403631953,-1.0642879988799632,-3.881891975115563,5.176208105849654,3.7037593785370344,7.017227140388295,-0.7081089576670941,-1.2543636835772916,1.7519410474507393,-2.831580565625713,6.203699855955582,5.170466218650864,9.343772948530557,-1.9107731165527753,4.015415054254802,0.753446070457967,-1.8930327452025322,-2.005792914725445,-0.30683822920867443,-6.122811870875282,-4.623832811826751,6.9455029643669945,3.3512169774232077,5.386474849961003,8.983007783230278,-5.94637868039024,3.9363572084800444,1.4551430630920723,1.2983226770422434,-2.3627575113153694,8.938785407483556,0.8300030049292516,2.910045115631064,1.440100974848971,5.866705583663901,-2.2553785438877396,3.5291962226325406,9.106018847148666,-0.7020733427055308,-1.3061961173682473,0.40738679068474887,2.6865240782278197,4.976463680744734,9.301860930923372,1.5756443477808304,7.849557609804346,8.096385195258934,5.6037803621616185,-4.21136121228243,7.312761410882864,7.253666757403161,3.8929409299775233,8.142971075025322,-1.05691048193458,-3.3278007070158573,0.5470141995190535,6.80746248367143,-2.406271240741103,-7.617933738731524,1.05103092635223,-5.129462159050146,-3.867223976208378,5.075985921409661,4.900590613611201,-2.3971214208105893,9.132589247543532,5.113766403595198,-1.5642635869763184,4.648261795165406,4.975347025367165,-1.4870745588808263,11.555572949170223,-3.838913239796172,6.429633343882382,-0.4169763396632208,-7.0539365898762805,-2.823473479631646,-6.731670694244542,-2.2262362176398636,-3.1941339314721136,-7.19835602695242,4.166423779714751,-3.646051443269429,-8.33506573745099,-5.460957526221921,-8.321301470416115,-6.26066152001277,1.9392555846695203,3.673238026037324,-5.585167238566352,2.4975802470479405,-1.7790658446728442,-4.2979867132196725,3.4716573955881196,-8.157089192799992,-5.849127629418334,-5.763934572399466,-9.165357650603257,3.3039471262283584,-2.0264262311626324,4.360640323749276,0.7363895240309006,-6.838236486554622,5.995867738134833,-1.8200669778707428,-5.04666161612456,4.169939483178135,8.993388956877434,-5.380432945829428,-3.0396565086014284,2.7746058697832487,-8.313552022251246,-0.3983381298061275,-5.68250134295893,4.448783019032631,-7.468436351163223,-4.017399766980264,-2.362722787235727,-9.201938204558173,-1.1250544046026734,-4.778797764251962,-4.404401970672357,-6.732878795734775,-4.247329827228038,-5.760935303464665,-1.6111897402385649,-6.313846892074572,-7.069442262736786,-7.138760845846217,-7.075575351656158,-4.10842400461662,-6.3041924090151396,-9.255325820181085,-9.716686645227327,2.7054777307014786
5.616740334553702,7.631724030418989,4.916200407344873,5.066534043501771,3.1489239317389353,0.45128286129386613,9.218676993862422,-4.869662363179303,-4.075960375298674,2.4940296507952375,0.7427700049104191,11.314712709635929,5.832397707190292,9.665585181514984,9.06084998077215,-0.0030077292720909875,10.46841332701965,3.572371874779532,8.058679348931372,2.2466052538935593,3.3096531534130955,11.769480574747835,9.363067211720796,6.5831205464208065,1.7176405079510269,-0.5755189703304093,7.489701694385375,-2.294859643957276,1.09422554608686,6.159647638006756,4.148414884580172,8.04390841007192,2.9372936919570316,7.983996505587511,9.034848784125696,6.2834338289035765,-3.448795260482172,4.400431135372315,8.593266518809758,3.1844841134202744,9.763675460063235,6.246960166009732,3.625985441417604,4.3808316590568985,5.717075896121201,7.092080921576881,5.755586573986966,-0.742024743668203,-0.11659669726769227,1.0104209526700154,-3.506467592285576,-1.1432073329405992,0.8712004515505095,8.25582069694665,4.798762734448288,0.6051839759934247,-3.4789717105582065,5.87324988273914,5.865754658688119,-2.0273728698011384,-3.6699786872845497,3.988175087214556,3.7379764220823684,3.4290259190707038,6.753159370572525,1.0021362314027213,-1.0043803244849179,-3.6209965063275056,4.754136901769335,2.6457308430721853,6.02003729914354,-1.186704171358969,-1.2450064968775558,1.0755830311255148,-2.3278572446969354,5.29248213516902,4.605258033187421,8.582458883773786,-2.338207272693114,3.084424114557427,0.2369371864393822,-1.6363499206497227,-1.9531764389401343,-0.8542986924229136,-5.0779719555146645,-4.519142766348682,5.513205772863837,3.4569028110897615,4.850133972062501,8.388640126371726,-5.511412450412503,3.3304851166298017,1.4689301763119995,1.650086235154162,-2.322506459222449,7.8172521178227266,0.21026362468091706,3.216069889853483,1.1734367067927847,5.536234177137988,-2.684136086192662,2.679417866916101,7.844042547919074,-0.18154038261450386,-1.1168841049066491,-0.10879169340269343,1.7436400105889118,4.007584142156308,8.019841886043206,1.156865029192452,6.691634359104921,6.954434635712357,5.533688383223715,-4.028961380949929,6.566339923877193,6.275175473906139,3.138018715164438,6.74004376638332,-1.2617730744169289,-3.379924805258018,0.5656425654893752,5.783063332873679,-2.117619243568011,-6.440063374515382,1.402338950365607,-4.544194829460624,-3.503825621236476,4.135473409673533,4.261359251240921,-2.526233201747654,7.631954317889118,4.276564415988112,-1.9748364292562266,3.7208589676115307,4.618057289171643,-1.6875888818374585,10.28743146487636,-3.5943174973100103,5.988121743716591,-0.9681548065011822,-6.332955062168497,-2.303661126449586,-6.061353756081958,-2.6212886722514024,-2.8163127884229753,-6.467929716780719,4.506209265075285,-3.914139187509963,-7.226718508119908,-5.257167458973728,-7.0376352329728835,-5.713245309529755,2.118483851320422,2.6180015009819924,-4.870082698857047,1.8210162638718455,-1.6341909327356643,-3.6776947938327766,3.531285344355818,-6.637479645911552,-5.240629465445176,-4.6309251851657445,-7.806248342843274,3.130685624346654,-1.6539990185818259,4.196062099291606,0.27792577319549755,-6.0417888330825855,4.854508981129438,-2.267186754428378,-4.745167689085923,3.839615728560355,7.712271318628783,-4.734367938446273,-2.3294282070225263,2.842960494290817,-7.035695529182552,-0.7678416043470194,-4.810614999466473,4.005199202940216,-6.642126581714194,-3.679032619843096,-1.850035402148231,-7.981020173572041,-1.2174650769764495,-4.1795178859685,-3.851321376978162,-6.080656230676703,-3.96550154704429,-4.485963543116695,-1.6736931575291478,-5.577859448042261,-6.144045512951071,-6.43996029686108,-6.405409816573671,-3.789012248319375,-5.5245798837948845,-7.989769109862501,-8.316109342979603,1.678900490898803
5.596831277952989,7.976621072068187,5.302557016532108,4.918343769940357,2.9374879467592745,0.47709013388227706,8.845267894793151,-4.731460023381821,-4.0425544102494575,2.0717376290880343,0.6273796514201985,11.156460544462636,5.481527323347088,9.677173701533452,8.864852244760536,-0.05889582312067286,10.6479698846234,3.837634549046153,7.7119709853710265,2.460693573625428,2.993411755289703,11.922634671106259,9.518571024139012,6.6587252290980885,1.8535305943710811,-0.8105183868945738,7.409360597395723,-2.3329863255626733,1.1758613119813994,5.894814607693556,4.3087971237133385,7.7023394765843936,3.386957194484702,7.549445937948501,9.073949703565283,5.900931303391438,-3.1370359602152442,4.69581424176689,8.788813189556526,3.0533598367124917,9.895423881389329,5.740023816657278,3.227569580307775,4.81866875034061,6.319132504335431,7.044332948404474,5.781405425317708,-0.4218368433662445,-0.2540000603809161,1.0853870209936172,-3.3433593713518763,-1.2353443881131805,1.1878182295618807,8.332511562707904,4.685851687738115,0.057821850971245224,-3.939748117865662,5.9771793216210805,6.083216333664926,-1.991026106052289,-3.6277770052675673,3.7898227559170716,4.085964117722843,3.4037395763699125,6.834633216805301,1.0630050388652514,-1.1218550813982,-3.650479318306962,4.882381681821192,3.064071619578554,6.139985879743501,-0.929471920757142,-1.2505528788823992,1.375409121758904,-2.4745473660872213,5.528827872026914,4.682444566547372,8.577875469919675,-2.0223095665593043,3.5013899350400712,0.4511290277486854,-1.7530988501843998,-1.9778870263557011,-0.4926135562463289,-5.235409302150067,-4.401026598339511,5.879768938069808,3.241849481467559,4.8367037143212945,8.324445926055352,-5.5388353691022765,3.417643672747053,1.432706302332802,1.3100966309434312,-2.2503473094704725,8.064414427497992,0.38257209010391574,3.039004289924456,1.2413109848346788,5.409462577289664,-2.301511442327781,2.9708096465515124,8.212013645881338,-0.43277363106995975,-1.105540007789907,0.2201430965331913,2.068403622603178,4.2365166956168885,8.25676459210662,1.2757721813561662,6.871764750245465,7.129143562899802,5.2964866100898575,-4.006949099475914,6.573538267156578,6.428212680649921,3.402257695979117,7.161862592196013,-1.176558581115554,-3.235072486073395,0.4923938745899085,6.070172596014644,-2.1338150972955425,-6.724272927160469,1.2982457352673633,-4.617524166577853,-3.5058361929631268,4.481617582504544,4.385116679012069,-2.310854283549574,8.052825826106622,4.484847416455662,-1.8087409156758352,3.8078486520536097,4.780569272399253,-1.490969202306533,10.46415449417198,-3.5975841305309584,5.961026462520091,-0.6626816450040492,-6.394641557575121,-2.4824251853348436,-6.227617631551376,-2.283111057733882,-2.81868528571225,-6.649297559537348,4.189210575531671,-3.5523989297822354,-7.394025277965863,-5.191850770367219,-7.39294323306703,-5.694354149035406,1.8881012151232737,3.0446130285061885,-5.059203693847069,1.9902565776171206,-1.6955948702996566,-3.8923737985092055,3.4365915729349403,-7.141762339806582,-5.319167892850698,-5.0164567525746815,-8.08856992021754,3.051044924929379,-1.7515968790935745,4.220967910699919,0.3887301829207811,-6.189803917712515,5.211524106745664,-2.025167381942621,-4.74413283418827,3.82848604193252,8.06488718159334,-4.877823049316829,-2.566881708131285,2.8455807539679703,-7.380105868529377,-0.6894503347100336,-5.022822930015246,4.042292677139951,-6.807962174152493,-3.7041762105776175,-1.8980710347416845,-8.218984154060651,-1.117431572593038,-4.444313846211193,-3.895637653054468,-6.184289412263554,-4.078112160183731,-4.921806882996513,-1.5745493863127922,-5.658287976082739,-6.3440127220583635,-6.5414036593021345,-6.558674408792406,-3.7594315099285396,-5.718107442442933,-8.250453568663927,-8.638897858161199,2.0515333160326
5.798601812388867,8.15325188018414,5.492731438626935,5.035944079896803,3.0188759316640565,0.40825286608018646,9.352484247528182,-5.127463341981136,-4.205049216130314,2.253197512579868,0.4900041976933244,11.734466967507535,5.952169081633565,10.18620534846469,9.33693379724449,-0.2570342029064867,11.122324976983192,4.016746269056693,8.103430519337588,2.6107317278942843,3.205505482767494,12.503694072331154,9.939213202439499,7.0247839867600295,1.9089819533808712,-0.7022202307523364,7.898310782171491,-2.378551828677413,1.2759266329295862,6.126912011854819,4.518552581292844,8.044618895645069,3.3020356152277626,7.896267392751215,9.40878459143297,6.223433122478508,-3.402422015975124,4.838403074267644,9.037025429452374,3.177341721878738,10.249950957272384,6.038762461829026,3.4149286684274607,4.984464757202505,6.413343335691526,7.3367952248598645,6.057735428283819,-0.5935501048581083,-0.1336756075557228,1.1931655137829833,-3.4285497444981687,-1.1408353764633212,1.2193061336425393,8.600842828892976,4.904772542355825,0.1444403640867667,-4.099404139016206,6.301141847195089,6.2411924085780415,-2.1767853738644662,-3.819149850923421,3.891200562005912,4.000780027342341,3.579943321853255,7.060263500399234,1.179250618603096,-1.0376507075201455,-3.8213253847043442,5.034368573817177,3.0883529291558354,6.473120009490982,-0.988109740415841,-1.2635390742906356,1.4567710824574673,-2.60691276873363,5.630369463101015,4.9388702126281885,8.95156569023116,-2.2371811800001935,3.5759175659448124,0.366704572225499,-1.715809236813631,-2.135969242489957,-0.6104138172052284,-5.571183616539512,-4.519292985107486,6.180861912946659,3.514474536054615,5.208934037746438,8.698079375219976,-5.7287160888384445,3.6565675601248295,1.3948997477976508,1.6284095817844144,-2.4999761762291866,8.340583511875487,0.4619594889931916,3.1230674339264834,1.3481008922742241,5.861499393283033,-2.4441381682992107,3.0322766297898576,8.492276505187132,-0.39094103344712566,-1.2154695470091086,0.17913655323453326,2.239442104832098,4.5376548894254825,8.624003646096007,1.3497260579163133,7.2669104282706245,7.555718195872885,5.73028653007546,-4.268679214581742,6.980325381479101,6.7421852218698834,3.5568326766467337,7.376575254674153,-1.2790872629632104,-3.345143288502723,0.5698011431075081,6.33882270099239,-2.323588508392325,-6.988086632732506,1.2409846643343647,-4.829309253734107,-3.7187200675404464,4.651793568605168,4.609725214707617,-2.4879127959168073,8.390273245175607,4.726708201034418,-1.7487433412672666,4.148664223476971,4.841875844496979,-1.624091150700944,10.899000820595377,-3.8738914332211896,6.2997484290028165,-0.7010909967388136,-6.716940586161759,-2.548702408625136,-6.571128503984067,-2.4891101068641137,-3.0791691405229678,-6.978344546835804,4.400880456060368,-3.937424359719471,-7.819648101423527,-5.374148744763376,-7.701372787929179,-6.032668289638726,2.2047755787866583,3.1077520283376106,-5.274388042743882,2.1580478490649226,-1.782461437558999,-3.9631147291480118,3.6259047648637606,-7.389244035747387,-5.672602235999829,-5.175288171409177,-8.483855515950577,3.283409694018929,-1.8055255080554382,4.295922185193134,0.300242931604598,-6.527277050134117,5.430637748456993,-2.101752591424595,-4.998249667596433,4.025752466129079,8.351458058871577,-5.198107914466792,-2.6464158300784084,2.814335181447534,-7.661395995688433,-0.6856094786807155,-5.276743587421355,4.049551222940981,-7.062539287086368,-4.113382742842581,-2.2069058482125197,-8.572765705826194,-1.2444596884196333,-4.552070179248226,-4.157245805449259,-6.458999112443316,-4.2058960524991935,-5.046226303369918,-1.5822815275755129,-6.0280693968117705,-6.658762288439976,-6.867027509874106,-6.848666242980228,-4.001073722546547,-5.926677078731801,-8.57510532091524,-9.056736193463328,2.121302255321686
5.866975159898395,7.149522393574406,5.051992774492498,4.735742559057357,3.1838453376178597,0.3882948777825061,8.861595215501037,-4.530566465396484,-3.8754128122023532,2.433607211615721,0.599540221954192,10.820872074389204,5.527154158722719,9.512029824801814,8.44041057997311,-0.06327892226756904,10.462434262244773,3.59958861673975,7.950609103815411,2.6409630836542437,3.050582603469371,11.390476172611686,9.246789877525677,6.541029705460823,1.4463919289100131,-0.8900725714311093,7.097150521139043,-2.3152106178336895,1.1288664486861388,5.824345901141509,4.253260543018969,7.861715075820852,2.7424374698553007,7.731720343144991,8.387311961010122,6.067469412361704,-3.2419574373308744,4.100592476372463,7.961761704769867,3.135654569895058,9.283332170099658,5.595652912181866,3.6413148099607437,4.255038025167299,5.759066032053032,6.546567259837001,5.366024893928915,-0.754883630830864,-0.34596875755242235,0.9963130554500026,-3.5169960774189106,-1.340808721789109,1.1902285391296097,8.182264055401717,4.542201367775862,0.23818161042379846,-3.7176457010594683,5.425237298370203,5.390858503001154,-2.031947577561706,-3.4435616917925898,3.8391695156662626,3.5657566734827473,2.988686820168736,6.365333957047264,0.6892616898083088,-1.0966577897588594,-3.4582917495372425,4.824234616251009,2.416482461079314,5.7148127216247415,-1.1127499807144743,-1.297842719397363,1.4651336356852225,-2.2956512208381143,5.625255148063061,4.35589128403179,8.07220290833437,-2.2268158931467923,3.3806896895313043,0.1410124606196206,-1.7432454158640063,-1.3230386239739207,-0.4505419607909449,-5.1416000176768675,-4.318533840160774,5.365537651865149,3.4417535746450802,4.771532713048143,7.736343092152783,-5.28927625546914,3.0608485147204827,1.2287263715135741,1.5395295233908648,-2.2309110163765635,7.2826968841040225,0.20017186933769518,2.914000646776813,1.0269049968439494,5.636294389460477,-2.359793551140657,2.7602839585080394,7.662571774567806,-0.33753018050576633,-1.0771411407899738,0.1634777741753466,1.68645472427021,4.280059896508726,7.9358575949695584,1.090815413274623,6.559366529939129,6.95724483529938,5.244017956949308,-4.010800388634708,6.334907036925904,5.934834754395445,3.4265662852939927,6.46299479421872,-0.9032165668393193,-3.3149070067636432,0.7467127577570999,5.4818908192599665,-2.0813649464368424,-6.258270880750436,1.3727229649182908,-4.4313791901714765,-3.441848603938924,4.244844577172615,3.7705827538063943,-2.580898114466046,7.4721285102479,4.072223396049476,-1.6543847797421622,3.648226290170708,4.153987536935282,-1.6841654532736994,9.95245524442114,-3.330552322721494,5.39431796608106,-0.9698296893212612,-6.18558212183035,-2.081774475339818,-5.612699202078006,-2.4474304999167695,-2.738337834505345,-6.185675704450133,4.146011073839881,-3.7407039668390727,-6.953933320455294,-5.009376392427336,-6.945948928382272,-5.665750700618955,1.965312750556067,2.731645776396174,-4.5282810235429105,1.8231879073334685,-1.6177790654273754,-3.5271430556350705,3.4885655949729193,-6.390339494737386,-4.968001492390622,-4.4871174735670225,-7.606003281373488,2.8493898839131484,-1.8073084109304016,3.9862570587043424,0.6706758622167052,-5.783990624890579,4.5324834363160935,-2.058080971490658,-4.40130731856519,3.5350357960887537,7.563711271320082,-4.392399710284701,-2.434746904087924,2.8424289704685735,-6.871980087974425,-0.40611345538222865,-4.749569690606267,4.370684530362815,-6.390110492787828,-3.132326537475241,-1.8490469526014917,-7.603959575304025,-0.9854109067119922,-3.8636455438770216,-3.870332666947758,-5.880077324507971,-3.3400247635851406,-4.339462523891727,-1.6218433886978199,-5.343116248566513,-5.8601788617595165,-6.1971296206156286,-6.004082975418416,-3.846851303556433,-5.341433172402532,-7.676484758800088,-8.080404451119488,1.731459787876377
5.5730325371884675,7.994891364723111,5.249639057567794,5.169749323640145,3.0676538650732814,0.6255831861960414,9.161899121047986,-4.874726290630763,-4.0759481426920265,2.3436585181663996,0.7221369428252085,11.34637803614337,5.798260850611154,9.863524684642012,9.071345306549599,-0.009520978753007895,10.66860062545751,3.7927130025885236,7.92335804174625,2.4884847726909674,3.354974783011811,12.081533106697318,9.559001242973789,6.775014409839534,1.77570547960248,-0.7443376456030064,7.60690766950217,-2.333984169417064,1.196806169899017,6.063229840196554,4.274936191170179,7.847427882061912,3.403480113889926,7.714804492337223,9.063810983611484,6.1740538789611366,-3.358212949941404,4.775160864406822,8.833510062120354,3.1776182595490097,9.934916928328292,5.995492485564599,3.401396624751489,4.6906871298963635,6.209955604509987,7.109889261036407,5.8673085324753576,-0.5923607896359334,-0.11120638374447034,1.0600128751138622,-3.38646045305115,-1.0964524916216878,0.9850963258478869,8.27772907064003,4.747783205341578,0.34993954046097864,-3.865288066390738,6.018633136947851,5.947898994029894,-2.185257188568755,-3.747463076463763,4.001318393613518,3.9663267623195417,3.602851252135655,7.026385655342076,1.0374752097534008,-1.0212220484728525,-3.7202121899905167,4.944725991246945,3.036808127117087,6.159462839397058,-1.0943834350892139,-1.1919049103161878,1.292338440378543,-2.5161376593856883,5.395232798757767,4.797139987437674,8.745754731499648,-2.2775172479880883,3.3575872090031895,0.24691153090719117,-1.6510118336329873,-2.1229766529859426,-0.6742586782726863,-5.38334986074322,-4.426393927424557,5.781383302511456,3.527355843608074,5.123588232581755,8.486877179288893,-5.610353006002011,3.473826214154877,1.5008470061625308,1.5472597616519874,-2.393135291627677,8.019789658258224,0.3600767910487838,3.292538581874043,1.3828345536925046,5.694893470874842,-2.4938309066038875,2.8829817428069653,8.109642995745105,-0.2770884362668305,-1.2143645231902038,0.22472975885055774,2.065561497573989,4.299141452077343,8.29043259082693,1.369938889940709,6.937389092758006,7.188736207903458,5.626811274267559,-4.145357124589852,6.705945139095239,6.471919820770904,3.3892905967226996,7.039195634285589,-1.2649893599191906,-3.223831677784392,0.5851712575080744,6.115206146872203,-2.1933061378516134,-6.703763211355223,1.3085537069772621,-4.655963199536073,-3.6609738664148472,4.406560373704656,4.415398987926781,-2.396329843230147,7.982897897401762,4.527393377623376,-1.7044205680916822,3.855647195578502,4.972826763701474,-1.581672494641427,10.510070861724339,-3.861959223431723,6.1116766288172,-0.6895966080885527,-6.477492633574351,-2.4703293461027456,-6.401478486339399,-2.3985591064153717,-2.959716200279421,-6.771587732297912,4.338546810001921,-3.864540322076859,-7.550660879687238,-5.370472498531271,-7.425134223818451,-5.743129692155704,2.1058644860520097,2.948207430729719,-5.058248879400344,2.0407620914291265,-1.6947360180824442,-3.960801591541759,3.7114350803620137,-7.105839976831642,-5.442672560918379,-4.997773126144255,-8.170284853180654,3.221565558097599,-1.637905821427908,4.227280900580109,0.19330249718409134,-6.232979220319677,5.1709217928680005,-2.1517455952901363,-4.796294281145782,3.8039583631920673,7.991917314557809,-5.06442284801129,-2.504314298166994,2.7547890802202217,-7.381730695082418,-0.8792964656682059,-5.09666080972293,3.8956667824999776,-6.856023640221795,-3.9496737578463144,-2.0666180842414428,-8.298882636957087,-1.3749108414138584,-4.4006642183767255,-4.006910346332983,-6.267197797879424,-4.192737766382471,-4.795139427475207,-1.5972672241189754,-5.87918838478469,-6.403352937737361,-6.6969147151086865,-6.636350771280096,-3.7228512811479963,-5.781471502927857,-8.263294754322182,-8.75594648142033,2.0226962144535134
5.673153084622616,7.982861266200087,5.419610827753743,4.8488957225243965,2.9498345156565056,0.4048667128617207,9.12817238030143,-4.955426470478089,-4.079772951030844,2.1577407355009477,0.38544232595292793,11.515113941977843,5.822742873716467,10.009576029003039,9.165510351285466,-0.40909911610762495,10.918971508533424,4.029394384911136,7.852902381875589,2.552198338875098,3.107423622434254,12.22911129033737,9.805900511711256,6.817253694122785,1.8192955691575468,-0.7937426954384829,7.760447453962926,-2.256682239665022,1.3480841572375293,5.899777824336991,4.499331926471919,7.843931829101591,3.18175878269554,7.667604872649538,9.090876779368816,6.025685046727023,-3.405302020950478,4.667588986648139,8.759291296216267,3.123331833780599,10.021934717388248,5.821859744404477,3.3410880404094923,4.839851900356629,6.263597918379777,7.15681634369192,6.0102316531448325,-0.48391699064629284,-0.01696111530876159,1.1983924172965317,-3.2225125485322885,-1.2111866721438869,1.2109318094154076,8.394527540811954,4.665180230422293,0.09448274373831661,-4.0240864875423625,6.336066441690979,6.151229297770772,-2.158034353828526,-3.6559114759662696,3.6711397198815336,3.8178908813398738,3.4662353972320266,6.842913865765948,1.2108970335281313,-1.0654754521863516,-3.713603617576271,4.825359540584541,3.0183456188466304,6.372004534774319,-1.0320812756717148,-1.2349143385658665,1.3271789055561718,-2.527556149365238,5.457973448489413,4.693662562502518,8.787660570075413,-2.1629020523859577,3.470945684518669,0.4075650549541896,-1.782003235034303,-2.1076560381709553,-0.5037714781392533,-5.562796422367046,-4.377852263905014,6.0563418303504895,3.327819061950321,5.019304227961009,8.556376107154327,-5.689519327230454,3.5313973648640276,1.3561347356057802,1.5972242787358408,-2.5449285818129894,8.095290516392234,0.4805636777363811,3.0121303398122476,1.3843483895775683,5.733614940918568,-2.4123777032181337,3.007054834055553,8.303083593838252,-0.41232102251092173,-1.1664332341666,0.20895943411018747,2.2432455576306225,4.483589324020773,8.475463958522766,1.5085801188385075,7.145387407777626,7.38327939478161,5.612793542532227,-4.090172887804847,6.93638279846438,6.640013529503142,3.5833919886850616,7.259879466302697,-1.2752831050219475,-3.2349677208298986,0.6797861391724478,6.307852030618224,-2.22854898356811,-6.759846309459338,1.1417683086065051,-4.723098657693364,-3.5993086987569085,4.5799774965842825,4.548956671243954,-2.478362451373439,8.238221198626619,4.6665653222943515,-1.689159162480643,4.066852855792016,4.6895882820108135,-1.5395926637642967,10.651771012793937,-3.8285725481586765,6.260962463866493,-0.7188200418321753,-6.551794661131103,-2.469946692367277,-6.425952172755762,-2.4772802966557483,-3.063686702680857,-6.836268141607532,4.277614124636608,-3.7663971680845827,-7.637307730698903,-5.208578120648314,-7.519225279252255,-5.972367230536082,2.119540552518676,3.013523390921531,-5.237211050967492,2.1918515521237225,-1.6905510381649347,-3.8875585800175427,3.5710143369528864,-7.1398753381253774,-5.573635493982758,-5.067142130064635,-8.322995501358758,3.2607703340510716,-1.6912579804685126,4.281862325688399,0.35865474345893267,-6.421370723604589,5.2644420385790385,-1.9842204700834292,-4.948545757638666,3.850207686498153,8.251924182765505,-5.135766452533626,-2.576477189453245,2.7347353703028725,-7.4847212467699045,-0.7141160718095848,-5.139704867126911,3.962275937261709,-6.95312656856475,-3.86876656240775,-2.1496607166412947,-8.318305025420994,-1.2425507673000218,-4.375522781666404,-4.00058070302144,-6.336902879392986,-4.103636381210085,-5.0253785061193925,-1.5112758338272054,-5.890164783577964,-6.518558078237913,-6.654117926927771,-6.70057685880628,-3.859986614050629,-5.788187059387954,-8.361226654947648,-8.813155650363536,2.0955999178282676
5.650263588326826,7.707225029875498,5.080936975289672,5.210312133072496,3.352951855953704,0.5531494132653078,9.244144102719815,-4.7777964323101125,-4.05976471033461,2.517588661379007,0.7496939545263253,11.205372694396546,5.6397171705439755,9.808759194410797,9.120069297874297,0.03931206481885647,10.45905378058124,3.543667993280719,8.052957152070043,2.237998617217695,3.3202726927462933,11.761051917876294,9.404027875675236,6.458359297684567,1.7477530350664618,-0.6807307221629991,7.462108125632314,-2.3433579315966897,1.1656624166637455,6.224532729613201,4.146193447772598,8.015657142277103,3.1164466567155835,7.960764668964766,8.975573974026146,6.294018799572095,-3.437000451833465,4.364999686337783,8.647331419338558,3.2085021190981653,9.842082702187708,6.2017750605029835,3.6797809087140294,4.403614959332941,5.898264793933131,7.1790880612917185,5.916518489269121,-0.7788630735774378,0.1139965937870501,1.033806369017507,-3.237559732758767,-1.0615823468430254,0.8897942808948032,8.239842852911249,4.74233462946747,0.46910241374937456,-3.5618621437809765,5.7849450430154565,5.787909841557416,-2.076740485257228,-3.6813603970216,4.0789479887707225,3.7516866398566213,3.4178624335245904,6.823048887974599,0.9823198893113281,-1.1976992906582018,-3.6980872977061923,4.8708559925635635,2.670738032349391,5.953678294055235,-1.122456117744312,-1.3834970348343898,1.259923436626017,-2.4560821330988567,5.256465471010775,4.595036411997332,8.519333606493301,-2.4222002056920404,3.2610702602976804,0.08324806012913355,-1.6273369741272061,-2.1350291584112817,-0.7217039664016655,-5.214713457170851,-4.409100299321943,5.542210435892434,3.5992865917351184,4.791005346005839,8.437062634349017,-5.425791014046034,3.2544519995105987,1.4529556798869936,1.5157859940410605,-2.454118435228053,7.794729320403658,0.21219802465420617,3.17711179655934,1.2221050269818006,5.525680352420814,-2.5081436741211447,2.7957183509324386,7.852051872157811,-0.3112610819101564,-1.093244838721562,-0.01753306318917852,1.8692369659107089,4.006975332016109,7.950657865614364,1.3003310985045267,6.590418398680071,6.862804262427306,5.464496756273901,-4.105965200994964,6.582907102553585,6.308958628164288,3.263898456511561,6.738671236620287,-1.2612667419258203,-3.295899101439778,0.727274152722975,5.917465709344223,-2.1805510962498817,-6.371808057740758,1.2775922978690128,-4.580530240317111,-3.569878875711225,4.355565925397043,4.255823843898706,-2.3881550383155044,7.724173493492711,4.217873838913903,-1.8039561024062973,3.738728553297042,4.770671563850637,-1.7061825102702028,10.200284435098776,-3.7522998511580856,6.060441044490377,-0.8387813327066302,-6.288462815339852,-2.3870774964158183,-6.175592567527623,-2.610775634487998,-2.9289586844178723,-6.6313568527507805,4.492203916950961,-3.995498669365671,-7.271118161801663,-5.218425710638634,-7.148410555441246,-5.676431145718629,2.1770960755699322,2.7258851660526022,-4.850537943879598,1.8562415146584295,-1.8186249389284315,-3.7189051286590793,3.610631752782,-6.702701051285317,-5.250502813861831,-4.685541630019459,-7.921021554089207,3.065300848249342,-1.6628767555739545,4.111969525081874,0.08194894105430271,-6.034930219907858,4.918124240312786,-2.1888426215093584,-4.769428981163711,3.6641615873326767,7.788445705248449,-4.863009722100736,-2.4403171563478576,2.906021121354768,-7.103460931037091,-0.8769765911144576,-4.848213862662996,3.8048581050340684,-6.719599843093008,-3.8588632170306223,-2.088741079996663,-7.947271619318455,-1.2746497541341626,-4.262315089361977,-3.8833990910042524,-6.03616181139348,-4.075244875364692,-4.575916493228855,-1.5084179368195472,-5.683396833489869,-6.182611236981966,-6.522804643138585,-6.468499935369558,-3.767949612512237,-5.514055514177615,-7.982002983151804,-8.36876429123,1.776234110836338
5.772759039506109,7.208673327637065,5.037655507346491,5.2853714464101085,3.732497476248353,0.6243737703947141,9.17421843713438,-4.41330671738493,-3.75707102896295,2.733172527569348,0.9072786933538028,10.788201784462595,5.269183676953345,9.54217790556434,8.790625734173465,0.3009085203092765,10.188611132066974,3.348944173521753,8.124295016148494,2.1899762097255766,3.2126861747312883,11.227969609008156,9.069168535770826,6.08530031851566,1.4837269080939541,-0.5693841417316745,7.071530141306273,-2.382928706395771,1.0502400882197962,6.193111873481053,4.063642550143752,8.126315438916647,2.982512473526753,8.168478856120785,8.660262712390754,6.430140301572413,-3.3472759193355195,3.826814727033681,8.259528507476857,3.331840180720596,9.513323144914935,6.134854691855964,3.9968371178996884,3.9397451877512273,5.712131777552286,6.947162544023023,5.647696957112953,-0.8225234469755497,0.07264911610435969,0.9731212677172875,-3.3370420424123144,-1.1903433821107532,0.9354453227492769,8.178320984504607,4.54197256053747,0.5659747097043327,-3.3273858524912665,5.326352433731256,5.485570098941417,-1.9028324577281703,-3.545847972163357,4.2651169585915225,3.646667272607635,3.140365162855501,6.499849517767183,0.7267858915700259,-1.4727848925931761,-3.5156069827375567,4.739698851645841,2.2868299990450196,5.521668131249713,-1.2790226744756494,-1.4943021078891348,1.380516196401388,-2.411436880810937,5.340615077742734,4.322028466972541,8.073357773041371,-2.545049777454859,3.3716479837865,0.053136565641338326,-1.6156400730565135,-1.8406662414171677,-0.696024221097921,-5.051217722720257,-4.333252490662105,5.130716553451052,3.51977863760376,4.274259022197121,8.058137231603038,-5.250769284491541,2.9291621834304893,1.361410520159522,1.38657160040675,-2.409489430201679,7.334959555212578,-0.1347003455664365,3.0670093661807036,1.146950248919773,5.258572549932434,-2.4416231315396475,2.7090896076093345,7.477099778942018,-0.2108511176775531,-0.9392361769574652,-0.13397229784867876,1.4548263483704094,3.75524166986647,7.572952085745451,1.149806574571895,6.043394847997508,6.390091582097728,5.044852869914061,-3.9961747043011786,6.117042565345393,5.941543504967679,3.1792332492128854,6.250169599789641,-1.1102880393338679,-3.3875809891664868,0.7783235723828674,5.433867819356773,-2.089757095150833,-5.954478763275795,1.4936013025306352,-4.364571619714519,-3.407105072767945,4.339986619605523,3.689993505232553,-2.544316376825836,7.268403740295783,3.757226193026714,-1.9257362344531885,3.4404760837871233,4.449422269493697,-1.8549542703569124,9.71771158320971,-3.5485368041376484,5.660089545184757,-0.8422243697926252,-5.927246238925489,-2.2221915476659486,-5.774787684327462,-2.412823748244072,-2.7331744299786447,-6.342188620971169,4.48861050041182,-3.961797087617292,-6.931066866794621,-5.118327497196884,-6.665624388029326,-5.566531858764527,2.1882781638748057,2.613848953969762,-4.6124106851884,1.7220007157535924,-1.956321547602347,-3.4378490546873492,3.514540573907727,-6.28837756408265,-4.974277287206084,-4.361138830278983,-7.547055865511303,2.709970066474026,-1.5601168730927997,3.846718624820103,0.12194887841266477,-5.617388083268962,4.605729920831762,-2.216285770061176,-4.403349517626032,3.4526569425429,7.49544143986776,-4.670638233504444,-2.4506528051724628,3.161009317864607,-6.691101385969738,-0.758815644475657,-4.6302650699400445,3.936143818268244,-6.336082441528813,-3.451666553553953,-2.041861367889625,-7.546752197523706,-1.2716096192853559,-3.9444383653076223,-3.587424599524028,-5.775327963531391,-3.7640122160881946,-4.209125406464981,-1.4475585954841814,-5.2536089686079945,-5.931245491210528,-6.147670377695382,-6.042680134718543,-3.805908216189099,-5.269022227046503,-7.620357039025377,-7.854921995019458,1.5230886547330986
6.044948039247866,7.954291918584989,5.692182466988171,4.741228152125661,3.0100642850308805,0.10013446088736708,9.05004724412159,-4.994629421379871,-4.184058159799256,1.949831042439338,0.29701559345529976,11.476635929353538,5.523528392378011,10.090056215989204,9.043644057388198,-0.4087599528898953,11.186207380157127,4.13943762038044,7.83314713725642,2.748457668720441,2.7468086543166925,12.254566254113168,10.009424105487195,6.896849168727053,1.7964711147905972,-0.984648867504476,7.558695451882171,-2.3448371840171958,1.304384009029769,5.776162973037524,4.662017408968422,7.886812064717675,3.2834111326384967,7.742045103697735,9.09490296131748,5.9503471738463105,-3.282018854387541,4.5693695018498115,8.790287756000746,3.0160827236823615,10.045025552414586,5.551768755072465,3.2744741601432374,5.065473928226644,6.6904620094490905,7.187858499528566,6.015054656041099,-0.3689363347468187,-0.1004066413517803,1.0319596850803963,-3.307839715584053,-1.4122805170678898,1.5521096655820172,8.68889305660335,4.797668999732458,-0.33071167173650334,-4.337182365133289,6.153099334173499,6.094532979392897,-1.9616989678031531,-3.634725265700968,3.6321226168342577,4.013573604315931,3.338906404911975,6.789206300357685,1.0304699840772418,-1.2814847332334378,-3.587541570276181,5.00548097647435,3.0082876898033866,6.336430328819675,-0.862032796004451,-1.2817832073458308,1.7402960267500063,-2.6428432776122865,5.91317885148858,4.702119462821689,8.66016690739584,-2.0190546473867945,3.9402989647394984,0.33793846660035215,-1.8344601856957328,-1.8340535360166235,-0.3212632884119172,-5.696687499163669,-4.453259798111686,6.248769108205314,3.3035498341287846,4.930564999499525,8.533352479166094,-5.70219690396418,3.425712396442289,1.2137498034092784,1.310801145853164,-2.3368683081168973,8.276041417364922,0.5300714657789535,2.726125224932192,1.2638628399918739,5.687500211727395,-2.183444906264508,3.311369008917326,8.542072419999036,-0.7166886415317159,-1.0838959449476906,0.3054738988179137,2.3007973243407838,4.631241254634236,8.708405215376798,1.3343716874048694,7.203014613892239,7.512103712284069,5.313783389574074,-4.139081527803943,6.825175122995685,6.620283614952346,3.8261889622873997,7.390391130827969,-1.0313544756262158,-3.2914230915689733,0.8502267131356314,6.330245790621981,-2.3281850523196885,-6.975556820186923,1.059618641904553,-4.8504089562681285,-3.640524458796243,4.891014369220727,4.429198897461912,-2.4924597498667036,8.523066174068873,4.625698106257948,-1.617125551943348,4.146098032624175,4.559712964863188,-1.4970845610461414,10.823399209833191,-3.657591064104792,6.040975042117284,-0.6116171834578469,-6.469022426422367,-2.6383872267846282,-6.361213910818461,-2.447659591483008,-3.16134914097144,-6.843519697417942,4.180222967376701,-3.5979395122341216,-7.670296124441321,-5.2419314106794905,-7.669102548323082,-6.038835873115636,2.028438700226236,3.2862967599209,-5.188445109747824,2.2559878292372084,-1.8022655207043916,-4.0044555658036485,3.4555389632639564,-7.316572677690207,-5.478737129454594,-5.179755727988795,-8.478714675594466,2.9639280242919956,-1.8986936871707711,4.232138818494424,0.5136808904675532,-6.33326527179791,5.3742494229431665,-1.8471862608310765,-4.733889908641214,3.84741236533654,8.46538648003233,-5.076212082319151,-2.744335516401717,3.0089003089653072,-7.7173847853227935,-0.27960823494412773,-5.273653384267749,4.30802135941344,-7.024071583231099,-3.739445861450627,-2.155438711191256,-8.400271567652187,-1.0162850990212775,-4.244354226087106,-4.1312502312910855,-6.38489293840749,-3.789393947998692,-5.157338059668538,-1.318773288616423,-6.025970618717916,-6.559202888556695,-6.782419491171481,-6.531458405955821,-3.9090040192401645,-5.83136795154226,-8.544165015681356,-8.952245924945187,2.313362676392317
5.654516835410806,8.036050371472406,5.50662691343341,4.906423894895709,3.0362337877622485,0.42587076442259364,9.142580291637515,-4.918583067572459,-4.062263521117806,2.1768792747938313,0.4405507062963922,11.247321700590103,5.615505610159432,9.997177870037886,9.015257312511556,-0.332119759305231,10.863449447143166,3.9182442136115863,7.951831439346444,2.567260918039044,3.150808053666345,12.217759233413208,9.734370547645842,6.739042867801412,1.812245826566958,-0.8001184601497924,7.520607294281594,-2.261752969567682,1.2974840420091314,5.955543066436241,4.34454333695607,7.890266139042673,3.2877698099914197,7.676380748409805,9.004762432137673,5.914667241450812,-3.3084024631876017,4.573333550375222,8.843251119416419,3.1954375490099824,10.103226952859341,5.828387806485578,3.3718188910115567,4.770887171017873,6.395995223757002,7.181661362959771,5.994556427854479,-0.5728825196532304,0.0037303858877629765,1.143804965658384,-3.2856059634571526,-1.160899563452989,1.25475044036852,8.500392593383552,4.6982353170595506,0.019272671582173793,-4.09460691046918,6.0081907579570375,6.031443881642736,-2.0844716111545534,-3.66489670084736,3.813429306567116,3.8288152613179216,3.34765964929519,6.769999458059493,1.0369929360462795,-1.0799920173557709,-3.7800350187538307,4.95254194870208,2.9553415961304847,6.120164590451948,-0.9025914594218503,-1.3700004937609807,1.5301251775688294,-2.6623287492473344,5.409863487965791,4.729583354032893,8.554169468025787,-2.2411814354628157,3.6293970699652465,0.3164581650744122,-1.7439951870393557,-2.1752278473734443,-0.45148465300909735,-5.508942822393748,-4.415689776711109,5.91174819414404,3.3531455170184103,4.947454439198271,8.478051306738283,-5.5356861097160595,3.4355504577124085,1.3332765312873525,1.5632270863172268,-2.488454810737354,8.080161510091001,0.5525284247006397,3.0385718650630196,1.325213454404762,5.83035274656294,-2.233048417801616,3.025425892066995,8.374605121089225,-0.4478239150241834,-1.1769273342881974,0.37876335393619553,2.2541430528972395,4.492115369991337,8.40209124629544,1.4272640319028815,7.027873693000799,7.348600683331155,5.637561149701123,-4.2706619211737165,6.849484594572693,6.406816254090916,3.7068847329736845,7.178846202325101,-1.2880630658879015,-3.077477251129182,0.7245004079843513,6.3387917026646345,-2.1379742594854854,-6.772332983088332,1.1145060971258487,-4.782434571583244,-3.6649513566495573,4.665811877342632,4.522788947766093,-2.2619273078949487,8.272927831266847,4.678371728562963,-1.5564072744821251,3.968564866548635,4.849642453429265,-1.4500226905553677,10.556288443637321,-3.839721161599422,6.227772507518354,-0.737141563096619,-6.4664250446560905,-2.4789103011333644,-6.344272951691208,-2.4662123195161816,-2.911354809135941,-6.820254322671214,4.322199800823259,-3.8771681799593067,-7.606087039194693,-5.262572567114883,-7.519281397393921,-5.896971056424726,2.1284918293612285,2.9794111877040064,-5.114143929778443,2.2241279782612438,-1.8813224999231255,-3.86000451315476,3.634843249289594,-7.2174601167461,-5.468343982580534,-5.105532432085857,-8.220963799565402,3.2031078487922318,-1.7731986320729898,4.207533038328658,0.11248001845785001,-6.28147853252904,5.346029540245458,-1.983893416700542,-4.859230833047727,3.91089002025462,8.282174717649443,-5.046040418692352,-2.6883282433165836,2.943147364129299,-7.480878558180003,-0.8202576182429483,-5.18311683628812,3.7909572124633044,-6.833075005623535,-4.013338541923657,-2.225520557314481,-8.302479562199457,-1.3259108968192936,-4.428112158838036,-3.9582182620213446,-6.251280345784006,-4.215800077960793,-4.972959381251015,-1.4436292181028076,-5.918345425823877,-6.448738197882789,-6.669039961599416,-6.668200729651229,-3.819804460110375,-5.715877071041489,-8.328952557078065,-8.862096580649863,2.127112337267925
5.749488125064657,7.864680301480824,5.385729591611149,4.710777241456646,3.026608624633645,0.2993064143035583,8.91844180465188,-4.763744837774007,-3.9918263644400307,2.0298811435115334,0.3848082121402214,11.00624252036931,5.305083164177593,9.791953886377051,8.87791649017496,-0.312085954990448,10.713151290457956,3.867967194290086,7.775397345736032,2.420951564497595,2.8466656697078903,11.895236816481448,9.598885505213701,6.5323417334406875,1.7141461181034525,-0.8273076730434246,7.305072117897927,-2.264385056699809,1.1710136592039968,5.961539782640512,4.299309216685844,7.77241895066523,3.0815437216040373,7.620930102972446,8.870948857761142,5.818652623416299,-3.236290356135264,4.3345251390804584,8.612339951363037,3.004704607584194,9.992205833701787,5.711675664004576,3.4005923353614826,4.593280538002587,6.3018679973057,7.092649811036629,5.9748848651468105,-0.5662272140434419,-0.0016124032897446125,1.1660762168061,-3.177407742386476,-1.3210456013719325,1.2776784522392581,8.419609813767773,4.600313741199701,-0.01987258001359958,-3.8888623535446234,5.859510401841767,6.002812259917099,-1.8419316263231515,-3.682773003933536,3.697951376773245,3.6973203725622534,3.0980180903792087,6.45988870580084,0.9302022692621327,-1.357469874899585,-3.53945138907494,4.943394342776231,2.7536433172709045,5.945155613621748,-0.911260822059362,-1.2265052766447784,1.5608045738065928,-2.4404163626084605,5.448555207008965,4.488228309170127,8.292092915381147,-2.0542885312426695,3.697524673653293,0.30747943694282415,-1.7237728537908104,-2.031854606399543,-0.36403949472725305,-5.170392528321061,-4.2908482906236,5.832766050309087,3.234728015976261,4.630716615735803,8.241022755312718,-5.476294667871557,3.2905878110858544,1.1541186804062278,1.378467818559087,-2.4627847931168296,7.827227202092789,0.42159780011627107,2.753854786114572,1.0868660393784333,5.5346332717052835,-2.1042313495755645,2.983261701677761,8.265945996345101,-0.5125932776552853,-1.1092436606869795,0.2406770559034096,2.1551345027639663,4.30877245378547,8.225301382895264,1.3500463260954496,6.747234513720172,7.075445639059677,5.245893697391615,-4.09010463655575,6.640029108693527,6.221547723341917,3.6842465074592616,7.0612959429878455,-1.247710432379939,-3.150351773601059,0.7895821061486072,6.239961661446113,-2.212897688046022,-6.564897166004292,1.1884670817486596,-4.574252328149512,-3.532553227615719,4.692977778590886,4.408651305471617,-2.333182577525516,8.124174250142035,4.401123463809324,-1.6583203732771594,3.822694167019513,4.529650713762124,-1.4408261327784526,10.278254036281057,-3.6800297180799846,6.029534633827654,-0.8258474491863177,-6.2645348528010345,-2.4939371148388934,-6.20009248293182,-2.4051442311354365,-2.9798083144096315,-6.622667954156159,4.225532899444451,-3.5516056836023493,-7.297621561229279,-5.0622249277626965,-7.288328257634048,-5.869186864584492,2.0214135801671222,2.9768955080906876,-5.064139925898154,2.0284364005161657,-1.8367836477281376,-3.759738197136259,3.3299205242884216,-6.893126914151959,-5.347374435228697,-4.835273699160833,-7.952853611315496,2.9023917698143986,-1.8282152879675346,4.281412247318383,0.21690107013936022,-6.136151914958183,5.117469465164439,-1.8559105664849491,-4.816883727046359,3.7755033146573123,8.198724985504576,-4.971585546149094,-2.4997582211969225,2.9780784622689493,-7.271486038427155,-0.7909419315575392,-5.00492951689958,3.904992144710067,-6.745586943701405,-3.8172781641754123,-1.9469491166000847,-7.964150626125433,-1.2320804487506487,-4.315220279684065,-3.8892423880653895,-6.109535654030233,-3.9772368508102933,-4.740861652927601,-1.3339945196306893,-5.709553996779438,-6.255345541696542,-6.457796684566644,-6.474046840779761,-3.879486725785065,-5.570921595849418,-8.029807429217268,-8.496361957299145,1.992275707802954
5.5412614760875885,8.129877704009326,5.659116563789042,4.492510095019522,2.6942352682978514,0.27061642956106774,8.811245605663318,-4.835326456659505,-3.987756491995295,1.7437452850540527,0.06967291276877231,11.050052582871867,5.351880016391453,9.929960583571175,8.883036287796534,-0.7209523820812973,10.856142104396366,4.153313881298325,7.522407740735728,2.5629254831438444,2.765134079215159,12.155139219812206,9.7802528772602,6.660533252337969,1.8359829804459724,-0.9144369568772681,7.437294022998626,-2.1119195941675173,1.341194252018344,5.690382457944399,4.4549874815375965,7.5013211689195725,3.2662538226100115,7.233980883643151,8.849425713980748,5.495477077262161,-3.176724039841597,4.571452736333229,8.674700132678852,2.943875167117337,10.15009132680971,5.4201063273243895,3.048032829176445,4.970993950381714,6.609030134663797,7.120921037793351,6.125532806070616,-0.39267034720833305,0.13300236344307173,1.199495159981184,-2.9732641965581443,-1.1936476082934437,1.4131831679619025,8.337860187209026,4.450310782660731,-0.33237166888259356,-4.195815312154336,6.152600879341433,6.140797391005586,-1.961087850438329,-3.6142526228535425,3.360007007769339,3.6538109068805946,3.204633210045191,6.479359236053857,1.0842263317743726,-1.174870981066181,-3.6354589949116485,4.862404082094996,3.0234307022087106,6.127213196140381,-0.7595299219385278,-1.151968481985713,1.6089905202055756,-2.5777458196471468,5.282211984281719,4.51002146406693,8.397482359902403,-1.9881537120857316,3.843685130884593,0.3336102484200342,-1.712453735955682,-2.348729524129983,-0.17785278331882176,-5.39663207540564,-4.199985005557604,6.206530623026055,3.0994854529398057,4.837926008706844,8.37632929692629,-5.562018669832361,3.4448229234647427,1.1793526370489638,1.4438145665071533,-2.5941150666356383,7.997989564373637,0.5679321271027531,2.649138597040122,1.2988150969285917,5.7240295744549,-1.8995281179265502,3.1496141662566957,8.525243378271398,-0.618280572121918,-1.0980272331859775,0.5617481309602554,2.594043225276544,4.629157062920459,8.48418567308471,1.486193016505587,7.06256096548059,7.4078069966679125,5.449417902524902,-4.136336656666307,6.930072406276089,6.504859553907888,3.933907517394024,7.385856592315719,-1.3332456910466466,-2.8894634165407895,0.7938603317852249,6.680228560062685,-2.2563276237436494,-6.738476997691682,0.9297508929450604,-4.7187889186527165,-3.6215561891157155,4.938165444319791,4.773809213867156,-2.166351618842499,8.49407199424859,4.787684868814584,-1.4059550031019865,4.032246487291245,4.680785173064427,-1.2536409580257177,10.42857817810377,-3.870372025517281,6.298516186152514,-0.6352459658119453,-6.407678819619179,-2.6008328271764,-6.449844766124072,-2.291666918337572,-3.0182574531143325,-6.87662101418699,4.059444296761983,-3.4431412151585277,-7.59815765937092,-5.071709858618935,-7.566435446034603,-5.9925085147470325,2.029481236874776,3.1666312661196043,-5.188158382126098,2.3705898447985887,-1.7860983842548876,-3.8815191710941854,3.3621470618668896,-7.209717384960496,-5.452709344054334,-5.139813777694112,-8.208785841341973,3.137317150114761,-1.7361323627082947,4.317681203577745,0.06990882605866132,-6.393106788514554,5.406798678302771,-1.6398999282545281,-4.998970205998825,3.774724196087152,8.484218953482516,-5.206788190535401,-2.5773075034203017,2.7722674051316023,-7.510829819329688,-0.8960173148478366,-5.1606948218681215,3.55811616074204,-6.911161512796596,-4.096584755165249,-2.192168747740134,-8.172064841309727,-1.3124279155427294,-4.537432456561266,-3.910065326467953,-6.204671006725846,-4.271212185791388,-5.080272177059089,-1.1935874903556905,-5.902346634409096,-6.48374818952314,-6.705124920454371,-6.720994825503835,-3.805139965506487,-5.66923532389584,-8.247472643092886,-8.857136473580638,2.3057968527031356
5.758543930356765,7.991123957629525,5.456460100308304,4.9933180420665915,2.960714486001834,0.45179523790360326,9.128949170381961,-4.936297193858766,-4.1317735677499385,2.1888765794311524,0.5312337633205161,11.566781691254626,5.865967952946637,9.990128232039105,9.062985096784866,-0.18761462617618793,10.984811761968515,3.9816903309360616,7.944069983166871,2.7135235300912424,3.140765448303993,12.24525161943861,9.805429543076121,6.955128686919005,1.8868719883996685,-0.8849438432045563,7.772463019867697,-2.4275707628232057,1.294259354841923,5.909555108698559,4.538663114378209,7.884728387356289,3.3469882217335196,7.701244312174582,9.164159394368982,6.135041156037706,-3.3373295341074636,4.791563478091188,8.825936564922316,3.124853916051519,9.968494076647787,5.781566397072373,3.3201152069210806,4.974923678163971,6.384103650862635,7.083149130579678,5.848345525009084,-0.46095239538881466,-0.2677520301017602,1.0838854906193447,-3.4612715992488132,-1.2930604146299056,1.2465169915802055,8.43293847996418,4.776011800071766,0.04001659647923694,-4.129327248778957,6.180400418668309,6.053330362801851,-2.2293796014266256,-3.642220754802604,3.808010491818804,4.066967617613085,3.530200485105026,7.02012210824538,1.0570625631653239,-1.0070904219591819,-3.7332338661028444,4.942418873065168,3.105833067520656,6.391205631336251,-0.986738478316173,-1.221714012459017,1.4431224726455576,-2.5465315533491655,5.722103876823972,4.820367446163558,8.842940349367783,-2.1633522820816995,3.532287369360101,0.39501918694559873,-1.851367209457437,-1.9112600411156446,-0.532926835122091,-5.616888352687828,-4.513946153636882,6.113538359037109,3.4628935833725776,5.18574192719676,8.493782354229769,-5.660943017520628,3.5335611883978264,1.4811358719101935,1.4895688574006665,-2.349171552776734,8.169149561302325,0.4242994681797215,3.1045721300999354,1.3420358284589249,5.728562154460446,-2.4897628916503463,3.0438342008916486,8.303049014576413,-0.4123397782167446,-1.2508967092405907,0.241193977974442,2.1379922316536804,4.523533175515248,8.538359963316692,1.332772631958397,7.204997073452812,7.4984529289077715,5.58399088923183,-4.131410569118329,6.891627742754496,6.653245458463706,3.505544532753061,7.273986167938224,-1.1024023023198561,-3.3725347527641967,0.587243018149917,6.18621205773296,-2.169075099102474,-6.880992112056774,1.3011855975494584,-4.745851394840162,-3.751801952351564,4.569012190615081,4.420051381087918,-2.483126722821957,8.238176549364221,4.621028115833752,-1.71093409390715,4.071012008021929,4.758122598109968,-1.6527914673929496,10.762053284020995,-3.6950886406340175,6.0651056029166766,-0.650344431102972,-6.604404977887875,-2.46645488654914,-6.355215137689169,-2.3195828139536814,-3.0354306446174517,-6.802059682751741,4.285685229543363,-3.746883569132894,-7.704061137652855,-5.321219560532572,-7.647882931236215,-5.88580846396878,2.004485635301948,3.133603356611173,-5.082059460423155,2.098433360542673,-1.6498332016259711,-3.9676644178017257,3.6266865739511642,-7.250747555474606,-5.502106221729971,-5.141021720989356,-8.380016074803462,3.2502631412876495,-1.8139689739633593,4.197831885927955,0.501388865081311,-6.316285417262636,5.269704745281009,-2.047621245134728,-4.809460504903234,3.804706423293817,8.211913926091809,-5.0404859738184244,-2.655337510998147,2.711965453296197,-7.533491586277689,-0.5509447827001146,-5.2118066020722305,4.195001196825502,-6.99814403629195,-3.778732291415864,-2.1074686072990114,-8.428572838179562,-1.1129729507818513,-4.406191782992607,-4.1566234326001865,-6.363550128805015,-3.9934342337296607,-5.003867085344589,-1.6165897618111649,-5.879646292769921,-6.523727372090866,-6.7110549581528085,-6.658212070560862,-3.9626963612320023,-5.820366968597051,-8.50097684124631,-8.923504778963778,2.182639359077547
5.505839452844278,8.066006273058203,5.269666425293645,4.998120128880292,2.8758517012449953,0.5549454210132004,8.961743253311411,-4.916384106989905,-4.136545778972868,2.0841308341006033,0.5075239135525633,11.356313134221566,5.756829976958532,9.904917032047551,9.197262909499061,-0.15039822882565146,10.69071387465646,4.023644897858577,7.6102233192041515,2.4039482509767236,3.0613609085273357,12.170351785842646,9.593782495588856,6.845037249324789,2.0136377001259977,-0.6831300850898958,7.748561853706145,-2.2535478363150654,1.3089110430499893,5.942626580928563,4.394048261757523,7.583419755298643,3.453098009658697,7.467834020711198,9.226294810230556,5.9927574948858,-3.179013817928144,4.914093564360862,8.976886356923231,2.9587124229050015,9.974556886788022,5.82996330847041,3.2143406364241653,4.977883195202107,6.273124623312078,7.1797041608171135,5.98932279689393,-0.38226767941043,-0.07130482568535382,1.1956868356592005,-3.1992332011073796,-1.031180788605901,1.1566511755433748,8.175003614900147,4.741413889088424,0.13185798661165737,-4.01583760403067,6.28342874546064,6.192186122527577,-2.2335307383983407,-3.584076334041318,3.768345411085826,4.046075989243078,3.6416708543661156,7.025290728952734,1.2709383126419789,-0.9507588035320316,-3.7047657568314256,4.992805498997763,3.3144502050023674,6.357481820279986,-0.9210668943247852,-1.1241738088697286,1.3602472118861733,-2.535192460707675,5.470737524498174,4.966526851203194,8.762235673302111,-2.148020978047156,3.381871950276364,0.49451586668789427,-1.5792515762592387,-2.231677375408055,-0.5696391441061375,-5.4684677417736856,-4.536224380914869,6.026375068559834,3.555882778802825,5.129831491750799,8.498518641430511,-5.462322308665996,3.592106456430757,1.4500777980675066,1.4596221165040413,-2.4179002135585077,8.218312544853509,0.4554308514208071,3.0413900059987946,1.3878032925572323,5.589428286874027,-2.4196541275474215,2.9680142480747578,8.240915402171904,-0.3458346617434316,-1.1530706571417688,0.13080462814153945,2.3275988377687153,4.332206320667434,8.339696076757656,1.5081859109657778,7.006465562490094,7.23365145923622,5.503569232683547,-4.032676750919009,6.732845678862094,6.6297406605359726,3.3669918602436675,7.268899189031308,-1.2614917214432313,-3.166994596692579,0.4973766166221203,6.262071528345814,-2.164380920044373,-6.889103286473489,1.1186270896844948,-4.732416572312169,-3.6041174257957858,4.49126591127973,4.539842786290371,-2.2931657523255904,8.15163537350814,4.634101237068996,-1.6609609617209922,4.089733111114514,4.867100613895585,-1.519723288413155,10.619143888144453,-3.8669556042225595,6.177604050439043,-0.6033299427902095,-6.581214256969431,-2.6746360146299257,-6.391934907374377,-2.4147178925808737,-3.0963024350666113,-6.832459765913874,4.160771448721946,-3.740197879081692,-7.60478973008054,-5.29882294152156,-7.488635880479887,-5.740476799516493,2.1683214840863343,3.1822736072542015,-5.112639529776495,2.071054462738744,-1.734615864636044,-4.020584638400433,3.48485871119632,-7.351104848244545,-5.5470404565753375,-5.111516326848441,-8.365076382087258,3.150172694692605,-1.6593656040700486,4.187799120575329,0.28925722209142835,-6.3807556988594625,5.401543226495411,-1.8853362320278233,-4.8170240667331425,3.8510438857166327,8.146307391799647,-5.147915034158331,-2.5513527362818214,2.6222402133567315,-7.568830944017008,-0.8670116351778034,-5.1253715375717075,3.911661076659609,-6.870020968090842,-4.006556218948842,-2.201920340934462,-8.445153382141063,-1.322262114413569,-4.550939092767605,-4.080134186388634,-6.2394965815162715,-4.276143060059658,-4.98332674076849,-1.535651520716658,-5.951662493355768,-6.466182881589475,-6.737836040466313,-6.679952134584141,-3.856589226905549,-5.786480267890175,-8.353049543180544,-8.882717406223321,2.1383659872519765
5.887056440482411,7.910118874090962,5.75420862884593,4.777469704968276,2.8800870129472202,0.3458100157306387,8.926257868484933,-4.824750211988735,-4.052359923675975,2.0217332648510173,0.3628752711299014,11.448859686772932,5.737201824955236,10.048449391097053,8.873059368015085,-0.34706843747292243,11.165687924006466,4.273764447548843,7.748664619802762,2.9542233559416378,2.848526956002695,12.25048708100534,9.934841526593003,7.02592854638751,1.8086184837322783,-1.0241934702411002,7.654571411477393,-2.392125025241653,1.361692549723087,5.662864526283972,4.724916135036015,7.728792490533721,3.4138917085829927,7.5192468408765825,9.004604790276407,5.96028837912339,-3.145134169338579,4.779133724363666,8.675305496366098,3.076143736590249,9.874764822615505,5.363194868237712,3.183280142821328,5.186817025171789,6.670112098240493,6.8955388196176255,5.716429641439581,-0.331573253490052,-0.3541374844110317,1.0680492775358121,-3.4144587834052156,-1.3133385474622696,1.6145824999582385,8.475350390231478,4.681459721862086,-0.3011878127325429,-4.477329970160919,6.263567505902433,6.117323472016703,-2.153671837313414,-3.5764502119928574,3.595087952655854,4.068051758170486,3.4451986363409315,6.8983986293934345,1.1312085289207232,-1.0905948428499492,-3.62717081610511,4.976832574959419,3.1838672627309657,6.436630543924097,-0.9654900571579467,-1.3413999467651794,1.7132371004148441,-2.651902251075384,5.9565426456385095,4.825590656716124,8.744667493023371,-2.0998588822101967,3.8597990862050806,0.48075294685808806,-1.7943981023981117,-1.7095410354658835,-0.3926448325323933,-5.85029563749749,-4.380055676868572,6.313489440893773,3.3940819845301213,5.184071943725639,8.327537657961193,-5.665046734951146,3.4895727959495053,1.3087307719495154,1.4157713430228371,-2.3369554857451167,8.17032448754319,0.6116332592734696,2.8328382278364654,1.370889846628748,5.806025294178655,-2.2459753402320572,3.2861701445146614,8.460286181705573,-0.5028183508080921,-1.1498068562480317,0.43436407595057425,2.265229284694302,4.811931819046406,8.791436647787036,1.3955520626489288,7.291835461391827,7.65584350217957,5.4286687277757535,-4.144745675666188,6.836606460759728,6.703792998119206,3.7485935847290994,7.438536075770712,-0.9254957901525074,-3.3501314435171685,0.6184297238012757,6.213210586335506,-2.249299820888819,-7.017829139712271,1.0979171046698177,-4.785340306110428,-3.621827838401316,4.833703070551081,4.311326928270212,-2.409758375686839,8.397251988149156,4.67659292016503,-1.4919467010795338,4.109963584447128,4.594267613989366,-1.6032707983275172,10.837532385209006,-3.6387699252994175,5.958519465359612,-0.41317155886716345,-6.545622415849702,-2.625137946362746,-6.296557962629353,-2.2175618944569395,-3.0342787119208072,-6.751892110023091,3.9766169766202673,-3.6223280547211414,-7.742256331190764,-5.202252948846981,-7.743322217141335,-6.023307293351672,1.9486705806837032,3.4104538217439346,-5.0692827093136446,2.316241945853661,-1.6521407061706461,-4.0444266933871535,3.5292924470648406,-7.464704081559551,-5.417357233460864,-5.239060198420678,-8.577921264552058,3.060697629755534,-1.8292786435037587,4.057897597039534,0.6295855805725662,-6.4024155128345015,5.337059839755238,-1.8305879422138356,-4.632548576604018,3.767710904796132,8.346602654724004,-5.00185955427458,-2.8718467602414006,2.740047219301849,-7.689437644251475,-0.4268956537907885,-5.384132451006068,4.3173711720152435,-7.021842349193275,-3.6671631635986373,-2.308758051050641,-8.479825765740392,-1.127969738706471,-4.385653297075338,-4.184617714047542,-6.339857063021131,-3.9011382360250573,-5.239641766788568,-1.5340348809419877,-5.892788826299647,-6.525790928088863,-6.7647692014519025,-6.507256254941565,-3.929767301251051,-5.835389815345092,-8.547488923425032,-9.053165165206433,2.4165104251653906
5.7714909775606555,7.564413497386996,5.293960730484603,4.690897519571207,3.060273060644876,0.27789567476376825,9.029170494837908,-4.803370861417953,-3.942431158439059,2.260147962544052,0.4020092164261492,11.043177567117983,5.578937178090174,9.790973163789875,8.724007752538139,-0.35267813128487463,10.718888702806453,3.7427205757692246,8.00666334320544,2.617356068490407,3.047845097854881,11.833920498066707,9.524445823665868,6.681266660591926,1.565562736531553,-0.8957832474027587,7.246456615587762,-2.24243986714103,1.1729146270807451,5.933113691099617,4.307706110234508,7.918017491873767,2.851244475881668,7.693916180648141,8.658879507345462,5.884062055104761,-3.223267435599374,4.277880393413547,8.313741528815783,3.1896893410904212,9.722400567148432,5.708465161742583,3.49414696308685,4.491434984413613,6.0913381251551915,6.883539591075072,5.726175610717399,-0.6090380043970495,-0.12274591401532622,1.0282597474008373,-3.4285312038325784,-1.2772371843561727,1.2317360314745134,8.320700618747322,4.489743305676657,0.11178684281163298,-3.8495915235645506,5.630575083449573,5.691294506373695,-2.047095448023749,-3.595261314027813,3.7362449710751156,3.5442603126898975,3.049177115671066,6.40874263072878,0.7270679155078799,-1.1076756942844104,-3.6433161884309686,4.873099657650817,2.524481256184757,5.893432007050275,-0.9831492706754643,-1.2228962922589863,1.5351921804881998,-2.4209234420514556,5.416627503741688,4.479900692334284,8.228791249131353,-2.1741597633443646,3.607105883855182,0.06952127126681493,-1.8866766410269182,-1.8164714393902328,-0.4272581743945124,-5.239277320424645,-4.274222918797577,5.710882973914583,3.3629101877345997,4.867254489170443,8.079092267922942,-5.538978986083096,3.253477961810443,1.2054235635796977,1.6574382902964324,-2.4706923307066178,7.645534068177715,0.281251020349176,2.8299316652043514,1.133222447198018,5.773253195370815,-2.230609376243937,2.8806642195187937,8.075748181582869,-0.43447228889395384,-1.0657578990995609,0.23686636472370878,1.9974829484508985,4.444712704399253,8.17678895099379,1.3059705404910433,6.7982478024874595,7.219643316584434,5.4826349877915765,-4.188816612061752,6.615621823765662,6.197042681637529,3.6042141376134045,6.843714390720848,-1.064727277322082,-3.2859740087962654,0.7337621456581357,6.040409435184119,-2.150576217392867,-6.390884367673363,1.2907053464066505,-4.555845441160588,-3.6548992471467106,4.511394337767471,4.217572787976163,-2.5324228877001023,7.897522349125665,4.443002906159168,-1.6960778713012037,3.8168037451076464,4.344295321629346,-1.591002921419404,10.17578480100647,-3.6668026692994147,5.911034279880864,-1.0092349111819727,-6.122117813912926,-2.165005909192247,-6.00759943567643,-2.4550249527578227,-2.793321272683713,-6.486249419951247,4.299371602507759,-3.674172770012057,-7.231066712556192,-5.11159340826139,-7.214245296791576,-5.855281103046376,2.0813843601818207,2.8770634783306286,-4.7808783799892955,2.082815505656124,-1.692279219178482,-3.7603399233180372,3.5041574571093586,-6.6886206780074815,-5.201815835573883,-4.716180712972805,-7.840391060247312,3.0372558229784703,-1.8121358647686914,4.178913889262357,0.347726036274138,-5.989266507902183,4.931247880183375,-1.9841519240746928,-4.602320905617817,3.6836295674245125,8.000686624766761,-4.73301869091033,-2.4439430574960053,2.875299271290005,-7.0971865341916995,-0.7588222157872082,-4.896417614639726,4.0099702608581635,-6.508124096857265,-3.6441129044942504,-2.019584384879785,-7.857717046754643,-1.1653763835178814,-4.304114448620539,-3.787589203519898,-6.029339234105487,-3.9209134779922095,-4.605978193763371,-1.480383407642144,-5.579043908326073,-6.193430724169791,-6.351455696215886,-6.317308491664349,-3.9488050503209244,-5.372191403052212,-7.938094324312087,-8.379542241512487,1.9162437448198864
5.83283588043885,7.796279324813308,5.359121823836207,4.6356894782204865,3.0208929901949926,0.12780508240262206,8.966925946687265,-4.86785678646782,-4.082321197122209,1.9751033171223678,0.27997227262125113,11.128474065423024,5.357979564240283,9.841568916301433,8.936096168784255,-0.4853504214595442,10.744888362208991,3.8696218768431176,7.693204715465426,2.3619606728407287,2.7749183750493676,11.855092710464836,9.650214593259847,6.48391739172533,1.6496363631807804,-0.9022491752935334,7.308578820085955,-2.246415966399067,1.2226401017733195,5.827302734163352,4.3978724099618995,7.79643438607056,3.0034820557700925,7.645518207258702,8.831881261017601,5.809774038741823,-3.3617488988256112,4.300425146772612,8.524037283895456,2.9583846249553347,9.91515893181231,5.701000803332118,3.3308572874367117,4.632246038230232,6.27145432254348,7.1231244301522505,6.050864422624973,-0.453723835653071,0.13883187293646343,1.0308047832893577,-3.1793967489544026,-1.3678216103179657,1.2936608454450726,8.43653222489393,4.609209016470867,-0.08612887337133257,-3.894030657835176,5.911051920559451,5.873494718453051,-1.8577289600651201,-3.549145711977351,3.5679905199493778,3.6550493507031185,3.1655053523603303,6.481184456665189,0.9050646241866946,-1.23243754410585,-3.5285122305860805,4.843941978850624,2.74443495483602,5.996147521287922,-0.8877283167620931,-1.1885754724044493,1.4681218124932556,-2.4691769308049625,5.452514090717617,4.425514076991809,8.342002771837027,-2.0609277758592373,3.6522639392255014,0.23406194734390287,-1.7878136830564535,-2.011800397013609,-0.3668081954321907,-5.2514276732055585,-4.340205728893393,5.883283236966777,3.193290313697328,4.644524406390169,8.413067334823001,-5.5439223661152575,3.252234286926641,1.2235802816626626,1.390689585619288,-2.3655949946661874,7.907751431506578,0.39853355540738217,2.7008593646330983,1.1733058088927137,5.526213370468502,-2.1931249186422233,3.010926546044214,8.202962956389106,-0.6110651533221306,-1.0319684653258956,0.2064704644173248,2.2200891133654768,4.288858660683204,8.27266508477895,1.3433649429398642,6.828543996998687,7.116737202432831,5.257875572724002,-4.033528645615549,6.707635811921429,6.344859487243096,3.700970269942046,7.032836978573763,-1.2560012696652059,-3.127744991777061,0.9529912287880089,6.256791806023234,-2.260063435605286,-6.550249800744094,1.0996172360780374,-4.6807063568470335,-3.5355980832841665,4.6304317181814065,4.472387333089853,-2.3742778810028873,8.172925193380268,4.431328605128746,-1.6147368523421846,3.9303235984636085,4.489997027177788,-1.394642266251654,10.318941353915896,-3.7167849328569615,6.062487156600386,-0.8601388601522346,-6.2935372638103075,-2.5380153589255077,-6.1258838725266305,-2.49714742385142,-3.087107617681861,-6.693570566348648,4.304946651105696,-3.55771014108472,-7.315801970283275,-5.074167168922448,-7.277532716630057,-5.876830187090908,2.0431602815025687,2.906728781377654,-5.0551879842584,2.084242510047489,-1.7803257300070099,-3.8774547820744774,3.366707479308505,-6.791272528475882,-5.32618538321007,-4.838555340377808,-7.95807605252562,2.9502410189191632,-1.6893197830418296,4.30369247580714,0.32763047011096724,-6.0914807647230305,5.148697241251127,-1.8933697195675296,-4.755372175290102,3.745842095965506,8.233864370325309,-4.92066731675598,-2.4866292302881163,3.0115443983258077,-7.22347000025407,-0.5681651814667812,-4.964951378474177,3.981330376693879,-6.717431004771118,-3.6889018278908177,-1.9499516007632869,-7.943399877900079,-1.1200966871777804,-4.187432631853267,-3.8486365572209977,-6.124407938421289,-3.879479718937933,-4.748662553480092,-1.3004421390087453,-5.779775476132468,-6.34220024705937,-6.523427624229313,-6.448947439519628,-3.784984758354617,-5.587586312699887,-8.0558446889414,-8.46572557225181,2.0633541307189467
5.493013833195774,7.50234761672107,4.907838580976977,4.963666869643534,3.1642319602154725,0.5471585742734337,8.751570026218058,-4.563886456817598,-3.985811861381912,2.208430500934779,0.7891811396293061,10.744161511860431,5.245573296112445,9.39337352908557,8.692481767346026,0.203801059382701,10.107078674243747,3.418378395916207,7.68060083314682,2.2207308470081104,3.0374357083023917,11.354408531846191,9.080265543788434,6.276004205241087,1.7654409790451973,-0.6287394215904265,7.183860734945523,-2.1893291484391555,1.1473873392382572,5.939212215507092,4.0966991063857465,7.622266957976063,3.19886554872124,7.578704756196845,8.743101572744676,6.036074548462556,-3.1762631651307056,4.333976613274388,8.453031658825545,3.037036583926856,9.507559486208141,5.824150074174869,3.4453019616932936,4.360482903884634,5.862677070932236,6.925106431561488,5.6658546660272,-0.6694879310065275,-0.07982506610982648,1.0789734239145314,-3.1627044691372292,-1.0570731362807533,0.9668787908811307,7.9747999328328865,4.643367461511755,0.27111036491820717,-3.507112911352239,5.4925661216548365,5.62826612100216,-2.0136947660138143,-3.70251033028385,3.9262324611362804,3.8530176147193176,3.350279077141513,6.663478306520995,0.9456624786070138,-1.28178769191399,-3.5188014369428653,4.856595778360872,2.732239840905997,5.727660500425274,-1.0830257054922763,-1.1716491836733491,1.3627483902680486,-2.2957502626570943,5.319386487356928,4.555584536325262,8.182759712430757,-2.096597526108395,3.2631238616312896,0.14785699862482107,-1.5318086838147162,-2.0047538937255935,-0.6382443539922116,-4.947739098019496,-4.158242957785045,5.400503103252946,3.4625848089115334,4.631880601155277,8.040507608885456,-5.2261572847222535,3.298107233280949,1.4078814729569173,1.2419891165053907,-2.192278740014424,7.633972958124316,0.12634764875654372,3.0354080898929263,1.181382131586011,5.186714535424015,-2.265148360317556,2.750590973808455,7.6905432551614785,-0.47242471000879427,-1.127106024287139,0.023902594477227986,1.8893885209290808,3.831042901245798,7.670461959426482,1.1884073871935932,6.341272022011559,6.595080050000145,5.049900367382927,-4.02154262080156,6.214287629815751,6.0403504222098885,3.1985389882403585,6.5577352859349505,-1.2107633660888788,-3.1917608273630544,0.6629328578542079,5.686908846574801,-2.070958361296161,-6.301148368151129,1.3227171232504287,-4.318650762401597,-3.494074240590039,4.2438029127131465,4.059980394044059,-2.2703673276613716,7.56754829115206,4.083200814759004,-1.786808191978596,3.63247290823424,4.636240379282832,-1.5435248644310897,9.90655868952145,-3.667138185371118,5.664966138801672,-0.6846563956925086,-6.114509951403874,-2.242603460808981,-6.100619216130976,-2.3472347124320256,-2.693301643777905,-6.384993526041229,4.28254567531685,-3.660723997629812,-7.0816732238183615,-5.02319798006217,-6.961205906041135,-5.457475886491334,2.1058594583317687,2.785756433009217,-4.74470357603399,1.714973835006117,-1.7011211210794999,-3.6113268277663098,3.4659650950143215,-6.612917362601208,-5.260821013962826,-4.538424998192253,-7.615422025051347,2.8752967171163197,-1.7226669614427312,4.124270110443704,0.16175384456619676,-5.884348194832248,4.825639445921909,-2.0731219369103244,-4.654322655204649,3.499667438781721,7.542876100761099,-4.7717539026713425,-2.3034981786428372,2.8544794232258144,-7.008085696894573,-0.5486216620410308,-4.701529928512193,3.8800923942220367,-6.465819846436364,-3.776787812180509,-1.7942852470554516,-7.772223902556305,-1.1123100146410978,-4.058566323343003,-3.8287290140583505,-5.874350662117589,-3.647153266163654,-4.345400426281807,-1.3229136312835892,-5.5510466348817955,-6.002972463807747,-6.39970961310251,-6.2605778072815745,-3.62925871105727,-5.543277468643137,-7.811913812333959,-8.171201211157939,1.8177166185979736
5.862021995370479,7.974584045882767,5.55794487387378,4.838970522253156,3.015663953072383,0.41206443111147595,9.198438992824448,-4.947507775688553,-4.140112481209582,2.1698139151526856,0.3816830726334121,11.453932063910319,5.765104807336204,10.054759054418037,9.003722220913735,-0.33927709640592285,11.067132404660438,4.029718918663977,8.021517295326513,2.7557028930101763,3.1221126471074316,12.268446580105662,9.875808603225464,6.943588677062631,1.6537170462913102,-0.8981866612362687,7.637002748725586,-2.352892265830668,1.1381834835681668,5.9722166284689795,4.4972427094931176,7.976800418813434,3.193524345614556,7.760483343790361,9.029725514413611,6.057552105020262,-3.317431903228736,4.623832061021982,8.710627863006955,3.156428366405252,10.072002319987545,5.752755449388825,3.379684085124613,4.835828392105338,6.435986528284804,7.061038800288626,5.894522968491765,-0.5023211202959262,-0.20033027119486366,1.1034157599537284,-3.5103019102764113,-1.39816325443459,1.2693354570038555,8.5337307119562,4.6403432959455335,0.027788222067078903,-4.081611600223637,6.081067400558034,6.041466080209357,-2.083912108005713,-3.713089838915384,3.7541509297552578,3.8607023141356227,3.2787213822178303,6.789500939645675,1.0035241316593118,-1.12859205535311,-3.6411411868636367,4.927484898025975,2.9023809902282145,6.211233537215952,-0.9799961014803803,-1.2590468189472657,1.4698574357965617,-2.5410526028874605,5.633623335712804,4.690411603278765,8.733297782327039,-2.1111882916343463,3.6867893992885534,0.26154647748111254,-1.820222891911563,-1.9269676403742702,-0.48238681698632263,-5.475659292495816,-4.452781772715728,6.004689405142655,3.328807806927898,5.063153037970296,8.403296120841288,-5.724583293310012,3.3427672261998294,1.3085643153661284,1.5250458067847477,-2.4775878222014036,8.049076911152985,0.3071272062841466,3.002057084522354,1.307188073117514,5.8237664158951885,-2.3707528402175004,2.9936916790961434,8.394906984281606,-0.3495770939223547,-1.0963912768509527,0.38805581182466525,2.071885749437408,4.589903105248359,8.565681048067539,1.37129933496402,7.198030011989877,7.51316630421195,5.590977000505614,-4.214102527713467,6.9046179768048574,6.541317039709074,3.6845261267392933,7.262918804060349,-1.1600546329623571,-3.414719809535945,0.7015823912305552,6.262391600556867,-2.3749617010394304,-6.7937986012945535,1.238117249996321,-4.744133019171428,-3.6658020703968135,4.663804664453278,4.45377694052114,-2.56244367600745,8.267506757339858,4.640076776191174,-1.7162917467366021,3.9462625684848205,4.661633460544605,-1.6343969243679062,10.670232369711403,-3.7803765227033277,6.074866287569289,-0.8239752509274938,-6.501164900890857,-2.461405112928954,-6.327815674242658,-2.386225043377771,-3.1104633881899004,-6.795375850805921,4.282941742417498,-3.6699632504458024,-7.596509461650016,-5.317311745354636,-7.570864520178252,-5.974559622973822,2.065561446176466,3.108048295615067,-5.095921280508493,2.222721345353104,-1.6430190669227291,-3.960400191935411,3.6350893780831828,-7.091599437186799,-5.450111368611419,-5.036221623573544,-8.280520773086979,3.169943195983549,-1.730887150235765,4.3026949691069944,0.3601570806507194,-6.325020323397508,5.113576399177774,-1.984317315453121,-4.835532024559183,3.809280618130564,8.284731554384452,-5.145102436921426,-2.5664549427544494,2.7868463224396254,-7.483463075312908,-0.6034911130234574,-5.28455929248119,4.119903178716499,-6.945662119275513,-3.7997524008919443,-2.0350184190016245,-8.228255350993832,-1.1384878944262478,-4.473214439412997,-4.042198265954113,-6.344333971193795,-3.9456675727919066,-4.930746816318086,-1.5514181027480705,-5.81917689343523,-6.504783845056683,-6.680147463279665,-6.634847937177122,-3.902443284873237,-5.711259554346324,-8.324449017807174,-8.775171518943537,2.042445550385442
5.959077045163101,7.6959808029803956,5.751882233059408,4.086576904062233,2.766114892421331,0.0009562153668413058,8.435642429889148,-4.540571940619938,-3.7920181978002443,1.5783958740853743,-0.026352989562471913,10.533346528522218,4.855106309780732,9.763314084803971,8.295395671252837,-0.7383129498442974,10.851146385716554,4.098841207563136,7.435850066291945,2.7775167283136026,2.3154657540170094,11.667608701136182,9.659778412403027,6.411658320834257,1.5218842329563376,-1.2730502364483072,6.885107363631631,-2.1950704814270736,1.2489852754278672,5.600290340774339,4.447084065587462,7.472985334913551,2.916190926156662,7.15056644233798,8.298087276658963,5.285085092656697,-2.978497099958905,4.080187481101356,8.09178483721279,2.850970012283309,9.800393756685072,4.942185641980735,3.0644781733521524,4.687680335834696,6.6463844530142175,6.649785366637352,5.814456618001638,-0.39278281150485905,-0.1025523991436148,1.053724758033968,-3.1587130124990974,-1.60934875315989,1.724030996741308,8.40021419177744,4.244567419227137,-0.6611268920208083,-4.217378872304464,5.605953839775854,5.8348199296448175,-1.673107285939413,-3.472843356986272,3.155976247755267,3.4496129708762213,2.637584032220931,5.970531427816555,0.6600845075199188,-1.4402930217743457,-3.3910096668448144,5.0213329791438195,2.6097675203453257,5.7216675651283735,-0.6770752515613918,-1.2072201769319022,2.0138117984408543,-2.509420100529835,5.546742543267748,4.14542516397914,7.789723293517817,-1.6819331325712616,4.250622087132434,0.18916991519700213,-1.8821259080604793,-1.7610484950896363,0.052928978668089,-5.177706995886919,-4.092037972274934,6.023095193770952,3.0358324239038077,4.484319277085517,7.769996547552218,-5.484538583181654,3.1184272231069747,0.8614910936275678,1.233748710907529,-2.353581709277998,7.51991891049987,0.5785539637625979,2.17040572078082,1.0077254503056734,5.61292754548048,-1.5743049163777887,3.2282372599371825,8.418029571978659,-0.7554015012155291,-0.9760756120818103,0.5922862816917261,2.3539362790243863,4.6870493344039295,8.367386025530823,1.3621354268004662,6.726791448969784,7.193785916148709,4.8998729604211375,-4.122128495881705,6.538062023457923,6.005096997210574,4.160834464661225,7.137595215942772,-1.0209479923422593,-3.0652010438923933,1.0040107450386924,6.437722285262867,-2.3011293921437055,-6.398984587021688,1.008539932081284,-4.525869781203518,-3.509615079403996,5.047091717316669,4.331898711165353,-2.2679178401038294,8.306669984225074,4.417918691931079,-1.387115522460792,3.7855933642740456,4.0570513791371345,-1.206482045883461,10.001977549207508,-3.6383146238551403,5.830435234091854,-0.7595860313732515,-5.950481929351404,-2.452233670843267,-5.935122149194737,-2.0828675908365977,-2.929177830322729,-6.519153837671774,3.831098332231509,-3.0461844396803905,-7.15779725709072,-4.8037955176514355,-7.314191129848503,-6.071756247462142,1.7471839706885786,3.2730925966615514,-4.825415852200153,2.2420913570551186,-1.76513259136341,-3.7730108751149842,3.0923283782916453,-6.732724738255398,-5.121265563623336,-4.749140992197389,-7.783935119524776,2.63661735593036,-1.9062478604227817,4.230493070429348,0.3816097695044115,-5.953537824917302,5.058660934413626,-1.502110732152079,-4.623551761917873,3.531605602135289,8.435988469914797,-4.871423847724048,-2.531447249915421,3.001959869720433,-7.1673081581719735,-0.6509399301868739,-5.159076894896702,3.942216961696474,-6.481199696804726,-3.527695560509743,-1.8725454283272804,-7.600722757818126,-1.2972149180012047,-4.238600202900264,-3.684389144731471,-5.94716370329436,-3.801128679718179,-4.7756199380719755,-1.097963353183333,-5.56265800879465,-6.2737647299533075,-6.234660506008183,-6.16919329830863,-3.8855092030304434,-5.377085109209935,-7.796004288592826,-8.37216092472928,2.245302786050364
5.792435599127684,7.871489550851613,5.621391398409943,4.607155952827769,2.8826870607623625,0.14870811614350798,8.978813211849648,-4.890956011628409,-4.040228547351228,1.9684410598721294,0.17951852011081687,11.230784904101514,5.528318947996547,9.941756050147497,8.878772519890244,-0.5320389647203695,10.985495963978908,4.149352586728997,7.742146930489058,2.7170024772571395,2.8743276256226813,12.144638859015213,9.845028333281723,6.837429881045695,1.6459258748840355,-1.0492541595984468,7.387144240260099,-2.292127569604571,1.218238147589205,5.686969524822428,4.453590689077033,7.738965494411216,3.155619887478097,7.538101621275793,8.819836733279711,5.751499110942699,-3.261753487184164,4.509710019349316,8.548990887450621,2.986720513890367,9.964133876973388,5.465331662861575,3.2673834650598934,4.846826363611086,6.527385361128197,7.025186257074145,5.931992669146556,-0.42200737188967485,0.035104989365430474,1.025453482265328,-3.185353889346713,-1.394711676431414,1.4677570620370821,8.483194822631456,4.573550596145112,-0.21638314703512873,-4.195947610803807,6.154379229017107,6.057836298105155,-1.8878767161088514,-3.618234821758332,3.4950188893401704,3.7032911733968867,3.1637265496790303,6.543686554488426,1.0458539247235283,-1.1703407994572206,-3.552629213720276,4.800592943106924,2.880261925465158,6.154120350906986,-0.9743229035952768,-1.2418653561057442,1.5608134390044537,-2.545762815165857,5.548961588360382,4.542738829789382,8.514093456552791,-2.03943505600736,3.797615307598628,0.27442837227841804,-1.8103695405224665,-2.0235977641991827,-0.3517557534043617,-5.4947742464784035,-4.248896724982247,6.055898695928386,3.1263337558129387,4.878367121692213,8.37037512841266,-5.545672883619369,3.331103076477369,1.0836738217009607,1.391552929336471,-2.427754864131226,7.9907223770424896,0.4426558136124324,2.7444903894909034,1.2566080234880943,5.777817502979855,-2.142879336062867,3.077529000649668,8.40382508281674,-0.5425081415913366,-1.1457053320184327,0.4928519650458694,2.2604525656546,4.646283697614865,8.596307556179438,1.2773977231497136,7.192204560481491,7.464853875180766,5.431213103490809,-4.103785648370303,6.843917592309316,6.488440142511742,3.8640593506787826,7.242119559297479,-1.1657132318714103,-3.1396088977382095,0.7675113590077473,6.306116013644971,-2.363436966374823,-6.750056189296238,1.0943520237548665,-4.634290162268931,-3.635799512409839,4.81082988811196,4.482879041644086,-2.4094638128017145,8.349541973922758,4.635821336352461,-1.6015551721993642,3.978448334710469,4.565800031474528,-1.4602896440683064,10.577141381092034,-3.772511208680672,6.021418004112241,-0.7267452625443147,-6.446607101879462,-2.542020195389683,-6.3213231987143885,-2.378917945357812,-3.0793782609058056,-6.730002352142862,4.089693128295791,-3.5208376184625925,-7.5389655928507615,-5.189447007853418,-7.53862392397228,-5.956379565584241,1.9633021090427607,3.1446089952139697,-5.094924437978413,2.30355431474012,-1.7012540330646007,-3.935012481831686,3.4995819867141917,-7.073704341682229,-5.517656259781043,-5.056909265570443,-8.242551122455797,3.1117041325010217,-1.7448061677200957,4.184868865826675,0.2900717031226983,-6.2863070248587185,5.111110443389822,-1.8353998952487065,-4.810660953548924,3.727216682586412,8.342505138133776,-5.1124931786872905,-2.6640276265184464,2.887793553869781,-7.5383597152130895,-0.38506923941934185,-5.229916956637194,3.9349864213412733,-6.861417311007412,-3.838021053493661,-2.087532922831659,-8.16509602222873,-1.1026127954269191,-4.241457738394291,-4.043919854343614,-6.351673408223235,-3.8026091960203643,-5.059907910935454,-1.2633886149807136,-5.904343166373065,-6.489420559726825,-6.6086096888706125,-6.516433311273274,-3.711790938840364,-5.674349601155712,-8.260194246010988,-8.752237377817668,2.126499373474267
5.8819431267437094,8.355951826629772,5.797075372690356,4.739866005368135,2.7443715608353587,0.1914648061781353,9.174384015248155,-5.166798286852059,-4.271083561846782,1.896616519276064,0.18327198023515323,11.785301881972329,5.886031701516946,10.339085913666963,9.29150734770608,-0.6122325057544715,11.451595546255987,4.373244659258309,7.890831226545217,2.7775915339130766,2.9064065326070225,12.727922815511297,10.256133775591506,7.176094085397651,1.950398596470008,-0.9558056793478938,7.8768178006251635,-2.3651945441078515,1.4278497172527893,5.902124598745899,4.71779532098437,7.915198801669527,3.3427186283790338,7.666047308185786,9.37504863043912,5.899200372331644,-3.3510696911778655,4.949918287322034,9.071010631865924,3.050041997810246,10.395630006985542,5.694583732549685,3.148418742249615,5.290489036793086,6.754395718228707,7.302205049904312,6.1547419572284126,-0.3133089289127864,-0.14163808328984204,1.188297043478285,-3.3620187429920105,-1.3526483016449118,1.46260933111666,8.770012264539048,4.79883157376962,-0.2521073527371699,-4.477477278726925,6.573690014645548,6.465778545235152,-2.1344910891282485,-3.7309018666374993,3.545324609266458,4.026404820006954,3.4934275099339156,6.969980745174297,1.2614753611904157,-0.9570736225899988,-3.816333242978705,5.044172875348594,3.282695284559323,6.650880675533967,-0.8804443814883982,-1.2424871303508116,1.5787835036606237,-2.6986238887940637,5.739638522398091,4.960414576042113,9.031631887685293,-2.0582134337912974,3.8411311348421218,0.49346283665876955,-1.8382833749594254,-2.093677468635868,-0.3252615097127296,-5.821657544227965,-4.445771357346368,6.528215327874391,3.294948557360239,5.165058512529481,8.760227550143,-5.799292347943684,3.7214459383134058,1.3190919605247875,1.511957637383778,-2.4998236267912586,8.489953108000584,0.7117422986314011,2.894811481149031,1.3660551512763508,5.935667628181115,-2.247356222895051,3.288944493039111,8.841133774455479,-0.5054113417344908,-1.1892545500790452,0.36820889508675597,2.481039307606094,4.85090319993327,9.00181500469146,1.5437770181555786,7.55220195591921,7.83538418137887,5.699987066420305,-4.186876860055886,7.206916557383504,6.9110405733449,3.8658468205302094,7.7415489477761685,-1.1885421899656023,-3.230927087996824,0.628710954211504,6.690361582010531,-2.425309325697997,-7.207003568223404,0.997611021532985,-4.839983525921353,-3.767332890521497,4.936866454852694,4.800707397063221,-2.4655131182290475,8.758943707780903,4.954837559701759,-1.5784331911788698,4.357310026174293,4.737646797119032,-1.4195674339008395,11.145683344634744,-3.838494046681313,6.398503627902962,-0.6843240474025238,-6.782250294196539,-2.722425196050202,-6.581765276817745,-2.479133836156564,-3.2444007707764957,-7.0227133195405,4.174765908992182,-3.7087030642608165,-7.9655357738392905,-5.398476173949675,-7.944944410325382,-6.1804671399733495,2.0585097822413863,3.3669786243173494,-5.421792429498285,2.4119509715334355,-1.7835031433520818,-4.138625774142416,3.5227927444586404,-7.611964148288758,-5.79341807347946,-5.411066347716196,-8.750096062590467,3.274686611721996,-1.8411516893407562,4.374642293729477,0.4222826074054257,-6.674598673160041,5.588338686573673,-1.803375196699788,-5.030472715135412,4.081209601792548,8.755149820317438,-5.346117795896801,-2.751055470022847,2.839053568998671,-7.92919189291935,-0.6080348927602485,-5.465065848238811,4.1143384639989335,-7.226607111234695,-4.036815803002367,-2.2618757744930322,-8.737217753593873,-1.289074351986145,-4.641288790513002,-4.271838898571406,-6.58375572757412,-4.203764982322428,-5.381983535576265,-1.5443642637372783,-6.152186369131927,-6.835812092590628,-6.876867447704578,-6.8810981040967505,-3.948973683895602,-6.019683027401513,-8.752218661767806,-9.30139020140511,2.3812643581620723
5.427057616465338,6.306411440696606,4.462162460620817,4.751998995248754,3.5453034258459306,0.7659606608273518,8.06129632133969,-3.6631809491934564,-3.35026019485835,2.6289694529540504,1.0294364128802065,9.350315355831842,4.565222214927054,8.552416819726176,7.466413972135805,0.4916099128798668,9.106019743425088,2.8808992687447788,7.488838130523899,2.1265443840130307,2.919402121105335,9.81604195383397,8.052182321286459,5.389184959578129,1.148937130643379,-0.716465906640643,5.999887109927894,-2.055565489333185,0.8315255608723845,5.744940726958445,3.5376679761883048,7.365105008449146,2.591755008124248,7.324370456435686,7.348065886787492,5.816595817974604,-2.782871248817409,3.3108818266730276,7.0724370404916845,3.21760830260828,8.319773631689701,5.299185574761838,3.794275720770698,3.2230231193900054,5.0222118571540735,5.83784021311576,4.727035407190541,-0.8778942501833852,-0.24177623622972666,0.8301464536596916,-3.1630388285601376,-1.3224180658803617,0.8682773819260156,7.337817184782458,3.903116480363055,0.5469147607931925,-2.910083544274682,4.284157094608657,4.594547600047968,-1.7367277991424153,-3.1148312243062186,3.97256826998379,3.0843212807227705,2.6019803464309734,5.655129864674585,0.31429503541249,-1.455503821012204,-3.043798809986755,4.545114380159952,1.8198498059395614,4.568542904696985,-1.125629680784797,-1.2944087924784031,1.4002769161261264,-1.9433063262549184,4.956867374439171,3.7591199896559053,6.960460548677542,-2.3914661079334207,3.110362184332335,-0.07028355913170353,-1.571083635746713,-1.2691632759135112,-0.56994811446543,-4.344054464230861,-3.8682173759027663,4.244896451032126,3.4087454400736967,3.8870248218139327,6.736410991293347,-4.844042205829279,2.4177296380419757,1.1735258420337347,1.2390495041051015,-2.0984820751631887,6.1222188617286815,-0.18397309816706373,2.7413547540982774,0.9389765606507914,4.879861810110492,-2.10007412446515,2.426619895410488,6.5507325381372015,-0.17067654180741126,-0.6895392292008767,0.014738251849529031,1.097047821615374,3.456127388752096,6.6705241656655385,0.9213506985208083,5.148288111564488,5.617726104114586,4.410493751067315,-3.697476432828555,5.222156714829059,5.03652544256972,3.0038616645300813,5.384733867412213,-0.7748285714141304,-3.031042308372512,0.7300744912713868,4.688969491597573,-1.6604219048303108,-5.074915409305556,1.4279996147907743,-3.8261650201150705,-2.9697354439895998,3.8352442315697477,2.96398354313349,-2.3043734019269593,6.206652011382269,3.220692036603841,-1.6429792411525097,2.768005187576041,3.820877932012829,-1.7782491494191586,8.442146100944006,-2.949373775185984,4.77462174165751,-0.8877890784577276,-5.012249573584077,-1.6919434981638137,-4.869349543321222,-2.202893344764238,-2.1290164986948232,-5.388936408879574,3.945483024754035,-3.4597046799241262,-5.878060720153315,-4.508375510315133,-5.853054254575178,-5.059306956751954,1.7464737141437805,2.3567114507754936,-3.652710367301635,1.4184891775106316,-1.6258436611881835,-3.0171380369589023,3.267559705573337,-5.297946807278406,-4.057407543538329,-3.6264834143206386,-6.483340300678496,2.295355708476761,-1.4936359211109325,3.588980596591704,0.28885185584968726,-4.7643357558332005,3.8642826213551102,-2.0867197015940455,-3.732378808760777,2.832305904746516,6.5267087198825715,-3.7861892816440834,-1.9691603133795785,2.948016179775987,-5.827395647028147,-0.9276707905049467,-3.9891668923015655,3.731683763499228,-5.456573955499025,-2.7386676387000843,-1.590897366611666,-6.414982396842657,-1.1055284968274528,-3.4391038037346533,-3.083741867881655,-4.953372044921135,-3.2897869083264966,-3.4478417421272614,-1.442106174040408,-4.45406184628873,-4.906810362050583,-5.283461747651622,-5.120197654283655,-3.5488598456360374,-4.459499698517353,-6.491429143084665,-6.74169025690909,1.2396168625813193
5.579949660536405,6.573759902792364,4.592339215582351,4.5874251457304895,3.3266370023699636,0.4076478988293005,8.63601375668485,-4.282357469177686,-3.5614520356271373,2.541889128485676,0.6677475739622449,10.194784779268682,5.153781030788103,8.935152743013116,8.13591823986088,0.018534925372989255,9.703931121471902,3.1842963814288043,7.689500067050968,2.181410630294225,2.935069836794739,10.60280779995353,8.542531112597139,5.979348486032441,1.3403089814192553,-0.6446421900012913,6.574490373009835,-2.05446379897456,0.9120806217922149,5.749234983587569,3.820916137348095,7.677386225473268,2.3813902229985753,7.6440676312327565,7.9576493446451355,5.927664124259553,-3.1020497108873215,3.558415396506968,7.486461574889732,3.0959032383621174,8.803186373306676,5.625504204960539,3.73368914919108,3.654947810683711,5.206712530705236,6.345450113076211,5.207965146599186,-0.8548505132955312,-0.09653542710818841,0.9145468505188479,-3.202294507133785,-1.1899031378625144,1.0013828859151452,7.677313953347417,4.244781199492641,0.5140423672942721,-3.1013720492696453,4.93863025441165,5.038697252987177,-1.7390669761012203,-3.2156857496334026,3.7894148106986973,3.154709793740841,2.716613916352331,5.81692616632402,0.49924700017971246,-1.2631728518379377,-3.2045604316057235,4.464297617132631,1.9846008571269802,5.161068309429336,-1.1677527722447525,-1.2647895150790474,1.304804744166288,-2.0401423981130673,5.102394839351301,4.0338564563643535,7.504894039989736,-2.2151359889235462,3.1557344944363876,-0.013235461315554989,-1.5768339949047834,-1.3158049153242175,-0.6130183823990222,-4.59756640778698,-4.119890204700971,4.837446550568708,3.252464660876391,4.233423805569261,7.314281247818562,-5.027980381919311,2.6798941023878986,1.0990043212988383,1.5440966538143612,-2.2400461760164867,6.77494925047771,-0.07435457043611267,2.7300985071786923,0.9877298605417059,5.20287898018679,-2.287788765630139,2.4632027685889595,7.055834159566248,-0.22257001546258437,-0.8809468564316203,-0.09849939536664229,1.381815851605859,3.7635870303864745,7.257282928198118,0.9120585533771951,5.842263336334043,6.245953624262621,4.9085421981485435,-3.8411506484502786,5.815558573228914,5.557279772624903,3.077705141949576,5.846424763232443,-0.952027233627291,-3.226682912776954,0.82203985989095,5.059494141383687,-1.8968166707727936,-5.588496420875999,1.4494071885411457,-4.121230155152566,-3.1893277281712593,3.956574150777741,3.4793834409285,-2.527763369361195,6.792366221211947,3.6575411772888784,-1.8152982725910694,3.194993742226721,3.822882867465201,-1.7294555501251114,9.157761308297319,-3.116887019764395,5.195357195914155,-1.018515431498065,-5.509149509200714,-1.892748348023476,-5.228773661726664,-2.382538466047489,-2.567002360827956,-5.780811318884559,4.175268064693434,-3.5563213318945524,-6.3380408870934595,-4.70588698329507,-6.281047529462011,-5.318109147082307,2.053042536613741,2.3650686504524727,-4.165988151535783,1.655613238022683,-1.5630716651942793,-3.2008619935536538,3.2852700918554967,-5.707858589068994,-4.607888699128724,-3.962618740604324,-6.937440413991003,2.594632812014704,-1.5161208392190761,3.849365004692771,0.4470471135057995,-5.3476225830512005,4.177272277609039,-2.08478327799029,-4.020034687758897,3.297322088318102,7.02319767002469,-4.17725819605751,-2.154479925442419,2.867765037439486,-6.253366242367438,-0.6580310557371144,-4.28165333963055,4.042711951344727,-5.842164151501889,-2.9452995305433447,-1.6910824215662492,-6.87797310000438,-1.0131517693771204,-3.570334038092908,-3.4436931617979427,-5.430860429606707,-3.2897755862189637,-3.83309515059365,-1.4471012895122481,-4.833829926553437,-5.433380190469609,-5.708993709307899,-5.545888454935657,-3.681052393177641,-4.773824537145313,-7.0053626293119535,-7.291304725529474,1.299576661714252
5.647160236608595,8.024773063675442,5.0743306131128785,4.98744464069037,2.9080857813504872,0.3748294897405991,8.95670095418119,-4.957221875190769,-4.217381013260338,2.059346622911576,0.6359709601125934,11.449766613283543,5.691758518634052,9.785171567028343,9.187784223160184,-0.09014890701049398,10.60848083336443,3.7352611059768166,7.653589733908979,2.245176220222423,3.0173224650939767,11.944583472614745,9.54541004197123,6.592546238279702,1.941168039460698,-0.7223973575732797,7.710197206858951,-2.2695666448137746,1.1566809943943024,6.000479439404836,4.387460151273713,7.676556235213445,3.3365698626993705,7.63270917108549,9.2418042903327,6.090764960209045,-3.347959118987417,4.791913846828279,8.933062188271855,2.9718531852342855,9.897237598268896,6.000517186991657,3.2072166145173453,4.900230403000732,6.1370722244803995,7.235132731565104,6.020514509165094,-0.4319544289540371,-0.060566165600732205,1.025583505483407,-3.300060508839377,-1.2001197458657769,1.0571995419298772,8.247920215654112,4.820357603411077,0.18805430167466114,-3.791410582327206,6.151036520625615,6.062043306640555,-2.1323848407871173,-3.617469942115068,3.7523222565928993,4.06729944234022,3.6970667288210852,7.05814509318142,1.1358550611806748,-1.0064960819855786,-3.6788801722423887,4.9078777080457545,3.133539266148402,6.2781342939009015,-0.9721538939222109,-1.0676743920917995,1.1851195249762763,-2.4442859647146626,5.446173811942427,4.770244842620502,8.800361269960568,-2.0427386354939676,3.251723073439324,0.3447481931090206,-1.6280472390109253,-2.149032593791217,-0.6906245610227078,-5.218665762469979,-4.489425405041499,5.965692295046959,3.505804348427988,5.013868898448404,8.6386925961424,-5.605231735004192,3.5051364742502993,1.5346487624490406,1.3653238092269853,-2.2460139042729734,8.243176756983917,0.37344571488831557,3.07418558939241,1.1594804062265323,5.346588935020273,-2.5144922647814907,2.9271899791458895,8.148046249234685,-0.5469726753009798,-1.2131605852150031,-0.018211016084460473,2.1868243327268497,4.06657691469321,8.271492187988642,1.2935843710315131,6.920143448818843,7.101931402310862,5.354098318740436,-4.048080859088895,6.719376337718359,6.594537044068518,3.239680903090728,7.162059572940308,-1.2742058658695028,-3.2611556633373873,0.6413152252579192,6.20403306787202,-2.2094789860961863,-6.737602237849228,1.2158857672515861,-4.734282045600891,-3.5427853661590074,4.318567454892492,4.588733229691352,-2.2903523052623393,8.076940559120635,4.415568324046116,-1.7753158994689098,4.022291744161036,4.857083831081552,-1.5547563760684195,10.555299010899756,-3.6920595967360015,6.132807030864309,-0.7296364877685687,-6.490789978664943,-2.567697245965679,-6.3597255951394756,-2.457323300584676,-2.9763820112149313,-6.758781258849737,4.393360950292739,-3.633259942308709,-7.523034121893692,-5.24938563671349,-7.360881485402957,-5.784312730291809,2.0174143796473065,3.017322087540206,-5.090216040729908,1.8818670376101891,-1.6106889831208104,-3.9292478150521206,3.4128353820791832,-7.024361367363641,-5.42714580138245,-4.916677381962254,-8.122493447986386,3.0911337284732774,-1.6487020890286863,4.2979305839817865,0.35276074265265034,-6.2333038236448495,5.288004364304565,-2.172311605023401,-4.80343553079412,3.796028880557387,8.035947217060118,-4.994952847769462,-2.4063479976514675,2.721890346597899,-7.438665256511465,-0.6203486286527846,-5.006005341773882,4.048354819255989,-6.844488270409537,-3.916078125640783,-1.8454857294792957,-8.263404514672128,-1.2503025173308357,-4.341225667168282,-4.007963560313897,-6.174150910618382,-4.0481775562806375,-4.780662804964416,-1.5921727997607729,-5.860807898715542,-6.337108717895327,-6.660167267775444,-6.613185707370915,-3.7389013237303472,-5.885076611513032,-8.314258374396225,-8.663386081064,2.0693616310399805
5.9430797544108,6.871289226086419,5.180557002025926,4.594864255866159,3.6024235933527398,0.40357235263175173,8.952594536707283,-4.317115812880945,-3.6882569941427636,2.589246444877631,0.5193214792652632,10.260121187760106,5.084137373971491,9.503082347837672,8.165277079285497,-0.1710345209362896,10.28420567314189,3.414672506216367,8.233444155810764,2.57154475471557,3.112900436313863,11.108988017043808,9.088194813440758,6.155824926633113,1.1328065173131387,-0.8237691777197177,6.582545037899833,-2.276601103500635,0.933672409562963,6.049781288550249,3.8800119826328365,8.05387421939694,2.3743809008900305,7.870806977971381,7.82752156285076,5.901695740338322,-3.2352153650133544,3.395549474631203,7.5533813136194325,3.3476479544168787,9.372119162075474,5.612299815344236,4.077153425948217,3.548829337967075,5.6181549330243685,6.514645513361916,5.479836252120328,-1.0179547125118635,0.01996687588043587,1.0494397713643102,-3.2904105279324334,-1.456100822701494,1.0866205991483278,8.251379560428209,4.176900061154606,0.36475683577324286,-3.394465678239704,4.86349275512344,5.135701690958768,-1.7045990030186988,-3.470644600989115,3.900715056647091,2.9350171772227047,2.3604338976448065,5.690710572500273,0.39255560669131184,-1.4767681524948228,-3.2390374999143345,4.750831195919903,1.7297331640630167,4.992917560220884,-1.1553489766913136,-1.374659715240167,1.6573957871163352,-2.297066742262162,5.201070097663758,3.959509340329566,7.432377561582297,-2.389015207601838,3.6499646805183805,-0.2337309288361411,-1.7362793567970578,-1.5829781089411195,-0.3109121514379654,-4.792462936646231,-4.095253740978106,4.828324733909503,3.270723598192616,4.253483913665307,7.349991401728399,-5.235507527957558,2.665633757924519,0.893956080425515,1.61893226030817,-2.487422512900602,6.670006798964992,-0.16458840358900573,2.637772442189888,0.9258221095816688,5.734971472348865,-2.0670781885726783,2.5868307856618524,7.549131214293804,-0.24026955693489754,-0.8177057156034232,0.318399846768803,1.4022372657405846,4.243213370597244,7.529411012624177,1.0333288178520788,6.064652534557667,6.634723369457445,5.166895360400582,-4.142607811866651,6.129861561145223,5.402062771294527,3.7343287602134057,6.040332209091707,-1.0926971792689923,-3.270408839591519,0.9389492636255921,5.490426575468115,-2.0618349389034436,-5.643039898916251,1.550046478265509,-4.229374401426413,-3.433849424661044,4.450814424959542,3.5008690414006183,-2.6023865944921085,7.209905662029397,3.853385236403597,-1.7053724105947488,3.210296055790851,3.8775763215269,-1.6896167384791598,9.29797437650289,-3.42210091512596,5.353209680875092,-1.2930433456367325,-5.636278055301615,-1.8265766418441651,-5.566571009522819,-2.3474816547986723,-2.6139890574421134,-6.055600828535406,4.205632365075365,-3.772785232485391,-6.576720154318913,-4.852246317983429,-6.5506155336807765,-5.67835830518938,2.126740949548996,2.515811811041976,-4.274021966854851,1.9037037258601885,-1.915776353887439,-3.1979467735246727,3.5441767353620772,-5.857707579277953,-4.752167527404416,-4.120122615425051,-7.1333569736834574,2.6654160328829852,-1.6879119484201923,3.975266188889307,0.06082387120880775,-5.4511190044261575,4.106845815417396,-2.017525518965917,-4.344198587086465,3.240415728263822,7.513114356363768,-4.442220688779126,-2.170560604062429,3.192644621406477,-6.468786507988407,-0.7600079876839634,-4.575592297906069,3.78314778727177,-6.023676308015634,-3.3465064046978057,-1.8818795323371167,-7.043416464452932,-1.078484711772431,-3.8053640944381977,-3.5113448351139867,-5.675196533285778,-3.494891358726163,-3.966833986510292,-1.3186947754761218,-5.0697217117294695,-5.644850887640718,-5.934672438114536,-5.762833293383407,-3.8404527397640216,-4.88056058919978,-7.131628075174231,-7.555162481897979,1.3732845902927802
5.664840026328178,7.360793910630295,5.092926900443437,5.276773556224754,3.3609208702617823,0.6036903221682723,9.188194405208243,-4.626708015259787,-3.884165237012018,2.694868146476228,0.9283905785969246,11.146758867555116,5.7102352883284615,9.515016736315669,8.769578474448632,0.27004977147581605,10.43053756957399,3.5256964788265313,8.085333164605766,2.5494864265865678,3.402188890589922,11.5948198805375,9.216200145822954,6.608337755572424,1.558294708843179,-0.6080148026531872,7.29132772493522,-2.452063811009216,0.9793907523268501,5.95134009501743,4.219320373389489,8.073590489687366,3.1902977833018853,8.02421334598295,8.849128780817816,6.420631553361683,-3.325915725021274,4.347559972494538,8.420134621938804,3.2703056665200507,9.447657629423308,5.993088010273775,3.6765324396213352,4.37547066936566,5.93530611454068,6.848540258026762,5.439344651846494,-0.774181921905569,-0.23107156238845983,0.8419448466325983,-3.5573429942047032,-1.1975411647113114,1.0597486360559576,8.20206101036522,4.645468345359217,0.5199151894381352,-3.667682753405786,5.636388660948056,5.566822146157991,-2.074111389962296,-3.5721083637425357,4.232063655012989,3.9687270077910344,3.4267754692763863,6.841237048275256,0.8203200875219222,-1.2236050435127777,-3.5950330291668697,4.7201481126407545,2.653604008698414,5.8901858955565025,-1.2970002122685291,-1.4139146875611464,1.3161919118511465,-2.4107643026299197,5.583786431062178,4.599581595264204,8.50291102804982,-2.3878635136568978,3.28961744462911,0.1589468813303309,-1.7051012079182786,-1.5437950554627147,-0.8030199899383134,-5.2996439627554475,-4.450411336891051,5.42167331887502,3.4426590413523903,4.8437309173035565,8.203026025047858,-5.3949041247460645,3.1456044053699896,1.452318800579737,1.5320478998386318,-2.282302665981327,7.696379948059968,0.0828331816417183,3.3350932073401123,1.2904516647222115,5.539590918460463,-2.611636368858373,2.796837137468647,7.653279847054987,-0.17614068514467032,-1.129583128224274,0.033532652073059575,1.5710890058382327,4.075280466494602,7.991939195231773,1.1528982552211646,6.632514588777386,6.89090208736295,5.41713228585787,-4.084999103354311,6.309047021906253,6.2189539550371595,3.169342451762909,6.550304415842341,-0.9532665770269412,-3.5075099422144844,0.5685494837381168,5.416055802904897,-2.1015984296470887,-6.39650189212193,1.5704993272173182,-4.623350068573896,-3.4928784829287594,4.219343957092706,3.846714383536785,-2.6475325405306114,7.478588984539085,4.164813901198546,-1.9078432742690594,3.5667489111395505,4.67682604700164,-1.8362844546313335,10.215581179366255,-3.5258381661777944,5.687022617540916,-0.7041043088946676,-6.198959063464327,-2.229339745679155,-5.908347821418841,-2.267828114105101,-2.8413426526499403,-6.32310637434978,4.38644601744333,-3.9474034664931645,-7.185930076181602,-5.219150990819452,-7.142651242777046,-5.517188560399116,2.03121073989802,2.72404191192222,-4.752176692617423,1.9445583124065502,-1.6337269041456128,-3.7383092066659143,3.7067200362485515,-6.715593938162093,-5.041179358528413,-4.700012182072002,-7.915914157103918,3.0456903645657856,-1.6594415183406428,3.8908294668051835,0.5089794266215223,-5.905539419009353,4.752555992931672,-2.4015973722589945,-4.3369578466728225,3.7031152812872756,7.5424183808402505,-4.69109013430506,-2.607425004683925,2.8388837824218442,-7.034887825322709,-0.6234734656494025,-4.835810967171248,4.311767948042792,-6.52501110513785,-3.3555844782881556,-2.0068485022885123,-7.943840049502331,-1.2637371160194717,-4.003649075296617,-3.8364792565126513,-6.005944921840058,-3.6897079793645227,-4.551976220981089,-1.7248222190015776,-5.381509357682494,-6.138994986776488,-6.299255368879548,-6.161488295463507,-3.7896966813297572,-5.409587251701041,-8.000739208808811,-8.257153547064014,1.6837870126986971
5.875209141605445,7.488829431967499,5.646553046621416,4.270830446710809,3.0655095392079326,0.0556253890799503,8.645782709383685,-4.540109113194062,-3.768741919435066,1.809479578225345,0.05952912585500505,10.397632663678841,4.761699719141468,9.701082037740973,8.327917109370171,-0.5951157605156555,10.634720524119581,3.8233786562853362,7.583239228757361,2.628474214326712,2.5406626073808267,11.5220462600151,9.482545380228398,6.289844266010035,1.373843416173299,-1.172954968560594,6.673388006059813,-2.185574986516877,1.1633713627209283,5.629730724614996,4.221290501698548,7.637063691233107,2.8901836995512005,7.351195438445344,8.184156481329921,5.358697867998393,-3.100087595540136,3.841835918450934,8.021702601934807,2.9552565638846215,9.735353164280898,5.10951157645004,3.308758484699825,4.36810536128587,6.514597406679591,6.778003726169759,5.859665018077375,-0.5304242727606857,0.2239007652303588,0.9687470708863961,-2.9193926674413984,-1.539839692802416,1.5470596211238523,8.435336355854783,4.225308387173768,-0.47077397683192396,-4.016872873226879,5.374212658539913,5.590783220735792,-1.564256135455242,-3.484897169074805,3.384203451591312,3.336192714023553,2.5581727351309733,5.884502659358345,0.5316182513460184,-1.4997864922433541,-3.351873760504631,4.8939923743441796,2.3959276281114565,5.467077656936108,-0.8535422664839457,-1.4042622704761862,1.9383324985210812,-2.4311681944246324,5.348867741013216,4.118994040910424,7.653416255457026,-1.8364836350070313,4.159810799227815,0.03454611162152427,-1.8879237427944175,-1.9550164090732234,-0.024945085318896467,-5.139169167169012,-3.9248880730958464,5.673746610867768,2.9885032472514674,4.324620001866234,7.820979832687866,-5.329884186986432,2.9156847303094784,0.7754418141393793,1.2283632121966375,-2.475827790822236,7.388720280305402,0.2846555876418643,2.3208910664767544,1.134742712377746,5.591753526180286,-1.5905062759680233,3.066612518582211,8.187059727534544,-0.7596239905009541,-0.946770037809694,0.6442962366532905,2.1756055095104103,4.48911926574995,8.122682026913838,1.1932285006922267,6.575161078192656,7.005908825397419,4.98587129435475,-4.094235260675636,6.394111493834258,5.870572304566794,4.131778762745131,6.829631264378178,-1.1124480574333127,-2.988550358544376,1.0569156061131888,6.234396778883792,-2.122094747504555,-6.233862330641192,1.1269238840608051,-4.3975401191000865,-3.5113640578111176,5.008750553199186,4.201536297520268,-2.281528413905176,8.120578695769083,4.3001828407706535,-1.5566473101733074,3.568781778854262,4.221113728255859,-1.3061922642445185,9.798947521079592,-3.7079409362992557,5.75633506532182,-0.8584501832403487,-5.84980327743661,-2.3869778905093653,-5.976860391520273,-2.1895373410441112,-2.955248750949699,-6.486009750309796,4.031146042849777,-3.234067689720083,-7.0050631879232705,-4.867869070549593,-7.07784904220477,-5.836238061788892,1.8835972332382966,3.026965423541951,-4.759871713685427,2.1914784652139887,-1.902650543657925,-3.6264880850302204,3.315843213464615,-6.54955137067585,-5.1322516123416255,-4.637939700370757,-7.646677641377738,2.7287782599239687,-1.8203183094743058,4.081647923742562,0.11818856087111569,-5.868316673205829,4.845707176981414,-1.5969240986643463,-4.692153961599397,3.4302068148959037,8.254835906729072,-4.892832916903957,-2.6431934841859412,3.1709300631938238,-7.098334739076676,-0.4522839287124601,-5.009919334416846,3.698964962745831,-6.382925285643497,-3.6073177162606314,-1.941938959521472,-7.436964329897983,-1.2293505593314296,-4.041325619794464,-3.5896731946080007,-6.023486702289796,-3.6569508125879615,-4.624272414506462,-0.9024629480675591,-5.534589498425244,-6.261715069380526,-6.174760813432202,-6.076057018283554,-3.6312065692687066,-5.234210090311052,-7.728353282497427,-8.216764002100172,2.091507431127291
5.913782521246639,7.972588474666441,5.816020852954359,4.570637160145396,2.8440470408186904,0.2367099472758928,8.761169100735442,-4.741114206171199,-4.01570811435042,1.8682913119329738,0.2358049683468503,11.107989809088002,5.357285347251916,10.001533711970609,8.619614907784833,-0.48825439105749235,11.111751566513414,4.15562724180522,7.735169404150751,2.9035282413853984,2.7655205775482536,12.094446918732928,9.909749589822427,6.776407377373448,1.6046287491816151,-1.1739770999485861,7.348406554465646,-2.3747972896066663,1.2756165945528208,5.726881193327981,4.601576305905291,7.6932439996138875,3.2874461916867057,7.422005503035828,8.749547980064099,5.706508766553334,-3.104810716206899,4.5628974697217135,8.51981375253418,3.0519800438210094,9.929618066728267,5.261702965986634,3.1100827872249406,4.981389649070715,6.723364897264624,6.797463476629636,5.733986550734005,-0.38448666378216345,-0.2691998916203144,1.0024618184050957,-3.3624240832897687,-1.5819657183292677,1.6393449606297983,8.527475405477828,4.480465238356134,-0.41668929202846494,-4.371457614200028,5.996498538578741,6.026023068477313,-1.9540936735148386,-3.6559819596130394,3.4781138089165378,3.8492169012297426,3.1272885454770694,6.602117853384448,0.9439588314340747,-1.1975225166543289,-3.567831859528737,5.025554762219994,2.9573096915721635,6.1234252507967595,-0.7776613607928237,-1.2665950449872185,1.772078621301648,-2.5633293404622033,5.706120739661012,4.533867380721749,8.440361879024602,-1.9483942123618487,4.010167895619262,0.42075776368079915,-1.853527986939025,-1.818299787872885,-0.2610136136246622,-5.5909812442814495,-4.219596595591164,6.1374491513543745,3.2361965053231683,4.900051909770845,8.20451528273931,-5.696785531106469,3.3666996235720785,1.1749113841347865,1.3627835359869231,-2.330896841870308,7.948714168737983,0.6179712885122535,2.6953501812187164,1.2808243604301406,5.767310443397189,-2.0067892108335807,3.2767313348478324,8.511998221532222,-0.5683581385326347,-1.0920861349302982,0.5780580603141939,2.2893109449663926,4.773165155579699,8.664753065884078,1.427691062419193,7.122836766994669,7.52067894715104,5.265849592001957,-4.1850254463453265,6.7969374269564735,6.4164168884053,3.9491723127219838,7.351030717200978,-1.0049996660129594,-3.2570439529768795,0.7522783381535832,6.380196441621101,-2.223087122904349,-6.76509681660645,0.9557936656793016,-4.68712713623858,-3.623649843557711,4.897205765587617,4.423631235554754,-2.4454236021379936,8.433702294065679,4.668823811583374,-1.4811750814636822,4.031569255411246,4.523164222325691,-1.4879447107026451,10.574309987477127,-3.7735157492556404,5.977787922020406,-0.6044113935856044,-6.274252252195722,-2.49283617613043,-6.27046523523499,-2.357176755629404,-2.9392651434736634,-6.71461535464026,4.017821319675338,-3.4148629974871443,-7.581421982768466,-5.074508586418863,-7.588013411082899,-6.082961744551505,1.8297152066895974,3.3526819055862465,-5.00671070645798,2.305672392630113,-1.6626998508240383,-4.057046965879982,3.4672351501978937,-7.159871495771224,-5.35131064607302,-5.125050067388304,-8.272263907795956,3.0000014058588738,-1.8475158472223294,4.240936939699496,0.47084501824666775,-6.185256797551655,5.257773993370521,-1.7799070727997834,-4.724073145371333,3.708148737148519,8.445963982131866,-4.979875866965663,-2.6684338870253512,2.904882403240261,-7.472220757154946,-0.5409727064765241,-5.276659822971268,4.053237865488511,-6.843924047551238,-3.7368193999077337,-2.0784835433550626,-8.209720792441868,-1.2190744959890465,-4.4417784343571105,-3.9470721887952016,-6.258982618108006,-3.9670651480584804,-5.079158352738808,-1.4353379810585156,-5.859957225596769,-6.457944754137866,-6.504601744018202,-6.580688946124508,-3.852064140679833,-5.682717074807239,-8.276543167824013,-8.819221970043657,2.3321257715581383
6.264983049929072,8.304045629303388,5.9535946739512084,5.197737380788545,3.1843411663319476,0.4261566000347725,9.693441085800746,-5.260668230718179,-4.424091363763231,2.389937078356955,0.5612556927852974,12.298419717473292,6.3079087233205025,10.63799527888148,9.473363212248799,-0.20520554287467596,11.784609450599426,4.473133580660316,8.414498678711222,3.1748251986550144,3.3493543528978793,13.048668710942657,10.469984586396443,7.54265774309036,1.7292563789631774,-1.0080056010289735,8.190977548967721,-2.69714385960093,1.2492094490126677,6.134669778257422,4.860165710925616,8.333452556489997,3.5400513704882965,8.15762761673337,9.56018244011067,6.5355539440527135,-3.4370780980361344,5.048163941536874,9.19948606328681,3.272028505746863,10.450983825804958,5.913628627522776,3.584766324992556,5.28229089432853,6.892048635445062,7.340753200113769,6.057706389895933,-0.5551839435651954,-0.3739480576517474,1.0404188521320887,-3.853679485418045,-1.4731965910648006,1.4428770548665357,9.01339758393856,5.051773281670555,-0.0028475028004710475,-4.597788541460036,6.6716521418894175,6.449084423211817,-2.291399576469566,-3.7986249034423656,3.983461606513239,4.352216973773207,3.592176442615371,7.4187951845382125,1.1586511335231138,-1.0445023754922549,-3.8422390346195665,5.235827264121974,3.227191911862425,6.7848736446212445,-1.1076227486465828,-1.3798678201781995,1.6293447989252372,-2.8544303459101594,6.296873283090096,5.024649250769009,9.352295293378582,-2.2453254458507046,3.875320333362421,0.3954713140666781,-1.9572197465099328,-1.7167077463189684,-0.578635656634948,-6.098551666881714,-4.853914746589584,6.410327553344443,3.617132072569476,5.612655784771168,8.868379153719419,-6.103982006074473,3.6925633432322176,1.43082678056499,1.58920248285485,-2.3743217953012996,8.641153157209063,0.36446122532400727,3.2120062049812983,1.4246423556174992,6.265816519519175,-2.624017021758492,3.205776442696475,8.863538218225756,-0.3429226514210793,-1.260356119937471,0.413768397419387,2.1312334019759143,5.023526611287278,9.21877778234615,1.3814755611130611,7.804903217019684,8.115285937674901,5.914773560689091,-4.385309725373998,7.203474323248477,6.916443692541247,3.8369131259152853,7.6639478037628175,-1.0973061523162781,-3.7283119702774608,0.5952305723236353,6.394849768733403,-2.463162145309385,-7.396614593757496,1.526249192415951,-5.09049819294147,-3.928999533298474,4.866378915996685,4.456751849911307,-2.806811508524655,8.764608223533713,4.956118110427616,-1.7966051805248489,4.253296362088576,4.92529792209489,-1.7361478103044239,11.475430724796345,-3.8580845177797336,6.17564758779627,-0.6447149561857555,-7.066592585015024,-2.659171435623914,-6.6927135220351595,-2.2985333209265044,-3.2712031730054707,-7.087540585296467,4.341412616126014,-4.035208484560489,-8.243255325286626,-5.712835174086912,-8.17736071891444,-6.312357520159182,2.113420770834886,3.465503493876005,-5.36195071775396,2.3884127955650922,-1.7295133953592323,-4.242648962423996,3.8947604938532634,-7.84190699791648,-5.802334922034439,-5.602575559116791,-9.03432848008283,3.386315440619684,-1.8484550134388487,4.268167444279678,0.7084204624923423,-6.766230645651357,5.424629099848905,-2.1934938247967706,-4.9708247137790655,4.057590777211426,8.684839801764536,-5.302677149502571,-2.897150335449733,2.87249697657562,-8.119804123097305,-0.34861678554613484,-5.77256283013336,4.7101078328372505,-7.40980231406329,-3.835458476446557,-2.3081787879607707,-9.0157026667144,-1.1692833394165656,-4.550351293386913,-4.412574078488953,-6.787937191078414,-4.017017577557371,-5.425169056365467,-1.7687320888505298,-6.1444981798203395,-6.965532787501877,-7.191263849477882,-7.007119932396927,-4.133841835024706,-6.258152813989115,-9.089636600210042,-9.504825625361317,2.333852253186475
5.897981466740644,8.376607940179506,5.877303556360509,4.976903157335598,2.761809897731987,0.31903884536749894,9.371611647794998,-5.258715288816958,-4.36947235238933,2.134660148802906,0.35462650739515744,12.111977466003433,6.289745352623561,10.41647931780677,9.320772475414815,-0.4546451196196938,11.650076795502638,4.4640802195956875,8.092552824974602,3.1229567237192732,3.2519458266284778,13.023603217005636,10.37792155175102,7.575561942587484,1.9175288550937493,-0.9295245402281093,8.124960637631283,-2.5271896582935076,1.4199000078779649,5.800223268493455,4.83461800872079,8.019014473278618,3.569624598382819,7.747759419522588,9.493448185511479,6.098578944105601,-3.34668516454648,5.25639087052934,9.197938594943828,3.15551085408384,10.3424983013887,5.687916004341091,3.1890692583637263,5.489790129835884,6.890553763851838,7.283765471655101,6.001776071489728,-0.33229293482745204,-0.35359588437490774,1.1374204643230073,-3.626459874711959,-1.327219034682503,1.5501994376023294,8.83706950846491,4.908168745290673,-0.16763377051990092,-4.696333864449554,6.737448072274483,6.43620372356228,-2.3625467229703125,-3.728831046645178,3.7686580816208854,4.314344752030925,3.7051064697492913,7.314859222684115,1.310353740542485,-0.7998852187145833,-3.905309217660952,5.047996741000982,3.467454191534249,6.882650690959051,-0.9376800596333367,-1.306634592828187,1.5342450625023771,-2.7873155238143332,6.062161679585159,5.124416581008489,9.318277926041842,-2.1296867009904816,3.769470408420864,0.5875508442407578,-1.8899820946207724,-1.9012867691741464,-0.44068933722856923,-6.135104241134469,-4.677700990250014,6.593763869820866,3.3814975817625443,5.614996815670035,8.873436110467225,-5.927008641749728,3.7822939654180443,1.4321478511761494,1.673872718720297,-2.4311556985633644,8.685208648742694,0.675884589720061,3.206218416194364,1.482664588261819,6.2056704800471865,-2.4986918222261036,3.284388576213145,8.885301521953753,-0.43206359115169085,-1.31803617089174,0.5225038134078274,2.4427368320665295,5.0877632602699485,9.209268587938855,1.468686679163355,7.951059025445202,8.202557449984393,6.036779778586717,-4.300474728501606,7.307445811784547,7.064414062686924,3.8528428617888477,7.821901412448368,-1.113677203124384,-3.4138785567902192,0.5139831747012026,6.559949399602509,-2.3771991747230867,-7.4968580907169375,1.2596327642578211,-5.060336902801801,-3.9154893471252405,4.855022198129954,4.719156730079675,-2.5946982057078554,8.83900046601617,5.177364618265291,-1.6341300226257613,4.411972227347106,4.979469280938813,-1.5840338549492092,11.489886304284285,-3.894640242842347,6.3097505341727,-0.605467564421557,-7.086779421716184,-2.672781153820787,-6.687526060214131,-2.3015055427108826,-3.2485079825396608,-7.123757282928655,4.167514531923184,-3.9020128896111324,-8.228997253102174,-5.561032629703046,-8.17949134617904,-6.172590184910234,2.057202836434479,3.38130968161508,-5.465537582823888,2.5273122275237503,-1.6505219472076358,-4.199815600561586,3.8013056575457456,-7.943833910193782,-5.8683371132553726,-5.64495507727823,-9.035967491545536,3.5304452291191795,-1.9291639430776726,4.27611022456988,0.6915328442750515,-6.814232879786973,5.656453638559117,-1.9398899970256198,-5.054330769113956,4.190762368153012,8.728419527218618,-5.361536261573482,-3.0139810196668195,2.6337340247415897,-8.141056020615915,-0.45060099291844186,-5.660507472319332,4.427844244751268,-7.343449385617116,-3.950634241862414,-2.3917754923782346,-9.076824714050467,-1.1467180244461161,-4.698685110401336,-4.4481724293628355,-6.765599483525264,-4.13956039528372,-5.577355458967964,-1.7634321205076573,-6.2148795239166885,-6.982496305919357,-7.066984910563521,-6.989721515987425,-4.106379273371396,-6.172898863360475,-9.071794575971973,-9.581404954887446,2.434362137456942
5.847596528526651,7.717028501210883,5.56503210581657,4.683922153522332,3.256836132969919,0.35025173954763544,9.025975565386515,-4.638846834363274,-3.892443812591093,2.1952478927766355,0.3327031932803453,10.7014210837192,5.182229414074452,9.884703281453726,8.617509124531052,-0.40328341945919577,10.736093486105718,3.827297121300693,7.98087266696467,2.647581645875245,3.0400115104813348,11.840941802075777,9.599460288199094,6.516514249417876,1.512916238716793,-0.9274865867300823,6.996634871040738,-2.212544526234826,1.1676963682622599,5.963007394230864,4.191344400240713,7.896259334614656,2.9750410202027195,7.651927153756636,8.441740935539215,5.738471084009962,-3.2183397576830615,4.061693792602743,8.297047681163505,3.1298211663172384,9.972410917069833,5.567942235798946,3.5927362964264415,4.295711622218658,6.364151663987396,6.930404469983374,5.915298121144566,-0.7563830753417137,0.14715059831210905,1.09985514477598,-3.098753923979881,-1.3235260400337412,1.2664632813660532,8.47845623224497,4.337142834741143,-0.04128883684013455,-3.903828728987369,5.516911018544604,5.714620693784823,-1.7609509125901437,-3.7146429199243993,3.781069155697366,3.3823065389589675,2.7954818878896885,6.187278998720704,0.6718582072089903,-1.3603110236249942,-3.5934530025067866,4.997214265420534,2.4097990585368563,5.592920524571851,-0.9564289383192632,-1.4310468599031305,1.7150685455007009,-2.5065653064891484,5.260251946378821,4.319948480913625,8.003316042984276,-2.183470628634263,3.888343589895602,0.03966815010468879,-1.7414746352855963,-2.056192812218841,-0.2301849047590667,-5.182741727537025,-4.127197951683797,5.54410812987333,3.2254242035610936,4.578051379350034,8.010270038845041,-5.431526625005242,3.0357553959864454,1.011118818616043,1.4718901545335885,-2.6218374058815916,7.469408699146753,0.31735479565827124,2.742529771036988,1.1249106049251472,5.854258907198942,-1.911851073061356,2.9783233948919454,8.210056876915402,-0.4630536606201124,-1.0002566717277135,0.5761547276481994,2.0629027934094246,4.507594491022534,8.109198401362317,1.2507072297193804,6.662807689094463,7.090966159491905,5.361145614739825,-4.137808849753868,6.570076877675394,5.919898245538103,3.9614304175762345,6.801443245860884,-1.2474690099943326,-3.079191991841963,0.9030559157503226,6.231345094415573,-2.1910492886708206,-6.346629722811179,1.1914029232122056,-4.4705766016384745,-3.62267900053624,4.846917041322323,4.198664073902756,-2.427488662795549,8.03074581548926,4.408426314761969,-1.5942157633372156,3.661373469133719,4.4698311786437515,-1.4843802779747217,10.022622867936064,-3.8291761088683933,5.921056788409002,-0.9577211715405178,-6.073739439332472,-2.3913478386212432,-6.162590403717319,-2.4253922477385923,-2.8985521465073942,-6.68858079984624,4.178314888019714,-3.6794066210612386,-7.2162077669875435,-4.999990832133602,-7.1839136915664366,-5.862012625985026,2.1141605498156704,2.9108174115559047,-4.886578859655096,2.1207651689391644,-1.9438245066833362,-3.6527535080071747,3.585642570910546,-6.672873240764345,-5.269680710274174,-4.743687028281171,-7.783234448965052,2.941858078044584,-1.7918853632714287,4.197359712157461,-0.049488667006198944,-6.033703780275878,4.870025274815347,-1.7972545883107536,-4.827864613055948,3.5847609743982085,8.191644656289206,-5.001600264936059,-2.48399322754134,3.0793696023410746,-7.12423174364411,-0.8314122406001274,-5.111408520124186,3.6278166571459822,-6.63535820211406,-3.82799777980098,-2.0591766137040484,-7.680412167713203,-1.270752709681239,-4.304125861244222,-3.8021667893732958,-6.098125349338027,-3.9210192467273925,-4.618406392157261,-1.1660808317520024,-5.716686167223952,-6.282874744074413,-6.348676498261753,-6.414581072365618,-3.8170389492117,-5.402462530224223,-7.7924456134193,-8.387895810833426,1.8810473690306577
5.547132197720696,7.434939635097743,5.186414861278498,5.280673905467225,3.2552815530831243,0.8347559420929813,8.904848805883098,-4.3668981842493695,-3.9012158770689367,2.612534438421983,1.0640398021928725,10.945637542068484,5.663006293299196,9.451385477958238,8.495372386662515,0.41994409940635197,10.354879023865502,3.575610586373704,7.976106569193478,2.6891443684323626,3.4111987263576014,11.504664945266658,9.15701957563167,6.589354103257916,1.629714355864233,-0.6974360027504332,7.266321197512178,-2.472436030715214,1.020303744416594,5.944378336762139,4.20510698295181,7.843842479316582,3.3915462878839775,7.757264554877119,8.707030250046419,6.3249350232839054,-3.094067051801743,4.490493000721666,8.36598372997827,3.328827972218548,9.362800095970247,5.783389496073195,3.526124040318188,4.443708196357423,5.963672713256417,6.608186007015526,5.199139803886004,-0.686419284883967,-0.5574172715917702,0.9574584666333891,-3.6807574932873472,-1.1985877395350324,1.0436041385621675,8.065533330729847,4.57171318568599,0.46738915328751673,-3.7372238043947252,5.550130492432468,5.579730889326762,-2.168442969837397,-3.475174023972712,4.196186809510756,4.110888390653626,3.4550821055064294,6.946728067224603,0.945519923215729,-1.0942173978835306,-3.61285116880815,4.794910024833851,2.8228123259833695,5.856547571554152,-1.2195551615966633,-1.4044671077648847,1.4158230842444335,-2.507294053855632,5.582166583397461,4.545483805421401,8.4482560440043,-2.4172188395446206,3.2763121287984993,0.23985941837335625,-1.660852985444678,-1.5348807735630632,-0.7575580010629904,-5.362162094850978,-4.436020968522156,5.380647123777641,3.551314457911483,4.95241156361225,7.93383066905507,-5.366090466345138,3.250715106591396,1.5775895597126783,1.4742742947138199,-2.2376079533900075,7.551169873309176,0.2515359324571854,3.392929104693072,1.3853167750439892,5.544650847460528,-2.4794480672681556,2.8316018499958164,7.640609617134659,-0.1359833519495659,-1.1274619461564173,0.16650613676387158,1.5193849056740971,4.179897606571776,7.952215724554482,1.208779128573973,6.572108728984248,6.898369299678826,5.366409184451093,-4.01663321133609,6.192731579115547,6.146718893967734,3.1376030111907283,6.5932600535565875,-0.8933919017683324,-3.400394652413309,0.3806458824407743,5.391776949506688,-2.010405764480015,-6.393573638781854,1.5663635198966315,-4.561964981096858,-3.477543730454551,4.166877607303187,3.7649629071717623,-2.4741832689339827,7.379999693881742,4.1753304801551545,-1.7781007824832697,3.4799356015152574,4.72349742409454,-1.8095383830297034,10.111550036410582,-3.457038146630486,5.571075238934953,-0.5380887429003447,-6.198751907873,-2.1057177632575668,-5.884754918897765,-2.098085958960956,-2.612670820036728,-6.265201204129874,4.175948529631616,-3.9328466512275146,-7.202083128498576,-5.253377053982043,-7.08298202515741,-5.490041516038674,1.9263673348439532,2.86072652708147,-4.588754799241132,1.9469362850892291,-1.6068677609100963,-3.665277147216183,3.7056195283815967,-6.861691778298384,-4.9724030017222915,-4.761302176877778,-7.905688882963111,3.0612729620613424,-1.6835001123733242,3.8199958678347485,0.5259192456363115,-5.859236958232855,4.7323463346082475,-2.2722954393143096,-4.320129820165308,3.5730996832608124,7.460977369497847,-4.532839255756771,-2.664567659867441,2.677001745281536,-7.046692863588491,-0.838772139252646,-4.846247194506826,4.2358378883463,-6.4732053838012,-3.3521968577127073,-2.0372364817412114,-7.979645093064795,-1.2611256553970251,-4.16251781686747,-3.8656528676773894,-5.874271178776088,-3.9097584845806153,-4.581787858597304,-1.9057041479709345,-5.340620107118155,-6.001447502539996,-6.273203652002268,-6.116692022015111,-3.7923877485648556,-5.531426525584401,-8.002859110465725,-8.28816171334798,1.8759301268764865
5.855853389698745,7.380583839773236,5.294759753528436,4.737727010029276,3.393403186650005,0.5240841885872347,8.857488711484782,-4.400737781657024,-3.7626309674280543,2.3474251607646317,0.5409375097384171,10.474376870483402,5.118306780705879,9.712309837867371,8.421382708549155,-0.10805986608645521,10.41665531616181,3.618347684734674,7.978448163756034,2.5371092837696274,3.0221240002071075,11.379396625577732,9.26222020900875,6.2747170517704,1.436173113565534,-0.925953537685777,6.858256526495853,-2.1994351413728883,1.0662409945777938,6.075868287733908,4.064059677645961,7.865946441466942,2.821921851247044,7.655478110875503,8.22439395451198,5.878504952896536,-3.144249970300367,3.8794154260982032,7.995381544896025,3.2397221688162854,9.636137714063878,5.58224957015866,3.742208202243741,3.981440002031365,5.947601285834112,6.6361236979422396,5.624366056195406,-0.7437458043616442,0.013670926755916971,1.0755878948129762,-3.1859929477014846,-1.3755851021431709,1.0877539670458716,8.253378326871408,4.329326200494423,0.1836150471742022,-3.652454037788449,5.191871195727249,5.427786367727818,-1.8393105740143318,-3.5493925032069518,3.8306050694668334,3.311417539488481,2.7665738056796885,6.132160616633174,0.6293042052652504,-1.3694612825158352,-3.4219994091273134,4.97441707703656,2.2496931337576016,5.351244599207521,-1.0661266899730475,-1.3948029974268212,1.6823082386694956,-2.4060710395067333,5.245972032026807,4.233367246390355,7.774202717817559,-2.270683680575687,3.717888871616545,-0.09464943098491749,-1.8078554738044774,-1.844082728459399,-0.32085547337674913,-5.010997829243431,-4.136831610424838,5.177222617315059,3.4386373211406505,4.480591009868856,7.659662284065529,-5.367663918092941,2.9246462348599467,1.0367046886378242,1.430514484705856,-2.4978168094702484,7.1074722651591316,0.03282989878482046,2.716064934300796,1.0926802339689037,5.671640074824013,-2.022716173367505,2.8138807819309952,7.826155548700093,-0.3192904682595192,-0.8233324790742362,0.3536521763987081,1.7348262751354577,4.275450349618435,7.806655292109489,1.2251681943913333,6.266176819266351,6.770813979707007,5.159114784481347,-4.055727225564621,6.277725750040575,5.798129696851785,3.7152807898854268,6.481344349579352,-1.179148181936961,-3.181225369894255,0.8186816494030962,5.844877022446417,-2.06240199452706,-5.996567772389658,1.3322462448796006,-4.311273257033211,-3.494610819300463,4.602278412706381,3.816415567653626,-2.4112412533917285,7.54211150979905,4.030221099818586,-1.6079631750618646,3.4027217452600658,4.235253792470751,-1.6047204787996117,9.608086950027939,-3.6557219542817427,5.607910249692329,-1.0085772516807752,-5.874812630813019,-2.172915625235557,-5.836069811257444,-2.3544812572133855,-2.7215282551994138,-6.292576330409827,4.15279933071916,-3.6884892742099913,-6.863772978008835,-5.044831745162081,-6.884850048435516,-5.713937162050262,2.042574208199854,2.8561714616882257,-4.428442335015793,1.9182758915332374,-1.9467167148165785,-3.5386514850805497,3.5326951070752113,-6.3286570830827875,-4.929596507503022,-4.437766001397973,-7.531336247722977,2.73776686705662,-1.6212776258348902,4.057537296129851,0.04994381931753273,-5.722390929056293,4.5434435331621135,-1.9505744779005336,-4.531968815586445,3.354475665101447,7.792255191507234,-4.659311794625313,-2.338206297012902,3.12541464424858,-6.835479355841932,-0.9204847476001385,-4.824160701692202,3.727029097133988,-6.322425441339478,-3.5394447470567783,-1.9532867975836534,-7.459817644826413,-1.3096593875225242,-4.095818849001121,-3.650100944447933,-5.811947971781206,-3.8614410306321285,-4.313359962383212,-1.3006240967270988,-5.330702955764757,-5.887940394880673,-6.172976036102064,-6.035114261926592,-3.7754362972280497,-5.143819854375242,-7.5028928179413015,-8.01048962127737,1.759476585895557
5.734238645426112,8.210658379071964,5.697766242696854,4.852287305665491,2.6975408398724374,0.283264391420327,9.075119593275952,-5.021381774082654,-4.200150347882001,2.010536910860456,0.35838430858992204,11.72557762623785,5.930127027868574,10.139327491053912,9.10547954371465,-0.4223156315968189,11.288474701284152,4.256849060351072,7.893116117895999,2.8157292300640204,3.0361873714832424,12.575587298162743,10.06543979979593,7.147164041232052,1.9261374024340163,-0.8585324638075406,7.840843919579886,-2.477090464768237,1.3788011166878886,5.782962515822079,4.748859457559737,7.871521552750743,3.4420963117089065,7.648200338554925,9.360703055988726,5.9924751569670915,-3.256181619037944,5.018433775197892,9.02675536509357,3.12620563909019,10.177230698401168,5.678108764682614,3.095585570012027,5.3251707404878115,6.648258358111858,7.13069398528314,5.852698223498301,-0.3293794333801733,-0.329824121573157,1.105837586398546,-3.5036328033096806,-1.3080784068396423,1.498644786482199,8.653839703857876,4.795977706483545,-0.15621137087680054,-4.457782706562143,6.469757533778098,6.31535253551488,-2.2380479646637745,-3.6585381342021375,3.682434330169997,4.178952675805349,3.572159599093402,7.1049648869240665,1.2696926698280249,-0.9149267635037117,-3.856790026628794,4.959103708529479,3.3125143847794285,6.651658989107139,-0.8162315753389928,-1.2630667323577054,1.5356987987884243,-2.6948867228531705,5.791144242403421,4.9718685818507895,9.023011142457667,-2.1037161508214326,3.6688823231900756,0.6069959254576428,-1.7465332497675277,-1.997263216653437,-0.40566870484132833,-5.828864102101534,-4.513258844002498,6.420688308538493,3.3217633135412563,5.232185729611278,8.688772413138471,-5.684740123334305,3.7000932990311943,1.4217097442750763,1.5122351304705053,-2.431641545570475,8.465309903053278,0.6681678488167514,3.0699910179372902,1.3467601412629682,5.895913256675638,-2.3823274996162227,3.2515207611097536,8.650403323736423,-0.4142879609399608,-1.2481921902933795,0.3582100004234576,2.3600031998214734,4.770163844652934,8.862849630375564,1.4915417551240693,7.541572470796149,7.771796516438197,5.684819544991367,-4.216722230593241,7.07220145003003,6.865173944422348,3.6931765904241747,7.630021909486883,-1.0545449623405665,-3.302361702385762,0.5004656263882213,6.417668894829949,-2.2739624211969827,-7.183361497509064,1.1324967166732547,-4.917008076156458,-3.7128102858584033,4.735439110823211,4.6438850927175634,-2.459260053110122,8.58627230759574,4.91913775222354,-1.5714466676261831,4.32298276055151,4.8361371323986395,-1.4998403562433367,11.103289160298363,-3.763155071788591,6.201538583609125,-0.6563024799007826,-6.778510342002635,-2.574862744071498,-6.466353998284368,-2.3038815966481936,-3.071505607975836,-6.881713946962431,4.189281364612099,-3.782082060135433,-7.961259565275498,-5.362601793632923,-7.849947004593052,-6.038814268052149,2.0066132843980404,3.2913527774124396,-5.3201398300218745,2.4363986855123074,-1.715053619242224,-4.036295022297697,3.5720655149251543,-7.6339284780321215,-5.695002395673902,-5.4404198255776794,-8.680421995842599,3.340916217961681,-1.853639609714205,4.235725855349749,0.5670642310504136,-6.520158607413653,5.5584520098017585,-1.9165019441486768,-4.863728240785843,4.0901773663125445,8.52657500635449,-5.227219396282076,-2.7854948608892793,2.730313674547513,-7.849243725030843,-0.5484586120733658,-5.381950881328505,4.193775149824159,-7.074740010157811,-3.929918641082062,-2.2821685244272696,-8.757661745577114,-1.2821016195731223,-4.601154424758909,-4.215217028271966,-6.447684326509528,-4.125181815610346,-5.357683055669812,-1.7225216564250936,-6.039292086118335,-6.731032092399392,-6.8068337704844755,-6.843957959593149,-3.9461848348242916,-5.959532915737798,-8.736977968500263,-9.24152643222974,2.340112278426383
5.514742821532229,7.491602791361441,4.976971434439467,5.100094195616183,3.2027780890410815,0.5708832361462004,9.029235664717438,-4.634824283144229,-4.062799446966873,2.546998624783055,0.8172997818719167,10.955361149778795,5.645867257441235,9.520859651570772,8.729542405300679,0.11085730297708854,10.281432908769728,3.5401388050648284,7.965358388265919,2.343497439634193,3.371212747420284,11.519168573929022,9.203566749850822,6.456914479047774,1.5724808171968836,-0.6117626610624863,7.21356211955756,-2.3296304346899035,1.0288924525079397,6.064802571115284,4.105125976286897,7.890635793104727,3.0668620270863496,7.801478239828998,8.670430857187377,6.1708129614571545,-3.274120200142147,4.347657019965316,8.357933154426716,3.2548271066066685,9.53608492900395,5.9932781834948585,3.6053293060811735,4.236964568649336,5.766783879264653,6.853694851975853,5.570537667650177,-0.731444648075561,-0.11425576880284749,0.9136013886091124,-3.450568735854689,-1.1557400537773255,0.8860566787713187,8.076325738748167,4.544637188342673,0.5751589333538392,-3.4953916216850027,5.587292002291658,5.580767570802247,-2.0927143820382,-3.5036700098566564,4.049153956841522,3.6711011984852857,3.3262286381610147,6.663215969646361,0.8073853551421114,-1.0596839494527857,-3.623888752129487,4.754731997077386,2.5721653847772576,5.7560131194359725,-1.2087027674194322,-1.2496735136799901,1.1430476306510526,-2.3435579592561773,5.1990393304913,4.42079866134552,8.351934092000512,-2.370048275365182,3.1504889391132167,0.03465840362496271,-1.5850195518938022,-1.8852368451137953,-0.7480944043911109,-5.042651559606806,-4.461875605199242,5.301585553637296,3.482964409277164,4.822601153481064,8.129497479106723,-5.415075367916102,3.1470838150178473,1.460596149431533,1.614187017347414,-2.3538742218771858,7.534825596461076,0.14339089218557044,3.221698707957239,1.2172087670644756,5.553370905620534,-2.5060702984817884,2.7276001943110066,7.666205794463263,-0.1689839890278635,-1.0704706445395822,0.09199581024470131,1.7117160914538407,4.034419652183791,7.819931333884401,1.2727919962404413,6.513968934972277,6.801269526303666,5.453303261439716,-4.032208407681844,6.348277646931481,6.0531334154166565,3.204415450987875,6.533397773131787,-1.1031641679585724,-3.319550885364267,0.5892219250452727,5.692934211648733,-2.1559353698731023,-6.186468187567622,1.4446917139656505,-4.538940073178243,-3.508596734267219,4.15432212994908,4.040854109922987,-2.4856653531362287,7.417015575152548,4.175637970264954,-1.8400391418077289,3.505570350441936,4.632877372310249,-1.6100856759300812,10.019206531523313,-3.585306955196419,5.7908476667483475,-0.8813838904226473,-6.08646913590666,-2.1833277638910276,-5.973818028579071,-2.4060975757184235,-2.759732469684201,-6.368755838283326,4.2829986746170325,-3.8432189282686906,-7.0669626511563,-5.2323506628399805,-6.926918072575921,-5.5741294149856495,2.087516680829603,2.669143680973863,-4.7074253455656025,1.9033635674366567,-1.5972406841154523,-3.633603950204354,3.61329399495561,-6.509507272427098,-5.039639881038912,-4.5452491260982075,-7.669591153135506,3.069155769767563,-1.5966072975383374,4.068366025302988,0.24816009217140894,-5.845228272443578,4.677729752114411,-2.252644361976079,-4.569997998396453,3.5959251386742155,7.550654207992303,-4.67872185012449,-2.3572655213336406,2.7667756279701776,-6.871528065157202,-0.8729940183404907,-4.730413089895105,3.9099262249279483,-6.425424703359105,-3.601772410975688,-1.8685274009172712,-7.761839613867677,-1.4017211333335498,-4.230846187723773,-3.7253832490151035,-5.894826014844006,-3.917684187380751,-4.366525868378874,-1.7074001884853043,-5.4093730211849795,-6.007012122587317,-6.276505806429583,-6.201579459841229,-3.7170750945167765,-5.409830232870627,-7.826933761313786,-8.131920571588697,1.7092828757242475
5.669813349570962,7.753658137170331,5.114790701329079,4.910079295725024,3.164351430426117,0.4783849721193603,8.947355880750424,-4.690541893027479,-3.900000741096038,2.1930936846052678,0.6071647936736193,10.938769666098999,5.3262920083763285,9.61546646285392,8.862699410731638,-0.06007151436663657,10.442443476781243,3.5731932045362784,7.836592837494497,2.267854305865264,2.973533552648909,11.626442275594568,9.374424847654872,6.390545842083925,1.7632098494479838,-0.7717983637746426,7.288402569262175,-2.2195893592424456,1.0311089941646074,6.081875257762815,4.187583336089052,7.844328847536652,3.0756800775260387,7.725873683897518,8.908695113220796,5.971036022563744,-3.2308790110921346,4.326292221176479,8.618933273340138,3.116378957761982,9.814231202472847,5.9293096679340875,3.4474239105451097,4.465819631102169,6.048703923142378,7.044673916051962,5.859442426748531,-0.6095519972252396,-0.09190000836087854,1.156971449934274,-3.2894221941399224,-1.2192757063990487,1.0285208290597125,8.245745767007586,4.627337626245097,0.1945107944807381,-3.605704699816706,5.646382631407726,5.832349538896802,-1.9436791458030762,-3.6096101705106087,3.852837543660602,3.7745374718610565,3.2777405610098342,6.581214773035648,0.8333994889180002,-1.3248094394123664,-3.6414973901706635,4.86435719935522,2.6983630658240543,5.884813547044972,-0.9311255604280774,-1.2494432756099079,1.4087182372263944,-2.3731459185848456,5.340454185106799,4.478375510440255,8.324694786798672,-2.143931969911428,3.4857171242550167,0.12466307294740393,-1.7353974183502545,-1.983694194890209,-0.5125100663976253,-4.993986434815785,-4.3335691644529035,5.6428442639248955,3.3373704306878773,4.586183021785277,8.20347013707934,-5.480133604925462,3.2350157026048416,1.36255653410832,1.3494782128145832,-2.3755058537013625,7.767346464890201,0.2887836755137811,2.9372167987142834,1.1026303459340394,5.308728347384521,-2.230300737351697,2.8746405411573486,7.977035629051667,-0.44169628476751827,-1.0165328605677586,0.0048162518276620905,1.9571749286031723,3.9946685842985126,7.952787134776744,1.3461478235861528,6.509110028337029,6.814098011965717,5.209242030331496,-4.041886783180587,6.462983842545271,6.195414043469343,3.3445580883138164,6.8601202378245345,-1.2043433537351411,-3.2268270348163606,0.741158492894264,6.005300746791843,-2.247340554108311,-6.281864345142298,1.216287782628733,-4.550559770020956,-3.4732982811492095,4.444412567337886,4.277062205532604,-2.2692384441158313,7.790887769225794,4.17915219003852,-1.733963254016019,3.7062083117681457,4.581339821528017,-1.5706970004567937,10.105806614789934,-3.669175951018281,5.959774132841583,-0.7828681013985304,-6.108578992633747,-2.339359159485094,-6.105331760117632,-2.439485864780132,-2.770311819112541,-6.519013708857406,4.39132669148638,-3.618810254385295,-7.190125819636312,-5.086502566924937,-7.125936950635901,-5.6859814426458,2.012245580209949,2.847748232613845,-4.891603046404381,1.8396980999874437,-1.7899730579471287,-3.717792589723934,3.358209315910265,-6.691502916479838,-5.131092472878061,-4.669417965421532,-7.7645951312267,2.8600687341727684,-1.6731298885799322,4.197060604799807,0.2234007437214214,-5.952619613623325,4.9917301657997335,-2.0850895234366518,-4.698081079485862,3.723338409470877,7.9136736475694,-4.7897166160794695,-2.396657555561665,2.9906854077194356,-7.062546413190958,-0.8607357486394515,-4.8662057933701,3.924774171992301,-6.628109613775946,-3.6999672779989154,-1.8354332975151784,-7.828577107585984,-1.2650604411394808,-4.308255295078389,-3.779145993896813,-6.024735136640822,-4.039677222556272,-4.520911294863063,-1.4120861599692827,-5.536747926176843,-6.13863814950301,-6.4027863094383015,-6.347724834625013,-3.7464631951387637,-5.482501628549643,-7.948319640153388,-8.284748926344188,1.8442276957305261
5.312823621105055,6.990174440545117,4.552292906735276,5.144701180308326,3.2479053897754286,0.778494203100507,8.954890789280157,-4.480679672618834,-3.887968202004675,2.8594064819112495,0.9711235732526073,10.84775180667216,5.904756470827946,9.100941011594431,8.463089047455002,0.2548725733073548,9.85448922559095,3.1483255270090194,8.002373266286545,2.286904798893798,3.6040572346380153,11.074343728792382,8.760063079440373,6.3503298501443055,1.514865228642513,-0.49805129985537533,7.229166759412895,-2.2578985068114314,0.922529343535965,5.903108643810464,3.8791770012976516,7.839233199543929,2.7832396512420545,7.79313130983054,8.428748173030154,6.310837360649204,-3.2599193659037513,4.2094584112539035,7.968309887178233,3.332498121162947,8.977780672316477,6.071810948250339,3.6736141674289535,3.945397781266753,5.08857182932238,6.484954099473892,5.120173936237036,-0.7233828346117115,-0.34488109795988353,0.9420470725055314,-3.5909339506878055,-1.0824219396494088,0.6386776607468313,7.718066567650812,4.390273968697134,0.9295586288757666,-3.1484113871322714,5.360751753328842,5.205665236501722,-2.201507123382921,-3.3885571192303763,4.087748822454442,3.58241440404501,3.3097492606871315,6.581682862630538,0.8844464590251965,-0.790625860919911,-3.5131247749966144,4.358167210686988,2.4215457068812247,5.630805391605606,-1.1943655898004926,-1.178478455142312,0.8090395928705478,-2.1604551034180988,5.011811098007498,4.39036668136531,8.315242873656128,-2.4703356142910833,2.6198051554411586,0.093507016145473,-1.6061732369164174,-1.634838285603116,-0.972595035339966,-4.865463032563663,-4.414347307563046,4.92178685907193,3.467095560236162,4.8112499889124765,7.811788576723161,-5.184853124580166,3.029373974242492,1.6141382366724932,1.7890943423713326,-2.2324730744524994,7.176446396670224,-0.09668255817393763,3.4217976152244223,1.2234610941496737,5.380696576216641,-2.8882709025311573,2.3806485533957678,7.058244856232023,0.11466278478557614,-1.033905544508478,-0.1303894115907855,1.210070321433129,3.780161991854794,7.437005914633543,1.0508950597897524,6.341505091614408,6.598125203527613,5.547551293464351,-3.842670734188022,6.210936352006745,5.957764117804419,2.689411114817948,6.1186171606344235,-0.9943079058811841,-3.46628002143838,0.3909486695350584,5.0568540288404655,-1.9376040532094554,-5.941780286578931,1.5874083211158083,-4.3637439965792835,-3.2843117301507228,3.5706241143510304,3.715973450989593,-2.5197321909758736,6.787127619476384,3.959884149682261,-1.9256983534158625,3.376191770437703,4.4123159675283485,-1.9406061843715279,9.704735697535506,-3.3438956721652056,5.5037491375782865,-1.0306806254848822,-5.945712162566751,-1.927512746254482,-5.541685615802382,-2.386233231981696,-2.6327031469656768,-5.983375249768714,4.390836809548054,-3.940933015504148,-6.71769273676706,-5.0422470064539615,-6.51928974755032,-5.273551327062066,2.096352704751768,2.2894483298944253,-4.368710915336585,1.7077012787466468,-1.3909879553102806,-3.3738491314851577,3.757394461123842,-6.052820306896888,-4.7827216512663275,-4.288842463085655,-7.3491340878838365,3.1371952516710526,-1.4645586406564104,3.8552269965298533,0.38867521056700777,-5.504778939227412,4.313436988203999,-2.4331585299217955,-4.280452169423976,3.4714516240411917,6.942375183925068,-4.352580335796173,-2.2317133787089998,2.484845954928444,-6.473398768598446,-0.6938308424817826,-4.492322287503808,3.949574901344914,-6.1775019681503265,-3.250722162869945,-1.8273192375602514,-7.446280296984486,-1.0683025800778112,-3.980457192236,-3.624556987792437,-5.631446226618608,-3.7209426916845993,-4.051855574596286,-1.9423786480506355,-5.041936502636346,-5.643476157493065,-5.981901477234532,-5.905071264309187,-3.693487946822889,-5.172526050460346,-7.470803873975487,-7.677490965867023,1.3710103214877427
5.370736942753129,7.428325387736861,4.712380530538514,5.355808905598554,3.3506368682187326,0.7953013817756813,9.168364610071677,-4.640730866220552,-3.9490064142022603,2.8016696633588163,1.0434404319283543,11.054707138209135,5.900134654213945,9.442469033134628,8.835251527389664,0.3251948654736357,10.049169131944518,3.234765124078191,8.097327818684283,2.1903790868297026,3.663513572359856,11.436444091919043,8.990402105892755,6.435082505295298,1.7034445508254958,-0.4755972949159081,7.368418367857403,-2.2680642994802027,1.0229577327779031,6.162059876901187,3.886950695761079,7.959905625066886,3.0157983548587666,7.90309682793185,8.78630239795491,6.362984052749803,-3.3928101998183475,4.409429430900976,8.402195455071398,3.3607265463177485,9.436239954360513,6.308965065715381,3.7011653838631404,4.106017265567623,5.367233001389051,6.899502139023903,5.518084579659476,-0.7847990534256033,-0.11278668897905474,1.0057610337298295,-3.4105419308760188,-0.8727157851682507,0.5502476208386518,7.95465077182688,4.626043735388691,0.9054547449879956,-3.2669166145691553,5.546435628705102,5.477404464260682,-2.2138949035006728,-3.580768736615327,4.220625022488324,3.7213387698036886,3.4973895878003196,6.8414165219956455,1.0201915985615646,-0.8273082534022498,-3.778250871218089,4.600140215459536,2.6275242026043846,5.832781610211668,-1.2493402997642642,-1.3579904668350427,0.9252154894445903,-2.354230244542799,4.980126790309954,4.650853595224863,8.493124450484878,-2.600675050237751,2.777247966715848,0.05276449371437465,-1.5839777483592505,-2.0549381374227704,-0.9299724465034117,-5.041583242111363,-4.399791716797579,5.086666187735581,3.584941642835313,4.862254745767844,8.173069665142437,-5.334653306632783,3.1929786506472126,1.62138202441307,1.707008679847373,-2.3035310713208577,7.482781141104608,0.05735978917207055,3.4920654693803264,1.3587602860517822,5.462984676331849,-2.7662061912866873,2.4867205923839872,7.396237592498929,0.009124239732798287,-1.027682836783448,-0.12204541254668108,1.5034652885128466,3.820275148434008,7.600450046109151,1.1264222609092753,6.455518002855991,6.7001064516300675,5.6408856794123245,-3.9666836542055304,6.347768844100244,6.143210756184041,2.8420609842283886,6.348546448972224,-1.2820286958394143,-3.340606340107699,0.412828619345214,5.4329922236117145,-1.9617390841413875,-6.129550501021891,1.5647036882414713,-4.346837807386455,-3.4911382077806756,3.850126369289266,3.9660921861787823,-2.4286214287864003,7.130539677832389,4.081210937385829,-1.901938088195324,3.5439428466461864,4.744581886412438,-1.7661123826863439,9.927826870989078,-3.6170909986630657,5.804241582469853,-0.8996160777954749,-6.198552534614646,-2.113652875296689,-5.928612625774814,-2.466678678428288,-2.6143633593712736,-6.298852775000176,4.485673309721785,-4.1724208743174875,-7.044474590026322,-5.252160966649316,-6.780957777154919,-5.354934933573959,2.2177737398814656,2.428453311467917,-4.577267392329731,1.759002256833037,-1.6903830630986743,-3.5415175437526245,3.8142437106898313,-6.4503658379494135,-5.074340521307896,-4.53772420513365,-7.616975537343869,3.232831597283327,-1.4672515172788614,3.983239282851124,0.08871263831192888,-5.790294843365575,4.648082600725707,-2.3864323460325227,-4.5605944606167785,3.610414949531027,7.2727654579794,-4.61458109751407,-2.343815183264456,2.7161370777612044,-6.799652356353948,-0.9339583538647184,-4.649559286721702,3.716148262012543,-6.449806230085272,-3.670232334531326,-1.9992233705604563,-7.777944787527907,-1.2214569079021376,-4.190755742206138,-3.734489841216187,-5.856637935244579,-4.102892456559462,-4.253228122057389,-1.8559135135607778,-5.365463634878663,-6.00458504457946,-6.324832082866911,-6.214378916903202,-3.607089169785396,-5.382069060060484,-7.751452160421072,-8.07626733263649,1.5032875953213534
5.9580562753337105,7.317593964970407,5.346740210598557,4.540070695650882,3.337952022003317,0.1946970050725797,9.184396044389432,-4.73771069993849,-3.884821748531321,2.409829690530472,0.30020303131999665,10.764293217239487,5.3577619701938,9.797532191300485,8.632859027034671,-0.4478146279687079,10.69977108187995,3.7339632332180073,8.220040774645772,2.5589766989338636,3.002364819439541,11.707712644910371,9.464558513462979,6.5199729537194315,1.3432444196113351,-0.7099889901624507,6.9593329163789885,-2.1956729862095843,1.0685587821128633,6.065425531225115,4.113554453767908,8.14842928556215,2.467653985045282,7.936551334298746,8.400536941555213,5.874528085080242,-3.26308859582029,3.7439244108201626,8.025464622333567,3.2337544367622773,9.820807745000304,5.783184212594843,3.874805845555347,4.0287604968726445,5.908914383385533,6.879351288266012,5.778107306301881,-0.8726566202856466,0.09338985824619073,1.1315812938906353,-3.269019213246443,-1.3467222840274085,1.1684561589681108,8.54344095341074,4.409513035237786,0.2272835401637296,-3.6714461075714815,5.370987113084988,5.596218542339935,-1.7218140018358736,-3.586051276253689,3.765905361037809,3.1327102853980464,2.641255044814459,5.924643699430563,0.6189438190558636,-1.3392125975781903,-3.481202336046953,4.8130417711083595,2.043840445122867,5.5104895843825386,-1.0751933097064692,-1.4996133379267262,1.6527714986659243,-2.4395626058086437,5.2891598436938905,4.287269682961082,7.847318904547187,-2.294678106438607,3.749469844810331,0.02529926202801159,-1.775864718554876,-1.75323896818724,-0.3568274573597503,-5.0493377431706605,-4.2559168148684545,5.34041166697467,3.216220847706849,4.45429070916935,7.848980253579727,-5.405460831478366,2.969472225162615,0.8661103549008015,1.7272910029281672,-2.645902313918427,7.235057557801023,0.11171266518303595,2.6318320339998946,1.0358256865270068,5.942042794898887,-2.055145539515011,2.6755103972065197,8.03962015889952,-0.2926726312089081,-0.8800315825926921,0.30688744092490877,1.79340129930447,4.463623938044866,8.008372034017302,1.2443769608497464,6.521063814414213,7.06065265809896,5.441864820753049,-4.115838302023885,6.511169288896182,5.827369641113651,3.8237890023840033,6.5581340607427405,-1.2546663828018756,-3.218626576277501,0.8786662971963389,5.9072069241255365,-2.220518444441723,-6.20322731538135,1.3757921991739226,-4.535043199857003,-3.5444884237303396,4.643636167447579,3.988065223233468,-2.611116288765937,7.746808763210041,4.290962024823057,-1.7432533010570403,3.5932722829862493,4.063898786109957,-1.5781559461320678,9.841815393522772,-3.6425839760695546,5.8158963205951535,-1.2391029815085604,-6.041859382703004,-2.095586445552482,-5.8410419132594384,-2.537866819086976,-2.795203908343028,-6.312921510774837,4.3222150823565,-3.8460352677751724,-7.009736089349208,-5.035842582170557,-6.960645774356846,-5.888189509734931,2.2234440071498605,2.6809206326751407,-4.666877563082679,2.0868588578629224,-1.992106509385426,-3.4746099863264726,3.4244711410460535,-6.4013462538209,-5.073973850610594,-4.474076989117697,-7.585540792574794,2.8356525444424094,-1.810953229914681,4.1595931228069505,0.13371117757575068,-5.9369745448451114,4.595119544588833,-1.9668241203896857,-4.608834496384671,3.6890123629163947,7.972669653231834,-4.617284661468635,-2.369783952419172,3.202735181821989,-6.914368475178575,-0.8637443810472546,-4.7666748555519645,3.8817010742965286,-6.354130409046008,-3.5618964937206083,-2.0568592793587137,-7.578602657610798,-1.1822956720928517,-4.070957086421271,-3.6210523398253383,-5.953296684695403,-3.8095265945445718,-4.420986157851955,-1.316178574913918,-5.339433785044831,-6.015614902754384,-6.191630041042612,-6.105910535361704,-3.981989771948538,-5.181125758671859,-7.599847601028557,-8.055600015585984,1.5981006412372913
6.171452168241557,8.61342899057175,6.4051946927605705,4.271118144969567,2.2788083834100337,0.008289755209270288,8.751077944696204,-5.189547820609941,-4.237638501678058,1.2853318391801116,-0.1289866848973848,11.916086656495244,5.722001760771633,10.560227871006337,9.027915709200729,-0.887980934453171,12.057693696221433,4.975498774307012,7.584392786239799,3.4487081888741415,2.3020132870918606,13.088814921239248,10.72826126899834,7.600419741075009,2.089505564811308,-1.4766095261612502,8.052964537084277,-2.4381164915483744,1.6810607703029403,5.457015571822712,5.285924823413227,7.584169978237478,3.622412578147879,7.171662001958171,9.427580830865251,5.5454212537776915,-2.980340325277927,5.298258180316217,9.124315959416045,2.8792739712507047,10.513422643283542,4.806770727408169,2.6391466210226295,6.05466625993094,7.601196643289286,7.022776167080463,6.021646699564784,0.05062047816469485,-0.6159252994083811,1.2724348044770752,-3.4835917006220156,-1.665462938204645,2.222306314016451,8.938608991676388,4.884158893086646,-1.1609962587626046,-5.297016864370528,6.857650510851332,6.7256518357472235,-2.19451284337971,-3.6925030605111475,3.0570671433920937,4.349467997129749,3.4489995533170332,7.024469619916905,1.2702172282105026,-1.2028703849698565,-3.690261895440859,5.29712198481005,3.7506450804705556,7.061507465173333,-0.5180642559787458,-1.1207238197983955,2.202921637680432,-2.844742551722034,6.502537132211306,5.098207384142476,9.079107710583239,-1.5734848255043912,4.5805760988395,0.8410881639968245,-2.1143267940722126,-1.7111600336445756,0.08019662126029709,-6.271542681050376,-4.489661168579732,7.314513367179678,3.2124980363703983,5.515488281847441,8.54267382961118,-6.055575511696311,3.9534149134633974,1.157420747506927,1.2358189330558957,-2.2830739205763777,8.81511356090941,1.0336078523280912,2.4111580295313106,1.3344043403045516,6.070613057333092,-1.8404506317496092,3.771844885049226,9.452561926949079,-0.8527990379534528,-1.2890836834952493,0.7784624238432263,2.9770634804470126,5.542550494505964,9.692831688497797,1.6120054097810885,8.097495990985335,8.496572533014467,5.4439687545836035,-4.3273073537031825,7.394062802941357,7.2681665555599535,4.364454746845204,8.41690707503291,-0.8766387804921295,-3.2852005868367957,0.6645861603623773,7.068391435469091,-2.515586635418099,-7.7541996900843095,0.9422692529684561,-5.055071634792992,-3.919231443040423,5.5212088338422065,4.875491301866827,-2.3688722694457383,9.48887913591028,5.2512169791986905,-1.2698578176173807,4.732616304967955,4.538961228438008,-1.306288311178174,11.59928167976115,-3.816081986209057,6.221879013466359,-0.2783274561281724,-6.982359316619965,-2.860111806311177,-6.7152948514223585,-1.9500088016161174,-3.2831788525626293,-7.15471717908691,3.7185549082951375,-3.159450849596983,-8.425066440807608,-5.297132170707649,-8.582499807492269,-6.580664743731659,1.7498573729884381,4.1059974482084245,-5.568559791476381,2.7076411420026423,-1.6590169679046154,-4.3656382409095205,3.2755979044505574,-8.30089262938876,-5.8925164268279895,-5.869538946253357,-9.272468039895658,3.1097252531027193,-2.1222925272142694,4.441362004268002,0.9832735602766564,-6.946096481876077,6.0245452853919454,-1.430137054983882,-4.967328036602507,4.076092078137446,9.328470544166263,-5.4359129329032285,-3.1282590954182603,2.718617794856661,-8.463318637325742,-0.18651938804603185,-5.9860178012261755,4.593189089453273,-7.482547404627164,-3.878012391019808,-2.3459374762334684,-9.15339064801942,-1.0441336639037848,-4.764464963190192,-4.515680889860989,-6.8456741403226555,-4.065766599203745,-5.947387505862701,-1.298124164900205,-6.371717101593049,-7.133476584308289,-7.118009478502054,-7.0255529773584975,-4.215960684840708,-6.287227178739191,-9.288999254849807,-9.924943764585436,3.0845667836546715
5.79466963697405,7.611711502891426,5.35126410555753,4.52223725769728,2.904907386849725,0.20474041378151905,8.772253213071368,-4.688176953574974,-3.994923451152072,1.9953994669685722,0.28936839735940995,10.952945506826534,5.370094583417436,9.678027390560668,8.689671665826163,-0.4761137011879133,10.689396129707324,3.8706843626208434,7.636425123942651,2.545870507183484,2.7354078384241216,11.72779505159676,9.509334013814213,6.545381638626623,1.6262931677824413,-0.9083847867289556,7.215584371284405,-2.2491788243997375,1.1381926188042208,5.683791917938119,4.349929332448585,7.684459911672876,2.943338442038689,7.494696768800199,8.650095863425602,5.70184668445982,-3.166516979751184,4.2444651208312525,8.33530677615253,2.9417055912735863,9.6883077650272,5.491360460537894,3.2832977068217306,4.680768785068415,6.200869176448706,6.872063793164852,5.816053599974856,-0.43564317146812204,-0.060606281443312295,1.0865414244125222,-3.201799151449827,-1.410576262979173,1.4166959533122756,8.306868377907684,4.38240105313938,-0.12591829267906385,-3.9537854271792625,5.809352362570547,5.813730733063699,-1.8926857152659184,-3.3276863604976255,3.485328123797469,3.662205823026547,3.057303240706866,6.345853428794421,0.8071520745520456,-1.2169240062354272,-3.4656485583307495,4.808084043197042,2.7207766352233764,5.921418478823534,-0.8973820391207975,-1.236162171318876,1.5291298345563642,-2.4526686258408286,5.521150122012793,4.411319122483927,8.191938578056277,-1.9811198878617662,3.6611363599695435,0.2970881567658893,-1.786993271997964,-1.7252490893780146,-0.28981523469795034,-5.256076248023358,-4.4317355444127005,5.835181915511032,3.182429005181514,4.672409945815907,8.11000584066297,-5.436082505795254,3.1119684100131497,1.1140653011396902,1.4352479071739586,-2.3993340086235286,7.721609581566848,0.36489551934432496,2.608468816702876,1.1044551659815078,5.559385951564581,-2.1591806264513553,3.0066772446730727,8.131221660992406,-0.5849668565597045,-1.001114681287228,0.23818354387331264,2.155164714098504,4.38661046001475,8.232714179188644,1.3362159585165825,6.809820779877432,7.156962590642702,5.256590223573654,-4.0711679654400355,6.635224236728109,6.240451720504544,3.680258587775728,6.980871081078725,-1.1126548435720434,-3.1656612112519076,0.8093421197406934,6.088136282062861,-2.2529746706850005,-6.526552288282947,1.156140581764566,-4.733938429779297,-3.476827343865658,4.561432060691937,4.281301580250498,-2.373191897572889,8.007977816980828,4.413051997583829,-1.5825546349874373,3.850572508636341,4.301389849669109,-1.4397444232566248,10.187198856323043,-3.542700166996169,5.901679813991445,-0.889363898979477,-6.123279037174908,-2.3890865201898173,-5.856165717276892,-2.34377975321364,-2.985402353061231,-6.43047329037691,4.114837996405429,-3.441546255288051,-7.11537264784109,-5.0149902683228005,-7.256274034990606,-5.851949616162973,1.910050442025991,2.946778495643174,-4.8052598863922125,2.1653220411419367,-1.6969430500937206,-3.802867731120908,3.297030648474552,-6.750341133888874,-5.047400890651473,-4.747984881425329,-7.894787163610655,2.898823775896071,-1.7927494376709665,4.177189077409847,0.524572069719438,-5.988200794448301,5.035852769410254,-1.8528686987209404,-4.466930463478419,3.677900611806327,8.103304623702476,-4.748921999687081,-2.5400610872425706,2.86264191526779,-7.172777768110237,-0.7204743278720407,-4.92616569106704,4.174728154334924,-6.4881737821688255,-3.4034171364380783,-1.960117170656919,-7.813110973956299,-1.1512501297692272,-4.213215181660719,-3.7809385985288455,-5.940503404443752,-3.9074463782731894,-4.7594904464783845,-1.46663176162404,-5.500595818460284,-6.134826953686747,-6.3037979261648225,-6.183659115935837,-3.981330397505905,-5.403989351524684,-7.91338784837161,-8.310292699979655,1.9321368500171374
5.030656613055568,6.413142625737252,4.20902333636869,4.8894216325198325,3.343333395008431,0.7805595957947186,8.354304634240984,-3.9492189902514734,-3.5137252816436524,2.7062840980616514,1.0459966577823496,9.697856765872045,5.01917343041515,8.442999817074522,7.830629583844164,0.41806085082041117,8.9497941045338,2.6994756165543037,7.465400888945355,1.871557797084916,3.2590369068775433,10.009702599546582,7.917173753615599,5.531496979137935,1.327153610741425,-0.4201785405984297,6.327344242957504,-2.0808618539644113,0.7940023404150021,5.712009813601129,3.3926334743880093,7.3985540854696845,2.614549611757225,7.381691334915835,7.676666196579843,5.899407711452076,-3.0180303018560934,3.5963028642150054,7.326104796771662,3.178395456916158,8.388802333955683,5.735087642928782,3.6526827067559986,3.3575934616234964,4.782598347205677,6.137857318231198,4.887415986265206,-0.9170501706263577,-0.08004599322612499,0.7552152708732485,-3.1157448034409536,-0.9379309593545305,0.6092976960215909,7.199002059163822,4.08634819607953,0.8900293767556596,-2.7292900518011938,4.5986691753595865,4.701516545528762,-1.8158393399563513,-3.1575294180296316,3.9740161481878684,3.1891146407710775,2.8878299901931843,5.929501729209874,0.555780710355821,-1.0611473070602342,-3.23445574813773,4.284542201268175,2.009656178663412,4.8003956416556655,-1.232899420304779,-1.2463072563989723,0.9284716381357011,-1.9452061392349265,4.588624667386673,3.9279295353970056,7.312345693582503,-2.358782967295512,2.6231226378684602,-0.10857920498540168,-1.3881399708170437,-1.5744962274741237,-0.8832285580301198,-4.276805515024294,-3.8966157931825682,4.318609350953228,3.33017417612878,4.134210428959852,7.161289612194768,-4.71528038402533,2.573092279509934,1.3997471269279598,1.5029203410817051,-2.1245042866272073,6.443610148013466,-0.18487395749890448,3.110727583401647,1.0923240731946275,4.893853067343051,-2.4260650281882636,2.195256547272082,6.4491275992529555,0.0007284397274468254,-0.9160415012053938,-0.07463625550783032,1.1827488203933196,3.299356195986165,6.6575002514762165,0.7692124344669878,5.407747565873005,5.712099784307081,4.8636332878123,-3.6458382158833094,5.471900485150839,5.251978494418221,2.6603512281974906,5.390021123312587,-0.9930510190856743,-3.0592944396836876,0.5597554487905165,4.69542265795492,-1.672195039705734,-5.236498059839198,1.4894987512778337,-3.928658973831251,-2.976621120122995,3.4839387355062437,3.3668678792384017,-2.254803691662504,6.229431542362276,3.4205004970405684,-1.7796630181669395,2.755394520774911,4.176490240026715,-1.6421494160499297,8.629394560006572,-3.1424369343318013,5.06929878737417,-0.8947384991144668,-5.236667236432474,-1.827186622695903,-5.096480769367186,-2.295028085973844,-2.3706418108095675,-5.549377134723466,4.199119718981283,-3.651168798849007,-6.002387797043136,-4.621829606835547,-5.8335955364088,-4.8570102197506895,1.9713095455947984,2.0153524703932217,-3.886207100974879,1.4213958667777828,-1.4739141014216437,-3.0911808169642807,3.439229943540433,-5.373194042516239,-4.281745028304104,-3.744715718796437,-6.499631865911329,2.7057210081030405,-1.346054333637209,3.6335022107295307,0.1226077642307086,-4.926274205817326,3.9533472543886297,-2.256489207991959,-3.9639981004442015,3.099746313362914,6.396457026299442,-3.990305964039828,-1.9725429047757155,2.657084971403857,-5.821963333765446,-0.8972825950818796,-4.014645564918045,3.558787702182955,-5.5736318785022645,-3.014187960526475,-1.604637844763869,-6.611336586172572,-1.2751656333620307,-3.5279755399621875,-3.15599547755846,-5.055876766727868,-3.4556688647054674,-3.469679709617656,-1.563492983449517,-4.62253406136129,-5.106165533456361,-5.478424017767562,-5.351015180714021,-3.3683994968217363,-4.602028758810943,-6.640417165029962,-6.906628850607606,1.170044740251987
5.992210722052745,8.461961808043187,5.746242647672378,4.537025682654307,2.6163875117930915,0.07277613886445183,8.59794434750903,-4.918668618921269,-4.169609190281459,1.3715162282543512,0.20855813851261187,11.54162219660859,5.2807257190740815,10.202594012073826,9.207018012905415,-0.4946196369721925,11.261780967178812,4.3183710928378725,7.39406048296126,2.5604543722500868,2.2412031367263596,12.305430312198279,10.168866466281461,6.718517155032611,2.1736114778115243,-1.0929119681904775,7.845105922065785,-2.3179637984738735,1.5080180885724488,5.838420595372478,4.947071425362869,7.535767549107285,3.490235383137088,7.356826913846519,9.467250373673417,5.742220372454869,-3.1667389476934553,4.87543252988709,9.162617275428254,2.7885128213591477,10.352027933303601,5.398746848356145,2.8199862162464506,5.540978670217285,6.912895578521826,7.259034233499742,6.216739293452263,-0.06889426748782558,-0.2367701408536662,1.3045476865433432,-3.1942581482523424,-1.560133143297903,1.6456938771141645,8.638777220373882,4.887602948200817,-0.7031775225133344,-4.47044951798357,6.443201840224611,6.5117873133406174,-2.023336846423725,-3.6295381328466134,3.2935657556959224,4.261370035179002,3.538168868553539,6.994867847488123,1.217080934748124,-1.4250197813727736,-3.652770546607901,5.239955372836776,3.4707458724354665,6.685907571058102,-0.5837460144025549,-1.0978376626197162,1.8503049282093709,-2.650089942836052,5.986700776715683,4.868429836341238,8.810806401160285,-1.710028985759194,4.044381432119866,0.6723396407323093,-1.8819610072389985,-2.1138558884716305,-0.16728375665923745,-5.638003866353765,-4.449680824419913,6.750171965315998,3.3768496898015137,4.87461990070881,8.652298937021284,-5.759984332682183,3.732656211298025,1.352755339113944,0.95976384045644,-2.309751542444211,8.584694882073018,0.8322462902420699,2.4356098681430085,1.1330435157281793,5.313868999354092,-2.032873709563088,3.5321611817665137,8.875221832147197,-0.9671933261058135,-1.1189959784677586,0.12281603809587355,2.6979624717475916,4.530054612010804,8.847952883476356,1.6006801624458185,7.21308897003101,7.4969383742974,4.946458574171388,-4.106765564340273,7.002869239827121,6.8989277217262925,3.837330174397685,7.941363863322583,-1.0896599614722928,-3.1811875651725603,0.7805336477313163,6.810075132271855,-2.3728838142873148,-7.148815518610841,0.8336243393718646,-4.904803527141967,-3.605406785013197,5.091903873887024,4.826950343532511,-2.149321011401113,8.895662860788098,4.604059536509521,-1.4309504987593986,4.498713888296116,4.595372017521547,-1.3702645541453746,10.976006959835255,-3.677541378140053,6.272849743441,-0.46429718490127964,-6.598564520166846,-2.8478158675408203,-6.497763854303121,-2.2601189322013564,-3.111676081859836,-6.998882742538057,4.094656056660933,-3.2302268513587484,-7.895565110733445,-5.12960543967838,-7.904907238869383,-6.244660004857332,1.7562461338983102,3.6771336407241626,-5.377678793379711,2.1272655728552397,-1.8214917135001147,-4.104771540386215,2.978857899810638,-7.602640836256203,-5.56212594099263,-5.319628004716164,-8.6327135441729,2.786664522959529,-1.9929239202900297,4.438477873397995,0.5921696111263308,-6.4884348696575564,5.814511971124906,-1.6675987026557773,-4.900404080058691,3.868806871296486,8.829982798487965,-5.224004020542212,-2.6984986244833977,2.933011634031708,-7.90280572239784,-0.4486203098285241,-5.410351794373407,4.2408872236456725,-7.22131060493287,-3.935447689612174,-2.0280560080975154,-8.60371200987796,-1.1026096120535789,-4.567131489733465,-4.191983184152434,-6.399526858538676,-4.091094580509673,-5.366969777907122,-1.2662447398406527,-6.161179898988192,-6.6421847683727995,-6.833731383327145,-6.80276915426541,-3.9384974343531507,-6.035947821343382,-8.7606986097228,-9.212067912549527,2.676239540560523
5.664061216607196,8.004987190124362,5.449118336720337,4.936346217725727,2.9681998346523635,0.42411898668045805,9.011823964078047,-4.91481464356106,-4.142780178742516,2.139042252223516,0.4767816436159676,11.357032530739033,5.652556124306587,9.952388794977004,9.077403173662995,-0.23507654997521768,10.868766242495173,4.023430309997673,7.793546958376056,2.501377305723771,3.0095349622611014,12.179130362674462,9.729728113311399,6.7986108011002715,1.8666461216176804,-0.7386379621075976,7.614089796755004,-2.412944252927278,1.3093551502864893,5.926436462535053,4.4426059657988,7.793296566280624,3.359819885488991,7.630134387174564,9.160556548748321,5.95491787819133,-3.228565274577211,4.723562673744013,8.898041909061904,3.076692622445705,10.004135129589617,5.795655900089307,3.301994781258214,4.97487890727326,6.361626759003065,7.14344379443071,5.933804038840134,-0.47747712228687533,-0.10311461611658505,1.1664733726281271,-3.2761059537175843,-1.1560662913603006,1.2740707327501717,8.441695099514938,4.726725369771531,0.03465135339601707,-4.126456944141035,6.179670557707534,6.146156061038737,-2.118004363734487,-3.529429713908685,3.7860861332315943,4.021193462123619,3.471814343803367,6.905130772100769,1.1007197565441507,-1.040477328245665,-3.765559148519051,4.959062032653146,3.110731967671418,6.292070526673733,-0.8513867329100564,-1.3133711938431347,1.4665170507004217,-2.587531182916211,5.569322027170609,4.828459438122771,8.686006657608425,-2.157316359363123,3.555246270191888,0.46930811336366896,-1.7210762291271544,-2.0233343279398617,-0.42234400393657723,-5.542159770992183,-4.442835236942641,6.047088109371835,3.403628735063415,4.951683604829424,8.500078221053325,-5.544315537423195,3.517708846976196,1.3966347530902752,1.4554789760320606,-2.419147479955314,8.17702871901713,0.5443118980217019,2.9780752383184326,1.3738677733530547,5.645537637106901,-2.295111505419919,3.0475000077502323,8.32726656914805,-0.3982216478807448,-1.1165408468442524,0.19733597821648524,2.258698172392289,4.412180497337953,8.434428778045028,1.4362976413981894,7.032574739886046,7.306771402111444,5.4871661793552695,-4.081427615336005,6.778888393875009,6.575926231601241,3.540887016687516,7.274613480859322,-1.1531068827862576,-3.149647867570317,0.5618120727618847,6.245789190495767,-2.2120846093768463,-6.878730166834202,1.097364859025109,-4.790142589936738,-3.6446428920714515,4.592068396961495,4.477183442144183,-2.3560824832196485,8.235025114347698,4.615359205580776,-1.6366551368083597,4.073325396997238,4.785685098643156,-1.5329982504926645,10.650624586339985,-3.684114826618617,6.194514487183166,-0.6845671559078511,-6.56000617665513,-2.575399230260782,-6.280965614729149,-2.43154383859653,-2.987813716220203,-6.7468781626939185,4.200806811394475,-3.805771627564036,-7.584484849689741,-5.259086813776276,-7.547085694897542,-5.824255139634558,2.0403970554032878,3.1144368735293555,-5.092046004809748,2.1661990757572434,-1.8517168600947773,-3.969524720492729,3.4825402282754276,-7.318771769504271,-5.394282640932748,-5.162537155213022,-8.385263081779659,3.1250765831478757,-1.7797654825236313,4.13299117635964,0.3863861032904951,-6.316782046898404,5.3844192901071315,-1.9307898408838677,-4.806590450711729,3.926698165197587,8.253458299332534,-5.02425188575449,-2.667678118336056,2.8109900745583465,-7.582339147895529,-0.7853292988500261,-5.116870623650093,4.018415137360298,-6.890102230499154,-3.835021736818976,-2.26451118220149,-8.427665553710304,-1.308429204651271,-4.526868819328661,-3.9840935074666795,-6.180251168547726,-4.155798634171358,-5.051068521535594,-1.6477165845625983,-5.838373433469417,-6.456331172513526,-6.6760184962577735,-6.5662818510374805,-3.888431283332007,-5.722977217362827,-8.378697980004397,-8.841407772432323,2.096995996331049
5.4249581478848645,7.289717190665706,4.727081083953182,5.02825298249036,3.1991196246085827,0.6371682628898805,8.84875207793253,-4.494524383511754,-3.8880689479226818,2.51455087482574,0.8718952145554453,10.828852925293097,5.543215713479167,9.317524820332707,8.714324623734429,0.17827605115542547,9.96680529327856,3.3599291043810706,7.763945536381113,2.1361101788921095,3.215218052527144,11.184485088791973,8.912773893304898,6.214418675061334,1.6512002434384399,-0.5007109832629348,7.250201216227652,-2.2037526459378776,1.0579699066593395,6.010282077317609,4.00492066358257,7.710750437848328,2.912868931909028,7.6939579385037025,8.625527835379373,6.209851735599039,-3.2585415357208554,4.196027205570253,8.229265233708958,3.164924340726528,9.304794272263509,6.005515868005249,3.5814270034247304,4.124727989679929,5.426302484475447,6.764366476986537,5.498879289224194,-0.6727700022873332,-0.11065073947277133,1.0614663287673856,-3.2535567245201356,-1.0407321775510352,0.7820502808873644,7.8355894736525125,4.5929213130745214,0.6257403661185641,-3.276897733598225,5.540590403494725,5.517846974878739,-2.065486115561386,-3.4205463215201264,3.9442643034783704,3.6072516214702928,3.3334308732993123,6.6104640191305855,0.8926908674897899,-1.1740646161217487,-3.4506467164896932,4.6314946334505125,2.5717528345496525,5.712147147078798,-1.162295636593041,-1.1838286298607914,1.083160472146793,-2.2968059502506284,5.112849249450282,4.400306009478207,8.252484770903532,-2.344636662069709,2.944980433047219,0.14109792212494207,-1.5994244772977133,-1.8706859174161048,-0.803064907226307,-4.938947971023729,-4.385351848669509,5.201027590750473,3.527997984974592,4.669295615756619,7.967476550701154,-5.1536791910502835,3.086367441771264,1.4509950845612125,1.5013494007959556,-2.325228976287977,7.374818314614539,0.1480357408677332,3.1301038478174794,1.214358692265261,5.277039093996297,-2.617330219440932,2.571703874447119,7.377337281338439,-0.19400147613734672,-1.0733426421523484,-0.15934664204132956,1.6561318710166204,3.7714384424763314,7.587884341427619,1.1560058324041664,6.275181513923554,6.518314906128914,5.250540233888622,-3.859780297927852,6.24060799429573,6.04881599701597,2.9672069771696554,6.36653909015759,-1.1354059700910117,-3.2400690631848703,0.6055681768424003,5.450951465008707,-2.017076956121346,-6.065621080256469,1.4121124203799291,-4.501334803122002,-3.289669424109695,3.9589967532059305,3.943527507024526,-2.3600315046252103,7.206307771300995,3.9032369731276204,-1.7952747950179209,3.4652590965773893,4.488156353657794,-1.7132030789508697,9.759267333537789,-3.47032432576897,5.697783692764882,-0.8832231436529376,-5.972879078788912,-2.174881444547163,-5.800277280343533,-2.3851918318259635,-2.730720957806436,-6.226574974130021,4.341746050720802,-3.806373735892066,-6.937993079793563,-4.965014037279806,-6.68981093154172,-5.44990886985029,2.0769346641173816,2.5290927472224634,-4.552089736639887,1.715108210285165,-1.599534736593704,-3.4421346838996807,3.450484926481922,-6.304585237740787,-4.995887807204781,-4.38246274382571,-7.4989652203469515,2.9243534162242013,-1.5030257249681642,4.011637290783657,0.22640887903063672,-5.72631151056074,4.646080631393601,-2.2442445691773636,-4.418284481275549,3.486737329014659,7.298858564745969,-4.532602178960734,-2.2497472963355216,2.70418799458464,-6.733006122430463,-0.7904156277031547,-4.550285719971482,3.86531409521692,-6.313594038530016,-3.4760432829736776,-1.8271981179919412,-7.605671062790592,-1.1741727777712834,-3.952830501720634,-3.6958546219420985,-5.731620649185729,-3.84471718063889,-4.2486129934558186,-1.6472359530259175,-5.281838741389851,-5.747828731502337,-6.17774832365492,-6.040302283295992,-3.669280941615291,-5.367983541088837,-7.621023209564218,-7.895821567893041,1.664671980163192
6.019465449173679,7.838051343115166,5.921404531569893,4.353634737317764,2.951661959274548,0.041334290852350304,9.023839869227935,-4.88201432420948,-3.963882185321947,1.9051431954609417,-0.03970841524906578,11.147005899405762,5.370859288145657,10.127119647006158,8.727051503032827,-0.8105628711215328,11.271855050831757,4.2868038342975625,7.931239066092044,2.937997272496689,2.6905648508973248,12.286700674816977,10.061128594610025,6.8820208331126755,1.6196063348718428,-1.1237950818193887,7.3191098124105505,-2.243421884376692,1.3756506582789894,5.686460884797779,4.558270248875957,7.879044165715337,2.9370194747972804,7.564121902380493,8.655319005484673,5.590836233897933,-3.2101012781475378,4.253265239352842,8.41053796479156,3.0763912444781893,10.125986620600258,5.269089806709948,3.3886063559787662,4.782098796293703,6.696842937103418,6.963795558206503,5.975585049151022,-0.5199914128999057,-0.027989502750328715,1.1893268318781451,-3.244696480352385,-1.4728211525842285,1.666754044877589,8.72504524413387,4.527090170451445,-0.48744681716568344,-4.394956202171804,6.033550612801885,6.076646952414589,-1.8893316272893514,-3.677986163923546,3.4005814545085338,3.4740932989138584,2.847769324398144,6.20637377851344,0.9073322369306841,-1.304962575482295,-3.536524082386515,4.901900086361497,2.668657924136171,6.07359018611891,-0.868223989665975,-1.3232445672097846,1.9023946295082763,-2.5948575851305145,5.661138177030756,4.4796485503470755,8.283284009703324,-2.0182266880648245,4.1771673930609525,0.3402588384684982,-1.9308416886961361,-1.922633726252095,-0.05554619597198571,-5.617087673270039,-4.212186958546643,6.195863402644535,3.0254848488523267,4.743295945995767,8.160202879717232,-5.678890940991548,3.3372330850446383,0.9025471463734936,1.4947664421726758,-2.601253519734581,7.826883599297057,0.566783467539962,2.4808003044633105,1.1984344163281908,5.998051313518675,-1.8387150029399673,3.229865982584427,8.639561044257187,-0.5663162953146151,-1.0440121720085052,0.6301292129354369,2.371629241880227,4.962458121297522,8.706279408478284,1.4240268210103413,7.150500990302366,7.613907612266215,5.393301580726126,-4.181031683700155,6.9023647979075164,6.368615596097644,4.2156902021522615,7.284116203828286,-1.160658200076361,-3.1196517039343528,0.9263081267001839,6.502963075354805,-2.2580928702135346,-6.7592775605325315,1.049100993257823,-4.612876945257275,-3.7209633908200916,5.136066439104495,4.386105774781706,-2.5130308498464973,8.543804185238782,4.76487850746988,-1.5174291785375438,4.051038700239781,4.247744349053185,-1.4050573500454528,10.544925495666039,-3.7011795951550677,6.077859175017923,-0.8097756802905839,-6.408871989911462,-2.46037510681612,-6.303382312270885,-2.3421231510526974,-3.0431732874207706,-6.765387771710555,4.041121248727242,-3.5190912906891785,-7.5868287527561415,-5.068794199314471,-7.63274853579299,-6.203753151152174,2.056115201708441,3.2310472334896607,-5.125102154046777,2.4422814504492925,-1.8953294592620489,-3.777278408366879,3.4502025157533116,-7.1146143896778,-5.547000855209499,-5.0452744433132795,-8.277880055387609,3.0054231551280335,-1.912422380675536,4.237144246568677,0.29432932839925974,-6.364435308107153,5.165777358325245,-1.5902002131459434,-4.8480412700694115,3.7820224645667344,8.630160234552285,-5.073933694676595,-2.6862743766949895,3.0517883529205525,-7.567201905287858,-0.4238167705101911,-5.253993728968047,3.9398949450337946,-6.8588078891938595,-3.7987923988068046,-2.2263204178085236,-8.125673249445342,-1.0615334290431193,-4.266643628100145,-3.967201649999907,-6.310837195675107,-3.7968599877388467,-5.1037287936063285,-1.1566993967580954,-5.818368490421881,-6.560419734800168,-6.634764482304368,-6.494265175118599,-4.005719322141808,-5.694519881794952,-8.285160372549273,-8.823409662060815,2.266581749809263
5.944839036244214,7.79076294386594,5.486384861200818,4.662014657859652,2.910998798559826,0.3529781820544398,8.899136685732062,-4.803859841135305,-3.975870061976965,2.054772740914887,0.3885633771044634,11.298420874178147,5.63386223007652,9.899165335330157,8.790142343204664,-0.2525238554843902,11.008186759500619,4.017326969670041,7.855136091283927,2.7924202371621143,2.8352892156926703,12.049987251742422,9.754191204033713,6.9063248724373105,1.7143763386070974,-0.9691343262177934,7.554458637514087,-2.440775840770701,1.2260609842975214,5.861701607530893,4.572838832786497,7.809649296941166,3.1077273575802615,7.61160393908543,8.964222100490254,6.01473359101656,-3.1689008342447655,4.609330137202081,8.54915112149757,3.0584337868005917,9.83780081663594,5.522429904852801,3.2959740453265667,4.914909076325258,6.353917558274497,6.81742581443896,5.6498420664582625,-0.42215753961414204,-0.4717284408052234,1.1601617487004374,-3.4873314143391507,-1.3956768012899063,1.4762802242269149,8.470622215644982,4.646777792715594,-0.11842274391884157,-4.164318745133016,5.990839021678499,5.981891928354428,-2.027549962317641,-3.5942904115107677,3.6372192986629877,3.9170181512365096,3.242779354704184,6.717597737299488,0.9393399973378049,-1.1302213129594951,-3.551553423842437,5.01991761600627,2.9421838577247077,6.2497481754499855,-0.85754991548721,-1.2742146293823617,1.6449465985164318,-2.4172810711084733,5.8433724202683495,4.7016440061736136,8.557579677812084,-1.9676599537905104,3.7561379797833667,0.4414855398848344,-1.7749112784532872,-1.5897343904936743,-0.39274471775237957,-5.4605710544454045,-4.367993034462246,6.046291378803443,3.422090246460489,5.04280575234664,8.097505689379263,-5.572455998827831,3.4638264261623335,1.2263271304354393,1.4309955153847582,-2.2472960928516517,7.955574712107884,0.476570138993974,2.785369646114207,1.2345531012884172,5.683070746455865,-2.244411927050407,3.080299808889779,8.312101397386847,-0.42487709344679825,-1.0810605648036287,0.22086796307811643,2.0851538386768045,4.584291773487881,8.533901213233522,1.3601725487386924,7.077362185498584,7.444845602876253,5.320048090477683,-4.112737243702067,6.737700266684509,6.493613055262039,3.5944480152976954,7.2150836334234,-0.9909797127018597,-3.4646776757275513,0.5936742719372603,6.052350722235782,-2.1924450040552275,-6.81264376833928,1.2366142732287544,-4.68985656208945,-3.580904160987219,4.637280370356489,4.230856257482596,-2.484351802558395,8.161462400852269,4.495336033975,-1.6768372464404377,4.003980170851012,4.378707880677005,-1.554202078915279,10.571990791781444,-3.581100734034369,5.818475103751203,-0.6898685052428237,-6.420381566504443,-2.3987958966929392,-6.144924994884092,-2.3314842967932012,-2.9223431097397854,-6.596393829823234,4.093297627149243,-3.564304660499199,-7.508941412675185,-5.142404975552891,-7.4953561683321315,-6.012728732706256,1.9529645361909,3.2627937759952714,-4.968038735391732,2.0992053482475748,-1.6625453682618045,-3.898700271617066,3.4020572236263398,-7.139057042596991,-5.3298703300072425,-5.022286345556425,-8.224493935845837,2.955866575267106,-1.8647719916729433,4.2137821238214785,0.7036827847026209,-6.240022509216321,5.112416825541997,-1.927202684332047,-4.652432510406384,3.765072816839246,8.182752662782544,-4.85842079212924,-2.624891353150964,2.786029151174552,-7.408743224287183,-0.49600470857627793,-5.196586673456625,4.3987318220824765,-6.884482505638278,-3.507796532443932,-1.9839093861502133,-8.201511441140953,-1.1251984042490775,-4.366448356073939,-4.098602214554852,-6.233733306269524,-3.782809395344362,-4.9106377607114755,-1.5562413715748844,-5.679425779685248,-6.449499700136747,-6.521460182102409,-6.511942818784122,-3.9693317962249437,-5.655624223903268,-8.265842509412979,-8.725420386183572,2.1151982611220395
5.802224907133136,7.982190843280048,5.4867723488927584,4.659508830836328,2.968577998724266,0.29324030098552056,8.825652839573644,-4.78725468631616,-4.00165536578734,1.9501524161215726,0.3459336215621076,11.048816436508202,5.338129916624608,9.86557169181574,8.897290319049704,-0.321469368114585,10.7857745644759,3.9573655546244075,7.660014991156931,2.5677674578964864,2.8133339515233864,11.94244142049066,9.675424326363462,6.6035806918498405,1.7223285522547673,-0.9441891823044042,7.413671483844803,-2.206679829170776,1.179075698205789,5.9019209542174,4.407231047445225,7.621488342466545,3.153278210792186,7.4614849165215,8.865513064349603,5.7602385704865755,-3.1972067997220592,4.47641169759271,8.637134445719704,3.0086043760760894,9.986334878515848,5.589062698058142,3.246518324812723,4.802163953489954,6.425661826182271,7.0385742546573145,6.0086319020717704,-0.36544606193667817,0.0014744063792040383,1.2044721085886063,-3.122223201929281,-1.284435126945439,1.3487605266378695,8.377794791523286,4.59221613857404,-0.12710051410897458,-4.0097111704336,5.949839618816815,6.039744933132399,-1.8651870217184774,-3.6744551966768837,3.569046283708733,3.784021072351757,3.2019679620635264,6.5798348702473834,1.0367989234831738,-1.2796204770107673,-3.5600834956834166,4.942453024005482,2.940480655456389,6.058710734124084,-0.8022498887832292,-1.2629303149451316,1.6220601931970893,-2.506823595324764,5.460757748236237,4.615346406891668,8.358974777650873,-1.9837756856802913,3.788466813196177,0.33424855423332456,-1.7662901362202403,-2.0604840392353596,-0.375655701863966,-5.348524992894298,-4.259685941182307,6.000823541381741,3.3069986028992804,4.783017978806992,8.253890541596428,-5.499932595266838,3.3598507111264095,1.118833652910946,1.308748881634111,-2.396971398819015,7.926605838523672,0.5284197335955721,2.6792440933498023,1.2077910390634132,5.562198461229883,-2.0168553207081406,3.04851057048602,8.363275754811301,-0.5062983226349769,-1.0039269592737536,0.3150239677890662,2.267167365890558,4.411615853905706,8.383452636003279,1.4059274117803946,6.868273988652149,7.214812727898582,5.261126822144694,-4.139004222467898,6.72113618702854,6.349532370275164,3.6924967775955864,7.191771342287636,-1.2213635639131868,-3.1392207094448263,0.8317725221945714,6.342304668493461,-2.279815819561276,-6.632908970994889,1.0935663214851885,-4.662996646865155,-3.5705350243581937,4.784064491637003,4.503115472125699,-2.2018309288072007,8.229277176854053,4.469108116146684,-1.5784786034368508,3.9237728099679243,4.547388236345699,-1.4388756753567633,10.336806730625494,-3.804389864675603,6.051707464741972,-0.6805602560580186,-6.328864115663779,-2.616918006233776,-6.276541161159685,-2.39203057847574,-3.0806381919182155,-6.7633389463334765,4.157915443671883,-3.511869774490843,-7.451325591185844,-5.116033421517072,-7.3738530132745055,-5.919641376797688,1.9822457707048702,3.1585972868009047,-5.024909081117882,2.097614602765259,-1.8384540931077977,-3.840064224455121,3.3520396553185545,-7.0293778018219175,-5.455601170023654,-4.9390649011612044,-8.107336945566827,2.87245910048703,-1.7396305889217047,4.244600771176458,0.20366922881241586,-6.1795326814318265,5.20683370020808,-1.7776275235119745,-4.832794704142296,3.682778188100677,8.289140450883687,-5.015466853215437,-2.658370682962522,2.8744489174189467,-7.352018132811222,-0.7646909764330514,-5.177594223335848,3.8826289362614497,-6.838966039586496,-3.9088995507018662,-2.0603098173464494,-8.057047677860709,-1.2787852500540002,-4.446119908106209,-3.9438929180200235,-6.172106677792631,-4.1139662193977955,-4.879083391015534,-1.1970280599405132,-5.8255821666179735,-6.350064555218719,-6.585389062723378,-6.530728378596546,-3.7806835310639664,-5.643221763493545,-8.168909061117777,-8.665300323424965,2.127369068601194
5.822867200977965,8.516774606734597,5.786391973786614,4.725369783884278,2.6148511104682526,0.22808386186780483,8.97309972056777,-5.1401455223900285,-4.272808197498604,1.6563477561678883,0.17898026731496752,11.8245874461735,5.735193632084181,10.284012794647284,9.395181565960364,-0.5608812763894794,11.341581998823813,4.385457889910564,7.5805442832151995,2.623901844655308,2.6673260404575814,12.658789699137715,10.220460516825092,7.015946044744596,2.117048999597577,-0.9849403791167607,8.056809362398127,-2.344154954810151,1.4570565472454136,5.829325918332486,4.834073904177273,7.661833297134726,3.5596274973192066,7.456787013689693,9.56701159509909,5.8365507904616925,-3.24951063002579,5.074653184663806,9.279448429951117,2.9021051011006307,10.407644723658878,5.6251338728011255,2.9119300115961684,5.528448766482097,6.857743654128145,7.388884325056401,6.283313335733892,-0.13316908437660321,-0.12035947808257973,1.2781839373783082,-3.2371511393489842,-1.3261414688630533,1.5104142455907428,8.63190950056589,4.861855054107967,-0.4408846486085704,-4.473719162481889,6.710810585291376,6.596077803940974,-2.167871355441672,-3.6469599473661565,3.390328188620025,4.231268568648902,3.7093527501610346,7.141497727568734,1.3037502185797105,-1.1091413174402711,-3.809719752878988,5.092320210625188,3.544066193842958,6.817463105662347,-0.768643270331783,-1.1475737204754686,1.5898177620486555,-2.7138999254121763,5.793228458661591,4.953831204441079,9.080454086554857,-1.8594929264019597,3.8268756330017832,0.682868211554145,-1.9112956577451168,-2.2458820180859878,-0.306591648636788,-5.806592206303625,-4.564820273590379,6.728531161398043,3.347855274653958,5.193913053749688,8.862966883047612,-5.8298124552258335,3.7950320687623975,1.3661054459490933,1.3144518339768867,-2.4012168520335173,8.681441292023315,0.7874787953413164,2.7338893965332685,1.3719207321480424,5.643978780676108,-2.187999477692846,3.357388478107858,8.859184583031324,-0.729355169532014,-1.2453149851183787,0.2544393525578285,2.7000092420487825,4.672365071056543,8.980711160563455,1.6328593500554245,7.486633330165508,7.7511145657184795,5.458982131015663,-4.141075815358389,7.18081554053913,7.0219987990337565,3.758170649037986,7.9284313203256644,-1.263087615588401,-3.1618350093390615,0.6282667346259356,6.816892559308883,-2.3975536967145668,-7.318166465139444,0.9592874118295412,-4.987570679692466,-3.735775225129049,4.936800536245704,4.938754503949872,-2.29013374079448,8.883644221448527,4.906888911869402,-1.5219160462882664,4.465720079968551,4.85276918533533,-1.4163184214982059,11.168429895078487,-3.8697166918985544,6.51940083536766,-0.48237485645402295,-6.841178131685683,-2.8268810947899046,-6.664106970486106,-2.309845726997031,-3.1840729928788463,-7.142467088468374,4.159656393922473,-3.4963400767027495,-8.054025808990186,-5.291613106060347,-7.987738387221712,-6.195790531348039,1.934638245027069,3.521908846616626,-5.495607118331233,2.3315665584468817,-1.756002657198911,-4.218298827165796,3.300865671665699,-7.783682588211336,-5.719729477189392,-5.474548501223464,-8.833731989338615,3.146258899384815,-1.8427757729577832,4.379491237114538,0.4858993313487165,-6.759875892734092,5.840845259583837,-1.8176316839040814,-5.038857502266081,4.015194161489238,8.807148902715854,-5.310719623740125,-2.805325820299457,2.7422110853431834,-7.999001886908652,-0.5985952207930478,-5.414229912230825,4.127833666200959,-7.284969602803911,-4.087837879947211,-2.194742509504916,-8.81692699066216,-1.2433149641904722,-4.63397583012442,-4.210855267933513,-6.545394567748029,-4.312954777193231,-5.498422602472218,-1.471943990070016,-6.189522713720314,-6.846112783899037,-6.967092258950317,-6.908974303572828,-3.9848569550089303,-6.1653610490384905,-8.908948552234172,-9.347201343671054,2.603298194849263
5.579737538513968,7.253291097658737,4.6297313285458594,5.06533449794222,3.48259651710733,0.4646032171060133,8.989552423762948,-4.538072599132254,-3.88314482922016,2.5961504917726446,0.823202482780492,10.713961839690961,5.333460555414065,9.357494022289073,8.789511732095526,0.08503246420363923,9.920212031653998,3.0956528764852305,7.934948679652541,1.8359272302041054,3.176509885150744,11.031693620645694,8.890868010274833,5.893265735649142,1.5166090425584469,-0.4429425065928866,7.02233127382405,-2.1754552908262315,0.9927219989425238,6.211182568003058,3.8560845787386446,7.987157960560326,2.6639589197613622,7.977448636320647,8.574003288485951,6.198201371704377,-3.4758104269689136,3.8013280414027872,8.161246746029338,3.2281151725022887,9.418955912887377,6.32056019047954,3.8308518894135895,3.8576059679204757,5.244411573809999,6.97917956730584,5.735548109704138,-0.7743400403044229,0.18514466767150264,1.0022201880713535,-3.210217386416768,-1.1576620657949148,0.6479568943006614,8.045574111675288,4.487988802694762,0.7582889333227207,-3.0444422392730015,5.268280904729341,5.411716309823078,-1.8852290762238937,-3.3880839492370254,4.048983803068853,3.406606194564411,3.1586697782891786,6.342760555948551,0.7539138896732887,-1.155362577786503,-3.4877347978869357,4.620945940591376,2.2296153756776786,5.481369329769292,-1.125560542156009,-1.3147726320126896,1.0118549235215866,-2.2497120814868548,4.973121186087833,4.283959666329321,7.987320670512816,-2.542046401065903,2.9481215378779497,0.05650062893810731,-1.6362404735258151,-1.9521166641712364,-0.7794037113840903,-4.760272423549245,-4.350987587600847,4.990839733585704,3.433207105632884,4.231197193807828,8.130596050081712,-5.263437976107134,2.9181691202338618,1.4545051175140709,1.5183526534649485,-2.4162324829587973,7.233106208050685,-0.0036648310502509635,3.0278114556229836,1.125329012556494,5.1490384082807426,-2.592782916961861,2.5455813955410234,7.340932533339318,-0.24469722817400968,-0.840648845667891,-0.32433473762367493,1.5305334637449972,3.5100728458788,7.343547281124969,1.1828954487683794,5.980335159861773,6.293437919241477,5.182754345473029,-3.923373923323913,6.240226090635303,5.836151961280292,3.0002255941975005,6.221214681447147,-1.302380909273735,-3.195995933563041,0.7982110068122198,5.524625041300967,-2.0331416936450464,-5.794561163047693,1.3483786948778167,-4.372883684498112,-3.2882261303326104,3.9555818502204074,3.9924888546261252,-2.357795413247882,7.12127103818593,3.796895030114443,-1.872036000100682,3.444031745661646,4.396892576512229,-1.7110332660818839,9.531320903443088,-3.433704140669084,5.869885983067021,-1.140169645230723,-5.821107790555538,-2.1427959071949068,-5.651138074762622,-2.7008909071015426,-2.6960662293788813,-6.180333968558358,4.60925120855083,-3.953736302204233,-6.651324296731534,-4.982371891126328,-6.489973320526554,-5.458229968200204,2.1446360576247177,2.2465598090783816,-4.524679191539978,1.5984829587845613,-1.848015927099404,-3.4072670381230377,3.3939872967547706,-5.936825285446879,-4.783563356696833,-4.1649897426634634,-7.2424238473172435,2.817767762827968,-1.5471004135914965,4.070971820507458,0.1192304602521198,-5.4336766072788265,4.57220578698337,-2.2634470051002316,-4.495915806966738,3.5384263890470424,7.347346766301743,-4.4489090886950065,-2.1304032800812394,3.061967629171245,-6.443299240396436,-1.0246653081771933,-4.382546324377997,3.7578425775061826,-6.185208985855828,-3.49018694728422,-1.8301844569657095,-7.347043187426289,-1.2899568322272892,-4.003635727242188,-3.461475334483663,-5.564775477592686,-3.9506027252246305,-3.9980036721441423,-1.6154745359271767,-5.223932765103545,-5.702316631314171,-6.067287430390212,-5.957086008550092,-3.6847817433742858,-5.136683306968294,-7.425184125637412,-7.627935964960881,1.3711321935771845
5.7445982640741695,7.409467837035072,5.170791727927807,4.727391551502069,3.2360513216565097,0.38557792477716274,8.91047426166069,-4.564267165151348,-3.8712903432547816,2.327537167013801,0.5209332681192296,10.689649710721177,5.286587049000972,9.562437397811516,8.574749559871318,-0.1541256468950174,10.40623463709401,3.5656518719368933,7.893320363308247,2.4495497150775978,3.027952477162661,11.484927539477027,9.253005282270912,6.392221822527331,1.4543349100223641,-0.7669096043858918,6.988097116900053,-2.2722549012035897,0.9774661614027734,5.9793194809932135,4.047189365979784,7.825538980451001,2.8237785243419604,7.700035571432078,8.469289260693968,5.908149598796703,-3.198788474010773,4.031804233858906,8.146100018397217,3.1226083206272954,9.576162465770347,5.7230378610397,3.62187891802171,4.164053031883776,5.9154179086809995,6.822105532114051,5.671833002608998,-0.7279069499808895,-0.04598219096966033,1.0892336815275976,-3.2666564281959767,-1.3072944023060453,1.1242315951341975,8.220570347185742,4.433388479872228,0.24992065216160242,-3.592234736795431,5.468047641011306,5.668998223662618,-1.7980259859591632,-3.4916602304502558,3.795061284984253,3.468949353690399,2.900189679775729,6.233573794577691,0.7379959622563652,-1.3117744780913438,-3.4323836911074186,4.843150438751991,2.3528022346090567,5.56428644913757,-1.1158800243107136,-1.299038164429506,1.4862324620528882,-2.349458055178614,5.285939332146358,4.2156848505294375,7.9742646662109555,-2.138500789693716,3.5261902911226506,0.05462425986131488,-1.7362075907250907,-1.7422710367310696,-0.5111426897827234,-4.985685145365451,-4.222029446111682,5.337534004685855,3.2750161283432586,4.532483266203905,7.882447137423391,-5.380929123051785,3.008981612733606,1.056104852109802,1.51644796355547,-2.392500705455175,7.34864201765337,0.18648652346512895,2.8140972970413918,1.1111973326154134,5.557249042565489,-2.1776161947021673,2.730276854267119,7.831427852165388,-0.3757678235396198,-1.0409396888079772,0.2205908775265835,1.7759484278486755,4.175460255866762,7.892449936156744,1.1180342129731475,6.466521549524908,6.817063362700041,5.219133210977891,-3.9893729582794895,6.3017324589022,5.901661626661012,3.543003612160798,6.538496455082717,-1.1589409230598604,-3.1830047653843874,0.7914815505809042,5.7936318560662725,-2.160274103015558,-6.167744541749169,1.343295525433231,-4.3730666054616965,-3.4918984557339643,4.389564360128894,4.048419501632791,-2.50667444441128,7.617054087218708,4.144222623802021,-1.8469062182270697,3.436176491046098,4.315710255836232,-1.581306401167149,9.839712846144646,-3.581758194686544,5.759216880783736,-0.9677490464779568,-5.9302227672616565,-2.19502964197103,-5.879369524537076,-2.431315947732766,-2.7643779333197007,-6.288750660383177,4.260541631661911,-3.6243135985428583,-6.90706341906075,-4.956805342156816,-6.918961679745133,-5.680388433771177,2.028487873381761,2.682243501300987,-4.643751832676296,1.9283755012161232,-1.7724180097434827,-3.5959133607403184,3.4287904269835545,-6.421851741941525,-5.087487577423616,-4.504917845407946,-7.5368363805737575,2.905904905245713,-1.7952441768869138,4.106166614704359,0.252736300783453,-5.836083160232659,4.691689845355876,-1.988766144423618,-4.600332483893706,3.568057961429468,7.752388579540611,-4.595683879540978,-2.3705901842165145,2.9447826343296835,-6.881236283347639,-0.8151871927195306,-4.80644111819626,3.948564665478869,-6.320715827786955,-3.448632239331228,-1.8127666791564117,-7.540281625606465,-1.176832792982891,-4.115112657707051,-3.7085446955754713,-5.935447424659524,-3.831286184339277,-4.416183697850687,-1.4627482391333504,-5.336144998699319,-5.946413813094853,-6.150899535393038,-6.07083022237292,-3.887862398488287,-5.2802124292344566,-7.653794976350637,-8.018189694089115,1.6780873748020275
5.532696015179535,7.677653304011003,5.185145904811362,5.011933636223173,3.029286926047841,0.5679923887827688,8.966019200347345,-4.734497153886861,-4.025856792355187,2.3231630511755683,0.6829206490960629,11.110471314247814,5.713469215876171,9.653859355196962,8.737327333773147,-0.024211550716273435,10.533865636853495,3.7346385965731215,7.90224830558101,2.5435180830620965,3.2688994188331395,11.779701680069344,9.40909316654862,6.675877022019729,1.7009571595488677,-0.7452046415777022,7.386856918378465,-2.3655866592493044,1.1806555383232087,5.8610535930156775,4.252074608753914,7.806655734557392,3.215948870833197,7.63921744554254,8.81057231247169,6.0533067360249095,-3.2612271018169934,4.557586691455643,8.478561093305677,3.185485235878326,9.667275910880809,5.803980737708814,3.412724713807092,4.571740577220519,5.995948692586818,6.854075221551196,5.565959519665839,-0.5873709095992734,-0.23767809943640927,1.0260827856824803,-3.431027120169179,-1.1730173074013737,1.0643806302507788,8.212940160417675,4.562136249957772,0.30379365463750885,-3.8002207127680965,5.828014358965985,5.7564303218527835,-2.120534261186975,-3.5855104988390205,3.8941655813527234,3.839132928995825,3.3827822258041595,6.777475992394493,1.0489364386119222,-0.9229550883988327,-3.7141572756637107,4.7428172491956,2.8633599612895084,6.024572337183584,-1.0906533476534153,-1.2877161566027067,1.2316236165708196,-2.4100883255701886,5.36429027614066,4.694592351024071,8.525657228499133,-2.293756844081478,3.2747061779511375,0.23664406517894593,-1.6118668950367327,-1.9695547265679305,-0.6532804110101716,-5.322775139972667,-4.271811248386749,5.60732239236459,3.3889929340490883,4.922041206758995,8.210888312621433,-5.430778328361763,3.329906507633948,1.4192453460854308,1.475398621324887,-2.328383713871378,7.7672890416127105,0.2860741551456478,3.1994702602359375,1.3548711610572994,5.613016864059362,-2.4669453157134487,2.811293651154106,7.911721109470908,-0.24299535014949325,-1.1133179305922978,0.23752233566222297,1.8948434808483483,4.264104507594585,8.094939594838113,1.2544994329885477,6.861363039521186,7.115814130788213,5.513462358741251,-3.996115769598786,6.580997679408712,6.366618213711115,3.3369986611041287,6.843647751166803,-1.190811418106376,-3.290546515128706,0.5013065650663312,5.839518522533951,-2.1190447268749573,-6.520154191408388,1.3434031101755215,-4.463389374832486,-3.603940646497467,4.298383964540052,4.175981670646084,-2.4149816597062936,7.749789290662639,4.389262908917971,-1.788668065444244,3.7678865752433617,4.705518388643736,-1.6364028127256787,10.283170017138099,-3.6961305055461837,5.829150589018378,-0.7866165267812965,-6.306057382910928,-2.2467048498837543,-6.07807044476241,-2.3666844294984184,-2.8002879597542676,-6.487177643392021,4.257437770298735,-3.8179345039405477,-7.323874740181107,-5.231004118362528,-7.178724379410404,-5.662778784164731,2.0669184773717513,2.8421948673308575,-4.815872803440063,2.025779500302246,-1.6305187526327976,-3.7482258412776717,3.672208644720092,-6.834839030266659,-5.307571650388069,-4.809502178003213,-7.934803110386465,3.2402501770609926,-1.663055870091632,4.098214651046744,0.3005857355470763,-6.019008359830505,4.923457646236824,-2.0901460177276974,-4.660522925450553,3.6565748728877465,7.78899234184143,-4.818549355095374,-2.499046301826845,2.735436226468521,-7.1745940705630495,-0.6909260160291483,-4.980926044038505,3.9128767899578993,-6.612584787815461,-3.6659925115664787,-2.011325479115854,-8.057227169104316,-1.1763681584760939,-4.272357420915349,-3.965528610265824,-6.078833227986537,-3.895068333950622,-4.664716273193297,-1.615624879299318,-5.6061155803302345,-6.299232255062566,-6.436521559606567,-6.367118624082923,-3.653546909023393,-5.609056044612415,-8.040766369214284,-8.47237672760113,1.8971005928458713
5.717137708781538,7.767692158131298,5.1885850915785054,4.886182468021141,2.8998735621949665,0.3794256419535671,9.039472823432371,-4.951137826017538,-4.179445448687862,2.236592488530426,0.5409471327680948,11.517296349816295,5.92680830535227,9.821094364670866,9.039257677302949,-0.19168067049453094,10.808622151283311,3.8867040498533254,7.798231674909038,2.517918741075199,3.0400099495436192,12.04586412758008,9.61401314857236,6.893313186673129,1.8263940885079895,-0.7092434128421171,7.694803436365466,-2.3305727238150635,1.2516467172936234,5.893718577547536,4.478008094371035,7.826988664052828,3.169947803119301,7.692226943369089,9.114157501884483,6.118288310516777,-3.224885068659664,4.760381386360158,8.720845700587398,3.0609987797556686,9.713455305154849,5.83019052594256,3.2853148440849522,4.880634380012829,6.1053954458251924,6.977933214501562,5.721048571191313,-0.4478672605455005,-0.3144345839955467,1.065036677213186,-3.4967546000706733,-1.251812899765978,1.1961756267184125,8.287176728445962,4.766357656746972,0.17680475659335676,-3.9590171459521497,6.137667339155451,5.974639077690456,-2.186880497612397,-3.544683592625736,3.767132825783293,4.033008870564497,3.548686872701951,6.953853918126249,1.0611031734442526,-0.9216119407819207,-3.66051722377563,4.868553862473653,3.0512855928802027,6.399524235805601,-0.9860277903886566,-1.1801768456625952,1.3107143333927775,-2.3622226484326556,5.688844908226564,4.780799531903956,8.815726043228041,-2.0598388141923603,3.347545676364628,0.42311110746044106,-1.7144508208443352,-1.6970803599171296,-0.614268895382427,-5.448372202947573,-4.537587351408612,6.0028868923423,3.475128913772399,5.147378389376076,8.397652108616025,-5.598095587685743,3.493028576433454,1.4665894290503243,1.576152902073859,-2.3291786875805487,8.136424990451582,0.4559084916461949,3.0646259851181465,1.3253619612347134,5.5865868436353905,-2.5472539287315374,2.96673867637875,8.116379268753587,-0.37867243469976825,-1.148107721493759,0.008616740825952504,2.0516053869610307,4.346016907583909,8.414915421278355,1.4099702388336994,7.061252597023332,7.321331324540341,5.505045161354052,-4.100946619030391,6.70966462724713,6.581850478233365,3.292411204368192,7.179067017983198,-1.0701863382037569,-3.4602928819858105,0.5289177335216534,5.952557870822025,-2.2001009918895384,-6.810149711164423,1.2180273964703772,-4.8625785102178165,-3.579688386183469,4.315052972341051,4.348326558661858,-2.4926104183457043,8.00303737213143,4.540882637085536,-1.753750847660211,4.009762499208315,4.594694079575569,-1.667430525354144,10.686030726957876,-3.5199474346548993,5.970733267603664,-0.7074591544771475,-6.508789283547335,-2.4629247658932822,-6.106978987857475,-2.462243600552916,-3.0770049649150426,-6.620292827685494,4.2346668535480605,-3.7066899114194185,-7.4545663901934756,-5.271712704363924,-7.446908483464046,-5.790125959035374,2.0268375855597944,3.0278211768468983,-5.000239518481934,2.0022581350518425,-1.4968752914989223,-3.946144487753338,3.4807605239034936,-7.110289446866228,-5.318910359034253,-4.951868201883162,-8.252528468236099,3.104814824627541,-1.7478387747127524,4.178152441380836,0.7265038935265395,-6.271353687373255,5.188388381078537,-2.151332294444835,-4.6126507467828395,3.87084957885206,8.009276363583764,-4.856062981285633,-2.591210968668015,2.625480749024696,-7.3730268697604116,-0.5061088978295304,-4.977857596639642,4.394600069199794,-6.818183550227343,-3.5380686056348543,-2.0080382214536363,-8.30749608352046,-1.0637923514554948,-4.354360865072981,-4.021899658270438,-6.168946759215523,-3.8727646772965008,-4.892061583612037,-1.754498828209002,-5.67697096296662,-6.371639754412431,-6.625821008666446,-6.446761725790968,-3.9326359265282416,-5.703251382606038,-8.307185723584503,-8.695215563564414,2.0432808649237844
5.500719541130769,7.887168139961923,5.135610471431863,5.272453903565523,3.112165736242579,0.6516708488546287,9.13568621458655,-4.861605828765419,-4.1027553587264585,2.45269034911042,0.7663622855143272,11.336830555012185,5.868689723662527,9.748899537184684,9.06082789806994,0.07076072762992207,10.558707641448558,3.7076302084689887,7.927481720715113,2.4561098300954116,3.407635053689897,11.941006286757236,9.464783897135227,6.765424763766855,1.838476063312249,-0.6569848825003529,7.613214898915844,-2.396628667461711,1.1052081769315105,6.038521338538137,4.259868641902785,7.859567801070062,3.401195035908754,7.7521993341511575,9.109903210058981,6.221144252778213,-3.365346883736509,4.783797406337307,8.810552519042211,3.1677226008066475,9.7531217248631,6.05113394456692,3.4087787647809007,4.742419129655096,6.0777327898371665,7.063295941735528,5.744376735926051,-0.5355103842370574,-0.15170045973178356,0.9843940804769697,-3.4185943668516123,-1.0389563609081216,0.9805957913786946,8.178058641590543,4.7524156858907185,0.4199081386459509,-3.798206919572752,6.024538784219208,5.909490988529087,-2.253935276846117,-3.612795830586046,4.041316973218505,4.045742785473195,3.6438542137572716,7.089321598183049,1.0978047729383638,-0.9422069359464126,-3.7792441877634553,4.824755451855884,3.0673535823402984,6.247150393809622,-1.046878393213162,-1.3319101672278433,1.152875596285824,-2.4351578024614384,5.3790514149797195,4.839357882139141,8.817856494016427,-2.360133264150079,3.200936163383589,0.23098037085038864,-1.6106255302329036,-2.044710704746173,-0.7560970168965179,-5.3773156912269835,-4.523352307969574,5.753599607567195,3.5504701552381395,5.085962934076403,8.497772218218662,-5.516398748195684,3.418128268846438,1.6072496516452965,1.5746550398158639,-2.3337320096577048,8.049925132685358,0.34165594616658423,3.3719890051499775,1.4161363588267757,5.564321163773383,-2.611083134694236,2.8879733374042647,7.9474661334300825,-0.20665686126644278,-1.1337766526311095,0.09132592343011706,1.9585211485025114,4.167248971626206,8.182416365083444,1.3020549884685888,6.919480925814398,7.129429987675172,5.610773435631685,-4.031041038146485,6.660949644816157,6.493257836740491,3.169547165168259,6.975726293725591,-1.1628961890559686,-3.424492713895893,0.46530815350227633,5.921136280619368,-2.1362988860610006,-6.600347573646819,1.2156762702400623,-4.7428432149239965,-3.5563925254635342,4.275771129461988,4.341048186985305,-2.3565793250496028,7.814593338442467,4.438881880709698,-1.837945085764333,3.8486720933110448,4.938704510433352,-1.7307755948372514,10.499882306723045,-3.779194174942103,6.061457371522615,-0.6195322265041807,-6.396756693159523,-2.459946199423616,-6.309440280616898,-2.5559708395010206,-2.926040945319045,-6.6493966734197185,4.361091006684513,-3.884255213145898,-7.480255952405887,-5.251245059587273,-7.34603789011512,-5.631258633451783,2.0683372919227287,2.9104424310198134,-4.924304868819113,1.95041422610663,-1.6074647685829706,-3.933836252533691,3.717387956514533,-7.02162862615037,-5.313082140931382,-4.953769524640356,-8.138124955463612,3.267741138251137,-1.664842582962968,4.081324545960972,0.30435749810824375,-6.12514978628091,5.093646233155095,-2.2167574915739685,-4.710796944839564,3.765284929193907,7.836417533233271,-4.900468722019212,-2.5404201047996953,2.676289788738388,-7.2469844737626214,-0.8198531873400708,-5.0453667968490015,3.9351897864806715,-6.84307443703129,-3.7844456876041512,-2.079380464054003,-8.25399728006783,-1.3116802851794267,-4.495581386327843,-3.96521391841862,-6.186473035870461,-4.212609221725831,-4.75781144040796,-1.6799947899573207,-5.7379184904162175,-6.332871961275918,-6.557620360662963,-6.611074324699022,-3.7521554258176253,-5.617552238027798,-8.22246739120664,-8.617976190298156,1.8937893454397552
5.8114776118902824,7.895961040799195,5.551820208804236,4.695187302584619,2.968666254259727,0.30736014474437906,8.985239960857125,-4.790343272872805,-4.060336246071239,2.032759765136714,0.364658638459046,11.251704518838954,5.5025501939746135,9.961592934363777,8.91349385285069,-0.38824004113033495,10.93317691361185,4.039765688588711,7.835907249361659,2.5862784042382176,2.8632817954949403,12.081810667284657,9.734521561186165,6.699860571956499,1.7346430773672457,-0.897151733195991,7.478452507048751,-2.2947032119510955,1.3213550506683127,5.943810576580477,4.440116241297059,7.811935738658057,3.1163865399378308,7.630964329737554,8.94133943372982,5.915723544085093,-3.267862850174426,4.447034693283439,8.61138178472678,3.1082761960400114,10.026572389124162,5.629539687832936,3.3736483453806634,4.761571827216377,6.383276828635949,7.018591166465572,5.9056716196455055,-0.5129574497558839,-0.14166223760741165,1.1178196413298773,-3.336611677731744,-1.3372147691022198,1.3499373955010794,8.493551736138333,4.671834408973399,-0.06656829298843578,-4.047997270498197,6.080425085960486,6.122431020839895,-1.9438470676482449,-3.6825266272983384,3.6066842501853476,3.7275267822329377,3.134695363529293,6.589382705971432,1.032211000500357,-1.2486091008351348,-3.5881066396694625,4.918859157891578,2.858553002718304,6.129192624257719,-0.920545884140687,-1.211325716643819,1.598662617068471,-2.4941850367705336,5.553532323049234,4.612382486069249,8.479780302996494,-2.1008405634891525,3.7393874218955068,0.38109538291285544,-1.6999462074200336,-2.022046228879476,-0.42974923084332867,-5.404211072188285,-4.290218719645249,6.002771408811289,3.294838343150994,4.817518067384438,8.273730787044192,-5.544531000875023,3.4032573866101226,1.2247513264362848,1.4136932255438093,-2.4484658954586407,7.937952836377423,0.4509540372208159,2.7596864778221906,1.2807199139712608,5.709017125586947,-2.1792963626792483,3.0153749031560033,8.368542719798842,-0.45404335146534597,-1.1400867778763963,0.31448164790361965,2.238987705227822,4.52583534852094,8.458975444601526,1.329565293899192,6.952869511491658,7.319614205353896,5.35291140293057,-4.128886345765855,6.792316588850356,6.452415935964178,3.734031216122963,7.197070897750417,-1.2160212505360595,-3.2347223278217765,0.7194882172319097,6.288372760561036,-2.1653718568868734,-6.707088023965531,1.2498241347338985,-4.640627307008482,-3.6417571385195675,4.76385170020044,4.441910929799539,-2.4163689295032915,8.264838406921958,4.536874896404517,-1.670448510132772,3.952605020079523,4.522692372215255,-1.5280760555517523,10.491937541771211,-3.6849334468659314,6.0563642096148635,-0.751477788672928,-6.361286836634061,-2.46730858076327,-6.267606725637962,-2.302074779607368,-3.010792711031864,-6.7214278807843515,4.194825086706382,-3.6052870050776678,-7.532959918278687,-5.136920631068522,-7.416804455684407,-6.021212688980646,2.0196728773387327,3.126474401651913,-5.061573561297338,2.178185069404817,-1.7745059973840143,-3.835519178750082,3.392113654949642,-7.068032954731232,-5.436090450075578,-4.972020598371988,-8.147247356946648,3.0270633450436653,-1.7959369063846837,4.261462624560097,0.2860512257201793,-6.236519872614526,5.124564477586613,-1.8837867757764362,-4.816397102730004,3.7097275797064317,8.299779191618336,-5.005500152273931,-2.577183874877396,2.9123600360323554,-7.412324457236387,-0.6341323112400723,-5.162082361141323,3.974685061025114,-6.821902227778616,-3.81749270303902,-2.0937746915537003,-8.187477941003632,-1.152373232488267,-4.3233897907468695,-3.9955458454149686,-6.203660857617693,-3.956248092839851,-4.927128579491835,-1.3880894519251754,-5.76214039187063,-6.483905714686379,-6.572314818672193,-6.568999591689415,-3.8593822141054357,-5.6707462165881175,-8.260931903336889,-8.763475002016536,2.1028783923398184
5.793517810779728,7.897275886436995,5.66266160606617,4.320280744800264,2.6590065283476543,0.20929319193560478,8.539357593404727,-4.669624229652098,-4.0428154257820825,1.6332380418789936,0.13017679700844526,10.92629117858736,5.2391107645901585,9.813898076419,8.565830882582027,-0.6352854391644308,10.939456359198536,4.14738421320967,7.523726559810299,2.7424770473361106,2.5153938401024494,11.92301827898448,9.781504356198324,6.651127154432758,1.7998074554885284,-1.1312970288442068,7.309625229027574,-2.204861603376196,1.363582438001848,5.612075837471721,4.495143685962764,7.518920255968413,3.0803525209073137,7.206762822760181,8.661077778254162,5.4718048059641395,-3.0307332930439395,4.423515568177149,8.402615862390212,2.9393441274888996,9.908198214548428,5.137621467130469,3.053832537061656,4.925927555283082,6.550609425315253,6.741474643973073,5.8000441224731585,-0.3290220388509462,-0.29085454051898196,1.2604631273733953,-3.231982363752902,-1.5056704332732367,1.592929390631779,8.397038154195139,4.43005862940191,-0.4786567114512843,-4.247646804095906,5.947514437221403,6.0265538912895185,-1.935197767586994,-3.547961710773243,3.2700762619045065,3.6660195252066536,3.044364129870037,6.319199389353279,0.9705888208397778,-1.254090402126381,-3.4414740276115854,4.921119784595383,2.936732527112765,6.081044694704709,-0.7196110400605834,-1.0682424997179423,1.7408268276770182,-2.4848706301508257,5.610068748908351,4.483163276013073,8.224514661007198,-1.8641919125837678,3.943037754569418,0.43594952939031023,-1.8253606975347034,-1.9029247129839457,-0.11728713271323811,-5.370458048412165,-4.206808290960429,6.207631191357824,3.1061510150763616,4.714173685501583,8.012044559938685,-5.55724556453074,3.3927756488104626,1.1370625296524375,1.3475416660333825,-2.465889868615415,7.771158156370415,0.6525560485609088,2.4839698174777034,1.1705700609009397,5.611649842798967,-1.8770884088787767,3.2011654613879,8.465989393575537,-0.6337647075829785,-1.0902494176672342,0.4896257533576408,2.4491331685355395,4.7004841337295415,8.496761264149162,1.395258029992116,6.9696351015780875,7.375532198695414,5.153829073440592,-4.077553969683994,6.786392132431121,6.38412513364763,3.937679984467925,7.3434253699596885,-1.0816428497156285,-3.0278305652450266,0.772793581955402,6.45597648750477,-2.2706511032118306,-6.663075820414191,0.9969735175450649,-4.557832806685035,-3.501786191091887,4.904286919449687,4.4547832901639906,-2.2567489984666396,8.36349019408281,4.55811361840928,-1.3667885347431883,4.008030891419116,4.274668401259411,-1.2940997763666382,10.34569409209216,-3.614044228707443,5.949611696711598,-0.6787404304359314,-6.1942538609393685,-2.4473792466567796,-6.173299367536687,-2.178313614198331,-3.0287883328907332,-6.642172183183078,3.9221253173946664,-3.239393837456399,-7.402999638086345,-4.907442627656484,-7.426370391531728,-6.067271567796683,1.874552764364325,3.2274730626808377,-5.00451260980234,2.273971192805314,-1.6952808243234039,-3.7732624056288646,3.2097977476999224,-7.017102992366623,-5.298867390228065,-4.914906492319914,-8.074825107702331,2.901263375275893,-1.876772537332748,4.293378409063998,0.45158715507868713,-6.162204605424092,5.216195697772449,-1.5286507799931834,-4.7384377453794695,3.6843615269918533,8.414408040482552,-4.983531445809312,-2.5240019192703365,2.8458969434188504,-7.3944046831240335,-0.636881193468543,-5.173189776839894,3.9519314966464645,-6.741041074162994,-3.714997155970552,-2.0180472034807315,-8.00998292254187,-1.1842338854240921,-4.3844876365894985,-3.9506343145688407,-6.179874611363844,-3.969649161883555,-4.95102722950064,-1.2948256294170277,-5.774656569956885,-6.326301771002102,-6.457172382870886,-6.3968394013862335,-3.9312472830850025,-5.6611154289218435,-8.111964137692286,-8.665246708232953,2.299597775397008
5.718342014388455,7.441553409042792,5.360629222555916,4.568974321606155,2.985176070412316,0.3517892049929878,8.596619076561609,-4.528278640984743,-3.7800114153750988,1.9461371796104774,0.3609760185548998,10.702552342891632,5.135514498031185,9.5069974329789,8.547624948095391,-0.18508187693721906,10.455362731278843,3.8759103782106825,7.396311408600019,2.539351496385402,2.5860496003149884,11.481716450640869,9.27653470005674,6.442948929766749,1.6393477649796389,-0.9362533215377581,7.119203438932213,-2.236458221464391,1.1940741841626534,5.616293617441088,4.389184134084254,7.455968661840951,3.1602912409954045,7.351522446954261,8.610831621806994,5.771329700716993,-3.002679575257805,4.306644501571578,8.286371554247516,2.8980378776822993,9.492144478614213,5.26803741094587,3.18535668992023,4.665034406262582,6.300535897633196,6.732188405034049,5.6293243339984524,-0.3710030364172798,-0.17160775025500996,1.086875116301166,-3.1169133555349275,-1.214832715931831,1.4876769470964357,8.0966384108853,4.526046588515197,-0.24426905639367397,-4.0053491348133425,5.689448786971665,5.768936064136957,-1.8201128249386433,-3.4760497984034435,3.544052769644307,3.830034265100547,3.1348452569945824,6.427733644351925,0.900005049838392,-1.3869772961797786,-3.433156339706527,4.876062480772903,2.8486731596950556,5.8443332725948975,-0.9312999741703101,-1.2615990177983318,1.7557503711093094,-2.4222679747547695,5.637270464359804,4.434981024167443,8.073537018478303,-1.851354935696298,3.810440292159094,0.3689145774495797,-1.6168485954577938,-1.639870341989907,-0.3401281616373773,-5.225218666922927,-4.131650024364143,5.805773305165179,3.286437565069756,4.665252939576582,7.857546259016175,-5.2928850458745815,3.256186896352309,1.1414411081349272,1.2201560079279594,-2.1861105337628453,7.680114783316537,0.27057700855366595,2.56266108717083,1.2578008765073116,5.359439929488205,-1.9721829718845474,3.049698885971814,7.967466083584659,-0.5338584996627628,-1.0383817612576798,0.26355822039136545,2.0977968300884076,4.282911117803131,8.127284620833526,1.2992551707069881,6.524929776248759,6.9118031550915475,4.932040831578093,-3.8940491984823247,6.284087827809465,6.183851454150584,3.541367782462666,6.879749725576427,-0.9516419915405793,-3.1295700074956905,0.7723063323084443,5.859912603029185,-2.085985789291804,-6.503097916507767,1.131117266270441,-4.548622978249292,-3.3643508153788075,4.649642502835549,4.080499292677006,-2.2663580695832004,7.8873323176877586,4.251012812273474,-1.5942470455084912,3.7223613454983493,4.327912379818923,-1.44689522465435,10.051478234614292,-3.509895038560502,5.648599193265961,-0.41936309559405577,-6.100466226572577,-2.5251634288195124,-5.909654340782825,-2.148078856197012,-2.8688384968269642,-6.430271083932701,3.9715689800960092,-3.323386964567031,-7.1432468049835505,-4.903857145933657,-7.149614904050853,-5.682151880220043,1.9539431385587298,3.2033893764504286,-4.784444332088827,2.029321898615916,-1.7155827003667476,-3.7886789949266033,3.233489973712058,-6.921417319708156,-5.030434324989539,-4.7816884143329315,-7.931410265277407,2.6464977133334173,-1.728868967647949,3.9991959828336494,0.5023793777382143,-6.019875711563572,5.031475203530164,-1.8089428708705664,-4.457123339641023,3.5710661008605555,7.898472636038581,-4.711541365915807,-2.671752599800302,2.84500134868316,-7.1867293741916525,-0.49123538063237876,-4.942194587632892,4.174736632704444,-6.639431502721345,-3.4433965346912596,-2.0195401310024104,-7.819434326136199,-1.1547885292182702,-4.026338780702227,-3.8395530142845113,-5.961047099494972,-3.644362118746264,-4.735178749684456,-1.1947346183925465,-5.517752260158863,-6.1820852001613025,-6.377352143883916,-6.12579074546002,-3.7280347018111084,-5.451311190482591,-7.956941428989541,-8.359718081020795,2.1557334653040905
5.738375531591099,8.124858019816383,5.498521499449225,5.234490195942516,3.085058291010858,0.6344266397221102,9.221003769850595,-4.89071735654467,-4.165272940895517,2.2984394696336095,0.7305164031670487,11.668599896436834,5.914646734785397,10.045780716296193,9.193063150431284,0.010636924548218879,10.983172193768922,3.976406103433419,8.009941644729246,2.6653025816259523,3.2716733769381086,12.32102993847926,9.822515440053062,6.937619555509087,1.8979971915324272,-0.7693394935487625,7.875713781475174,-2.5152753266343573,1.229000388094514,6.063882558069699,4.561079924689837,7.950690898113802,3.5594489512461767,7.837004228297983,9.366877987062363,6.318867199213807,-3.304379858209477,4.912263044285936,9.048658249933213,3.235431282066682,10.086467524649821,5.968650728374816,3.348198120502525,5.0156247489556165,6.4345224298533115,7.167821090064132,5.850742419008104,-0.45373809740782317,-0.3211074126127046,1.1070725935556853,-3.6151077851460576,-1.238492247049702,1.1827723579121305,8.467226568349703,4.816300861011126,0.17724428778646592,-4.123591618091418,6.2491914552174235,6.173990653015539,-2.227046707965004,-3.6846109489660277,3.9881275188232927,4.28735830135385,3.7077191855740175,7.256830576828653,1.1897120818716285,-1.0557894479652945,-3.8085967508494343,4.968985827400932,3.2298859343523705,6.4257279357576795,-1.0441467053721947,-1.29636876880118,1.41889528109518,-2.646139898504988,5.711655592160446,4.92738838788704,9.03157382175947,-2.2489957015111655,3.5017380381555316,0.43546619865745934,-1.6958119848243836,-1.992452400631335,-0.666848224736825,-5.654387143003452,-4.613467840254808,6.076880541827979,3.5420898813287867,5.189991301897776,8.624197196988476,-5.678359653686029,3.597077317328631,1.6036642247912083,1.4525278962665054,-2.363066089200351,8.315797430548274,0.42103485157266507,3.263406528842693,1.3963202871043547,5.6833770828241565,-2.537308173504035,3.065961928231314,8.325983485143238,-0.3209812228273964,-1.1482308363237361,0.16904837717238128,2.051345298303702,4.428439871990868,8.550480599509921,1.4084533548671971,7.157897598294675,7.417257098379411,5.606941885107804,-4.145647022347442,6.828739468850278,6.705349700040391,3.3787197478240216,7.336852593985805,-1.1606346295301189,-3.474203201714303,0.48460888374807315,6.147246216727861,-2.2354666669248444,-6.93918458391263,1.371820700318205,-4.831381954497947,-3.6972476807294328,4.523069680279078,4.420350797016332,-2.4437651990464797,8.187493512753806,4.594475790933596,-1.7695219351644713,4.010923406381051,4.958190973565159,-1.718096872275683,10.855632474743762,-3.7468731898893552,6.1458115908032065,-0.5435330229489127,-6.657005275543405,-2.538135333763465,-6.4355135814956155,-2.246688559694103,-3.0169885254456785,-6.86384816453252,4.337652757427318,-3.886043717130267,-7.778631118121694,-5.425110194048784,-7.662850667680409,-5.879721198401024,2.0623102735122307,3.1691156402048115,-5.1269803625169015,2.1489464970401055,-1.7175962866784757,-4.034094004429605,3.6867861861577715,-7.426874772880397,-5.483260749847695,-5.241012116105177,-8.502488159766854,3.228373355280246,-1.722278988599025,4.162099614902863,0.4241187782918046,-6.3596059726349345,5.3551027619014615,-2.1736338567203686,-4.799282837848785,3.900748830979645,8.204202450474087,-5.141022676620214,-2.778108036681926,2.7313019127340628,-7.616472004483673,-0.7291878866689243,-5.289499438671423,4.194376735000032,-7.015583171622675,-3.8707990909000967,-2.2014622675654327,-8.57539685622641,-1.2843252647054626,-4.573375288955908,-4.155728702229947,-6.363796842505152,-4.2141825073853845,-5.065039091617264,-1.688238288034774,-5.88670133817263,-6.55000548062406,-6.772395355149712,-6.69420433392498,-3.915784524436305,-5.9111319259625565,-8.605146772345508,-8.997316043619286,2.153622113369517
5.732959506940286,7.35922530857082,5.164561666866735,4.623001263174425,2.9492128516001346,0.28727600147343796,8.768852488523512,-4.663559152962968,-3.828367417914759,2.16853205707932,0.4635635645544015,10.976946018209995,5.491876408226061,9.500529614058442,8.595254380403196,-0.23649899313239828,10.510197248054062,3.7170581477598774,7.69409560504262,2.503241339895167,2.804864194029811,11.516333427859157,9.329811562225897,6.546554327011402,1.6488548142819366,-0.8220577930379678,7.2444491170468,-2.3120602015060876,1.1255803293663527,5.6916933005284065,4.385178796893825,7.7168010712774855,2.869366064969148,7.618350378899455,8.684787433502704,5.953754629604221,-3.178638406758729,4.2658348731197275,8.214264348045482,2.9852450372677506,9.441329893526792,5.57235923493123,3.3087541208166065,4.549900955785261,5.950794306689143,6.721176527935414,5.503471093574476,-0.4721158213434166,-0.27349933520562947,1.0071933564833542,-3.3590246587131087,-1.2713126165739348,1.3507530598059647,8.153103710010825,4.542226668073791,0.04565586624966122,-3.798762551375898,5.719762130660847,5.675122908008746,-1.8603297714228966,-3.4827094269050884,3.6164460633876465,3.7171300058252945,3.124576950227084,6.435403592091769,0.8975628429052082,-1.1579525190256212,-3.5039102467940566,4.70761889531227,2.641364386691216,5.964903837860707,-1.0280269707526057,-1.251912810554294,1.474025077892718,-2.3097166745657045,5.545499087744534,4.377032276549299,8.267365533342488,-2.034575379745207,3.475973457983331,0.30285085045032056,-1.6843833565964248,-1.5619502238862455,-0.45566434268765316,-5.193135618652867,-4.240618964933607,5.739977173174654,3.2578524055485167,4.720020147218606,7.972333100965645,-5.339830427954216,3.2323387481950894,1.2236340203157552,1.3999277621912523,-2.19078511800958,7.644987872384591,0.3305772606925774,2.75778534099567,1.1232430646110567,5.434663368427394,-2.2874415067330025,2.9353735224048836,7.8347058390467,-0.4307075803852356,-1.0286572991038017,0.03288332815531386,1.8621138119437335,4.235570774864819,8.104768082896955,1.2111496085171465,6.686149701853965,6.996318353206453,5.166184299396813,-3.957748015434398,6.417010831938442,6.214057641557432,3.3442030714957363,6.818418607460712,-1.011166417101369,-3.3466815674666797,0.6766436002498414,5.679323699636723,-2.142702015285211,-6.394668451292423,1.2637966783668755,-4.523349213622062,-3.374158803455137,4.3617361871261116,4.059783973209026,-2.4616046610854165,7.701932530991578,4.190722556005382,-1.7419603133725576,3.787381356540461,4.210821230909398,-1.5924338519120849,10.155304396971232,-3.3873028660521713,5.65417891482825,-0.7352600857057563,-6.148183459841054,-2.308159011075784,-5.775598574126437,-2.3263023708920785,-2.827879659491956,-6.2950670946220875,4.162211692248384,-3.534039874212314,-7.070606659271187,-4.910095900487044,-7.049525700953553,-5.731624720648745,1.9338715119710947,2.891738222170286,-4.737523550341291,1.9587598385004283,-1.5520289391297357,-3.683259285863755,3.3273474858766225,-6.6600094991803855,-5.070260120682096,-4.664806235532628,-7.8139590359420215,2.8493669753630333,-1.7334372078103928,4.059714243420446,0.6707325295295304,-5.925398770857174,4.889282350884741,-2.0131614971719,-4.429090948045207,3.6917079054814095,7.782733087401586,-4.61168293036805,-2.6122091200061903,2.78236325604262,-7.030183767594078,-0.4073104255751962,-4.806240824849233,4.246967198345866,-6.560704512018114,-3.3249286118154373,-1.8958717328425163,-7.763950387142955,-0.9840407053211713,-3.9619891122844733,-3.8670344761749216,-5.95669072375639,-3.578511621534963,-4.610228450764546,-1.4894724624425377,-5.469965634401846,-6.099541471851363,-6.305674046600827,-6.138965996862792,-3.7815318251119,-5.383282938521393,-7.919508175134879,-8.231162698759455,1.9593411607658051
5.5871649429203245,6.802814989175892,4.734565430735279,5.282439849522329,3.842619059785215,0.8288487810708287,8.953984888495464,-4.179820062055757,-3.576907959514936,2.939892485043348,1.1678935020168377,10.29544166415522,5.204367819971938,9.23727936917662,8.321705188121875,0.5931463384190049,9.705988119821761,3.0014268519227096,8.13404877721644,2.2065224788379725,3.437948948434883,10.75602813755301,8.6035412241305,5.902696997097967,1.3161025752535405,-0.52232458941351,6.724847815873037,-2.3002040663789516,0.8605670227117189,6.171664823140582,3.7330091744328384,7.996241762490984,2.843006706511508,7.974115824662424,8.162621485993157,6.381457615377551,-3.2139542749326138,3.687400956893466,7.8380705115518525,3.4711909089816055,9.077901928463756,6.043267928123811,4.108004817493494,3.5117111160338434,5.276470420674374,6.578673252870334,5.212572612579361,-1.027377956468535,-0.056634277416584305,0.935973696248949,-3.3062133914646954,-1.0669907282933322,0.7299352306101836,7.9122736813997685,4.458730035181991,0.8132964901895887,-3.102253837976895,4.81690177135337,5.02354971417833,-1.9023402752066836,-3.5068885980660105,4.416866054367402,3.4581687966418615,2.995170623905149,6.348409068815404,0.6772415107738184,-1.349359058842726,-3.3865870335041994,4.693766293407728,2.0580739694908217,5.1037665472760665,-1.397646728003539,-1.550191973371786,1.3552583806814538,-2.2806879438138967,5.128875996152263,4.241819272152203,7.702539016375186,-2.621515975220654,3.08965820010931,-0.08095178679641067,-1.476969346767476,-1.7224122782247644,-0.8142517949426629,-4.839376972216559,-4.087758208116952,4.566541276074503,3.614889589235497,4.334216759080517,7.53567297171883,-5.0449307519494555,2.7666108507616887,1.2403864739048072,1.4225168721832424,-2.348915481522257,6.804994708739144,-0.21462692688632445,3.1990962827717118,1.1268933201012405,5.321491267047673,-2.413611010286241,2.4062795075950736,7.0229702903671924,0.0004598210774102361,-0.8319447252953116,-0.010644883751583668,1.1433495497155366,3.6383610870553924,7.1473030789669,1.034215660848816,5.721999764875006,6.12329252252284,5.054407361762649,-3.921492970775758,5.714410954125177,5.494561777099797,3.036215661117567,5.766188137359775,-1.1032440129452181,-3.2909674390870407,0.6701137376195523,4.972368320614126,-1.791016027553861,-5.658470710635888,1.702256470841395,-4.051632112401905,-3.295736287838457,4.0174724402370305,3.304425360712956,-2.452488997203155,6.726254742924216,3.5892958440451332,-1.8534775290802816,3.067368982737226,4.40518649089618,-1.945980036029521,9.188674748754725,-3.3981063772224402,5.278282692093352,-0.9189190688248566,-5.797321018929895,-1.9333213865223455,-5.539336527586279,-2.285087314354871,-2.3745423244050703,-6.032414988417861,4.411373167244078,-4.151675461761194,-6.630899532553539,-4.955763781935353,-6.373263978343702,-5.2826022903496535,2.1853444054286735,2.3684279953497915,-4.194884788675259,1.5530825974126656,-1.9042630954099184,-3.1833494075929427,3.6751685633810185,-5.983473320561998,-4.729230492296779,-4.072620227226618,-7.162624855009111,2.696485977384874,-1.5041117429752575,3.661535312571333,0.01925913364531878,-5.305975556256378,4.242961302467728,-2.2854660395526,-4.2666195946922665,3.3116188820879766,6.9691719334146995,-4.325456985915828,-2.327538884632511,3.0923288342778896,-6.418459215158772,-0.7329518483012615,-4.473137068076475,3.7502262671266062,-6.022042998179554,-3.4047220423618842,-2.0007614809126504,-7.210234683889495,-1.2064603805722007,-3.743679766226266,-3.4518098239273827,-5.5338796765757,-3.565880618347357,-3.8135929077857456,-1.4639415117947363,-4.973222642854928,-5.563867046618295,-5.926584611599255,-5.715247846194892,-3.5732603036278032,-5.0727440237094354,-7.269353031299909,-7.535699401903096,1.4004145228966844
5.5189055978047845,7.294383178639248,5.005610019506854,4.569301980775982,3.032192869756674,0.28225568688740105,8.69122866301487,-4.561197264078238,-3.768951799458285,2.1381557866614043,0.4407835627168105,10.536905809268287,5.161451789378846,9.317952152290538,8.435406896945326,-0.24516544846135063,10.126996370827271,3.533397531756051,7.594534195871642,2.265218268404078,2.866540849319226,11.216015085601134,9.098038538525179,6.194557687331198,1.4872402797373316,-0.7866556684957506,6.90947132973353,-2.1767643714392815,1.1118357527881184,5.7423257430708095,4.104245721451986,7.594927719778255,2.8185516280254106,7.458599617096707,8.35847190674324,5.708445950186961,-3.10890865868356,4.042880338667889,8.074031474614841,3.0124090179873875,9.389190164485102,5.573357970555169,3.367595773921223,4.185928704671183,5.82038397792341,6.727582606985748,5.614606557451107,-0.6262778835971728,0.025453687809556293,0.9635681419471412,-3.204558380231401,-1.2352698367986372,1.1008514163029564,7.967941534946601,4.407496906610522,0.12174470681387403,-3.538465185856053,5.421913190756632,5.509997431711967,-1.8204372864828071,-3.4755295730283886,3.594418820546042,3.4187378429960913,2.999964690000682,6.1499250579749205,0.7068232110765923,-1.2507605070356245,-3.4395355644274797,4.6060860636998315,2.3579830405748274,5.5342948013519875,-1.0215488895780713,-1.1429496588181525,1.3511048260420977,-2.286756140925176,5.094700700926284,4.1604882497267095,7.929901536051686,-2.071321126257111,3.3952962520496652,0.09549106769465618,-1.7300089937451826,-1.8770658701917755,-0.500750714942788,-4.856341742486706,-4.133439893204279,5.369218580753518,3.149632212853426,4.4434223671425865,7.864092371147887,-5.290792223719624,3.0457275378846353,1.2088402872444262,1.3808478094898982,-2.242207600839906,7.347037349661062,0.23661142940802543,2.7423824611950525,1.0564444490978777,5.298022188256408,-2.175044407679089,2.7134626596650833,7.651814045759096,-0.4203218967412801,-0.9898219942726686,0.17392438773304342,1.8919902073536226,4.008611260838548,7.72798549033425,1.161985294874334,6.345687112913836,6.675853306306916,5.056514807970935,-3.8820190897015863,6.232005758031953,5.872399359178477,3.398601067080261,6.495903734684106,-1.1682756782345354,-3.0503666086262093,0.8457037755094093,5.773474187783825,-2.1002258337948865,-6.05741811806765,1.2001309112436578,-4.299400402442295,-3.3904568534403396,4.3312083470920015,4.0984788602898865,-2.334251061672919,7.517333052191703,4.0969337604069604,-1.662422221797969,3.519138755048761,4.29123009628922,-1.5179596272717646,9.724733869953468,-3.4353609283805535,5.713431778247332,-0.8702505326392852,-5.88028191877838,-2.2630247443323492,-5.814069966476768,-2.3261783655366575,-2.722557707462437,-6.2170720110740625,4.207402817279442,-3.425568970352291,-6.893471789575728,-4.863095766577525,-6.785169947113181,-5.549869045692873,1.963979076432307,2.649236462838065,-4.606050050696866,1.9052113750700201,-1.6208865733877462,-3.4771009781031426,3.332523579373443,-6.290749561546517,-4.96656640381204,-4.4627989193477715,-7.410087029531302,2.7970654718510355,-1.5807149377397691,4.086969470690099,0.14313335636502708,-5.705997737317478,4.709721091208746,-1.942971292570249,-4.588215389727001,3.4732185404811764,7.599112631189055,-4.68960501878475,-2.286383659270446,2.8356641873242308,-6.772233128458843,-0.6282532935963853,-4.664476464537536,3.733151363426939,-6.287797051916067,-3.5391021961762403,-1.7672490741794187,-7.4263753339059235,-1.070101410860957,-3.915124324252407,-3.6244609773729533,-5.744763892230784,-3.5968821519966245,-4.3338790930306,-1.254184543639008,-5.360407680280939,-5.83915927382853,-6.171871722039527,-6.007720126214194,-3.694885412684236,-5.188830387215272,-7.516134980015172,-7.912144383049953,1.7713626282864268
5.796243937096045,6.694371163861804,4.877279584182008,4.615096322475494,3.4801092999508856,0.39192317106419045,8.810112297345416,-4.3395762344877005,-3.6896357312034205,2.6292189665000367,0.5772123954688583,10.167482865751971,5.137740089496609,9.16936548150171,8.01846520677643,-0.0552167080733589,10.00495971365296,3.3140143257751293,8.018400644319813,2.4349187935454215,3.105937417357695,10.874201708517292,8.835331991436917,6.147591830867184,1.152954974469106,-0.7696185085520191,6.452333015009905,-2.153114578932936,0.9016276851733263,5.833936579515567,3.7956843596574212,7.919880718342418,2.381626839037997,7.800854047247654,7.790632858501005,5.8962977106622185,-3.10373676815292,3.4809795899124873,7.451627881582699,3.2018164867490024,9.029191152226652,5.567306287668575,3.9413786864806797,3.4712915700566938,5.393409942161607,6.34865318406232,5.237469780139248,-0.954557889394673,-0.0775649825713225,0.8715622758716147,-3.3134637485365053,-1.4147640868552755,1.0624753033215373,8.024378490005816,4.21096441389567,0.43936287284900793,-3.251722406591703,4.8371398372610726,5.0383802606459245,-1.6559305333607843,-3.3150784929454566,3.882235569550125,3.01553998218699,2.479525701823962,5.711863209691302,0.44575425725996687,-1.3025865041197533,-3.1577240416138666,4.598325764900843,1.8110598290341389,5.006687762758449,-1.2133554024196906,-1.3362568819692056,1.4080524035419932,-2.1304435750307915,5.193768521897291,3.9037475662894474,7.450680688310094,-2.326827641487802,3.3604653653530376,-0.12661580419669896,-1.6836585081816322,-1.387717748863241,-0.49434624737873933,-4.654760099418603,-4.159276239247664,4.665842393129621,3.2103133843495995,4.245514957991902,7.298651909664517,-5.088110228459485,2.5834392790462037,0.9273101485629034,1.6018276363533466,-2.2750845268725484,6.680018728851199,-0.1328472381093495,2.7610794939370127,0.979512809906112,5.559328559571394,-2.2235303092081415,2.496961020415056,7.264512899066507,-0.21899477590455074,-0.8691404816962746,0.2269758809980392,1.3027150313043627,4.046635301256692,7.390250300250133,0.8837450877726838,6.010131220614366,6.46561714917505,5.08429285760415,-3.962699412358495,5.908659655257925,5.3829719635370425,3.4387906983519008,5.853056069739132,-1.0685999372679689,-3.2495452101610116,0.8738384733122172,5.152257667870222,-2.0582126222167254,-5.649052127140852,1.4853222962234405,-4.192111522945555,-3.275056055309622,4.133315148785318,3.3994132168229734,-2.6195967829222666,6.940011494342089,3.793932293730539,-1.8319073725479522,3.092105672516649,3.8839884497874766,-1.6547412336937768,9.260774122043637,-3.291351597360799,5.183599855576008,-1.1594331638165887,-5.5737844024505625,-1.8661031137509088,-5.333548675733097,-2.4747473354628506,-2.5586982739928263,-5.861501457652761,4.111451700720271,-3.6571340422246124,-6.370402210460861,-4.8381907752785835,-6.3210717877007125,-5.477834844242685,2.0488201660694134,2.3470810792631225,-4.198709548794077,1.784150595851767,-1.663286381722367,-3.2039220081808866,3.524887277882649,-5.704649718162859,-4.653204092489075,-3.988064904510597,-6.98391241621666,2.6418835241105407,-1.639417602722514,3.954090857739705,0.3078354849368882,-5.384146006428605,4.006859416991491,-2.1283868855923673,-4.1993549294917125,3.306437862563472,7.198502362921877,-4.241587537525554,-2.165899657259238,3.0834937445119066,-6.343423453238555,-0.580020129788496,-4.38964667357878,3.9482482464482422,-5.902226159134362,-3.0564069616785616,-1.6528868086779136,-6.925994846625937,-0.9672479033002466,-3.5665543034652156,-3.4372987712151284,-5.532691517003625,-3.244820386128367,-3.875762256109425,-1.3866772023801142,-4.98969724377318,-5.478292760397994,-5.794908741993935,-5.589131342051705,-3.7459257932011822,-4.882793404256717,-7.034408707914858,-7.3378191359654314,1.318773082262996
5.6098790090406725,6.810966959373187,4.552019253259591,4.386507014536224,3.1315653464160658,0.20117416423998594,8.480460771606547,-4.371362027712937,-3.7195005871541995,2.24757136858017,0.4394860800258536,10.181414079974859,5.01285724794345,8.946426480197465,8.209371718691555,-0.21461178009200915,9.724486562221703,3.1276672334045124,7.507957829180231,1.9621544647910125,2.7387531214418575,10.610235499472855,8.627981020154142,5.81416200991397,1.3167643618494753,-0.6414150417343897,6.59767827407063,-2.1214501342750065,0.8599041281589038,5.757352079212655,3.728997235694744,7.546362659321614,2.299293374125861,7.4775094330811465,7.9967002048986835,5.664394375504687,-3.207558929178839,3.5374990472361243,7.593993371017653,2.9530846402072934,8.911103968305278,5.666632629702304,3.563399786627915,3.7193942121142785,5.170359108011708,6.492969670389199,5.437843377985278,-0.6486217862260892,0.01650724242284273,0.974552615247535,-3.204404272907832,-1.4150920775958822,1.020540554925216,7.7745473103782015,4.2148948822977,0.3967722339866977,-3.04568675816196,5.049490003790856,5.222305174820274,-1.6352686225151527,-3.158932051014402,3.5107430698158555,3.0841102146112167,2.6686778697421354,5.727347454455515,0.5520462909672418,-1.1973189919529204,-3.1728939261719318,4.467414872974121,2.0326768054475615,5.176784918670209,-1.036758385180101,-1.0795047571063645,1.1540688720879875,-1.962525392024118,4.962877113700055,3.9589930471447405,7.456759799951057,-2.051586987750032,3.0751638039522557,0.11602704424769492,-1.716580893751281,-1.5601412834850958,-0.6020285746675546,-4.444684518339323,-4.141612204155627,4.906412448999914,3.124571532572855,4.087362300930283,7.512452149445459,-5.044826748814714,2.665787418153231,1.0557052589413705,1.4566378936902447,-2.183757982916511,6.889067061018411,0.08073341205821798,2.559367997176921,0.8677981456827246,5.015951440181344,-2.3081893483925495,2.44425017699481,7.186246225946312,-0.4130471016822774,-0.9022204586037779,-0.1823864468133278,1.562145273326435,3.61766922043832,7.261411574719274,1.0038435214933217,5.904221948005312,6.252108344972864,4.8117352550190535,-3.787652264646132,5.9737421178454655,5.539893880846983,3.151529820284041,6.029794861864727,-1.1762708502924981,-3.0868797440817115,0.8699048824552913,5.326974248903986,-1.940592735983251,-5.613486892973832,1.2479329485902955,-4.211859244745821,-3.156334561045752,3.8807029907762796,3.844592398821374,-2.3901238834771954,6.996399922909546,3.704361976508756,-1.8111621388241397,3.2440734665305895,3.831918489675073,-1.6172492090600687,9.168599124425203,-3.179605093701528,5.450936029615223,-1.196761337535149,-5.480292572774478,-2.0202171774244393,-5.225872445094584,-2.579249797997331,-2.721549368256893,-5.8754843424817835,4.26336463035192,-3.366170380856395,-6.195777615817741,-4.612714023962937,-6.234380921688723,-5.38639695717544,1.8791631010110574,2.2888194315681556,-4.260463522424477,1.5920877086675718,-1.5902928455765146,-3.2979230661997367,3.1196819875509987,-5.582511834928539,-4.612844238796897,-3.8927292990087965,-6.824128040963968,2.614890058565973,-1.614125648746499,4.014241859605332,0.41384406271972135,-5.273082952527966,4.324835476311224,-2.0921272087110907,-4.173543589797798,3.2893404626964946,7.206075957130936,-4.1061417389841735,-2.040430259505091,2.8885046984483047,-6.159942879015839,-0.6646105899958542,-4.204391959064712,3.94216514656446,-5.774923654216549,-2.9917144087432854,-1.4187929461645576,-6.8337314416638595,-0.9234564283556193,-3.6256262886897774,-3.352791913419794,-5.324032495324271,-3.4229176844533344,-3.8333944433068514,-1.4527599336825243,-4.896823684331739,-5.391114505670388,-5.695729323743982,-5.53954244830747,-3.7473834047547316,-4.827692984251468,-6.939812947625513,-7.179687922536011,1.3267665409755343
5.830204496544696,7.297984359415235,5.157738745028152,4.537621752915395,3.2267701993369973,0.06648027724766524,8.941595157178257,-4.648552199004124,-3.862958093787121,2.2397557153428105,0.31959732569429705,10.568519263239702,5.108961970960968,9.570038371572167,8.50549303419561,-0.38241384581951793,10.411956448343147,3.5164793901848186,7.87915352816357,2.3514468477179307,2.8918358152148826,11.37638995909958,9.247213016344972,6.2492708698691155,1.2773720565195705,-0.772050469845273,6.731416175181403,-2.1786847855304043,1.078130470170393,5.900107773449296,4.060382715454696,7.942937317444779,2.609049645919385,7.755021355988768,8.302057371359208,5.740479241114026,-3.2681797505401873,3.7761465020946194,7.977266409706251,3.0768489771093694,9.591010168487868,5.693034986618324,3.6052083362087295,4.034305176821377,5.905815713823389,6.833686495092351,5.731090788944766,-0.7510672915373121,0.19032694046161877,0.8693597949884595,-3.1897814995683005,-1.4559232253433034,1.143424408569661,8.374276695948234,4.395954075202253,0.14817905384071758,-3.572225793151654,5.2312508193433285,5.429219665413209,-1.6373133713246866,-3.4934414368969033,3.705608320266938,3.2310561772495094,2.7593426634574216,5.974941107333123,0.5283446632955417,-1.3206331455301086,-3.4351564835905073,4.803420290516864,2.12558444769964,5.37946299588388,-1.0056035316320804,-1.330497118433607,1.4991143103705755,-2.3512116046241207,5.204087293015796,4.102731060430875,7.7432809521378685,-2.1463124485497187,3.6315130620289673,0.01019748562153183,-1.9032288487759523,-1.7854783390924818,-0.44430101295868885,-4.87904652300264,-4.233249482139761,5.253880052329387,3.155527841188566,4.326115796392466,7.952178372202758,-5.348343480501523,2.8637526767625845,1.029216233642669,1.5446371426087402,-2.4310557738772065,7.275537766466511,0.17744966245333815,2.6743101843044434,1.024697029991942,5.6077822489197855,-2.1011230395678253,2.763255081458903,7.862048414675312,-0.4590189949840512,-0.9507082120691418,0.2870732481406446,1.829013354337821,4.151930672658107,7.848104604972472,1.1144283990379775,6.407286768236919,6.821011570045361,5.195292768975861,-4.017025445826256,6.386868888809291,5.754574814329021,3.720249557602393,6.447022528830599,-1.0662356207962969,-3.085287053754743,1.0004988212817487,5.863972514897391,-2.1065707522643726,-6.04082115938083,1.194395029559606,-4.482119098297275,-3.410653236863263,4.490439108408058,4.116871767918078,-2.475982837688307,7.6920800926037645,4.1779765161089655,-1.697110074428647,3.480528049767778,4.208613903572969,-1.4406233970236226,9.717987062845662,-3.607389343025744,5.761990090864591,-1.1438287181640578,-5.812620619697651,-2.2675161279222076,-5.75330809875602,-2.633704133272204,-2.8430100114057195,-6.235798492814541,4.327236846162651,-3.5912738466479737,-6.785356516197274,-5.054480813470608,-6.834874625943381,-5.730807704785462,2.0345877668397945,2.569487460743965,-4.640320154858915,1.9563542030418712,-1.8484605409982533,-3.600573204254472,3.37785245038003,-6.158967591917434,-4.939517332140676,-4.366043692533397,-7.39076612216895,2.799438511808956,-1.7912082801438567,4.163933317873032,0.2093111511073313,-5.696210993985373,4.596012527127437,-1.9910640942600346,-4.590434570436625,3.6186991105266126,7.832066512154083,-4.635268580229637,-2.3418444597333914,3.2047249391926993,-6.732796979654761,-0.6497168758538556,-4.638169958193964,3.8581009708047582,-6.264328695683152,-3.462835203082431,-1.78230633820007,-7.406590766815848,-1.2013544879801097,-3.9437238634548955,-3.509917100371206,-5.798833005148593,-3.6387712136349712,-4.285985317593238,-1.2652948197521634,-5.3693613783364915,-5.9209337193742515,-6.100247594849321,-5.998108945765085,-3.8088652459032373,-5.1235683086353925,-7.481071662634398,-7.893452234592129,1.6527298989763128
5.8483432410905944,8.051173996255223,5.817352630916991,4.553782695939891,2.6057379961178464,0.1565088252817263,8.845553070990396,-4.987790882095871,-4.186732909843055,1.7841425515129858,0.16574455981122385,11.486184623136946,5.690670628962706,10.039029874959933,8.832872892729645,-0.5883350867724216,11.306052994449646,4.38947376364794,7.644496384380531,2.981013743460325,2.7071241419391896,12.430279170375792,10.065667521399163,7.159852366098236,1.8576994138919307,-1.1733974280887631,7.606969841639592,-2.327955468596967,1.4400634104271062,5.5051033469257,4.7473741072612325,7.654996378095298,3.420943304852493,7.383233334928219,9.056332315494728,5.698520120996819,-3.03413476439971,4.913371048956729,8.774613243466233,2.957814820598705,9.962988418579988,5.207723888086039,2.9549876987864834,5.36674084390606,6.87166140222363,6.938753363925443,5.8063441573571435,-0.23904294796464598,-0.35786636515043085,1.0266876231784652,-3.4418763156508856,-1.3942940352476663,1.737243264248193,8.542190614771613,4.607867681917744,-0.5613191195549354,-4.6320858234851645,6.340603744925601,6.1970786941198766,-2.153929120058553,-3.5974730270494963,3.399384564550097,4.114304154482156,3.3888451740902394,6.820458437319166,1.0862527781393803,-0.9974297996640917,-3.7379950679827645,4.972349221550132,3.2697834320584303,6.556969801313245,-0.804144899289361,-1.192229964264543,1.7332094877042998,-2.605208704833288,5.96676240908894,4.8015751462725955,8.772994751784871,-1.8471419493231727,3.9694180550326585,0.5158889307088015,-1.8658419373704878,-1.7114808032979743,-0.19542447008535618,-5.835207978726439,-4.364548724200434,6.550165995552732,3.199526243547366,5.186216971882857,8.417297874427872,-5.801479741693048,3.6042011837272447,1.227030788996665,1.3845692655148072,-2.2881801118410485,8.34695300235829,0.7094813694776967,2.7462675512137067,1.3314847129695178,5.833349728668548,-2.077290511270302,3.3640839942873155,8.677644816853906,-0.6905575715218003,-1.2402747293971783,0.5429246852106795,2.508522024980519,4.934185476749491,8.931151485235585,1.4807922008681342,7.49009936205575,7.806903391110689,5.439860336351646,-4.240845891803453,6.926828805314288,6.769867149201004,3.877343748429899,7.632014978670132,-0.9532684738561488,-3.259211353272525,0.6558822521225162,6.455213117398539,-2.362856390718954,-7.148253054565195,1.0217770305104854,-4.787442212894124,-3.715589708556459,4.917874632415312,4.540547588383902,-2.4279568472179194,8.647204782627625,4.928700262634154,-1.4781073545845982,4.2561365973246446,4.575658599568452,-1.3818558358638786,10.982953141844366,-3.6199791664001206,6.01145905595587,-0.49225676260285745,-6.582914298375671,-2.5717706812768197,-6.280175560284591,-2.2202981513943345,-3.0743712125882285,-6.771152018994393,3.9300067345764265,-3.3967382424697368,-7.821809981763531,-5.246440384894928,-7.87924764352712,-6.078103448733197,1.8536555922214217,3.474423539171943,-5.184379056563936,2.460710574251329,-1.574593124770513,-4.132398652460846,3.4586465300946942,-7.5751743596771135,-5.569402260546237,-5.3502412960126495,-8.618780478897431,3.135822334582261,-1.9170520378836522,4.22806762821225,0.7371024251274934,-6.509918232363914,5.502250178525859,-1.6812292682038692,-4.680934073791564,3.9058568956203876,8.559153510102117,-5.10091121899299,-2.807498830629732,2.711888179677799,-7.8521144273248575,-0.36017256463857655,-5.351017263941392,4.36765259364229,-6.990503810816474,-3.666449629778951,-2.202149650850778,-8.54688254658463,-1.1294639031408682,-4.445630522891331,-4.182719641817897,-6.420746318113841,-3.847520892854871,-5.377192230738185,-1.4979024432487844,-5.9637587904081535,-6.673268987427687,-6.784190179823588,-6.630789283162205,-3.9301673614756663,-5.846542971306379,-8.633553935449122,-9.165513412101287,2.47491208574351
5.657420947824545,7.340922113750283,4.834891268325307,5.261550209867926,3.482653716496282,0.5663301150827603,9.297744582776586,-4.730742777167305,-3.9226539143897936,2.717745652087568,0.9028216127518391,11.178227897467448,5.781091674350644,9.606826916665316,8.971144492945026,0.23400126015750755,10.275766956765782,3.3355683504537073,8.179755240017748,2.2464492154605686,3.424918438481141,11.50560831300682,9.163204588161355,6.4443870676976065,1.6100037413230395,-0.4858802318147452,7.400745974021804,-2.39304624895171,1.0031912386211768,6.16527063148692,4.14853687871721,8.139151744885737,2.9258766658974453,8.10622369929149,8.855073432977466,6.46973891178172,-3.5125258709622535,4.236084700246,8.399577983544942,3.316989363502597,9.557197909687474,6.285853967460818,3.8576498442593485,4.158877060152998,5.551043185525043,7.06138763368421,5.689899340339439,-0.7974555187245727,0.0056496976939915955,0.9743370981735058,-3.392386599716995,-1.030810286392586,0.7853537855424086,8.159227850045832,4.7726769403944544,0.7639780378063574,-3.3580442228449625,5.5292999970389705,5.457254407636453,-2.070852714389752,-3.620800769412036,4.217664632521997,3.696186074269536,3.4136163860355992,6.765383432283269,0.8600902667965384,-1.1198835310714523,-3.6176359870410155,4.702590186782116,2.4848784250224774,5.803877090215005,-1.3171793092535409,-1.3042702953592362,1.1455217935616653,-2.348730129104924,5.300467164958247,4.610172305303649,8.442612461487604,-2.5025449168805496,3.04447924535507,-0.03581046120481257,-1.555232517970525,-1.888173274577273,-0.8567094200806773,-5.095552843389962,-4.412804477916397,5.255808911419841,3.619554344556268,4.802302486374416,8.255511116350782,-5.33177381772283,3.2274625277294264,1.4818314980842895,1.5859866043855244,-2.3504126371062632,7.5850888766775,-0.018664084137350934,3.2496765684241327,1.1355978799561552,5.488198557750236,-2.7100725443027045,2.6088002924093465,7.5375214588985475,-0.14883621038277509,-1.0438608573693566,-0.16697320228120455,1.5525457554735387,3.877923385098801,7.750661261443259,1.0508979532607239,6.463708296988702,6.771820890826058,5.470275324941006,-3.982017438284135,6.391197613902774,6.190668136846855,3.0438628861181503,6.396569723497892,-1.2159945799612082,-3.468974621698571,0.6438154101407636,5.497399997973852,-2.062181634261509,-6.163890623800766,1.5879574185598733,-4.484576129843482,-3.546386096348977,4.086554384263424,3.9298877877446934,-2.5526126724236775,7.349139549079233,3.988106560715725,-1.9783079907009284,3.6354539183570695,4.58307694367889,-1.8704931242789076,10.021353258653605,-3.6232498215945803,5.755945144949564,-0.9733635607880242,-6.237021100847625,-2.1678953268570096,-6.010589721973665,-2.470328586242993,-2.7507008703148657,-6.4160230143146,4.606001407770813,-4.13599404406725,-7.139258998966262,-5.240648989576314,-6.885302627242533,-5.5096850312687735,2.298892285415197,2.5267906538609877,-4.669672550155049,1.7201954680529083,-1.7173581835086957,-3.52010341289276,3.6783295351722565,-6.444953959228556,-5.117184773140318,-4.543218819297806,-7.700849439968531,3.0209789490028887,-1.5545870719874544,4.011832094144843,0.19179570900752707,-5.818780302107743,4.649163739211881,-2.3868745874583865,-4.603442716440211,3.6173364131123287,7.440562417656396,-4.706394957897661,-2.3472842757068304,2.8779786125828313,-6.871134538448832,-0.6372702588929985,-4.758869437029399,3.982689268638886,-6.492367658127643,-3.675112971426105,-1.9847647417552796,-7.825316617337345,-1.1583284723704872,-4.010640598545055,-3.875459489974454,-5.959106801346594,-3.7386803656829666,-4.2393029598757925,-1.5955289116318059,-5.479251231680679,-6.046620732398253,-6.432559599480979,-6.20889550915588,-3.7537860471252347,-5.4149833647859325,-7.874929791210883,-8.138088321043913,1.6237170189190397
