5.795398696792395,7.924971187788616,5.409770319499733,4.996052236320092,3.0995469497152595,0.43096393091013646,9.104330488197201,-4.82901518955813,-4.108225927924061,2.206064663512396,0.5892177375202144,11.333718365001967,5.580325633204356,9.892369182132084,9.00746672783008,-0.09251348716755245,10.817792269556946,3.895741931184141,7.915427278678383,2.5222390612325025,3.0676558164332093,12.063896831790341,9.650016473356699,6.726004127826062,1.7676429728416991,-0.7939030217089564,7.5337281415551764,-2.4007759640450907,1.1685313672397255,6.02479538649567,4.384011696107284,7.888131963221289,3.321000305349715,7.778189941496619,9.102981578585041,6.119922940369062,-3.2518961907541293,4.585332873744257,8.78742218526904,3.090243660244074,9.983737019596472,5.846115948959823,3.426293543383769,4.735597470345215,6.356506779059497,7.109317306664929,5.866150083050662,-0.5685067512201569,-0.18194271146985394,1.0520644996830957,-3.455714061007709,-1.3143238154171013,1.2157214735770816,8.444101016615116,4.761082940942938,0.0858792594831374,-3.9504814382166944,6.007393402143127,6.068515860154554,-2.0010213223868534,-3.7000213291651747,3.8672069379857987,3.9854026781334344,3.387467049581699,6.862739201408291,1.0195240407036077,-1.2401329042160185,-3.6417493706245474,4.969247793671741,2.940693024889482,6.154557942342962,-1.027053055183393,-1.218112558043235,1.4843304999467906,-2.5137815630459346,5.622453161149145,4.659834437181972,8.635545147026853,-2.142124148389211,3.5893179913870696,0.36957706367285026,-1.7260163105438253,-2.02441756955877,-0.5933238673533221,-5.34988978087546,-4.467159234998799,5.896958750241693,3.4123202926146807,4.916603714800392,8.412759179130767,-5.595902338944817,3.4167586574813718,1.3324311568692468,1.3701376190700418,-2.3570458441333106,8.063687923806249,0.314160767292456,3.0185408214697484,1.216213288004593,5.589661967792999,-2.3703879912620867,2.959634917904467,8.250189329027908,-0.45501807177444425,-1.183607433116484,0.20872360130909337,2.0673223277968362,4.323660947229156,8.356357269368575,1.2660544445813338,6.921249716300793,7.213077666533474,5.341783112170686,-4.135284162564993,6.640508006691589,6.426056884279132,3.5037581988601527,7.135899784901114,-1.2318343037187245,-3.312192485649792,0.6143535392194,6.107615969795374,-2.2114515404379484,-6.706638755156026,1.35086236089986,-4.668309476380834,-3.6209277760890193,4.587738925734377,4.350138044498755,-2.445454581191838,8.132759630225689,4.479073169771925,-1.774079816570452,3.862549711607401,4.741963883668601,-1.6126109895199598,10.536835246839969,-3.7049248516890736,5.98610342608245,-0.666788228728149,-6.437173122014118,-2.509575177149237,-6.288983744422846,-2.31270995725931,-2.9714193438917627,-6.740501092942503,4.307310383901687,-3.6902316133969366,-7.509679815437379,-5.2725821704815905,-7.40927452594196,-5.86917632388923,2.0357113694387077,3.054788900162481,-5.073560811529079,2.032529053136139,-1.7421989807987255,-3.8922077755366833,3.51037178592173,-7.09935611805877,-5.427700351699629,-4.95049733218493,-8.165782140615407,3.0303466953272236,-1.7595834222140332,4.194789740196493,0.3099567440100429,-6.214976236928296,5.171459552119617,-2.0673592828516445,-4.787709012919949,3.789951382430443,8.139118019602007,-5.048509386481984,-2.587744989386782,2.9120585252587334,-7.411734130531274,-0.6049015293939439,-5.091895788988036,4.085888980573331,-6.828329200689341,-3.8649632487205867,-1.9911916987676357,-8.239120679874691,-1.1235700387587795,-4.321073571046456,-3.9804088196167395,-6.219444277478868,-3.971633902209392,-4.8307097842867455,-1.4629074590577502,-5.806806181932658,-6.390653321143559,-6.682828233276346,-6.586747095422821,-3.900657064600903,-5.762855542706699,-8.29085167337344,-8.700041818052245,2.0166645724757117
6.335792605185494,7.955565221419409,6.038153886768666,4.834410856903402,3.2540759018693732,0.42111873349941176,9.215269987257102,-4.772471480615607,-4.0824155843367,2.144778280981402,0.4150359203534581,11.483887951695475,5.50653179064368,10.346791196884855,8.858053211867364,-0.24680679990960522,11.463277291809286,4.221359790283432,8.215733006645358,3.139211034712843,2.9197366028011853,12.420273233636056,10.165685477972003,7.021877140099047,1.541243478520909,-1.0861243018322613,7.626177163105822,-2.6308601055929843,1.2255669791479897,5.965280347548191,4.689536959361249,8.12538224888571,3.3305353852868307,7.898908609602646,8.996416157629918,6.195822237652985,-3.25825590040849,4.398490751065824,8.67596522169446,3.1908772337203835,10.208453496308055,5.480018859409655,3.556715123734394,4.890724667018668,6.845721892249668,6.98630789721262,5.858012451741339,-0.6242898041067024,-0.378556746461512,1.1770782843004544,-3.574383620923777,-1.6870577499288417,1.5946424178463348,8.881281703643694,4.634593724967306,-0.32742586988468236,-4.395755534058129,5.9986465148414165,6.102374342945205,-1.9137618291915643,-3.766574662406363,3.7847582003971882,4.031436700335181,3.0842470901930197,6.777100959148256,0.892800856258177,-1.5082894160327829,-3.6027897156356006,5.242258873030723,2.8279221818715854,6.201508275441454,-1.0917672954082638,-1.409467558054195,2.0525153617749954,-2.6997330542453724,6.1495479047156465,4.592086698360713,8.593138664454036,-2.0298630109825186,4.181427752529357,0.3489220043488803,-1.977804378923367,-1.6300560079764992,-0.3166671339848191,-5.8106100768332665,-4.433668725431636,6.078321269157948,3.445192712748681,5.00645960610978,8.241293017730898,-5.823675568570525,3.325242124122209,1.0584832568400848,1.2852560683611047,-2.4822914649942986,8.023629444599345,0.38744821816608366,2.7534801157450834,1.2583621788305634,5.993256497338953,-2.0954031866137197,3.2641377008290497,8.661083654322058,-0.547086139726236,-1.0514884206822575,0.48692201115760114,2.0675486776630305,4.887266928403332,8.797516110798783,1.3887235448828172,7.23137944211202,7.645157271605881,5.329212495135588,-4.232688384290781,6.813186072881383,6.431591859247387,4.049476118522524,7.3414363113541805,-1.0650384345609452,-3.6213654049143846,0.8104578999000942,6.236375274540061,-2.2558370633636735,-6.907258175981604,1.4038380741353296,-4.8272162054271845,-3.847810292684888,5.011811220677211,4.111181398139694,-2.7831117713892373,8.529126870253972,4.64418795149361,-1.761432039484707,3.9770750524684213,4.49736725099312,-1.763556340732606,10.770403666625597,-3.7399168446090685,5.854608868106831,-0.6994007716919605,-6.466395045073155,-2.37266092211016,-6.484607358422104,-2.1690227410592144,-3.056010071079493,-6.8507471066284396,4.218400307053699,-3.6743760774772336,-7.677604761664519,-5.33945282725812,-7.7281496345663365,-6.213562148932245,1.9916724323952575,3.4304493665670126,-5.042028363194671,2.319930686469715,-1.8889568032450097,-4.015930098769814,3.619532780883282,-7.34495933185223,-5.462212925600756,-5.153380520644931,-8.53685353686138,3.0115538039316667,-1.9704086958860594,4.252358444472074,0.6138542363703529,-6.362441247229856,5.161956646786472,-1.9192751237706052,-4.759366947288803,3.6935098850197825,8.554838518425354,-5.131125568403446,-2.8134269653316273,3.07404108993823,-7.7547645179822355,-0.3889857418868641,-5.4247316984228195,4.498662552015101,-6.964821446800006,-3.621932191687786,-2.0997449097701915,-8.372559150095391,-1.0461003783900669,-4.2306438234656065,-4.168977676873842,-6.4580998990011595,-3.7965892567232937,-5.147885820959534,-1.4775467596620921,-5.811494731114466,-6.582806898177828,-6.741899818281576,-6.524480211926914,-4.181676792803618,-5.923484075230477,-8.577392291275826,-8.909966909622014,2.248317772091255
5.264837952289916,7.393147352775641,4.834499540451004,5.060277913072351,3.0788086261311927,0.5089603044769064,9.011469156780384,-4.695838672036978,-3.87933791841638,2.5759353161527194,0.7679640640529705,10.85135263530327,5.677785984461976,9.304464266924063,8.634596578836533,-0.02349833150258971,10.056485865331302,3.369292407269282,7.915168509189167,2.1982524603920397,3.4420595706271477,11.359672963704357,9.023671975971116,6.35475255469449,1.6174220237332821,-0.5216414734445602,7.080593055080321,-2.3952886378993488,1.0497898820068474,5.947036592709804,3.9121846687295583,7.851305951206163,2.9408740128094464,7.726633172730123,8.579855738108147,6.053151212134072,-3.385944671994989,4.259479099573446,8.245159060552686,3.182622722903467,9.398578378561115,6.071691433640014,3.51132885059517,4.078097405643759,5.574233710750277,6.780798992943876,5.450233681176975,-0.7908686052786245,-0.04907584087023744,0.845326256722752,-3.4129218870534506,-1.1623316314220695,0.7703998541864673,7.968086397127876,4.523552461926519,0.6539675447351622,-3.3297602357832305,5.551621767446485,5.498153483757381,-1.9883752840165891,-3.522740215634433,3.971557458315118,3.4962122275179097,3.2619428674735436,6.5294111896519995,0.7988639020083232,-0.9316342876539081,-3.6090660533539265,4.469804410918546,2.5352422521049918,5.695926793212878,-1.2127303938710314,-1.2260595544436546,0.986460092618365,-2.2072078965417283,4.866856890993802,4.423216481514926,8.314516313127744,-2.4870547711013433,2.9481431361668746,0.023810684141429166,-1.5667355580315123,-2.0748281258658348,-0.8132230544958611,-4.954516160777205,-4.273245014067786,5.262872546235824,3.3050380391340117,4.697419474983332,8.158417411801159,-5.243849298179783,3.082683003405541,1.4356507759667332,1.6054577408323187,-2.3408668684704024,7.44918763086734,0.23985606272556878,3.3353834917310614,1.2660048626214713,5.499245776904806,-2.6290747054697094,2.5279030400152376,7.45603530448096,-0.06741198151563849,-1.1223838337882035,0.04079327147734761,1.6568322313623094,3.9128692554721356,7.73199110316516,1.0903334382725716,6.50515861227528,6.711140938066301,5.536123309587536,-3.9334819049315755,6.373062350740174,6.024678351819795,3.101105651175683,6.418566530944231,-1.2335978327457797,-3.2219364777869846,0.5674521574380502,5.569402307048184,-1.9964703088338795,-6.100751394574267,1.4012687076828456,-4.4103242213607015,-3.483472131887583,3.9913190938501195,4.156124451514713,-2.431260694210163,7.295281553100146,4.160934967042844,-1.881602875939929,3.41396790351032,4.673713011130881,-1.6938310776337135,9.888550034101122,-3.5188625691817155,5.869663303767761,-0.912422799741951,-5.982232665595212,-2.154421614354265,-5.818989157124738,-2.450651330380553,-2.8288706282068676,-6.256038702603076,4.438016707894344,-3.817177392013725,-6.931417422549922,-5.045567359151299,-6.79400568303007,-5.421935062462916,1.9669155279304387,2.4019869778047047,-4.625311497214301,1.8749912138435294,-1.5527895477543816,-3.5944389937742702,3.633661246167725,-6.296730949967842,-5.0556642145831505,-4.496623396849664,-7.459986965926489,3.2479679599224456,-1.522715636821425,4.035489985434538,0.07284675433434498,-5.699327460137182,4.657747544639198,-2.3364700443372417,-4.4668957682047035,3.597947746056264,7.413058492773206,-4.55651967750578,-2.2672110645239365,2.7512154678201353,-6.686067537720808,-0.8666914392308572,-4.571367323485519,3.561796599005713,-6.319854078514826,-3.583112517392791,-1.8704611927537498,-7.611203277955608,-1.208689618688849,-4.011158278460982,-3.703275502472732,-5.84973337976581,-3.942330729073998,-4.297692000225332,-1.5768097492609505,-5.428321152748701,-5.906318009600108,-6.184588026409665,-6.16398760185473,-3.5388650613836528,-5.254579129193249,-7.599087421684992,-7.965619234601306,1.622601170938585
5.595342967500293,7.82649025159562,5.177055371763412,5.192014522037181,3.2047544403469854,0.5890578400509455,9.378450300550538,-4.982088909199575,-4.090007074660295,2.559801133514805,0.6795297608201115,11.536515328468726,6.004216314925123,9.893920075835085,9.21551615016139,-0.07483959026589254,10.715678291825807,3.7507861061179124,8.15180531461998,2.4222958757287096,3.4481334782575663,12.125977135376743,9.601294745027003,6.818311870413282,1.7009777450472034,-0.5677153133877846,7.704344962570953,-2.394689120579311,1.1600207981727506,6.132330354081879,4.305693315417383,8.069066386992347,3.1950037405760083,7.975737111519762,9.14711683497407,6.311206329424081,-3.440858788704553,4.634826113505384,8.809140044267592,3.3345841449941256,9.916315998463245,6.209455245506163,3.615101818677855,4.59488611581458,5.969033758901325,7.218035840461579,5.8739324545853036,-0.5840396434516247,-0.06877628147534798,1.079634867749966,-3.4839225668079696,-1.06244756930139,0.9617808636518129,8.35572180218629,4.766718976410752,0.5319754398556201,-3.7178288805715787,6.091320040699165,5.9824083876895315,-2.1818133063341256,-3.6881727715672614,4.059640514329323,3.8578507317818453,3.5592702562296625,6.961292540638062,1.1370706939422388,-0.9774588525427711,-3.7573580532581943,4.744756976633111,2.848738360175212,6.2083641482286085,-1.1516130961807083,-1.2663912339927,1.1306075890914082,-2.406407554261879,5.37459203611046,4.790044683408497,8.824373212835164,-2.419253328139396,3.216573139448711,0.2889029580211631,-1.6630522339479088,-2.1445027605905094,-0.7803712724339061,-5.398903104254781,-4.49435749828907,5.722607939480394,3.477083826169813,5.04941024128084,8.572137471933278,-5.62379148152738,3.4959154766463807,1.51202121114648,1.7272143775609827,-2.4963165778599334,8.041661470926604,0.2160354137861597,3.320221788907605,1.3959478135622847,5.706762106273151,-2.665769401789019,2.8195778011510377,8.042413909496043,-0.12387529774915831,-1.1021722443605635,0.0516078458225129,1.884483872432545,4.229464795258972,8.254185730131585,1.3789221955518214,6.967216907157281,7.209852807000872,5.742861482638361,-4.156285522648056,6.764888224469506,6.544997301266777,3.266905777271224,6.971672374628979,-1.2963974692355915,-3.352869913219281,0.5130419044790556,5.977061438458036,-2.1304596585428475,-6.628465874243485,1.3380710819912336,-4.729878275134104,-3.5768346661538333,4.319017004099733,4.374583163841699,-2.5308258616877506,7.876211500160073,4.559511833436654,-1.899353097038022,3.8745931804909413,4.832970199300564,-1.7643346658213421,10.562996009976796,-3.7425233591367744,6.2045317656570305,-0.8182977200762523,-6.491191598961089,-2.363861183559316,-6.370776646952735,-2.595016592528914,-2.9563692610666004,-6.7653173751347335,4.501816996263361,-4.005931301802392,-7.524646381282533,-5.42290649161911,-7.300219976815379,-5.8162906139349815,2.185647258700793,2.8100507686375633,-5.058346505902964,2.0457680364783357,-1.6961028162029916,-3.7828991323571253,3.746240858089528,-7.001444738860524,-5.434053038989692,-4.948128575290081,-8.207047446451286,3.3071899803827707,-1.626403200244705,4.17111200691907,0.21734454605714498,-6.260353228598766,5.091488048595018,-2.2784358724958214,-4.829735512726118,3.826810566612244,7.9248305962284,-5.000911890885559,-2.52096382392713,2.771793159331641,-7.2964692383693635,-0.8016145102097916,-4.9709173665534445,3.9174289187137696,-6.854314454139796,-3.8734522450065008,-2.141079150972995,-8.277899082602639,-1.2123431620471647,-4.365827640331875,-3.913026352401243,-6.1500956411457945,-4.114581803170475,-4.763636821063031,-1.623101444277303,-5.717371866977637,-6.370639617703133,-6.666582687434129,-6.634954859700911,-3.8712749837290583,-5.672731875792133,-8.255538472627757,-8.6415576945233,1.8535530422763378
5.867795931521557,8.563376588320178,5.955979111095566,4.645176868967068,2.4121616894821996,0.1508147424156849,8.931808760733137,-5.246416624394474,-4.390459500299636,1.6391390767179965,0.11028437623235865,12.023267051175061,5.974217210377294,10.402331641148647,9.304847152107598,-0.6478884397652795,11.66471453909207,4.648408139506033,7.620116586813943,2.9351139471810725,2.6568954509638067,12.959143305041664,10.450516444729269,7.418607907707683,2.158394976183438,-1.0349229733522314,8.126592679001856,-2.4237595499873272,1.5629230027858805,5.694152704448457,4.984769557597227,7.6384388696470324,3.670820458482665,7.376016971576909,9.613807834456077,5.814564660862459,-3.121489583712052,5.361866939948203,9.328023286166971,2.9285854403864846,10.371926669722354,5.411384570644198,2.796157791648405,5.86576896317593,7.079188037704376,7.266574137344902,6.072573419361007,-0.08002292649133594,-0.43932472432962727,1.2182538723862748,-3.468292913173806,-1.3833811970509151,1.7733993267690866,8.757698548749092,4.959014358958721,-0.6030064230371185,-4.848653562033007,6.9124512944954635,6.706060265946969,-2.2914794121443234,-3.607379206668598,3.363619327397938,4.386987389517977,3.7535812977791383,7.28231795771599,1.3915340810318992,-0.8918004674902366,-3.7996893108527177,5.1730577799938535,3.7534903793773,7.060878960047261,-0.6598943211064705,-1.1530495906039087,1.6742374011428998,-2.710325477015548,6.140279626021918,5.1106080331380985,9.274774848484594,-1.8606902733060795,3.9424370247028717,0.8237663741572241,-1.8777915409774328,-1.970972204838355,-0.26142332961783327,-6.113841026536933,-4.613028850644653,6.973464379377583,3.365193979061634,5.520911832460354,8.845223357081691,-5.899683573352132,3.9466534995608664,1.3963055488918812,1.3838096202518027,-2.2901527645288784,8.902376492556106,0.9655951500253335,2.8097784671128267,1.4617571562762772,5.909605778393801,-2.2584117422890735,3.543925689321974,9.084877737630855,-0.6889410117184026,-1.3040005864447117,0.4207957007326585,2.793739228765283,5.04982676424652,9.35590099057367,1.639802064358552,7.896623839629729,8.15109933113731,5.620779418007521,-4.302037826542811,7.320485682449112,7.218847698594694,3.885475393700346,8.180933704143207,-1.0279975744135006,-3.276464221708946,0.5050295234652062,6.830589908123183,-2.40094427217783,-7.647728715978705,0.888864137931103,-5.168135681837193,-3.777544572428216,5.012272324474697,4.957571888604932,-2.3424218282643605,9.122035934474905,5.185809526728153,-1.4505686441808383,4.583476368490596,4.8670062973981985,-1.3662036674981557,11.550714181488404,-3.731545605221815,6.409058534537408,-0.410975250124931,-7.015380014060613,-2.8387259579559796,-6.64938622785565,-2.336693898434688,-3.2190001594986644,-7.152091270572338,3.955402596225069,-3.521311672315119,-8.273812377483116,-5.400564955836446,-8.297427690651604,-6.323607486064104,1.852573296829518,3.7445422289091774,-5.5437036654427745,2.5289775281319353,-1.6176788446906116,-4.35931061588958,3.3566200800494186,-8.14388179969784,-5.811249073183053,-5.723894897376606,-9.153572395398088,3.2855279587120814,-1.9701472986842288,4.356326129584266,0.8121487952985603,-6.902077286440895,5.9833702231836465,-1.7344544127505017,-4.950717102719827,4.1350565414975,8.936977223720657,-5.2716005116113545,-2.948613334747336,2.6323276954673855,-8.251669617808286,-0.4131451035907785,-5.568772051748883,4.424211445448629,-7.465711246454909,-3.969206090977814,-2.3245997813584767,-9.160547539731441,-1.1467128811342249,-4.776124820699307,-4.390252988029197,-6.683989914593725,-4.198979422409044,-5.801369702712739,-1.6511599918781366,-6.293089548866511,-6.952607764283958,-7.142368074257911,-7.018252080808316,-4.068620970998915,-6.23176209216551,-9.173189104101652,-9.679017098234223,2.775374235219572
5.301300060053006,6.988373930006662,4.705483646855991,5.002254165789736,3.3266956904192218,0.46973748153741224,8.95678147859981,-4.532095852267869,-3.724415786284444,2.66863499776694,0.738337033904878,10.541753766741706,5.421573908439748,9.141914810910365,8.5412299121289,0.030666764319425308,9.780838131972446,3.2775462163789415,7.785611373400484,2.082192108477242,3.321328181036658,11.04248347983659,8.804062312478367,6.138688324631586,1.5159638052923532,-0.5083014055638345,6.828287310270392,-2.197777745637905,0.9426953526275724,5.831612984452199,3.835491866669375,7.774226663314908,2.8093021938809515,7.747024166226543,8.314175304379262,6.020930240371759,-3.2829491042758674,3.934237894095239,8.003890553027992,3.1516397892397507,9.130057890529741,5.937570581267535,3.7206207021233064,3.7871131563450695,5.453987666781834,6.767506331946023,5.482207329810295,-0.9001187067945532,0.2040674676954333,0.8251348863318672,-3.111795116514451,-1.00106123733939,0.8663896568391265,7.770061270019838,4.467022504352187,0.6381422905656129,-3.1820527469043243,5.346529519483419,5.290875011292814,-1.8955729701028454,-3.3796769061696352,4.020528732360079,3.3128318781573984,3.092409799830606,6.2473868672235575,0.7186673937740242,-1.2073494605369264,-3.370187477814696,4.4202896549769175,2.328008423423902,5.441999622489218,-1.2707957745063845,-1.2673542781818907,1.060367581843306,-2.1673090297537447,4.922018635401612,4.164860070513045,7.968381240450774,-2.5035561637674992,2.9616078505692562,-0.07955136526876365,-1.4448940734120996,-1.945554807414348,-0.7086858226226326,-4.776090128298266,-4.3320773824587615,4.958692104701609,3.234465689914025,4.451076266638849,7.92256029552534,-4.992961643686328,2.7657912518904686,1.270604397500785,1.5786757768812143,-2.389638161053599,7.20931995006205,0.011371429409942837,3.1319036124833297,1.110824957380831,5.323438977758236,-2.4960099094876074,2.5496104394212025,7.1893852066451425,-0.13940352601229158,-0.9825963348562928,0.0169992280833336,1.5580894252954125,3.7270495123603755,7.399378816682977,1.019925356749829,6.166284479562456,6.391382586791108,5.295133408443921,-3.94267917023178,6.019937938624825,5.708321435525713,3.1056607579435966,6.029741209723868,-1.0965951974024823,-3.177312438200757,0.7346711494092646,5.2870098822882206,-2.0490638847575307,-5.84751148995063,1.394634571821567,-4.358660935199131,-3.2930369060567424,4.013944193395978,3.840914111980719,-2.4738448865961042,7.05156821509313,3.87487258645217,-1.7782587549103044,3.221455612275642,4.468970416810042,-1.7052148328936838,9.596277786753324,-3.4061650362899636,5.5910915728902255,-0.8890236352914858,-5.8223054261162135,-2.178812019349129,-5.657986054726323,-2.421207300774787,-2.8304752997528824,-6.219137148056995,4.251477424361932,-3.810926567472562,-6.661430521984789,-4.889344806744576,-6.563709418706177,-5.263992727594014,2.122607405926053,2.2925651511734726,-4.633207686713128,1.7921758548896871,-1.5550496901192499,-3.393010292554951,3.565540728203737,-6.060397212979158,-4.871710745340485,-4.228887788959855,-7.263893403641905,2.940803578600671,-1.472458137996845,3.853229004660351,0.1028539631802932,-5.586315375806106,4.418088810592889,-2.2473160539054295,-4.356137395311864,3.4697603388484066,7.180451469449694,-4.5241509760077445,-2.3162074093728577,2.822690446369571,-6.492440411263087,-0.5925627013675823,-4.440310252769465,3.631346468736499,-6.158206593033536,-3.451940621582559,-1.8980154126835425,-7.253713271495604,-1.090624713814922,-3.804696406814044,-3.5536733253855446,-5.700194944238983,-3.569161077262882,-4.060466555991828,-1.3834478206710399,-5.2351576570548275,-5.710618766675804,-6.040928317792078,-5.908960840505492,-3.5981847034755465,-5.075410375108059,-7.386197811077213,-7.635556234888304,1.500731501073482
5.890132782108439,7.280946976962036,5.469042197997259,5.1321438671456105,3.354280005017209,0.5305976526805977,9.077669285460564,-4.53627968384716,-3.9592695654712395,2.5743896176789334,0.8281035910008968,11.099514074880757,5.615238054077113,9.630226966231428,8.480910598407283,0.16502689043803784,10.732759527297564,3.7276760213523725,8.13992979983018,2.949972542509209,3.228571982957805,11.637526598458798,9.445949844005074,6.7452185421195034,1.5110990096994743,-0.810861392939489,7.244109056753237,-2.6060309278668385,1.0679842768538221,5.750822451276793,4.4561637062860475,8.080109213966828,3.2755036540896105,7.9577410200597605,8.66681075758795,6.335264976354436,-3.175619760828923,4.318803651173464,8.26588032448388,3.327274996797981,9.409399095192196,5.603939057606661,3.601910340603525,4.600302489760929,6.281716855094233,6.638216729843287,5.227429512081619,-0.7564814543503856,-0.4800615115672956,0.7843891634754189,-3.7022839101821363,-1.3398525913804673,1.3933295069919553,8.38828621120103,4.568206379161269,0.1432064530776352,-4.040241352466028,5.566320860611985,5.500202818098453,-2.0176948389268152,-3.5616178376251337,4.106683367502316,4.0730590159386,3.2714493637659756,6.785960966032547,0.7797376103239675,-1.2055251872139439,-3.641770026510838,4.799018386228736,2.6477278485486293,5.879170935140649,-1.2002897835903006,-1.6496990606824182,1.6394220056212623,-2.51266180240901,5.916095069494765,4.548937265358397,8.421169208359363,-2.3201413899043497,3.6391599706484365,0.19379371682801613,-1.696495176388616,-1.2533699800623206,-0.623741563381089,-5.589986271171878,-4.358397563388847,5.627994797586586,3.432262180161954,4.895215608704935,8.030638891035535,-5.464112593649479,3.1080765393425764,1.3944501323324987,1.3987106521083377,-2.2530137320478665,7.682312598385858,0.23315999087583184,3.1990068303148798,1.205645295754978,5.708032714501208,-2.378797810329577,3.0238193610308612,7.840594284215879,-0.31080749424867826,-1.0949958014479146,0.3338353689111061,1.5944094474207182,4.457012208329808,8.232448534780227,1.1134554847018359,6.800331886870499,7.18472826149541,5.34095316814338,-4.048729820352809,6.345235200729938,6.216294275496984,3.4392092574627346,6.677178763017044,-0.6814740286504332,-3.635184725452662,0.6163632227080211,5.440191501219662,-2.090440814229721,-6.48081574333647,1.4828268180423638,-4.659668888917571,-3.545436705807822,4.4803340016142945,3.708019854744403,-2.643692087937833,7.694534449416559,4.217385258900763,-1.7956220031728936,3.639108615579401,4.531260937417254,-1.8713149508069482,10.31367334655924,-3.4040951537340547,5.472449473029182,-0.5010326112940733,-6.198512437530562,-2.198551525957744,-5.862575194013205,-2.209691718716494,-2.810013195592922,-6.340043432645647,4.240241310031136,-3.912940745532453,-7.326227550854528,-5.195338665664598,-7.258352702748101,-5.674185948674402,1.9509626644675315,2.999287235645148,-4.663491902625938,2.0247331226104026,-1.6338453545783924,-3.686268190195897,3.705727032971946,-6.892618440912441,-5.0189335827483745,-4.8320997087552175,-8.03660404774494,2.9837941923777036,-1.8345668373487578,3.763149810860003,0.7324717096919899,-5.9201505596658475,4.752260908714518,-2.2845301043989887,-4.295982556248203,3.6275952139483816,7.705627169644873,-4.561724889428621,-2.8784196790380125,2.872361982696699,-7.192468757120675,-0.32408356637101593,-5.048393618437074,4.5138048035538265,-6.613791694803488,-3.1826314086734646,-2.1623839817281465,-8.019873853288747,-1.148914095089004,-4.008549182807003,-3.921888345839668,-6.023957845001844,-3.4810794687866995,-4.712861874015654,-1.6684459834626257,-5.43587936110335,-6.137517953072842,-6.365935200296271,-6.070169621315003,-3.7970770426440934,-5.510452977427566,-8.154418646881334,-8.421751524490244,1.9754721732661928
5.132077521884663,7.183863101654598,4.405872375423783,5.248788993286696,3.302137172975584,0.709131971353436,8.771205312486282,-4.402998770479567,-3.9732610034561007,2.513549557036175,1.0531983929189932,10.573593495715429,5.3737184725812055,9.01712665705445,8.733435708837478,0.39582990250322553,9.40911108572336,3.06658559115937,7.524551707824584,1.7598192814635156,3.3650985122330126,10.785812118302507,8.5382744720634,5.816396592199961,1.6870793937337731,-0.4964868290135506,7.050041858699264,-2.1310458457912524,0.8633997060964413,5.96955476090084,3.7551176963735315,7.49573871710591,3.1280760002585755,7.582421453262403,8.521863772666055,6.143192538364331,-3.3218120459096574,4.171622409524654,8.277394136824599,3.0834047388793824,9.089389255663686,6.144284810157272,3.5087365701275384,3.9391607935502035,5.306500075678788,6.937747303404213,5.6305386290229595,-0.6877646490725616,0.21923273342113567,0.8323215918869074,-3.0898243788527204,-0.8375502953907762,0.4733368290733078,7.475697785671093,4.469562828458443,0.7437523151632455,-2.970773376160791,5.336560213263879,5.270798848892663,-2.1138075592012133,-3.456112283678716,4.060496028671087,3.6948092777815336,3.4719310562238412,6.689385119644283,0.8693796220094252,-1.1471330735724938,-3.600299745902601,4.513515929572451,2.604853624478228,5.479633769427862,-1.2628880130977518,-1.0792176536255038,0.8467701098234287,-2.1897687226234277,4.751509482564313,4.340318230811844,8.133970356507158,-2.33124454451348,2.6847245238044124,-0.18249270218019362,-1.3573439773271527,-2.337114824556892,-0.9068201448225258,-4.6403735064890945,-4.2291559852324045,4.941372787557904,3.5583106786000744,4.558150612898858,8.103313383458172,-5.0339021678695,2.962420075915947,1.614497804765695,1.3310438293919424,-2.190989301449073,7.409093614556519,-0.2441614407659711,3.261385145379427,1.058385997650641,4.893231726616891,-2.641446368269255,2.4376662225394448,7.041180445542467,-0.32557825875904417,-1.0432653839342012,-0.2462287325374756,1.651943674161978,3.264964192195967,7.120961321071283,1.1468555547812072,5.933052158811105,6.0795039532722415,5.115423133547309,-3.8286370103330767,5.971883370013209,5.84299105064483,2.7208825385962596,6.085053560085027,-1.2514937119393916,-3.1827685774191474,0.6635709826675605,5.367352101248594,-1.9398643969990361,-5.7800063330715385,1.4494507788625952,-4.277986539979839,-3.3383458758893996,3.7511284282404986,3.965203654492402,-2.187316552184754,6.920692970557238,3.7495018678667096,-1.8283771450395545,3.3049030688832812,4.758868970576593,-1.623045665957973,9.463852898428401,-3.564477201555363,5.605734051564485,-0.7494462950316697,-5.770945922526238,-2.2304273582967027,-5.751725908583417,-2.3164804964282406,-2.7480972100192966,-6.219329875947724,4.44784348592956,-3.6773335084047325,-6.610093958482832,-5.001994533249636,-6.494904431543631,-5.120064590400512,2.092505800377314,2.430318718417874,-4.4413578556454665,1.6143071029514162,-1.4912757030702033,-3.5163575200810344,3.527673026830427,-6.082277352805753,-4.846574496133793,-4.179016199689181,-7.205718504139262,2.903173444518044,-1.288508383367259,3.918511536523571,-0.13533948856279254,-5.460503546949511,4.576324759161392,-2.361884530481423,-4.368568404127332,3.2414884306368426,6.9771376026674075,-4.610929942116217,-2.1496111917051692,2.695227335735513,-6.51372752380765,-0.7935695402248976,-4.3442306138282385,3.559273773787116,-6.181720115449035,-3.721167793979148,-1.7368285159468593,-7.310709315347403,-1.1387625208597532,-3.9036497896728553,-3.573362402685273,-5.50651863071132,-3.8279950278998336,-3.944353476654309,-1.400519402665734,-5.272789674971025,-5.684980102907665,-6.1939604483650355,-5.92962532285498,-3.344128145559114,-5.172668273841893,-7.416247134208984,-7.624112725476577,1.586233328565781
6.199524455344732,8.58964072424867,5.886618816280187,4.549597292781137,2.7990003853961536,-0.14306124830953257,8.8949738640146,-5.093452366359344,-4.281487608069395,1.4149453789836626,0.05093440900930461,11.669888596969809,5.211771662728944,10.47126369049859,9.499590065118944,-0.6579303864353061,11.503477968403784,4.371821056619655,7.6087207265524,2.449145478028682,2.2019037872625224,12.579348612478354,10.40428219049617,6.739108611001342,2.106202873549759,-0.9518044142329529,7.815250254119618,-2.315543558553237,1.5559975904353578,6.049583640225068,4.957124375065293,7.826538274773258,3.380691078975857,7.669913703690751,9.625835679122458,5.757485879921187,-3.310231773211619,4.712702258874629,9.355737937002989,2.809530259615553,10.692196457315294,5.660294634924045,3.0310457736969036,5.467736686490149,7.02834602539829,7.610108419740738,6.568363859404202,-0.12399201663280952,0.062428739383176585,1.345232400752018,-3.097305142761951,-1.590051935517278,1.6722231852441718,8.986557893877807,4.972484768761449,-0.6765074093043946,-4.4744637390341975,6.504044709044688,6.701167862632025,-1.8559741817079551,-3.692247101442086,3.38881830102666,4.146585751928481,3.468361693667274,6.893994715383904,1.1670461271175112,-1.5863349366529766,-3.669393268926834,5.349126588882253,3.3335878616135357,6.624899504897091,-0.5880583398221494,-1.1783443333236923,1.9334288327821267,-2.7476275603606197,5.986923588424029,4.828809607121479,8.783617499711912,-1.8018893435438064,4.229364428698782,0.6680361588781767,-1.8892885383390337,-2.286557859332391,-0.11705705128395114,-5.6502400096180265,-4.630302895337412,6.756767783135072,3.3193910230023698,4.668523028942466,8.9253418856306,-5.855713342535174,3.7010608940930965,1.1960002722247667,1.0331853170768284,-2.5029116787620707,8.716162391127531,0.8513349907757911,2.3275125723443755,1.1008175250731371,5.427876629763087,-1.932968712324334,3.6086177728223934,9.134376500960204,-1.0269498901542775,-1.0152827909938744,0.06986175147258511,2.7741999518894267,4.5275518126434555,8.980198761517059,1.663229772184808,7.223414579313131,7.528640479153435,5.007335989036886,-4.244792032494589,7.136338092546393,6.857815809690868,4.064349076834424,8.020499139101373,-1.2058183450077211,-3.141253614407894,0.9207400740499169,7.03487774184589,-2.4903013528593867,-7.211184439124147,0.6961858800121599,-5.051579884445596,-3.7205894771708587,5.298227184754873,4.975430848046869,-2.25384959051738,9.122764660072018,4.706834127380456,-1.515396613707936,4.560017031388102,4.598865922049582,-1.280443716747611,11.113503629444132,-3.776760333095667,6.569452966301955,-0.6468422188501797,-6.647480333256474,-2.949318791942281,-6.607091630680639,-2.581175807794141,-3.2220191243221943,-7.140974241105709,4.230454664249825,-3.3723170207094615,-7.888344344727658,-5.304874429758232,-7.9589228950120035,-6.379699691246931,1.8991828979273262,3.601461844993954,-5.573698249756642,2.2203149521966914,-2.0653319216285606,-4.1833593963557805,2.9545324264181865,-7.646771642554588,-5.694979416087164,-5.332347595155932,-8.758741440492326,2.6958745787628855,-2.076783496752072,4.573642369006625,0.4074355038692393,-6.601001366242207,5.947147859781527,-1.6377662696106938,-5.0480945247370625,4.043976635202257,9.124887662255142,-5.398769056741609,-2.7349731266231463,3.235870655204707,-8.017331692733077,-0.5409759317128499,-5.349708028029623,4.221666354586578,-7.268013527940502,-4.106703339906302,-2.0999279600842873,-8.707989611011204,-1.1851449896391248,-4.627967672588371,-4.121546906588512,-6.420269320583014,-4.215836985828486,-5.437490704456106,-1.1743752016710824,-6.255582641623869,-6.750196831075599,-6.962649273915161,-6.833048047114675,-4.132780392326218,-6.074138662300117,-8.822012964165499,-9.232366516680251,2.518160830083706
5.383044404713605,7.43632162617755,4.76838132472332,5.291610930938723,3.3901548092788083,0.641866327554252,9.183382887102677,-4.642306198955847,-3.978566177146444,2.7205219488434698,0.9096678549559247,11.055734465937899,5.650507007781644,9.374499074334025,9.000247301392154,0.24769454639473268,10.062156668009745,3.3284042193126164,7.994674252955017,2.079451443436129,3.4518208715818792,11.454122596709944,9.012868375617103,6.307382770241361,1.6765586957745686,-0.43109219952208033,7.367112688429905,-2.296421840238277,1.0138941268362736,6.1286576185696315,3.9470744059565224,7.9213570389467645,3.0578137703533397,7.9566905790594795,8.928640934931737,6.343031643864238,-3.454290588363167,4.298195346771444,8.523078476241581,3.2105744462798906,9.555302821740765,6.285173514331433,3.7811807136190083,4.167866133896276,5.570750714141829,7.117325159280415,5.7145558593810435,-0.8392958093419886,0.04598196289921355,1.1143921537696384,-3.27562956899674,-0.9348452494262078,0.7563264725116124,8.00460562321876,4.696805562855896,0.7650224734964157,-3.285789048175126,5.748865779420591,5.725679199931148,-2.1174466335668884,-3.708930124914308,4.2050593136378565,3.7447108583495363,3.3876575691112034,6.7412839863469936,1.0797658733562159,-1.2379482219117182,-3.560282094782171,4.5798058949808205,2.5950798386647906,5.858493003820822,-1.2469982719283195,-1.3561780355662065,1.0011117102304588,-2.310143714256994,5.163927196077837,4.590904632777241,8.44086647556897,-2.4322455865917725,2.957906514414025,0.1669035811496003,-1.448225042081638,-2.0523483900278046,-0.9167381214057081,-4.959304881725917,-4.31764149324857,5.305149781436055,3.4233856429385496,4.630053033445897,8.293577268900675,-5.268665751976702,3.2338779123809416,1.444185966752928,1.554902900052099,-2.387366014596644,7.62654510879273,-0.049051913821975414,3.3465876813078363,1.1569174111523957,5.2973362051247825,-2.6742132665691813,2.512901590898017,7.521455277895875,-0.12249171437133839,-1.1694400944280772,-0.13027374795378938,1.6822386563337897,3.7169276312550856,7.659547498431403,1.1213862475775216,6.394795341875751,6.5699615568289484,5.403910870348373,-3.981941453723516,6.362397438845304,6.15135521447171,2.984884527973403,6.40447094877246,-1.2927515745165243,-3.3490684350378324,0.596520717139907,5.537614713871709,-2.0504602419620217,-6.211512466710572,1.5107539106675767,-4.439648853739717,-3.390131090884695,4.031036128995357,4.096366604644946,-2.486699178813055,7.350866924686822,4.105140226638003,-2.016322480608536,3.572833176933491,4.769055491415667,-1.7395997848744185,9.96120914955714,-3.655281208532047,5.897368912853207,-0.8640281833065183,-6.250029372003329,-2.2349347765217398,-6.051691694831549,-2.4707530693844237,-2.777735265092583,-6.385376178050543,4.523726039207278,-3.9614606004714403,-7.064976547727604,-5.057022499906037,-6.819679491836067,-5.398898671173564,2.226745550612218,2.492298522154211,-4.8384199698502135,1.786527653254745,-1.6855731822827469,-3.4679882226418344,3.569882370250416,-6.5230720901930965,-5.214269823640611,-4.483601684073826,-7.66957995991514,3.081242359859878,-1.5958299662641955,4.028346267449605,0.09984313069512027,-5.91921740848289,4.68802614113151,-2.2420826087930967,-4.699119397705281,3.6990856552191134,7.397637256038139,-4.717249890531565,-2.3544707702910106,2.7669199883299584,-6.90015820556687,-0.8169968292694205,-4.6394357162174975,3.843036182144065,-6.599782108233787,-3.690732260244895,-1.985805555734346,-7.775953088810388,-1.1333464754177565,-4.196200817218739,-3.752077648350249,-5.852814249981569,-3.910898227715238,-4.361303066414451,-1.6138101267872433,-5.3934601232898975,-5.980716921024975,-6.346639115354996,-6.380655200108107,-3.76600088628592,-5.381677505128621,-7.770896429122444,-8.033309752655084,1.5106383540151664
5.753398335502923,7.634904198985286,5.217103396320679,4.8096731201886165,3.0969548361263692,0.3460655890955799,9.076147712488273,-4.885114344842429,-3.976453213415133,2.2352190191132393,0.5080556441146004,11.22967742234068,5.64178776064529,9.78183077404109,8.943609089575169,-0.22563154732811955,10.671567867718641,3.693104001955039,7.995248195527314,2.4921295005907207,3.0641273782795735,11.844713038319219,9.557287204094376,6.650341514914068,1.7135975507277414,-0.6479529441711227,7.479101255615831,-2.3616332569524685,1.2154159625023984,5.992905767343402,4.375032179067845,7.940434537546008,2.9366400109281248,7.80514939322589,8.867217345580588,6.098894647839067,-3.3742132719538622,4.330191977214422,8.490024693071165,3.174413552610577,9.835936640736378,5.9026131818054655,3.4958890129157147,4.535532162957091,6.009206284079873,7.058060646871047,5.8423289925807,-0.5696186884690437,-0.05707088760295995,1.1354447144055717,-3.3175114788772,-1.298455544977866,1.1345718346671227,8.32157702044396,4.628838375868259,0.2277271646215161,-3.724021263168579,5.758319750224032,5.739037942407376,-1.9794633417404375,-3.6098146131037647,3.8129864713477133,3.6650917042133675,3.253032488832716,6.60068207003607,0.9256514299109173,-1.2957416805030257,-3.5331937842668486,4.824345577581455,2.6428632665770717,6.010873697836822,-1.0375973626961914,-1.2481684282789944,1.4634387859069067,-2.4154750521137873,5.447969321602246,4.606862344557349,8.427736213397381,-2.182823692563661,3.4811124230039368,0.16444954404445844,-1.8654172554810244,-1.9230351246009239,-0.556065914288133,-5.2879466949215885,-4.33596117772539,5.747952553426206,3.439629459334554,4.864073966784673,8.259351985846449,-5.537026695782068,3.3506771527757815,1.3047477863528298,1.5157150865752225,-2.469709219478022,7.789497520798528,0.2984436325635593,2.8997164557730586,1.2079780812149392,5.611060543703414,-2.418514049495009,2.9105772891395603,8.032782307407253,-0.40602996296914873,-1.1106324108664747,0.04092790420096293,1.884288600257481,4.281817660858983,8.133911278041108,1.3650077845840851,6.830162050141353,7.115840619949557,5.428372872326928,-4.140552421075629,6.694785831565995,6.323136298214687,3.453518421539905,6.915951542132885,-1.1488285077534783,-3.35774444578042,0.7725161732472874,5.983701275932504,-2.30229072861915,-6.455384015003617,1.32543350148531,-4.631836528982996,-3.582512147913666,4.464716684711462,4.262962944867181,-2.4350479116453148,7.897339212216572,4.36510035374976,-1.7731451366996664,3.8944028974618634,4.448421603506351,-1.6880707240592345,10.276395480595832,-3.696083674724188,6.0083317888740915,-0.9113095815944348,-6.2122963772158775,-2.23115107552464,-6.211646422129124,-2.4097330922415887,-2.958069503056629,-6.575307814280988,4.38171697374095,-3.7723160131999562,-7.319862996460416,-5.173142333025767,-7.2696671634921,-5.84027945554569,2.176190812582605,2.8710743499877225,-4.93879141200957,2.0158381771030727,-1.7376905165998175,-3.6579030183945402,3.5090817156706953,-6.742455464821507,-5.302589744467792,-4.758917078104783,-8.009400379502068,3.0636806090199475,-1.8010852710350114,4.206217817525536,0.3228556044856604,-6.111614682600319,4.940330897157017,-2.1163258493501487,-4.64211513715113,3.679748166238651,7.945006668312787,-4.9596732581048695,-2.4238020514835803,2.80303707362039,-7.2003528119225075,-0.7089493438115316,-4.95070897432413,3.9883280649088677,-6.716063638497919,-3.7737777616767305,-1.985434989392167,-7.943282024372307,-1.1472539159344306,-4.159206195548081,-3.987915354294481,-6.051282039817379,-3.8460463405574834,-4.647710721200909,-1.3728453876729567,-5.707063688072666,-6.18927770432608,-6.426836154253346,-6.360297611154796,-3.8790691445282457,-5.501240119679642,-8.024926194327243,-8.402595249648286,1.923166161960645
5.850509248661548,7.4038287951734265,5.190120504137904,5.20354231456243,3.476927065432218,0.4809582232058438,9.192123726480617,-4.665168568990876,-4.061044468213016,2.621036632033098,0.8479675483577356,11.199604015458132,5.615047123217403,9.74217755466557,8.885461620578711,0.18550709292696507,10.55354829945796,3.688996817643786,8.105691274874175,2.488113458716041,3.239516999289808,11.676133773354403,9.43224894871956,6.5432726613395,1.5526307115319733,-0.6957755542401463,7.3370072491554295,-2.48662402463597,1.0570876249640273,6.0127812858493375,4.26313946065053,8.07522538691148,3.1292802221325826,8.057431759698442,8.840765197646112,6.399034727277364,-3.286356575767906,4.237604423267099,8.488791907846828,3.235892831841342,9.599027162062105,5.98326718706056,3.7826472621934872,4.394021029221996,5.944468678845763,6.979185047073769,5.631270955229525,-0.7346086427426703,-0.10994362240990954,0.9395616951780257,-3.514997974322014,-1.2653703820618643,1.1120733233705318,8.348290339654632,4.709520682227681,0.3736338485395802,-3.7228313125541166,5.744207478354369,5.713195730266592,-2.0158855450394797,-3.4983419172292614,4.136686183040999,3.912346353254995,3.3022578764991493,6.799957837731362,0.917897063246716,-1.2552334043382758,-3.625987724668178,4.8146349171944545,2.6152283083232044,5.942935307006992,-1.1383948668665549,-1.4045151411070045,1.398417014848556,-2.5039475270647267,5.6626465285977226,4.528385126405049,8.464341887820162,-2.4379168804752975,3.3506640364675455,0.19880379936844586,-1.6100758833416327,-1.7071989285669444,-0.73055958859398,-5.431593372804345,-4.55262648233678,5.447775363135687,3.5435411491016087,4.7158012029662135,8.264451731275624,-5.393950717076476,3.1376986577088357,1.2921058170704576,1.3631950818168752,-2.329902993449662,7.744341749635617,0.16023027110976784,3.093350460852742,1.185665984487156,5.543089707962645,-2.553983578101753,2.872816384908742,7.778567786923928,-0.27456372745986773,-1.0372393819447967,0.0013807432208297527,1.6558392391213235,4.103646233691666,8.014779970785677,1.2158072696734428,6.63228019918519,6.880318134073335,5.290404068133359,-4.05968734444191,6.362032372879973,6.16710447388962,3.280701225746277,6.62311924812286,-1.023053647877758,-3.5404957177215044,0.6819741245140634,5.560774099389006,-2.1911752331386327,-6.38244926372478,1.4945331806624564,-4.6164357240372205,-3.5329552733754266,4.311968539094012,3.835183824993376,-2.5721126120286493,7.616750464370658,4.1510595011136004,-1.9084601058802357,3.6872504107729305,4.551053636032666,-1.7925769882907658,10.23973890523305,-3.491761933239731,5.660401948614021,-0.8087523835715865,-6.235510820211109,-2.313361332291118,-5.9013525656176515,-2.4078724593914,-2.870379132520875,-6.381508100741525,4.365331240153996,-3.996548741570375,-7.26672410031093,-5.301589746535664,-7.042544843433257,-5.663483029085291,2.101259342526464,2.787936566932207,-4.7140001743354185,1.9379285294237003,-1.8241631649239645,-3.5914607514476047,3.6208337624530724,-6.725917059453902,-5.219382593118427,-4.706201940585799,-8.008649305708554,2.9193865074396297,-1.6983089657821324,3.907156052957292,0.3844790002535778,-5.893386140034479,4.818723499279691,-2.133949730057523,-4.436600160153491,3.633545176324048,7.717992271262971,-4.7131486498922825,-2.5964827690074874,2.9484159559077954,-7.154426287462136,-0.5046202945716153,-4.940783164559889,4.263631747667692,-6.528823864375137,-3.464461459321689,-2.0965608160047897,-7.948491446015523,-1.1423982754659991,-4.048713262943542,-3.830583024081078,-5.967664814415878,-3.7309372687038174,-4.568419087351825,-1.5692618052911869,-5.48258345965648,-6.089294983273773,-6.447235355371957,-6.138233535900629,-3.8514405897906516,-5.532654723654606,-8.039766355738724,-8.261577538326517,1.7148041836093497
5.510730224154576,7.624940583673084,5.166682750083301,4.586490145471883,2.88559948543476,0.09050537629327877,9.050557121132366,-4.92312296203955,-4.0145614272842485,2.121657206372141,0.28773988468277334,11.114248353974478,5.583476780411227,9.643165900700863,8.880784532574571,-0.5313681119240218,10.586121711306333,3.7309689102221495,7.836954907412772,2.2959919494388674,3.0436589624745904,11.871775046207686,9.454998538168816,6.50669509754499,1.6113677686480876,-0.5540864704985734,7.310570482272639,-2.3176182639271192,1.1516142671814447,5.800108142320789,4.250917146142833,7.878273625161165,2.795169220359133,7.68676139226602,8.794864506991097,5.75239265472307,-3.476391502884866,4.2399153540234575,8.469920011216315,3.0719818657776314,9.860698914820954,5.913745902363878,3.4005998299770677,4.496706820808078,5.95419824696265,7.1320616982598635,5.932298215014516,-0.6134592902961744,0.13893616990184213,1.042241367858889,-3.2113900727825024,-1.249318267894589,1.1628529088871957,8.396934793426103,4.5891565717991325,0.25426743459485057,-3.734399642408541,5.905305947731095,5.871844358126674,-1.822390330692022,-3.4702559048906063,3.6490086618846393,3.557597198234014,3.0969435318311165,6.379500918826099,0.9353874857532762,-0.9997253509188886,-3.5803014351795386,4.621446859315895,2.5755853724688524,5.891050743609085,-0.956401092297249,-1.1785346377946724,1.2740802014737116,-2.4511780623198347,5.2013036059827655,4.391321554636044,8.249318355234514,-2.0732171064540146,3.3269794395146506,0.2658399523272245,-1.668620306306695,-2.04535362881148,-0.45229154683198414,-5.129127209505372,-4.389907040711515,5.706181833903794,3.022782947304932,4.634352221762882,8.392237031238484,-5.338333027118592,3.283864670129144,1.2714517148957896,1.6355243146443201,-2.496151463367151,7.841012514601062,0.36020115532372277,2.9075347026613967,1.1053828749190457,5.647102388011791,-2.2899943381245205,2.7505902028426217,8.110358043157646,-0.43557826467769356,-1.1005735225936069,0.16457963804647968,2.0753936148767185,4.228499033204581,8.10529677124721,1.2270522860180098,6.8868360190519295,7.148814399884233,5.581515949849797,-4.080190167954433,6.747296348746352,6.183407180252798,3.58983379142159,6.899503431192886,-1.3094603081602016,-3.0439012218465065,0.7496784775894533,6.12144427897185,-2.150648701350239,-6.475427228973028,1.2640565289567713,-4.6819382893071735,-3.578715373425453,4.343313290532145,4.542016240902975,-2.461189975311119,8.016660697753235,4.546232606736785,-1.7574267126950673,3.8411737700151214,4.509112624143129,-1.3524323772044502,10.249064858660844,-3.6376285715183037,6.100933726173414,-1.0786280524076937,-6.363149916992464,-2.3075409165508995,-6.071963550337643,-2.474105733068373,-3.049800960329029,-6.565948059612881,4.379252589767345,-3.786027597231344,-7.1812535352032585,-5.164869474796631,-7.1468396044343345,-5.707063392833891,2.152786347429532,2.538016870722399,-5.143068702069382,2.1476138371767486,-1.7357108670673036,-3.58665109756351,3.4073992684076218,-6.703280225281444,-5.34797993485624,-4.77372345686878,-7.764968059438003,3.180863339693611,-1.7151545453439283,4.213364344899611,0.26599248795834635,-6.0453887749483926,5.037899195941324,-2.037787083047707,-4.897364436776366,4.005322326469917,8.061555390219702,-4.953700376645275,-2.51589611103239,2.8948599539074795,-7.130379377594615,-0.6235231722166109,-4.8746904230906996,3.8782654291615097,-6.4915732042407095,-3.7784664320473893,-1.9691995831408466,-7.925444078197931,-1.2091214362771157,-4.173641158395208,-3.744829234747338,-6.015796173047256,-3.81905140157039,-4.631103311690668,-1.49051905326303,-5.656133663524068,-6.242901566247501,-6.474236436558495,-6.3372629335911,-3.8001159449523616,-5.515599620478292,-7.9913440701408955,-8.376198045264344,1.8288073420399311
5.367157466874451,7.768465552249718,5.055519475154584,5.329834589585332,3.0406091296760724,0.67469575632065,9.163565290226956,-4.895131488089164,-4.103727306244381,2.459149898733946,0.8459523315726487,11.468758312102297,6.042223644208599,9.673890276729827,9.088979128836742,0.1268096255502078,10.474543020622097,3.6763413384083803,7.854885991219716,2.4154613991419174,3.464304141175195,11.968931691218708,9.361449129791179,6.805427065844067,1.8923117206537197,-0.5654042780146659,7.719584737444234,-2.398165395454048,1.2103948965895945,5.867308488746279,4.2454905275886325,7.826579360876853,3.482200371119441,7.742625453777053,9.195242913880355,6.307707412294838,-3.390663916684026,4.891635751644039,8.862891355455925,3.148252613849389,9.67392805007586,6.052777865839544,3.329705969103523,4.815625229742455,6.01005519728339,7.123154110905269,5.681607709918409,-0.6046238727498967,-0.1979944840093989,0.9781136646807442,-3.425197828835283,-0.8935736065667345,0.9442787966565955,8.131944385728902,4.821134265715905,0.45046680445419385,-3.856458998137006,6.136276526235309,5.891571982553765,-2.3589926058038566,-3.6096918790495893,4.085945123000334,4.167254232273385,3.8181867648098065,7.232514536763687,1.2474650441021333,-0.804065218428764,-3.7966440100556937,4.721818463431057,3.1715193601183564,6.325993197482123,-1.1283814930134874,-1.2544317199716655,1.1221120869576005,-2.5399895810345585,5.436873565646635,4.989671005856212,8.919185192726943,-2.3884559012192805,3.063917567220881,0.3458790681560324,-1.5092757930132465,-2.11693030468689,-0.8701990228808808,-5.521645659790658,-4.467795253949032,5.7895200305643275,3.5553298555378166,5.17869267005106,8.586455327035853,-5.479855803812169,3.5626935929211947,1.6981106682752154,1.5985630934798731,-2.316685016801647,8.144770395012603,0.31484543341007454,3.499633029830653,1.4736141174076545,5.553178692047876,-2.729165509780357,2.806490050897491,7.873232265645308,-0.21300088824031738,-1.2581264151519804,0.07428778726059986,1.9970182221850659,4.155734576239467,8.173872166714936,1.1967371519443055,7.019904510497187,7.139638768560258,5.71190643503458,-3.991883464519678,6.6185535532773105,6.65357490347987,3.085652212550661,6.933016738899886,-1.193334368350661,-3.2817107688883524,0.4399878687264013,5.811904922150496,-2.014462479247014,-6.80681570325305,1.3600513886104781,-4.581417294879267,-3.586593011616267,4.178467628323107,4.321554841581898,-2.3937050121848937,7.795255401192526,4.511641596733976,-1.808176460355152,3.9521490736416816,5.047783927524383,-1.6914680785519252,10.582654809192958,-3.711369896838468,6.016628727677267,-0.5334051881381727,-6.530797164082817,-2.4662066673466523,-6.3238739266399095,-2.3213884018373787,-2.933335661196159,-6.632394291670981,4.393952479217739,-3.9957246435212754,-7.56635050309434,-5.354265696630429,-7.344251721074954,-5.544913387742197,2.150268075074085,2.83096033675123,-4.961955060258724,2.0422246927042167,-1.60162903811318,-3.7983540522859798,3.7907058634036157,-7.194104258539345,-5.459053316381042,-5.0385849172238535,-8.25373555125332,3.404346243383638,-1.6288120304813034,3.9863382761969075,0.3077062797127671,-6.15636527309828,5.238279777992262,-2.1487263622289325,-4.6986047053633975,3.8879976812173678,7.723671719310174,-5.0535819033146545,-2.6364543375202962,2.5608565426742165,-7.440611552721718,-0.6425869597891979,-5.097818507852314,3.9776131878899927,-6.775918475164258,-3.8496349009585824,-2.2051885209825786,-8.393490081183662,-1.186483535405979,-4.282003012294604,-4.120528878818738,-6.172254907152861,-4.04065300691017,-4.796457267185593,-1.7228711486198651,-5.78518591068889,-6.4582240315491575,-6.6400549960841655,-6.519804322828268,-3.7397223816852017,-5.764007397306111,-8.368957963053342,-8.750567189276648,1.9940321678196569
5.983191021415368,7.689591592041905,5.558933731568528,4.829796984029638,3.0481677324987224,0.33351141249488797,9.172423028954348,-4.908075431816746,-4.111497743365551,2.351532460693501,0.4830343230734607,11.431586208242763,5.904364817821299,10.041271766674727,8.817523090900458,-0.29359277053443256,11.135957485014961,4.043030568740753,8.138345891657185,3.020273469389885,3.1620987913456973,12.201173719284904,9.855735303632045,7.105102675759566,1.580923736044901,-0.9492681691033835,7.522134078588421,-2.3958412200428247,1.218809061517095,5.848609489177366,4.532917183597805,8.027335292389674,3.0818151581706354,7.794487981086376,8.827944236654309,6.107404335254683,-3.245739901910742,4.552090565615565,8.45034499350526,3.227801558158986,9.805083578892944,5.601103146233598,3.492720333072267,4.836094496567981,6.3891078861050525,6.856454146070497,5.634521842158272,-0.5946257406775622,-0.34376946640029854,1.004542173752888,-3.6035548206206944,-1.401125267179178,1.4355617889840318,8.545874876397553,4.642923245614333,0.015165411078097438,-4.232692001942566,5.957045811664826,5.83023004563176,-2.1601406607974463,-3.5523009096659752,3.8164885029633737,3.840329807884678,3.2559821463547842,6.7474587707002245,0.8823731727814956,-1.0254411659264386,-3.6414306188537093,4.971271178229901,2.798980702097153,6.206843328884654,-1.0544296764770014,-1.386321603644159,1.6156996184795742,-2.578739593486867,5.867367196770654,4.65697915191532,8.60809969670559,-2.258000669797288,3.7290925939309343,0.21693538311080904,-1.9200520460524988,-1.4786915992693574,-0.45244301255739683,-5.705553762372095,-4.474957985382162,5.952887612715133,3.457184259808816,5.210794322662223,8.217958410855198,-5.7284476461638185,3.3217791021851695,1.236280227827552,1.6714987361370486,-2.3978664778568355,7.8841662420434035,0.3973897797750474,2.98882827062595,1.2983005366699178,6.046666649944756,-2.356476513009331,3.082578718890938,8.294776507190681,-0.3724862028821278,-1.1164596695797657,0.40475595315537594,1.9832968172983616,4.805560814346753,8.626300551709088,1.2993755776912321,7.2492453700283574,7.652033354891809,5.687527723535496,-4.23207609985947,6.817443570009811,6.491166283918503,3.736497467184579,7.103906711451686,-0.8943646501144921,-3.4701204553772595,0.6662430105203065,6.021722961998716,-2.2724899545410593,-6.795092979226936,1.3336120484262708,-4.779070529484019,-3.7264470047344123,4.653144557306463,4.158321027082467,-2.651976071931635,8.147162405640051,4.634571738469048,-1.64618450613403,3.9300769683554995,4.46443495357315,-1.689404055666668,10.638077375962657,-3.6321217391519727,5.821234936463417,-0.8232989906645197,-6.4505818362773875,-2.300276830509433,-6.109453588602795,-2.4055808552488824,-2.97224105150197,-6.567534635760542,4.160869398530019,-3.839330156798859,-7.574349220906479,-5.328361730467942,-7.586609235800354,-5.99834105926774,2.0182485154119654,3.1063949368393757,-4.849855507182071,2.2573669823596085,-1.6642010807129142,-3.9098117467479296,3.6782034609860874,-7.099465754422408,-5.289737886152982,-5.026489477341309,-8.324196963408468,3.1836075678358253,-1.899742132174056,4.101065269869925,0.6839489078133548,-6.242693392485725,5.0387857444554225,-2.004866542538367,-4.5832005942734915,3.7873073375897146,8.164396504957647,-4.817403874558345,-2.7141243824425505,2.7852835216259075,-7.466769592622953,-0.5710516056646857,-5.205901099595726,4.422539396745776,-6.824072512108422,-3.459894286318862,-2.1815096382359958,-8.272522974996651,-1.1364272782766316,-4.288279602341369,-4.079374021127867,-6.312844542661461,-3.8708803182449074,-4.955028318329198,-1.6684384439262483,-5.6533836955564345,-6.385742724442395,-6.544959262849224,-6.417359238591101,-4.066483299522826,-5.630026832978753,-8.325630729947909,-8.758704338157374,2.0576144324653076
5.838438939768189,7.325465574042705,5.129140570510154,5.038592959387227,3.248504495168642,0.6167829552672834,8.822379952737583,-4.453331648799115,-3.8832641368670187,2.456963589224043,0.8636919719235925,10.875601041906002,5.471302898706598,9.500889501489237,8.462770436323884,0.2663380917168219,10.427586693678085,3.5187271589438502,7.928423369526529,2.618672921930604,3.0746914469682642,11.33592957271741,9.2078686693931,6.526919635799681,1.589778367101733,-0.9374699801802736,7.1604764788477615,-2.4607328054455526,1.0337472888548056,5.991608227129119,4.218858870048074,7.85646848013435,3.1018027158514556,7.735328877916195,8.591644764321087,6.2441635962849285,-3.1846800762332843,4.314003040607083,8.147069723369206,3.2449786970543903,9.320119106687635,5.640162630453712,3.5353509575938644,4.3837236433274755,5.962422509109702,6.5461796826756276,5.2936256473454195,-0.5646860409182464,-0.4981172799091766,0.8985461311864299,-3.615938992855189,-1.3228599341396357,1.1669726806725251,8.096402413215541,4.580734742657524,0.2731702839437935,-3.69862913695303,5.3714122142036285,5.428926257897065,-2.0393126893690403,-3.542680011230713,3.9744739292602373,3.869635995970764,3.196152840532512,6.671811691224352,0.6837902800751603,-1.2067656384427285,-3.4739304890729596,4.938377486960188,2.648351055988654,5.807893719741007,-1.0573688319291172,-1.4203874796150078,1.520171243404931,-2.2912482675521297,5.688522814325862,4.53924752622125,8.212864965003071,-2.2681317920247945,3.5074476617158417,0.08417799680318175,-1.7732012055207316,-1.3978567447148578,-0.6334811965329703,-5.195083661263415,-4.287238503759779,5.465887015754948,3.6263253160160858,4.855156475334592,7.7939416705548865,-5.457010947786657,3.0724789786874673,1.4587100135206579,1.3628837753978702,-2.064504699682696,7.4290104183236965,0.07517682819164717,3.015765017897688,1.2931437329141275,5.422055130085407,-2.411370265764652,2.8817646655636886,7.6355597619469435,-0.25590457499950614,-0.9894711278720549,0.07107711266588783,1.6536605206587198,4.181764545076445,7.94593863481649,1.1018378106299653,6.488273440812939,6.893726756974813,5.137924781917049,-4.036462692789889,6.238401149553513,6.142160924183316,3.2475343826491656,6.584416948690192,-0.8536700928717462,-3.5386560761974732,0.6057315863773516,5.495909139785005,-2.07332923762032,-6.256323893829792,1.5185499437470888,-4.479455621473594,-3.471190942677816,4.3209706554423315,3.7789833293255004,-2.476037645062251,7.458364710673695,3.979722965493418,-1.7385933224908003,3.541944894921117,4.396826486460446,-1.7828696033416243,9.966144987711388,-3.508189886530656,5.463494253072602,-0.6449146885020344,-5.990080943122184,-2.1585922008634,-5.772934331729505,-2.1747787578346447,-2.7477333134015516,-6.2859942482344655,4.198603329452673,-3.6410996117452146,-7.064568882539969,-5.047999810231953,-7.012047584721786,-5.634411249876275,1.891888235010629,2.982234401574399,-4.426665351147641,1.7652521597136732,-1.5571624034029765,-3.721525341000902,3.5105289120068566,-6.57887629292967,-4.830076086554553,-4.557603065071752,-7.715703108415197,2.828248680081524,-1.7512221987191776,3.9719023872725545,0.6644650898647447,-5.686788498833565,4.673325441150129,-2.2058028956487785,-4.303644082966371,3.380689715876013,7.556248103928008,-4.409324031257834,-2.5682575276949366,2.81919558275835,-6.861788971840536,-0.6988577300111429,-4.914501933774094,4.341474717642136,-6.593695921575351,-3.196638620009195,-1.8760276306429673,-7.710234647420353,-1.1631081190419559,-4.1008183428275204,-3.847973054748331,-5.919000383678082,-3.693596239004262,-4.364826062097694,-1.6517485263986216,-5.338206103144093,-6.063819872029664,-6.168491394270946,-6.037378191599974,-3.8319543671789864,-5.244172013189083,-7.786240310854766,-8.122783374241745,1.8922334709374757
5.600557098838619,8.232555056347634,5.526394913819599,4.920132624868323,2.7342651286999438,0.3807270629806276,9.016162122583237,-5.032602487417368,-4.149538368864098,1.9885813273805317,0.4296442502847647,11.706557387980675,5.902371031327674,10.053361747348895,9.238403606546267,-0.31756820986463086,11.102749782361673,4.232021070531205,7.7470507815940595,2.6412576248158217,2.967421080383501,12.500986982448858,9.933055420578105,7.084776723581148,2.0792652236063662,-0.7726974510831891,7.914838202698779,-2.3006348623707065,1.446450754408226,5.808975716195807,4.6908182082180865,7.7431350040998375,3.5196569887512434,7.557291011535919,9.476560157524897,5.97133012034153,-3.1690372797422475,5.094227429501462,9.158296131930136,3.0705283651242072,10.121145170102505,5.733458535563871,3.072135930003852,5.338888218793238,6.5589085601659995,7.221376655197417,5.925779899991858,-0.2930760298820703,-0.30256184753506354,1.2149763319748252,-3.3814906673423497,-1.1106434411174595,1.3612384177105386,8.469556498363911,4.916368233595389,-0.10939429190690901,-4.3617094726875205,6.515886769738309,6.406750122033355,-2.25615450085999,-3.710534230151157,3.7221897364371586,4.266550176220927,3.7468766654060612,7.158177827208,1.3780076463934128,-0.9157369982681991,-3.863230380637907,4.92930827756651,3.449908475081076,6.719204465500147,-0.8284300775870506,-1.1936471456594127,1.4810476966524773,-2.626086442311157,5.741645944050223,5.106589702620498,9.072959718367356,-2.0645523845326825,3.5768142705025503,0.6900052112436543,-1.713202216396878,-2.0695148406719177,-0.4736538048380249,-5.80366987804892,-4.496277374613119,6.435147567449134,3.360056964238414,5.206256490767227,8.686453486926109,-5.6969739442033935,3.807500859705207,1.520341795495575,1.4774501001948508,-2.4066416058180184,8.555758843446736,0.6753123505489487,3.0435900719153794,1.4433300388632677,5.676633868516514,-2.3919069552967946,3.2043857993210674,8.58934600616634,-0.46277772659623845,-1.2498489173075684,0.20839225701057354,2.3987363199132457,4.6006127757099735,8.730589427539046,1.5400127932673024,7.347847039172163,7.624119133678838,5.590696493735065,-4.08365059031041,6.970681797738334,6.954460673020009,3.5003406809257753,7.651498318091707,-1.110170402271174,-3.20923571887258,0.41751027058580664,6.382514381735254,-2.2378886943997705,-7.198374737444645,1.045146754594304,-4.807686822660929,-3.7307299231436835,4.667724914949989,4.662172610836779,-2.34553935779686,8.49991307923744,4.877224882969311,-1.6217585880059364,4.3761135843074825,4.862667245425501,-1.5655826290680699,11.079728515141003,-3.6659008651045983,6.25662911790926,-0.48032589722812574,-6.794949722655853,-2.649123272974439,-6.475261582654647,-2.377218791300345,-2.9975241673083954,-6.916734218711401,4.172489302179447,-3.7758296654899244,-7.940433615610254,-5.346679571936224,-7.863704146699451,-5.927909339838691,2.0555630741796653,3.321117128619074,-5.350011756151842,2.2710159157894867,-1.7218535128718864,-4.072545095485467,3.477616293902088,-7.724033266649892,-5.647968183844123,-5.423912007175752,-8.712468958407019,3.236991512601209,-1.8420457090098632,4.208751086815587,0.4930774097484593,-6.580860659366743,5.679480960454519,-1.9135698861717716,-4.888941578921468,4.115780265596413,8.437306671659158,-5.189719820412804,-2.7617853398761016,2.6883808143615093,-7.847183571939053,-0.5880559003384822,-5.302549784217313,4.138983854147363,-7.118284960680173,-4.003938222882748,-2.3410547824322956,-8.81480263326608,-1.0840047872475025,-4.659459922524989,-4.156954789262035,-6.467647075525875,-4.2024806961501815,-5.3593064123774425,-1.614252280372777,-6.053128871836399,-6.697009943298544,-6.902598309876138,-6.82157298564395,-3.9115879438378762,-5.989961311837047,-8.796450841653652,-9.268685385469833,2.348062065156875
5.088446428421363,7.286370451094518,4.508483406445394,5.1220263900247955,3.1387066542673603,0.7128691624884261,8.724812287054657,-4.4791373092588636,-3.765287816013506,2.482403921449195,1.0018181356124087,10.609633542014016,5.458448870190113,9.014033436315522,8.634286136808235,0.31136785181537463,9.567928065393493,3.1361823912436835,7.5042256006727985,1.8789170013787895,3.359360594605539,10.963375511136567,8.612012426485173,5.944095955840254,1.5342235131690676,-0.42947375863897114,7.051159750172149,-2.3393452586993972,0.9309245708291406,5.946281060950043,3.8644178499304296,7.501028850888165,3.0761093121095944,7.530264256799116,8.560182381300795,6.062482114000358,-3.2394028399432493,4.337712420263197,8.27672480636938,3.1436518090036354,9.144667848754738,6.068140329942392,3.363712319844649,3.9545549147288974,5.390692256724368,6.771640219902594,5.48666251572921,-0.6289913034111082,-0.022405403267143693,0.8323714126891917,-3.3126290345464886,-0.9833978888568645,0.6675189029654787,7.5863901355178,4.494129963155668,0.7757419806375435,-3.0921886750909535,5.528520050690979,5.509946122891508,-1.955490279807322,-3.3818118807303947,4.0028287637221975,3.738145327750132,3.4600614414394575,6.678808241182232,0.923449091778776,-1.0224411663940516,-3.5490795564168427,4.46114260247648,2.6413620928983845,5.544707232985735,-1.227722521221466,-1.0273866793900774,0.8652465441867891,-2.1647690974458063,4.753474547945243,4.275639982887733,8.22481058969939,-2.1680481926212862,2.740657094996314,0.08113870037847574,-1.4271121466567511,-2.0793332966209017,-0.9470241319664273,-4.597102741303052,-4.20283157843883,5.042546364939381,3.342900265010063,4.53616150850905,8.032705836084496,-5.0524851997123505,3.152232957638065,1.651895862644222,1.4724677461910405,-2.1349194033447034,7.4512900266948465,0.1341821940073943,3.3417909506845715,1.2557782962959942,5.000704061520653,-2.5511096801823228,2.436148093810549,7.160061919683878,-0.08721067857256799,-1.0830341080327694,-0.1850777315802348,1.5580196377475668,3.4467574301751327,7.348752888815135,1.1349565574324085,6.114723095257748,6.202502921535682,5.191294640043351,-3.6753759055247675,5.950262608951937,5.8757937242177185,2.725007590622203,6.199141094949722,-1.1666274592075654,-3.146767065348194,0.5268616982018475,5.364328513860027,-1.8790454642968029,-5.840725888299111,1.480620085071026,-4.316732814194416,-3.2593132058141556,3.6973288850257005,4.0813509367447525,-2.2219194936284024,6.957711821039246,3.900311649786993,-2.0224051921851354,3.2740913849030964,4.728955861226334,-1.5880990362857585,9.619746892024745,-3.4663338553509284,5.711847668987135,-0.6739933603626419,-5.85895929463798,-2.337662067836005,-5.8797086752845535,-2.2643718792734835,-2.73325123085479,-6.1845184637994945,4.394953252668701,-3.6327240966320433,-6.792841492538442,-4.97519603516714,-6.47611915841907,-5.1736107282065165,2.034213521230873,2.3699536948422613,-4.646745264273652,1.6599063018164593,-1.4454409353744382,-3.5286426458292937,3.498784792159967,-6.218483078590547,-4.968704242312806,-4.35267273680933,-7.254279864997552,3.004290540072973,-1.3197762306817034,3.9660826114006675,0.1562696587406795,-5.537518004351713,4.694040712620954,-2.4606218422881376,-4.546294753973881,3.5204952320132112,7.132442955687611,-4.64245782922594,-2.3514737527139093,2.5992864585463744,-6.528915511581595,-0.8381990728949819,-4.499215168476159,3.6381753777999926,-6.124095991315682,-3.614584735407487,-1.6216393130211326,-7.461757422013252,-1.360587000285334,-4.018824541730089,-3.5099629287734233,-5.68282689434056,-3.9432737543129104,-4.068402927987948,-1.5440533889493941,-5.161790653191813,-5.816907765038601,-6.021305635405805,-6.010109111107314,-3.3949185265735617,-5.402661746578578,-7.543897542836638,-7.736797205919086,1.5987227775568948
5.616082999958459,7.92523390349497,5.090650619933906,5.394126891968669,3.2002511086699954,0.7967032770771564,9.350206943114117,-4.918333064822195,-4.183900142813941,2.663405063056288,0.8321655321945092,11.594459345448888,6.135898024374145,9.874577693463195,9.157695054272992,0.2266014510224905,10.676389381527757,3.582893429054359,8.232476413207714,2.4874965576599015,3.6102539259165645,12.144719201387714,9.544032281386276,6.934259250809387,1.8514700565030175,-0.5480020280110721,7.892756863652815,-2.5188974941317612,1.0743735123625973,6.277793157131015,4.255616192660428,8.018185204168354,3.323724990516209,7.942824059748,9.2906933313862,6.4978237995422905,-3.3430031410731855,4.866304858342044,8.922475559762779,3.3038916684365396,9.875650930048543,6.270247753666636,3.585243788005704,4.690178754228784,5.931737934750531,7.127666010675632,5.721565027861832,-0.685886561617683,-0.3716298904654136,1.1875465626877646,-3.585674146086446,-1.0468928846688628,0.8955073711251993,8.264565073059211,4.776870827212567,0.6224115422712153,-3.692349937819201,5.994352732613714,5.945159845303335,-2.336595253900539,-3.754246970091344,4.215176194402757,4.049258733441494,3.7213380524779907,7.22253567101236,1.015286522775417,-0.8815454576180574,-3.9074137136592597,4.911814507526213,2.9908237317983732,6.279859878427181,-1.113445237230506,-1.2172569436547098,1.119892586838941,-2.3719641445671393,5.442308064781735,4.903014091219036,8.972901421948412,-2.4008794014012254,3.105561403801426,0.27814301989578866,-1.5947260032460768,-2.0099385497236346,-0.9427916932940802,-5.312345319595627,-4.591034938002109,5.708035953877121,3.76073184535499,5.3002323805666745,8.44248935460086,-5.610131500784349,3.5607127933726517,1.6535448775695,1.6801646322231443,-2.357335399635689,8.064149247394885,0.19408404734497747,3.4874761161262944,1.3513618579265767,5.7002860085823555,-2.819598603927191,2.746348686586545,7.993301261088158,-0.06103681367944653,-1.1800057808243076,-0.010594671482517465,1.833721280581383,4.169831425522765,8.188785502695803,1.2239466835086499,6.986217813755405,7.261717757858714,5.793334567650102,-4.164891836605551,6.753719266921255,6.522384028157088,3.0349099778234527,6.946838791219948,-1.1509690431285768,-3.633498996894533,0.38737121636381067,5.843955419892796,-2.1582498843778857,-6.604819876801916,1.482080792594009,-4.7670992528718665,-3.735278235305448,4.153437427379892,4.282270828897248,-2.4908336343824935,7.756975769674678,4.411535746968634,-1.9588317951452925,3.847602184957318,4.925615493100045,-1.8455957969292593,10.616880795091552,-3.6725258522501556,6.022073641373794,-0.7565430691260876,-6.51880778240948,-2.3091261700170485,-6.420417146649232,-2.5211305176711356,-2.8617994588969613,-6.69511417008409,4.503437890287886,-4.017751696652786,-7.551867280373884,-5.38274275409573,-7.319731257989854,-5.720850920955225,2.1801408556541353,2.9275621305751782,-4.918238168015087,1.871861794454323,-1.5599349075459665,-3.8373804381373713,3.793314315946861,-7.053940589870707,-5.397927544284675,-4.871098689966328,-8.162412269433057,3.3569711673471763,-1.6936285748731157,4.186846096654834,0.3040126843897558,-6.195144447135922,5.0375898222268445,-2.36898400016034,-4.874046830972429,3.755517080795236,7.758844394438536,-4.935460680593659,-2.5261601407962346,2.5527540289695776,-7.262924905916387,-0.747177009027053,-4.9715928494182045,4.053558498907533,-6.885227347155099,-3.970307120228276,-2.0136758303887077,-8.364307727342412,-1.139991083579163,-4.688705639301558,-4.170798322815144,-6.3010050479254645,-4.201387317441048,-4.643794909172546,-1.825253336527364,-5.705270391677166,-6.3591530458920404,-6.74086443630877,-6.668094886267975,-4.034372279133856,-5.788684034537228,-8.355506025498414,-8.65010997735667,1.7420961233930619
5.844720745838914,7.734064309358371,5.489061318989893,4.889704413288437,3.013378266234883,0.5492083284213557,8.861050047770648,-4.644923167534284,-4.0258898818634785,2.2100015932742734,0.6258423935157715,11.24117044242982,5.704673517621039,9.866562855966242,8.701082568046901,-0.05450753899418073,10.856482835245384,3.949100900571424,7.911733768934599,2.8705769220092003,3.0608133685058925,11.923889541370645,9.713212809558192,6.837611995581292,1.7480692583136272,-0.9017595583066246,7.56324130088594,-2.364202403387181,1.2798925574014213,5.81858883602253,4.531367495471629,7.765672146231481,3.2819061864448122,7.6029412230633735,8.836997023931573,6.139794569036761,-3.104040939965941,4.627363328557053,8.475461145501729,3.2378436314690395,9.677784256530542,5.509500190664704,3.32293273070029,4.805230969588959,6.294226203328734,6.737513294029751,5.516577918045513,-0.40565582497385105,-0.4552374105625246,1.073443390582755,-3.4947018837220596,-1.3197996115840451,1.3901605515350952,8.294895023765822,4.611692087623809,-0.058655217838923544,-4.099878675058892,5.886118378359622,5.820616287820611,-2.2315635057098255,-3.6216548535733146,3.7304147933016996,3.953027850816755,3.412254705346179,6.878073792465165,1.084572030509209,-1.1802839392776383,-3.618315290835319,4.909627203077816,2.954792991611165,6.186364180788144,-1.1167371379176456,-1.2715345829520939,1.610124127400542,-2.538497144575265,5.732665131601106,4.676134751590688,8.609431880342573,-2.2256099700435783,3.6093493167167052,0.2626544864233127,-1.7928594777150577,-1.7189604712142696,-0.4952358649640661,-5.6439610801298885,-4.395777211134511,5.874180922235889,3.5621116563134914,5.106891755450802,8.100214919601997,-5.607564313093922,3.4387201708787916,1.3139094078248297,1.4141494844925238,-2.257530006382944,7.809759158906292,0.4089367384196655,2.9851092796030714,1.3784875932789864,5.719909465989426,-2.3079595975845235,3.0942118919529764,8.116684725547438,-0.40554988998539504,-1.0274347658188683,0.2734005613605649,2.0048946560008725,4.569969162454913,8.404110450183586,1.378135503705711,6.972826762196996,7.350657763503086,5.374778743645939,-4.103497634934755,6.606125499369385,6.470178862461349,3.5079293089969696,7.070349101021945,-1.0268956477566564,-3.483091150990969,0.5748012185157902,5.902358852228091,-2.2881210091205646,-6.665806482246865,1.305090323868521,-4.621086130348944,-3.619467333187357,4.541044423706194,4.044803152977904,-2.452043975005145,7.95314523391325,4.387853976684322,-1.6168208797422263,3.8301218671756256,4.50811369962731,-1.6916357347001945,10.486880817310064,-3.641940073872822,5.701905099157679,-0.6123157833554517,-6.29640387868827,-2.2900946888242073,-6.197900004933933,-2.189656809133808,-2.8655980230013043,-6.5695636824608545,4.099847042875992,-3.7148614575340626,-7.523465326268694,-5.091798520001495,-7.363455866188469,-5.902365182099973,1.9757035877898899,3.237215674855348,-4.718557303644393,2.1449920795764075,-1.6434234041845488,-3.8220104587114507,3.6091946425046326,-7.076385825536035,-5.3021304282983275,-4.983330724116923,-8.229498261165013,3.0540711941043384,-1.6856799104467997,4.11042761631534,0.5109646253956174,-6.1262350852435175,5.074117996400308,-1.9880047853892897,-4.533199053216673,3.539088518728557,7.917260339482345,-4.803439761296557,-2.6452193095742573,2.7069700203408775,-7.383202978044498,-0.5407241386594916,-5.1108955612733755,4.185278130769868,-6.713587883275348,-3.606771139694778,-2.0739854767972874,-8.177963640918344,-1.1631251978932353,-4.192248884197985,-4.134959443470582,-6.260785330705189,-3.9000105321628173,-4.919641159705684,-1.5467183986997248,-5.678653325278521,-6.245794384796698,-6.571891766466342,-6.347642650884263,-3.8637217412347424,-5.716670037491146,-8.263399571141212,-8.63937779526989,2.196023635782205
6.050853358115494,7.880683607845891,5.566596957231038,4.766018863864218,2.993310488809722,0.2594487546183191,9.090479442810036,-4.9589310051234525,-4.055233356873923,2.0822493655062777,0.3603854930220128,11.519732198792237,5.674461792101809,10.067049823444407,9.032462016589395,-0.31791579016654525,11.16828623776263,4.07293920953662,7.979621139274822,2.7782707603529815,2.8258038918504544,12.232320488050268,9.923323094506625,6.9613121842263865,1.7710589866091264,-0.9018891849980534,7.682233735744819,-2.4348159205774307,1.3370443943147319,5.936864282566544,4.693275722342463,7.967984181141252,3.1261277338506113,7.811015978335744,9.14402217435693,6.1108899535388295,-3.2672702354234593,4.5923215749297945,8.717307188361906,3.1139398818351163,9.99397416377432,5.679067154399757,3.3563297316389473,4.972339257208575,6.474414242515181,7.055017482667548,5.872813034953584,-0.4573167201268478,-0.31391376739895843,1.1279621398111146,-3.531073687771143,-1.4256438604898038,1.4849747490860452,8.584598819013284,4.79611777696861,-0.1478760674930674,-4.204386405534777,6.095201020227175,6.09033096523986,-2.0582844258470097,-3.5956424737392796,3.695694939024096,3.987569401403947,3.3463198095228694,6.8119809064430905,0.9591663022914112,-1.2638783416147517,-3.634362228994807,5.062962383611764,2.965632686588614,6.3461260102711385,-0.8626989253036,-1.2574358241535897,1.7128610230423083,-2.5440232484834433,5.938215467562356,4.751802735415599,8.674762228047511,-2.0110253498973085,3.835944153416964,0.43066028996071776,-1.9340774758959645,-1.6148581403110382,-0.39590838310603016,-5.604743497899365,-4.493972968483454,6.186911977138189,3.4576102194481604,5.0292938586316405,8.367090797466329,-5.700137422421678,3.430384008148145,1.2668681538391318,1.4358479711201777,-2.2942974803057194,8.13711483881581,0.5062649817429891,2.779739646645791,1.2017722854686859,5.727230003325243,-2.286525718503088,3.154732185415674,8.42309950538816,-0.5122032907357212,-1.148910621447659,0.12674410146685974,2.119467792026978,4.601500300415341,8.652698011428017,1.4153361971021865,7.140124381309786,7.497533612336369,5.371047514128048,-4.1781429589624,6.838381808809506,6.623651024896571,3.642718269023211,7.29750524338832,-0.974929946047007,-3.466148407601608,0.7610352125761236,6.191938718555574,-2.3768245389840224,-6.9040941141880685,1.2006922137292142,-4.824855070560355,-3.733250058402404,4.726534453269579,4.340882048580707,-2.56470005507343,8.319307050938773,4.542845722160388,-1.6939067204084066,4.127261433337033,4.422583743090211,-1.6494449394714692,10.736177174953198,-3.6229381677649237,6.016721762248928,-0.6737933913043376,-6.519854142308277,-2.453534388095728,-6.213583708348772,-2.3864407391830973,-3.0470435612390783,-6.702310528531372,4.234262897539757,-3.6539988987294487,-7.614243300805048,-5.27683420734847,-7.615564327618189,-6.07756429124431,1.9952341314943893,3.2554413670538147,-5.101056919206804,2.1696508845575497,-1.7613128308292798,-3.9757655788912785,3.4023761991745887,-7.205580059642904,-5.416373023605457,-5.0742872806355335,-8.407329939584367,2.9415370483019188,-1.9393651790555797,4.270935039935799,0.7238231388015607,-6.322148784881746,5.284962596822783,-2.022683983007295,-4.628963520508353,3.859313862266524,8.345968853677302,-4.927786530280593,-2.683059773945109,2.861141167111112,-7.5631305290263136,-0.5643516400080938,-5.2121067501714,4.475646057841695,-6.92264938381794,-3.571460794627575,-2.0636399919649753,-8.32637440736186,-1.1535835609782605,-4.288943906085189,-4.090329994703123,-6.251923604359389,-3.8557459999188066,-5.029986328427592,-1.5414299078245774,-5.786809932417879,-6.431421741877617,-6.641194345536248,-6.478070411944656,-4.125795367104929,-5.740833411652801,-8.420338752456022,-8.829429882994777,2.1483635731818724
6.011227826529746,7.485838851880876,5.6350273196829,4.641361935328541,3.0673247840877504,0.27462247963546593,8.90810682876874,-4.602049593417349,-3.8576544533314396,2.2219229808758403,0.38172144613124787,10.891000848961458,5.387813177953639,9.738993664169474,8.323591994228101,-0.27444294436293537,10.9639789320636,3.881486667037745,8.062339080363369,3.0391237332902383,2.9593417318982684,11.84757162122203,9.649106584761519,6.843527252436894,1.464479732502097,-1.0963237046272358,7.007036668377985,-2.40993868490276,1.119355649553683,5.698090540054765,4.375185824977982,7.97509784891419,2.9959179560776223,7.698274971462243,8.481419099724357,5.840332819668852,-3.069332424861045,4.202750665442383,8.160097058028473,3.1570271330989086,9.62177502981115,5.295397296500022,3.4831420460838167,4.564226452687266,6.4511636838201305,6.620404346075583,5.433446161847788,-0.6755439930643827,-0.4312726281755974,0.9487529323775603,-3.539871687123355,-1.5447120983198948,1.5690478811024353,8.557216832121117,4.451222532898184,-0.18672648585006424,-4.177874066542784,5.522141631365519,5.637426660785903,-1.881466739570934,-3.6014033497303815,3.762167156281626,3.7265837432536277,2.8369301268429172,6.326886877179653,0.6144573938156154,-1.2739952311207956,-3.4782978686016044,4.9520596691017875,2.5115124654289547,5.805138945301025,-1.03562352964112,-1.4899843497960126,1.8218863878516238,-2.502219926725577,5.834191463918453,4.377263564238649,8.130615173199327,-2.054964682566265,3.9324519796851027,0.16326956496796524,-1.8812525588112887,-1.3490069605796235,-0.2333244824389049,-5.4313025013439935,-4.3130956885248555,5.686057141345172,3.160969567483987,4.787278679649052,7.818393364008738,-5.510896330453931,2.99754337905481,1.0479367142658835,1.4608777606942165,-2.2839108368331584,7.534187710551805,0.3669198237765736,2.8080313949864837,1.1213427208490276,5.896019137095602,-2.0634478448807894,3.0681126292095797,8.20037024315886,-0.45662313568388435,-1.08537860170496,0.5656082181085669,1.8789931145946706,4.735429545942465,8.388750842411847,1.1359219198897326,6.94419994964701,7.403840498276523,5.328653490639096,-4.152669568433752,6.493490990023174,6.051980714123781,3.8900801124609354,6.857566804683934,-0.878975966609564,-3.366031629742818,0.7747026774153979,5.847842651631287,-2.1633576687958804,-6.562880956081404,1.3779159771551661,-4.567167081495946,-3.637498391182727,4.725796912747147,3.9089954537623393,-2.7171041993958522,7.998030906927684,4.426165185990043,-1.6519220217330446,3.697966615794818,4.295013282176854,-1.59917224890146,10.302630184724988,-3.4545903132453635,5.554124063192223,-0.8101661499042827,-6.150126745767255,-2.1459115556718844,-5.935330558541949,-2.191112402719465,-2.773786633912781,-6.407257943082031,4.037680797259278,-3.5804025280516885,-7.24871499012814,-5.024763805745829,-7.350379561021272,-5.8555748463637025,1.8316437471339178,3.0037904093997048,-4.747947008920329,2.2164902990232083,-1.6592582671325933,-3.713489953034995,3.5719296792393127,-6.830002330811545,-5.05226456989794,-4.8392350789883025,-7.93361058371471,2.958098451016265,-2.006922054547101,4.085144383712839,0.6612673373837532,-5.982077033108775,4.794648402752971,-1.8957105452689622,-4.50716209894024,3.670968809695664,8.068965054446437,-4.6215220376109,-2.6914151537947144,2.9881670216254004,-7.248102649402662,-0.41155565177133746,-5.082436125256289,4.378728512990335,-6.535340052693771,-3.2485749721606374,-1.9376301460673053,-7.864885746488022,-1.0258795962263345,-4.07373442840684,-3.94615090604311,-6.1908731532284555,-3.5168984253156754,-4.819509987889687,-1.5847940436886752,-5.46103491804103,-6.225553525266126,-6.233716290365661,-6.13595261650383,-4.002374253045676,-5.454332162373563,-8.008813277922371,-8.422026897292177,1.9513538898769303
5.795065372381501,7.667891877631327,5.478075842914774,4.6625946126137086,2.8367545563432515,0.29216814893386545,8.809384281924771,-4.73080440389924,-4.114467349912745,2.061313776586854,0.3443470381439981,11.274587407644653,5.688205512401455,9.780512730972767,8.723979438348616,-0.42377796945526186,10.907206184798975,4.035272250443791,7.696716356808533,2.7928875214358686,2.857169198714777,11.934413684274855,9.701530336890428,6.83220571428867,1.7505387551334615,-0.9851327337734623,7.509897894697874,-2.3224258185565394,1.3669571407404324,5.566639535572057,4.579843783057577,7.674297408142101,3.1452484044803044,7.4908613142066525,8.77625504764193,5.900214957480922,-3.1522495315809085,4.566540251337406,8.414543114383104,3.0596248217813518,9.607914041772407,5.362214539343262,3.208922758690465,4.97624641607096,6.326406342092977,6.783637464571051,5.6450868784000106,-0.3455794391572783,-0.3037697025734887,1.037621892849011,-3.371629817790482,-1.3328859327308695,1.5110424281260602,8.291517205688207,4.495739444799626,-0.21412421154242037,-4.253908807670722,6.079770211837619,5.8705758703903905,-2.1821422026783863,-3.4240774236805254,3.526659911123904,3.888633525816622,3.277228679478914,6.671779400664905,0.9906898220403954,-1.032884348310583,-3.5919177438336365,4.816621417192799,2.9718411055982936,6.251745367006989,-0.8727526759307608,-1.2209975787321878,1.5379226667711061,-2.474155437893559,5.782425041774252,4.611010640669448,8.54203399688545,-2.0380140592423994,3.6461908552941584,0.4080798143490187,-1.7890900999488637,-1.5892171036846734,-0.35301682796536976,-5.650469384179623,-4.350308495584075,6.105597665292196,3.3129663068170148,4.984372516634501,8.206804489606363,-5.542241871199486,3.367683549587367,1.3298974252505436,1.4759874277718639,-2.3007933204479856,7.908863601918686,0.4310134493880526,2.7939395619361673,1.311438337702478,5.6771326522269145,-2.3590051688269793,3.181416844939507,8.16007618606899,-0.5040180680966088,-1.203731933662448,0.3142251072850167,2.190851819546351,4.615961294209221,8.484699011461254,1.3423691810675629,7.108606416325766,7.4258807602248025,5.3855502428954445,-4.099879016218218,6.791109853706178,6.529418353060749,3.613811164949779,7.158600033886609,-0.8752927416864474,-3.310617814342028,0.729397027578632,6.041012028151549,-2.2450213622375905,-6.756930363960436,1.1419578603216312,-4.688932548129091,-3.5655034179144813,4.601235439330718,4.259283525714659,-2.4097278844880563,8.128151346194693,4.535955585565602,-1.4856380018429978,4.042184691475296,4.396231738480653,-1.5230736539241359,10.55238226861467,-3.503534374243628,5.835873577239098,-0.6110958820475303,-6.3399459350691725,-2.4633553385463607,-5.970658789695469,-2.239324345886462,-3.0721226261451413,-6.533481442718422,4.0429375289879514,-3.5450135555541267,-7.483150442862671,-5.040980365672513,-7.465289848607295,-5.902997528432076,1.9018626246824908,3.133405168736246,-4.880422937228745,2.259302211679371,-1.5622685296433019,-3.839667076038924,3.4777978505281326,-7.038535177586097,-5.244577382165817,-5.0290286612718065,-8.240456201244973,3.0638342375946293,-1.854257803683781,4.090279220227604,0.7093824421532555,-6.1149688021462225,5.165392169923488,-1.8242340213798067,-4.544489764211563,3.6459581250014548,8.103425828572806,-4.839639828012941,-2.674811751925835,2.642091151880672,-7.378759338215111,-0.43712006691686733,-5.162699601354931,4.330670418374907,-6.778074757079279,-3.422906142305123,-2.1677685479387008,-8.130544440804668,-1.1202481900707228,-4.277697901290755,-4.078465497556436,-6.122000041499278,-3.754115573989145,-4.994945850825919,-1.568603629258765,-5.678935846057525,-6.322894829036085,-6.490962419740889,-6.37033634616856,-3.942348104657011,-5.573153641841703,-8.265057416698037,-8.711642227645669,2.154779263104635
5.698398038436086,7.617765606037595,5.151030016795197,4.877873878341273,3.142211078028483,0.4802419045223991,8.907212160918883,-4.602687199441458,-4.120022151089333,2.302254478516117,0.591712697212529,10.909052782558604,5.425664823832852,9.66821381840519,8.727215406090517,-0.13144354182965923,10.405570405007698,3.6052966832451743,7.7979755022191215,2.34889086337971,3.0966526534724115,11.553909443325532,9.361748629950094,6.374571189853103,1.5627922421204443,-0.8137443989031605,7.20766660832539,-2.420748985515084,1.1045240365680387,6.025740892968779,4.1293656434123545,7.75890915041763,3.0666896074736574,7.624361571391079,8.600666946359237,5.994396434495992,-3.2112436815117076,4.282927635600466,8.344035867154224,3.0551262019151753,9.642120698005185,5.7904586607975,3.4808526881242043,4.337463042324651,5.9732684252625265,6.8755891441237,5.730941389803367,-0.6704916327300392,-0.03599519620012628,0.9837889395060472,-3.337226769722531,-1.368622923975665,1.057758179008331,8.126660539581797,4.435896479867176,0.21092958627798944,-3.6089504439433435,5.627848085726577,5.6820915980546856,-1.9295846593086707,-3.4870104953629952,3.7905618950394024,3.6113813144547104,3.197194672714973,6.546510330758956,0.7771291845066031,-1.2129031560686734,-3.524457889844544,4.922990488342314,2.6035461877484094,5.719581627148905,-1.038377475255896,-1.2080393464685841,1.3295628626787563,-2.304287233299414,5.28701597358024,4.216220071309082,8.239695171033391,-2.1895293898872885,3.3858512263922846,0.13903884964890204,-1.730281247816033,-1.971222925150902,-0.6040469856970433,-5.039115459179254,-4.409443999914454,5.471881843722825,3.4689329976748575,4.741348489224772,8.122082128460189,-5.467261831271688,3.130593556738263,1.3404510633998132,1.4262797578657265,-2.346067875797337,7.543707335255105,0.21869756156551218,2.9238174937073187,1.09840231578222,5.48431269380852,-2.353357774000716,2.8442393799435806,7.831503833674224,-0.42295593691641775,-1.0098468253842952,0.1805293251188241,1.9323116485556724,4.083418766507834,7.960670421245496,1.233042401323524,6.544711090600876,6.876524041987114,5.250584061165415,-4.083328950026677,6.481615343287906,6.031059569741713,3.4417173800541114,6.711013446978072,-1.171857591991515,-3.335254365064364,0.7275373685863251,5.925623294938082,-2.172616355441587,-6.206321379744165,1.2476699335274681,-4.586799755304476,-3.54948543077199,4.358849072234124,4.21502832962062,-2.3957872916796368,7.696658074870147,4.225152366945748,-1.6955579869532726,3.5283823679073603,4.550367020094664,-1.571328046554368,10.001998366461931,-3.5716236339689256,5.8663115767564875,-0.8303483263018493,-6.04397501359256,-2.3623376741024344,-5.9379836564660256,-2.463155475521114,-2.895110533558875,-6.496625464159936,4.271745608834127,-3.5987044724118955,-6.997328715732933,-5.127574907688549,-7.030688556081822,-5.752366736783557,1.8729406526565056,2.804873162880486,-4.62168583471624,1.8956154236611182,-1.5927979560950156,-3.781244892534413,3.479962659356581,-6.494814203571596,-4.9897044754811635,-4.540706110203121,-7.731375488436642,2.972155746203316,-1.6803131013376034,4.179865940118837,0.2611634095554573,-5.875130070279341,4.836098712989875,-2.112730062843759,-4.711019611542925,3.454235693539364,7.773571240306721,-4.71889912146388,-2.4059857367455577,2.8092181910620297,-6.882207652896294,-0.8212333176398234,-4.717717801345168,3.874804684349917,-6.5810832758466,-3.625065647231769,-1.794953722016663,-7.688863696815006,-1.1425232921727622,-4.225717299303149,-3.761272725113547,-5.814917604407764,-3.961099432967919,-4.452550261384472,-1.4866805883055125,-5.457953843130772,-5.985400413647574,-6.384773843424737,-6.2489668530620035,-3.9375509427432602,-5.343552305114878,-7.7652614001114175,-8.092540883462863,1.7796259075836545
5.7010899615668436,7.326141433191403,5.106334936477348,4.843327844539104,2.9914667814393097,0.29299833824624094,9.002569749665815,-4.832971257995937,-4.055688913277539,2.441327546592939,0.5727124835130251,11.258257660585315,5.924570402199995,9.612904554587514,8.657055429670661,-0.2088906909604467,10.642160717601138,3.7860713846954366,7.917190883167202,2.6430173833521504,3.1637494058684457,11.714831401022446,9.455414122210826,6.810924422823358,1.6008915592535689,-0.7838797799424451,7.31523232686214,-2.3856998667864966,1.1537626789306994,5.666934836781308,4.330091967048406,7.88863565022365,2.930737516061576,7.726469146011196,8.64706335491619,6.109186993642542,-3.2733573735478574,4.460125941430155,8.174643902233838,3.141502530019278,9.359042384056956,5.6539710074222524,3.493286211308207,4.551883018636803,5.870987017417416,6.7129401472665755,5.411275555080523,-0.6078354862747489,-0.27550423985084743,0.8086516922587429,-3.5092803940509327,-1.2911991021710865,1.2109247446607931,8.209727899875341,4.60954978452885,0.27309372278788874,-3.901189572081275,5.868632363376906,5.585651696726823,-2.1281399252134356,-3.359770224145946,3.788598437111351,3.6882833394769743,3.260003563649509,6.606695093203784,0.8401814736010302,-0.8413498639982063,-3.5328834194494707,4.6586665112756185,2.667429532720894,6.0919212911880845,-1.1509555879840887,-1.2414786922787107,1.1690765949057889,-2.2935312990975314,5.619999992997352,4.5177377183899985,8.525637545861196,-2.306476378260502,3.2436620665028433,0.20524829404001443,-1.7333413634923278,-1.4902558200057634,-0.6301475969425939,-5.395152454502229,-4.391413055691333,5.652221959250621,3.3377777312304477,5.009652164215997,8.14182395067272,-5.435566984470296,3.1790646185989258,1.3686482908115474,1.6449947858791423,-2.1983431167096907,7.6672214324524495,0.232295986344978,3.066605099973282,1.2724317683339532,5.7227196640391735,-2.660734490580739,2.8507050770288203,7.759540943112021,-0.2440903530816688,-1.1742561601562,0.17412730607712898,1.8199537476045424,4.403891041041045,8.22714646082726,1.0198478855157462,6.996284273140683,7.276739682583839,5.53814356302529,-3.9780445006599314,6.602874630376451,6.350480297951237,3.3662987011107957,6.729589458608751,-0.9293446158130588,-3.4088745869886328,0.5772392799843631,5.59001135946036,-2.154309205320485,-6.544313651595207,1.3778840584002008,-4.520974470489246,-3.565414305045263,4.227457390595513,4.005202120705267,-2.6337370288288584,7.681975787921488,4.348312900289252,-1.7508652979817922,3.8149461546691863,4.384144002395952,-1.6981256228826387,10.388684138477132,-3.3774656182987104,5.623652306815477,-0.8718538761724296,-6.288777969610034,-2.255188435878971,-5.796514315491587,-2.4222556746838344,-2.914672022951143,-6.312274904044598,4.157322829280463,-3.772178663456073,-7.225837120632582,-5.120327724423982,-7.237313290249064,-5.67181293899691,1.9502586241743385,2.7401180858378766,-4.671616591477211,2.0524358085497125,-1.4055920397676882,-3.713566880218637,3.6169654027107265,-6.670266734013451,-5.094350599201843,-4.766071660488323,-7.945383008506697,3.2025375788161856,-1.7591646554869906,4.008080818799385,0.7243122765372004,-5.928103129635684,4.793677548152533,-2.158071377026833,-4.452990107618031,3.6466877894701564,7.683578859247634,-4.580378917837214,-2.507838072690269,2.6798512537951154,-7.073084303110033,-0.30582526816612704,-4.901346082108779,4.324351999730943,-6.624146356277654,-3.2217919087074223,-1.973927437152325,-7.960345026667559,-0.8647976138716224,-4.007911117268436,-3.981900443657108,-6.098429666358979,-3.469744088654313,-4.688937939449327,-1.7469340418006671,-5.443244138059899,-6.172662223487528,-6.350273878847568,-6.1849306500725465,-3.890620739513924,-5.440094092130942,-7.99334504918546,-8.344736259717235,1.8631903206668148
5.345245391840629,7.303225902782658,4.289238409903373,5.5529757246752425,3.5564628630836417,0.7405635733420711,9.26366171927287,-4.712538379434846,-3.989572673200645,2.8700504142665597,1.1841971105032028,11.027629956206184,5.72149186048011,9.31331339649488,9.129863491713976,0.5579112105254755,9.674735249634626,2.924527939750264,7.971060431816673,1.7022514261822688,3.638582574387558,11.151721155282642,8.72836707033404,6.080722786911852,1.69628329597671,-0.3177054427256744,7.3011165302787795,-2.3669251705672587,0.9193048938239684,6.374233873552608,3.7434419036622884,7.97355719569595,3.03281780454511,8.084299977498144,8.913025391842911,6.582958922502916,-3.5719753240380756,4.266110426116318,8.557575943386993,3.210939903937026,9.348462259367002,6.659177167154312,3.8507321283790437,3.888222844016048,5.173177209444408,7.167095583252047,5.756758161969743,-0.9325972065483318,0.19062191462325093,0.8525213788082363,-3.2619514177170603,-0.823169189223921,0.34929247796457424,7.780097196087509,4.837132245880574,1.1070185300283342,-2.8744715565053855,5.423436331732197,5.387761657964305,-2.1113672614165893,-3.602931790573069,4.449773667174566,3.765681337552889,3.6161437442794035,6.9547266207381035,0.784685390219943,-1.0484545141739887,-3.6483310559445403,4.695156948854591,2.510385344723992,5.610729485807971,-1.3467177189832025,-1.165271837709533,0.7964971957868306,-2.126728129759796,4.941846605445296,4.544749091189803,8.432690917387074,-2.5026233733342003,2.568424365605211,-0.10784227490716435,-1.4166603207871282,-2.140894142103331,-1.129958008256881,-4.695691469877092,-4.479208779182103,4.907585856284904,3.765877794703779,4.717895374539961,8.378074514856126,-5.118427857223805,3.140269518111729,1.7620052206631331,1.4771841247386421,-2.2429309114771603,7.611049743657796,-0.22340949730409843,3.5479151766537926,1.2071302034606421,5.103654390912844,-3.0066745641027124,2.361484754061589,7.11130095301647,-0.12770189379336724,-1.083230446988919,-0.4841958660929331,1.455080981733006,3.255481393660853,7.248868861501107,0.9894463483948567,6.05740417915187,6.182836741256859,5.3644452842720005,-3.9617282183302973,6.105682436279227,6.037252588861835,2.60442374267162,6.081742507407334,-1.2851205620907746,-3.326546007815804,0.6414117925156152,5.291430980963335,-1.9263332295899556,-5.922672052392201,1.5415005813449274,-4.431266128109166,-3.404884523601529,3.636218682894146,4.017940921038719,-2.431533077631549,6.976454200680017,3.759430123352316,-2.0989408205857836,3.379645955747098,4.889414767655799,-1.8149662403253362,9.754134405790596,-3.48397105244077,5.803246603722107,-0.98941250511459,-6.088233019284959,-2.2845943130141113,-5.834633186880307,-2.6490634028809126,-2.840988711885273,-6.418147650168852,4.76374399784742,-4.120262053774915,-6.824871422633628,-5.241033444277081,-6.628834902506903,-5.1278898543806,2.2269547244872805,2.2772215711463013,-4.575521034979374,1.3570004531873068,-1.6300401264973945,-3.546020508112466,3.675822325683421,-6.1482171015923655,-4.9850568987051735,-4.274857921108117,-7.3326549799940155,3.0860790650247854,-1.402189848601595,4.027291919224046,0.0012776228558431478,-5.597286778718752,4.635463867172424,-2.6296722993922863,-4.619878376049478,3.539956461579327,7.048533419346159,-4.6259262265932595,-2.1441004096876353,2.796411248355881,-6.630819553649287,-0.7529643844069741,-4.402225220732447,3.7962702940704536,-6.401557827877624,-3.6681487909082584,-1.7255128209397474,-7.586491367027554,-1.1041887745568058,-3.992708396280652,-3.67060687666055,-5.771409342997843,-3.7925702594597777,-3.911899417761892,-1.6135591060807881,-5.453857744876059,-5.873199319034898,-6.411633204965996,-6.176461029156748,-3.558825029893773,-5.316252393240123,-7.584262507977347,-7.7866912268913175,1.3247431705871384
5.382088575542565,7.729409407538786,5.078518779775894,5.006963497101332,2.729976753186033,0.6424493415117326,8.542709384741912,-4.555246869124489,-4.019979573028301,2.069646937930997,0.919576994070842,11.009301769823818,5.552248066809778,9.269583192796816,8.55858617740494,0.2848360192511076,10.341738292175933,3.7658118121798982,7.42773975246767,2.5977459508754275,3.028208610759907,11.61518513337366,9.163518431994705,6.710582794517279,1.8636175219896443,-0.8142350242202403,7.332262400197299,-2.340218532666586,1.069663217364952,5.633289359565863,4.325937575224634,7.409331480128594,3.6179519816390564,7.319411977234348,8.99529112729241,5.959226612279879,-2.8757261462402837,4.924524251433322,8.662646367191911,2.934062194211338,9.372807037795448,5.503113069781515,2.978206652837828,4.965351778716148,6.266489470346736,6.667408627301892,5.289881124279086,-0.4348579492505528,-0.6515810713765827,0.8968288852080172,-3.5991780344751034,-1.161127452054909,1.2286073819885956,7.934569075035842,4.631075093216813,0.07928832901901303,-3.983104449751817,5.900749964091989,5.909370259440801,-2.1380257530408935,-3.547245876439091,3.8526310646083974,4.448688207699394,3.639553670104595,7.049367704726512,1.0328666556853638,-1.0101728768860803,-3.5996051966901286,4.891567556179578,3.2773638323655576,6.129261668707669,-1.0050344265387319,-1.1437511848766018,1.3377967554906844,-2.3531816285333464,5.718639699117438,4.764841153306302,8.606348462116497,-1.8664026346638112,3.2821067556300965,0.5270175641841155,-1.6159211678343304,-1.5862872854005712,-0.6499938846449789,-5.182347904244535,-4.349209868095171,5.860424748395715,3.327653949882657,5.051231395720329,8.076329054756084,-5.316901860222545,3.438102078025249,1.622893549755194,1.2267402521236936,-1.9685345736293063,8.039484192682478,0.42819826109805514,3.247416536813522,1.2519701949703106,5.231459324727176,-2.4202802181169782,2.921904259243213,7.880818604267266,-0.38968778237180857,-1.3055554105870673,0.20306198995677735,1.9423778068531279,4.133628263231323,8.146081279720454,1.1104330314241937,6.82614029497992,6.997589779215414,5.130579330994953,-3.961654771751666,6.215770052294319,6.322859968842056,3.0718187187744252,7.002250461631316,-0.852975515574276,-3.286292877568642,0.3035770285516359,5.628530111827934,-2.0610545188210914,-6.825698833816911,1.3917012358900946,-4.504050593236241,-3.3375924708068734,4.173676579817288,4.157345958067719,-2.3067047543682198,7.735249144625754,4.3991641033075926,-1.7542909687084403,3.6713419920576387,4.833207794999708,-1.537740450214441,10.435064704199592,-3.42581285341861,5.587659867894552,-0.35229418001624135,-6.325673733694107,-2.479970547194962,-5.945458809033278,-1.9699750194070764,-2.7766713166275423,-6.3435666827212245,3.992117875255755,-3.3826864254924276,-7.268143986114681,-5.129587674537997,-7.354357643268326,-5.444017261452298,1.7138065350859155,3.0673801797643963,-4.894929655507896,1.9153208415380998,-1.3306129120365853,-3.9794606334441998,3.444609578339781,-7.1532751738396545,-5.14754232464904,-4.958100558102717,-7.997649363655201,3.01476771669452,-1.8060459963682722,4.010237473317871,0.7251954473720962,-6.079494236069797,5.111217778839619,-2.0882474950123444,-4.398597314822727,3.778978808063373,7.64750648106079,-4.727649786170373,-2.614988194430896,2.5064595608998923,-7.3376053600561555,-0.5476912412568185,-5.069371746633557,4.388919861197904,-6.6381165751032185,-3.4368888341917043,-1.7634081224823765,-8.157649031566056,-1.197698534152308,-4.303857388009221,-3.962611030763245,-5.993365532911941,-3.768551121146175,-4.7797412287071115,-1.7911641642875111,-5.515812581612921,-6.1334358181215425,-6.415521347924194,-6.296814073684941,-3.660486662829089,-5.662260475952037,-8.1776267814297,-8.583482670603447,2.088040946761841
5.817555995992066,7.896276594555459,5.4976904536870155,4.888990608590144,3.0507634485159696,0.2972363926372035,9.058848158745835,-4.921694357604453,-4.148606599254713,2.12429768443107,0.5692936149245723,11.44707162598698,5.694907233418745,10.045424936636744,8.981246070146378,-0.15398111965779274,10.935472529236169,3.9817203917249824,7.858858999371259,2.700107533543272,3.0183506651379597,12.131568266720432,9.788205932059377,6.8369465902240245,1.637914836636612,-0.8933946119319547,7.577188849776407,-2.390662830746975,1.2293864233296137,5.913368777544256,4.549475441239763,7.864024985716145,3.339547026453675,7.6536316092006365,9.062737388828618,6.106147692960404,-3.2461564298349934,4.7129734323186785,8.714698989634082,3.130996273991418,9.967394981607356,5.678091078478858,3.285124232865238,4.924802326919662,6.47798845404369,7.0787920933236785,5.787887574040432,-0.4928802657141219,-0.17589423162460868,1.0024598928782658,-3.4389501803394116,-1.3933680153173005,1.3121717566369113,8.521866108772953,4.854580995347747,-0.029849528436993632,-4.182413019075353,6.054634367796665,5.99174570348154,-2.07482912958996,-3.6836030353700853,3.7755145344895547,3.9837687322952036,3.461117976699637,6.983458589661304,1.0590177481928318,-1.127531806568267,-3.699730776428955,4.9710763297190415,2.9928384549518787,6.285217785173592,-1.007780276833412,-1.364076285222777,1.5260854612607517,-2.6167972548747436,5.714561162281974,4.768758471373708,8.710845583274624,-2.175832450720035,3.6556690163183085,0.34261246795090916,-1.7683883410614234,-1.959060521034324,-0.6726528274717033,-5.609507233834211,-4.354828948746258,5.97644032462116,3.4672827461882294,5.140796401668817,8.468236293485438,-5.754065479272357,3.4682745095593743,1.3218229224259481,1.3603531567633593,-2.3360754782136386,8.15094224923744,0.39846130555281295,2.9909946941471017,1.299275280678039,5.736320446307615,-2.3668994174028777,3.0189764872291236,8.329834417958141,-0.48219382965029656,-1.0830003342753967,0.37418759272999846,2.153037445519574,4.526842534240773,8.575501941317995,1.3111178598402233,7.156928001132988,7.470905491563202,5.465809522466754,-4.098021288112907,6.760666149510407,6.599544958540515,3.6366534268904527,7.229928503417378,-1.0990387178359533,-3.4040995129854923,0.6534722181424114,6.187737044443853,-2.137017421134782,-6.833650475079615,1.3337978450389245,-4.676771222968912,-3.722807871065882,4.669675523681959,4.395093514503475,-2.4620966679972285,8.305370839213154,4.587627809835584,-1.7183698349242096,3.947049019144002,4.776679578273363,-1.6039112726125802,10.658766374597768,-3.7502108540644445,5.945691155614682,-0.6775245646076772,-6.521337868897133,-2.487401027881924,-6.330505929279533,-2.314059039355875,-2.901060105080777,-6.725304418676497,4.312854099731363,-3.754523723343352,-7.691283176683877,-5.320334834530538,-7.579244100348133,-5.917531842026168,2.0005502639442567,3.21496215075401,-5.027794442678395,2.1112504479299656,-1.7034516952894512,-3.960682557470626,3.5625029582384538,-7.250060908734044,-5.443822743415922,-5.120503444655135,-8.333267145047579,3.1340619770679154,-1.7689141009414828,4.1656039749540845,0.3608459920872138,-6.264405348884847,5.2520505625296785,-2.054233361506581,-4.785132465593705,3.7754408557238626,8.194617446964504,-4.971177059995284,-2.692778612230092,2.8794664956236575,-7.548063573812776,-0.407309159165327,-5.276492794298712,4.141067470503852,-6.916211970620615,-3.798608254083156,-2.149847925997171,-8.364982082614727,-1.0725000011875356,-4.317884708347492,-3.9538839313558367,-6.369844303788809,-3.889559962771736,-4.983622946155535,-1.4073530736903779,-5.817841958253132,-6.5408244194163245,-6.7024413028156244,-6.617069376661598,-3.7910496809918004,-5.821360710147788,-8.476207376164359,-8.880004801352056,2.3010153493611014
5.591669187072134,8.026428333058554,5.0748112833135455,4.818862581149264,3.013364068159472,0.29476638298728847,8.846224134314724,-4.779765408273931,-3.9691545586177486,1.928808641159176,0.4883893253362601,10.981401799336725,5.201496742463429,9.730780977758979,9.101818899164517,-0.28697731862262665,10.441071427138967,3.5040658861941516,7.674504418248666,1.9469523412411796,2.773589689018151,11.697764889025004,9.437949242725592,6.164863750429505,1.914565669348351,-0.6037300497254112,7.356865118910231,-2.1108490415229735,1.2080206446174209,6.124789141200268,4.234940103595113,7.7836901889153465,3.051448493517229,7.658016639790853,9.093289554961038,5.784275593069084,-3.3778564928726134,4.290571768868839,8.850107358176999,3.0460769662833678,10.073880931351757,6.092837365104514,3.2745471315776684,4.628008616668619,6.031017214365767,7.3543537377672115,6.220661729085971,-0.506132611134302,0.18282151493266513,1.2285308631705294,-3.0418590197214495,-1.1634449286997692,0.97403326359482,8.351703251277943,4.634409843853891,0.13853570644386562,-3.5662416862322055,5.6840423093437344,5.910667031419444,-1.8542678638791552,-3.577647593848623,3.723405711868465,3.766126310098756,3.324651629625705,6.588001394060736,0.971565532519556,-1.3173390522229889,-3.778654446455226,4.914463263326816,2.78956391247586,5.955494382895259,-0.80484039270281,-1.1565312833495593,1.403671088961234,-2.4965984142183992,5.156417721006719,4.55007131261557,8.295713800485855,-2.1236978951966745,3.4387163778987704,0.11837808959021365,-1.700555741400987,-2.3580851493038937,-0.40192952523205877,-4.933694041123791,-4.267728267407671,5.793620857474689,3.295859098198138,4.400382549022671,8.515297049208067,-5.371679441459913,3.2884513673790607,1.4005389308008083,1.3211952141527055,-2.551656489492571,7.963847518167144,0.5236788923539503,2.815944414147036,1.024962947069675,5.206262834834395,-2.128807161258259,2.9860906287978373,8.187481604716158,-0.6902857448282144,-0.9488379875701702,-0.12458602816457807,2.2254633563874053,3.846180199162609,7.936187674585492,1.4396122335584929,6.511891386299616,6.750307701897578,5.22546256839278,-4.124685705323966,6.665111394422048,6.275793932883638,3.4311313455780845,7.0894465453630815,-1.3487428287148866,-3.0080376345372866,0.8554862611206479,6.349612674982255,-2.323873906292691,-6.364324003877923,1.0226011041932948,-4.7258561477303305,-3.449251571792924,4.5123045757118625,4.682622766116045,-2.050242222549564,8.04091341105005,4.2009240953886104,-1.5576727320998671,3.9402398335607804,4.679337747543448,-1.40800717845134,10.129049428831102,-3.7214912261123696,6.296248207578604,-0.9320920329130445,-6.157932845080138,-2.46848627270469,-6.195001346342412,-2.5543626034330633,-2.918719967554043,-6.741831676686498,4.509861301534061,-3.6659887884866853,-7.148859555500076,-5.084790983989044,-7.147829282444454,-5.751201719465424,2.0492221953419185,2.7219835810640656,-5.0993536802254695,1.8498377849498764,-1.97955738540278,-3.7129290435016773,3.163617760799072,-6.719651848994474,-5.194176251401591,-4.698161708970451,-7.776076344713697,2.864471852123515,-1.7691013038010048,4.352610051406815,0.07279417604556741,-5.902624678240413,5.327989925977782,-2.022694493013525,-4.836642005100595,3.8699258084715185,8.15762036189528,-5.012027860188977,-2.4319691527023006,3.094342416396643,-7.138398708882573,-1.0139891283196203,-4.8340917229642795,3.6619863856665265,-6.618028363141491,-4.0173806339456535,-1.9098559720936539,-7.9179305695487034,-1.3731650383096754,-4.425455670759974,-3.7672467891770833,-5.920567809786712,-4.298183745205978,-4.55425423122498,-1.334035363651506,-5.772628294327736,-6.127035683886919,-6.419895755460491,-6.390812510153309,-3.680702332254789,-5.559941294019413,-8.04371594762173,-8.402467355849895,1.9362144416671372
5.444459081652269,7.859846480945634,5.415153155200099,4.6650324446597145,2.8136971687418426,0.24670162860041456,8.882124439602226,-4.832599625800202,-3.9294334920762704,1.982643574249195,0.2559434758406456,10.986195696310286,5.444117953277781,9.712972860846124,8.797741989643686,-0.5362210140183938,10.648342626138984,3.922616701752988,7.622652506115263,2.452138339738519,2.9728677264798935,11.95854257592374,9.551772821712202,6.600056436061525,1.743420542067469,-0.8178544820790161,7.2303496095867335,-2.2046478290345983,1.225382044898471,5.630698674544622,4.280416912097731,7.664855087705803,3.1783500031525205,7.425112605279167,8.809884180271458,5.59468554455989,-3.2147531727885426,4.468845153991812,8.614772663197101,2.95209233523698,9.890249328495678,5.6040244683060445,3.1536376075046126,4.7508496580004795,6.336817064667942,7.065585944638218,5.9128225389009526,-0.546307072306934,0.11571656625964107,1.0367940780346088,-3.0870103275287,-1.1830462609744696,1.2803102659180055,8.336006623471912,4.463447477984225,-0.0810881746703944,-4.019003050839717,5.996977443489176,5.9526084227244604,-1.8764961819161472,-3.508766341349916,3.588385905824139,3.7147792673140927,3.169769717132299,6.4790397367438155,1.038191386495828,-1.0064363945065888,-3.743936157613532,4.708398727283519,2.8839974555164782,6.073058207129088,-0.8943976001524881,-1.3075686569030123,1.380580346444092,-2.5374578741047364,5.200459737828982,4.526282406337254,8.393978275973069,-2.067836560228795,3.522351640350954,0.32067155014823656,-1.6653408083148644,-2.2012262610890123,-0.32902472024267326,-5.334532841868,-4.17992484728958,5.888402116338439,3.0124242806822448,4.690727132266505,8.397938003382116,-5.346437804749818,3.2614831757566276,1.191884003609463,1.4428535853237605,-2.501738948032069,7.953527999578631,0.5751187321417361,2.894494474431418,1.208142215692089,5.640721862956276,-2.1169392658848194,2.9594558542747342,8.242148641219453,-0.4930672323533746,-1.1654910101675289,0.4358070960973149,2.276969739280554,4.397339266836634,8.26499936322907,1.332720983458342,6.988466330059209,7.21326212316373,5.474157868634117,-4.007059520638523,6.737474596351585,6.3297526375929465,3.6971160731712724,7.1034041835514365,-1.2810688623360196,-2.939504253358574,0.6987321251455645,6.282148106206597,-2.2057144961275306,-6.661403223402918,1.0152796608555381,-4.531338388060839,-3.5755914319667412,4.630063526634656,4.563866957881388,-2.323915956160421,8.181093736330935,4.6666860344065455,-1.5526050672126446,3.9435232338852915,4.713591415217598,-1.3708462137437107,10.35817650187513,-3.7082992580188763,6.1098238381421615,-0.7719998601107896,-6.349877783985075,-2.491147927308831,-6.149626755767316,-2.420595398321013,-2.973226064249436,-6.715473632872025,4.174941241759481,-3.6249743758711634,-7.384633609942556,-5.125221238414531,-7.334103045163977,-5.711965845349295,1.9628241540358127,2.8533040962863008,-5.15975263144636,2.267727914571778,-1.763922453686783,-3.7440939458397287,3.469984663923116,-7.008238498124726,-5.36849008341854,-5.015169033777495,-8.019916882406958,3.2072859565142604,-1.730592174573086,4.145974256110696,0.13517976951650126,-6.194337779456901,5.241457466576822,-1.7973597621526285,-4.8159753991008,3.9124950770185656,8.209154228638935,-5.100310626927452,-2.623700389814899,2.8504633244666793,-7.343023340334349,-0.7000899744240227,-5.087377309322485,3.6569586493388013,-6.704767600095859,-3.8409078824451766,-2.125257971455496,-8.016426223193905,-1.181360866036517,-4.304184481584715,-3.7837830145808042,-6.153852405083163,-3.9795567377708347,-4.964069338847052,-1.3634042374237443,-5.782128668150538,-6.400381777223671,-6.447324734902615,-6.51132496380181,-3.6536930625789745,-5.542353611767409,-8.068082402629443,-8.601816858494153,2.0310269392403844
5.567907249975889,7.659305566543668,5.054135137210118,5.093375516375079,3.2567707371140715,0.5619008941967107,9.183771289282122,-4.815018460156386,-3.9296809582700467,2.520632241368752,0.6799750268922259,11.147818932259167,5.779192028186602,9.744206396435906,8.94507597498844,-0.09551981713257078,10.437260855280966,3.574211988324012,7.99278179744549,2.3517939445470892,3.4028437288610482,11.77116397001128,9.366378319125475,6.524562966902227,1.650988417025333,-0.7003684919391384,7.3869061471714375,-2.318212568869751,1.0872181632573876,6.044442864974107,4.114369575182265,7.9361046715319885,3.0609067360202125,7.793358222001702,8.765812996484915,6.108903955884626,-3.4041222855378654,4.426023045977469,8.520349625680028,3.2343615125453313,9.712332986616678,6.062680842174903,3.5986918182801593,4.37018350439943,5.829751751427473,7.032754109674748,5.833039451966115,-0.7531342641600133,0.07483059134342172,0.9833491822242532,-3.2804562907295005,-1.0867191516486931,0.8798909356709924,8.18667535689941,4.5575652787565755,0.49413374542078137,-3.632263602044245,5.7967348653336686,5.697589557991126,-2.1418972495092694,-3.5496745689692193,3.994052672850934,3.644942972920326,3.3409158493444586,6.712426914660838,0.8966265957171222,-0.9344804813365659,-3.677244362123991,4.764370889230801,2.6969557216435085,5.884924799793619,-1.0972595907549922,-1.298089316763327,1.1695499919837367,-2.4473050913296177,5.166624979021002,4.6254834041663235,8.491559791553575,-2.365337659486806,3.185765399660202,0.08643116918445409,-1.694755293393464,-2.079432269137624,-0.6552353160179477,-5.215257319168195,-4.393302550343307,5.459393436699539,3.4563197389971303,4.86212799978897,8.335272704476193,-5.4272087390544765,3.2303412651213366,1.4664682482166123,1.677556240646764,-2.419197828967678,7.7275299498657395,0.24521910910190142,3.214216341386866,1.2254747415789946,5.648473578216738,-2.5680738743298104,2.7171143525876547,7.812002788876883,-0.20881183105047793,-1.0637027125497935,0.11931581741401653,1.8030807561039366,4.150710251640083,7.986716100954848,1.210298817655301,6.714108800390781,6.965824754311111,5.630905658990999,-4.063776794855735,6.596279157916234,6.235746047802093,3.3222267221056505,6.681302106704141,-1.2481455463123454,-3.2297930108459063,0.6684650096947776,5.897303483800312,-2.045106845597204,-6.35037299540772,1.2901350511859615,-4.532819620726949,-3.581900407355219,4.214774413979741,4.237742321911467,-2.4856843881500974,7.650456679526676,4.311034211646005,-1.761783193242518,3.7404535742900107,4.7239307045039824,-1.682577013998895,10.175347925501423,-3.7220810824318917,6.038096886204234,-0.9512900591044632,-6.249510410132978,-2.3466050776428777,-6.099583615233333,-2.5352958805625256,-2.877876606953467,-6.57310503699782,4.419656088724632,-3.9750227455235128,-7.236058093747345,-5.226525818992749,-7.169804984634596,-5.595736243135902,2.1529554619813487,2.6587380879166265,-4.7901456896638495,1.9538879450539122,-1.705310632134596,-3.742669537779601,3.7532518833378594,-6.639408052869959,-5.210870951117172,-4.7901559205223725,-7.8720176846815795,3.1957273131055874,-1.5597139106232587,4.087357593204114,0.14520180415680853,-5.935457132421188,4.9325000488622175,-2.209563371414378,-4.700468924250974,3.7118542450892216,7.773246083099926,-4.886739776185722,-2.3676968949557406,2.802713948057734,-7.072469567951728,-0.8748978308823285,-4.943100068357948,3.763000959528365,-6.565890497786348,-3.7169401401064808,-2.0501000875975453,-7.89932967227812,-1.2747149164902682,-4.270208025059879,-3.826941807824015,-5.997082771314315,-4.050664653438985,-4.529934577072192,-1.6272127720045777,-5.578566178689156,-6.179892011749079,-6.4285770304352186,-6.41322691747432,-3.7278158718511856,-5.501367103620879,-7.931903634830702,-8.347523108929893,1.7654563393973075
6.052270517617163,6.885983946929366,5.076713662270796,4.5602888042008525,3.120771597730534,0.3573587460217334,8.346174144903012,-4.157012139445316,-3.7211948119837746,2.2494310822836536,0.7628063358416598,10.63073770352654,5.19497850827922,9.29778087701366,8.09884451216586,0.18920072558812182,10.284417118523292,3.640636336523501,7.580985047111981,2.6472688196248595,2.5730544564095625,10.828185763790607,9.099677272599159,6.2120292745008685,1.3532388453634214,-0.9952343067167863,6.903729762257289,-2.3977207014106594,0.9760241094384645,5.796345434824076,4.469848970792913,7.609770292697161,2.765924538439549,7.613120838976942,8.256017502547284,6.226790547774654,-2.9865826043135653,3.980879508679939,7.608816341193048,3.0292301034961504,8.94996743966293,5.236276334927311,3.357847851738679,4.2543333612420735,5.78112561725008,6.142807670980535,4.953562801920263,-0.5581114280780565,-0.6985263421097819,0.8515177122553388,-3.609793583707408,-1.7054541611877716,1.3942290204190901,7.949734793007237,4.482258465771508,0.06687255553844304,-3.6039566468879713,5.2255628649598975,5.288367574047411,-1.7250804072619872,-3.3566525470597313,3.633587548867892,3.6702456502473337,2.976205874542885,6.3621890966778745,0.620448838037994,-1.4989557859291653,-3.1147618069203675,4.856915890994431,2.4231908088446046,5.595319765113524,-1.1216367083026513,-1.261846898176081,1.6741185736869175,-2.1922774763080586,5.839318005626972,4.070542540327984,7.983686645137572,-2.0040587807792707,3.5927532931851336,0.18181940081841344,-1.6047514300443582,-0.9964699615277317,-0.5870692943334064,-4.973438664152146,-4.19807363763981,5.335373765396999,3.5420014994763562,4.641497134737319,7.356807336480105,-5.287256765180094,2.930488766549106,1.255697084156182,1.1905973143196187,-1.85116371491578,7.1076155389524835,0.03325889781087979,2.562689752168661,0.9982798980004369,5.224472611178523,-2.3704624990575542,2.9648708208092476,7.438953837654499,-0.3388240778908258,-0.7782694287722086,-0.060511557437917564,1.3844286821460943,4.13953402676639,7.92690394519058,0.9709637822607383,6.22118326880479,6.644548933823357,4.603081277614971,-3.8726233840215936,5.928264112804249,5.862871567238967,3.2563648370525615,6.462865451939712,-0.5832447045695583,-3.712806321247206,0.7194175673389904,5.149552800191479,-2.1618707382697346,-5.9927078889724426,1.481658107421721,-4.463209492773514,-3.1728772046568676,4.2708323183912595,3.444541275789532,-2.64301791450548,7.216621775481498,3.586306018389608,-1.6801460716417278,3.375665959055494,3.7860061166214742,-1.7793215360828345,9.750264025586004,-3.039005701590013,4.926211382398645,-0.6256792987131073,-5.704110409507139,-2.109577252833854,-5.374415968112014,-1.9988924996644972,-2.6832390944211046,-5.957910234049816,3.9247303080272253,-3.26964143113237,-6.707850334030707,-4.779990627977557,-6.713615977934236,-5.742996794894668,1.6098738466297848,3.1062795985767244,-4.209665508205896,1.6869490746440599,-1.3395553146159789,-3.5958430876053247,3.11863565528095,-6.183993767363567,-4.5197099821523254,-4.287945641491017,-7.489710062553767,2.363360770105443,-1.6537826451697606,3.9462098120092217,0.9554885833657271,-5.450116693769059,4.396125814002548,-2.218684121239938,-3.961262921941033,3.1785457559685826,7.318496146798657,-4.137850208191788,-2.394513788687815,2.8581258950084396,-6.592794489124082,-0.230865790111465,-4.6911042047253355,4.631534937106971,-6.356495419068367,-2.814760518634063,-1.5565301663047475,-7.295337557424819,-0.9468106072715071,-3.6027411395836912,-3.747465495819893,-5.78381993217587,-3.174799991970097,-4.214575351502902,-1.5279190422033722,-5.048397436265184,-5.620326442891259,-5.909811604625605,-5.67874447599254,-3.7233253040430467,-5.1576073380531255,-7.5231663030742295,-7.732014081495546,1.9375880386846511
5.331801443648872,6.773675489662948,4.401759449981121,4.515671106872016,2.948865259462735,0.2535018610033982,8.297893350897114,-4.336407060972035,-3.60354012724765,2.2147532282848146,0.7069970165381028,10.299249372643558,5.1929265974727565,8.763880553351019,8.231303435537196,0.010477974359610525,9.549968016266613,3.0957577199868473,7.328359501985129,1.9966232958700834,2.7299036930935836,10.510587347054276,8.524413933648761,5.896890587229203,1.65146856131222,-0.6085629909496753,6.734965014132365,-2.035028275097789,1.0376213000807974,5.563732266316822,3.9932313215944615,7.376537814241342,2.5306900014030282,7.367708194165449,8.199599511960606,5.758705794770318,-3.0643494141535945,3.913387906165365,7.720517753110817,2.946178983785562,8.757074914151397,5.609417436890269,3.315660403492208,4.022303214920069,5.146630961206409,6.4269652475844445,5.20753393077215,-0.5128829305526483,-0.11670654129865951,0.9297875964740436,-3.063997783039238,-1.0965808888912676,0.9787988561616727,7.544297076048271,4.371633886425394,0.40743103878967857,-3.1405896139573253,5.158480447206179,5.131845781054608,-1.8448740187136492,-3.245250841507744,3.5953949754273578,3.39086743175298,3.108532829238151,6.047816126614835,0.8153845032096922,-1.0946427383275295,-3.221523172073741,4.332415997548691,2.3574288262548992,5.463347501639505,-1.0786468434665573,-1.1098838370268116,1.1298996242488468,-2.011342295124265,4.995377910059307,4.22781652753816,7.749301078866644,-2.0275851906490363,2.9120222955121773,0.16234984447638473,-1.5012660381196596,-1.5598817770623084,-0.6006222358411221,-4.5878663315090735,-4.0291774835202725,5.129082973168335,3.1970023500863483,4.287973514808365,7.546024409241664,-4.878493520067514,2.9277588530963046,1.2387761166743678,1.3907398497431414,-2.047810823545404,7.074347165630016,0.17286763615110026,2.7182805057511894,0.8632589619429075,4.840502745277194,-2.357948630072558,2.595883036335961,7.058339299340782,-0.35366533023294155,-0.9213601725436393,-0.2844002192248682,1.51979111208472,3.576059955763842,7.293368941825681,1.020040553119072,5.930948460887179,6.2004281589259085,4.77662027278299,-3.678592445599875,5.888980228893164,5.785859473872322,2.8447296790227212,6.064168640748738,-0.9264319100609987,-3.121186558524398,0.6685955948189324,5.146091403405947,-1.9553733014299826,-5.82327388177181,1.2615062112773499,-4.103322565257256,-3.1559163171475353,3.8317186653074207,3.7462210716477498,-2.2749631171116658,6.852559530946982,3.6549295364418213,-1.7015506437131753,3.483213905267586,3.934695952438926,-1.59055584396541,9.325753310958406,-3.0789950227963336,5.306518903387294,-0.9028557480330595,-5.642464965160475,-2.0659512980492867,-5.252842265718726,-2.3228181868974946,-2.610102003365663,-5.796940040839719,4.0966274542514824,-3.428164685499048,-6.4067174137831175,-4.652941734689621,-6.378755306219606,-5.196089582934536,1.9389247803058551,2.43313725988529,-4.361559706078067,1.6226253322341995,-1.481171288509052,-3.246376411550069,3.1058844146203275,-5.886354091151681,-4.653674801253188,-4.069025973113907,-7.0723295016592465,2.5896644763553978,-1.5520489693496675,3.8784089966615594,0.46998976487198324,-5.387639962044885,4.400584877146709,-2.1061361799840355,-4.0295029661221875,3.4196549209692773,7.000595994571357,-4.198371022914491,-2.136925942462769,2.6974156176190194,-6.376141002847564,-0.42608860712015934,-4.2473216487373,3.9188353680204067,-5.977655043388136,-3.0884274124273485,-1.6297651611726387,-7.090317614425583,-0.9401489194917462,-3.6348142735018834,-3.564795403048702,-5.394788369287595,-3.331263826118564,-3.99069355073504,-1.43285664682576,-4.986227531351115,-5.481810349353793,-5.7816337306712136,-5.612657533990001,-3.4861077777947855,-4.9416206151189215,-7.19833911400845,-7.4492319335401245,1.6156435250827719
5.852767212259793,8.176259042057405,5.635305342541751,4.8825036215213595,2.787106459054653,0.34860739778031385,8.997733124910717,-4.902821058678289,-4.192022286855446,1.9851768652977395,0.4246527274535292,11.649902864357635,5.801306128874971,10.13692242209425,9.113811194764486,-0.3307527834876449,11.200677188028736,4.157275802158243,7.760484714023065,2.7129589100459928,2.86987117827893,12.378245404462659,9.997582159326456,6.988373200156169,1.9388441372891387,-1.0067263616856121,7.786126557815555,-2.4017556603407937,1.3883950715211166,5.878264801936181,4.727139890686766,7.80234585941869,3.4713004583026628,7.614498510987733,9.309254796844014,6.029606678978766,-3.264579536768681,4.939638639246775,8.934016114022246,3.0234925666474974,10.095227314902944,5.636403828457651,3.1157686266569917,5.29275494490263,6.632209248960362,7.100937732317824,5.909591221612946,-0.33508673361013597,-0.3140537467731778,1.1076637478949858,-3.4609967036436657,-1.346105053897632,1.479221973704513,8.55290549202147,4.748753431754451,-0.20290815496724698,-4.349753038825979,6.370631518048,6.235268631686117,-2.25412080541428,-3.657802414762928,3.6534384677022915,4.156608800311645,3.5729182638806223,7.0765959766206965,1.0769871784969547,-1.0038003653733567,-3.785526131550422,5.10222540212961,3.327782221741712,6.584874102074284,-0.939951690694515,-1.2926193722477393,1.5549253873550677,-2.5874184818370134,5.846233603324042,4.916725491160047,8.921422452231804,-2.1167676366913564,3.7296573826069093,0.5370603535471815,-1.7627112356865788,-1.9054052849560903,-0.38765794345593696,-5.760514288486514,-4.521112233136988,6.413158391688616,3.458923925649679,5.184805366693698,8.601717110679218,-5.724975757974893,3.627746069487451,1.4451959713156355,1.4310993530295018,-2.3295897999893818,8.343909123614837,0.6017522895987379,2.939224680349826,1.358175566194064,5.728454384071992,-2.34539389801338,3.292448178714434,8.534153221806106,-0.5446059270572158,-1.2217293332509218,0.24997859963780403,2.390338948434719,4.653618430474675,8.790165464249945,1.4638987326698303,7.3113298135119615,7.61339031254276,5.479765982716582,-4.21519111112615,6.972622788614523,6.833550080773722,3.669928379691754,7.564132063979382,-1.0551704977514236,-3.33294831245855,0.5676386673782823,6.406917901439252,-2.2891543178803575,-7.07406006333852,1.1569784250750461,-4.84381000895796,-3.6939634578560168,4.7694790469446335,4.584939563868783,-2.4530527498160994,8.497864053535906,4.684858340732231,-1.5590810447120487,4.258258797346571,4.7512040756703025,-1.4988773736440038,10.957044423308897,-3.7368687337661326,6.198660556999694,-0.5789275326131336,-6.637381832146054,-2.625518474311547,-6.296514898123447,-2.282883352151714,-3.0742714321159657,-6.86143731508017,4.137157481605532,-3.661913851880142,-7.801534935662453,-5.252942870963095,-7.828614653893656,-6.080124938367933,1.9304407900794949,3.3636792286746355,-5.187133578882661,2.2477648069660714,-1.63648849876968,-4.137266092728136,3.459543607737366,-7.468841318793959,-5.50387395701656,-5.279890769057375,-8.590770016291819,3.1489789573542026,-1.8548179590737812,4.231549822557951,0.6508086259931625,-6.481398964551462,5.520788299767593,-1.8849634176623666,-4.795685225302245,3.8922047490035965,8.48637596738464,-5.042599102581365,-2.7916953103661766,2.7348112417650294,-7.699630624377119,-0.6186956169302555,-5.302454988102198,4.318338560352383,-7.077758957238564,-3.696885054725378,-2.173043655218086,-8.549860780153582,-1.3131553299402194,-4.574161351241601,-4.1755408869379735,-6.369216859382369,-4.109747265020127,-5.185517886317132,-1.708639920729514,-5.929820503311521,-6.727560173376514,-6.753456311546346,-6.7466734886544035,-3.974776608758453,-5.937632302758754,-8.627559347534469,-9.098294738074705,2.4031400183473868
6.018730626148125,7.654383316051474,5.43196615280391,4.521159718658841,3.011023648950988,0.09900505289226642,9.012093205205337,-5.020853092254175,-4.158540248580512,2.0850643731976426,0.22434043294207454,11.297980729579207,5.650263200157123,10.136396443415371,8.95537361767224,-0.4849972401453204,10.976682456479814,4.008169307374112,7.835541249554795,2.6200192585752737,2.7806949560567036,12.052180987090047,9.821867283467592,6.838440931804494,1.5523828493351832,-0.8089145943121736,7.433259808784095,-2.317946722661851,1.3357952140266043,5.946987626830917,4.533247179621701,7.825457689415143,2.907959685587075,7.630806271226783,8.738206641203464,5.9207210665332095,-3.2537791014696094,4.436329938614802,8.417912298713386,3.0588195503488236,9.854753082463382,5.576219937307986,3.4188081797457768,4.671755234355232,6.2481582730234315,7.019916301893471,5.932129493469631,-0.4312278389841472,-0.01979306040575018,1.0924493340211237,-3.3324957599849374,-1.3799682162520501,1.3718981080325892,8.486196882805663,4.7577443159420785,-0.11542315591092417,-4.041029584230302,5.926394029979295,5.861390383421303,-2.0426248078169538,-3.541664235793989,3.543816010863321,3.4974578212837693,3.1288283386942264,6.537982062914878,0.8807752626846214,-1.1517768955201473,-3.495441171455176,5.086832906270786,2.708086759944009,6.126529543590144,-1.0373532602744542,-1.1342428415363446,1.6225820013899457,-2.4382175703658513,5.650272792800845,4.575758342291623,8.391797221273837,-2.080444170362486,3.7381924751465094,0.16916243652881047,-1.852390438583479,-1.8932024567250523,-0.3927865557422882,-5.423887091340709,-4.4206132749959846,5.912246484703349,3.51480078995317,5.0530250347030305,8.18816116277134,-5.6941880096581174,3.383167827448768,1.0548049946113616,1.5655296067450635,-2.3889802228234815,7.889924194495646,0.3898086798768466,2.592003857683883,1.216394439384152,5.83517409605771,-2.2454998973603977,3.09808332520585,8.287981378274933,-0.5399174102661941,-1.026003586578512,0.27335018100310277,2.164762140473882,4.59796718913567,8.467525721556322,1.3496259399185517,7.025116024013899,7.391722042466953,5.361281978865108,-4.136511885808624,6.709190104497349,6.348869221854028,3.80132247575926,7.101116569923097,-1.0064501859887887,-3.305985028212134,0.8006570732902026,6.207607876085644,-2.1931710592772213,-6.614741383177049,1.1466370180221372,-4.773075829113228,-3.598467333013832,4.730188909887036,4.314842642083047,-2.532136158050411,8.222648880744169,4.495892885081301,-1.6856311070009453,3.966908783019307,4.270320597435676,-1.590823741727567,10.47914679106897,-3.6242288604294863,5.918552408464374,-0.9447990543463024,-6.237854487792158,-2.516395262672958,-6.198246928477304,-2.554505468407204,-3.0274507457911004,-6.689454221329752,4.131594619832936,-3.6037182363064058,-7.457900564860352,-5.142362835351158,-7.413097078361297,-6.109529434011864,2.160846037240595,3.1855627368370802,-4.877703532176169,2.095968341093753,-1.7017755989194938,-3.8791610499275047,3.4401126077335022,-6.913250756683994,-5.395510154904521,-4.808176874699821,-8.208261825850963,2.9228988508092693,-1.8137650068470021,4.239741007709561,0.46446497124045194,-6.270123738295046,5.121517501077835,-1.9212161153611944,-4.722716027626101,3.5900145378269204,8.232266049600335,-4.942624662849204,-2.4696514352058507,2.8964346452684415,-7.3218114014661415,-0.2523403465511356,-5.003882541080922,4.110189427510368,-6.788258048574175,-3.724787524183484,-2.0114187261043766,-8.122886353306304,-0.9810861398598766,-4.158762772978265,-3.9736561173469434,-6.215033863452769,-3.6715710108600277,-4.761531846002946,-1.2580668064122933,-5.749551995788037,-6.378486467858373,-6.641761426528579,-6.416822558320895,-3.95604999899266,-5.653555725921164,-8.228620410027473,-8.628927294728735,2.23537413409291
5.486200788494426,7.634997242608412,4.867863044058174,5.233286187830372,3.2340072799389703,0.6650342383626279,9.168642531700442,-4.737495608767817,-4.071494771821456,2.5767137935290076,0.8389376305004116,11.182938372094416,5.892726809280799,9.638135032611125,8.980502079739546,0.097514529068145,10.331263010547707,3.4302706446297657,7.985063050018342,2.291812432211748,3.4962068409240055,11.680345655350328,9.26028897148956,6.5897305346950015,1.7430788226710818,-0.6010176576729795,7.491587426010874,-2.238309055055599,1.0615614441807604,6.0834449702923035,4.079969066721381,7.900883203904373,3.0998033081626244,7.811329765281783,8.880973356102757,6.292244897184351,-3.401929822382102,4.531823947710785,8.53323676331811,3.22841915870561,9.57474315748141,6.162849518753372,3.6083420639444483,4.390028499783656,5.681331505905915,7.01072050834903,5.708410963921094,-0.7013683207038148,-0.06353852011844843,1.055624812183803,-3.310541721751691,-0.9236073868898074,0.7321296831935972,8.084027721488368,4.648390311947807,0.6592413854193012,-3.533683635575552,5.741535170605515,5.593607321512036,-2.214976010373725,-3.5915792522205514,4.100459738491301,3.786234903445351,3.5225611570993345,6.8877196246554355,0.9488359756573004,-0.8439944233929544,-3.7319364372733626,4.784576478164556,2.7312464729759234,6.011344436417597,-1.1668524574797838,-1.263481988961652,1.0384319970418256,-2.330896079943366,5.211464684032778,4.646476465289595,8.582590901073559,-2.464302546017845,2.957215107856765,0.01831199210704211,-1.5999393990813138,-1.9811570620594272,-0.799566663040476,-5.187325770522346,-4.338828674921105,5.40262473406824,3.5975810349151947,4.99444335166978,8.344526438220859,-5.3848189724507405,3.2818129151219235,1.5763825059567158,1.6704081386049563,-2.4411243989025073,7.69713052798382,0.2072126156584702,3.371083950062274,1.3618647676825257,5.56930954848152,-2.686705060097221,2.689622689870514,7.646787658050742,-0.16905409500018614,-1.1226976791162477,0.008104129721551157,1.810280950808267,4.0061739242723595,7.889321135815124,1.1961209021087884,6.677285342614011,6.926143068819386,5.650181650755744,-3.9936838917973665,6.562568378398314,6.284121636154655,3.094211248621553,6.6130951723106595,-1.2521336501700664,-3.3010231559443297,0.5908513065839794,5.730030966006756,-2.1203889756690923,-6.411997257071643,1.3264376008988679,-4.459186511224994,-3.5196282367342384,4.085021214420812,4.195845421230526,-2.3776357439930083,7.513556029903318,4.22719541208912,-1.7507806022764567,3.643432650675671,4.791113123689507,-1.688771315736533,10.181459309951773,-3.6909876934714227,5.907911360560138,-0.8721647421752676,-6.343015709721456,-2.3015592961605775,-6.117611991125053,-2.617762320544966,-2.911867650673643,-6.562665941026287,4.463956858425211,-4.069966685521108,-7.246780379556767,-5.219200913987455,-7.026664535735175,-5.503892145231181,2.155130459508514,2.5653505410710693,-4.8046583128139595,1.7841850335093221,-1.6456298782567267,-3.6875098548896292,3.7365447962688374,-6.648828507486697,-5.18332670057869,-4.705496692783169,-7.812219956652459,3.2542087582852592,-1.617999198543363,4.0846018078441055,0.19202664173054956,-5.963580268935007,4.8304219620352695,-2.2184180469849695,-4.704562562223692,3.645219597800387,7.543899616471719,-4.728814894183177,-2.3622981108013517,2.6689468233475355,-6.977280177993073,-0.8498063793439028,-4.894427443789437,3.8884353715946807,-6.665013982701072,-3.682640455442504,-2.001323583978786,-7.92549023318852,-1.2727904139926989,-4.30436795078303,-3.9534274495779695,-6.085930869870083,-4.012171143501087,-4.482184625862817,-1.7366915321844516,-5.572187588627028,-6.11083932888333,-6.467944659026854,-6.408697706850478,-3.675398878837918,-5.4849456025097965,-7.962680988633744,-8.351592105659071,1.700313865980846
5.769949113639257,6.871831876010739,5.1100238410681404,4.6909764638643585,3.4762785751795553,0.5004716064839353,8.269235503917029,-3.9475320400180607,-3.5319775692183444,2.291881860361963,0.7513542748400543,9.719080740305516,4.5296512212478826,9.07224602101164,7.739593016374962,0.20821111070596035,9.816003240526282,3.29579236601271,7.575123970971852,2.4835047251582067,2.8096660306744035,10.53645997692012,8.673508427867418,5.779778904998653,1.2256392617335377,-1.0209570666246015,6.160277362311128,-2.279477222593266,0.9370425538092747,5.697905894735151,3.870293130388501,7.488830905339828,2.934283869179856,7.384423402007756,7.671990584212093,5.66448497286885,-2.8893939523294883,3.5919882970687165,7.5542713734688745,3.140777379912667,8.914288527716026,5.15054538514855,3.603288453063299,3.751752925387713,5.829207292589786,6.2061299430431625,5.148109826236952,-0.7176731125738609,-0.0884320970767987,0.7518567857759311,-3.0975914548757992,-1.4517251688417836,1.2547741250938693,7.92382224859942,4.077107273487762,0.030831380586470086,-3.540544075533136,4.659147089793665,4.989912496622192,-1.5802738548638624,-3.263341934757666,3.843856254341925,3.386093193254162,2.5774221365925665,5.877666453799572,0.4201849884022331,-1.4872128218114782,-3.213499621967617,4.846774624866521,2.1278049738151017,4.864647460348737,-1.0092102087090447,-1.5088989026800257,1.7913320144153708,-2.255928079261266,5.2549649472024935,3.933715107346097,7.224824178234233,-2.14578387126142,3.696047114292968,-0.04246818477107852,-1.677567432119503,-1.4841754715687052,-0.27673499103500065,-4.767530393520951,-3.8735894274062654,4.768376107912594,3.323852872967404,4.09647068906345,7.18621308172766,-5.046465478724321,2.5737252621394204,0.9804666872155822,1.0813446778952382,-2.0971785204559876,6.729154217089125,0.01655600032203693,2.5707649233434466,1.046510742895302,5.193790311413034,-1.802257675343685,2.8339473847441443,7.298452822367421,-0.4821917489347534,-0.8297849053064487,0.39855978064176484,1.4695216752917133,3.9243472079079584,7.316314659546843,0.9544037616582863,5.749335873856117,6.191594666411819,4.533239789937827,-3.860008022263196,5.605488725902252,5.294154567163396,3.5556507283530365,5.965939584518855,-0.8267523009858389,-3.0229453837078917,0.8511535944050244,5.285302963588249,-1.8585971008005668,-5.642638715429903,1.3134971089435707,-4.071173894781107,-3.2267193389564657,4.393265053677464,3.336950528722878,-2.244346767388702,7.046034629435575,3.6418934718216556,-1.5482177153822831,3.085209041406474,4.124058446011266,-1.5285629741118276,9.057701515577753,-3.236534838108516,5.052242735209727,-0.7473641679951437,-5.340405409328326,-2.041344619167521,-5.3388492813048485,-2.1874721249345477,-2.3623472875064997,-5.861050265186719,3.8812006738969016,-3.4089601226476667,-6.398602860022206,-4.786296674959472,-6.417723955689181,-5.355569154474916,1.7321584657132656,2.778104138108932,-4.087429007977877,1.7656903550116523,-1.8764451490634328,-3.3746407138031698,3.4014148619484947,-5.9775165349825565,-4.4901184867978845,-4.220648777688533,-7.072661196708852,2.4326252563970923,-1.6988772104217045,3.7041236610008013,0.18818255404696316,-5.20357156600846,4.258118081501408,-1.9873036915198876,-4.023035569107773,3.076844121867948,7.289881688868273,-4.239646348126074,-2.3643697818281244,3.1879681681018375,-6.4852336306536635,-0.6272677592047482,-4.518995245867077,3.8157410193548693,-5.906751380064612,-3.0957311528884386,-1.7520929228515834,-6.949862349103941,-1.2535754485430965,-3.6798824518236466,-3.3537081538871605,-5.379002317773,-3.3800022933303646,-4.042630890047087,-1.1985546692699132,-5.0252189176944295,-5.561166560481203,-5.692005238690633,-5.517646307612326,-3.447276630371598,-4.847154583078864,-7.093187839105036,-7.459816933717046,1.6587613459578001
5.547851269343491,7.22186051941219,4.730886129500241,5.184102481947451,3.5307558756490045,0.5852760930380573,9.079046187422113,-4.441262030640181,-3.7919665301943732,2.7137232713723822,0.9108117650070348,10.658329384222787,5.380655857539954,9.249578094864464,8.673110090196063,0.23067526270910332,9.895461057236341,3.0103160870760957,8.06744446823936,2.058753220362111,3.3746760649481136,10.99891668821236,8.846154920882555,5.950481807718707,1.5391364425700944,-0.5531182897620379,7.013604158830744,-2.2487516176186353,0.8493127174884225,6.192875563023015,3.7846305282418973,8.01933500757929,2.795527396814382,8.024076855875204,8.558613610317144,6.299678188414646,-3.4926208702483965,3.8284362949496136,8.147912054183402,3.28314626709004,9.385361606800892,6.253946038656147,3.8596647362115584,3.8689252763788167,5.419041256625879,6.912388782488974,5.571820066537978,-1.084429052652121,0.0354580009771994,0.9935976761136349,-3.280701112718864,-1.0955088248648444,0.7387286036352686,8.024076600665692,4.5746604741150065,0.7805934486519939,-3.0690774548035082,5.189422170513814,5.349812735757074,-1.838348696264647,-3.6359307790976048,4.169587279389934,3.4167976937026467,3.1436681384298226,6.383920359588741,0.6956173492043768,-1.299882346754864,-3.5970573086202693,4.556911929152195,2.1604475750997185,5.401645374433934,-1.3230923198606426,-1.4824786922550413,1.1294202921872072,-2.2702912560413964,4.914860817122076,4.230532415588959,8.035949039060341,-2.57424699881397,3.055087859932324,-0.1292876072344887,-1.4890610009184608,-1.8809505202214587,-0.865393261658324,-4.752792041526676,-4.1999490830465005,4.9840423723005625,3.439199416439301,4.350716791198445,8.025851150952823,-5.307969241912582,2.9750550488864214,1.4525982400243531,1.5658850757300993,-2.4585428890653036,7.185994462275551,-0.005022993623214093,3.199008288669707,1.045053845710346,5.244722595903974,-2.5122395146662897,2.525266739912409,7.344560680025458,-0.19351435810306195,-1.1390416322079895,-0.10925307857222225,1.481247337571893,3.6217678141115885,7.382460393053823,0.8973471496476896,6.0088956750389,6.366140901076888,5.244015903706148,-3.903060373518595,6.185498018498229,5.854137880360586,3.071106382099007,6.146639916814966,-1.1607200098319963,-3.2230440332746713,0.8016024808877478,5.420840157463805,-2.0089157604361696,-5.787969992347615,1.4522768831745194,-4.251285313382269,-3.4199111992926983,4.058026050356913,3.943475912768289,-2.375083825152533,7.129561862466146,3.6853764369354725,-1.8521338498825823,3.2843844529504556,4.531239687346223,-1.786359332126506,9.53867342802402,-3.4003089817725756,5.699853472519278,-0.9341944228065148,-5.7855245018633825,-2.0366106108721636,-5.760481098228223,-2.576519308469084,-2.5866292735296352,-6.199811409361971,4.667126919975833,-3.9437233617619545,-6.757805097949552,-4.895956506240836,-6.548694575123,-5.424869129658601,2.0626996633488734,2.3106028451880154,-4.4805981684219764,1.544831778351377,-1.78245033187233,-3.3282728724225357,3.4791425346546414,-6.013370026768591,-4.78436463197838,-4.286022575911107,-7.167886013075566,2.9732548325700803,-1.6633065258862594,3.9216293380387506,-0.08469093336969753,-5.479453431879242,4.475861453998141,-2.3746465684639815,-4.5832995688868206,3.496428491705642,7.22256367635554,-4.402122246602498,-2.2065459824786,2.9867103827560437,-6.486839041663692,-0.8888099825091137,-4.496635463754712,3.7092036646758144,-6.246442428785961,-3.5063725071552847,-1.8034429124924822,-7.316085159642775,-1.1911224138493426,-3.936494607927862,-3.6563214697107487,-5.785637569725938,-3.8093065135842368,-4.039472865419446,-1.5098022785098903,-5.224686729351977,-5.76366473332802,-6.0360270235412,-6.0130055831325215,-3.59546048842268,-5.185724675862184,-7.427283286144204,-7.683574463316002,1.3581482026065474
5.8905973445554505,7.843911596564665,5.540145827507091,4.471057254112658,2.964510166080917,0.06032080197796223,8.95410481672807,-4.903470235011917,-4.037113271996227,1.889461374844903,0.13107000530683652,11.069571041457259,5.274816858293187,9.911481250437669,8.881017282021503,-0.620394555224961,10.89278805190645,3.9876795641284586,7.747249248387798,2.493808934161791,2.6936604285158454,11.997221070140155,9.73404630336182,6.554475298800972,1.6588637880095787,-0.9458800543459371,7.284098392211715,-2.266391276546392,1.187689490773825,5.839292442433122,4.3878363545757955,7.801994722529854,2.9273666561326097,7.59495506002224,8.794136804185783,5.659115043984357,-3.2964097104450523,4.208291295680229,8.529377283928977,2.939963682894484,10.047072056813661,5.576167858181328,3.3357295367529547,4.668633540272512,6.41921586875256,7.1187848433877265,6.09413489326211,-0.5009504875749009,0.12368900692597659,1.087164535336675,-3.123636370681753,-1.5032435443933099,1.4531454721443173,8.543487092265146,4.504553267203038,-0.2383184234372701,-4.01788066102268,5.913285697091835,6.028854017795001,-1.720416048785384,-3.540874434372882,3.4625514402453605,3.559069314958032,2.9431331275328425,6.293775512137959,0.8244581835541195,-1.2971244057591225,-3.5262666794807624,4.9028982899938836,2.668251936676466,5.923105511277485,-0.7950419242843991,-1.2141305667211781,1.6605468909720578,-2.4799828227670107,5.440633111355864,4.403753199919804,8.225789412084987,-1.9355348407568862,3.865862730388164,0.3230501562466703,-1.8332819774507811,-2.0469910230920996,-0.2485069548238474,-5.239597009673773,-4.3322037807076,6.015896394410787,3.130346394090694,4.604340765350302,8.296110924754153,-5.518380929968285,3.2234089165736886,1.0588605149523949,1.382991070028806,-2.514525956018251,7.880679951223848,0.45859891774605854,2.5335563571830417,1.1041212835129475,5.637353922968799,-2.010366284900585,2.988757056703057,8.407667675853562,-0.6104734016908212,-1.0984735588114982,0.3306939523662921,2.3028833624204177,4.470412413818223,8.37248458799203,1.3092524376404895,6.89815631418678,7.248920463982337,5.2606439478351,-4.10939037006622,6.7669849361422605,6.2461629116484865,3.8896317383662633,7.15358058201988,-1.238277504716758,-3.065303052667457,0.9350181911410738,6.412083674642717,-2.213432142697233,-6.616422696135108,1.0893753429744306,-4.711820393275771,-3.5772907513185435,4.806845169004227,4.543287722818286,-2.3845203562770596,8.337831336992638,4.535868423117965,-1.6597864864640213,3.918270967215848,4.390458530491558,-1.4041990821709336,10.335038605409117,-3.6392305394182496,6.129570372150736,-0.9285126555359935,-6.231917495943768,-2.5260023653596435,-6.12149617505889,-2.4425846963843845,-3.1114064228075153,-6.726150983919716,4.275744204681439,-3.414573213914574,-7.303660688564733,-5.058646230726069,-7.344192211161662,-6.015056184467191,1.978686339685073,3.0356822571107234,-5.05360713482672,2.154601819860217,-1.8258594551700216,-3.843828605241576,3.283733138585138,-6.861028611206823,-5.379127014431083,-4.88085187593171,-7.9693505452450975,2.945360790778338,-1.8347619611363193,4.316562247067909,0.26658092222658475,-6.121170549785501,5.191934213332073,-1.772791960215572,-4.827534840014346,3.779393577514095,8.427113434844975,-5.020372498589464,-2.543489960850786,3.0240366956328995,-7.344228880462454,-0.6116126219204004,-5.070503131185895,3.9071297706331563,-6.728596566489694,-3.8034677798407603,-1.976888163217495,-7.915230523350944,-1.1089978608094664,-4.259309838444517,-3.8163289119994652,-6.120151457032851,-3.9001707834726806,-4.836841031307292,-1.2285122589250974,-5.796565442870568,-6.386747259095196,-6.466406643280385,-6.442594756701855,-3.9694338089965586,-5.526451734794064,-8.040475838353613,-8.520071845994016,2.048872855604044
5.357377324296475,7.517577353778641,4.551007503392471,5.4403426122658685,3.2630204161977985,0.846030871952426,8.965363643419128,-4.638108297597512,-4.105590663031937,2.623179513087496,1.1455655413824768,11.071413979824328,5.7595512922234535,9.385498193878155,8.95224767858233,0.5086079278435847,9.92553273311849,3.2447265810431083,7.783668935831083,2.0200832975906655,3.4567764178440905,11.321804887971693,8.922939252175967,6.343810305380024,1.834136094189787,-0.38666127431200986,7.433393819057523,-2.3504669864255656,1.0398791806149421,6.196603046493964,4.012890799369358,7.728157322829299,3.313867204863725,7.758448518045024,8.945601076042408,6.440159961786349,-3.290121620550014,4.603082246193529,8.614952937443325,3.1104049311967867,9.34217022579331,6.274866540863185,3.5370660072859046,4.33963598937419,5.488012936466098,6.9571912211496505,5.5795319334056295,-0.6845470763069078,-0.16525222668226192,0.9071956250855762,-3.4114855098360057,-0.9340122285470962,0.5873356367166511,7.759073379679481,4.735088249011689,0.7863722751983732,-3.272629985770861,5.593795593852979,5.5372569588422715,-2.2996995689399653,-3.454302943018625,4.26240823854624,4.0568493048021255,3.741319325171015,7.115437823910099,0.9028847894528641,-0.9792212363285095,-3.6580723392283843,4.8254765199517236,2.8768006976812934,5.885110524579248,-1.2420249834281407,-1.1101077600046387,0.925964116999701,-2.1927782258651076,5.242700368725309,4.712995600429417,8.603883944504283,-2.3983559739545806,2.7481063306986746,0.09545491404133595,-1.46884250212064,-1.929740875628938,-0.966063435482019,-4.9511673502865055,-4.516741651231063,5.242659650968463,3.7841312464899066,4.940216913572796,8.255672302955254,-5.311474566288561,3.2666134937474567,1.779876034804924,1.4032021325514528,-2.1820508205981697,7.736087092157411,0.005320607854880837,3.471438016946152,1.3103468268351697,5.148960706593658,-2.8602152957584672,2.6353495362731816,7.355955673263078,-0.20100443324032483,-1.086461959089321,-0.3162129897252065,1.6444138981885326,3.549145168536843,7.576586102766948,1.173596379311649,6.321197136470565,6.519483256932621,5.3162648453071535,-3.942393115797289,6.234779833813965,6.192792083421207,2.6825654992787524,6.483674708229826,-1.1407230883184332,-3.455033756034869,0.44683557285843306,5.435401264000616,-2.0122479563230375,-6.178017731497162,1.4305655291257986,-4.484573956533949,-3.5239349639281308,3.8137858153755873,4.02148085602413,-2.2826332997359633,7.1694450167727535,3.9648633406962763,-1.994634764403568,3.5751122959764428,4.868782464740627,-1.84016886632432,10.023221220374143,-3.4281237634348596,5.744374394035336,-0.6988196963369918,-6.180784499116351,-2.339575288103187,-5.91605813345582,-2.451407810432611,-2.7899580535538946,-6.3325561575796385,4.424890396911469,-3.904410569633166,-6.982379054940438,-5.214161998810454,-6.960426027853407,-5.25693826186669,2.0430750393672166,2.6324624212895595,-4.566908374286735,1.5580950135086755,-1.4831973040944861,-3.7046196856536433,3.6319242772844476,-6.538372817539848,-4.951690882618239,-4.49284490720826,-7.7108560662804155,3.0753946417864437,-1.5222487071152786,4.028414282968587,0.2949725243166195,-5.791590935463835,4.824801414947902,-2.4688605255801366,-4.4754490373233375,3.463661698049888,7.220153641030374,-4.661712243073521,-2.2872842833976836,2.568224718318356,-6.857667453753585,-0.8823230062845164,-4.56109261312724,3.995999871522811,-6.494510994156853,-3.6020896878345905,-1.8017763099619049,-7.846818546229712,-1.128076193332657,-4.2320256655825865,-3.894551741146154,-5.7745609503683895,-3.9291370060180464,-4.228042148783297,-1.8166458857177579,-5.354312697117751,-5.8809606817035425,-6.501482379295767,-6.203207652739004,-3.6580388745159507,-5.451244350215363,-7.8237457136916415,-8.074173800315585,1.5975651546457343
5.288675500071702,7.453594488506865,4.719848001422408,5.438408357194315,3.193900736494449,0.6721413022392653,9.126689754408185,-4.760109635702524,-4.004761435994375,2.7692554163468728,1.0195979675602478,11.24858280205788,6.033913441279819,9.387591325495091,8.964490400757768,0.33482848138004095,10.161181613218908,3.487325445971641,7.889152251556993,2.2390320841931275,3.6129746720341482,11.617693733816035,9.037540096395473,6.649673019338368,1.7150987526058235,-0.3966679009381378,7.401316546920169,-2.420510364623343,1.0082251824509632,5.948418591251748,4.065890707359351,7.882454509233093,3.304883635519215,7.8730400813218475,9.021288134251728,6.377365656880562,-3.3273748896336697,4.712194035534684,8.634070006616033,3.170282988700536,9.307707135208956,6.244099360795585,3.550022354309946,4.466911888831899,5.617538628131817,6.982455439072444,5.473418218492819,-0.6418337616964839,-0.16494101489815385,0.8212473816434674,-3.4666170773815663,-0.871295902838518,0.7988867009971499,7.9252097718937815,4.753187570809985,0.8113086340374283,-3.519892265142045,5.89105157011098,5.717114802370128,-2.2551241135991087,-3.4537498586396254,4.298423973492636,4.114650774004779,3.742135927039937,7.095872755443525,1.1299396736515466,-0.7273855737288659,-3.7080065856726026,4.620953246986339,2.9549574029792516,6.11519713563089,-1.3063388912523002,-1.3241313040236165,0.8905687391437523,-2.330141447429439,5.3557844587321854,4.812571805017712,8.739004279706588,-2.4560973217402444,2.7573171451136202,0.3069476130335177,-1.5030831523948844,-1.7649262186562946,-0.9536701450367477,-5.272845517578472,-4.483261583668117,5.390194785072431,3.5200402300355322,5.027358040016753,8.417416672990344,-5.258818521427482,3.3329801516917783,1.7071901577662447,1.6441824876507314,-2.203193137010106,7.904408306637687,0.12648453295392414,3.6013318806293846,1.4282284151519202,5.4193260892362245,-2.9317944699366945,2.6424456873319953,7.501422652973329,-0.04662148792482234,-1.213738527447723,-0.166914303019774,1.5788613296497322,3.842872537745759,7.817730885710227,1.211938813909248,6.6851451463829665,6.832028224500523,5.602705141301017,-3.9747734475695173,6.309687241681158,6.332556071235613,2.7760886806115983,6.5807983148532125,-1.083824182514385,-3.329137039581313,0.33052441270641914,5.355828079290468,-2.067618702314238,-6.463988295849415,1.402441491577157,-4.521023956015331,-3.451581799049314,3.821205234878998,4.050247731706729,-2.476386628247466,7.313978911386031,4.324412614468091,-1.9440704245717126,3.702729115107807,4.925105434473512,-1.853098497470339,10.319144118695041,-3.4945753222073628,5.8035832342301354,-0.6861621353037222,-6.400091702871084,-2.356903586577846,-5.893582937737206,-2.5251320560547184,-2.8085122687631334,-6.372821416894686,4.356329433314302,-4.114746022451041,-7.159769858702824,-5.286461345295217,-7.076933678714087,-5.242181765257412,2.1079416115165635,2.5777863100975775,-4.8079757661053275,1.8393775467257047,-1.503583176282008,-3.771155218877109,3.762509496544251,-6.8449019886655,-5.101171065846554,-4.760118112192992,-7.93789271335982,3.275158794367673,-1.5679162510468867,3.849270471886099,0.45760127914221244,-5.990083188243285,4.899751350550034,-2.421106533793468,-4.485614189831931,3.8532762573967076,7.33984748876105,-4.6832485548827405,-2.494913967762193,2.6031690285010454,-7.0214778177802915,-0.7956494965148474,-4.715176477081206,4.129228990040928,-6.56004749890706,-3.5717299384857384,-2.0938063925563677,-8.131128390489067,-1.1496167025346475,-4.228603902087909,-3.87085040669072,-5.950467039180786,-3.9086542804491127,-4.553279974365867,-1.977986511853017,-5.504160534635084,-6.088504753008889,-6.450280505785967,-6.347229402960661,-3.6823985335911447,-5.476170196802066,-7.988618484362137,-8.296823371121846,1.6235759625972
5.576914876712939,7.381745723850296,5.136112908411787,4.9284305820163405,2.8517873762043555,0.4268528795879127,8.759207032530902,-4.620074241355469,-4.0741059934785575,2.356209331109263,0.7156779678430755,11.215273280703288,5.8796854448866664,9.398823783647394,8.494829396600345,-0.00971047585787379,10.5524191307401,3.754019022949208,7.706410310402587,2.737553523348819,3.1358052570071004,11.630103204508236,9.327616464448074,6.814235377899243,1.6217929574166472,-0.7064347351284193,7.384177207771669,-2.474158144843527,1.1535667079322263,5.5329687123437905,4.4042328934469905,7.6784356622475975,3.225201309462202,7.56273747072677,8.754036423983427,6.115848913333771,-3.086020866392548,4.661627933767479,8.299403498780912,3.0451906827630544,9.219929008450356,5.54379301523739,3.200603306178965,4.8147434362811605,5.991542739138802,6.566171216037727,5.1722785346618805,-0.5040578607297036,-0.5879863915603707,0.822509581581465,-3.702791685779425,-1.3386965085481841,1.2531024425130741,8.110257967999074,4.536107117839155,0.2130916172653746,-3.9694436086684917,5.867656955499635,5.606783454913526,-2.1530983234810956,-3.3863067876987216,3.826790262368437,4.132172174130403,3.4607416836072127,6.86622600533249,1.024246132722596,-0.8185235386931783,-3.5756628525936223,4.61025583059282,2.9811708385084748,6.192931967783585,-1.0563377523150068,-1.3337352026354685,1.2211214194490665,-2.380700893527239,5.797329138625123,4.625464404225188,8.641349215546851,-2.13880202500601,3.1983990982404076,0.42820688816053165,-1.59527082373192,-1.2785612334153131,-0.728744163249129,-5.463213817404029,-4.425466226449133,5.738028940125405,3.2956842603904786,5.052050652557742,8.106846312343059,-5.371457601065309,3.1648277742540474,1.5097393702409838,1.482031855681606,-2.0731400159708624,7.820838706577108,0.37360212466832865,3.215168394363551,1.3057060212085347,5.551397611911411,-2.6621532054115615,2.9203858047081592,7.771138294482465,-0.2813409657577164,-1.1135932723670585,0.1831401174443368,1.7024219980194357,4.33826069591645,8.273404499366874,1.1944312100508656,7.017122571363988,7.243138807081745,5.455596329207199,-3.9660241767001025,6.501667802865503,6.3553649847354485,3.1710688485835035,6.837706489350175,-0.7438435269889853,-3.646837282839256,0.49618925178467677,5.4564392425709345,-2.2605947503539383,-6.642975990612795,1.4211774633637353,-4.705663210762294,-3.4825985790575604,4.119185712202932,3.99511909560315,-2.5007000853092256,7.623622565838066,4.35955533095202,-1.7138806619268798,3.7750535088070127,4.53504146501244,-1.706440207918234,10.454522163508383,-3.2212011962028857,5.4981736482873025,-0.5544603396796033,-6.36156363726831,-2.2800216178329964,-5.743985559940782,-2.1585815160784896,-2.9452205718634814,-6.214829439230177,4.024288520221198,-3.7131070704971654,-7.221111056420361,-5.1824260601974625,-7.24861744337923,-5.540957978407148,1.776824797903112,2.8504144819029618,-4.80234055998477,2.0602090454805984,-1.3146384935864448,-3.750481644326443,3.5596367663583948,-6.876811098556048,-5.031817028671703,-4.777307692616089,-8.04496266527094,3.1596428318717953,-1.8438588427773803,3.908418041689048,0.9711898746197101,-5.934234988112567,4.788718902555241,-2.1963560621456137,-4.2519855668208075,3.7642396051598435,7.57920441184716,-4.487439442300182,-2.7692655588341886,2.489854901130738,-7.133591472223597,-0.2955228497122045,-4.908825848111489,4.571450697628797,-6.5956162303391945,-3.121078963586543,-1.9696896848282366,-8.079093505854033,-0.978324963707435,-4.154203577557665,-4.034884804698009,-6.0059658979822546,-3.5147723236447894,-4.771721549491429,-1.9621026195067728,-5.30549601384807,-6.049485836052616,-6.329208369877341,-6.078495463966182,-3.7558641072775067,-5.579762619826071,-8.167523212812407,-8.387492164626753,1.9273684125428616
6.27386570995785,8.466660105158041,5.833882357532308,4.508052990422991,2.694453077769173,-0.1198680688543976,9.003465200808131,-5.241569089713764,-4.320771728763855,1.5519211837884572,0.032555676225691894,11.918185765246829,5.580881932285739,10.45801573760432,9.45736887627658,-0.6590385418970296,11.646831700752962,4.42531189641964,7.71919153260818,2.683446722023826,2.3171341917870336,12.69367871039717,10.421716348782995,7.065125568896538,2.001447457775855,-1.0577928973303095,8.005560324087682,-2.433037687712659,1.465123049304541,5.979456920673341,5.041740769082182,7.877536211980026,3.2568137813788756,7.681308001851138,9.665613082456325,5.897868441701199,-3.331684855288978,4.858177488145638,9.232256138474689,2.8453500830827396,10.53044201840523,5.60179213363378,3.019807995762789,5.592839855227137,6.965930309377716,7.4507891303179745,6.360784008599943,-0.14064339515491314,-0.22331404375997102,1.2990929465171683,-3.3852935322440927,-1.62416648430184,1.7733919189144076,8.936598075311645,5.055870516033733,-0.6028219664014908,-4.5522817974698855,6.5993316105488375,6.650067651995369,-1.9723470236162568,-3.6407027840709953,3.349433177051167,4.2159525587066105,3.4359699165400786,6.98370920975556,1.111726127670348,-1.3540043118651839,-3.7118828867236453,5.301234868156312,3.3351627677449303,6.802461910435203,-0.6231888547151019,-1.144393732731752,1.888103105006347,-2.6604897938840053,6.203486605262965,4.907483488946047,8.935740150670904,-1.7150682983255137,4.170942408483814,0.6609557160764934,-1.9746334255091482,-1.8446926288683072,-0.23215517323187196,-5.745444238525394,-4.634660508557419,6.878061599497843,3.3845888287616708,5.029845592052166,8.815358142590135,-5.922333369552122,3.7220775633834013,1.2030378909172261,1.204957392121415,-2.3559449185325496,8.738532575303745,0.7644239151882443,2.4126610151500296,1.159559954401653,5.619985277344659,-2.130713912727158,3.5105093623874364,9.090854902662356,-0.802674985869208,-1.1430058517009962,0.08746788647157872,2.674327208276926,4.71378279577275,9.143755247251345,1.5871358430912905,7.4894813765573005,7.824689046257258,5.230884986085734,-4.235585250771082,7.234777566300787,7.0201554498735375,3.9367077750340917,8.019957158552183,-1.0254769196282112,-3.390217035044193,0.8846133749614618,6.844160709296579,-2.570828816448804,-7.343276325288527,0.9305011510556319,-5.120771886065322,-3.8310680020299754,5.129504570354058,4.93210924894584,-2.4384422423513845,9.091557399910329,4.773848093273669,-1.5929002311799394,4.5761166700732,4.500921078458705,-1.4538641965197798,11.267309148514522,-3.6911982606813543,6.40715760224238,-0.6526110468096252,-6.823246748339481,-2.86732881183637,-6.502936684787845,-2.454545399340806,-3.3793459229368246,-7.113420387380131,4.249782587937748,-3.3548104278864153,-7.939073353182213,-5.304478685965936,-8.044670736754599,-6.391918448172041,1.8593507253513317,3.647812613839633,-5.492174470420341,2.2108867513915436,-1.845555718979365,-4.243054392414282,3.021649868846451,-7.688473416193544,-5.669437768673845,-5.387480069371918,-8.817619872651148,2.877269824342041,-2.104161580483479,4.545704649598806,0.8237750581690944,-6.622660565147486,5.85130943337867,-1.7661671997273949,-4.985101688876601,4.090843200518223,9.037377639435757,-5.227117467954809,-2.851242546643896,2.980723362765912,-8.013194728147187,-0.3219537331343259,-5.536676795270537,4.6160515673273625,-7.311992684874709,-3.82716649213922,-2.0484046884060154,-8.755866765339515,-1.0529713596824575,-4.663790303032748,-4.2799992767281285,-6.54491238023823,-4.050566698498746,-5.452525002273287,-1.3810953257553107,-6.136310503095774,-6.8704796263213845,-6.951480069375474,-6.84460088800052,-4.232841912705814,-6.080390900886479,-8.941108775579176,-9.32819319286736,2.562822654064169
5.939804732089845,7.768727433660331,5.445666409296296,5.268571554108001,3.480052441201103,0.5040352675204232,9.500875880258294,-4.9039239346766506,-4.177960596073261,2.5806214974051915,0.7327622825655982,11.565769785750883,5.824667055487885,10.141898255686806,9.183872224948539,-1.1029445820807723e-05,10.987163352220538,3.8624807935088636,8.380640645720948,2.605982648353969,3.353423550804808,12.213874131308424,9.819902797956953,6.831975377490917,1.7336759830206072,-0.6773393409706033,7.641693298182228,-2.407401101532751,1.2503938849988139,6.138930200868507,4.467205664220198,8.324125253377314,3.2292973823522853,8.224629979570157,9.163681125742517,6.446439907560176,-3.465240157488755,4.443492228540132,8.802558567688777,3.430476571148759,10.069582210159094,6.1344583042069,3.832685344302106,4.631892466654455,6.2059289977657555,7.261101382713326,5.884724752280943,-0.7740435465497678,-0.04319615561845638,1.1044093675030988,-3.438713671186972,-1.1538949814130763,1.104655497564012,8.705671989339585,4.847757562190666,0.32341574063688183,-3.999171987551147,5.9390920192958285,5.871264537473754,-2.1634504012092606,-3.7198848756317577,4.205583078450346,3.946790117992375,3.449849449826799,6.960193256267404,1.0157011213245488,-1.1549030748558913,-3.7787219251673645,4.98191369112286,2.7754588146922408,6.142171549064636,-1.1680801472650284,-1.5688325815295254,1.4999097326107047,-2.635344526743158,5.742417240986726,4.811038359673861,8.70572444402182,-2.5754601062083173,3.517380136371546,0.25799701101965417,-1.7534170338930906,-1.9403951123362086,-0.5869593956518376,-5.674065946933519,-4.5620513776148615,5.723626666458894,3.5576755487886347,4.952022730606486,8.58094742049179,-5.662520240111521,3.4113529444688306,1.4043580967328255,1.5699820964051576,-2.509607315869258,8.007945332371097,0.18863061357380523,3.196660004966512,1.332646876634869,5.8778404154731545,-2.4958306216063026,2.9607674742977923,8.189656287931303,-0.3022027398623782,-1.0704603476408894,0.15986497856568835,1.8807529739075084,4.404136120062883,8.338218924570059,1.329648160547762,6.940767244049711,7.29873896741453,5.657124568121209,-4.249590431200605,6.7488267154847925,6.478149614870766,3.56709412949707,6.95902241107369,-1.1779231729099187,-3.388628451986228,0.6790487780140703,5.964786312377976,-2.145790880530125,-6.746828660087894,1.428312204103365,-4.6864362452238675,-3.7101196090697064,4.599407276260406,4.100755187958852,-2.625792684722277,8.052379012785229,4.4623761365819465,-1.790241533909455,3.9680670974509242,4.782536408266799,-1.710102602909081,10.613432767932856,-3.730626246782615,6.034788944478001,-0.8776163598474869,-6.644516710684912,-2.2916380641636542,-6.2830815483685045,-2.5099737060064378,-2.8234181661717304,-6.7542988767184085,4.500857971426379,-4.286147209413753,-7.6679552309023045,-5.484291025100898,-7.463953289300238,-5.881886013913355,2.303116915877492,2.903030412816899,-5.040768562487284,2.0997852682112415,-1.9882912767925423,-3.7776791813911683,3.7894157879902015,-7.159113770855688,-5.465124700774256,-5.045831360414724,-8.356442740042553,3.1654584652426228,-1.7513222091143685,4.089088678344329,0.31425771392333185,-6.283115512830868,5.114569616548857,-2.160239840202232,-4.782740170182442,3.8883870589454186,8.100136647983787,-4.935821335721125,-2.7316104150699103,3.1105982925214994,-7.51256250460775,-0.6128947331097657,-5.052993821363061,4.152747282531956,-6.925253172950881,-3.7948488625648973,-2.344118829963527,-8.40174610086972,-1.200399039032129,-4.2775744755587,-3.9901646173968808,-6.272405991088494,-3.940914561849762,-4.889759606342173,-1.6493453495648034,-5.808888599060147,-6.457209460339485,-6.7624504328646635,-6.5176235752553575,-3.911431006498353,-5.733928190808329,-8.4466901136257,-8.772426335334139,1.9398403671693747
5.739126634213677,8.298560419568886,5.927131156610941,4.258671670026327,2.4292771683104712,0.11900551922331253,8.411479229103003,-4.82583240236458,-4.051052549316287,1.2836707261590783,-0.021649221772894325,11.154283618876521,5.173252863625439,9.943988675977167,8.830081485224405,-0.6970838778233152,11.121539964385162,4.52595820942387,7.117971276147324,2.8040990396183827,2.239005403174469,12.293716414238359,9.963787957045119,6.810983522267972,1.9945757627629013,-1.2288072932953555,7.586194804721102,-2.321979360330148,1.3912567187098086,5.427054650975982,4.756163614805782,7.162406587485582,3.544357054987138,6.897506003266386,9.085263135847912,5.3113443511663085,-2.8235942779938568,4.893790827632889,8.944717668546751,2.6825332936416473,10.128110548687257,4.91004950224365,2.652943683950354,5.5587649901764555,7.113122986034693,7.0038353442902554,6.041298864785471,-0.08827969085151707,-0.22772857361367654,1.2697793486204083,-3.0796173398130313,-1.4698397595798323,1.8940770128141526,8.4035529786363,4.606777020123201,-0.9310515327122356,-4.709620060339975,6.490448163079535,6.545972158711679,-1.9010102448091175,-3.5153841424780867,3.0651754230876747,4.157122838891713,3.2651380596574864,6.686109342208081,1.2595065494686022,-1.3307378083909853,-3.588604809090685,5.048506036379484,3.476698399843121,6.499175528878384,-0.5040559465846237,-1.1341248819944172,2.0145963435038654,-2.6711604144999406,5.848356186014244,4.738106987159182,8.548566406495413,-1.4887290306344472,4.198014939858726,0.7870972950526279,-1.8260850279465939,-1.9901746175014283,-0.044668002069651366,-5.656954764623681,-4.255941147933068,6.7558747662617815,3.091130839819997,4.912958776446931,8.285151322526549,-5.580071329422615,3.676766801362097,1.0954556233425827,1.0052485159205657,-2.340845097345715,8.429576846848033,0.933259996579253,2.319458141214367,1.1374884562271883,5.477412575870841,-1.6856594859975143,3.413071150256331,8.883212204160323,-0.8691494955901817,-1.2285308854318302,0.5959054831095776,2.847215413041889,4.809566005249189,8.88308887694513,1.5423264477236298,7.284642511422058,7.607974137799164,5.002272783254648,-4.010974402252594,6.857554529701929,6.706051430757626,4.010038644862364,7.854045802699581,-1.049697423593202,-2.995973943650663,0.7114411746234446,6.780017914006423,-2.2764864421772177,-7.195319372948765,0.8314128377493687,-4.820309074277807,-3.6063179200724047,5.1300597334339795,4.790438829489735,-2.0916039649079674,8.90138008746193,4.880255075070983,-1.3367855263099455,4.303168834288218,4.5748876198622375,-1.2259541564236514,10.803163826926253,-3.6015186896988696,6.119066755048845,-0.30338313633028613,-6.5386261405899155,-2.8628396038164463,-6.4251938660544585,-2.0038171529438933,-3.1651917104491125,-6.868313472305478,3.7804106288539114,-2.9978646852751782,-7.795050790948459,-5.007578409013987,-7.906743820546186,-6.0659223098732955,1.6981772062363834,3.744040075734287,-5.317131976881383,2.413303018725108,-1.7339291684794649,-4.079281978860908,3.010142787019917,-7.766618347719687,-5.573541896947572,-5.47370815424051,-8.592016200200728,2.8917690787003405,-1.9354001328837238,4.21812218281579,0.5062677259535296,-6.547836790891782,5.763101113081479,-1.447283849223893,-4.830020543513959,3.873352623239002,8.780355881521919,-5.265443994919014,-2.8701946123329174,2.6738814010878507,-7.966159891940423,-0.47037346246695433,-5.505498042785547,4.105690813603455,-7.02223603855674,-3.908524750140066,-2.168129462230202,-8.479675309875935,-1.0831341160713341,-4.5993638954820035,-4.1164006916576215,-6.290722357733819,-4.080637376209564,-5.543394777523335,-1.1306732483040969,-5.955374371843824,-6.636922485110564,-6.712488131179084,-6.666836784890192,-3.9579429211307056,-5.898554316611588,-8.611043285662825,-9.170629144628366,2.698610456089053
5.513016089078114,7.034510759977937,4.838029944517958,4.598557496401856,3.0766973775189332,0.46486940984607333,8.490435963056925,-4.366094874685269,-3.8100667554694505,2.268804140070771,0.6319005708398711,10.403790106841539,5.263133552921566,9.121172654634844,8.220513047592364,-0.10670836470986142,9.946124251381526,3.3362039162942616,7.553800530945482,2.3134953661962623,2.8907689767799396,10.912272170091798,8.845444639058897,6.10420023283702,1.502368908076317,-0.7096065880461001,6.836417532048725,-2.0794524105867245,0.9800425937302394,5.633042626460507,4.021176613952381,7.525476388626015,2.711908122303175,7.391310055304482,8.177371546765098,5.778700431094482,-3.0182620650092837,3.975431298632739,7.780268843116309,3.087315266006223,9.042131936443994,5.478329920044187,3.4404164888981925,4.163296145916937,5.517774127734899,6.461434853707786,5.3169435406082455,-0.6221189787279653,-0.1857312799983554,1.0044169971578933,-3.1705865955556645,-1.19398379180412,1.0958912297991452,7.80662473996033,4.205924259903345,0.24768565558933153,-3.4616395744247472,5.228233020107524,5.250257102355079,-1.8986408381766289,-3.236482214201171,3.625753570496485,3.4120638569485777,2.9776291384338234,6.10780633364652,0.7406985718715393,-1.1024717530529442,-3.3034423041784886,4.564992484093661,2.3876044835768426,5.454440702603413,-1.008362895641781,-1.2357592358885574,1.2875930812187766,-2.1643883952615712,5.1852987491966855,4.262097887034185,7.80578429746268,-2.2044189697560572,3.1979829982973396,0.11308093435892744,-1.628420890108042,-1.5408723903974035,-0.4905939505198972,-4.83028812724133,-4.116324066236076,5.21408966695247,3.253086485146918,4.462671916641859,7.558683546695595,-5.127092074265748,2.9260515410467387,1.259231158050005,1.4774374647262343,-2.2417288289283457,7.096191518517057,0.1366230091331441,2.7476879965268166,1.1205141832883385,5.277329353732465,-2.2021660959779834,2.653695971865483,7.367624444647701,-0.3309329625739036,-0.9013255167230048,0.10152607308785458,1.7275365489345087,3.977970709974821,7.534731826189687,1.0473372110290116,6.209399275927664,6.59123819200937,5.077226379014515,-3.794484569874766,6.1065166709795395,5.845249992656293,3.225053062439366,6.2773040384797305,-0.9541267076446641,-3.0948473560531786,0.6965824947966021,5.393822956802782,-1.9941857332488189,-5.985706391464457,1.337417915498919,-4.334721969560041,-3.2233526870400406,4.082118206492736,3.8068410371359636,-2.273663603334522,7.169028397058646,3.940923912920951,-1.6143615674371359,3.4654596397745125,4.107152524425792,-1.543983327236635,9.497487157486376,-3.2576028670350876,5.414697939034126,-0.844391050099154,-5.731710928579885,-2.091292201371475,-5.478916846387293,-2.2933153343611132,-2.638467859534426,-5.995424579935181,4.116118534319863,-3.547777877420106,-6.67245665420278,-4.702993675239524,-6.64049581677696,-5.4260670927742165,1.9375240194366827,2.544729168006861,-4.327376634434737,1.8391436413046605,-1.552275921917225,-3.38223689693706,3.341533249643938,-6.141272671529162,-4.641262248635833,-4.3180802161181315,-7.308242423161554,2.7944381805722442,-1.629451334441277,3.9431605638652094,0.46478579477701665,-5.514116639240617,4.552118340343041,-1.9971005198646854,-4.260665515401177,3.3509761220266525,7.308259827698466,-4.298337164758993,-2.3083683601956153,2.7297816637265018,-6.595316797330273,-0.7455065799578918,-4.497658458985028,3.960428068883133,-6.0820484627623195,-3.1745297552630074,-1.8349843095776162,-7.273157807368458,-1.0393452239471743,-3.905990083608905,-3.6031468022433133,-5.588849567572611,-3.6267965658691144,-4.18569395521195,-1.5074068727055032,-5.037165077474151,-5.644646983941806,-5.93231207640884,-5.784445170738428,-3.7196555383655836,-5.101749949423143,-7.406035897864724,-7.678437629478885,1.6792478526492147
6.0701415129207525,7.951553890105981,6.088157985552438,4.191603325371342,2.8220561539824303,0.021809583266542216,8.909127243486411,-4.864994390969214,-3.857938677708439,1.700639782602755,-0.1643041786268777,11.042029565286404,5.23914008689977,10.111931390350577,8.611133932120824,-0.9317464192575917,11.434579878759383,4.39529025247626,7.84120037940971,3.060558534378808,2.5147848346270245,12.35813293592045,10.122131526810957,6.942957654947004,1.5934577186739753,-1.2378397365369118,7.229450414675938,-2.2051659335651985,1.3996173339047706,5.604278620085701,4.620096040276224,7.831293981102707,2.9802804460173586,7.451606561145467,8.666009996165583,5.373159252513544,-3.1084190116801858,4.278230304414898,8.438520338195245,3.0643553475551353,10.18522224222069,5.068711246673133,3.1863547739893128,4.9630802228694515,6.949851031703873,6.900121287337651,5.9838891000333145,-0.4301265869286363,-0.17513672216190856,1.209738826166415,-3.2877226685318353,-1.6063377588679018,1.8414015395837064,8.832279454801588,4.419953510492299,-0.6977643090687007,-4.577477658117785,5.980358339892015,6.115226925578675,-1.7856841585590169,-3.642440134982402,3.2593412057484,3.569411680494788,2.713502879797196,6.086884864741812,0.7857595135358223,-1.3218001405336164,-3.5810972044894225,4.979099490628761,2.742663385751502,6.073464155575847,-0.6867692824213475,-1.3507641054060722,2.071403630135079,-2.6377838947867582,5.775838830694167,4.540164077487371,8.193493222944074,-1.8385552830092815,4.433333590202052,0.37200420998898454,-2.0324416201124267,-1.766901365753699,0.13110840277560554,-5.619208302711117,-4.167512611999908,6.354594267966161,2.87878878187337,4.673757767888564,8.08823992630807,-5.732131661096334,3.2560717513709783,0.8859878700889516,1.4842702100951664,-2.541955960509049,7.900615807100132,0.7007551919049465,2.3620087657287945,1.2412207467542349,6.019631718512172,-1.6447654704666197,3.300648035225949,8.85221378931542,-0.6171587262790215,-1.072071259889291,0.7734020174447183,2.4679257891949886,5.127923263016925,8.862686311009504,1.4070004777251228,7.254985513018332,7.7566546165488255,5.36537310009644,-4.212339216317538,6.956706077910954,6.37581474911136,4.374232157924733,7.505781572257091,-1.1173696051640485,-3.053909198438241,0.9646645452234351,6.6596652282329645,-2.2992109225779798,-6.8876041651703135,0.9798278097279921,-4.644851407873863,-3.651650411928249,5.287404069005926,4.525955253772852,-2.4271839546338567,8.734721310974464,4.853423955433371,-1.4525539224000732,4.07495701814903,4.204877679243944,-1.3817511538307146,10.612267669073422,-3.741190280091216,6.083350519991572,-0.7817703022034135,-6.311287310555735,-2.5057317267352177,-6.296800417839764,-2.2314165374783963,-3.0937358910071056,-6.768733565943956,3.9715980363397487,-3.3064841748502434,-7.6243603734075185,-5.033814237855834,-7.753555162991875,-6.243215578857726,1.9558615688442982,3.315685635772915,-5.153165286707817,2.5391504818891857,-1.9202624759045694,-3.909052238289472,3.3478847937934026,-7.225995705498642,-5.465131042592185,-5.22330603691024,-8.269702691086659,2.9565565338352244,-2.00407798642046,4.294745958866571,0.4471720901498802,-6.328835185865211,5.307853333983585,-1.4468578738023894,-4.806269523631284,3.894447396160151,8.84895856402032,-5.066211299674925,-2.7901711420418343,3.1071842519698056,-7.618506239511248,-0.5890375403756936,-5.48039345980317,4.049963681679493,-6.831165938292065,-3.6668303143719934,-2.2022474540206214,-8.117368723362437,-1.1977473605778908,-4.410722477363078,-3.9655290945279917,-6.440649863358822,-3.9218991937296575,-5.238140512747079,-1.1693361035308196,-5.837556626876842,-6.5833547338677745,-6.489904747816054,-6.497616527529089,-3.9977030875023063,-5.576876634572636,-8.301576058152252,-8.939098295183411,2.301213414546138
5.3824950461179375,6.889069679918227,4.7388055415196915,4.8682372850320155,3.294309960903774,0.46303196489574455,8.798924856244266,-4.362820676952327,-3.7337972713851615,2.5876974566292272,0.7016945789519877,10.375379495374672,5.314076369922071,9.02853596016568,8.315388639092745,0.01363234182468821,9.802876619663701,3.291631233854932,7.72590798076047,2.1818079581826657,3.199273788057224,10.908651394181797,8.698082057412082,6.0978913129988745,1.398981136473029,-0.5947224624123184,6.7315350666992915,-2.1592655193986228,0.9351742762859337,5.7123174204354985,3.8138987573914873,7.665700347075141,2.7361170461733666,7.647835847723471,8.181678991582865,5.9177918927037,-3.131241384872009,3.8242351610530143,7.853396738492745,3.1013387964924495,8.967160626738877,5.790461282446881,3.6672102284227175,3.906807512313557,5.413758995163449,6.562197504416754,5.3196122976105755,-0.8409107795116175,0.043694063213481016,0.8300342423930824,-3.178340804086079,-1.0291983153543478,0.9375067630352526,7.796113879810563,4.293398916572321,0.5416590189083001,-3.2772171175680334,5.256782281241514,5.273698517484228,-1.8118881350553815,-3.38997297900704,3.902767296616344,3.4074681043360044,2.984901542363867,6.127525694854349,0.7740894614292256,-1.0344518897033035,-3.5090109878468922,4.425789308500759,2.184308715565104,5.3724266396648535,-1.141087456088844,-1.4480628651294951,1.1548821113857772,-2.182653794188748,4.979295185161648,4.1593931863553255,7.79513326970124,-2.374177497021712,3.0388718867220015,0.03824030814712197,-1.4904677058227138,-1.6771633333673623,-0.6929489638232528,-4.833631938858922,-4.084482431609654,4.978930573140607,3.2235869970381943,4.324965606374506,7.748944473636908,-5.055357344261185,2.765298976587986,1.2223804812557826,1.5374367683320964,-2.2560402148791003,7.113909858216137,0.08411658137152292,3.0291576903746646,1.0983739202253666,5.313883470375245,-2.360931405952596,2.5084140471796177,7.21642851529945,-0.2260405880477717,-1.0750073234054827,0.0868422829591585,1.531507756464214,3.785568173409763,7.415301216194062,0.9940014195388861,6.10697782358786,6.410385243659982,5.159393152774955,-3.8021096704440613,6.019116844814148,5.671932193832719,3.088604335617036,6.042520165974713,-1.0740154605561525,-3.1472402290022177,0.7239245826203021,5.250247185136651,-1.950385579850831,-5.852205671823778,1.2587415698209719,-4.214088146107448,-3.2313701989294685,3.971899765472747,3.7711280321580345,-2.34370444283354,7.018149951740598,3.9204618144847867,-1.7987386182290834,3.3260266883364404,4.312900804719445,-1.7149601315412006,9.469845832304568,-3.315077204074034,5.488724059600329,-0.8344266673713172,-5.721107700139318,-2.106004894390785,-5.481825748619685,-2.532474651977572,-2.634329351643749,-5.92767076565799,4.257817317447264,-3.7731674319787727,-6.611911289404563,-4.80673451174258,-6.467479128497378,-5.29317722911098,2.051135124977429,2.355082104203057,-4.384053181223448,1.8298746723714892,-1.631014864630912,-3.338052545340481,3.487819567037159,-6.031066324509495,-4.7782185686997405,-4.23919034042139,-7.176951278759871,2.903948849322137,-1.5635859583070326,3.7198433149845322,0.1579291809324724,-5.515780832142719,4.3585642086478495,-2.1833065392442426,-4.255482779824226,3.4437184749317034,7.14801863186989,-4.319230506992591,-2.318408926705935,2.8389107112866605,-6.501885274993671,-0.6980624870826347,-4.455088099668691,3.767467619844277,-6.070142748353733,-3.269145577368468,-1.9334590443202875,-7.205900595424199,-1.1849244149011315,-3.8025200748855545,-3.4994359583111265,-5.558562958073833,-3.5622957678894456,-4.12351047927385,-1.502898030832662,-5.107037977461222,-5.63236932689246,-5.947796943841321,-5.767743751534141,-3.5408558242042907,-5.007648742470025,-7.26620874061811,-7.605981811834079,1.3863969092948554
5.445704313177564,6.262604899599329,4.720291454125885,4.15976065953581,3.0325436779354047,0.27104369926531174,8.06404906629908,-4.059670002823666,-3.368058331428831,2.18910645551479,0.4462188727309695,9.678551457513665,4.856652632585117,8.48335432431941,7.492947220737614,-0.12939801862085848,9.478527854089199,3.1040566542972003,7.215351584401163,2.4153073803452854,2.645227507625194,10.201924109735655,8.270533624514663,5.840949280785458,1.128529847549634,-0.9225937914660334,6.1847768066162505,-2.0169728739907637,0.7725523516948549,5.1154979386177954,3.7511960308289582,7.130783777470054,2.392746754968122,7.1142571019179375,7.43026120093017,5.446341772363414,-2.7782319021737374,3.474426150998115,7.030830323997964,2.9182443077299522,8.263213621681777,4.937798520103826,3.311953082307874,3.752547487262042,5.2740820460838576,5.897657862985244,4.812477114960036,-0.5266823697357499,-0.24497888920178792,0.7710244876289177,-2.9829045078428162,-1.1709265131656035,1.3691782863701278,7.446150621737596,3.782839112909633,0.058532694014675805,-3.337891895260261,4.713674127330723,4.768883056424494,-1.46962533812684,-2.989416361017875,3.3606320038002266,3.199466590163909,2.4742972311342823,5.517598944217795,0.5760120998086093,-1.1169000499340387,-3.003261206591568,4.157910957538033,1.9943929255212767,4.935411479368644,-1.019289637358335,-1.2305674999998395,1.5270405271101923,-2.0016870241620563,5.012957749903768,3.7618756543697502,7.155171452917966,-1.7941709969286463,3.308068612628352,-0.017873429273091927,-1.5125171105131539,-1.0369375146657815,-0.3332193868610551,-4.622500829657516,-3.6314525756882965,4.8223699466604675,2.9549643913478207,4.128131148086596,6.8588002736838165,-4.73360043844821,2.622812685361535,0.8467172523452694,1.311850715960845,-2.015946669057583,6.561959134907537,0.03312354500787493,2.4366889919333854,1.1048158219243724,5.030986372814003,-1.857352853363192,2.4584845115999316,6.88062422602835,-0.46259077349407646,-0.9225843281346309,0.1896788504215583,1.3740192056965774,3.8905070348151054,7.197252566553861,0.8512565226640232,5.862492942694021,6.221327843925711,4.66813432289414,-3.5269090029330785,5.525940684640867,5.420870394123433,3.1264088264282424,5.718796587840302,-0.7618939363292514,-2.9720968467072932,0.7876146771597653,4.783145936503881,-1.8486498782689122,-5.586080191074898,1.293943468277277,-3.960900575535505,-3.0417426132621492,3.851368460198198,3.3328112718372496,-2.2483853157677314,6.647621204296631,3.6537658640782453,-1.5953185613732184,3.0751369240174204,3.60042082907609,-1.5297033253179748,8.86621800164859,-2.877305493062033,4.7604355023634595,-0.7310557901835404,-5.20299696431234,-1.819055079851157,-4.980030964406979,-2.1621332405761877,-2.4542265648403654,-5.501899594362452,3.8576030357666053,-3.2112885096379244,-6.106634856230726,-4.415094384924925,-6.047902050225695,-5.070266713091183,1.8115522964172488,2.511744040095,-3.968019097713,1.8347326372055415,-1.4816166336345584,-3.169045213725943,3.243891052253313,-5.6991780325209875,-4.43225356217733,-4.082895193093268,-6.761706738527371,2.524972195252722,-1.5286037597750155,3.6130942903634264,0.6210286280007601,-5.0326278030414455,4.104043844444676,-1.8924885967774328,-3.7599986797976483,3.0940956315043695,6.821127793226747,-3.973170763178624,-2.368321565340085,2.6647105364060195,-6.28187974495487,-0.2489351303637667,-4.253509530278216,4.061789795932472,-5.589068558464736,-2.6665162959761424,-1.6749730940536487,-6.635911809762786,-0.8477201798290629,-3.306426732162458,-3.412749252520301,-5.299219289110023,-2.931059608730852,-3.942652590971743,-1.315067032892373,-4.677410905497688,-5.349768587064536,-5.450702196313371,-5.15556040263485,-3.3492400750457985,-4.740522805522259,-6.833511661796849,-7.10694567266491,1.520021123379578
5.449289511047931,7.596422196638878,5.067030800728907,5.070660886504928,3.212660617518027,0.5619593373237374,9.178225281958163,-4.780438044243633,-3.9465849843474277,2.475444347581215,0.6456240935607871,11.053283509280988,5.6897643327880925,9.59383378392822,8.899507397182633,-0.09351434001806394,10.34709557304228,3.5312062736398713,7.91401796253706,2.2975655282697507,3.3847575761035795,11.70794244064819,9.258922534682743,6.497267794601446,1.6444494578698394,-0.5690636191163081,7.348870319049564,-2.3076825179962173,1.0211253937366247,5.972574943412232,4.070538827594649,7.899384637463285,3.083710919809859,7.781525982552943,8.793389612708417,6.099798346432757,-3.34819613800493,4.391931687265501,8.499035842294113,3.1714814355099823,9.668248276953534,6.066035006338081,3.518376225588565,4.333143904038818,5.849118983642396,7.012562865078227,5.759589619515821,-0.7179637629484674,0.08135517670872007,0.9665737691513304,-3.267483628351149,-1.048087297190844,0.8989268694235719,8.128703883982233,4.455480085406665,0.48233219453226106,-3.5809581137548268,5.742859527730072,5.687557882722206,-2.02602577782858,-3.533258129000705,3.965929058646294,3.693425498835308,3.349477008084908,6.663567427572258,0.9386665014822179,-0.9647536516558682,-3.7412563074610574,4.661797301177998,2.651872892884027,5.832493981287487,-1.2022547487380129,-1.3559359333660763,1.1521116880615618,-2.3804462491813494,5.048947342604056,4.527526121536771,8.450504805892344,-2.3069795320689264,3.171808192812523,0.11960090239636526,-1.5782366657733753,-2.096820373598406,-0.688413884555748,-5.145970060791539,-4.290396191909051,5.477091869617811,3.3333056205719838,4.7656309597360265,8.326333998526318,-5.3353868024636215,3.220794690785041,1.4113373822126503,1.6165989767833153,-2.515756509996157,7.690372135807462,0.23937217723609586,3.2627901071309724,1.3184357769669255,5.565273804894013,-2.4486093226885517,2.6622769456761226,7.759589310035918,-0.23960494784792424,-1.079098620357968,0.13095691970939585,1.8502376916065926,4.062726181760588,7.90883526209708,1.2756260739868481,6.659195139705509,6.891966522733637,5.574672422384045,-3.99593639002225,6.499463289404793,6.181988510878489,3.2489045304382884,6.65485583758872,-1.3255234346552864,-3.1969705699361533,0.6165684515440844,5.830960754887708,-2.088067963661018,-6.347970076808481,1.3035929038612681,-4.454808167337432,-3.5441777501290432,4.221205507920158,4.275748931253807,-2.4600752665099157,7.617213866596081,4.35423277144427,-1.8222299425048918,3.620330204173252,4.746191258476688,-1.6168599668343244,10.122164590432956,-3.7169527587811175,6.027995048450429,-0.8086898121732177,-6.210816506472078,-2.369524883220501,-6.081424354642845,-2.4769187583935097,-2.989681387395027,-6.543465330324598,4.450056599792134,-3.911521946829767,-7.160868231114304,-5.159449101245257,-7.06221580222597,-5.5122333123311185,2.1731534415519067,2.5897157649908578,-4.845541993661916,1.9670115464479865,-1.696840733383602,-3.724288216003702,3.697672220937527,-6.644633075847783,-5.288273456320094,-4.732767632375071,-7.766214458326959,3.2263897261185615,-1.5532258891555852,4.060134925368278,0.09920493482298304,-5.977512040942004,4.906923171376537,-2.1961693016297645,-4.715248031115192,3.7578412810729365,7.717384583283704,-4.9422784651888625,-2.4859752258155745,2.7604096192722634,-7.03451307161837,-0.8614295313505143,-4.8238002903636845,3.741499524017796,-6.545187977090512,-3.7618345287107773,-2.0541060347498927,-7.826439515240802,-1.3371006055389874,-4.242199235180967,-3.775117340073599,-5.973256979893081,-3.960847501688967,-4.522069057710966,-1.5674674760870106,-5.568924943376289,-6.198120269672784,-6.39377122464091,-6.328808287687954,-3.6642287212408995,-5.463884308663376,-7.872995996264603,-8.291848835730889,1.7233389727255313
5.89412732915392,8.465725843351844,6.0393469760242295,4.397058520157543,2.494568121762231,0.09140551015620961,8.681755627092423,-4.969032220934843,-4.12823482079545,1.4175801242786843,-0.025642867285630165,11.43067867427773,5.359151757933512,10.20172093872799,9.003812068179101,-0.7388550522039478,11.416584580762233,4.51003939756723,7.406674123260506,2.8363730359751496,2.3653377104793583,12.551119376403015,10.203998858773486,6.982076403966709,1.9929929939302353,-1.2042466916567904,7.6951284152505135,-2.2639625162593604,1.4232701683052185,5.616965675895133,4.850293694172192,7.484569412079032,3.543283758726916,7.2025140159123575,9.277974150132065,5.49621005052022,-3.059346443574331,4.9422024633052635,9.056768271273555,2.838877085566955,10.330876096672545,5.143323759064939,2.742714030181431,5.624761957070949,7.179293719553679,7.174331821777441,6.126510397145629,-0.06229614972007427,-0.2568953631704515,1.2310492078868387,-3.178699949935105,-1.4591345025215399,1.8953923921544378,8.671082942768145,4.689637517037906,-0.8432436700770946,-4.76018126741341,6.512954576576989,6.550730984604848,-1.9526314094249895,-3.651997491609661,3.1978999115534057,4.152156350102918,3.3604565726868785,6.809010483815026,1.1634812316787138,-1.2511081336679024,-3.6801093168514707,5.16098159075083,3.483771025542638,6.615190625231333,-0.5476074869382638,-1.2207462089233707,1.9502901791574236,-2.6994603304547122,5.926518210317007,4.820118491496116,8.728743636232425,-1.679707841515657,4.269333489313873,0.7044987452985932,-1.868011343987824,-2.0256961819489367,-0.07481181296491639,-5.81184604801168,-4.329398060201418,6.83346923595453,3.16502244133458,5.04747344902286,8.540053066752572,-5.792310054520875,3.6959726758140294,1.1739230297118164,1.203417925092311,-2.3602529167780406,8.565397760823585,0.9240757725860502,2.4457100926584987,1.3543358816494377,5.682560485170263,-1.8043237359406965,3.547452215221839,9.026770520625783,-0.8290114546403036,-1.1977336235425353,0.556746075224144,2.8590180149830577,4.919950930082618,9.08197313971015,1.6254329942308936,7.475387191717116,7.819491435311895,5.248909942431067,-4.189857529734722,7.084472747221457,6.871308382424332,4.08971132800562,8.01327404038691,-1.1034982875223984,-3.037216619428134,0.7441126837723394,6.898579916285134,-2.3602282876943486,-7.278716164972326,0.7831700145329901,-4.974278379753771,-3.681959726915216,5.221095741773987,4.911385835171104,-2.1504205980185054,9.059369869616905,4.9746504176131765,-1.3611523926754554,4.388230995248811,4.683149506370355,-1.2395086278931005,11.067543094396818,-3.7964690834616714,6.324001405176053,-0.33707995077775393,-6.6105339767499975,-2.8654341321213703,-6.547451176317645,-2.2312270299519548,-3.1204943290397633,-7.063024819875969,3.9479873245391017,-3.203203036589311,-7.9505568397874695,-5.136625760993238,-8.0631704007325,-6.2649793887576,1.7855028347363493,3.7220561972663533,-5.405432866425062,2.469607514011969,-1.7463738506767013,-4.29972685219771,3.17631897896508,-7.841236758540785,-5.601645762146842,-5.550022607460756,-8.77185415957003,2.9830647876422822,-1.9615504117489975,4.352922493948112,0.5727368908018878,-6.593610594775481,5.891951448892967,-1.5070914068707753,-4.9471863074784554,3.973289564949461,8.96014978170941,-5.259356442539148,-2.946804258206963,2.8434426768762844,-7.978545857647407,-0.5604184301175713,-5.551516963350613,4.169907494565665,-7.205645244576832,-3.9816781615380137,-2.20712413706079,-8.675717852975426,-1.2271908871651,-4.69793704388723,-4.189032940250059,-6.50542203106993,-4.229514591436605,-5.5902862100437245,-1.2957814508752552,-6.132327194543376,-6.868177244451125,-6.829284071642748,-6.868795872233111,-3.9675120056299127,-5.969588624799484,-8.823282945612158,-9.391017736105677,2.7284647421541766
5.771475971593405,7.901709212384121,5.577372953673787,4.619669138324864,2.9854546930448334,0.2921333082019943,9.034940466501565,-4.774002561332352,-3.9908355090678844,2.018346921166513,0.15415219484306306,11.147212733345748,5.447617802414149,10.038040442059314,8.94580076672567,-0.5833626327027296,10.90187980671765,4.013438034226165,7.821404947639656,2.5144718499153216,2.8995657047380607,12.084808492630893,9.796449854463175,6.633556117751036,1.6469276750261967,-1.0164104594246712,7.430973639301412,-2.3667592723063016,1.2803179205321973,5.892449226864997,4.445541413203697,7.808006278917908,3.0643816766725775,7.583867752188753,8.837302521888864,5.777597929714796,-3.3850249944347066,4.341599102620536,8.55822137424105,3.0103403782596008,10.103576749850136,5.6397309242759475,3.3541791930389846,4.712518318531569,6.380362792493851,7.1218224100169865,6.077918537390495,-0.4455098585070494,0.11808401723041453,1.2043303129784075,-3.1539541504349677,-1.2739716641101375,1.312266188020867,8.459894304065221,4.503997204595932,-0.14710156138008507,-3.9891030120967645,5.98172152783828,5.9878778269366535,-1.9306081237495099,-3.66522772294317,3.5578493026262246,3.5886277910860573,2.990638302581788,6.465683379642246,0.952153859894148,-1.1818258142807208,-3.6614750857399536,4.936028560718853,2.780474898648755,6.067410525212472,-0.8739310732880903,-1.2667522898735306,1.5946285425578006,-2.519897105489787,5.4013270322684175,4.3792020424341604,8.348886704177868,-2.051649683116623,3.7612616589454144,0.19701135340615883,-1.7792409276259467,-2.2529498440511206,-0.2224221478547554,-5.371001165010215,-4.29075505440528,5.955201241260619,3.2451210622007105,4.776394616210114,8.335280409841134,-5.500526863819742,3.337998100533503,1.1654489629812186,1.4643360864760042,-2.483292849440786,7.873904562562311,0.2504329878882522,2.661142460502027,1.220330440915768,5.737698002129079,-2.1254856207765336,3.0407836164124253,8.35087854301526,-0.5239427857667135,-1.046677633355011,0.379617714722815,2.2568067313452382,4.496655853285025,8.355571842066444,1.4285959110882305,6.956411065465288,7.291737500844349,5.4171466917282425,-4.229757509822527,6.882354138396003,6.331242679364935,3.861990321886884,7.199816417250354,-1.2990793460089616,-3.1879204577736324,0.8239753984452117,6.438322767264552,-2.2217142361080655,-6.528104090112494,1.0979022999790689,-4.638055534541422,-3.657407399892426,4.818242400396086,4.53158365034319,-2.3943679763485473,8.311711143070417,4.56264884003251,-1.6307770899858898,3.9994790358456145,4.50827117528294,-1.4020785693192401,10.365738402195582,-3.8521797430015474,6.110030937734624,-0.9321104071404942,-6.365175572459337,-2.47234381024788,-6.22246181430368,-2.3985309263575063,-3.015711258652428,-6.860181448853273,4.22120104937043,-3.582142436736243,-7.414514921396426,-5.160587786694395,-7.357437003867043,-5.979503434064823,2.071438286012795,3.0312263846679413,-5.074015664355782,2.2223210688179753,-1.807262073730221,-3.8519631133191368,3.4572308415917523,-6.928321237122696,-5.408165672684443,-4.887632922635222,-8.057892067253498,3.102882851673724,-1.7586438905597452,4.264537116298393,0.13917998794638534,-6.187860961941609,5.151149367566941,-1.7215193496117331,-5.027882671371586,3.6980371231336315,8.381106657347612,-5.107981354990946,-2.6333810400697284,2.947016443820357,-7.250544732628719,-0.6054715380206166,-5.03823517417591,3.758832574070647,-6.8484667842811024,-3.8866074740546908,-2.0993451011951625,-7.9791204498450385,-1.0673329286501383,-4.45456492984474,-3.877401717076024,-6.2845267307510975,-4.00740522074496,-4.8638455552655255,-1.274156629596568,-5.857966169453967,-6.525770329018008,-6.636068902661802,-6.72763716849709,-3.8839583277307197,-5.50896348644743,-8.133449029002982,-8.615783745108732,2.05742451115016
5.586948102746213,7.504854797946689,5.109487252895902,5.168507862202335,3.210749203892527,0.6419560620553914,9.00813936465779,-4.572761503655599,-3.9590955199420423,2.5379856768421307,0.8630602750796378,10.988362431398627,5.611304126346953,9.524718198776998,8.643726874207877,0.19289023815468004,10.385026637977756,3.5228269048108927,7.99768277896687,2.4928165012432393,3.3303192092090943,11.582118828247356,9.194104148021369,6.561408503064463,1.638185060874061,-0.7166198147179693,7.233609823058624,-2.4508477658265866,1.0454876259921737,5.982554469847212,4.097469632496853,7.911846209622422,3.21523148739579,7.786183435834563,8.74895081583715,6.190508705920558,-3.2123409617476906,4.4133292927967345,8.420307616285948,3.194839360966481,9.511432700960524,5.883156865476831,3.5746499848172903,4.3884698364950765,5.917748399606419,6.7958739049754975,5.459597165765557,-0.7540708413245127,-0.28523755882374324,0.8926991888388773,-3.5265888361799167,-1.184200842446513,0.9863846846867798,8.158887934587865,4.594996662068431,0.43489552396625786,-3.6674744477036003,5.545419092952206,5.596538772976138,-2.080788074166456,-3.569889481462802,4.086238672539693,3.908812559861625,3.2925708683633776,6.75297153598991,0.8169311936024521,-1.067192805219492,-3.6545148292447296,4.814398163089355,2.7250166977844756,5.845225907045658,-1.1753383908206199,-1.3690085842769861,1.3041465685680425,-2.3984651117284117,5.468123790741468,4.573598751568801,8.36284860609042,-2.3663212591633003,3.2680326628605787,0.19520396971832477,-1.6307312691955347,-1.7425484609865847,-0.6712717956215786,-5.19933794837291,-4.430355428046126,5.415713572043853,3.470976513034613,4.840025730363517,8.084836597418228,-5.438242474142967,3.1533155978257246,1.4170877953614764,1.4719642226741865,-2.2916141489059485,7.594943687737121,0.12754033473655405,3.2491908565981698,1.220075849733622,5.535534280110849,-2.4856319839983243,2.7267617299908293,7.742087466737202,-0.2516166499600949,-1.1182440088639871,0.16128185652620594,1.7331832003792502,4.1145559061571255,7.9320008246708715,1.1028870975293612,6.607664475867127,6.931362629817316,5.39346129281595,-4.132526891175977,6.344621480669344,6.098681718154873,3.2421340101403207,6.620580448391545,-1.0944664252192997,-3.3958059526349684,0.4869008762911859,5.603024771889377,-2.0554953443107857,-6.314496474919916,1.5497043539262412,-4.497080159725153,-3.5524394871930314,4.220930444758813,3.9669242294787637,-2.497363952475361,7.541193313364448,4.178081269159681,-1.7906745039163763,3.585086112140983,4.693041949752995,-1.6721872860415916,10.090716174122226,-3.484587277650982,5.665455942600237,-0.738402526853422,-6.186808700565899,-2.1340930921880936,-5.927585020759906,-2.251929790848165,-2.7030456236192184,-6.343757060047994,4.289867572936268,-3.846332763691583,-7.112452467550152,-5.262286795665918,-7.067180398537364,-5.5275289162567605,1.936829787203351,2.71946846551228,-4.692243081966387,1.851992557148376,-1.6328202093315503,-3.6270515330171356,3.638131190151962,-6.702565904558848,-5.073019742343137,-4.697320553202662,-7.773557743139944,3.0793036678659598,-1.7482750489929169,3.9781534918722294,0.3859771386175482,-5.8568453508350995,4.784104947438231,-2.228793161475058,-4.493237723452064,3.6556572679137864,7.598470991489479,-4.643064527079475,-2.5394800192927915,2.81616021523545,-7.001934654927689,-0.7351581148146141,-4.780904021942452,4.096185141386444,-6.452951676126841,-3.4964775207624954,-1.9607731795554122,-7.890512941982812,-1.1886258953073179,-4.168937746097457,-3.8017094316083138,-5.947783620848781,-3.825289998313336,-4.465041059233905,-1.765802248494194,-5.4145622450893445,-6.047267816952066,-6.3796801389970685,-6.207349156600792,-3.7886278839448067,-5.45319585404104,-7.900872196396087,-8.245432866801202,1.7565148098456616
5.762729647160803,7.476601827950397,5.14461926822723,4.885291816736742,3.2044070126235447,0.4326906517567867,8.991230111224093,-4.691123956850064,-3.9404875175571528,2.3547875069815998,0.6313084684863791,11.104165641857955,5.589348571592134,9.6719879460238,8.806824906663271,-0.054761952985498054,10.475128437059032,3.6264291955242474,7.8493338408813,2.417824778727866,3.095408227100273,11.566847329058312,9.3538231486204,6.441029520547593,1.6027805915353837,-0.787779353501676,7.34894974690141,-2.340480695519563,1.0140612307847434,5.992082864016412,4.270185644196113,7.831698979857121,2.980178566692721,7.775964659093432,8.727892885942188,6.193733585088214,-3.3122957315638666,4.2660902878786455,8.339271966353898,3.145877491960929,9.590643796964041,5.840179254433973,3.4992696182004916,4.375823404836181,5.917941249186764,6.880765284917068,5.675339403514971,-0.5791282334857519,-0.09639371599815731,0.9930495207864153,-3.3364260100191436,-1.36288278892034,1.103352939644288,8.18627755268171,4.585792758095098,0.29675856677911144,-3.6365121262494013,5.742348718556988,5.684682711629541,-1.9173604495013195,-3.500641370050304,3.8016291835410203,3.714062512449821,3.2445473694738256,6.654341565025027,0.8754437092631436,-1.1534368907370025,-3.4735742319344833,4.758120310208386,2.6118816578819857,5.864893736500894,-1.0552624151461514,-1.2526576880004787,1.3423322334170549,-2.398124064218646,5.384944395725195,4.325940205670574,8.405324713355219,-2.1819091050267625,3.3742837001048427,0.09692547509927354,-1.712511634815216,-1.7969337486100503,-0.6350010468676165,-5.163672117069537,-4.361575082169841,5.539237372898129,3.46639332299302,4.812638023752576,8.136147283969475,-5.447046071036531,3.1690996909733347,1.3830848951618067,1.4210082042259096,-2.2520194490498024,7.655498049429469,0.11791294049617512,2.9577454012445403,1.2101789099886686,5.462609639682293,-2.4573838566165893,2.7811406617541015,7.786023191023117,-0.3222677148023896,-1.018253307767396,0.06704900056664566,1.689681651035463,4.113235549296216,8.03535520772326,1.171583801630473,6.63648608006578,6.9297803403434175,5.290242665520362,-3.9888472684262273,6.456445385918734,6.248216681647091,3.3185961064544274,6.719235907535302,-1.1053711124645837,-3.3732305759177876,0.7228443193887721,5.768918020740303,-2.171762223459124,-6.338020546346162,1.3901906667304331,-4.5555549531249735,-3.4410288244489693,4.323753215018722,4.090009645911717,-2.468729198697382,7.6564613211726655,4.1382871390614255,-1.7794920299733212,3.606681367326301,4.4588599112008644,-1.7077326846493543,10.118723413701895,-3.5128583144847094,5.722780387921753,-0.8032583722307519,-6.1642381206724295,-2.3604457426650143,-5.949983404946513,-2.3485844051053757,-2.9023686085508786,-6.440239871727578,4.297787715968966,-3.6938703015652856,-7.218582126029202,-5.147795476537558,-7.004201702342971,-5.699502663731767,2.0033284095208086,2.8789830329943626,-4.710358931075677,1.8929152278997843,-1.6374437034886875,-3.702956061028503,3.510800457282523,-6.598862051200977,-5.135847714647996,-4.653601030403228,-7.810438251311928,2.943641236280116,-1.526976899735888,4.058680759752773,0.35437040480847953,-5.9295824152772925,4.779320807138354,-2.1784259915793407,-4.58862451220079,3.5513710081689753,7.7394110849349085,-4.717016906299905,-2.4548618947146976,2.803338389002108,-6.992647211636744,-0.49860639702308684,-4.899813315837992,4.075350164514054,-6.635727607366317,-3.532198292309355,-1.8789257946146052,-7.799448333228611,-1.1071059728714576,-4.086569093034377,-3.8077010656265164,-6.084325394093524,-3.7816703867283312,-4.542315530601898,-1.5008536651604734,-5.521188563596922,-6.139282962831747,-6.348075171204637,-6.274001627529575,-3.7369223905330373,-5.477999080414767,-7.912321796277001,-8.22297501449783,1.8503725163805689
5.5922159395332205,7.020223843515669,4.827542357333721,5.102868964807053,3.4968202125650127,0.49368900745599903,9.309997655288504,-4.646465262377359,-3.8032649056126036,2.8777164892233116,0.7895196981826778,10.932290630866198,5.715393088400266,9.395552646656594,8.668888208868887,0.07945927923497938,10.14510252148025,3.3327056334974947,8.253806850453223,2.2970097358726873,3.473251996089918,11.331630839063031,9.003256973823305,6.386060969399609,1.4212184153131666,-0.4806162654719748,7.091710811508936,-2.3136880235571833,0.9859723230835703,6.0330876917856955,3.937152052811251,8.18428868184768,2.6622222772223356,8.121076770127964,8.510872141908996,6.3268262050909465,-3.380230862482315,3.9146894534157255,8.016558047267269,3.3278506480824954,9.363012886496312,6.145802709376266,3.977069759988291,3.798445906684183,5.408153638980633,6.824032129368513,5.474806435529619,-1.0037062007215214,-0.030650692865451207,0.8810010609995007,-3.596624713424908,-1.2153878667385745,0.8035133537413339,8.067731536235893,4.550096558139598,0.8151727059293855,-3.2223687177247315,5.355560008726259,5.352990759458862,-1.9716458792254308,-3.463464005471902,4.159466681664662,3.3677284991300316,3.0585666077809623,6.320026980637431,0.6872260707636921,-1.128221766665244,-3.5134903832700872,4.467985254866542,2.1562150171094983,5.543198242130093,-1.4294978721612632,-1.2810823281633046,1.0709168063993284,-2.2819154723556343,5.1509505784488745,4.277555134483923,8.127313697700053,-2.594241386056541,3.0470639485988427,-0.022051409914613424,-1.718740233460177,-1.7169697340388428,-0.9304760805548209,-4.919180840840753,-4.507004812775048,5.026402928291737,3.343522370909441,4.572492019754741,7.97496233591892,-5.361535282031594,2.929441580903826,1.3446974379723844,1.7866057270590985,-2.388683322815879,7.230501461559131,-0.12870434551492185,3.208053703922094,1.116226746165653,5.575953895616008,-2.732761524401095,2.427987547910198,7.375063256998927,-0.029478916889063685,-1.0096966334708048,-0.033411856332650834,1.3678616213653902,3.945605020049679,7.608143064721208,0.893740665031265,6.340116540999834,6.693594449851078,5.480539854587207,-4.027734122321613,6.229790030142649,5.908665006934062,3.1182894456616,6.11656823700326,-1.162454660949181,-3.4440655969918987,0.683092688559153,5.289553870549292,-2.043903657148591,-5.9049055197606855,1.7066500558644333,-4.328764404175806,-3.4582829907717527,4.024657094903878,3.7528212968595573,-2.792028621985532,7.114969887019492,4.000070020918349,-2.042436340937965,3.324585242139905,4.322507187573698,-1.8004565806544421,9.76847123397713,-3.411581186133466,5.659429263337573,-1.0917362998104692,-5.993256534468016,-1.9596091958501884,-5.692656998076179,-2.4402088380036444,-2.725130298216054,-6.086720642155024,4.496843530101551,-3.965177391475893,-6.78636885937862,-5.2336898140392565,-6.618428236043051,-5.524218893139222,2.2182598145458985,2.233740904352739,-4.5224383446366465,1.8331029617138546,-1.5972193221268765,-3.3459587191102447,3.674669795671099,-6.073514550159107,-4.971362615706134,-4.271502046256465,-7.379350435389773,3.050456886354763,-1.553980815851571,3.9605335664410726,0.2098307818445814,-5.7070749879771325,4.346668917990961,-2.321931344203621,-4.4061522641167485,3.6208638444554038,7.2844539358884255,-4.5401472148002044,-2.2829477658619575,2.9061610320517124,-6.5621169112988555,-0.6763666634306875,-4.511667073073105,3.9536844982364108,-6.154462231809095,-3.3946399910379124,-1.8770853313052438,-7.444490028223423,-0.9934456768764304,-3.8443072719200853,-3.5979721522004136,-5.750027377195225,-3.617948148536362,-4.099170272324622,-1.6074031793986832,-5.150767194447869,-5.762415632321235,-6.173191123461299,-5.952561283380203,-3.9284765162895114,-5.162172983077541,-7.53405740940836,-7.7518420115520055,1.3697387408235175
5.83368112186945,7.526488765167752,5.0482072201845085,4.81866365722249,3.3120937130099044,0.5031211210374303,8.95198954703129,-4.701571110660538,-3.9014716449994826,2.277379065630575,0.5597790048274209,10.901339512202071,5.354303117175662,9.730624187409482,8.857643875403737,-0.07203171009327498,10.386915776396265,3.665169518872383,7.845704443428251,2.3061118134485503,2.94931683040537,11.537094477934946,9.329138257830776,6.38690087419534,1.5976844078233954,-0.7701292065425781,7.300595466577065,-2.118544317318175,1.1153575690990418,6.07490565778034,4.128853060108471,7.770595610917948,2.8796707300603344,7.687479022585106,8.617414325350612,6.049650325403847,-3.23619762412131,4.131958570199211,8.358834171847484,3.15705024228037,9.674033943128567,5.833526010698716,3.6725928907800607,4.220230384306789,5.802045232983443,6.943785273656249,5.8906514549370055,-0.6560523250700351,0.036844386807536156,1.196098717632203,-3.1773710115908855,-1.1815383778100894,0.9664653232910815,8.15326109296264,4.607900969210501,0.24506060395247437,-3.5741637737396235,5.62544057748825,5.6959435671671335,-2.0149320605298198,-3.567552415525968,3.7473065419028484,3.4756891101338754,3.18611141480705,6.430969617489282,0.8728442759439266,-1.3601027747569396,-3.399852667441853,4.9308145659180695,2.519244075022304,5.748185482316911,-1.0058304805574607,-1.145271250575854,1.354082801353487,-2.3125299545059854,5.352476275639448,4.501928590716551,8.14173276498606,-2.226188062766297,3.4355543733438796,0.14699351116324857,-1.7277870798316903,-2.047746675547667,-0.5549569655123168,-5.060364833178138,-4.39947161475972,5.350544714017707,3.571238662493712,4.7070943982866815,8.00580086459992,-5.4442469331502865,3.1065559290830866,1.1231724619657457,1.4557837200433774,-2.3848291956366263,7.516029740093425,0.14929983531433003,2.76035440490662,1.0358000907103853,5.462061036688126,-2.3646188436468587,2.741758672917991,7.855195740125858,-0.406390172653714,-0.845033523167281,0.021883429912430967,1.9821451957697915,4.080946493614857,7.887040483597093,1.3401332707753943,6.428231995029813,6.772945573176962,5.175117287105283,-3.9808887342373347,6.42565878065631,6.105503642560784,3.4055144993299793,6.6161301766211595,-1.3898164848120327,-3.223021232503505,0.8379987099760804,5.908747563711147,-2.055240879107698,-6.2821305891537484,1.2723886002925204,-4.5463269939370505,-3.381445631883956,4.36936318271563,4.012482934652415,-2.4239411860361555,7.65042114207046,4.0997667886648825,-1.6426857320420938,3.6565535811631933,4.366567782529484,-1.6121521547803044,9.90341119554682,-3.7264947202537915,5.825496499842321,-0.920398706694345,-6.013197046954819,-2.311423030937039,-6.125933868594345,-2.5593776222281437,-2.7816454223261426,-6.486483060305134,4.287698921184923,-3.660047229477152,-7.0905334015601795,-5.070270417996251,-6.964761137406323,-5.871672839790925,2.2048444818424215,2.884702447939747,-4.62355130494231,1.8402728087825817,-1.8491912096671266,-3.627528126532384,3.4251032561913872,-6.517717318496577,-5.140406698851776,-4.556759790629582,-7.742966440853096,2.7164295411981128,-1.533650556610733,4.2391612927342415,0.18030924740102297,-5.915869197649846,4.8361851136421885,-2.043811819716509,-4.52854667736359,3.472905196863511,7.757704307343943,-4.716414728012914,-2.180901296529875,3.0287566654660196,-7.013181226957784,-0.8058797574231994,-4.852141148121876,3.8954041022061108,-6.535646795633393,-3.6482202608025966,-1.8687655059839021,-7.73743246215133,-1.229742658455162,-4.018653758080166,-3.7124131645313194,-5.8569933354852965,-3.9095743876593327,-4.426871328706404,-1.259317517199567,-5.577384358858284,-5.893645398802061,-6.46216731709413,-6.165423415531827,-3.8375503709340997,-5.473210524692669,-7.752683216260212,-8.189580361808343,1.8464109133457867
5.0568849157177995,6.943102319918432,4.25638554853844,5.223483924781687,3.391828301430607,0.611157505839699,8.844399462419956,-4.337047440641054,-3.8093134913761326,2.780914676858157,1.088114933173297,10.272568001917973,5.282243032251188,8.671140868379673,8.482245023730027,0.42291325889579806,9.265044778972957,2.9197397101696705,7.674983601974314,1.6959875736312386,3.460617373987763,10.638924656806552,8.259568748810528,5.784352428671405,1.4821186066526502,-0.25241108544449664,6.64697093194311,-2.076299133289527,0.7961737163552123,5.943583472519686,3.4351183140109134,7.678652686344898,2.814528690704933,7.770373499499003,8.37412819865923,6.042021816350058,-3.1709459311284127,3.8488625501281506,8.068149330073087,3.0457932869640336,8.928781428470913,6.249318553076515,3.7600915767590046,3.6014311099519873,5.053959298551756,6.785527839144181,5.400676372856064,-0.9744711734286168,0.15794449193634666,0.804421140886953,-3.199953049772747,-0.8870756874385164,0.47681350441485293,7.54878531543264,4.431990608627572,1.0103479795422468,-2.7710252168397864,5.117212534246631,5.298813908986161,-1.8467251174874348,-3.3596957852084506,4.233215173883112,3.5021183319508373,3.189055985947147,6.26144790041449,0.6978057179225357,-1.1217605563272632,-3.483612294972432,4.29330863692844,2.207045584745596,5.233288163256365,-1.2763045663349772,-1.2528534364687045,0.7748333600697905,-2.1738339233427233,4.684795569158856,4.213540727880844,7.833472439836079,-2.453883019167746,2.560413312058504,0.07213406623583633,-1.4093618913336565,-1.8629730013321788,-1.0305418138367761,-4.394107535718844,-4.354330101262958,4.627327359281241,3.1772851712020542,4.11060759560463,7.870591287208562,-4.893505775424492,2.718553122603485,1.5216398584832624,1.5213387614304354,-2.2239869861879002,7.0703303610939665,-0.0452026911052636,3.3465968667657777,1.065811410839567,4.92022720228739,-2.6749234362891063,2.148047054147163,6.893735521445094,-0.09813086346171401,-1.200574234716429,-0.21214413054956627,1.3672103668064326,3.2204826973528315,6.914614043462978,0.8504472464667785,5.70552657551338,5.929320803724152,5.119551327364241,-3.754486570570623,5.740108795251752,5.485518749706413,2.6411416627892192,5.756803036270547,-1.202084494264683,-3.01551963637838,0.6405472831377503,5.022768426757052,-1.9505223543712762,-5.664012628187447,1.5365893743913517,-4.159362164312901,-3.1766514237721113,3.5847496198050695,3.790581747059579,-2.3046328637783557,6.631161162111839,3.7024987378240555,-1.980911190472225,3.074533956178739,4.599705268362299,-1.6545885616953246,9.246711936051055,-3.231796195082236,5.543451076074744,-0.9390978590511543,-5.6665313138203155,-2.107746126446633,-5.3896666262073465,-2.445840249865435,-2.572319605003275,-5.8328037194428335,4.4280709762412105,-3.802440820043109,-6.408554829034248,-4.872758383227529,-6.172365052102164,-4.885008897796055,2.0226144423582406,1.9328943137463557,-4.461925276457285,1.5049400933458406,-1.582491458913529,-3.215229683622666,3.4362073979985053,-5.7922130506510765,-4.6685861132127995,-3.9847436605818265,-6.8274999055097325,2.8447005075613623,-1.5093699245797711,3.8096771876877544,-0.11698396730868632,-5.343499837301558,4.2917368707953525,-2.3114233860592606,-4.276321190532039,3.546257729439318,6.791542208213377,-4.328960614703088,-2.070188450264573,2.798063635503991,-6.2282563224978515,-1.0026331697445092,-4.116759243039811,3.6168805603600154,-5.80177197141378,-3.398818224163128,-1.6556794691092847,-7.106768917170662,-1.094504080689914,-3.8152020136345555,-3.3566393837145907,-5.360563098271438,-3.7512301026125665,-3.789443952103494,-1.6789660207522676,-4.914250432655487,-5.386951423951052,-5.857374362811093,-5.725056588013099,-3.519137642941159,-4.948885218359402,-7.054320267094032,-7.278990937515918,1.0063987836089958
5.863279730636916,7.986960947851178,5.930750792787237,4.384156708312392,2.7703001583067266,0.029466327699922305,8.810070824745337,-4.878816022882628,-3.9459607008164097,1.6728529083147996,-0.043135406748920434,11.062885587388452,5.286780615622048,9.982782734755279,8.688644970081771,-0.8054801579800777,11.198513909913173,4.286552644025433,7.624451425368549,2.913017095210579,2.6029826117319903,12.24034027844694,9.955598001868449,6.864457909912183,1.6998801627848665,-1.027227570617719,7.267073908015687,-2.274877635234247,1.3810448095890602,5.481937929234902,4.632943320597542,7.6791771045934905,3.1887248643067703,7.355499667270126,8.756980984362563,5.440728255906351,-3.1005381603731603,4.460618024328888,8.528213009405674,2.936902759505728,10.08743336302847,5.148660129001187,3.070424947914442,5.04798068360828,6.8410899767255815,6.9536772503572655,5.966249153557108,-0.37122709325181796,-0.0075587426329115585,1.095487325821794,-3.0903541177334803,-1.5135515003194364,1.7596228614134743,8.638530043066924,4.390054675136409,-0.5810168109831197,-4.522608031598764,6.085925761515566,6.071138209189117,-1.7926975076441523,-3.4779365522305286,3.325651500743,3.7355359012836247,3.0079866838312075,6.333996799316359,1.0209262694789016,-1.2262014464260564,-3.551404211343746,4.859540456107257,2.9603190726338227,6.106120344709059,-0.7126573052741145,-1.2804522912763425,1.8881993095736662,-2.670010734507766,5.68934578660072,4.622547885065699,8.35131916613816,-1.9397933227063133,4.154431197334701,0.435177865096057,-1.8954631710238365,-1.9055380538517779,-0.04916878953774905,-5.6227912282858155,-4.094153154055138,6.314669996388385,2.939990575530381,4.717769731051407,8.308135134698777,-5.482187044753188,3.318821611348258,0.9708547757203073,1.3257776256921092,-2.6021782456599203,7.995838810050166,0.7140308516460226,2.5121951060216667,1.333441731689874,5.866064108231098,-1.803790347778713,3.263340860052843,8.670151802471164,-0.6999363949268971,-1.159744077307494,0.6797329082556085,2.467377759886628,4.906766610579045,8.709618969069162,1.3223025810063374,7.282953141961406,7.62491033558657,5.371275294874124,-4.043464108934077,6.937614512602538,6.542385248975725,4.163840148569407,7.427197759899637,-1.1001738915844996,-2.982125589615246,0.8560432638884415,6.537241701209216,-2.379086313206808,-6.914426541546532,0.9637478415946573,-4.692257586264487,-3.662973725726121,5.097950760567359,4.586438515126454,-2.283709450444606,8.625252590630305,4.811846549368917,-1.4046465945106241,4.159518765205177,4.479367902357721,-1.4158883949723944,10.56176513053399,-3.8049190653184413,6.1321199285084695,-0.6644184284196585,-6.428784286513622,-2.59780119125803,-6.287087643192569,-2.2117693397869256,-3.1532277357699834,-6.775079239487925,3.9897073342888496,-3.45415630250221,-7.632660932849914,-5.0402084588928515,-7.671013249386807,-5.965906775856123,1.9752531637803894,3.2483802382523956,-5.173582716750991,2.4857059050602417,-1.9208652833773077,-3.880152473557032,3.394922793220552,-7.277682083987615,-5.50454373059031,-5.274046929790093,-8.364285302158487,3.078638101584554,-1.9276117598242126,4.241641580158004,0.44706770572595583,-6.300818527510816,5.334109640347655,-1.6011509243502464,-4.756227607671787,3.8531746961223345,8.674418784611431,-5.212754884605993,-2.7997200633287695,2.896553693807439,-7.712775173859373,-0.6318990494754337,-5.409104267936878,3.9383483703816045,-6.872907332647702,-3.7732572360825785,-2.288198696404986,-8.24679423406656,-1.1712352639376358,-4.390755816809181,-4.057319057336648,-6.247979801512518,-3.9410611445593258,-5.255746110237868,-1.2123419766631598,-6.00196777376033,-6.609091985786923,-6.518537476796601,-6.480840469785506,-3.8660209516360835,-5.661623432990458,-8.299980921392162,-8.879259986552158,2.321683401983332
5.47719330654363,7.52275430410269,4.8743046481277625,4.91304039520514,2.946325615180682,0.4812586222358855,8.964523088728823,-4.820285688911437,-3.8729328190662744,2.471220119609225,0.6347649425762046,11.199515210970116,5.927582032743513,9.446473942150604,8.765600885711486,-0.08996075270975033,10.367551587966279,3.5455812834634686,7.908757780900588,2.4645534590668223,3.340026667279081,11.612263627261747,9.245464949061054,6.639427369737322,1.6320748476940592,-0.6404209978378855,7.547009778199353,-2.259948703795159,0.9841609595951585,5.827556035116718,4.240627151111782,7.790766163814925,2.8599365224425872,7.675654447611389,8.85386771940809,6.164893818944401,-3.3922176386618106,4.504577500380007,8.337219596193023,3.119979500100885,9.401252799291933,5.944577732480382,3.42309021784374,4.5689990664032525,5.638704040212473,6.806955787991657,5.4871392998335144,-0.663981952670801,-0.3018834811088022,1.0476318991591589,-3.450571681918095,-1.0907578794659585,0.9985284266906671,7.9926318436420045,4.663726887144871,0.48154177441745544,-3.637963008399797,5.863845047254973,5.6745694416989325,-2.25210105477272,-3.4854566398771083,3.8338700823240015,3.7170425725801777,3.4602464859651727,6.751664466092324,0.9734043014746291,-0.8550747198877406,-3.6081150759423624,4.549012952443197,2.7149491640828365,6.115401472831209,-0.926505921512801,-1.1298234343935718,1.0741472295281564,-2.3460777792034,5.3142878454594795,4.610764066934801,8.573067539283429,-2.349248269015529,3.0085569856887058,0.2336997890064742,-1.8034816411622754,-1.6487052708132346,-0.7522856732531834,-5.204748801912305,-4.426276139918218,5.624709062599964,3.4004784753940984,5.00410076730283,8.177469750931083,-5.4619154752676025,3.359631814052379,1.5892397959257945,1.746696743262002,-2.2155460165962695,7.693454665362111,0.36403762681342877,3.2226270283741214,1.2687952595947998,5.541963829554907,-2.69149225734297,2.6685275156489183,7.6696775318739965,-0.11253009397582941,-1.1841308905221386,-0.03494007776464492,1.8425064935245288,4.133041829694158,7.979794579230257,1.227133681571942,6.856258821254205,7.1189772222537115,5.602578605303473,-3.9585649082815846,6.630643927531878,6.386668874934317,3.060107863571206,6.667106808065293,-1.0370722338009544,-3.2574318176062507,0.6165205836926508,5.594143514496569,-2.1822549699784317,-6.4056390474331,1.2268262290671132,-4.639977755488056,-3.404418413338382,3.9782179590784064,4.1997192581884315,-2.4342144759847018,7.538624810432741,4.320117617879024,-1.6710826479007472,3.8326822239470713,4.5038160100706515,-1.6718725559397385,10.241836750085978,-3.483398966104295,5.808459181617424,-0.771372617271153,-6.362606833665068,-2.1977020581392184,-6.015781591448985,-2.5841687350087135,-2.757907140439747,-6.2607639446570555,4.387813427541661,-3.886702719819379,-7.304230540625841,-5.022417858094275,-7.097576309644465,-5.638279540528797,1.9910805296125467,2.6163321903592456,-4.735423819594445,1.9548942148685953,-1.473222343062418,-3.688269919925307,3.562905858340222,-6.589665637943014,-5.100010752909216,-4.75678679680103,-7.803750225974367,3.2301845308480104,-1.6087945710542872,4.07457498873454,0.5482454009967327,-5.890538591385962,4.835836019035334,-2.2103598880244832,-4.587862146207604,3.8030684535154964,7.512831927435285,-4.594888046180034,-2.3082480081061676,2.5591617361912173,-6.935432175807565,-0.6909395920921362,-4.779794898595961,4.089362585797608,-6.547994107116483,-3.5907105846374363,-1.900351809228513,-7.945011792656383,-1.0724413939025554,-4.226220699221814,-3.948280073714794,-6.020522305039056,-3.889097287921568,-4.5388271593787985,-1.8472611934680696,-5.461947503815572,-5.9516286736424435,-6.382711987919614,-6.463604796229985,-3.8300990103645898,-5.455982035556912,-7.987611045923763,-8.308134672227158,1.7211352480795352
6.182330588521788,7.301810764156604,5.801293528755891,4.3816644530506395,2.8470326592174224,0.10508305520015442,8.74591122668032,-4.614876290246797,-4.1249322678092755,2.1204662447793377,0.23440500278347728,11.414531992998388,5.828162366855251,9.990994710060747,8.411075372138217,-0.632901341699116,11.302308148618861,4.273135774111314,7.916192954938684,3.241149506301526,2.695063029472637,11.82522619896148,10.028245287288955,6.87461683211771,1.4494962803744877,-1.2581569450266847,7.486540640462733,-2.4339645392156113,1.2247057036660767,5.383699662542653,4.930536748179718,7.922507935121188,2.7729791259605574,7.662857508894137,8.455388789668753,6.011132949066901,-3.220118825114897,4.259768782995763,7.8636188486387795,3.1892520150298607,9.455738677396159,5.035804469537798,3.3084686588221115,4.962234658289824,6.310629996219268,6.371485113359052,5.276149651225257,-0.34604794833986086,-0.523274171959635,0.9538672858331726,-3.614065283640456,-1.7988089669978986,1.7670260006984178,8.554179890289472,4.327230320026113,-0.36908084401867297,-4.452492490485991,6.047679332927188,5.62817321033226,-2.111988257822048,-3.1882306492955634,3.301634047122541,3.655910734727012,3.017120435669566,6.452299316159857,0.8459382064438478,-1.0490004088435991,-3.459332354750042,4.66151375735611,2.631825849749475,6.255726331576061,-1.0136668530990056,-1.382814658032,1.6132509499492231,-2.5744910069813822,6.093887344197511,4.334911190106339,8.529229463655088,-2.1659285546200384,3.808327713403499,0.3167288171869111,-1.9992459259690845,-1.0403236619305936,-0.21880454351990994,-5.896412477794656,-4.382321219368911,6.121009902937886,3.1988332700778033,4.968170915631982,7.980670016200026,-5.689904327151298,3.082227394735492,1.1443459408294558,1.5275571156297263,-2.3216935246404073,7.595339044536582,0.4321745629973493,2.5583416519091133,1.1269744044840906,5.964269184843836,-2.334878209694521,3.331897457879925,8.139270888334401,-0.4616022638492373,-0.9082614801893376,0.44507356566371853,1.8766225688714018,5.019945147423287,8.807347259918053,1.2319251859822415,7.333406381342781,7.768980088765137,5.403318955249612,-4.0459885569387275,6.915407607911733,6.555036317823667,3.8995701409559036,7.16461057252514,-0.5610846091175803,-3.6090751044683405,0.7367704344630377,5.820458144371324,-2.4263014214134246,-6.643797997879392,1.1959836886244073,-4.7733971508004105,-3.5049577194429666,4.6909376378638346,3.862628812837814,-2.7216498610795212,8.064790724513541,4.326601911472281,-1.4185993516309188,4.0560848451656115,3.8497490854547545,-1.7001473486387078,10.592641448864578,-3.2119270204001222,5.505354805522065,-0.8095941999229059,-6.363710033983723,-2.207381151822634,-5.666358046792128,-2.2150028451862087,-3.016421221621822,-6.213849732438593,3.897512244974079,-3.5823834640444425,-7.42923237695039,-5.02087127828799,-7.4707573322934495,-6.20388492616155,1.6340126085151798,3.205482681585976,-4.621668076206165,2.4316049566615194,-1.4235502679732233,-3.7116481298228927,3.458115784093395,-6.773673446092902,-4.975143209229288,-4.897844242030308,-8.318300039459235,2.9753811780673893,-1.784067358090195,3.957804269027828,1.169195859675836,-6.004806921896763,4.813762280794011,-1.9023049810413728,-4.238637178332617,3.493172809913363,8.14521739621524,-4.497498057136021,-2.848127315367657,2.7159643145963295,-7.2901571789466875,-0.01997928885183412,-5.197906879560029,4.724074173914496,-6.682266225079344,-2.863698030310347,-2.178928054430163,-7.998044771275589,-0.947002084933124,-3.975988774596495,-4.054036297376687,-6.195593777532916,-3.3433894744971173,-5.101996295300805,-1.8400910472203627,-5.369355403620109,-6.104354890859187,-6.276716726328338,-5.997279470135296,-3.9302798067723335,-5.522648129701158,-8.307157872526721,-8.530015385682477,2.3136413725384495
5.522612193956737,7.841577089324177,5.130094380447464,5.199417064483353,3.098342892993005,0.5953235897238774,8.984316459816986,-4.802492737262743,-4.094369318130376,2.2633758786760843,0.8207525456826985,11.326335205353748,5.666484085473807,9.668543326178757,9.082707190252707,0.16613363577783374,10.437969850859135,3.76755338952428,7.732280933667378,2.2952796899599153,3.1983772191494517,11.806770898070203,9.398763196939532,6.5232993330078495,1.8615511550815562,-0.6218756530626279,7.598369334573961,-2.5357282741216536,1.1685798877575018,5.981097386957107,4.299817838478755,7.715470602305392,3.4220849229561447,7.713219102770916,9.131451937162744,6.24081939185703,-3.3733660934245955,4.675806994286537,8.806288798665756,3.0064084852052377,9.826293900381925,6.010141145865308,3.3990097455666217,4.671880907073131,6.019296656662387,7.13759934718257,5.8540919658825255,-0.5304794678445629,-0.043360681562025744,1.0463405664243135,-3.2905833842906858,-1.180072740167727,0.9237660558757074,8.158806909646733,4.711234513612217,0.3634527185631593,-3.7167768870997544,6.102403817407789,6.01725722926385,-2.11788468690522,-3.543338054693514,3.9471638047914404,4.093831933785915,3.635595401731806,7.044121978893419,1.1477246359419715,-1.1102596704924146,-3.6130508681965634,4.739097688462504,3.08334556299139,6.127882332667294,-1.1513335044176183,-1.132966579484637,1.1555420114278574,-2.4999061591049663,5.402586114290021,4.785695506365126,8.74518849920536,-2.2204016919201663,3.1957166427282693,0.4352803905762464,-1.4548038811122654,-2.2093159425394027,-0.686752892663711,-5.294816700233075,-4.471582730154761,5.725160780130401,3.437647536614018,4.8311395129065655,8.49020810255402,-5.34875854962008,3.453223262365409,1.5483627315840405,1.2013076155344247,-2.2275049887601384,7.986073402336642,0.08804680913059973,3.190718250710454,1.3233590059240588,5.3173851049200875,-2.657650043718235,2.7475512663469916,7.910125555233919,-0.2678400689132677,-1.1596282049610094,-0.011933084938916776,1.9291222789558007,4.000007556374893,8.081904200010749,1.2376080718298559,6.737555921373133,6.901181284359487,5.305828304092723,-3.9062718390179234,6.541929852482043,6.458051203705708,3.1450062641996968,6.903234508860774,-1.363981020214976,-3.276152307708898,0.5331246692464275,5.88486167171915,-2.228736648644271,-6.631572506112337,1.5044914132914122,-4.46659669609313,-3.651988170795214,4.292016312203476,4.253582984324798,-2.4472726018759268,7.78807692899129,4.245378030742513,-1.8690938196762144,3.9012603583902923,4.866276087302663,-1.6270644551645528,10.375271597931444,-3.636728458243109,5.933093796328171,-0.6585238426923499,-6.477662121585193,-2.4773558250145125,-6.220562173767465,-2.138662597108379,-3.0106386798740767,-6.638421033475867,4.292774783987296,-3.77862699303812,-7.444532393090585,-5.291730710814603,-7.2562435742905995,-5.554862398015377,2.0058460548252808,2.930867224107858,-4.99355369293626,1.9397655998911547,-1.7370970123901501,-3.7566563807015907,3.5331243121908247,-6.988971715821591,-5.471390380778648,-4.912067926561837,-8.110012671360568,3.1061367662213217,-1.5248408538209233,4.114091447222361,0.1627345161891169,-6.10571320027501,5.066058270455912,-2.1130438088824457,-4.7246229802910795,3.6763301794741112,7.837983026314497,-5.0456221109624035,-2.4546709482269735,2.7394502957788607,-7.350619205719671,-0.6290198668964901,-4.965907233131421,3.913718399747933,-6.7551072827616245,-3.865360240512,-2.005485736854404,-8.21998236280287,-1.169836341080982,-4.26400817844581,-4.0539255236011575,-6.122212455431604,-3.9182168470841763,-4.7128144369829466,-1.547941172238501,-5.731289409771655,-6.310246783441373,-6.660084650046795,-6.5091018386407296,-3.629910487767436,-5.8345673773777085,-8.202386680231458,-8.531375645344015,1.9290688751235463
5.692297574412871,8.028930230725608,5.407097260596891,5.207937917512562,2.9140050006934586,0.5689761683639749,9.170953693530826,-4.981590824952613,-4.236879820427295,2.3373987809216232,0.7223373278896388,11.75653103624337,6.082471342355654,9.89492649908016,9.107710225901561,0.025896170842965405,11.012206460631491,3.9727729311913,7.9785867256141945,2.769390835657168,3.275106254954351,12.350222232100785,9.783574207941928,7.15357413739085,1.9419928633656924,-0.7600247707179113,7.919812577576101,-2.5102022453792654,1.209454296099609,5.892548614077017,4.551720309925934,7.917129871578744,3.5640533066198152,7.7835790864408905,9.42456394404799,6.299245058405744,-3.206042841061485,5.081628093925445,9.042525004283862,3.1809380542369605,9.85781999922363,5.876819162784556,3.241881902081048,5.192618962677242,6.42114530247664,7.060989679154132,5.642237294013616,-0.4123349557577719,-0.552387539432637,1.0558300852531683,-3.6897703241905973,-1.2104348140681485,1.3039162383452874,8.417903423424487,4.8742301436332145,0.11989361476013423,-4.2215101979469845,6.330151566220278,6.192367466096945,-2.3357399280274715,-3.6308276650699933,3.9655411579592688,4.427280376241574,3.8116707241090575,7.336789022860875,1.1666239699401204,-0.8830062624493638,-3.837290865550333,4.9428431518608384,3.3362089355332505,6.6153597663326416,-0.9966685518898187,-1.3115417878980686,1.3539814015744218,-2.544509252962572,5.905128910444578,5.008102641600649,9.11444175339399,-2.162698564654035,3.4043904046285167,0.5709431416318314,-1.748122246975007,-1.7076486065562058,-0.7313225023093476,-5.726968670537768,-4.638299618012952,6.218086160182595,3.521694419713219,5.355534086513556,8.591237403138448,-5.727160663953881,3.633766431784173,1.6090735502641882,1.5143473582550142,-2.232094716034915,8.422561381718717,0.4897418564881654,3.3546379090545178,1.4417029997782052,5.682466809729957,-2.6284170548255448,3.076753597332846,8.284667669893246,-0.35450082670429794,-1.3140501175766681,0.15331189827890018,2.0859270622361197,4.486853586699743,8.638255610910791,1.333220213485749,7.339898796303767,7.57434047554881,5.662694573724433,-4.153656232560339,6.819344061615837,6.782100098665038,3.249824467777822,7.370171049866342,-0.9846298751955582,-3.498650162921898,0.3613860327959058,5.993332081402678,-2.2164660639840785,-7.084407596815707,1.3064739091801703,-4.8786992924403805,-3.658254072095182,4.396207352495475,4.407147639763232,-2.5018305738078266,8.19586449144244,4.727703417304404,-1.812716935495717,4.081491372589469,4.936159346968169,-1.7359648883343055,11.011962040608802,-3.622613823746873,6.034029074930342,-0.4426554442806543,-6.674560476982282,-2.514544912041614,-6.321487409471569,-2.329717628648001,-2.9955764676604137,-6.743309427693494,4.286565792238694,-3.8245868226386825,-7.798374142477294,-5.382818489301668,-7.717807185432365,-5.824952309123029,1.978380025320134,3.182110691971819,-5.124738881295989,2.1384447603891097,-1.5193639532593726,-4.058166889223389,3.6754685406689824,-7.521737834552067,-5.466482778998105,-5.2498511230078035,-8.562016821493254,3.3050028369333004,-1.8628467075919957,4.092114306697871,0.7370134287840415,-6.395367434325571,5.405010952389427,-2.188527592404793,-4.708872639971214,4.0020579856966405,8.103387284145796,-4.966448558484896,-2.838864085920594,2.5898753270054398,-7.674572635797303,-0.54739235938577,-5.249878523434668,4.48507421632883,-7.053774290806365,-3.685819330383924,-2.161491409042138,-8.672225660322583,-1.1585260326470581,-4.527908357414968,-4.18655774967048,-6.3923393836338285,-4.06587104419384,-5.118331797219864,-1.8511614483707193,-5.83999450396975,-6.556230085158675,-6.774742425535974,-6.6833329074613514,-4.032631259902518,-5.9333094661392805,-8.701075649986194,-9.031640248219949,2.1525212568560304
3.9981472614635596,5.241260059154765,3.1482127972052245,3.701629831764865,2.335660129085394,0.657711073558118,6.308846289626229,-3.102325721436886,-2.7708572472858704,1.823935445300543,0.8890093590958286,7.987905212289033,4.096590659066794,6.7081790608252065,6.259014200731057,0.26751931360332976,7.261983746402929,2.296422658956363,5.759841925826238,1.242347643870216,2.1177779246214357,7.951981814010328,6.5019869351104225,4.46275261330542,1.483661545298938,-0.24945040404176944,5.200165871935992,-1.4949510154368826,1.0070569806451424,4.441094102704372,3.2476774967845916,5.906901978701288,2.0965180475322738,5.84346604762852,6.431291797605646,4.699847891228182,-2.2302979436727606,3.280930310449817,5.9844579531307085,2.7157485955885026,6.648125483008288,4.454908456770492,2.473531700449031,2.9313917365313755,3.6508442145736235,4.785847781703907,3.7194970775648577,-0.19635832633356837,-0.5569272970076057,0.7839671956423696,-2.5613169985294486,-0.650206706555962,0.6386548673300894,5.733177940225998,3.457369105972429,0.5324850994121868,-2.165380465205962,3.8055000145592923,3.79708504167208,-1.635971335095622,-2.340674785266101,2.970615582707318,2.7821979867098725,2.697015682546714,4.90429232796624,0.7556763626972973,-0.7785744509500285,-2.5782901535977953,3.380364991484575,2.0891039458578473,4.273419029617151,-0.6846487837931854,-0.6190521738325213,0.6482833773066817,-1.2260497755964797,3.92126946222406,3.501743408673545,6.25524343183104,-1.6473856037131518,1.9660137641858448,0.22880693853362488,-0.99391840731294,-1.1615535682907676,-0.49960215972761995,-3.364726945241308,-3.180852491601003,3.7791669053009547,2.6126727148869806,3.2802729696145705,5.723910820429844,-3.7461684397970383,2.3964972383398315,1.4673471944791916,1.191850154384723,-1.333249969960232,5.441575964665503,0.14140812492681318,2.4256515172660125,1.082546924857823,3.5798627977205495,-2.0679268972061466,2.1122864293183365,5.1825924297907955,0.046538826757673096,-0.4663069743975098,-0.501233476044331,0.9582079506715784,2.579043005452678,5.44219614407312,0.9368639771487249,4.315343860131723,4.462347739479249,3.6783590175360263,-2.7711030987227487,4.344744322033166,4.699749999800007,1.8565210344435612,4.644175358386338,-0.56252484516518,-2.425204024856639,0.3540828197834049,3.6876397505510083,-1.203736909363046,-4.311179175726634,0.8728847983892878,-3.2183303455029044,-2.1378058911598328,2.655983941649402,2.7867445372663187,-1.5726065983960091,4.85651665484263,2.7527005601950365,-1.4003105561833626,2.607126200827174,3.066999331956044,-1.214049586970624,7.259867348180849,-2.166230018704494,4.06810003189362,-0.4873456271807748,-4.207346960148234,-1.4765643945766023,-3.8649052118649285,-1.7636472871111015,-1.745284118651001,-4.404072180043593,3.289361515302562,-2.6048168423997557,-4.797007986373763,-3.5440767387803302,-4.699974031448492,-3.9951085698090987,1.5945016185780032,1.7796277019129583,-3.175940612982298,1.1649979053270765,-0.8492992653983792,-2.450563700061237,2.6431987152559273,-4.4098652434037255,-3.31118645214957,-2.9421774865705665,-5.326744265505647,2.0460306571397315,-0.9723570916768505,3.478172009167153,0.7247890868823244,-3.9121407684560108,3.612185768503398,-1.914106214111416,-2.9296579599768653,2.6224707965125966,5.184843547616034,-3.0807284936482637,-1.4897259715122944,2.155590044935284,-4.706016700607659,-0.5588408793671885,-3.0056965037820236,3.109353550178054,-4.515997018851705,-2.1191786934323904,-1.0221059923509401,-5.386439581768302,-0.6969301191743381,-2.8425961691709682,-2.535169425972103,-4.0081030259643144,-2.733481087315005,-2.8097586453690857,-1.3910343926564137,-3.669995309385028,-4.056272194499199,-4.4146273217962015,-4.244286471079814,-2.629706972249485,-3.7496522623404527,-5.467840951774502,-5.639640332844268,1.23131589191112
5.6904333699302345,8.297072609343973,5.687417686388065,4.790611840351957,2.77918590425902,0.35857791599273386,9.014555142775867,-5.019983013906604,-4.121201650966834,1.8822266095532698,0.2905539790132195,11.465463109238609,5.657250967019769,10.110271078624601,9.156517528214323,-0.456190280759421,11.138815287070067,4.25413436615226,7.746423207476512,2.7009344130712427,2.905565477569139,12.491369216079367,9.984332008921141,6.990061417167559,1.992371207917392,-0.9322218415949802,7.729689908155324,-2.2203023768677097,1.3098269957916346,5.838252537744133,4.620589395402272,7.753877028738596,3.460918397530261,7.510561863128995,9.263710853146915,5.805141751195525,-3.1470967877612384,4.89355876078811,9.042259955327065,2.990785631022207,10.273806844871265,5.620903896013477,3.1264677811482424,5.213375241482744,6.729477242232324,7.252171514204312,6.090091651394965,-0.3441602347335884,-0.1106339997329356,1.204963977284235,-3.2553632711164378,-1.2238181227388023,1.4609179810890558,8.529058638528666,4.705832260422708,-0.26449482574165184,-4.3709686227289515,6.365425621113362,6.3440434549029785,-2.1343677181146705,-3.6885435222102907,3.635946046043329,4.056677601876284,3.4772517899735975,6.896619434196727,1.1941343996669027,-1.135465099927838,-3.76136407080068,5.036567562529517,3.2764684459515494,6.4796915278440315,-0.8703690410526873,-1.280296341154508,1.5751321702057857,-2.650356068051835,5.664588346537697,4.914332522712081,8.813732361438129,-1.9886577706399329,3.7952740211843623,0.5211098063845817,-1.7232291771623862,-2.1712984634890935,-0.30603965891613844,-5.637645701399682,-4.423002404920016,6.376584167885286,3.2657105926241163,5.089039270916255,8.583616020825627,-5.651502111027724,3.6162954871859987,1.2802062565057328,1.4345416419675343,-2.564848671717303,8.373493669904446,0.6456280603582255,2.882542195699499,1.2991988290261258,5.790763708839318,-2.177943294943097,3.2223494061280378,8.675240668549224,-0.576345871208434,-1.214495526650114,0.44829183283375745,2.4921935082567392,4.697723542391059,8.700923230430208,1.5780320597817972,7.303386142718857,7.60623942798469,5.535784355972742,-4.224625692580522,6.973601394017754,6.695476183999864,3.781097291424096,7.625069042293889,-1.2650241371300492,-3.096494091900188,0.5807420438809038,6.580563717917348,-2.3486788337211517,-7.104224245335995,1.02281584415478,-4.779033009272069,-3.6580815345467776,4.90289171119912,4.705722627895499,-2.288027239607069,8.602117567687694,4.89092169570328,-1.571483289374679,4.255832666418357,4.836730231492632,-1.4304207648931686,10.903730268034593,-3.9293889699532083,6.322739107607747,-0.5562826489780871,-6.711626993247413,-2.7108289896065143,-6.476008945443165,-2.3422582528946605,-3.024256180653234,-6.950640368335783,4.1216185102464875,-3.615053845259308,-7.8505126676140415,-5.261678590232703,-7.905073398585309,-6.041998516707194,2.048076007147229,3.293435357182466,-5.366186330002862,2.291021752454908,-1.7408871528998224,-4.09966733969755,3.4985852212279824,-7.560146798764277,-5.594186096438134,-5.298654431131012,-8.5618791727141,3.154384685792541,-1.9181529910964352,4.287826821732251,0.3110146333922601,-6.603744353683125,5.566634542520773,-1.7631205815065962,-4.96186751032747,4.012844552926992,8.58101662325277,-5.26698625041853,-2.72301277426847,2.78692250739013,-7.7753832341662585,-0.762155925131185,-5.389538666473602,3.9864581604885236,-7.058740841300089,-4.099912487341693,-2.274815065997671,-8.561472622583043,-1.241865186364558,-4.67135384572784,-4.114754948047606,-6.427725348340092,-4.214400730283876,-5.269607489943594,-1.4022982205178374,-6.084294748384375,-6.661904049047526,-6.765899144530193,-6.873274873620334,-3.9105834724788715,-5.910914246119394,-8.597763148648442,-9.176782191907947,2.3378565173520998
5.526384763756461,7.835575976995605,5.1240634814769805,4.909588773128008,3.0530517804750836,0.3667525343098507,9.07920949955834,-4.962673998953849,-3.985826709872423,2.169427846151632,0.5093766741292372,11.16676067836611,5.541437940589346,9.71045215498169,9.091484714473049,-0.2506959825470443,10.505992098094984,3.6400818670059736,7.846147941188195,2.247172449199764,3.099299187856496,11.908465966097076,9.430621139622923,6.541738286592576,1.8272761516369282,-0.6384502425459829,7.447409780460428,-2.255444691981816,1.1937984637302996,5.965898217952832,4.173430712059006,7.804339818176448,3.105676176838956,7.686188247292239,8.989677713506765,5.907531561659901,-3.374215719271644,4.4543095169101,8.73333666699624,3.13145615315767,9.905964642550055,6.001731278211471,3.461408665716528,4.585225659636221,6.037432778453512,7.284730559904931,6.062306558654494,-0.6050292270180486,0.15769715109143112,1.0937547444589817,-3.132389376441815,-1.0840371584849011,1.0891183553003443,8.237002428843075,4.699954119796842,0.2741225595900893,-3.7256036432560737,5.936178427461384,5.958644814503189,-2.0016333723924555,-3.584554940396172,3.8053890586259285,3.713078070054285,3.381878482881914,6.646289380027753,1.0550796236354851,-1.180521224093806,-3.570173201455144,4.7763692458527345,2.8182405777844566,5.971929218731791,-0.9780652570956665,-1.1205783775005624,1.2824086323510901,-2.424981212982022,5.219365055346821,4.62982300007025,8.437629580702387,-2.1493979821390465,3.3651517790269008,0.2600114359631996,-1.6951598414088531,-2.2481658986425157,-0.5550895056373122,-5.142508766355943,-4.357903099268056,5.787514709880163,3.3166213538721045,4.776613706075644,8.448887932929,-5.4370165572269205,3.349538513620626,1.3493976873367903,1.5155518682558917,-2.4464073799717556,7.947279978343438,0.34077917422296783,2.985861206673254,1.1916969550258996,5.4771081988451895,-2.3522414688964393,2.805464329060577,8.061549365373027,-0.43472175260014556,-1.2452594438661808,0.08676501969706389,2.1352883742312816,4.102412614222894,8.065388648847607,1.3103385630562017,6.791793661408056,7.014080126487067,5.443220241962758,-4.097976742005542,6.644401544225434,6.396888013265025,3.394366755334069,6.920124737487178,-1.362424427732956,-3.003874369253947,0.7039764991346404,6.145884471756922,-2.1693713561624244,-6.561748512432536,1.2211932512914794,-4.5855392957146295,-3.5477021819782943,4.40585166769662,4.498639194994591,-2.3293653257888494,7.976285086034393,4.462155775505378,-1.7151928937531582,3.87865134208708,4.745732626275261,-1.5538562446334387,10.276292653822606,-3.768470289340291,6.200588830837407,-0.846736951283223,-6.311978988317485,-2.4156148587631883,-6.320297950992461,-2.480617484086845,-2.9273958201429515,-6.676033380763378,4.41152639319676,-3.7432450534358432,-7.320217104310234,-5.174573608602639,-7.252725077719419,-5.707981970950572,2.1982851504186782,2.7409595025583435,-5.091024025420523,2.040070345391502,-1.799544331263412,-3.7409381771781516,3.5059521431502367,-6.876995024624778,-5.396393614163612,-4.878368476964487,-7.958857901267414,3.136916966099134,-1.7297319749135807,4.210388058549442,0.11175577400590096,-6.132995028558661,5.156612535794349,-2.042175084148892,-4.823267131803605,3.8201185564107525,7.999809053967094,-5.0455042079208825,-2.3862839894463996,2.845846961063303,-7.289430112010884,-0.8136858025649744,-4.934042489686266,3.725431013103704,-6.667818280123951,-4.016858341632528,-2.026789399053684,-8.067828326047469,-1.2078856481495768,-4.28928106081527,-3.8592577503480774,-6.028766423511411,-4.1015537614389075,-4.693659575036082,-1.3957026150192038,-5.7792912085154775,-6.257258664890396,-6.538357060307001,-6.526442786169227,-3.9203829645469743,-5.623081009196366,-8.036371923412485,-8.538557836209215,1.8900428518455141
6.168876956761709,7.721466805401507,5.879531849959464,4.3171514306846115,3.0233645747808753,0.1203085027309339,9.003439625387475,-4.817843235231671,-3.9636777289345795,1.9654547065963637,0.050787588218401784,11.070173092567499,5.379888883517941,10.17475340423313,8.636721392389846,-0.6709318544634224,11.288927122342999,4.258825996089095,7.982188526502864,3.037208374776292,2.7068654095317526,12.204417986403621,10.01039725437028,6.945327385910439,1.405509655187279,-1.184563208466693,7.213375559750516,-2.290580348771661,1.2373547292255076,5.801219936529259,4.549867970605805,7.90951552012897,2.873249243180014,7.6076733104082495,8.541225991265385,5.714012840590319,-3.0981398652284167,4.205478263576147,8.261317595054903,3.0931263940855325,10.041299312229269,5.212162982545886,3.4821526089889008,4.673709120313787,6.671564080239099,6.842691002009999,5.8715999927585765,-0.5582089890206091,-0.12574185342532868,1.1420142908109558,-3.318465118432263,-1.6099701249212188,1.6510149763687296,8.708163484226185,4.4633117358787215,-0.3972052446033573,-4.31707254798911,5.827529050977451,5.928140166714238,-1.8155904113801942,-3.6342685671687063,3.4499798491009215,3.4331006030477322,2.7219938173984373,6.1714020063974715,0.6805564174231917,-1.3537557819634307,-3.4399378762333694,5.08084383804315,2.504282653816871,5.918990262123846,-0.9508798915257088,-1.3133720157819986,1.9751969334794708,-2.550188906338082,5.809678364540045,4.375763589035257,8.163398644086058,-1.9518619992236779,4.233794411349164,0.16344150706650615,-2.0213620519467184,-1.6318676702580617,-0.11910589591038738,-5.525756094570228,-4.163717909403428,5.981746505008447,3.196154872835397,4.869357519237168,7.956357269071757,-5.738290828560167,3.2150093476084622,0.8242241335904811,1.5157763100564792,-2.5197638996061125,7.682459466117697,0.3899670449991683,2.426173852384445,1.1546715692741467,6.092098711906544,-1.8833167975282088,3.148458618886143,8.593535399500894,-0.5637748189704591,-1.0249084213164488,0.680771512853213,2.1788469331329385,5.010102868514834,8.699407495917029,1.3012012567774245,7.120383253639381,7.638817389520054,5.375100956390893,-4.242063356951426,6.792669197871317,6.248402605871504,4.257137013385945,7.181018385533646,-1.0651990554484614,-3.2724555758744125,0.9398012387646459,6.380599176369562,-2.3391680222856053,-6.658784947764861,1.2185897506522652,-4.575236446191873,-3.744998440760906,5.0981264561153425,4.221248988695319,-2.59411518763355,8.445274155514218,4.618107957083786,-1.5509188986023652,3.8552324909136506,4.151965234978504,-1.4829921762216436,10.430769648212133,-3.6876346231643047,5.8111977558240495,-0.9504207371305151,-6.264707465322501,-2.340523079342012,-6.254712255650723,-2.3188467273195887,-2.963202266791098,-6.614423258638996,4.035692450555754,-3.472531324604986,-7.5210741960178344,-5.168596806753114,-7.5387191699739065,-6.208464050339822,1.967430954590058,3.286073239710699,-4.9026426852475415,2.3442466646740283,-1.8245676138653966,-3.8423923835344462,3.462651134012018,-6.995341243647441,-5.413817709612821,-4.994455066720041,-8.149563460799465,2.9348691208762507,-1.9177754336754178,4.2792287152059485,0.43931131869941026,-6.281642179947601,4.95617168037394,-1.6761839890928414,-4.774843931377449,3.6360428381339487,8.508928561135058,-4.954590076165131,-2.58318888799333,3.06150553089988,-7.460893736950611,-0.47715757381919366,-5.2885118952071615,4.173485150059924,-6.742751093290165,-3.610347399865742,-2.036586580082978,-8.016292079978072,-1.0780662396244258,-4.217414621974517,-4.0122927748016455,-6.399472809889601,-3.6931651888804953,-4.971738823037273,-1.2561242207751167,-5.677193772050424,-6.3999829811315365,-6.5039528285018955,-6.446963170092306,-4.0116462338954,-5.5364301802646,-8.186991195214215,-8.72071486260058,2.192439423831451
5.855891155822884,7.863970743003661,5.085637458558324,4.745760440683864,3.1178752231108513,0.07943660381037107,8.882771692527355,-4.778223367768295,-4.071738542099822,1.929795728376871,0.47860407593545645,11.060946652375568,5.136882528711781,9.719385013145683,9.121912974353497,-0.2751411831278027,10.520562237161856,3.4371825108838983,7.783132651698465,1.923030915829985,2.6340377991097257,11.606308802243836,9.512184510544758,6.024367419838485,1.8456006886863954,-0.6503346915023087,7.301962600347812,-2.1849394098033725,1.2374500084616349,6.16288718519554,4.243995048425953,7.927301985992913,2.850117517827225,7.929467440028901,9.128912900281932,5.9692626458338855,-3.438125480364363,4.02109713377292,8.741365026719254,2.9554405429454964,10.067166763445568,6.15116745619789,3.433736471676216,4.548169881341371,5.95906100964699,7.387293364491799,6.184064063425171,-0.6202413709896624,0.15058057300097408,1.2201624415581644,-3.096718080042876,-1.3382842675045639,1.109811796807407,8.539751600059711,4.689277805748712,0.06677646635645212,-3.528810679914228,5.694039102641531,6.017385078596179,-1.6601744522383048,-3.728574176292949,3.7167394994225265,3.719797162224172,3.2351124519589067,6.484051628272534,1.0014039712233391,-1.4638774439489424,-3.628543692029232,4.919138011890139,2.5535280046424065,5.872758320885081,-0.9217787556735959,-1.3508641089283655,1.463843558800612,-2.4570214601764966,5.2845950051033155,4.4939953444819425,8.223027923567761,-2.0862850930358268,3.508662571143989,0.2954143260567253,-1.560054561469956,-2.221915197365433,-0.4815088538954267,-4.976668148632459,-4.241149238181885,5.7882913805567275,3.303852927847255,4.156282069251453,8.537829150923093,-5.433951529916111,3.325368935738827,1.2780403000711063,1.2043429498532443,-2.4532154002932502,7.893350348076344,0.4086405446044069,2.6580655888207483,0.9430393477591781,5.140688663400016,-2.1523945026708096,2.9782390482633807,8.191354754423653,-0.7825934855783967,-1.0662501087463447,-0.2534911003390309,2.102635083266262,3.78704428378918,7.956763258205092,1.277339858065747,6.397181778647356,6.673395846814885,4.993206756791301,-4.078107398978237,6.621103646481311,6.20866316663314,3.4536108765566755,6.996199264622379,-1.3950158430713422,-3.0418342809359817,0.9774803518196551,6.210796607042936,-2.369645845047641,-6.415505809052321,1.044937395669344,-4.512908107959667,-3.44878322716029,4.5031477171592105,4.564811049455596,-2.173714729193365,8.025846687303607,4.080144990232603,-1.7526814609261379,3.993324768508885,4.461021558709207,-1.3860798376210874,10.120976112318045,-3.5236097501210524,6.194014951023046,-0.9190952684612425,-6.122378011935251,-2.4553563839850288,-6.0109388262386,-2.6753259193032752,-2.868516462826749,-6.570115623353823,4.627797893725289,-3.6907542279391157,-7.126427593815472,-4.9470472439823245,-6.985202550698023,-5.916312061875903,2.003347630942083,2.7256203988807464,-5.018010811823518,1.8161646670354463,-2.04779768537047,-3.5382713214381196,3.036062628863208,-6.586774386478062,-5.205868624076314,-4.583027925342333,-7.706099138953634,2.7443800975582366,-1.9479215048915752,4.359320858641437,0.06577634735176272,-5.881732705689778,5.239105271764446,-1.9597441540213363,-4.86568485799413,3.867642251323689,8.116703698976174,-4.848587588118019,-2.4022797135753615,3.25933624333682,-7.187005743192633,-0.8069109394029171,-4.764294765580047,3.845137482912016,-6.611616893621619,-3.8989222090649496,-1.8595855958165717,-7.789224482482595,-1.2339015277302152,-4.141695144898393,-3.8298216812703214,-5.932137424183197,-3.9985805545789783,-4.536604428439752,-1.2379591476084462,-5.757362314431865,-6.117284649384858,-6.389725322363078,-6.301925179115718,-3.770182697905482,-5.665037544036307,-7.91398357970982,-8.223254528213916,1.778583358207091
6.392871912049808,9.914498525122747,6.651305710861789,5.107829049927806,2.6205849210020484,0.15428359756988258,9.960872926384926,-5.967205488716195,-4.875861732768367,1.4529271807856576,-0.0024452752799523215,13.233506474763455,6.359059934753653,11.585509409447962,10.597095377242692,-0.7867134937132809,12.85282166049813,5.140429033669356,8.21877033352395,3.145077306874296,2.9529912586459033,14.509079218957908,11.588067099862187,8.080256510689843,2.4715570653199355,-1.108270290173042,9.137706188789021,-2.618885874731634,1.6110180186089145,6.4220039583156066,5.4315217086101155,8.27531512334743,4.2239790020072885,8.011680713773536,10.864731279655967,6.239891384081719,-3.624241927216824,5.9837696820316655,10.690878442168595,2.990303481774175,11.929350475633314,6.136332378800778,2.9172137222687895,6.5756022592865815,8.123189576531908,8.395597891178886,7.252999595487168,-0.19033896366571473,-0.0753883556218567,1.5150679521667336,-3.5230678621512976,-1.5137217913932082,1.719085471487041,9.726099250329431,5.511358013605478,-0.7105172521317383,-5.355774793366439,7.807996256394497,7.706297856840523,-2.3734845491215815,-4.251391335088141,3.6360157487899234,4.968015921463044,4.2413752693556415,8.120014577361227,1.6481233487389724,-1.1227414699304021,-4.290770816258583,5.778084715447082,4.236243197403001,7.736783732138723,-0.7158291790448283,-1.270177123813653,1.958297406331527,-3.266909027130088,6.45816490648798,5.7200086787028726,10.27627476225443,-1.8246968202547893,4.505788933006189,0.8210294897998248,-2.006594691214253,-2.6815884608089244,-0.2899355792747429,-6.581916298812003,-5.0691968588918925,7.794811023660354,3.5464174463397318,5.954613130720698,10.072645492863346,-6.572876078582331,4.449629270862358,1.569915704461974,1.3493902580873025,-2.7132571714828204,10.052440050509519,1.0380517807337848,3.083243019068185,1.5556441998297663,6.390654762184565,-2.2946051138429873,3.770913844386233,10.36175763365421,-0.861655245023584,-1.5361449096663198,0.6059500650962037,3.3196472154681604,5.447046115127978,10.3101108304883,1.8909261424268926,8.740865068346633,8.991045781336467,6.199081057209382,-4.653786726185782,8.257520326346912,7.98597217563919,4.440760819097172,9.200743757908688,-1.5690269136562671,-3.4068619287028072,0.73671820083171,8.036482219761572,-2.8724382426828403,-8.559918036575656,0.8959765734667042,-5.592874914306646,-4.368479539719206,5.775141074774589,5.9046392937087875,-2.4610382410237817,10.446691404890071,5.815619481373253,-1.5964692352407504,5.194223248778071,5.701015711131802,-1.4021648671483917,12.743429766749053,-4.5644486840750425,7.4090812217702915,-0.4106604149602677,-7.93309991489273,-3.410225206258638,-7.872702243253815,-2.501473753970856,-3.841726629714422,-8.203221867678028,4.516858743862721,-3.8572644706382677,-9.405388550119508,-6.0941257246764335,-9.394675428861438,-6.861568880155721,2.1838551226644483,4.199692011791005,-6.47791205922571,2.742548169533743,-2.0978361869226148,-4.987662081883679,3.628444345966683,-9.205285286862786,-6.774411224392489,-6.547854604466422,-10.116509766817693,3.6734282354267638,-2.116663445988877,4.9244609452521075,0.33625866718650266,-7.8634459732405055,6.729930573726328,-1.8571763873095313,-5.93812197208154,4.686284368378217,10.178134301586555,-6.344021383766703,-3.171355057744526,2.9392081968087433,-9.3559140899222,-0.6336727642436908,-6.535839740546468,4.472935170738599,-8.407285331610266,-4.9656053990780915,-2.4985151562015173,-10.27001322689465,-1.4752649657959427,-5.523238917360863,-4.9801774671484385,-7.616562752768254,-4.9513217381042605,-6.508926403439052,-1.5034178094516801,-7.244033931542928,-7.9987574016608045,-8.058704955579634,-8.069994919930707,-4.295472429403839,-7.119308162243209,-10.237010879902515,-10.942045869681795,3.007861136458804
5.56436781583694,7.0021123215113885,4.6614259775697,5.224872142483728,3.5561953026393014,0.7215423794215233,9.110872025273036,-4.470193337655112,-3.892096241914981,2.918491248704891,1.002546250324119,10.70369418161897,5.559715670605251,9.266983997667353,8.560964156608968,0.325508444381407,9.856668350945478,3.103650514120128,8.090790546655464,2.1600111866009595,3.498859442192104,11.030999334532092,8.797527152143253,6.146776982043715,1.3684971334649043,-0.5194176397399259,7.0107292012704825,-2.3141211118108322,0.8753494603509863,6.156976881864113,3.800819420727599,7.988944118415862,2.8013871300927633,7.990418797627868,8.38359529485056,6.383467474988841,-3.245869102131972,3.8836177515128734,7.9778647388834045,3.2649014354233077,9.14849356112847,6.172901052767236,3.9303110258525895,3.7249674197767804,5.281854637047113,6.683183526180937,5.382598601328361,-0.9941886028854964,-0.08629074324754615,0.8397921491092525,-3.521270914349413,-1.1629190560531493,0.7170662371629231,7.825699097234405,4.464834468602085,0.8718845594748025,-3.031120734875572,5.155496558648881,5.243320612132521,-1.945186764926991,-3.4208409313962296,4.19642210001384,3.4732946808707563,3.163404241347213,6.461062063293455,0.6290964464071063,-1.1747519562494952,-3.4662825399308956,4.602189263924444,2.185977815590568,5.359126568785757,-1.3405934093104692,-1.2280082453549865,1.026840099733469,-2.2237385438501516,5.0871165857430105,4.081895331361208,8.030742826488655,-2.5569230641990353,2.919630249185552,-0.1418656644684879,-1.6028601052415132,-1.6769039550753242,-0.9992505680874126,-4.762669605640762,-4.504266421905468,4.790658978237524,3.577276585152049,4.578675151871079,7.847716075516705,-5.25372250011909,2.8335670572874285,1.4616729368243344,1.6073617692865536,-2.2734217985242866,7.110558099304098,-0.1904081753948528,3.2560456202657866,1.1622945680731684,5.380292925674072,-2.6762785358450962,2.4197232289941826,7.149676349995854,-0.09160834749636969,-0.939754390031815,-0.14925469830012417,1.3195908513016423,3.657158654307455,7.353799788136281,1.0464844904759805,6.068623729305472,6.388653583234969,5.313070052854245,-4.049063203097984,6.030759982845379,5.73390904059023,2.9050975218423845,5.975645588548757,-1.1656284770295648,-3.466824628853033,0.6690588656787291,5.1489465435200055,-2.0954953691472236,-5.717633452477931,1.619133862711635,-4.467909959278818,-3.327644982431677,3.8226932660416426,3.6744679647189935,-2.5594443694877125,6.895780918081656,3.7865461121363033,-1.966928697573521,3.1338260538960454,4.427568065606128,-1.8535531678157822,9.497782925484191,-3.4111998368379326,5.527063077710181,-0.9463257540805888,-5.7661691355561855,-1.9904314453389462,-5.6009448834470374,-2.512498500056397,-2.645126029626163,-6.085471516264374,4.480905594526416,-3.93730776073953,-6.612054470398955,-5.104662677631841,-6.445816160591448,-5.381295929739,2.104739325148534,2.2958580003949223,-4.279149707828279,1.6155972489625574,-1.537296727848588,-3.4420336275409684,3.657596593990625,-5.936067762155992,-4.708490791342262,-4.105722105047154,-7.250118943707956,2.8917494963742967,-1.4594380884650326,3.935670166630085,0.23069772517137463,-5.482228158496949,4.306673751406991,-2.467888446366496,-4.341848165441639,3.3312639061492315,7.045756173421781,-4.287654894418841,-2.2275305150259035,2.833510574297887,-6.384559983976684,-0.8494560497722113,-4.373365286728538,3.947052798327762,-6.099166431775891,-3.3351541047118314,-1.7507716894299408,-7.293239622245427,-1.0942187701649813,-3.852429160627422,-3.4854461219207242,-5.551995487776287,-3.7620575833245247,-3.9049597709547994,-1.6217078294350802,-5.125569773015471,-5.546540508599814,-6.173359870613234,-5.886031256886729,-3.8694709035344643,-5.219826536623831,-7.373284702599499,-7.4964170296027595,1.298563970381303
5.7027878964615395,7.2354291715697645,4.848708893044191,4.531511913704623,3.126682157297972,0.17526711828748195,8.849182041394346,-4.561404870071884,-3.9079820358385655,2.317943697059495,0.4463251586622182,10.574926373469104,5.259433987451702,9.412697077856858,8.496125154819364,-0.2622288210825398,10.284581768131352,3.4714644564251538,7.886291921027255,2.1726630830582505,2.8968863501526765,11.272764373424419,9.128585196384432,6.261977784567458,1.4586897476331644,-0.5282037610246312,6.804694126266393,-2.051227351921989,1.1001649229482728,6.020398740851754,4.052442972690448,7.951159261519149,2.4319662037481895,7.7802972377990995,8.445433183833364,5.81910500093949,-3.126189490495441,3.868030122314337,7.972761325902529,3.1011667621346546,9.507163321992012,5.86831956408578,3.62316311959034,4.03079183635023,5.540666557444822,6.703575822118283,5.537173717656101,-0.7960964301774497,-0.07887813928516317,1.0781041674381868,-3.29006741090564,-1.334507107126549,0.989886612378864,8.267572074370836,4.4300065158551725,0.40529345233247105,-3.3801594901230407,5.24512192803613,5.500751621229098,-1.7799046348009768,-3.496168121980412,3.769311547892778,3.2396464694744234,2.8283124109817668,6.002186569202598,0.5874067821601506,-1.1142508983611012,-3.526016406311283,4.752565021018235,2.134213648506745,5.501960534885629,-0.9635120659508738,-1.3781416668646465,1.2905887358395531,-2.197224977963975,5.121730680255038,4.313170102646241,7.845510692712602,-2.2536542483839774,3.328187514503845,0.1380351339143765,-1.6308804246623212,-1.6526917922576865,-0.505308084969409,-4.724275191933305,-4.3141506198832005,5.18419440399927,3.1812718790523022,4.267217782620372,7.803964069751756,-5.276281998383276,2.935850267948337,1.1590668490313691,1.638402745181547,-2.439522279313608,7.235633503640437,0.2457424084073749,2.796616978459503,0.9791781679105682,5.502335882023419,-2.2716340061127154,2.668438482590708,7.723161707144977,-0.24421914776620549,-0.8589191183425624,0.02046453898304099,1.7204954730144157,4.004754892829344,7.669444921043662,1.1705319609542693,6.258772407593481,6.6898368301088995,5.217023302209141,-3.9150301363852926,6.311628171167555,5.7819997665385765,3.4013826584225537,6.456738539896534,-1.0309738273520517,-3.2465575746348154,0.7508058821757414,5.648441802110582,-2.075293028112419,-5.984219425648756,1.2018384757927607,-4.4285650021477805,-3.319784212728184,4.222827738082397,4.018557636758897,-2.5247274537780138,7.419721527230885,4.060611394213836,-1.8685954076922078,3.5054590747176357,4.054948734839065,-1.4946025435391728,9.729891710948449,-3.434321502438727,5.682290120878762,-1.2912592774485032,-5.8336161177957635,-2.135567583541526,-5.559544719846583,-2.7156617694517533,-2.7149788399763986,-6.052404555384749,4.290130769939178,-3.689638174966762,-6.685144849370372,-4.869714676065799,-6.698667230628233,-5.6036777986766015,2.134237994736681,2.452196680820533,-4.572633258959961,1.7927158283775302,-1.7534595772047799,-3.462367988102359,3.261807332004752,-6.053995418388009,-4.884299982695548,-4.231616414663502,-7.254963328238461,2.739401422357959,-1.7659810708319632,4.203775031474284,0.3485742712998599,-5.6812546807120725,4.532079528596604,-2.0067175516689826,-4.548941232490122,3.7014282057718404,7.639615670520972,-4.446983647560496,-2.1236319042901397,3.049537759352012,-6.573435439064232,-0.8442445697787198,-4.485192738884264,3.9696972577726752,-6.119098404030131,-3.268515032270315,-1.7214496617171007,-7.346801251671241,-1.213504100851137,-4.162001811830232,-3.527077900016611,-5.7359718262112915,-3.7049775107792087,-4.190444962502191,-1.5678475590708638,-5.137905636964571,-5.808321959867612,-5.970931405664146,-5.940065766079438,-3.795878627304029,-5.102289845339195,-7.3863767546795716,-7.776306355596714,1.4342679980616406
5.50883041803415,7.356937937841841,4.947590034927857,4.849579495853072,3.2097013457003407,0.5655884323718301,8.881817379900742,-4.554465707745977,-3.836923046462891,2.3406492403113597,0.5574976752102991,10.646221313230553,5.370435320318644,9.423819150240426,8.642775953232539,-0.07901286446304319,10.099764018942977,3.4942146266188305,7.684047787162739,2.204987188197609,3.114760734939488,11.30908473676217,9.020130619052232,6.272455281855124,1.4483431985259443,-0.5818743824675984,7.054574151228907,-2.2486851517445507,0.9644535194678071,5.9001516651759855,3.9874519228980736,7.678922983555506,2.9266804807208455,7.56588510266893,8.458936093213449,5.933969627519726,-3.2142951308214287,4.125086045272602,8.165533220863473,3.0592949017357007,9.412373073119548,5.816075945507916,3.52912616720597,4.109600679012656,5.710162488481667,6.8054828148784425,5.690460709296164,-0.5718045387090722,0.09204378301979446,0.9838434529575198,-3.190743145303278,-1.1382919207129338,0.9726274581191019,7.900886895268056,4.356769175865241,0.4006247498198664,-3.3779268182179845,5.4647745074862195,5.4913632686740215,-1.9153668312542216,-3.3709214517354256,3.7962048641955177,3.483535487948459,3.097728006452652,6.365592004814184,0.8527051396153642,-1.2179916373572874,-3.4502235277060516,4.679529862632276,2.5232730682816826,5.560606802220672,-1.125572508603993,-1.1130302226042634,1.2483293317316297,-2.231145709779731,5.085838588209519,4.3169969550413265,8.065676803461542,-2.1999708978070074,3.2598768391558948,-0.05094882193670735,-1.6661632358461635,-1.9420868351421694,-0.6031485153924165,-4.889525305788822,-4.239862839282092,5.2229405643483116,3.368153183380321,4.560723980706107,7.919322517130425,-5.196665225442955,3.0479219564112983,1.2308378954528825,1.4811043006306426,-2.36255375669915,7.3895629101516445,0.08651020609011933,2.9312245519853457,1.2607000370201227,5.375292880462626,-2.330015489795499,2.63979107135877,7.573067205142169,-0.26783726051495654,-0.9597196931551648,0.0627014866817978,1.7864772850874666,3.894057225642991,7.651138621371627,1.2404620134554227,6.347340122490154,6.623215545408586,5.232403451618914,-3.9042803466802023,6.265600313361,5.99072743980285,3.2548970372973716,6.451977466217683,-1.1931946935553404,-3.2539688149458397,0.7260288834023567,5.640823848625351,-2.1697695231454714,-6.030685294165805,1.28209030274619,-4.457435299977531,-3.4300277365436953,4.175637342380542,4.0586870817159815,-2.3435623081040875,7.382937600737357,4.087934767321078,-1.7936468373224417,3.4485204654614927,4.434511954483711,-1.6600119364506154,9.715428122810032,-3.710767437271609,5.755809420220305,-0.8801167342461609,-5.853289545022081,-2.3190115243738516,-5.850351130917217,-2.396831497521872,-2.938220272365098,-6.281680839084716,4.255119353863611,-3.6119168518537137,-6.802436542895069,-4.983214797302982,-6.776569719193286,-5.4775891671601755,2.1590180157581407,2.6355215990689866,-4.534981204079471,1.911776887929612,-1.6429716319167913,-3.682260504327742,3.5201923290595736,-6.281077939556948,-4.9579300134946545,-4.4155721943362485,-7.502556764947173,2.9078862075224583,-1.4597540691018445,4.05853787349184,0.1444322018215247,-5.707366466530301,4.684712185071864,-2.0996834687662838,-4.4971286277394515,3.4039835567116947,7.527185683502515,-4.845723891198298,-2.303865917156977,2.7663839335410962,-6.712985010136746,-0.8512965944153992,-4.663627460234753,3.772617922417546,-6.215673391913081,-3.5720189867034247,-1.8296361942793904,-7.483017556359097,-1.2149557133571995,-4.094889744078552,-3.725731183808197,-5.729635909127864,-3.868610865424389,-4.2448040176318,-1.377865277413568,-5.31070349146555,-5.954211388851315,-6.236028843125125,-6.034114487287804,-3.6896822807817906,-5.2165446205670705,-7.5313425496191195,-7.8844718756527525,1.6096354506606163
5.946631343763247,7.922878482857908,5.720972933490767,4.714954411884687,2.9622028110520056,0.32225625336379926,8.99924959160985,-4.827934596592666,-4.0841050651050965,2.0607314043532976,0.3394560641059008,11.335491185819446,5.591146996497258,10.045219716854785,8.863904809489927,-0.36433791599321513,11.110071069488557,4.168598385095747,7.860760494614249,2.8670263261997375,2.899024060898532,12.217406084497432,9.904025910189178,6.904965538628158,1.6795389012686006,-1.0473679859917684,7.542628333981184,-2.4048231910699034,1.2324265973359518,5.848814870035139,4.562609122272185,7.813546240440882,3.251863537277799,7.59932058247835,8.930297087120836,5.9261168215776845,-3.154435746179992,4.593998900141991,8.623654283449584,3.049116791085257,10.00158642570572,5.469922231502275,3.301301065094954,4.948483710218239,6.630055000902455,6.952002511771216,5.836482999790975,-0.46268932556315984,-0.25027829145682656,1.090344108213698,-3.4401687992819525,-1.4800493336805582,1.5252285955143532,8.519971920018648,4.597650461130919,-0.24508928564473573,-4.267408814420678,6.0924974567191015,6.088588627306448,-2.0255280687845776,-3.6607254162803167,3.6177901747335874,3.8924779479191067,3.1985634747150335,6.713552509465749,0.9385442718675175,-1.239421233862716,-3.597396875659429,5.032171282605263,2.947344926994755,6.2139748648795425,-0.9507111167218864,-1.3096409246082608,1.7189832157490104,-2.5843058190520303,5.788505350780715,4.597730766953574,8.56560129467654,-2.021029172388628,3.9092126101691007,0.3502516725776107,-1.8800464052985433,-1.8060178412020986,-0.35108022304115466,-5.583814679930204,-4.415632461463392,6.15812039753216,3.3563865866410603,5.03688817275209,8.258416379297087,-5.682616513209662,3.4011816965522046,1.1972393720061127,1.4260685920755296,-2.3815203911274807,8.013890663686718,0.4556872035990888,2.7779199874690716,1.2492334266285567,5.817637906417467,-2.1453039564670187,3.145919054651154,8.463707389729707,-0.5129952934284635,-1.1160603177560298,0.4449226919265975,2.224336534946443,4.730110331280747,8.6513033011885,1.349690479551178,7.15094473307805,7.533763479355337,5.4040349057856405,-4.1881417937021315,6.797642730775146,6.4504312541457836,3.826317091800179,7.322168682754506,-1.03593950947842,-3.3801115614152484,0.7140446656128098,6.290193625656392,-2.3096449603502656,-6.816402404698115,1.2596957404638498,-4.773633852148573,-3.669339723619259,4.83226403512232,4.3581989426720735,-2.5239671041520655,8.367750203385887,4.62431052448096,-1.623877556207432,3.940459905013031,4.538209735117481,-1.5405265271220443,10.649607615475754,-3.729197938016318,5.972087499324325,-0.6754189024358996,-6.418170619468474,-2.521016055557197,-6.287946973182862,-2.230357855574009,-3.075422384497851,-6.7561940672647856,4.080824939619934,-3.519681977059313,-7.5970026981308525,-5.166466906475304,-7.617751980020648,-6.0634775042528535,1.935455212490135,3.2972065868790503,-5.015526296863199,2.2417722103487137,-1.6692514677698178,-3.9928433140408948,3.4827078435004415,-7.205615535344482,-5.426343952318369,-5.084710973308565,-8.348101110860643,3.0133978735391866,-1.8194099966885922,4.176430858273799,0.48021216950767054,-6.3389687687059775,5.189327212450728,-1.8398869026973375,-4.77324143418878,3.7418728547803104,8.37540337577636,-5.038071686651637,-2.7382313547651793,2.8220080692474707,-7.529305523473192,-0.5511140319472125,-5.267716853658896,4.215864933882173,-6.90284959309265,-3.732308300431766,-2.110821315866746,-8.238553416534216,-1.1936994821444176,-4.405203967610499,-4.049842066733726,-6.326243931391931,-3.9444991505943916,-5.039467034194691,-1.4242611802741356,-5.799683677469667,-6.483003142132431,-6.6419094921663255,-6.544426456324129,-3.98322004680087,-5.742030132529324,-8.371996544927583,-8.811422131504338,2.2637601441075232
5.940108003490564,7.954628766133116,5.8948907837828095,4.285275332637422,2.6846118970800843,-0.013260672207213097,8.58509683101725,-4.8068803750348525,-4.081517351570719,1.5120679936027455,0.09425010098450746,11.133215189215635,5.160766337729741,9.897941765490762,8.660827553143262,-0.6502501380345403,11.150508656701941,4.356831546254309,7.4594856522811455,2.872066595856131,2.327657052402005,12.142923492264034,9.94359237601689,6.783964053058977,1.7777497129483308,-1.1289225008014416,7.3780107802039145,-2.345500665392469,1.3774369318553732,5.43956454583147,4.720472412801552,7.502454254317428,3.290826102348979,7.263720080973838,8.865329999395307,5.479064726072096,-2.9520018870674543,4.534102251334175,8.64290502769888,2.86486063817942,10.008210709540906,5.016145944899276,2.9640738949684096,5.206876434692521,6.917447522602109,6.957857270055217,5.893837260918215,-0.2564955787741264,-0.21806575557564112,1.1059620149627927,-3.214666716660922,-1.5637340613690214,1.9046292236198672,8.58600369188427,4.562058349121338,-0.7449302464750863,-4.55145909446696,6.172478724873327,6.248138528184997,-1.7437410135348919,-3.540167196983544,3.2141314678278756,3.957104929385905,3.0746339520756676,6.450782196651782,1.0520747240306976,-1.4054925108466372,-3.5026149705023104,4.925481265756739,3.079388845671716,6.187521607848693,-0.6937612017781001,-1.2134392245690269,1.9657239118488812,-2.620477898359184,5.912982175126357,4.505743351869149,8.36429467931225,-1.6429194768591016,4.186070394069164,0.634783260967687,-1.7840427452259524,-1.7759315571340826,-0.1053856259445991,-5.60518219951269,-4.284950710659347,6.433992522017595,3.0027499456347004,4.745869525901406,8.213614957772412,-5.639256493273779,3.45029930747693,0.9850080231471837,1.0984617140359223,-2.329692932788907,8.16468586241867,0.7466081819032603,2.3390731118419885,1.0810992341567556,5.583944227627172,-1.7800825032153742,3.339410917727468,8.714844071381647,-0.8523405771555621,-1.1829637770168366,0.5625372247323325,2.5140607583111647,4.802112074785767,8.771136069823523,1.427064647488419,7.190317835389258,7.544282158146018,5.03346568971285,-4.0545266470959715,6.756820819060582,6.511992917385302,4.044851560502228,7.5371568682168855,-1.0028600768230513,-3.1481933982023698,0.8337822396488277,6.503279578534243,-2.280882753294197,-6.942391463284161,1.0883621257674112,-4.7089239823183195,-3.7002034731208164,5.081581967975795,4.480507716702935,-2.305869120752049,8.68259401274209,4.690339821400987,-1.504043093588997,4.13184340167112,4.371570730718813,-1.3250589608146803,10.670744289031038,-3.490677097788851,5.925838538865416,-0.5207226367936788,-6.350546461172507,-2.5628718473149044,-6.2717639531041804,-2.0465127571102597,-2.9777814891135037,-6.706441356464014,3.913381865459052,-3.1966382325285783,-7.626952986142193,-5.048968960214312,-7.664323552646343,-6.087555025828613,1.781938724111698,3.481993277166949,-5.205091050614936,2.3357555814502917,-1.7470714044209463,-3.911225916117627,3.1434313175303434,-7.431274463313705,-5.533513093665796,-5.2631992988164855,-8.389312099856266,2.8234788609594594,-2.019385458684323,4.218550296518875,0.5830362463643429,-6.330069064180181,5.464504088728266,-1.606142845139532,-4.683476114936327,3.810468604512214,8.627408246289962,-5.029294697213526,-2.828269312501762,2.905798959144446,-7.782074710372185,-0.25305487369434215,-5.339464260690762,4.244340149846895,-6.7988422219142866,-3.691562172953208,-2.0736228147250384,-8.306616700669334,-1.0328312552985943,-4.253903080784572,-4.031855774672287,-6.230273941916015,-3.7154240912882504,-5.308923356323882,-1.2044833946293247,-5.802012758915059,-6.5165526396193965,-6.581765630413339,-6.423210947219859,-3.9430518769456477,-5.875918795824199,-8.51926537663301,-8.947908062868292,2.511059754126904
5.993026880871943,8.673893636667168,6.176949244324067,4.176357257495591,2.37412949093061,-0.22049553449386544,8.831604178130986,-5.308050790997483,-4.188530864400031,1.1569057585593345,-0.3702720426847703,11.652148191338883,5.421683947807772,10.486912761640202,9.301798575121186,-1.084551350254568,11.779361702798882,4.687178669524306,7.468324216210547,2.8203754706493864,2.156549207531826,12.997425711800384,10.50988943972948,7.2530952677639515,2.117064226015757,-1.119043986485025,7.839767364091244,-2.2882418524543504,1.6669758943968196,5.616116437272727,4.972543218557228,7.598007474509694,3.4084129761084583,7.236963942218176,9.528275545190619,5.297030751445102,-3.132308051285569,5.005096958662834,9.331951245662216,2.7721407021455797,10.713865867607916,5.217014619444887,2.697598199281415,5.846759294730694,7.337146124906688,7.479807385553731,6.476336345082718,0.047017459938213955,-0.07596342859365987,1.3790242315436203,-3.104619017358543,-1.382820993867192,2.028292538055629,9.005536982893418,4.873530772854396,-1.0181636444629492,-4.96372520800399,6.67514017406116,6.7419292789244905,-1.9070158391646626,-3.6834661984138704,3.0649565242572,4.1204888819570975,3.275633016261326,6.726448601938449,1.3851454021320035,-1.1202881140317706,-3.7907918006131696,5.233442238366986,3.5797383007596206,6.885160989953198,-0.44963683085646305,-1.253509257756098,2.1442171186242436,-2.7736286440982143,6.014757102625077,5.103817208064648,8.773111137354803,-1.5627870618929998,4.465154431148819,0.8083636936440625,-1.8721097193843008,-2.203943431082057,0.11442169677659869,-5.988702805135359,-4.275714597786698,7.129804487060719,3.0674811807732665,5.0453333803241325,8.7667477192742,-5.803565534590069,3.9208163643890916,0.9665193486324077,1.258706442002105,-2.55368586155525,8.890784649965855,1.1567915857117956,2.252035189154179,1.3344147763407528,5.845771980458201,-1.638827846928201,3.6238934700983,9.477720846874313,-1.01335545703374,-1.1643673162004486,0.5356964940330856,3.1098681553334298,5.141399901931325,9.338610854564799,1.7957264773197819,7.758641450732005,8.119939758165753,5.3864979162874596,-4.261834247701959,7.354270216743043,7.093299824463049,4.308437208290631,8.338055498050014,-1.237601118435051,-3.0391290606265033,0.8029689000360879,7.264220204499884,-2.4138136982279876,-7.589431014027406,0.6533646560652706,-5.043082955024459,-3.891133014944785,5.481779851930749,5.201836476978064,-2.1330891645938466,9.493764741095799,5.261475060109258,-1.3060303775212727,4.7886780068985715,4.607564104438939,-1.1398632885910385,11.340176435902249,-3.902046549593257,6.574494935429257,-0.48795128631054835,-6.882176844023757,-2.922691095448068,-6.764005309807392,-2.391426224123458,-3.2897448266433744,-7.329902877476204,3.9795032751131503,-3.344653461270288,-8.173318938066988,-5.282946918222708,-8.249796645528056,-6.376058706971204,2.0324978533175346,3.826818466977467,-5.752216442562221,2.6046886816534043,-2.0574373918005326,-4.249369716981672,3.0709627387135616,-8.177533077432082,-5.9574089609690155,-5.751223395541716,-9.02683074147893,3.054633205021781,-2.146591983094651,4.482697758324418,0.5453564568518929,-6.876451988801479,6.175942327896763,-1.328014996120089,-5.138593056557243,4.292391408299613,9.407039362683602,-5.54076571827475,-3.02811391361993,2.9920639586395885,-8.307662876179323,-0.46531220853784133,-5.647243001276603,4.134621104133999,-7.331486367768447,-4.22473161584812,-2.411313499149942,-9.024735666665784,-1.1921652729112495,-4.803364760164687,-4.322312690847463,-6.6766882066963005,-4.2518954560827105,-5.781822704675376,-1.1504656019660844,-6.421802622627933,-7.1998687079640185,-7.044269288528139,-7.009757894565174,-3.9879430668626816,-6.084814000890483,-9.050766677817943,-9.756594456430868,2.846507830790606
5.45380682662281,7.805687500792421,5.309408267819246,4.9292106208812445,2.9387267842979403,0.5019370591095621,8.558709506141934,-4.57951739005371,-4.006173796117939,1.9139647783829241,0.6416140840421309,10.917514072183133,5.21350150674428,9.496004750294817,8.732920773715813,0.019003202902483248,10.313950334684256,3.8244054836108337,7.278178490492796,2.375946263194827,2.8443050043221536,11.57786273669925,9.259765752507894,6.3471919378647845,1.7896910669067088,-0.8830148740083922,7.3451923098432665,-2.422674512244638,1.2411314944986682,5.6088806235348905,4.331799455360782,7.319923422974563,3.6305988940587994,7.250302052838227,8.85705279471826,5.826196848279704,-3.1046419124475158,4.678099728535685,8.710799068777773,2.894773295152271,9.594754538925786,5.463030460643334,3.0025052585985463,4.861089953197818,6.378004111079767,6.9409764013350586,5.768918371855399,-0.2566626273197199,-0.06644829357952473,0.9351602002637683,-3.14401863873486,-1.1880311603767963,1.2580208563687763,8.006997774516678,4.587847056824068,-0.14504740010569123,-3.993228573554894,5.9746512527388465,5.930025886582447,-2.0099764110780423,-3.5251968634572557,3.6723076562176566,4.191367428078418,3.5025401740583852,6.911669570577184,1.1359435357450256,-1.1972865264892765,-3.576964468673737,4.7983406392691075,3.2567127497605566,6.0439265585737,-0.89215604482633,-1.1192515872754991,1.4680373321490372,-2.5391610230607973,5.471901525286491,4.615717987155148,8.445464142163315,-1.8817020047227186,3.487104123571216,0.5048935123599803,-1.6065368741948656,-2.12959118470139,-0.5376060625494075,-5.34198405425894,-4.2619047689978755,5.885318170641246,3.3209983045764546,4.760876197908764,8.29266615209499,-5.3796019335114345,3.397718225768511,1.469337259684192,1.0200112956226053,-2.097175210001457,8.051244668483113,0.36229220210613655,2.9052509899383727,1.2893144598029382,5.118442098276676,-2.2415038452947496,3.0273975291089625,7.968290978615115,-0.579076197953632,-1.159801870372342,0.25320849780198085,2.178574149767445,4.065607195616537,8.080551621498133,1.3574201344617183,6.65732723163827,6.833324014820283,4.9630213615528715,-3.916746027924325,6.360182400988975,6.32894826038497,3.3185649005985645,7.016705280904068,-1.0763563760673995,-3.1421616559791543,0.6410281582958913,6.019424132715654,-2.045061594144618,-6.541026629667316,1.191882405342639,-4.544975924103677,-3.4493278929170024,4.480939620365723,4.305109953331252,-2.14840556895526,7.978290454782735,4.357154346339481,-1.6491962924732444,3.8571104782409207,4.8358182807902494,-1.3893096724735992,10.245945406471387,-3.5963389436730897,5.83401144145004,-0.30643909963209126,-6.181586124250644,-2.6622222484082387,-6.193599795143652,-2.0433568004257823,-2.9708565032586196,-6.6103491011163795,4.064334724807097,-3.3781441672707344,-7.342653870181673,-5.141478947864747,-7.235414941451119,-5.549295947420368,1.8723359889763176,3.180967429540901,-5.0208495157456925,2.0260826451677993,-1.6455227760999234,-3.9099450542151835,3.4217263577303543,-7.102399380158152,-5.341982440980247,-4.964309813816174,-8.078971717253706,2.898785886954543,-1.6074579632726305,3.995851410580103,0.2681220903055305,-5.990359704309114,5.252021760901672,-1.90094314275526,-4.597841852582718,3.6033663899594064,7.916936893248502,-5.070911942401425,-2.6522008486383895,2.7319691599267903,-7.335479223116175,-0.40992081173616945,-5.0067095037985245,3.8976331853906454,-6.660603274864453,-3.846950855587976,-2.0170301155309467,-8.10437923872535,-1.1975939026775402,-4.2017285291528434,-3.8336440332131727,-5.967665893233157,-3.8869915042354637,-4.827918180965747,-1.2913656608747333,-5.750879678213623,-6.331752447350066,-6.5555920541207024,-6.423992934736096,-3.532562738560024,-5.737074537355396,-8.248607872213766,-8.576795307844668,2.252906650273453
5.69085492520246,7.128421917571452,5.063423412062943,5.2383605229729815,3.52176748913703,0.6358493783709603,9.046146095989723,-4.412134829133765,-3.8759957339427618,2.7703217975290726,0.9377221145105766,10.830800080790775,5.514935004843353,9.448895784901877,8.60652012933184,0.3265358004731679,10.201978283657672,3.4568191495826914,8.00710501668719,2.464184881371041,3.3182564868539326,11.258202639525193,9.033917289712642,6.348730571872174,1.4645939433029855,-0.5738917862001206,7.083633881601171,-2.519031199797888,1.0292677983258824,5.99436469190912,4.122909038178038,7.944774152045751,3.085186604365944,7.932878764310224,8.524409300739466,6.383805310569336,-3.326659969631857,4.055231262190956,8.11723222947538,3.2119013860383125,9.302918898594408,5.885112301028463,3.8170859779749,4.088669808263241,5.7713441056706065,6.747145733630915,5.404763330013284,-0.793708474847968,-0.11627891055912407,0.9195379617519874,-3.4392825153814526,-1.2153408345957288,1.0280609410582915,8.061409873890662,4.534870640848419,0.55983554982938,-3.505094918358279,5.374221612771701,5.3600827178922845,-1.9874592254282275,-3.4773399867278942,4.205296299669111,3.7357814963170877,3.1790747337139136,6.615483073077861,0.7380068052470369,-1.2879372252892078,-3.4804987548903137,4.720982420528825,2.4965349076996763,5.625984854404897,-1.3545863662538167,-1.5217352876805548,1.432535217741672,-2.416204673356842,5.46900886346164,4.445044231186815,8.151551381090611,-2.525067996723509,3.330541327207187,0.027500176383383625,-1.504676578089279,-1.6348992977222068,-0.7638307402781804,-5.238995699787837,-4.382990032481773,5.185688385796364,3.5808679273962847,4.646239408637794,7.9315370031430525,-5.239367449780147,3.0220672591831694,1.363518772479671,1.4146219671730595,-2.3110966523629677,7.328437656540141,-0.10790118255696748,3.146254514515469,1.2552463637818747,5.483775940833013,-2.554954358835577,2.7207065477957864,7.4551945110402835,-0.13061534436714278,-0.9946224172061537,0.022031358415055362,1.521066050584218,4.0046499888404625,7.74232190773752,1.0762145866307464,6.2992148919815705,6.65889123150629,5.2430634035177475,-3.97454083810168,6.147878802857499,5.951167384984059,3.219392444390956,6.287845783549798,-1.0308516558110405,-3.5579643416941846,0.6604169427669763,5.303175499138284,-1.97065708113987,-6.062598740964923,1.6580758861319869,-4.513727423498849,-3.508352870071233,4.257802564730974,3.6515037499071457,-2.5924192505333146,7.262957276640052,3.900678952074637,-1.938972937182169,3.4249647145556086,4.480752236256958,-1.8748959519179549,9.802139213867198,-3.495909715519747,5.477334632076468,-0.7208042424333576,-5.975535497068716,-2.1688286057117767,-5.738023346083897,-2.175041804973215,-2.858076789491338,-6.252453792071699,4.328393287053804,-3.909538607907169,-6.935310027565555,-5.121594828904035,-6.813702747560855,-5.434999520761853,2.049447813048354,2.733115902417374,-4.419130853095741,1.808170350325574,-1.7009421474637663,-3.5217192495964946,3.6150560315204032,-6.446417080534799,-4.921812246358988,-4.444720000653341,-7.66734204064934,2.8977017767583906,-1.6108683385878757,3.7981907817762735,0.3265451633227085,-5.662991388002881,4.577818048067361,-2.2421564838742003,-4.319321360711264,3.3657759111331176,7.398285649723207,-4.496284485062884,-2.6336848071158636,2.88565810256405,-6.753467876554212,-0.677413395696194,-4.687164996260952,4.109687732641977,-6.3604151644714655,-3.3281007672369416,-2.101269193566584,-7.625975651741009,-1.1486638635870399,-3.953253137574525,-3.783673373192761,-5.7935542380712155,-3.7109291721933424,-4.298468077277257,-1.5260122777914598,-5.247095681127866,-5.942552058169573,-6.1978005786081,-5.986557042637091,-3.829297269628045,-5.216747256147998,-7.698235703892933,-7.920625679202437,1.663618458230206
5.80248751070324,8.014737417785822,5.303551482678968,4.896251966960452,2.9109099116402866,0.24308145151352253,9.03527316856092,-5.127904289466595,-4.208792801334205,1.992049607746314,0.4711784935832831,11.658518058429213,5.7934404884332364,9.940781992280835,9.265290282158826,-0.2825370051052,10.943384983391963,3.987102572769785,7.715035972220173,2.437415417742088,2.839071101146349,12.221134642025362,9.802819659051073,6.841484302838034,1.9752342923430504,-0.7863185314657117,7.819749701461769,-2.3773653093728186,1.290029889621359,5.795085108925042,4.573469283242877,7.799330145339803,3.303016585970492,7.6898899331768185,9.355103064086359,6.019494379519802,-3.3738364834248893,4.80044498971707,9.018587191969798,2.9788588589362788,9.96855564188326,5.856292732273183,3.2473865169386205,5.162826094980393,6.3149497166653825,7.3050516674082004,6.052769456508717,-0.33231414708995194,-0.11811708973507272,1.1053352199358997,-3.3392761580522676,-1.2520174502447867,1.3487696800342295,8.499670408311609,4.875996478081,-0.03505600869496018,-4.162156611765818,6.373428811016009,6.194857473352514,-2.1196758607841857,-3.463144519520259,3.677816026241291,4.177765087266069,3.6303729785073697,7.018645993553283,1.2015779480566804,-0.9756595958786812,-3.6836216213671236,4.868294421455484,3.2466427714471666,6.515297323586162,-0.8670048341570415,-1.1828283908278039,1.380565721237895,-2.525927809811794,5.79712481823779,4.909808557650875,8.870624231792679,-2.039038766829448,3.4713252736814417,0.5499522957280375,-1.7297465867706228,-1.8953127978168736,-0.5019147278694426,-5.598642459384099,-4.564249221344519,6.26190249955174,3.3531763134714323,4.978209910618826,8.702682095490502,-5.637047564431178,3.617913718814925,1.458644684901712,1.3308365009880272,-2.262158874141176,8.426113777685877,0.5728664273305527,2.910190119944583,1.2991968483900598,5.458151676127256,-2.463180591765465,3.070979937960881,8.351141836865546,-0.5601390444248935,-1.211041667754647,0.0015722806077414114,2.276407776705488,4.325323757994014,8.552196718767862,1.4197909450675372,7.194660843330725,7.380532512162738,5.413847720754057,-4.013452202145927,6.863509980027338,6.776839924167183,3.4197261745515317,7.380687856833982,-1.1880746903223711,-3.2354321813027576,0.678015315747523,6.219144523820781,-2.256936789229561,-7.076528902019477,1.1567783700403593,-4.812598334561912,-3.662022184535059,4.5158035903732,4.558075022329598,-2.37083703301468,8.335674168407738,4.5799879999182185,-1.6987763235604294,4.287444976330803,4.717977448991448,-1.5730380279484186,10.847822839180372,-3.5462172419080966,6.17177372440273,-0.6847634411191087,-6.683713448267535,-2.6258297119607725,-6.251971600113441,-2.4595384306414685,-3.0750636093606563,-6.754569637290146,4.331145197614061,-3.7340439196641153,-7.704102026013309,-5.298608396869977,-7.656615390699339,-5.846507461950072,2.0252354308128746,3.092985342579726,-5.209883194191742,2.052524535931214,-1.7405755695555776,-4.05457086411974,3.4003571825494783,-7.354541455705574,-5.537104216577593,-5.229195650819639,-8.479827509153147,3.0840550760600447,-1.8307837648520053,4.191209490752694,0.6496503615734915,-6.288291170725665,5.515336008547146,-1.962277015697906,-4.749192614971046,4.002522989852321,8.311976011558674,-5.018536643526377,-2.700432577271898,2.7957938681487002,-7.697674121317771,-0.3888741260739976,-5.2057165121371245,4.3535247203135485,-6.980426232975926,-3.7308632033144042,-2.1300490367660276,-8.565763591685004,-1.058320867300269,-4.344922432572499,-4.168053866026202,-6.265252525438723,-3.9014617577626876,-5.089077370949063,-1.5611492928202875,-5.908530486366919,-6.562256044709853,-6.761876060658059,-6.5701857772233,-3.885800310415742,-5.9174678803134855,-8.650913073809507,-8.945639473126558,2.183695425727796
5.263709351157666,7.0765006329084095,4.564234748577601,5.10500183004986,3.2044863024174433,0.8204923630880605,8.573562851381096,-4.222452293222332,-3.673720432501643,2.554717148953194,0.9952900080306224,10.52553559996753,5.46817232409554,8.96086087676721,8.408372400723309,0.41677572497143756,9.650047002267735,3.2132188924693517,7.629929294776845,2.1058552011054648,3.2141234288363423,10.74980688924501,8.63910033805507,6.007778339135978,1.6688779389292905,-0.4566473634820038,7.08477190144262,-2.227637549707024,0.8640878282273078,5.9401302879478335,3.926748731670964,7.581018795363271,2.9451806243987546,7.5885171507294045,8.478757265345696,6.211103177885362,-3.1905057357522257,4.093207086265875,8.013862842445194,3.1182342949147337,8.986919916792173,5.927983899763602,3.4999907861842825,4.003192947748026,5.2193164050504155,6.470403615294017,5.151441011601033,-0.5983564373869642,-0.38807816342196993,1.0605544548895884,-3.4767510715353627,-1.2116339223426562,0.7315754737209877,7.546630953511388,4.407070201211962,0.7425989767349266,-3.036565657361866,5.257698803768794,5.296250991371632,-2.0611029485377745,-3.3205974157769793,4.021870002199373,3.6652732004760913,3.3147855238545714,6.514722188299021,0.9246710218399704,-1.1359383716812597,-3.3684422333006188,4.456858535766179,2.582255284735211,5.5646458609961895,-1.2352534040563798,-1.2168368594657621,0.9918706722078914,-2.116082340392152,5.085791448541657,4.459694387457551,8.100343814820445,-2.477902180027235,2.7864106272983307,0.22222709264429774,-1.463115264430479,-1.739839796545696,-0.8765751984352671,-4.817362686119432,-4.364024500474222,4.9911067797767315,3.4793392945298476,4.49033480918752,7.684874185493819,-5.025367447525069,3.0065436286967615,1.6290395120592622,1.4112124850469228,-2.1901480267823596,7.119135558696391,0.0019983211703156777,3.19908007476684,1.2273804008699238,4.997037744948227,-2.740594978233347,2.523142619126099,7.075961040779879,-0.04735597573574392,-0.9266288624273593,-0.2911660195364309,1.3220129504419174,3.574495841889474,7.267479571528489,1.1102308646372108,5.9908976280005755,6.285713493504295,5.043584352083067,-3.7631332945854514,5.987598320602983,5.889884314721037,2.7034679502270245,6.2343350243464535,-1.0875480930284207,-3.3090721256924187,0.435026852209481,5.111284030253049,-1.9302371542890229,-5.844693063328486,1.4467022256054645,-4.240818433786214,-3.180782913764024,3.7534917124954785,3.728228990018163,-2.369832031061163,6.7895712208089725,3.6953484708732227,-1.8529791540736984,3.393759861610988,4.357554663650599,-1.9643786872285718,9.507327265772787,-3.3310236041859667,5.450510929155723,-0.7606389527236377,-5.792251344254344,-2.0481124655581975,-5.438740389465261,-2.2210445561064107,-2.6525426420064697,-5.988110241276608,4.252978826971938,-3.7041418186123027,-6.6085233402003105,-4.81149154880156,-6.507197511819314,-5.235483259181917,1.9346450836572706,2.50263517552048,-4.294953158847451,1.5429924312405308,-1.4623759086779873,-3.3534433207095105,3.380149880880643,-6.0515266494033275,-4.606828012289176,-4.198826415046651,-7.241708832263373,2.845743584644684,-1.482523666951664,3.8242053704158487,0.3339616351790112,-5.37718226683107,4.450257349505247,-2.2045915634494784,-4.167839424912409,3.3426789766994256,6.982261488222594,-4.320981768847288,-2.2369438716567536,2.5702382185952337,-6.356844797772621,-0.9763517883560099,-4.44108038699697,3.8746382560713557,-6.162849712113787,-3.217210828909183,-1.7871084297685271,-7.27851321043632,-1.0008973265496466,-3.9732612104392144,-3.698560128730279,-5.545064754884832,-3.742834479913338,-3.9798853426921994,-1.7031301997935715,-5.108120961221289,-5.520480927356981,-5.87057923433787,-5.825319417565602,-3.60692188450612,-5.047489671894831,-7.316835173930711,-7.545803616064779,1.5497756548248902
5.959021348126787,8.080659194218908,5.720212747547082,4.435211255619721,2.678886719760617,0.006823099387036815,8.811467646190662,-4.929748262072093,-4.134896879624891,1.643906902285545,0.06343659816569432,11.461449308146367,5.483594197452492,10.12132084069587,9.055929045034766,-0.7000234852568922,11.200089976999562,4.326950078418903,7.463100427892168,2.626663935960836,2.4666141557889407,12.230303910588344,10.002391349346095,6.820192972246396,1.854711777577771,-1.0164242073597234,7.59911534876497,-2.298960492073382,1.3916993253958112,5.649314207747714,4.81526606926287,7.635767700511367,3.2337101263182624,7.447152990606933,9.101943737564183,5.750007184114246,-3.3127880825237455,4.648625647611016,8.761892063960309,2.788814394403641,10.090421633609477,5.383784405282586,2.9823335947497243,5.2626319706785365,6.7251281379312235,7.126660808887965,6.081414391525565,-0.18446179860451964,-0.04422285263448345,1.0414454857983024,-3.118938121088995,-1.4056589018720107,1.6318507883734075,8.597225188579946,4.720273151585223,-0.49052618597670783,-4.375154563555214,6.365827848496287,6.224159703282288,-1.8757041133305556,-3.555709006564336,3.270443540343447,3.930628036683541,3.2982010823998267,6.707266102180241,1.1335620346158353,-1.1607548315499436,-3.540635055177667,5.018853529060694,3.1544212613603704,6.451473081873937,-0.8048214480143414,-1.2788102320499242,1.690920239417386,-2.580802883048233,5.810547616148751,4.616142101856794,8.650887648637964,-1.7803673453381572,3.9346274156671663,0.43828302875952374,-1.7510506834417845,-1.9175230125091325,-0.19077046584742754,-5.638115820066574,-4.33422239131103,6.4548864296731825,3.2252820300729588,4.943999995503974,8.542625064381339,-5.6802424453765665,3.437586122096224,1.1818153532103688,1.2916957899652917,-2.3211108812767733,8.354460676874998,0.6779540996624169,2.511846957172071,1.2412373059419843,5.631458811408922,-2.1152933610157922,3.363053548980001,8.671445667450444,-0.7226236758010964,-1.0631447067265298,0.34643892828923484,2.512565573024469,4.675381634192442,8.835281263502536,1.4504296935316325,7.283690623993809,7.563132577860054,5.2215371122481,-4.041084187125218,6.977090035129973,6.7115009248394495,3.910454874203973,7.6222074256978845,-1.0717770967429425,-3.2522985353693206,0.8883746214918841,6.558061712737212,-2.3226479103310886,-6.998848884890523,0.8641956597799423,-4.917488037540559,-3.6086300858010336,4.958887482486737,4.69349952001361,-2.3394224538613697,8.700554705126619,4.64758445550876,-1.5323117926198067,4.255599712198524,4.500528225863371,-1.3606757214039913,10.848331713506838,-3.6545089424634094,6.126136336738415,-0.5746976781612629,-6.4896780525775055,-2.8012515899771913,-6.340118152153379,-2.4079665713626195,-3.234417483567499,-6.925828625913774,4.047992988630847,-3.3516075156672223,-7.6538945618080945,-5.151761067053173,-7.753913097057097,-6.138690744424346,1.8707446245322819,3.4291777569909656,-5.269000494474356,2.270527741598099,-1.6863313172364456,-4.161316904862182,3.2215621514084813,-7.357429079555593,-5.4555381517088914,-5.208877666804156,-8.474828675506128,2.9728555323733055,-1.8261215694904285,4.309707876713528,0.6143484840706143,-6.458822456019497,5.468272724872247,-1.7371822627141793,-4.850350667633501,3.851625868933361,8.635912149799745,-5.128264235057819,-2.7491393729007236,2.917652975529855,-7.654469953435624,-0.26263936723641035,-5.292245104204879,4.221211327076765,-7.071340738587409,-3.7107030924506534,-2.0940464108891454,-8.407901241928498,-1.119320436842672,-4.325260987363012,-4.161621360856212,-6.422451534105653,-3.8108836990458266,-5.304161368894861,-1.3499258792914899,-6.010308004865945,-6.676744681250026,-6.800070272556,-6.681075788710735,-3.739882664233697,-5.795960253852333,-8.568244897811393,-9.05031358986014,2.497199351756944
5.635326845608622,7.036346920458819,5.03523811414011,5.05739982251996,3.4155919250126354,0.5817373592661789,8.98910008944216,-4.399882922953499,-3.7941609596511516,2.697974785812134,0.8443654067084587,10.677861275989937,5.500710643171912,9.345301932457538,8.381589711326383,0.19126783119779364,10.174697575114317,3.4182498155690886,8.03424503807656,2.530390252619339,3.3281812659562644,11.170567197509492,9.017630770156888,6.328658415349045,1.372258304239108,-0.761474723380719,6.907843913860348,-2.270824703349968,0.9644548757801729,5.90155167824248,4.031671201170635,7.950612249629538,2.9093564826363174,7.876688566682953,8.323920343242733,6.227895889955404,-3.2237326753852726,3.955383124142641,7.882293533177932,3.2895075057115957,9.19731358362035,5.76992257719273,3.764879492653145,3.96734651619386,5.699747965989254,6.5429600980600275,5.250926498093238,-0.8562311371193966,-0.1858665254263315,0.8274503013524539,-3.4621159286798218,-1.2103730030780662,0.9862405729434953,8.016756647292837,4.42605073623616,0.5223956566131505,-3.43358144961535,5.245101250589461,5.262266079826185,-1.9291173479667776,-3.570301264110242,4.062971472727195,3.5528507636083857,3.019211068190264,6.389296706486146,0.7214997442275107,-1.2074541593371413,-3.46084758813925,4.612991215708609,2.2521995220772926,5.525480170394343,-1.404139571398115,-1.5078887657449216,1.3253626991503122,-2.34228813556093,5.286397743066501,4.255487903924372,8.056746186458785,-2.414783871243541,3.2869906388508134,-0.12240698489279572,-1.5931236650685099,-1.5754780673306508,-0.7395408833153222,-5.071980564314895,-4.153667558308375,5.07895466874973,3.3877239274908586,4.600080828344014,7.763148316897254,-5.200674992835516,2.9046475995067333,1.2890346246723359,1.5430361097439405,-2.299122324189879,7.148800061686323,-0.06503445115677238,3.1469706593466915,1.2031203559506005,5.553077581179152,-2.4217218837278778,2.602544542566741,7.405375440525283,-0.15344452996414826,-1.0834159947951945,0.19031188958255302,1.3961473327999154,4.0822594838794,7.696140123797879,0.9916509014455557,6.308817163997755,6.693971982095997,5.273975616365684,-3.9274166433027373,6.108172128017797,5.868013816307155,3.238845568836533,6.224417532238433,-0.9820311693199556,-3.4048578803735756,0.6785063286727393,5.270986682522875,-2.079562583347006,-6.032809353734644,1.567777132491549,-4.265904656141696,-3.441255616977229,4.2004532357748685,3.636369858448106,-2.6307328669877306,7.164734661709687,3.9147181020579596,-1.8410961542970976,3.3188322425549566,4.377804635597761,-1.8745933865812223,9.712743029052538,-3.5335257539439358,5.394064113713998,-0.8235652566912935,-5.8821087031412915,-2.0274999740080926,-5.651867118583974,-2.24854151929985,-2.6849716292654517,-6.169506452099128,4.2673186810936174,-3.8418508801445546,-6.8798463361924105,-4.942551982024644,-6.707744103253164,-5.4512284996158975,2.040071098242191,2.6034995495281694,-4.421481134150866,1.8410674973652954,-1.570262756773121,-3.446184848779285,3.646653060736243,-6.23934938177116,-4.84421778391235,-4.338792236700348,-7.427048256341666,2.9014632868737253,-1.6070261322169896,3.8204335179396245,0.28498936558589794,-5.631685359632055,4.357610975004236,-2.223352028251877,-4.357495495200463,3.3729819449356886,7.305056673640019,-4.433791957140834,-2.4892373904626033,2.887265390125929,-6.663141569279075,-0.5917837086202703,-4.733147045637687,3.9967034904249408,-6.295181241235397,-3.255817231845846,-1.9410346845318134,-7.412668494728533,-1.1119938606391724,-3.8375328269219353,-3.667784389005319,-5.9028532641065805,-3.508911949202676,-4.24287447715755,-1.5459613576716051,-5.2100003537861435,-5.864905511531417,-6.0340487059386145,-5.915480836578981,-3.612713609401372,-5.19764292092467,-7.528034470073732,-7.835409135033866,1.6623256390472139
6.143511097413433,7.343650256915496,5.290876252307698,4.446881341524627,3.4537415192681937,0.25635710942808504,8.974428125563918,-4.627406641093139,-3.8316361571541204,2.2660635954187587,0.4138147774575678,10.540182290060933,5.061254089539223,9.8081317918029,8.508266946704374,-0.2826017798676198,10.61957069136072,3.645429159403206,8.15018504072102,2.5576500968343465,2.847755192580167,11.505740737897412,9.418810372003541,6.320740943945497,1.2683844222505163,-0.8405354206793333,6.821263074615808,-2.182534885913206,0.9959910203283017,6.16160410698784,4.0691255097433725,8.045462302392108,2.472933481039122,7.83734574183417,8.206740701965,5.828277288738949,-3.1809043402762587,3.6374677538779276,7.979085524012897,3.3000870637891677,9.807049742950129,5.676032560739129,3.9200350231761676,3.8646891879270897,5.920224933530815,6.802931823109852,5.799491208702966,-0.7985923823441816,0.045323676542563564,1.1681118435895979,-3.2469954410920474,-1.5411894863154945,1.251687789754154,8.53038930619463,4.365115206299557,0.160680767532614,-3.618665886784888,5.1437801007074135,5.4972345640462335,-1.5797637978455017,-3.509006620371547,3.757332081186835,3.1353097295164845,2.528430858981305,5.863923501380487,0.5650662336461474,-1.5071819149645886,-3.282620859011037,5.023747403726191,1.9939647424116151,5.242628433998054,-1.0976296248260924,-1.4379415187173885,1.7744011866074192,-2.338621202740632,5.373119508527703,4.138505805382152,7.614243938384431,-2.125136637285116,3.870392417361058,-0.013401157488684375,-1.8073806647592594,-1.6611448484885538,-0.27681201098401703,-4.913284328600404,-4.183682408973449,5.132808215803744,3.3236500170318104,4.371921292932352,7.623584235201789,-5.532197056184132,2.9444278883013824,0.7618464729164303,1.5074112814130687,-2.569588199096521,7.116807021361226,0.10815632588908225,2.482199799053582,0.8818514944741257,5.761437292112216,-1.9111819918358959,2.7544823303131567,8.063639636716184,-0.40898379878688124,-0.7429411320381951,0.2908154516444951,1.7145210657477672,4.348837249052735,7.892347088793998,1.3231562280718219,6.314496033554789,6.848433937393644,5.128081445121087,-4.177161940750329,6.313426473772426,5.6531664110579385,3.89101960857357,6.499098833772228,-1.2665517894063656,-3.2245839392289124,1.0040823404599484,5.9310553985917975,-2.106506631742839,-6.02423668025233,1.4071347954647406,-4.391967029061123,-3.523484056587812,4.666980837400785,3.8531921952918013,-2.5355862982565247,7.692842771678769,4.124094969580114,-1.7631257692182805,3.4213836317953863,3.977401231185424,-1.5041356175074587,9.635300842327176,-3.609394903593491,5.630904081576609,-1.2963574614202302,-5.866594796712941,-2.0152486680059982,-5.831111657280163,-2.5237735080064474,-2.6620801944245795,-6.339523856936812,4.271572833948092,-3.6997862772749306,-6.832035182059676,-5.120496646908803,-6.872322848708444,-5.967837032181217,2.167638045888499,2.8058225513150092,-4.602393205497906,1.8995178795720513,-2.052228900971001,-3.4488474239683957,3.3687261419630903,-6.294291782645642,-5.022118436159003,-4.39799217834814,-7.461159710357554,2.6300120459161054,-1.7886785196821857,4.26301850637451,0.18708125356657154,-5.756311946337957,4.5827687638695895,-1.9645126182476051,-4.564106889050792,3.535511579537958,7.967604828326947,-4.619968661990454,-2.251533764106221,3.3359116752602405,-6.877137220407549,-0.8747041948212955,-4.825198907661145,3.9760610927118414,-6.2401973807555144,-3.4793660396253174,-1.7841265690013457,-7.416841462627078,-1.2652131042066048,-3.9839732840084796,-3.5826052078520654,-5.8460618508323465,-3.716379666587623,-4.247710892144182,-1.22259873334724,-5.24959114640135,-5.910216413112531,-6.085199052039766,-6.001119077362467,-3.8821419371152768,-5.209098197196015,-7.490789114222672,-7.94334681107538,1.6668398287126698
5.951423858275021,7.467305141682437,5.4739651813650765,4.58355360909594,2.9347351736711413,0.2261389258183069,8.85917887937356,-4.687369218060482,-3.9096646029229016,2.1694895616622527,0.3408523247951934,11.144657684380647,5.638474537158709,9.719257759258698,8.521316144654433,-0.3447853753545401,10.946303904589122,4.033489390373314,7.824326688093577,2.9268535263987476,2.8397198085456865,11.860643948761535,9.668310802523251,6.9060593964010595,1.5575615503019828,-1.051859068245806,7.293793128651541,-2.3547812303492277,1.0200723693599465,5.540020427341853,4.566471214342152,7.826717069501499,2.9313677922200116,7.602645013355166,8.67095702389037,5.8874822200904156,-3.150303416975413,4.395080735622025,8.178578245222358,3.021246622260094,9.55937614241398,5.304886722947898,3.365876211475405,4.7899584510432565,6.300114782900644,6.643400806006295,5.487050859066012,-0.4578521659812802,-0.37035206772152773,1.0103158907557852,-3.4909663905168773,-1.4787119763334584,1.5325172461083756,8.454087453615267,4.5047294648079585,-0.11594192097194114,-4.198123934481935,5.847761625055131,5.6995277245408325,-1.9620695646458655,-3.3939536904623138,3.59679813843225,3.7982485489959323,3.0003131842747446,6.4349290436180295,0.7367922717403189,-1.0409425848387799,-3.5145962284498196,4.808583108793375,2.7322973496190195,6.1083391531940485,-1.0319500464250628,-1.438045044174196,1.5891390133418117,-2.459425687454381,5.902068775412399,4.498460105754026,8.343234154072523,-2.075553437981794,3.7157531486664523,0.2480606327091691,-1.9187062572776437,-1.2465506553885466,-0.27910399500535465,-5.47682666418974,-4.360407826054044,5.892837471796447,3.136919014167275,4.877717997926058,7.964209729929255,-5.444369326191638,3.1283398383272507,1.1251090613225079,1.472624991180042,-2.191468452266018,7.691641890362816,0.3096958065267337,2.736305251709995,1.1480697762291032,5.776290710834392,-2.242603391302866,3.0420527948393494,8.117292096540968,-0.3893192858293698,-1.0070404676454847,0.3898082287764187,1.9531000003012315,4.693927120387259,8.489277817004211,1.0605225535028833,7.097501106604162,7.496180731129237,5.392642375903319,-4.01755454642396,6.63453381466985,6.282506946091966,3.7139671736137037,6.956684850440659,-0.85448635140462,-3.455316921816283,0.677269642557979,5.793006773990571,-2.355453080487731,-6.665779103816188,1.4148869096780914,-4.624403527657001,-3.5493156576588722,4.591686795960019,3.9985944278373187,-2.6758787521637517,7.994995461488133,4.318306579680142,-1.628866114532315,3.860018496285335,4.194383201212035,-1.4963843243772876,10.449420285432808,-3.42075908887769,5.5444183375412495,-0.8317487263035278,-6.3991536029640095,-2.3084198606582276,-5.822523804084828,-2.17144171745879,-3.0284049933804926,-6.347213609095121,3.9945746886538647,-3.5788817974353266,-7.286470006949152,-5.062244213881731,-7.405584967294268,-5.820039457050529,1.8437127619025078,3.0055773195856275,-4.826557299653123,2.151399473986561,-1.5297435363835548,-3.785294051703997,3.444268271792177,-6.856629778700101,-5.116839320949835,-4.910427718207326,-8.05050806496509,2.9788150262214264,-1.8200351362261078,3.979809383653438,0.8767204440967442,-6.085023335149831,4.840703161580819,-1.928996667020316,-4.479325167104259,3.767181684270418,8.051254618156232,-4.6342924230749505,-2.84520234696883,2.80952007076711,-7.2596533969448895,-0.21735824755362226,-5.151598788296575,4.573595344159828,-6.64293906086499,-3.1097751228316373,-1.9655184873293943,-7.943054419078569,-1.0414712036269735,-4.139392000005644,-4.033751924311674,-6.267790551795504,-3.4400849927404864,-4.836369130575751,-1.6465842353151732,-5.374583873237307,-6.278084123053289,-6.3216683788708155,-6.1191920961951975,-3.918308760588983,-5.487174557471684,-8.18968538614513,-8.48999806183438,2.0615472883470582
5.5713311487568795,7.112472010816578,5.0588858998508,4.806281649407483,3.4381850213411687,0.48090107132470183,8.801598870298125,-4.32100819869894,-3.748297234206758,2.449614500460465,0.6329825443032135,10.292210215998882,5.0353819050102055,9.30426001964816,8.299677101943894,-0.05685489066260856,9.999050406233136,3.4094023513974143,7.8278437997101324,2.2801904894574334,3.0664038403652736,11.017242225770426,8.928031325903122,6.008687618280753,1.3561441720479197,-0.7505220786475707,6.646000524775425,-2.259687891292664,0.9778355405231112,5.869858209978297,3.8271712040173096,7.773467238030606,2.789019728167191,7.644089917679593,8.124903229243214,5.8385511271130035,-3.1927684054959173,3.7040466510196053,7.853876101328266,3.194354507686576,9.337695675167366,5.6543679996005825,3.74128150036042,3.8117436110594753,5.701321514299466,6.626801419260968,5.507061860139623,-0.8584675627765188,0.1058494467206879,0.9754974522573923,-3.1724448593694423,-1.1835593407589327,0.9492888920197913,8.036047497117819,4.2949235709563345,0.3147351007693226,-3.4133556536594396,5.128866708134486,5.314138341134216,-1.7326699672464387,-3.4171864882939764,3.863649250422284,3.2804137871909904,2.6829789349027733,6.015368615563578,0.647069669862109,-1.4149006747662514,-3.35069903585258,4.630560688284501,2.1661314433498244,5.27235162599609,-1.073591373437974,-1.3973133714098795,1.4409071715986683,-2.2861684929007757,5.0452509199009965,4.106080934942393,7.67580100558631,-2.3437175625654696,3.433717746765636,-0.12538056815233392,-1.6690127182064316,-1.8756674047334407,-0.49304451361074236,-4.817218000650034,-4.073470425086069,4.99325526464699,3.20474725606673,4.224421398826901,7.676288703818411,-5.137633755015099,2.816591810044957,1.091274855707154,1.4083687272713001,-2.387775933718606,7.016768567284111,0.012780958631582557,2.7902240989624487,1.1423933997529245,5.3925441429217065,-2.1066080334242505,2.622645087492378,7.457829545587361,-0.31451134511864937,-0.902394833217685,0.23246294140170448,1.6016939491020843,3.952210303523917,7.490685238135096,1.0199299543687181,6.062875196300753,6.442758309594523,5.0689505944892135,-3.9091882789767527,6.065001323694341,5.664712812054349,3.462440975803502,6.188130032378163,-1.1536802621008055,-3.1221330446960383,0.8137423731984434,5.506169388184237,-2.0097289119931956,-5.812646415800085,1.3946539291354758,-4.211455542232541,-3.3643908724809677,4.336380311154441,3.7689463268717383,-2.3287156090661547,7.240825299181511,3.8924274914907966,-1.7285396002168003,3.215053353849134,4.284274261214534,-1.5638590963037828,9.380788101157435,-3.4756187674245043,5.565222458004365,-0.9236112339572727,-5.705882583888635,-2.1408713996295976,-5.612581586532055,-2.285308492175242,-2.642947533372618,-6.105726343422464,4.199656153324347,-3.6924977865443847,-6.660428582650596,-4.820335870366127,-6.603921721491964,-5.472903659276895,2.038977526355989,2.491056691348119,-4.388248274144281,1.8856905470281424,-1.8562478212303957,-3.3590454445519464,3.476873181912061,-6.094121490015396,-4.76902170579222,-4.291940235713685,-7.2204434412128515,2.7966055964690812,-1.632807379602308,3.898874814512352,0.012298612812619377,-5.48146318852616,4.428890112243497,-2.008203172083605,-4.4041579327077995,3.3685944464871365,7.457920643138336,-4.496432201153976,-2.3659039261040404,3.0812830476201674,-6.577884793392427,-0.8191443607537987,-4.606221569236311,3.5983697806540897,-6.155377273610214,-3.381984039345571,-1.9400462673677539,-7.181728307819272,-1.1181782243035612,-3.965528999308884,-3.421765179352309,-5.614944307804351,-3.738655047738758,-4.159531620804449,-1.26938607555886,-5.126108918452398,-5.740629262379102,-6.026607796539655,-5.8498495342074746,-3.58321026519791,-4.985110670237624,-7.330860970338449,-7.678515655381274,1.548789045885064
5.805547810686591,7.302090106076375,5.380039529561149,4.575690790244408,3.2039730122050196,0.36178897106244917,8.731405693548064,-4.406547158931567,-3.82818668685437,2.169733101021581,0.4000638541196571,10.56928158801763,5.121548708455755,9.579560969014397,8.350217365842381,-0.24827424617292612,10.529302433563014,3.7293795463624084,7.790503640396482,2.5888883830959166,2.8443444691700144,11.446542371151168,9.323972713747532,6.370398133032198,1.3344050963931255,-0.9537306326697303,6.846384831069508,-2.240016657886382,1.0745983057995625,5.714171245267197,4.210368836694202,7.771987384587923,2.863627744395315,7.570955229444533,8.292285788848332,5.730417902988626,-3.0568700354857605,3.9653475600618173,7.991330391269884,3.1267999945986893,9.524613724724649,5.374568160120329,3.5253551325114327,4.300325289491254,6.061823528967234,6.62329304107409,5.564305236157771,-0.5400784946506265,-0.06974428269731207,1.0559313968638604,-3.18540074067345,-1.40505965572587,1.3075523352686331,8.31017393324124,4.246224540990621,-0.029339561519133275,-3.818856811499171,5.374164649944223,5.503456872631391,-1.799761928614015,-3.396898650700542,3.6834759114291837,3.504398461951048,2.724324771291592,6.117246335515168,0.7400468138740854,-1.3264775104528235,-3.4178559492429255,4.764685844220972,2.3720127730356912,5.57184287327032,-0.9862316682667585,-1.3719822572143245,1.6132644794886717,-2.4134710857503996,5.474798311562764,4.2920581534431275,7.876019876412057,-2.0955405342302242,3.7150092346233134,0.18458286691073486,-1.7561963862316494,-1.6507200741244967,-0.21739385531977584,-5.135622423187584,-4.071837362869616,5.3834971785296535,3.080973712067537,4.4031735542661075,7.734354434324269,-5.2575048321219615,2.9129803266157794,0.9597096568077993,1.3939915216003145,-2.489654734914898,7.293765596566333,0.09885087111445263,2.630039368890942,1.1914081351303558,5.581204389152782,-2.0181976537535937,2.85702466104675,7.898645187369186,-0.4350383075793435,-0.8860141909291599,0.4123471015807575,1.818350074731251,4.361470521514881,7.929502538440793,1.192162472345067,6.503250996329843,6.93023844155044,5.122451476305709,-3.9685273443598317,6.340155851136692,5.9323606131239925,3.712611013633854,6.673325235737415,-0.9649885404556453,-3.1851258006111243,0.7679865085128739,5.7473009734244025,-2.150397067491741,-6.2161199684388615,1.3440932478832142,-4.397965951264515,-3.45774280932351,4.561397654749737,3.8784428921269485,-2.440599376789771,7.6900783070696805,4.178136155108049,-1.6400241989148538,3.6254487231555546,4.208061644143275,-1.5856029781237766,9.834956145293479,-3.5145063543260897,5.559871145866645,-0.9872372534547322,-5.992354998212577,-2.162610103326546,-5.728558770501022,-2.2319906120124937,-2.752861348075868,-6.331025118097984,4.054369261107911,-3.5663740020371515,-6.955976363338073,-4.911718891813487,-6.964762793829085,-5.6435044475702805,1.9891415231659673,2.8106588422520598,-4.647910410188516,2.1011623197912086,-1.850097794338818,-3.5022950304513376,3.4419653375800747,-6.500105502099097,-4.939630540972133,-4.582670593706904,-7.647712900432792,2.77419539545701,-1.7774083004625119,4.020295260123922,0.3819651911075423,-5.755921822256258,4.687553777607126,-1.8160197837684775,-4.482658339812535,3.4616688702353473,7.88470447603473,-4.680163953274621,-2.5551124521318793,3.0130808100397184,-6.95544260962348,-0.6086062764604523,-4.825317168655295,4.009066346688146,-6.3083691208001325,-3.32183321468931,-2.009006930588162,-7.538274001388426,-1.0489715355472342,-4.077012094764321,-3.6461319057981054,-5.9334180792329425,-3.606674472436382,-4.541033095931422,-1.4400360490959985,-5.28732428826361,-6.041136707937441,-6.10167844207475,-5.975719061408484,-3.6779257903391547,-5.235383074925396,-7.67575257393916,-8.053570686489055,1.803970725022435
5.511834218875646,7.812469313982892,5.410040420136239,4.905786905186556,2.855284358484081,0.5809025674097857,8.805309576425191,-4.6705247522076405,-4.121419783331453,2.1554540059750176,0.6272888079557597,11.14457000036306,5.672535579011877,9.71969909009314,8.695744247806545,-0.1469374279599346,10.678020954305463,4.003614968740779,7.702033590752528,2.735280495551061,3.1402065332964177,11.92312284311171,9.537448318938727,6.785676172307844,1.7940354034158608,-0.9713046921448268,7.477498630803704,-2.3323042330572537,1.2604002633413494,5.755139554496764,4.388432035089606,7.561665791796022,3.4540673426503035,7.356680605747393,8.79861660823756,5.892484774495659,-3.056682326256484,4.72479508914775,8.567388035940967,3.106121553908883,9.642566488081739,5.503407846042823,3.226335351548162,4.87942105157519,6.349388026739902,6.759345347805248,5.579102705115409,-0.4952532065248228,-0.3353048736052256,1.028815655984623,-3.5047209301953366,-1.2063842318975342,1.2760932323343996,8.098085901031006,4.587014030441164,0.016897590036713577,-4.0636623168759245,6.033454455585558,5.93167506740363,-2.2657955490726476,-3.5839365877089264,3.708612087124163,3.988654593002266,3.4269285093267388,6.846349315949469,1.0810368115259514,-0.9834784196806902,-3.6495278119360943,4.862668454965573,3.0862746555812284,6.176050687442364,-0.999202724744207,-1.1738384598351401,1.436347112036411,-2.5248156837465436,5.553148707930814,4.608754387887912,8.560161166599022,-2.1553985469107957,3.4463983111742427,0.3268691189730675,-1.7152000422341345,-1.9007241142707327,-0.4973041568674027,-5.522842298021074,-4.410999356802028,5.922405175065551,3.3917791497246914,5.11809470406012,8.177416099550475,-5.497364610585253,3.438645531206947,1.4812937098999686,1.446650122040465,-2.279383574691888,7.893773485120532,0.423853439910632,3.074522405011299,1.3510846296702739,5.673367623873408,-2.35905736872787,2.9803482116750595,8.105217921698056,-0.37705138393397336,-1.2687548170923064,0.43431820987713826,2.1703473454051214,4.504973015574199,8.317827560788981,1.4022039023440915,6.960675707796837,7.319259433671369,5.427069534863056,-4.1446844867402195,6.6352613002587555,6.398465791540743,3.4977093248646174,7.093322997902983,-1.103934838525415,-3.233006810803811,0.5048120089499727,6.082318073105875,-2.1299540645894406,-6.670236901767379,1.261478469731136,-4.563806169995131,-3.6221352753153107,4.488201769813533,4.308378949740354,-2.3592426668576976,8.036693521807896,4.595964856952773,-1.5460235033013612,3.8568006843648455,4.745214663562892,-1.656942224793525,10.431128703107257,-3.712071712748596,5.877171084445935,-0.5592654092195581,-6.352436878243861,-2.3549437917905607,-6.126435049377716,-2.1393197001666198,-2.8931830267141794,-6.62585616735944,4.042890441698652,-3.6265439199645737,-7.5490028894551,-5.115784627636618,-7.5016031109466175,-5.76038191677739,1.913195940256598,3.114821399392065,-4.860216960022392,2.1588269455617115,-1.5006814543427192,-3.967204957757214,3.5794157309068764,-7.125470819195745,-5.248103416950951,-4.974190707142884,-8.108434782573145,3.2079704943214202,-1.7449869757308354,4.0468980250610835,0.3866703455298319,-6.2140178262669,5.086079159290023,-1.9298879936152957,-4.6917866380982245,3.6083401787986316,7.976621909440052,-4.8017029552682455,-2.563562174270332,2.6135648417270727,-7.310000724550277,-0.6905781821789146,-5.090102801450723,3.983011189069905,-6.724930481909804,-3.7240582756843996,-2.150986550596722,-8.222054294771299,-1.1428429460328304,-4.436930255489272,-3.9419085071993916,-6.147634325199173,-4.0496053556112,-4.905984802106428,-1.6139788325962456,-5.727719938357899,-6.286512109857703,-6.577088961117031,-6.556376720851765,-3.845476078954861,-5.6085150269066375,-8.194057142242333,-8.707345098121419,2.136764417475518
5.504556860538834,7.947404798953204,5.046526746121625,4.917016890121652,2.7100816601575306,0.2727309039861336,8.726903924713111,-5.00958851228317,-4.186786340642474,1.9206994912754551,0.5983756453296142,11.31643284132759,5.646085672678956,9.518029312755301,9.02507034278846,-0.0396822985282293,10.516171917044675,3.7204061886023627,7.4159106807367845,2.305941256926376,2.8297069316897576,11.86866350432383,9.393427808403715,6.737875070209477,2.0295563304341773,-0.7168025217920392,7.553959345644177,-2.3176024175765173,1.1192883735690151,5.707442259147006,4.362536914332076,7.50014736609938,3.4499836404607627,7.4334175226266614,9.307650631322145,5.8762440380128265,-3.1210366334367245,4.944720085220751,9.004539288000412,2.8062800725716386,9.637962631994474,5.761849973175238,2.940810359870464,5.153139739441643,6.262296619239903,7.152171598927966,5.783812347904786,-0.25406255393605254,-0.26511866339333134,0.9694811210000406,-3.3390321439110267,-1.1035958404841775,1.2928288356527324,8.148191750910588,4.919028993450302,-0.03617859609375863,-3.9919145477194604,6.123982638397283,6.098871652612368,-2.0691057993184674,-3.4524875511633915,3.682726519739334,4.330426810138723,3.7074073338794564,7.065432412275557,1.208492203475928,-0.957731575727999,-3.6843972675848806,4.856012122882885,3.319357847943002,6.429809883771454,-0.832053268035813,-1.166777666463957,1.3277489506282125,-2.406245474288029,5.641284865637511,4.889576914892149,8.746390972064518,-1.8501940925456677,3.3107458061046446,0.4851805119104364,-1.6428795606548638,-1.8515885163646884,-0.6535933935950377,-5.283446323715531,-4.4942873373867425,6.11771674970704,3.3698059509801963,5.0096819933357795,8.508722726576098,-5.4718748596679205,3.5646934967502615,1.5154492955601495,1.2376074833687711,-2.05358618559628,8.435865702526023,0.5899862341063264,3.0170152285744796,1.2478718726012508,5.170128079019167,-2.4325396865608795,3.0149881500585307,8.132108820846735,-0.6185564927582714,-1.3193819259971415,0.0019207069886281024,2.2128965903050433,4.064258433990528,8.289402959193591,1.2246837848910497,6.992860108242324,7.138773491578488,5.222077341163033,-3.9054511210807576,6.510995354758174,6.612652981926578,3.1057921907649977,7.240071439372978,-1.0183679499876181,-3.231783402318148,0.5023716135733549,5.980760249577788,-2.1928769843154545,-6.962590314342304,1.0782593849427,-4.7437226712244716,-3.5174617091074536,4.271226380475833,4.5457898312433045,-2.153551872996073,8.087279539792009,4.482291020816611,-1.7426226222864079,4.055414758599212,4.843044861140678,-1.5492096627672802,10.67523233990273,-3.4690382815045395,5.950966206688284,-0.4442216739407373,-6.391106870602541,-2.706502530282214,-6.0996899226048376,-2.429442223254108,-2.921764035493866,-6.5579889393935975,4.239485274638105,-3.4588528254675377,-7.43625941422112,-5.140292797197023,-7.435738502996164,-5.52809485699679,1.8608732905424472,3.112524404004957,-5.042586152785519,1.8795377242842792,-1.5474325969738951,-4.048286070907302,3.2995740458216427,-7.299239080033128,-5.282314811312069,-5.0689205693737795,-8.19631144117081,3.036234777775756,-1.8809512288377221,4.091093655322474,0.6109593451271772,-6.164648908068832,5.486185987948524,-2.053377339135861,-4.612858625005636,3.954187212057868,7.961043205909899,-4.840229260354535,-2.6762165970104284,2.6264527348280304,-7.479321082731203,-0.37001375006102033,-5.047724057254609,4.2822984034540985,-6.804087637463444,-3.697173889475148,-1.8925974341630833,-8.405374374405092,-1.0135200877786885,-4.383200682885415,-4.045840476687136,-6.14956559749684,-3.9246752642659275,-4.939522653763777,-1.5654074619135032,-5.7928941249925,-6.392460723596301,-6.56833586519405,-6.452838929005127,-3.73842898590561,-5.755446549340018,-8.454775057571853,-8.751719579193615,2.1845854297942044
5.484110792176801,7.579205829819348,4.990905373190757,4.865564258375905,3.1471815678417085,0.488492083479178,9.202921674765348,-4.923840476807673,-4.117483640990347,2.4672042273504156,0.5419330587566481,11.094251228285742,5.7954034790962226,9.654221057943067,8.932108751731942,-0.3095416978185047,10.408129235344235,3.6539803510778746,8.039811963431198,2.295043892701221,3.3674465772206847,11.779290196044483,9.327529233768695,6.5938519052556,1.6292143772578263,-0.49621718912071366,7.4096843994933455,-2.170960280101226,1.0794995806827457,6.039628872710254,4.077231826435638,7.913449119043605,2.808801344150463,7.759719068171763,8.74083634753172,5.999789253939443,-3.261028929791356,4.313377380861499,8.426075123758375,3.236099978245663,9.744962545807084,6.072568289842203,3.633567036082027,4.252452558820983,5.680122649440278,7.017242856510299,5.832648732732165,-0.742333760110266,0.09586091455671204,1.1257621334957797,-3.3020692020066775,-1.0517941065493646,0.8566255618687901,8.132003989554006,4.518442564114829,0.5412883707677474,-3.484864955275903,5.764476567413463,5.728040497455122,-2.0625586907139164,-3.515577998119702,3.811021674935579,3.4056411055370055,3.207011582403893,6.460731326103739,1.0350159340256948,-0.9899928668690902,-3.744771842911924,4.586087153193806,2.4761606058632726,5.877118699110405,-1.060898420595989,-1.167634354999551,1.096585340539365,-2.3606921939411687,4.993284025700027,4.491740782934936,8.385940066920512,-2.3745711149182585,3.1325595062021145,-0.026208853965348965,-1.650730498623714,-2.0906411188769622,-0.6996874378808356,-5.0049089808303115,-4.373753665881422,5.416715749912658,3.3348010973502142,4.819691293676355,8.22497011458693,-5.563820496578302,3.2300096131898397,1.3237785482749322,1.7820000937896479,-2.5521790635483246,7.644354185618332,0.12284740625688358,3.080765364375054,1.2426686187163438,5.713978093831005,-2.467107653097419,2.5423984660577985,7.863079200029286,-0.2077978090156057,-1.0479201772934028,0.12371770065732751,1.8915387160320651,4.152642125215834,7.872515768886537,1.363177205335182,6.7024254615111145,7.027812373189265,5.7002893909435866,-4.069712942759629,6.636465529968353,6.260262349850682,3.309415367854391,6.670625837371438,-1.3732816774550696,-3.241028836308943,0.6516741334842496,5.924697360976818,-2.3285528335862415,-6.2323709572441315,1.3136727109310942,-4.551530408852775,-3.5478396552570466,4.2081770374903025,4.313820343245348,-2.373629604158203,7.63298230035904,4.4209552515889206,-1.783588002672526,3.7176578451526265,4.5297003566033425,-1.6469556450080582,10.0682767813885,-3.7183353674539603,6.039980907188811,-1.0363637923879825,-6.19633871340736,-2.165546148861569,-6.032398297467311,-2.594475166851713,-2.8154821595872748,-6.38506978717291,4.4216142965476495,-3.9025557466055103,-7.175870882870881,-5.157517280165891,-7.004258003850068,-5.681670459244518,2.2971022609531975,2.582635783382174,-4.7940620321316185,2.0489462625762753,-1.7095985148567217,-3.6211003426726043,3.6164910495303975,-6.560570279115838,-5.21460409829942,-4.61809517681337,-7.691054633154601,3.247288024445721,-1.561686089735732,4.213949600178186,0.053349537051847896,-6.115557111820188,4.757073773664079,-2.253208765379908,-4.72531526158129,3.7156180157622924,7.727475090368519,-4.786301787791601,-2.201060841242227,2.769762351622465,-6.968247583550929,-0.9762149212094714,-4.736401932025714,3.6652436806817295,-6.44904205568892,-3.8339340855746493,-2.0752056689948164,-7.863245016258045,-1.1053519845628845,-4.358402490897862,-3.7090415684273057,-5.9309650049279155,-4.110504731243628,-4.495700995973373,-1.5240679266551853,-5.5289782163199375,-6.046101315356415,-6.470563221750604,-6.404395967875902,-3.7717492186864687,-5.363785690063731,-7.77490898042119,-8.211814808098946,1.5606098615142383
5.676477895895636,7.222695351977737,4.862100637002978,5.186031683860364,3.361379207157408,0.6891424591657664,8.91179196813914,-4.407306572245129,-3.853045610314912,2.638386996704981,1.0167558820479377,10.882064551921165,5.595284825056087,9.398479092227852,8.587802652547845,0.3763664452136598,10.176370691005106,3.3581508638166415,7.976525369809181,2.367818403595304,3.2899118373471365,11.214423222653492,9.00303532959698,6.316144438565722,1.5056782271801326,-0.6471012457043983,7.203415615759575,-2.616229274285323,0.9456417899490546,6.087673799758464,4.09914601442693,7.946782045110908,3.0110127956808332,7.885899639340746,8.647821657419632,6.409847105110125,-3.335281579374439,4.237266174488139,8.223023959723937,3.2574096116291202,9.27671794734692,5.997097061189115,3.6442085059867684,4.178481257688981,5.579306227989209,6.668613628047821,5.291583484285272,-0.7465119251877241,-0.4271111413227246,0.9526571000158037,-3.6225504850050267,-1.255279130988224,0.8973201238081047,8.080959202584427,4.602847295773346,0.6120487974646773,-3.451247492286008,5.371257909086871,5.4018234258625215,-2.012553666213804,-3.340845383806035,4.187495025752906,3.873981183807208,3.270301698191748,6.773036886111489,0.6734247372183512,-1.0460111004775887,-3.593261053636733,4.834360394253271,2.5611186894434343,5.750707849790027,-1.169776051789428,-1.416278266377328,1.2787114574740215,-2.32708363442059,5.499016662076442,4.464504905960856,8.274579685266954,-2.3621551656743085,3.1080086174147663,0.15706605330315465,-1.5968072324636389,-1.4545582928871965,-0.8013859228696032,-5.074879348924022,-4.338701600373822,5.171992718276824,3.6414315744015493,4.788281215818537,7.912459552433889,-5.2666357839819105,3.013370647173606,1.4900565227723614,1.417507260708527,-2.1384207204441,7.410253220697236,0.09504659899699229,3.2118086790466194,1.1570589905938498,5.342251815431882,-2.668112249525765,2.659432589063958,7.402818671974665,-0.1836601095284809,-0.9989251494783777,-0.14577017982035517,1.4125747560570634,3.8537793966264835,7.732307345349033,1.0947071969573887,6.341516587682447,6.6597322960839405,5.261646790804779,-3.943023957961144,6.194139080917358,5.974443529070023,3.0251016762370226,6.381400234328003,-0.9050432567601483,-3.5327580632848488,0.4999939047405542,5.299946411934711,-1.9969166961403548,-6.106291476042665,1.562929166409274,-4.48934276762965,-3.4647841098374745,3.990489816902856,3.730111520707267,-2.500308415857874,7.196677606200933,3.8510075187914707,-1.864264246051955,3.457332966096946,4.49343480840521,-1.7810011247376136,9.888311787959724,-3.2767895164190866,5.468236206508003,-0.819926712229233,-6.050289297976831,-2.113495891726906,-5.590764690907626,-2.3138534770606207,-2.664383570032473,-6.1968620295453425,4.380168706676932,-3.919430032010345,-6.876099526269235,-5.157175955253324,-6.786552530654255,-5.460442494781274,1.8640385214477948,2.6683725797976527,-4.5170899560531215,1.6297843686264721,-1.6404280526223163,-3.5718562170872494,3.5067745551065586,-6.44181167723164,-4.772910054392855,-4.466144312320079,-7.56420158336286,2.9255762245432564,-1.6851358261368614,3.885358864379335,0.5856149491769658,-5.573385341608463,4.618582993730971,-2.466937226756769,-4.246236282113833,3.5759439682599123,7.320723096447572,-4.322986697985872,-2.4889433401794947,2.824919485508465,-6.712120083969129,-0.7254501130848292,-4.725284199630507,4.323346722482828,-6.4137246987131755,-3.16253790377335,-1.8311094901247884,-7.632316455965051,-1.1643411093782638,-3.9995002158027213,-3.766809340147324,-5.802074293873734,-3.693406462719975,-4.221120034733109,-1.8678264160000975,-5.195069830416775,-5.909742608247273,-6.081490124043911,-5.938507260417709,-3.6879005360472856,-5.252568020730835,-7.736639088204797,-7.960476389579217,1.6592780637872822
6.030225290787136,8.231724531042284,6.021990502295026,5.008454879592249,3.0425900975281555,0.4707039968602791,9.089149306415992,-4.868317969413739,-4.226463855981832,2.0304759575870146,0.5157168701865327,11.680229049538973,5.713093072898135,10.392976929587832,9.06476137748541,-0.19452877011899397,11.462672780374913,4.413905152305526,7.984491745314285,3.063567091557428,2.9651868929297334,12.612999418762021,10.244960865156953,7.127149083196858,1.897770928120144,-0.9888361828960575,7.83392528230882,-2.5713056615872953,1.4461995469761324,5.843690352962823,4.858054983024732,7.938465511615632,3.7110316435545827,7.711853295773532,9.280233358633406,6.162336626000099,-3.2059645344971135,4.919922996928215,9.037673315789808,3.212466882086742,10.277732225796901,5.488620244804387,3.282191755105322,5.331992316492726,6.960449750210329,7.123903943688291,5.864617234139016,-0.3900031043318629,-0.3623635031582342,1.1730649785020333,-3.4581615840622852,-1.4080317189531193,1.5836559159601533,8.846078342407287,4.849638345583539,-0.3570725587980293,-4.695714151142058,6.385549740899885,6.287752458175582,-2.1851194572425734,-3.6898877680767055,3.826150236495356,4.349327726529937,3.5497009173568186,7.235841107841079,1.230815022627838,-1.1931032115068758,-3.7110601104482344,5.201497911174468,3.3740615262715834,6.562160888284834,-0.8542869965053436,-1.4665708203605445,1.9147625710123546,-2.8792144040888155,6.156414320488314,4.977300621599042,8.987878881798625,-2.1721591327370815,4.029138370968466,0.5654919890586135,-1.7728053791571101,-1.9058634949899413,-0.3127893937892479,-6.138088453598672,-4.504918353292748,6.36753696104702,3.500907718524795,5.231558333540704,8.571922646105229,-5.73945633622634,3.6810512702787745,1.3676222277876104,1.2407294198708088,-2.4075154635668783,8.416427714453855,0.6198940674384602,2.967158299624059,1.499225222348344,5.956095395010233,-2.1978811627375157,3.415821206284004,8.738888288091983,-0.5221802422494913,-1.1261291398116988,0.52023301953579,2.3045488723478535,4.935028646254214,8.969904449901227,1.518831309134486,7.455435189636301,7.778864758190559,5.506261476548633,-4.214732689007135,6.963608507031034,6.83087476439232,3.941265358296992,7.6461789836182135,-1.0083333422508836,-3.3698180681135583,0.5958935109634802,6.3941631310094325,-2.2557652947572913,-7.28889822551151,1.200956675936213,-4.929252865506498,-3.8064735914134533,5.0554994879428925,4.333033645760788,-2.459585142206607,8.698236422867122,4.793198233683893,-1.530474955614652,4.275905708243191,4.884090119660205,-1.5768133036067562,11.10308138499543,-3.7637800566906128,6.028810040270958,-0.43698685236422474,-6.831816901883964,-2.6133412388275055,-6.557811901161915,-2.1418745722691113,-3.0214650040833706,-7.040039608215907,4.075253537182308,-3.9171897474301263,-8.134691018503027,-5.464000979879627,-8.006912663858131,-6.1250641081448505,1.9912250216542597,3.5736317003013554,-5.252956376784608,2.4063419130653214,-1.933378903722468,-4.076843277563184,3.672952233074856,-7.878119089786399,-5.672217530366069,-5.560766364398966,-8.937400813961876,3.150993635034336,-1.9016750070063488,4.10731844654668,0.5232760960547878,-6.544136839222235,5.586575809452895,-1.8586013314737477,-4.839205311302904,3.878129984703513,8.640556462384769,-5.225880820367805,-3.0000691656192835,2.9337181878369205,-8.061684730475921,-0.3910545726669122,-5.587879900211792,4.309041992925877,-7.229651593134012,-3.8834674774079097,-2.4509749373518908,-8.881051105901708,-1.1696849689089222,-4.4899000744880375,-4.2830885845866895,-6.582479635338139,-4.034828363872503,-5.491405182846065,-1.5190780894078868,-6.076222410749054,-6.811217712077021,-6.9588041110142385,-6.789026352065241,-3.9285418675891566,-6.115656667891545,-8.952207137800954,-9.40726296630846,2.534120930292384
5.730139232972922,8.062867656174232,5.473549074516505,4.841265954589151,2.760525891073906,0.3846527540664472,8.861430645759771,-4.872899693718898,-4.119599846612378,1.9288207919310734,0.47838519798787515,11.473126262425328,5.688304379123042,9.874415140186512,9.041864168933285,-0.21476361855338857,10.95578376090733,4.13449597932006,7.652238187958452,2.691612944546745,2.874293965077852,12.190160946323688,9.796212728139079,6.894750110058601,1.9499860912609428,-1.0700797169813918,7.750494598832778,-2.3013081834776274,1.2869901142228126,5.769736396099593,4.611463342752172,7.6315571698260865,3.439284857880582,7.504491159293392,9.25505812642203,5.936727739089095,-3.1581935989681624,4.907609507405735,8.929356930195853,3.027726095002124,9.917074780880398,5.578239342760563,3.055153247454841,5.200018722115781,6.564101555617806,7.032392784917553,5.855756615713161,-0.2790967688894605,-0.3564493434948745,1.1403152613941883,-3.4869016792968064,-1.26871367134169,1.444023747934302,8.337070665463356,4.826995616221979,-0.2211048880995283,-4.227760126960305,6.367568346772807,6.290656702795996,-2.2064675691631095,-3.627475759808841,3.5980987125160784,4.229808416603108,3.6018424812817518,7.0292650443435605,1.2339720384019224,-1.1459142542203444,-3.7561550593199695,4.939107351280554,3.3212337517216826,6.556227266680095,-0.8282304013087459,-1.1173437787221419,1.518212898944055,-2.6438172596506937,5.809137233742993,4.794977435844972,8.848689150123132,-1.947562171811005,3.6409820302992157,0.5478881432815672,-1.8697099049694923,-1.8734854536567136,-0.4793874137681328,-5.56347194122121,-4.4971972200939545,6.315076557078455,3.3493489155135907,5.110345686616736,8.470666024071727,-5.653641389459238,3.60595692513638,1.4370440834875298,1.3681353574301762,-2.1727900389552817,8.344883719799551,0.5864409530274227,2.9308378763415437,1.2250417828064546,5.504453885897258,-2.301262510245174,3.164393216260138,8.410200748155324,-0.5997596361708938,-1.315223457684268,0.2133063725411717,2.3138086967630693,4.49394117721667,8.627432476626641,1.4149031784813686,7.203101526649019,7.44580376017796,5.338917736783369,-4.111685974093875,6.80427939163357,6.718108182243888,3.4706866937752334,7.467305359161233,-1.0046301160528843,-3.261554732418687,0.5743893209274722,6.278320120159393,-2.3248116486039825,-6.966349253473884,1.1297635931951204,-4.781320064344573,-3.571104665311114,4.62649829085225,4.518575398153174,-2.2991098623394275,8.342845865998797,4.623801032700601,-1.5570245435240404,4.163823429783628,4.709512997167072,-1.5308695419706824,10.81825153535088,-3.723394923289342,6.009432651441636,-0.4753496836976536,-6.543563644760321,-2.567344189194312,-6.317028296327862,-2.2555821105467553,-2.964747921461801,-6.767677913426277,4.116043836402082,-3.481433553259728,-7.751746592009054,-5.182745971581686,-7.640026638103433,-5.950007396924868,1.9145086185969293,3.3083716670866434,-5.211318031047474,2.1948782617964473,-1.6091000615120699,-4.0257450525392375,3.379807486540518,-7.4252794275879666,-5.4950504480375555,-5.170063053490585,-8.421648959822416,3.0347966799064063,-1.7654305618747714,4.176597481632097,0.5944161330620618,-6.3632662075374755,5.458368703010377,-1.9371377907416358,-4.698498420164103,3.8881983952273798,8.29140224449161,-5.027618447967354,-2.7436575205454306,2.722002856037752,-7.639843907777386,-0.5477778399277108,-5.2983320940564225,4.295680783547404,-7.005762297749947,-3.779943784065704,-2.023141801681819,-8.468560231054838,-1.1851786726911613,-4.407960265493902,-4.096791063225695,-6.422831527256263,-4.099184288977945,-5.1368275347744605,-1.5371449901904397,-5.903848806866377,-6.5008842709417065,-6.636098327091174,-6.660182342671236,-3.8807617077744436,-5.847237845500317,-8.545687702189039,-8.95975245465986,2.2917331799278324
5.6043986355780975,7.3085881744365295,5.17957694519066,4.671799466406779,2.95254581271095,0.19691934505793401,8.839632826771378,-4.780970617975079,-3.896307913301835,2.1262239239408207,0.39489110118789944,10.844826835370027,5.432620698132198,9.310329464697412,8.527150882598574,-0.19263616399799016,10.430843161414833,3.730248382550439,7.599659302743924,2.566975537347389,2.9032409094891847,11.607416398623032,9.221156574232479,6.658053335620043,1.576235550698729,-0.9395690215733452,7.017188648447497,-2.2470073954340424,0.9894686849843626,5.44030041182972,4.151268413002474,7.631799274005449,3.0886660677832602,7.531982522837135,8.60894684199467,5.730179128714202,-3.0775261554579627,4.348670855053184,8.319252413664344,2.8751732060394914,9.337348171752842,5.4213249843145075,3.301590692612944,4.5251818553743535,6.19172332550759,6.8173922288921345,5.564193431194457,-0.5185803622036861,-0.13557321329782343,0.8413760638884858,-3.390490698855837,-1.2596871269411325,1.438565159453789,8.118851576462202,4.5417816100251,-0.05889212483504454,-3.925806832467983,5.68886708264891,5.671638053906571,-1.8681919195575853,-3.4230335878726703,3.6760396494475986,3.8356730697130392,3.1102855459749574,6.371499671175562,0.8835945107679571,-1.082568507062836,-3.456127770397219,4.572927488826314,2.7514867157324283,5.876999880847855,-1.1687113717114823,-1.2039148369311996,1.4951332400684831,-2.3796849877547963,5.578681995159924,4.507628939972861,8.218352511422555,-1.890648832668191,3.538626552203123,0.2853088564428617,-1.6122788269204675,-1.56175725095599,-0.48180596245519147,-5.177356154312473,-4.265689713806374,5.656369392806226,2.999060363884576,4.701034479549025,7.99254947502991,-5.2897675123352546,3.1722701988303563,1.1476877994099306,1.3715980077919432,-2.1350293097126776,7.788864132941646,0.2063212437950867,2.8651831570307693,1.1220889228247093,5.419258772476253,-2.208419636368465,2.7923207633108786,7.8872984799792425,-0.5804226398824522,-1.278545848067502,0.3440177137994091,1.9477764298427993,4.279432273246134,8.093476052367704,1.0312971055524038,6.783829205346651,7.065274791869681,5.191114385499624,-3.9511440661046433,6.220694345909463,6.106906181383471,3.4453015403151928,6.7156341621321785,-1.054224367426386,-3.153880306718183,0.7034841649663891,5.636249712802372,-2.112420761310483,-6.620050385462318,1.3591628073040416,-4.388032851325807,-3.5640190062025914,4.369762222893889,4.050626870160601,-2.495929057872085,7.77378143609947,4.396272795083945,-1.7166719270720268,3.741217164601026,4.430035291777554,-1.5667106174306873,10.230931325947395,-3.383623566945531,5.490479314524885,-0.6320505862576288,-6.19476776937234,-2.3282239714197916,-5.832763568368481,-2.1782035940517592,-2.873123399780078,-6.3315512979735455,4.097740204481281,-3.403378332534376,-7.104419384206499,-5.052720925038107,-7.127176467731726,-5.411508693781632,1.961950096619229,2.853169091684884,-4.85299709071804,2.088171314023752,-1.5112315177928177,-3.7455785351408806,3.4731522328536046,-6.831658330101121,-5.194788888652574,-4.784470257816242,-7.780098687932854,2.924497746869129,-1.7576166136880416,3.9367746513842086,0.4830082914128605,-5.91537869595334,4.915127789899208,-1.9465679539680285,-4.397132208375697,3.732082972423743,7.763152535766731,-4.77593363424323,-2.6229791881079763,2.801227739855786,-7.201818555360639,-0.1480494736967735,-4.8748547703268965,4.2846593501068995,-6.362650811697911,-3.4218162781975727,-1.868963180272123,-7.8338234320709805,-0.7976221360454516,-3.8286371396528547,-3.9264841136012283,-6.131941652783361,-3.2963255506729516,-4.621364827818217,-1.3722181688798119,-5.519238162366679,-6.216973533598868,-6.272016424794872,-6.049685204599144,-3.708151265874344,-5.422077540591965,-7.942037376115046,-8.300476376594293,1.8772255478203825
5.74475506902497,7.279800136054046,5.144463704177456,4.715780841493122,3.27918448819998,0.24470608004681219,8.890936574542657,-4.630949412031439,-3.7610978126409704,2.2573757086301227,0.5000719888046299,10.672781071134631,5.147540838878668,9.506819954479644,8.64107511199119,-0.11954747019922238,10.32744884445133,3.576542292099346,7.805204842941667,2.3392715520866227,2.83021657033433,11.375548009623204,9.191971805307851,6.286807059520028,1.4861210983990891,-0.6089506700741648,6.927457254549681,-2.248862473748754,1.0907554112059024,5.877601303107791,4.163443329703767,7.834358993566324,2.847168384531871,7.740803370088275,8.529142669376418,5.8783765284000475,-3.244684445108898,3.930385560606484,8.177988959847061,3.0744356756052618,9.557184890624903,5.683841310763693,3.649806302507491,4.191330191790174,5.972362764467284,6.9120413476749585,5.723965891859972,-0.7150611197213703,0.08802983413059624,1.018925608946805,-3.1567302026353623,-1.2955063734528505,1.2742822550020412,8.225506859702962,4.6346139096073555,0.19592927054349338,-3.5734125408006148,5.455828011257299,5.627271286207922,-1.7162166076450487,-3.5393429404808447,3.7984524424377764,3.419462191055385,2.936062090745256,6.178292633686947,0.7074534158204402,-1.5484852836387495,-3.3031316338032073,4.692346438693032,2.3880410959930867,5.553958149456049,-1.1520289425070966,-1.3016368692718223,1.5155784593407664,-2.323137311395019,5.354632904602082,4.401205642044812,7.938689217906218,-2.201103424777822,3.581995959378455,0.14379174801238315,-1.5860421218683973,-1.839174140938455,-0.49753888459067486,-4.934218770632988,-4.297151351757391,5.437012394720642,3.1886399263245515,4.378386157335576,7.913652258863041,-5.232535366911879,2.9602481303272703,1.1123045171007702,1.325066910785611,-2.401764205556026,7.446265141198727,0.1424224452550136,2.7141592709374884,1.105930134133381,5.372390890330697,-2.1750456653388603,2.7238698131447974,7.793562551786965,-0.3745063155396568,-0.981351426814991,0.17778759223846693,1.8403457585753298,4.067728600518778,7.858363835255507,0.9548688700434692,6.3666080099858675,6.746803230851906,5.013149753993181,-3.929769374656708,6.227026405808599,6.023630785327016,3.5468543854763204,6.566448342842993,-1.167903920205646,-3.1422838210029247,0.8154563757136137,5.676658126437843,-2.125371939187885,-6.1812392165971355,1.3324488191486843,-4.462979919506696,-3.422752303486075,4.539030257775054,3.991237311748946,-2.45327758496693,7.6669241957389005,4.005266338834182,-1.8558079216450667,3.4950870509307603,4.317167062896366,-1.7711650602452311,9.884383321320444,-3.500441157180037,5.684652649833829,-0.9025535053558996,-5.987017906134556,-2.3170804597510615,-5.883450461100925,-2.3526836042921424,-2.8192047281278194,-6.347639491726896,4.2538628268646885,-3.5610512842445554,-6.957759183763495,-4.871826429360983,-6.91106216697546,-5.612549835370001,2.0708599503275975,2.73266830877801,-4.666014968880151,1.8472431666007765,-1.7575284293861846,-3.5351726159799637,3.3185845626022665,-6.438284844907725,-5.033668442934459,-4.4838460982063335,-7.568693903871059,2.7110555543638752,-1.6946992996317634,4.035065779593146,0.16834021414159098,-5.830925101351347,4.729287652037959,-1.9755038942698433,-4.550897040251668,3.523709233232882,7.756715465748147,-4.703302019382212,-2.40010988589301,3.079607234216663,-6.920547707305404,-0.43679417876590426,-4.787680003536666,3.8704940084748305,-6.355863345325627,-3.579525640329157,-1.894309610558582,-7.622473335173604,-0.9255172591063126,-3.880321981119073,-3.703683735964989,-5.883132666690943,-3.537400733101576,-4.3806449731314245,-1.1469894897210855,-5.380423396542802,-5.98570524178498,-6.274967438676313,-6.041112104427665,-3.801857165611632,-5.300126747029091,-7.663642424597522,-8.015500748404692,1.7099025395011562
6.047443797063014,8.043385825352056,5.79391010943321,4.70718028064363,3.008746661938518,0.20368905448420893,9.236326841043729,-5.035128903646185,-4.137035759851014,2.007062935410595,0.19703545482730267,11.572949284119025,5.6807341413516195,10.261352078233312,9.130076657211337,-0.5032242723661259,11.315059930741814,4.16194729053589,8.007498195981146,2.8067249069564486,2.8547618067789484,12.449677522998929,10.064648619977932,7.0247316171926775,1.7221768582576285,-0.9223517442213744,7.696687457463218,-2.46107911164974,1.2524623057579685,5.971543148219158,4.646495472283747,8.019006285741742,3.2004706922146537,7.78925732973858,9.164325469693106,5.989985120905088,-3.344434175086731,4.592800923865441,8.807759273832277,3.1066415326514303,10.249581597160438,5.697321573160256,3.3356607091610373,5.000023296547659,6.682741335843048,7.201448458475764,6.052323310951012,-0.3913278925821997,-0.13925189043375025,1.1428359889754398,-3.505060995808984,-1.4187027902322442,1.5424671643616714,8.728900316326719,4.728040721290863,-0.23616889127105847,-4.276203390716735,6.164879599434396,6.201607034424914,-1.993861579540097,-3.6598853925346027,3.5927977988185438,3.8919054729570153,3.2494800264459784,6.756080267032633,1.0488910642785967,-1.2535812197191267,-3.6367377754489194,5.023714060404963,3.002838147952485,6.348046443204963,-0.9958089603657938,-1.3221123975471554,1.7760837022226428,-2.6230203663167893,5.800881455318431,4.789556930677584,8.704461018551868,-2.0035693583298726,4.000385543865045,0.330418859113528,-1.8526486245990563,-1.9613847238601818,-0.407084717595439,-5.655459237037177,-4.494096627129118,6.261732809012091,3.342353784540043,5.066290131289692,8.48926734331627,-5.773207623240433,3.508815155366377,1.1494646982890435,1.4844488386747154,-2.4521590925099757,8.24366791073704,0.43803804811117364,2.7323105276220927,1.28863535457584,5.869876984634721,-2.17000696333894,3.1634905603750707,8.662668482218116,-0.5917616489454535,-1.0258177065215073,0.33292093528677863,2.2535423692157286,4.749118663842828,8.799634690117234,1.4367652825803212,7.278372710959371,7.680741577228797,5.517657179335325,-4.274171239895797,6.9594179275973564,6.65919103752543,3.8649521422288795,7.4778991041967675,-1.222212990135793,-3.498584800964277,0.7334840271649398,6.434674184637231,-2.309786652491895,-6.944671595710437,1.2258087066481478,-4.878217220695864,-3.8536104757418546,4.928394897212783,4.551136289166565,-2.5125285434911637,8.552667602211352,4.723561476829687,-1.7232128320948772,4.069076710095807,4.539841018976072,-1.6233702942019312,10.805975575691365,-3.8376180985195063,6.1962541644227045,-0.6926563283681639,-6.526630191794715,-2.546555231212715,-6.420827842435162,-2.3426330151572046,-3.155521479428722,-6.91296085422614,4.296453022981324,-3.6446027437364665,-7.693203279906229,-5.280846354173579,-7.740499527695605,-6.161722570353017,2.10861588988299,3.3371092784975334,-5.111650797844317,2.314803593631503,-1.8075808516837368,-4.132966401022025,3.5013685965821555,-7.334532352763155,-5.54526371888456,-5.122644790489341,-8.45651854074076,3.0646621293222727,-1.8534722831195207,4.306619839586917,0.4415028880563331,-6.3960068342193654,5.3595003941498245,-1.952642465940528,-4.8078194962657,3.849988677489762,8.58124299933713,-5.1794498151967145,-2.7986578520062193,2.9658225421284814,-7.634954358323444,-0.5218961069367951,-5.295479364556332,4.210854125159388,-6.95273772247617,-3.8795536030104967,-2.1864898509276736,-8.427630398058936,-1.1266278674129786,-4.479246353799843,-4.113102126754321,-6.388950959640348,-4.03525848612894,-5.092239903372198,-1.3266090636149712,-5.927572360858144,-6.65541004338956,-6.822378038530527,-6.641688905424726,-4.020982056730219,-5.725115787672592,-8.543370146004463,-8.99259118890863,2.2218941411481725
5.583200608829458,8.24306467242378,5.383724125836773,4.870551647970012,2.9291033364749572,0.31130417601387717,9.105414813689574,-5.083361138013271,-4.085962194321147,1.950146190967976,0.27882581135213674,11.384369668866649,5.555949400794267,10.023446542583956,9.339810673887387,-0.40238380285302017,10.780666448675378,3.91769575150374,7.641145146170895,2.231176552999314,2.918715299817961,12.28642030380297,9.724073549085553,6.710153880370749,1.9658027619302674,-0.7813962771898041,7.657947259735783,-2.266764063373199,1.2721220680864962,5.9713403518148604,4.348799282378036,7.661777830651076,3.386985829941527,7.542846145510144,9.282526960070882,5.815137159085769,-3.3996250149731564,4.780819820321066,9.136343951452785,2.9640750895113706,10.256171382332258,5.91530589802293,3.192290707471765,4.970989388404455,6.444443738203631,7.48932954491611,6.297141907718325,-0.3576810039421894,0.2189973685595976,1.1868165413735394,-3.040223612217406,-1.0280461974530426,1.2382345602021336,8.442016073462149,4.8541904586262525,-0.04058523963730929,-4.041435183982979,6.29581750789658,6.29744980399691,-1.950902205136189,-3.737834868222909,3.671033420425555,3.886618803700002,3.4885579120242007,6.8696002665067555,1.242516254594055,-1.0582071676153582,-3.7690670939121724,4.9528395517864645,3.21029782997522,6.286477087671959,-0.8298440790911467,-1.2831305894528329,1.4150934070824661,-2.501766694725002,5.295109814696504,4.857433222021456,8.680317603437443,-2.0506060451776507,3.6016767501460314,0.446475711534339,-1.569549622903657,-2.546932989332634,-0.5284777095895665,-5.394313649252321,-4.372004269130393,6.124840592521046,3.359992586584534,4.9333729610342045,8.723374976785832,-5.572483327889611,3.5618556404697364,1.3218901374286187,1.3700420885926934,-2.442042061328973,8.418228840092588,0.5501422616860336,2.9011171875343864,1.2762052915712396,5.533743296771288,-2.235593479675414,3.0450802594929773,8.48488320258165,-0.554398994885845,-1.090149160193408,0.26677876114411303,2.4928036292151194,4.257810653534952,8.463551094811317,1.3982628320058152,7.067867560308242,7.263177202575342,5.497605879908223,-4.0498790205701,6.888251529187336,6.666994521666219,3.6038036794446944,7.390770732928062,-1.4859683454445871,-3.028889064741723,0.7000427375362992,6.5591549202651915,-2.087552995096632,-6.897235004036851,0.9840068074745942,-4.768569490692066,-3.6878314852524032,4.691930855926614,4.84809768915369,-2.1703712077720017,8.464020106239053,4.687712607326521,-1.6956366608195839,4.107172843647599,4.9853753426239145,-1.4212059224594775,10.686887397547684,-3.890148689371492,6.445796611043416,-0.5957786177740341,-6.55560018599353,-2.817314363564067,-6.599899938824891,-2.617055720796787,-3.052437859314803,-7.034982923861996,4.35674572497587,-3.637133819218144,-7.600834795554741,-5.316921754853884,-7.584746545594414,-5.875452325795557,2.1500742121554426,3.1316816258921056,-5.302085145340094,2.0964122558837066,-1.8596105917613386,-4.06416321921742,3.4765934768465567,-7.363580404707642,-5.679901187997501,-5.186211780776484,-8.359002942290678,3.1753564369868856,-1.6944594472338692,4.287982418157963,0.027013905213563737,-6.404452710248583,5.58845746747371,-1.8948836955754957,-5.120594456707821,3.967797766857121,8.42671780915945,-5.263988131795066,-2.7417624136462777,2.8924867447014795,-7.609374256068199,-0.5909513245076662,-5.218107657284718,3.6641657354559642,-7.053548002706388,-4.21817594004624,-2.160659407280707,-8.43434064991383,-1.1612671795182783,-4.563383430732848,-4.0626631324933085,-6.278937951994848,-4.238824479562947,-5.041433272235678,-1.173497601346223,-6.089210870224288,-6.733906050957484,-6.836650324956749,-6.794903996819687,-3.760500953050571,-5.87288660395796,-8.512436974793143,-9.016056922523546,2.242710843835271
5.744329598926269,7.343479951335725,5.188029174491735,4.9411372897167105,3.381278315893189,0.5242957266650431,8.990647915641873,-4.562605985042296,-3.8904807717018963,2.478820969296864,0.6803454652169584,10.815186462980346,5.350742997918819,9.648819125288533,8.621846246885507,0.0035950618550575353,10.394166055524792,3.623536159126074,7.986639614705551,2.416235694531254,3.0907828470669685,11.457139559342654,9.263969171279912,6.370186253136765,1.5637413746045863,-0.7122805482337481,7.127877179596559,-2.2842713577705007,1.1362286003428752,6.052207099276282,4.1428188917321345,7.929568950692806,2.9639098065713094,7.797046734623284,8.527950588950503,6.13560011857587,-3.225907800244163,4.095262988853206,8.200818410491577,3.2593021453965667,9.564443289125634,5.799790853917953,3.6934838710497875,4.159136720382001,5.891903533076418,6.76656082015826,5.577561140986219,-0.7476182109154068,-0.08001157480477183,0.9761626379752959,-3.3230972349140044,-1.2363538310022144,1.082459896726138,8.191844673581144,4.476263610030695,0.2914892340544074,-3.6202512761374352,5.454469369603798,5.552541899055463,-1.9897876033120703,-3.556327179557894,3.9330785012675835,3.511834925903038,3.0930709892383175,6.438419380382907,0.6687358276356283,-1.279043039020175,-3.5488121533874692,4.834137831079156,2.4769512489378513,5.6413888408897686,-1.063758450201956,-1.3307930067271574,1.4498870279164873,-2.320754719480325,5.339876301411699,4.448015514349703,8.121529655858769,-2.4188244758241435,3.497243051939833,0.12727595296469002,-1.6514722370898696,-1.873297225914885,-0.5789833217780522,-5.176087310452419,-4.242324233209068,5.405230810555503,3.5213858135385263,4.625641648314248,7.9561368481789945,-5.462301703271092,3.1265236640910263,1.212120486091108,1.417015161464857,-2.458226419199429,7.394947453159878,0.1391055305967985,2.9255803128355256,1.2231334740010744,5.542362659487367,-2.2712624933209526,2.8076519633563053,7.713777511583467,-0.2979010905885757,-0.9158511010929847,0.10045053931806691,1.8192476144640501,4.140782642427124,7.851062973722046,1.2591937479478812,6.369615452224739,6.775669125895096,5.220637602234708,-4.107421549561106,6.319657754286327,6.0488501167050135,3.4014319292278286,6.547363205489362,-1.1421543682420625,-3.371531386426602,0.6852970750376587,5.734826491692033,-2.0175067631805277,-6.088448763252687,1.3757571524729293,-4.393844613340421,-3.475903066640625,4.440247344574939,3.8853980815062537,-2.4626060883891876,7.5490125071479435,4.105666456066654,-1.8387285016198747,3.5159843730055904,4.379247271203336,-1.683275456664545,9.860099674891313,-3.6078646514198445,5.75492865278525,-0.8337077238441974,-5.9407430644320876,-2.177607977600886,-5.908703719940755,-2.396703053508805,-2.7105069651906932,-6.330793423928794,4.292816136319988,-3.783220913446893,-7.0447836489531515,-5.048554654857268,-6.913605113118616,-5.74782806406259,2.117822509943536,2.8572723329063052,-4.56008781345213,1.8707485929526144,-1.7837136622807013,-3.58786651775437,3.5247351326534924,-6.475511514708904,-5.1425468265778544,-4.503087758788391,-7.706856713153665,2.8171166502465974,-1.6007394610061851,4.024038477631076,0.2141846345636227,-5.816566578367828,4.737564939215643,-2.0373290274975218,-4.45315788979489,3.476435336547512,7.700710607371498,-4.674555394286208,-2.3820090139789745,2.961984951736026,-6.9106701618875785,-0.8198189973413473,-4.727509135438332,3.8762617130901043,-6.434663437001255,-3.590416761241125,-2.0766433031333484,-7.66098026352625,-1.3173555825925654,-4.081709825627304,-3.6548540199246387,-5.782011359209985,-3.8131078480131997,-4.362815083997213,-1.4042752411100614,-5.445679556088757,-6.0198739544063065,-6.328607898657101,-6.114575249325147,-3.7803994355050046,-5.288440081659722,-7.737122253167743,-8.097297300041777,1.7923807762732713
5.814818240607752,7.8368374181061595,5.760476595342172,4.381600361649119,2.8001982238060052,0.15940671174749715,8.705639934061008,-4.711840766841544,-3.916695295633397,1.7914341781685523,0.1298167649330989,10.925459704742478,5.211654696682325,9.780709630857503,8.586265743220396,-0.5542411706437853,10.952539119751664,4.165781755356913,7.590305074757781,2.7977957169916716,2.5965646926604995,12.014993224477132,9.716520132995987,6.721979418565201,1.625707351808245,-1.0241500228415912,7.218183553514321,-2.286011917341476,1.1975803232429716,5.56852816739906,4.462803817187073,7.59629017132778,3.1537829915379962,7.340361967843603,8.760906875744148,5.509205353505206,-2.986478766992864,4.40709234992911,8.526501464035826,2.9960418753743,9.897941942951746,5.200014366673521,3.0995144425713237,4.924188544815887,6.697113432646632,6.861989086754344,5.783331636296368,-0.34686404630712325,-0.18192488001502066,1.1320060516271941,-3.1699247920323192,-1.4123966587726464,1.7168213440326632,8.4952283972207,4.459775214911665,-0.4827533821131009,-4.325449699597174,5.967140413850992,6.135751538565107,-1.764024039812675,-3.5693459027322127,3.366936982387389,3.7995108777117235,2.988362891842118,6.349920051749301,1.0054648142716682,-1.3139544263526275,-3.542619060451307,4.825475217958794,2.924878689811963,6.0460300137332625,-0.7710032593733885,-1.365535234168175,1.8944251897728686,-2.5752733151594525,5.630451027309041,4.5112896734143515,8.243184023616953,-1.8017044005607603,4.0750632139002425,0.51158255414835,-1.8346939224865566,-1.7704071463718307,-0.18394443725371398,-5.451808563283349,-4.199087165154544,6.142438471299794,3.0013473416456278,4.671525575434763,8.058077680228786,-5.526362998443013,3.3262537207917924,0.961437768781685,1.3227834923004906,-2.3643969255259263,7.9460444146876466,0.6145977234782315,2.525263908499245,1.1890359209688106,5.620640183307936,-1.7672729069219226,3.1384220939095324,8.530476244384095,-0.5996910481141602,-1.0760467847862993,0.5331286466319621,2.316393995871129,4.678515322287528,8.565078361316985,1.3723716641515684,7.006834069566295,7.418651394373225,5.196937583747544,-4.100125896120882,6.655823110779528,6.3593945751195395,3.920285743148549,7.290970377950717,-1.039718757622194,-3.150671922107564,0.7377627217953722,6.301748196133961,-2.18181163917531,-6.743220708109655,1.068018008249988,-4.684533265905888,-3.6227013936235526,4.91276158363997,4.383640869176761,-2.3195600797277,8.396558766959608,4.630647258299213,-1.5414366379231763,3.8916487556165653,4.3939531151685545,-1.3805974615448176,10.41749780057438,-3.578984533776524,5.892700646404381,-0.6161440147316801,-6.211982792967961,-2.5040015756628513,-6.147416984044749,-2.1648929417994807,-2.959448434090801,-6.572540210470188,3.990337501169993,-3.303914176233847,-7.417629331594634,-4.987621072390854,-7.447912577088658,-5.913171065027625,1.8601478853011746,3.3258420331726413,-5.02215885960303,2.368576028880001,-1.8156021861015441,-3.8949442678526065,3.261213156233474,-7.253901682801907,-5.362985103417395,-5.105224676088157,-8.159963531708442,2.8812008223379726,-1.8043900157344024,4.139121037700957,0.41923078689149984,-6.230990301004445,5.3059113737822665,-1.7091721001292721,-4.645782233045928,3.8063139836040194,8.405561861858686,-5.006133089064546,-2.801901525513988,2.9428762344718664,-7.501190496798563,-0.5531153218380999,-5.165228000438453,4.05476584317663,-6.664033679833944,-3.670651593255405,-2.1163218871736564,-8.115765262392312,-1.1681235773723893,-4.338364618162043,-3.8734972187134766,-6.164195763192057,-3.966630794155128,-5.1178547868657,-1.2994296892410464,-5.5878959320242405,-6.479551297935464,-6.440686050074404,-6.3794055799807134,-3.91515407301455,-5.556029102481186,-8.213267750572035,-8.7006427632143,2.233140427794756
5.698997221446502,8.448356939383219,5.678423450867344,5.136456156890087,2.9651428261863675,0.4838336788463839,9.280804061618378,-5.083935324843316,-4.267930977757447,2.0914766803137,0.5015777486145159,11.77770757556472,5.879656197119417,10.27370341762726,9.41542419219658,-0.28044485762203697,11.212960427107376,4.181043297151631,7.968175844967066,2.6503691792417623,3.1830629148525906,12.684091737850881,10.069850452830316,7.054428278214358,2.026756537996898,-0.7376002929843963,7.979388802180771,-2.445082007130207,1.3470665887827216,6.013491348753169,4.580123798173855,7.929696008354967,3.6368529505721727,7.740130888257722,9.533604101653589,6.089649391448268,-3.410390152254131,5.023498207104876,9.309707315267675,3.1471016837802073,10.440439294596022,5.971318898161643,3.2690079139777897,5.274390468042333,6.686218304413097,7.478402953023012,6.206538147266529,-0.4094040226355061,-0.07441459603405497,1.230412234667413,-3.3645066520964018,-1.1402375781254732,1.2401183256986585,8.693423910063208,4.885476040659896,-0.012066679308606696,-4.340185931742452,6.526371439588012,6.43778893343634,-2.251058031537913,-3.720793365452591,3.8854857785595307,4.274051709723498,3.688865316843221,7.26095206071829,1.3591934328781832,-1.0203377156639104,-3.917683227234726,5.050218726178778,3.4022820455580334,6.6371273582592725,-0.8716622651336381,-1.3577644653046075,1.480803740677347,-2.7670326602004733,5.696698157631985,5.074701205194272,9.089419599776381,-2.223004460606458,3.6420800672488185,0.5494519889628798,-1.727366029409734,-2.329136850169949,-0.4931586381844561,-5.821866531238038,-4.573761613331414,6.3555872939426505,3.4158370056978966,5.178031876901663,8.909086400024153,-5.746001019297507,3.7457499206255025,1.5008630569991113,1.473131279401583,-2.524537045973226,8.563158195946636,0.5796864605621985,3.1785838032253015,1.4663879004141185,5.834262687318036,-2.3925369557152107,3.1698421456412924,8.694500973564045,-0.4615294944561202,-1.2334439722273396,0.31943267503912876,2.417709327907835,4.608778100359068,8.753542654152184,1.5268507666739222,7.421912711848355,7.642020589333335,5.761348748441485,-4.19165570639311,7.11955828979315,6.893519385222832,3.6696586762418364,7.645885558854968,-1.3236141320758066,-3.217921198365311,0.5437077870865658,6.585221926546385,-2.2580274607329853,-7.198315910420091,1.1722494737808933,-4.94663254799014,-3.8020608628516963,4.7968625842075,4.772024402513676,-2.341610504375683,8.645234171453241,4.926572070444518,-1.7066117674788972,4.317162301514129,5.129425855512857,-1.524081339188716,11.0598410521396,-3.991124162370132,6.493853003332075,-0.6081088055869693,-6.8897314015175475,-2.6749142429217594,-6.693687939959818,-2.3793681898151844,-3.082844563147827,-7.098322201753004,4.349225736549237,-3.9548398653756487,-8.044703299721494,-5.457386776369451,-7.9340504203377415,-6.021380803215475,2.136619660215283,3.2287669726594133,-5.433874408840894,2.321943100081379,-1.9143879729353246,-4.083682770756665,3.6490413014133174,-7.741953606217645,-5.743993220488769,-5.454855415819256,-8.744890370085418,3.4028849794510316,-1.8791174860996323,4.2570330128763345,0.268682071180347,-6.607401386923766,5.678895249940825,-1.9285992848182272,-5.07440009538023,4.116629801062797,8.6094764754169,-5.376616599332413,-2.825603414459122,2.8244119205225053,-7.938953301368372,-0.8329223012713687,-5.431279056747034,3.9735603955599514,-7.221100708238867,-4.157052193719116,-2.3866383553846227,-8.854304732831308,-1.2926016095956787,-4.76212973912487,-4.169602007673007,-6.499180420888151,-4.461156935865915,-5.332193575788021,-1.6012325064218427,-6.112493793359504,-6.833963944679217,-6.976650973016132,-6.995995365322045,-3.941681534745286,-6.062048772540876,-8.834918125717039,-9.326607908977307,2.2799971133866888
5.333442493268414,7.23909494873059,4.916713597861245,4.893899740517174,3.153651339030989,0.602801526898441,8.679303835195839,-4.364545026456395,-3.735467092464936,2.3613585630984875,0.7133227492624293,10.54703723876083,5.333327438560511,9.204539320153865,8.408276076973257,0.04406497907039524,9.969653843904204,3.471053762662501,7.604446046618548,2.285380248651741,3.125549090181669,11.144643678919849,8.900066005388373,6.213557055231382,1.5523073264352927,-0.6637263543456579,6.979543638503815,-2.275392307135488,1.045730355421996,5.729331323031747,4.033894030162696,7.559239332433284,3.0439529918561186,7.470112807605725,8.405730476369161,5.909021096970772,-3.131004944480081,4.182647388686718,8.121541812016241,3.132653953483133,9.201834529558473,5.687386385170352,3.409792080209707,4.170674619862308,5.665660953663246,6.603229181391669,5.3641950501740565,-0.588081459133008,-0.16229734482948824,0.9876184900215992,-3.3536322958361855,-1.1164525309208193,0.9809994505194911,7.83225293929645,4.4181279010643895,0.40664185364786476,-3.479164808721628,5.4690953906847515,5.459877997073198,-1.9268444308138788,-3.376560566235978,3.8568551137673026,3.678546418019051,3.1503562149323905,6.435313328413995,0.950895858454654,-1.0610742331209806,-3.4581384739676837,4.545506113894306,2.58852068941497,5.631327614477529,-1.0674743283415138,-1.2440770915391035,1.2542706627534317,-2.3002695385260004,5.1309817486994165,4.270720435488068,8.077450591000787,-2.225663196125154,3.124902333708703,0.17847003418696356,-1.5367056230695975,-1.7987615468573248,-0.6664749649450323,-4.981736037930156,-4.158973522242805,5.19793294702994,3.214280626091057,4.527856705315387,7.834763464950119,-5.111721628172034,3.097101735466371,1.3923826210468504,1.432774198201723,-2.266030090495476,7.342577386558121,0.239741973606141,3.048034342486434,1.2867543531977914,5.263403075672479,-2.3820528673074985,2.6822812216604577,7.42668171670279,-0.1651151718936173,-1.0033994700741873,0.11621741932642071,1.6110186431216593,3.9120021274809895,7.63198370909848,1.2164809522189,6.2999116309195315,6.551262261082556,5.138055163104945,-3.795784022295463,6.1139044264074345,5.908215496610232,3.1291721866032307,6.411039194685047,-1.0744836074958652,-3.2231559349342938,0.5841723980866577,5.462843421543168,-1.9677167881570505,-6.050174093802855,1.291869801844398,-4.301046807244168,-3.350593306292517,4.091394206915734,3.9260924543121445,-2.3225475293730624,7.264134372572919,4.0651500578386806,-1.7394072743608227,3.4149224941830867,4.48568225569168,-1.6637368882461607,9.71471106303406,-3.4027711176268833,5.610094252264783,-0.7084083163020918,-5.96727460724629,-2.204418712026869,-5.72843183430424,-2.2714415843816873,-2.6729867875349513,-6.234297174580116,4.194173110546909,-3.7016682760529687,-6.929452141634672,-4.956719232637664,-6.725833656397882,-5.3348644262254465,1.9946889954830869,2.588109480102477,-4.617450507850872,1.836516313023347,-1.6045082356044837,-3.5693760200852287,3.504281760767251,-6.425528382998932,-4.945274585810557,-4.537227018319849,-7.480102210999596,2.9537884450633802,-1.572085391266279,3.8737217230947723,0.26733720552100726,-5.627509226365476,4.673471187889407,-2.0617067689783695,-4.438989010414315,3.5300710464103124,7.394067939704095,-4.52921264831515,-2.4291863743181965,2.715059896375912,-6.68279079029027,-0.6779791531860454,-4.672400339813352,3.7889432583316047,-6.313076069143867,-3.4112480227282744,-1.8951921348327776,-7.57243140398691,-1.1214570382143856,-4.035773403193245,-3.609969430832799,-5.726872609135962,-3.7565804831243494,-4.356246449996137,-1.5282035580357292,-5.23090738292609,-5.868321326271163,-6.057900428867492,-5.994747265200435,-3.544620269813237,-5.205145385112862,-7.642458625495776,-7.946488198389766,1.6808408135018604
5.331448515381112,6.349540288526602,4.639481958225233,4.5242678538700485,3.503321132522012,0.48526354085041035,7.991330258420134,-3.7394202920343456,-3.2495600741202475,2.427752650054575,0.7015163713122491,8.971639134599446,4.210126318189808,8.50197649401327,7.329203554676051,0.18288466960839156,9.067512890651827,2.9340336824203517,7.351845570121409,2.079786576455805,2.7601427435263672,9.85536789361503,8.070308512688422,5.328402616215909,1.1384835451652608,-0.7490002421490939,5.619559773579447,-1.959349061371766,0.8966508660951338,5.494344064291308,3.357436830207033,7.247853775334179,2.511937571678949,7.129313029220304,7.112187209038105,5.342448611435589,-2.764088745824918,3.098021379366724,7.00616581751418,3.003896216837472,8.462571202360296,5.057029266365466,3.771386079173849,3.1380292877223295,5.2166636238040205,5.978554691379206,4.9721796009370935,-0.9829101522290234,0.18917699866739915,0.821197478521749,-2.7437341814651677,-1.1235572952635524,0.9731393114328304,7.482257750132298,3.8149741595492745,0.257777621559648,-3.069779126465537,4.1486789734651355,4.5196355280861695,-1.5101683862048638,-3.1285288763974273,3.822294809213076,2.7620155360758556,2.152244575486712,5.209365302744293,0.22154398028774586,-1.5064199973899557,-3.1016726039157856,4.508893990193351,1.68523749358495,4.40365994437419,-1.0124995285596436,-1.4240469882548665,1.5871621817529689,-2.014847455024666,4.706468900219399,3.6799837092878573,6.565192065350715,-2.357806066492976,3.373210746733945,-0.3315221105789712,-1.531057203529529,-1.5532455820777595,-0.20090876313334263,-4.279468026275944,-3.537320739952844,4.214011933206165,3.08596199253907,3.5632525096794465,6.698178427532563,-4.542188718351121,2.2853590904478733,0.7394323178863956,1.1421843618447396,-2.2631197978856665,6.05672641780879,0.010995289038620376,2.467809111456313,0.9011951363101847,4.990247712812486,-1.687073731767854,2.4816454544071047,6.715900911345553,-0.36577629453424976,-0.7678332887643236,0.3026296524824176,1.4345791301482265,3.5949605015755655,6.589634951370856,0.7882460590741959,5.1713641993609984,5.597625474778719,4.416289666113321,-3.642115359711309,5.224335673611616,4.781663640429402,3.4073095241229487,5.297603779657601,-0.8741824487475506,-2.728483490432399,0.9150015225186119,4.898355257529377,-1.7460085047161935,-5.056804630648898,1.328954770800647,-3.693088028146444,-3.0747267474500797,4.13754613297731,3.0524509177561394,-2.1417161078668365,6.441834304253605,3.230069683091748,-1.445986576082333,2.7975348185511772,3.823948484585652,-1.3683333968443634,8.287879242089977,-3.109373349169373,4.807881677346023,-0.9837362491511656,-4.902091724424827,-1.8279680986949118,-4.926668563209873,-2.197162562993527,-2.1982283063298986,-5.417531657633228,3.78576038282159,-3.415327022799977,-5.818747496717537,-4.323478312435708,-5.827409289830395,-4.931486956697831,1.8386815302024675,2.2436660361817427,-3.8095100683769414,1.5413520061951775,-1.9239449551156316,-2.8621469945217237,3.2332936931246294,-5.301742725817696,-4.253921078339068,-3.7512684727764363,-6.368016321911447,2.280599203827364,-1.6248692851962196,3.54523007912985,-0.10168681633967457,-4.795353126681775,3.909944558766897,-1.7733294704983442,-3.8905251607852134,2.8983204960606552,6.751095201323729,-3.9652807557484007,-2.098861591657522,3.1638147075219547,-5.906802515847703,-0.7856983243361164,-4.057474941301356,3.2939299041452808,-5.361875440187926,-2.951496742156374,-1.7415348485018753,-6.285648192843937,-1.147539197779332,-3.4078232778942006,-3.092055453492123,-4.975827495411095,-3.1302182808866306,-3.5055722826756415,-1.050158573556435,-4.609228658066656,-5.097303522275048,-5.29531531122377,-5.0637406940805345,-3.273276020821393,-4.434852393309033,-6.404661465016712,-6.793682819376239,1.3460477445894774
5.6563709753532105,7.6285810431252274,5.130332667456497,4.872815507853635,3.0538195554918817,0.5090337214300619,9.007156344630124,-4.707892689468778,-3.9556823672930483,2.327895508159276,0.5533390930677528,11.091220771862224,5.70095988248836,9.66550372937211,8.798221549239841,-0.14164849418183598,10.56471660219955,3.8058300058110657,7.909863758849942,2.469037806690829,3.1574889080368296,11.751961088012413,9.403337060032616,6.662732100188422,1.7071820380349363,-0.7808480614421046,7.376445728130608,-2.2491925858865187,1.0265556584419822,6.019048042222387,4.19260918027203,7.828346197479196,2.966571312000032,7.718701649420503,8.820969740481505,6.095737199903009,-3.2801397424693954,4.34377131554879,8.432030358469083,3.043437257187087,9.690816858789557,5.880496599517006,3.49088844548946,4.525322003202669,5.882027387541775,6.825679778810397,5.652132172025688,-0.6581721253105282,-0.25651861318353847,1.1097108805213165,-3.471595354047238,-1.1639691894957276,0.994068303468547,8.21347349505814,4.593314743622467,0.35282760419463194,-3.6783525647849555,5.826051826624323,5.828337163096711,-2.0384854395087664,-3.5661588434430778,3.8215365023160404,3.7050961801014255,3.177164291820444,6.594056229115793,0.9413592726513078,-0.994010414005645,-3.5707999088771807,4.803467404820675,2.6906483995979076,6.007204307286553,-0.9940028646768541,-1.2081316969668052,1.3191232423940322,-2.4041026331622377,5.382257934888787,4.553576118441259,8.46365906185313,-2.250836155741499,3.314128731421292,0.09970078000191047,-1.6090010128123386,-1.8594933332836339,-0.6349419892900482,-5.15716731555085,-4.3578540319051005,5.584447023020388,3.397516016756714,4.855790501222323,8.106241816785047,-5.389050593127259,3.273185197886888,1.292425016954968,1.6199728232019364,-2.3384850681746623,7.714062117771179,0.27677437735648136,2.9964482527505547,1.2492781562603468,5.625862276247302,-2.524986092700917,2.765305846646866,7.937585435466754,-0.2625860958761575,-1.120452005069855,0.05437808045062251,1.7934907603639691,4.268331156553054,8.122945354313194,1.2404222484954381,6.750954636506956,7.054199072752198,5.444327761178867,-4.0844373719883125,6.613531346102813,6.241920142875662,3.328737150706777,6.865524916116125,-1.1651624788976664,-3.3335001738200725,0.5966270651545016,5.8897096266483455,-2.163695615465712,-6.40474175385184,1.2492319975396826,-4.514776120610033,-3.490648341655089,4.326091772965313,4.1852452217167135,-2.4279327691307526,7.703069633981028,4.276711498040306,-1.749748672040287,3.7832158854534903,4.448582222558332,-1.5990872189107093,10.208732358054212,-3.566154614552991,5.857544942935273,-0.8604553072592529,-6.219260741176167,-2.2679303678406084,-5.983748180188295,-2.4536448103626993,-2.840310758608763,-6.4169877028685605,4.232507781413438,-3.7755790267740283,-7.302481149922817,-5.139750269456027,-7.134751227660415,-5.740024071295728,2.0654787515983504,2.826646232784109,-4.798947788548298,1.9746641389603103,-1.6472889700853386,-3.7089980883895666,3.4998289164739296,-6.694723007527954,-5.1681039295179305,-4.6977611428416495,-7.811236299102795,3.0728229192197754,-1.719469162209286,4.109421373737479,0.247469977614097,-6.03203752445803,4.8143658796385305,-2.054571354277611,-4.553936928969587,3.688895005803253,7.816054183277185,-4.727444574966846,-2.3000146342298584,2.8078948363651994,-7.069621896209278,-0.8603536494438977,-4.94084873828741,3.9836535441179586,-6.6256562695815315,-3.5807199072506593,-1.9262563914562854,-7.864213237581405,-1.1833467766217856,-4.282692987312552,-3.9086328728316695,-6.128828496686675,-3.969288267697061,-4.566738908882561,-1.6939627613135606,-5.558153118982685,-6.119808780098981,-6.418879899432418,-6.393619786757417,-3.6976040658138514,-5.401526176723886,-7.875038328046025,-8.372795808945398,1.6742307434817105
6.023099429210139,8.2974855379189,5.990461807692275,4.7076004898797015,2.9048011039370896,0.17608217420250585,9.28949239396315,-5.188893555672409,-4.267148610168779,1.8982289086030357,0.19025186274574654,11.751542809558117,5.747013310972331,10.462781297982803,9.251883325303226,-0.5782727343707286,11.546564178771842,4.4439359815255575,8.017963196253838,2.957355953431751,2.90737738048717,12.797109090112471,10.336008478336236,7.209164109907587,1.8138146199295888,-0.9996200801100252,7.839322155390731,-2.4242500765022936,1.3802580742629815,5.932349586808301,4.779317554822179,7.998587531238242,3.3794474276480835,7.717833921206659,9.28098656500545,5.918217450798148,-3.30250937178101,4.821693073224717,9.046889888015878,3.1353422894036513,10.500922209743186,5.608679918899137,3.2617831050285524,5.230563684605615,6.970652582407497,7.343518611919872,6.21557013051825,-0.4448391143228295,-0.08610286990955632,1.1823843817779827,-3.424538395178881,-1.4143693861885949,1.5737825682949682,8.87661304319198,4.877457674214539,-0.36967253502439046,-4.538478258990748,6.450992480572016,6.410222606066,-2.0946511194352726,-3.8130565929043123,3.599553930718077,3.9777556229519764,3.350733681319347,6.913339264932646,1.1590056722546662,-1.209583822139126,-3.7779875115392634,5.127741384815761,3.129770276797929,6.5392293431641875,-0.8793184861889144,-1.2869040352033176,1.8217567344110825,-2.7952093318382967,5.846909378099258,4.928390791696225,8.892497412186309,-2.030174672972352,4.087419878505249,0.4596341758460907,-1.8585512306098826,-2.1523997117386537,-0.27970973117814785,-5.8942959310926994,-4.50992163783274,6.484957815950728,3.31451174057066,5.22162062684028,8.680400243265977,-5.888921378263864,3.668138203608336,1.1575086861466701,1.4665246779222825,-2.5777650153648612,8.455521501600298,0.6097321431468251,2.7890920950631553,1.3152583302171046,6.070726280958205,-2.112894893209394,3.2811382582675406,8.947093071562701,-0.5568996616671289,-1.1793299744894976,0.5647193753040876,2.512704140746759,4.995582649126045,9.016515023600313,1.5230111845315855,7.5366450317637375,7.910387177780544,5.652468597018189,-4.260720642769324,7.132070697278504,6.794893070466029,4.078213599544763,7.695823902091322,-1.1949402721027542,-3.2663917300903598,0.7404145007615233,6.748036007815859,-2.311868179095826,-7.246526217252447,1.1860089071051965,-4.887259742534038,-3.8985438926407174,5.133810979976257,4.715986270459538,-2.567647614118102,8.900145391229842,5.010691249739371,-1.6124363375277984,4.321360368535408,4.753817660402867,-1.5341597690573614,11.10180404964888,-3.9641235859958104,6.338003832377439,-0.7283370360681394,-6.769347393390833,-2.668991137431109,-6.670156060043798,-2.2754611561923395,-3.2193326355840464,-7.134687646216449,4.237578463157771,-3.712057908509563,-8.100593249457361,-5.37665437086697,-8.037152764988548,-6.293105906120664,2.169451995508388,3.483534116713353,-5.383034590405422,2.462928801939512,-1.8951801234595915,-4.088449380051532,3.5810223086962187,-7.70312927930542,-5.814589033895388,-5.461549432594779,-8.772509470236203,3.2162219157476453,-1.9028406982308423,4.363015528426849,0.32677465583790244,-6.703568528201694,5.598082048440189,-1.7933993233528154,-5.034473040646138,3.9984251898667478,8.858569695971715,-5.40197142421565,-2.766538524874202,2.9219995074542804,-8.019103391156657,-0.4909602971878882,-5.6170348397762275,4.102186702592984,-7.218416412422854,-4.121650117942809,-2.343702560102044,-8.708835529369496,-1.2091309065569105,-4.549510677609212,-4.190713336323497,-6.611785081372825,-4.096948693841453,-5.367971618462693,-1.3006319885193802,-6.206980692350968,-6.940131571466341,-6.95573005869005,-6.88013664134249,-4.008348180855896,-6.033783330918544,-8.792160904848904,-9.367605149327483,2.503152034670736
5.5069850903619395,6.904387406299858,4.881532690575184,4.946075296091995,3.433301327522031,0.5946636563850599,8.757755023265473,-4.20372249290188,-3.766934164493037,2.632927737339471,0.833647547623624,10.214976648892879,5.161560321043249,9.15336720695396,8.141310177272532,0.1493141664214886,9.827111712446957,3.2466117688846317,7.878679969199544,2.2947397363282813,3.2308737093825703,10.759558591719697,8.773710488956775,5.975708215354922,1.2568708439434455,-0.6945396819221131,6.591130264817184,-2.3523024057631687,0.8941772146146019,5.905835819366276,3.7501386810678405,7.808721266296283,2.780289767616475,7.675900757653009,7.951817598443788,5.998852480734541,-3.230504155795537,3.706006529755773,7.6660890543131295,3.252407984822097,9.049691525616584,5.729990610908949,3.78744623312973,3.687199557197843,5.473276504866467,6.438010708295566,5.258382930855487,-0.9431641061046945,-0.0367858036118663,0.8608689224078035,-3.3599169775050512,-1.1957147128012038,0.7883433722603057,7.837381020744544,4.236858172350861,0.563885161394474,-3.2087505726799757,4.909663540523622,5.013555635641777,-1.8668236183254256,-3.3758453853330264,4.0000090062499565,3.2596389752816246,2.8549925356047594,6.0862409673340805,0.5261843650666973,-1.264356596561039,-3.393898424047547,4.579181920787745,2.08592358840164,5.176877614839971,-1.2562865377204433,-1.330719236842905,1.2713518845206888,-2.205289567688205,5.034378436228666,4.06391205389369,7.660395051029104,-2.5101550290250634,3.207537311422338,-0.2711133453470683,-1.5617613118496485,-1.694859793728911,-0.6534091701706488,-4.814316786418349,-4.045917947445116,4.789354049862759,3.381540396258063,4.331627419788421,7.576643751975445,-5.146980081771007,2.70363236681392,1.2147012008136233,1.4542653530041305,-2.3578952840667045,6.791697897333425,-0.0017616579771695283,2.9991193136757337,1.0601583921108333,5.382291545184043,-2.3038218303588405,2.5692359993686975,7.1751362851239096,-0.19254854303023455,-0.9176460342258159,0.1500746914465446,1.4602482593355524,3.8674138495027943,7.358912047256755,1.0254194711234932,5.948388693837565,6.327989833384756,5.082537129776105,-3.9785142055931635,5.953805836473853,5.531961714497452,3.2736130947267177,5.927055871060599,-1.0556995886128537,-3.223735676615819,0.7871405401049079,5.290138201478388,-2.066322474226088,-5.597357156339087,1.4123482184115512,-4.16237240220734,-3.3677241394415485,4.1174895793671045,3.587376838585123,-2.4353820684738783,6.92906832417562,3.718726846300928,-1.6568712087201343,3.1397775223434037,4.260872096924257,-1.672710259396748,9.219697554695925,-3.39248708661979,5.372153631472585,-0.953709102577005,-5.5587164494809675,-1.9180295857793856,-5.467532235326937,-2.323531063855928,-2.6125076317817957,-5.961145770960497,4.2177240997242995,-3.7866586924722245,-6.5003324690431645,-4.9352931529847694,-6.4258546452098,-5.36129656607824,1.960638352126596,2.3817040205173443,-4.181407823086459,1.7862906364301454,-1.6974200068216556,-3.2724514625063605,3.5231144458062125,-5.836463481404849,-4.584069335457595,-4.056579920613642,-7.07693815691559,2.7972288930388807,-1.5490493402481431,3.8121607806409172,0.05724793331074359,-5.313336836325603,4.193115132623969,-2.123498249558368,-4.167086289250352,3.1882853148838834,7.130965012810452,-4.298758992286865,-2.185081138884502,2.9267878771675226,-6.319542741173834,-0.9313123128142106,-4.416250531958717,3.6998929057721415,-5.979542491091148,-3.2118162968995474,-1.8622595575157643,-7.032929141783606,-1.2528272928641961,-3.820425488678176,-3.4670262270861567,-5.482857537341054,-3.5813378666430395,-3.899682343065482,-1.5068491955409347,-5.067102852624992,-5.4695999769181,-5.950373951944221,-5.657687985397101,-3.5592792343831854,-4.893941493419377,-7.112820392209539,-7.455663424265402,1.4751816604184471
6.508386131532573,7.585297608691299,6.008356610267293,4.323052348228925,3.3179122881817604,0.03426064179626653,9.11680541442812,-4.690260394035453,-3.9511755878712624,2.1107683797349712,0.06267318682670125,11.044508556864267,5.2409480745284105,10.385879207464216,8.561116856956245,-0.6851100818685059,11.45829694502908,4.169930516922477,8.287928888748388,3.1100725267799185,2.65956355252286,12.133932192551535,10.160017822254854,6.79489187125346,1.336874580843776,-1.293696620977126,7.10266514176919,-2.2302065044928185,1.2448304570878697,5.954812475448877,4.6209972601912535,8.220356544679257,2.6552882158041533,7.882985790551145,8.408013620691536,5.838984729075676,-3.2570955053079866,3.8715758709393775,8.076121884324667,3.2783985162219387,10.090408313401435,5.2587480833957905,3.7495359479354473,4.497658779124723,6.6323604237841804,6.804409133689324,5.848260252877044,-0.6598187049013435,-0.09022847014577556,1.1444692115439656,-3.2929487434902143,-1.703734930976164,1.7150211307788172,8.97937960678705,4.431277978011398,-0.46562537393916753,-4.349522758123844,5.56116538714902,5.754671596428709,-1.7912677182920373,-3.701948726959684,3.5454226765932515,3.2794607163806884,2.532133807237657,6.049426523855565,0.5978096471779163,-1.5306927991646069,-3.446885101659757,5.222109830577057,2.213810172495869,5.77364432145574,-0.9406808307132516,-1.5913149361724674,2.192055248369608,-2.602283847643011,5.903243021485995,4.274877399363335,7.996422182284401,-2.16306746817084,4.431105042372618,0.06411061164478865,-2.0811565708688855,-1.5482152269793366,0.04937826204538729,-5.6460468865731706,-4.166870293603377,5.857451524851699,3.31818654288754,4.684182573297628,7.875612311986428,-5.8002184379291934,3.112620223253496,0.7084835363582033,1.5315348181495716,-2.6383345767318724,7.469246842518294,0.33719789301368386,2.3189483579272663,1.0176896657313295,6.197974164651495,-1.724212089534453,3.3011814152397125,8.614850617179968,-0.6656687162646711,-0.8019652153397807,0.6287536580072213,2.1108122852466917,5.048385045571205,8.663002952581873,1.3500866318124787,6.960941549224785,7.596564765735508,5.29277802255794,-4.345385117853518,6.773087233140938,6.127642517709155,4.433993171385628,7.099642504412516,-0.9960030510982041,-3.3510409671152956,1.0721642849780286,6.344396565275269,-2.2217870011822196,-6.518987729935123,1.172861175749915,-4.59778653918583,-3.770235306963883,5.226674633498429,3.978877741898096,-2.748254102077381,8.422603898642292,4.477133292793921,-1.50649515843982,3.889175995359392,3.937343943901864,-1.5265602425852702,10.323131012033631,-3.6953427152383314,5.781673377972314,-1.1103359192998519,-6.167817021963211,-2.1928334138024943,-6.072539825741106,-2.4586731812086198,-2.8490412555695825,-6.648267573217774,4.123612242369008,-3.684336816391131,-7.360308650695553,-5.04709407044412,-7.509388018249179,-6.40179543478443,2.0537473157409054,3.2842665224926226,-4.771398022734743,2.3524923983116848,-2.019891705074935,-3.7037319428134765,3.5069968649353402,-6.816860005000606,-5.237149112148062,-4.850742243276637,-8.14757061255331,2.767940259903085,-1.9626853182518722,4.223708687012936,0.421526690001092,-6.148802648932264,4.924261191182939,-1.659480995804606,-4.761959899586411,3.5928296406825004,8.593388220599852,-4.868012325265457,-2.673121009778511,3.359000917467469,-7.433653062495943,-0.4498301331429614,-5.209042278959435,4.236571585837618,-6.709905559183738,-3.47129660116476,-2.165991807025575,-7.824998080389002,-1.09438579936005,-4.1262656504402075,-3.8805453474922866,-6.268815507409269,-3.6119914528926946,-4.851954542482268,-1.26622703611725,-5.6170825248465395,-6.424424184641765,-6.460780680696686,-6.278645572039319,-4.149749836132753,-5.465309649528629,-8.095113661165467,-8.612649221735008,2.1991469605354554
6.307020535504502,7.922122527501664,6.140747883764143,4.350259879201386,2.9813400209110776,0.09966580481274795,9.010456493220712,-4.833743857622485,-4.089555560151262,1.8473488512269087,0.010990058944812774,11.238647393693201,5.3426831384455555,10.36087810887832,8.62464911861086,-0.7378785734478097,11.601353920707112,4.384623980092954,8.094552733568833,3.1798377858772753,2.6274907927961153,12.437519710642846,10.275455387221937,7.047627492611165,1.5609276498448201,-1.2512045939191327,7.3462172389636,-2.3943085232679433,1.4376250414331904,5.756096589737137,4.734044537539699,8.023267105374545,3.045167518647562,7.660336486031808,8.702483032417767,5.722968068553298,-3.179238343493136,4.295505355718882,8.473042840428915,3.177516105236923,10.23189111697596,5.154450802571104,3.379182362411288,4.946298023070281,6.918291460525514,6.856721437391679,5.857305072958429,-0.46349727059465,-0.31058548753844495,1.1849919330970795,-3.4287955135105976,-1.6881812993875427,1.8188098326976299,9.016405411265414,4.560188696189553,-0.6481369029706318,-4.632230892767824,5.904404947960507,6.009455978458033,-1.852820569163709,-3.667034102114594,3.4607363368240494,3.70129258576017,2.767954263405154,6.367423072764518,0.828831830229635,-1.299885975058979,-3.5648077057569085,5.187887038196231,2.7281764202333867,6.1273824649932065,-0.706341683078487,-1.4523052799787637,2.1588286644416557,-2.6627434465582356,6.068439448639126,4.4964138373719225,8.300139012858654,-1.9868798169092547,4.414300170508341,0.35701646951160126,-2.0030407455168944,-1.6130834519672945,0.07658380233743563,-5.834488252979055,-4.2683143829142,6.201390506819789,3.2079239264644666,4.88971929753002,8.099984378682853,-5.834602848976835,3.3311481865861365,0.9113050228632883,1.3962696777718502,-2.505813128662193,7.925894612699077,0.5812875947084329,2.4606649680952373,1.2771155339077054,6.154638731329892,-1.7856250302654921,3.3839274631291127,8.868396966718565,-0.688564093419567,-0.9851717528732793,0.7307220197047558,2.3322762686713374,5.168402632869477,8.909089788400586,1.4877093895176337,7.323770059989271,7.8390587214918295,5.388316661511752,-4.346182873240394,6.991294044126824,6.434549275440407,4.400812309266004,7.481604660940992,-1.0249546894504469,-3.281896483372354,0.9310951344047514,6.536498251966503,-2.285450682096023,-6.896850683608384,1.0705651931250375,-4.832299748262255,-3.8487017055566106,5.246565141710175,4.278595902297254,-2.540028871875847,8.755830828149348,4.802929386256083,-1.4205186980225282,4.135478359543083,4.262090968304163,-1.3953809919751066,10.70493161272584,-3.654234637188079,5.890991143152403,-0.8163725705511142,-6.435762602546118,-2.298413128378074,-6.266467476691182,-2.3636833707937197,-2.961670360532492,-6.8229217024884345,4.015006345682309,-3.5971750512636884,-7.718205280108407,-5.274593863817614,-7.745682140879121,-6.364345907112311,1.9599794969462014,3.4663510874120353,-5.0883929792229825,2.476735764661507,-1.9866992101990781,-3.8734059253777455,3.504496354988675,-7.346608206576408,-5.4536454114537,-5.2273016777339985,-8.442190573628418,2.992350555059258,-2.0455090172228685,4.317706824475958,0.602056553293897,-6.359695580697413,5.251802709261577,-1.6490904952119891,-4.797484898821282,3.799310316417328,8.798591663064618,-4.993002110830431,-2.8149097008393267,3.212278170525518,-7.724917209636706,-0.35616893712984576,-5.38615063457096,4.30963083721692,-6.967057504633808,-3.5542172872649496,-2.2126615996954646,-8.321063288115544,-1.0334182948541937,-4.2752001200203775,-4.037615583493576,-6.429846334483886,-3.720429907104324,-5.221343460882678,-1.337192826171117,-5.886089213780271,-6.672695231550038,-6.71791301724416,-6.546042165347252,-4.037192428938144,-5.755641491183048,-8.440584859093207,-9.033549047902296,2.377934730319997
5.285141413620353,7.184872299598727,4.5851781936497575,5.038745102062403,3.2124811595890925,0.8207549472556862,8.690689493160134,-4.279825704021834,-3.690374631681058,2.572332724854617,0.94864505693258,10.362842603593906,5.321825144038832,9.00103963968625,8.35311871960673,0.31065558544329436,9.690235804968694,3.031225989217753,7.752328406110056,2.116919070608608,3.3381017771117865,10.872514486555763,8.58963365633589,6.014025862009106,1.6478118251116167,-0.5742491033687871,6.914500278303212,-2.100171657006595,0.8137899663943193,6.033002089884521,3.7277711367370596,7.655389597290896,2.915460324599424,7.591989616800378,8.42005192711604,6.085872109483919,-3.128960695580051,4.0118532229466926,8.064314239818504,3.0925651226114024,9.125476305163449,5.978736902618825,3.558733227615839,3.9523633010007373,5.343091156537697,6.514449798001218,5.241020641035708,-0.9359688580159694,-0.2735544173672804,1.1033271027715081,-3.3276876068371752,-1.1923621610564183,0.7674557649971524,7.6841922971349375,4.250011237878775,0.7050581235328284,-3.1050832644292297,5.116988888408577,5.299668732672338,-1.9676290170165402,-3.443098412403953,4.071285309572343,3.589393907612956,3.185925192377382,6.397731556691507,0.6845929857183428,-1.0577453913357213,-3.515647997962309,4.633513404969125,2.4057868642604814,5.387652005869659,-1.1728798906561608,-1.3583071879725914,1.1135507166660739,-2.1338951907180554,4.9120760750990575,4.3479327163323696,7.93564829636555,-2.3669667984817506,2.8974960244360712,0.11631359033506042,-1.43289190741731,-1.744756793485861,-0.8132292497896784,-4.653367254225499,-4.165527422121807,4.924862964949314,3.42338640968303,4.466962051417196,7.673682906223563,-5.118175492898906,2.9425552062907343,1.481492660410184,1.4589283637814279,-2.3664063087533402,7.08833514752837,-0.0005898082313890281,3.2491282392818865,1.1661306737877506,5.187589307624077,-2.4965210857558544,2.4349396142772024,7.217357194806015,-0.10266337449311745,-1.0304557654232924,-0.06507401349465437,1.5212779651764075,3.619096593538388,7.262452738559353,1.1312947380753666,5.978451537413998,6.30786100601184,5.140430230514845,-4.018012318590013,6.036193008251212,5.717201903456,2.9200852710201866,6.142011925658617,-1.2534961018062867,-3.1635535170539404,0.5249312508967333,5.309430233360046,-1.8817145065110816,-5.864940196811027,1.36329974622083,-4.194847093099014,-3.224076592089415,3.854447848844486,3.8550069876071005,-2.3324793533200494,6.953566503832781,3.9024500267823323,-1.7718956584379817,3.318676927040287,4.502323010773275,-1.7280258402532476,9.38838999439136,-3.4086353669321587,5.537320930684189,-0.869956683703579,-5.797254328322801,-1.9472615054522735,-5.51686780270017,-2.4343694299821275,-2.496896149447447,-6.041492000005129,4.390942112342484,-3.761637457467229,-6.665097873470951,-4.913198147223963,-6.55461819168842,-5.24293548226839,1.922360612680411,2.4303260236649704,-4.3364020034756985,1.5980285186290442,-1.5704767831041182,-3.4513081665771073,3.4532556702822634,-6.0631645902606595,-4.654026604190412,-4.158985008273711,-7.099599053384652,2.987095408258771,-1.5726764606366896,3.942702632438703,0.13760626649623559,-5.505895867667864,4.441806805452818,-2.2443606715060467,-4.30360896225845,3.4465839724282907,7.09858298140305,-4.274276316599922,-2.095251736341341,2.719860212129484,-6.422843280222957,-1.1407572182607484,-4.3906719526189875,3.778639029840491,-6.103561533044248,-3.355810816943754,-1.7039355550297242,-7.242544598616182,-1.2145464341798606,-4.0857222532737945,-3.535438992379408,-5.5832850423695835,-3.889045936989452,-3.99444554748377,-1.711739358371907,-5.126233046450941,-5.602020168157373,-5.846495136090624,-6.063311455213643,-3.6632890261930355,-5.0061807464625225,-7.199745896680776,-7.566507053166251,1.2363062534400646
5.957068335857767,7.991491807612997,5.795655466791249,4.730354549867087,2.85187992958828,0.4252401868753975,8.970562999196666,-4.818878557542937,-4.121799323737829,2.060637395290383,0.4019197524826214,11.560876854216446,5.823861836188031,10.17824331581504,8.894168867180152,-0.3272548508152152,11.2797082592929,4.377486735239226,7.850737556873828,3.0461964902209555,2.9151407251797155,12.399413815915297,10.03720459316335,7.145081761703874,1.7461576438948632,-1.0795347729524065,7.761107933111949,-2.4223530660311297,1.352026157008508,5.775853868915312,4.736368290540564,7.75137307955792,3.362867532357054,7.5179560673010934,9.036649419659996,6.033921635503654,-3.0794354543897264,4.860269500370004,8.668104199949651,3.1390407666795497,10.018143591496989,5.339610232123927,3.241554737328703,5.130950899185139,6.670230755159714,6.840933379540733,5.691181465777588,-0.327577717666991,-0.44569190010322424,1.1913150421396255,-3.5079500485161677,-1.420484677933644,1.5371118792843226,8.537147583627084,4.697371616556753,-0.2653503072700927,-4.474576487801548,6.3218782026297395,6.175370192293197,-2.1789489214581663,-3.663296396309005,3.58594476712054,4.021162537936479,3.362047236403933,6.925893963102131,1.1476245592613044,-1.1053999392619513,-3.601756877090289,5.061471967213667,3.1788446413322036,6.495124640313355,-0.9541339264734265,-1.2987619947554083,1.7395159417307533,-2.6343838615319943,5.994066726363222,4.78927815458941,8.80557468602507,-2.0547655849601916,3.881339879735261,0.5156788645560333,-1.8731151500677958,-1.7186930412936496,-0.3907583252394087,-5.830613019261081,-4.426729731262707,6.2760211855848995,3.445455923218101,5.309437264665879,8.247408547557141,-5.724991782880766,3.5523452418627732,1.2107471740444629,1.443186538603733,-2.35364333326851,8.113892200582569,0.4636790900003094,2.8265161500531137,1.3636308447801266,5.947225522091647,-2.2535121603163386,3.198680846505252,8.540139926815295,-0.3989349881785662,-1.075727130205566,0.49361407583010214,2.249585247484781,4.930487619303805,8.88047668910466,1.41349984885331,7.376305541678582,7.759439873662998,5.510295490278508,-4.165626926520427,6.898078703808209,6.718850421023711,3.824701270604249,7.477025056774864,-1.0127308825329713,-3.446834456530422,0.5326792407708107,6.25981633673074,-2.314089189931505,-7.029590884317879,1.335526430949383,-4.794279218460832,-3.7155894973750554,4.8535110212893375,4.292555949803276,-2.562330035678727,8.448084591707518,4.716955521508018,-1.5571266162705084,4.076127542174083,4.560103197966947,-1.5693712567991314,10.86376623674613,-3.7220800688521525,5.885884958222878,-0.5927472161723272,-6.676460056777729,-2.51059859934613,-6.33908009309469,-2.07566008070681,-3.0651825926702227,-6.830540930717838,3.951290761955241,-3.626224754696307,-7.829137036411645,-5.314731750024859,-7.7833801766941,-6.1222215676223115,1.931018784647011,3.4756107389460213,-5.082207379293315,2.333854957388308,-1.6433417280619604,-3.992773500279329,3.5377055877620536,-7.512193246334236,-5.531730068677132,-5.264802214695781,-8.622617737267868,3.115334034685556,-1.7725945715656592,4.1755591893848765,0.6709361175246198,-6.528781183492821,5.280702599322443,-1.8582481006933356,-4.781617978356246,3.7686783934711148,8.413101103469245,-5.032089133253249,-2.8676276828571012,2.707142810181651,-7.733134118751782,-0.4198873042080943,-5.420736667247581,4.359044506626403,-7.069669376806536,-3.6373986515625347,-2.221238221452889,-8.526857081646696,-1.0705305641394394,-4.449474617576988,-4.175906114693128,-6.459196339499773,-3.964974685165338,-5.264776254564268,-1.5581766602726108,-5.789680851354862,-6.644592603121704,-6.776127307773611,-6.639579072474257,-4.008849195818804,-5.910618784774095,-8.610078445955866,-9.078530914855095,2.4497523023055856
6.217250868563078,8.20639682995094,6.056960004611951,4.35202742399565,2.80262414794502,-0.004251842051429375,8.902133396898,-5.00234801595103,-4.1067499351865315,1.5809136084696942,-0.010456094551641105,11.568015116717355,5.422739447116647,10.380931731493305,9.02805658819229,-0.7431322753958287,11.547058524484925,4.512636003988834,7.699793215769234,2.953314817447537,2.3928745487214536,12.526129145024528,10.310218484844933,6.982308655444305,1.7990798106584749,-1.2463394869481867,7.731325302584878,-2.3979585889872874,1.4928507217373397,5.706596064499376,4.920885713483263,7.749746372638799,3.245978918826495,7.4684193454987975,9.140118635798807,5.71430578249591,-3.200753338925594,4.667057776014469,8.832772477338063,2.9617142700833208,10.348263195766068,5.201000377229466,3.087365156313805,5.358720611984354,7.024166338084016,7.147202408760779,6.159674506073998,-0.25329633741433094,-0.17356624265659773,1.2503284715389986,-3.247729470068036,-1.5760404337483134,1.798953339213171,8.870990460167931,4.785640582591568,-0.7724211832706332,-4.71280684917089,6.440623634288939,6.4177815858478455,-1.9473499299713168,-3.688182306189687,3.242138949235287,3.956543618644462,3.176204149405961,6.679000450962954,1.0974506313799124,-1.3473318203781206,-3.586178160724396,5.172292172246875,3.123368708027135,6.536023899135151,-0.6066939052312518,-1.2246768004372883,2.05053935108117,-2.7137915265276544,6.086990141932841,4.719495644676122,8.637332492736794,-1.7512655604893819,4.3396399149901645,0.587525196571374,-2.03921070974608,-1.915480310783321,-0.05642680162976416,-5.839430894207971,-4.344055263180976,6.676529839260515,3.2539385563336416,4.9998062907888725,8.46546207988736,-5.95587264059109,3.6391191330774038,1.0359874790672692,1.2575077662069396,-2.339891596092941,8.373564155096108,0.6736227510175846,2.316803584510444,1.232231622356949,5.800974033174561,-1.8858624834594508,3.4433894476845706,8.958051191901239,-0.7830916479965769,-1.081897229072661,0.5115706430745365,2.6267257701090947,4.990358811008572,9.069793484574118,1.4111356063249265,7.422276266301658,7.8198888661977515,5.204063040032358,-4.175128446283435,7.078488958696313,6.780023921192036,4.202470181231075,7.786737754922902,-1.0893782520201427,-3.244574150142818,0.9056640246696692,6.759380657961569,-2.337072440730509,-7.184509777400077,1.0113845343439019,-4.830999885966296,-3.750740768312733,5.257171168095399,4.633903597496427,-2.3803226098657118,8.975705921614036,4.8402346789440935,-1.459883960291854,4.367571417450609,4.3881788416876875,-1.3268345987772807,10.967297670362628,-3.7087696431669452,6.174622809228516,-0.5605066478823991,-6.6529583343011565,-2.735850609541444,-6.5241635123499995,-2.2056435924032733,-3.133151050260401,-6.949210376817868,4.027681259784372,-3.3471912032670845,-7.934523325140919,-5.204605089436911,-7.949127318637628,-6.41075608364424,1.913378463394454,3.6398868289114845,-5.271170456260168,2.459909313342977,-1.9035643851371673,-4.059657103090734,3.248018511895827,-7.6111372329727525,-5.653002326579188,-5.427794700975976,-8.720882547801523,2.911973821897066,-1.9380410329578341,4.343669844157633,0.573441340545776,-6.5448015910840045,5.616831006961294,-1.5950507148993867,-4.949803004855926,3.9063762294789504,8.919177966617168,-5.267990227071986,-2.78351782841869,3.0244547392080787,-7.964499538482021,-0.23608571276274415,-5.589660666096264,4.297791754312549,-7.19216527592496,-3.8480018016405153,-2.2137630320321025,-8.559531288663115,-1.0755739985452712,-4.454172269540635,-4.138819222088294,-6.506373969489593,-3.930347623363923,-5.4596392738699455,-1.1581347370914556,-6.069729694009444,-6.832276605534517,-6.959038470479478,-6.746274674506858,-4.039510945875974,-5.931790319606165,-8.785979144550478,-9.295279742484261,2.615736695027846
5.59566135817916,7.756874098532664,5.161905039579047,5.083098576216723,3.1826048948524894,0.6018742551348304,9.008861391616678,-4.6854525807103204,-3.9689121940494427,2.3608563818136767,0.7263357445336259,11.053752472468338,5.608609666614775,9.703623303589454,8.833907999830268,0.04116649343988367,10.453924639153907,3.6754074124354785,7.8240860038394,2.4443721195341475,3.270545022743036,11.733300505693789,9.342145708716671,6.5909749112159535,1.6087806704031655,-0.7076263734837677,7.339754539930125,-2.390593446314709,1.0070944385366147,6.004752016129993,4.215226930485546,7.79930091760783,3.2887066763016195,7.655349965096278,8.824620159459274,6.088877129739779,-3.2258252905243885,4.553855360491206,8.573967245753582,3.1489407186311404,9.68077597943625,5.874205553299413,3.435258437572607,4.503818771755172,6.064923478504193,6.953930615845734,5.713909355828567,-0.5836429733136776,-0.07639911184750556,0.9098540824482655,-3.342180190103987,-1.1724579650912434,1.013019349720756,8.176858009583187,4.608844148933544,0.335893338727264,-3.7656633720331327,5.788846808527108,5.7783048304670785,-2.027953815598366,-3.4992899936547404,3.935500946227245,3.898685353645046,3.4007581323681717,6.834730688951,0.9275249496908604,-1.0586451208372403,-3.650937921976341,4.871025702610302,2.823230731272782,5.887176187448109,-1.1589382403777506,-1.2452000085476438,1.308904918374258,-2.3971865182691685,5.324006095585048,4.497165401516124,8.512558542317187,-2.2276908166268496,3.3205179588454223,0.08444079537840747,-1.734947918357039,-1.9201868820734247,-0.6250993360459771,-5.195579243415337,-4.401936296353827,5.53133452608621,3.473070765060732,4.924950761838876,8.258997944740265,-5.504370984490338,3.2986103936683233,1.4190657925588408,1.4884615899418487,-2.3479030806387344,7.785037600957411,0.28755468531091427,3.1692080651880254,1.3391931872989464,5.534343192444136,-2.396030784461008,2.8434210053996396,7.888134188205647,-0.29709877649415806,-1.0847659722951921,0.20123064005764704,1.8322077358108142,4.142370868994643,8.046760564593153,1.2510358529826031,6.714321521467354,6.970029799631565,5.413518031147358,-3.954202214556423,6.402350882210338,6.254885859643296,3.3241409972255678,6.843142368115827,-1.1286846684195082,-3.2653325063396537,0.5684638329712359,5.852554626193822,-2.1359520536262138,-6.38807370436267,1.3249975263520286,-4.563901262348319,-3.5336982340800116,4.334796749426794,4.223958389428627,-2.331108904430797,7.71096688993606,4.292577391696203,-1.807849186292116,3.5239691428428497,4.791118689570458,-1.647672363201978,10.23126128560993,-3.6138720036004544,5.913536593803923,-0.6929237840688459,-6.267086137949101,-2.471472821268834,-6.127326452017298,-2.3844013099608783,-2.843301596972955,-6.49163363067323,4.272343312976696,-3.767527072586891,-7.249599996611324,-5.21845458107246,-7.194995434093264,-5.611529163115108,1.9880701563598004,2.849606541255954,-4.765944339728143,1.8908117920857639,-1.6720009028103964,-3.884512271759423,3.649119059737552,-6.816639297134408,-5.16123541078295,-4.870132252472213,-7.9008931467661085,3.10875177970653,-1.6318602845538337,4.036806164584506,0.2707187049776777,-6.029604435806312,4.942482251293109,-2.218672388156698,-4.746703265557399,3.680593763971719,7.792996833202228,-4.904009234373839,-2.5007777855634523,2.771200019056882,-7.158411538581443,-0.7458736717979626,-4.968623594775544,3.9240437388339364,-6.561950587420118,-3.68869204341468,-1.9177658539979816,-8.007536858467885,-1.3384930070098076,-4.339929839375646,-3.808879371849667,-6.071676935097814,-4.023360671035009,-4.618317552061853,-1.5763565102888044,-5.535036123506201,-6.172707768560446,-6.4694801177948,-6.350572522502077,-3.6453614184795655,-5.5546322117415725,-8.086042708041077,-8.46070570297104,1.8849738618405794
5.719617315582776,8.261218273694324,5.637299893280182,4.9423747102240805,2.8542793589233817,0.48411299610047015,8.912553643841918,-4.816445711677595,-4.092052885768283,1.9406453652349673,0.5497703686670496,11.434494451181612,5.587866435506329,9.995710346847112,9.03667905180274,-0.1411741145186714,11.055830063332701,4.143539384093615,7.801482111843883,2.7467864324071587,2.9406063515602683,12.331229088181907,9.869722833111398,6.923614083419657,1.9563804646035625,-0.8710316380936586,7.748625434840758,-2.4554581735223295,1.3737305824988908,5.940895955974605,4.567153948479523,7.743448402084104,3.5696914931486083,7.533288682574346,9.332889374494206,5.969126238039765,-3.1789125548407786,4.920419063419753,9.038211108252565,3.092694098150212,10.185618812045526,5.661090075998795,3.1561043861309845,5.203417883653583,6.66715405882662,7.125338315998276,5.900864887474114,-0.37650586062530755,-0.4088783523948687,1.2609426020643362,-3.517594756520234,-1.2751712643985917,1.3760264776235924,8.53223760463993,4.821646495691238,-0.15015779826900655,-4.297581872224168,6.286736493688239,6.360288598536493,-2.1790340881189874,-3.7520818649664176,3.7519652696680823,4.253961948993909,3.534136723130883,7.057587938737568,1.2063419220973204,-1.1488401024239019,-3.7369292956481672,5.071218322329409,3.3305068168850336,6.459018283042604,-0.7843303947296225,-1.233507870576865,1.6127161456912276,-2.663213482486647,5.799397533168854,4.954696176413464,8.80458482398628,-2.0417650461027677,3.7688894236399055,0.584398012697518,-1.7693236388741014,-2.0798034319310226,-0.4449041246142163,-5.617459622029095,-4.4579506508282325,6.288054026215049,3.3799099914573034,5.066270494589166,8.476053535036217,-5.615588880636973,3.672573045924663,1.467749076558437,1.290925771167705,-2.2969804315515807,8.309502090349232,0.5686976511236002,2.9880485271349913,1.3895393640625844,5.623943372274176,-2.253177403745424,3.155664588225585,8.564807746789512,-0.4847189085270695,-1.1874978996190002,0.29771719863280766,2.3360367463464455,4.564738262494055,8.620168906618284,1.434970477417006,7.180115409448533,7.486677988749855,5.404160022246061,-4.144274907106322,6.860066256281088,6.72194043149749,3.6075462094453847,7.5239958886997576,-1.1776907056754704,-3.2504306840626724,0.48593612249877427,6.40080034209307,-2.232025370536476,-7.082842504825642,1.2734376017833189,-4.71216397562785,-3.68608304429903,4.793117951842333,4.559468603885269,-2.317190679237052,8.466774716090816,4.720703539181891,-1.621319294996575,4.128624566476491,4.856065748211314,-1.5100356685280112,10.81250420655755,-3.8311921436235505,6.143272006590039,-0.5113122365570719,-6.6235396723175235,-2.6054229456006084,-6.4649230763954435,-2.125249520673933,-2.974852742713869,-6.882201217799582,4.152675497669449,-3.6639899443239714,-7.863205539026027,-5.259751791670638,-7.721466927228394,-5.985828001335256,1.9615546974004463,3.320077663883401,-5.19586911678106,2.201837300675211,-1.8401101086204548,-3.983276423540062,3.434897500668234,-7.550402937178994,-5.573046746865935,-5.2843210676535595,-8.477423182913494,3.102779983730731,-1.9065445102748568,4.213375434216796,0.37179396006476506,-6.383260162864783,5.4878729860177105,-1.8405161144929247,-4.897470493824436,3.936634949666709,8.428798850518163,-5.124853710164539,-2.707121460176176,2.808625495069547,-7.716708537224718,-0.7576718362458872,-5.429416186913939,4.124496758272167,-7.024145359263653,-3.960753114385262,-2.174701199598689,-8.59990404066081,-1.3354889968868056,-4.653079320581691,-4.107730561791459,-6.373871894941233,-4.251760368196076,-5.167683106345379,-1.5026481167212413,-5.964837452140034,-6.636977767980825,-6.763778450986573,-6.823491740210769,-3.908335846456471,-5.930488645850613,-8.633497955475649,-9.141033799446905,2.2699469580641214
6.3446201437548,7.885812603306453,5.98916023477226,4.267761592604245,3.0754607049395015,-0.108130418645981,9.151023740519395,-5.015617729294078,-4.111707791739019,1.8218187548720621,-0.04517418606337356,11.387712771858151,5.342995336543469,10.394777608442574,8.926798925074056,-0.8741937528168069,11.530767346242968,4.38521792223337,8.074957431276026,2.9167388658195437,2.5028260329213063,12.433211373410616,10.295210153887787,6.885522932280773,1.5946834585670784,-1.075746459400645,7.456379267756047,-2.2562700272998524,1.444749589863021,5.823100951769563,4.760390731332185,8.084638699718024,2.8251828519836972,7.799516340011352,8.81884628922386,5.732679741938966,-3.3078831893461356,4.135322565429309,8.519867912232845,3.131915217331518,10.361987490171405,5.387870694915437,3.528258664464225,4.853128334498479,6.743174814265298,7.171366358803429,6.194609334764449,-0.50187483401436,0.021986299830886402,1.2462069774739204,-3.2615610739412366,-1.5705375042357517,1.6556045693713617,9.050331426931358,4.660340557857908,-0.549775586578056,-4.445462913881674,6.065518135181218,6.14079176118312,-1.7641194280597443,-3.649230251636017,3.378135794064013,3.5294891440448737,2.8200940460688586,6.250435728554466,0.898641630914623,-1.4494149713907287,-3.492843916467187,5.054835336287114,2.564332573439122,6.135470857411972,-0.7284162499333536,-1.3252613937491353,2.0513171108488284,-2.719912319201081,5.930911836329727,4.426346352973909,8.312472596117406,-1.9633323241751097,4.328566566460806,0.3062097436684762,-2.0201875535785083,-1.8455519538912406,0.027286365791392098,-5.690481588494977,-4.424039096052546,6.251828623370942,3.1112530289694313,4.692161178605582,8.309417050004601,-5.88665986101025,3.396458669682029,0.8678175076432851,1.40787623233859,-2.580085050754966,7.972570254517997,0.5209052886602928,2.282892945665462,1.093412664403013,6.031693117893403,-1.8007727010041827,3.2679340683925893,8.859693950993716,-0.7765638437411927,-0.9598126436354018,0.5222278985914982,2.3664971572482196,4.991141693183973,8.831545784605925,1.4595835060652016,7.227078780294876,7.69736016308008,5.33470571213734,-4.240133425585483,7.0003900649689665,6.4517399181142405,4.352194149031967,7.437032514777492,-1.1977001277199903,-3.1550467007665564,1.0727418984377808,6.636478145804361,-2.352533597534906,-6.87626922051264,1.116253811402067,-4.8062287539878525,-3.7559354952650525,5.2606195350164064,4.409711576138518,-2.559268655939982,8.761256051720757,4.7295970880395934,-1.5848539379673827,4.211972391973328,4.128785185563333,-1.385391543504456,10.655026196149448,-3.658402652208543,6.113421806416,-1.0023177323273686,-6.528712035499236,-2.4021839575044086,-6.316257236395099,-2.3947695040718893,-2.9893179149040323,-6.828916486014078,4.179014760760394,-3.6398982188796936,-7.748860053959218,-5.216340541265086,-7.708517171643257,-6.4425009543835845,2.1266293834290577,3.283880663516607,-5.186851092022103,2.4220817841848508,-2.0814500502857176,-3.752873495376664,3.3300707318755647,-7.209804439029195,-5.59128631379534,-5.125754117182151,-8.40926775913641,2.8469548716676085,-1.9776852866825607,4.361081506744279,0.428151624191919,-6.440209319506011,5.289412640201592,-1.6211165967295735,-4.9231233294685826,3.8661472868798694,8.843108797285371,-5.105933386375989,-2.6536134481190836,3.2867180050267866,-7.774733419803574,-0.3089001572534339,-5.355734325145465,4.182367091467787,-6.936258639220048,-3.7434403114045516,-2.228415782923806,-8.248939359033663,-0.9771344738083378,-4.178153175201237,-3.9642057024515327,-6.360482010877341,-3.7108365170806867,-5.1613009099901825,-1.1115120769934719,-5.8918045400232995,-6.5876260236069974,-6.809858273980483,-6.513611430223463,-4.092301433434244,-5.784637768279867,-8.47924536446525,-8.940899566657555,2.288990366413636
5.933440909626252,7.858404953513471,5.706143769077057,4.525669534469011,2.798380635110308,0.16667253542771668,8.98305219480421,-4.967514007705038,-4.070573249807687,1.9764655251713752,0.16543968491285838,11.456835066569086,5.749932144089722,10.0745524665833,8.880711115247337,-0.5648108509321625,11.23189618895399,4.289254119437728,7.8434975477788855,2.915085520840277,2.81224496172863,12.329630498073277,9.995243844759695,7.067666679693169,1.6938271830646634,-1.077695217038025,7.610344845065892,-2.3810589633063213,1.2979767923267949,5.68888306866992,4.671264881543799,7.809564343296346,3.0848998406260546,7.562093556539499,8.94838889978935,5.830022126824167,-3.1915798818689924,4.649034219350667,8.588904179251287,3.036080907189744,9.979926436871251,5.387141911462997,3.23325777601968,5.044000743572878,6.572377650532634,6.940681103887325,5.814634463607372,-0.36562767854626893,-0.2635118995277485,1.1101293603818447,-3.3991762649419384,-1.418292616612319,1.6201855607838576,8.578341070332367,4.6424469106681965,-0.2992829221344138,-4.383257867423514,6.244280384919859,6.119160811036895,-2.039834150791335,-3.59245274989156,3.4742815317273585,3.814643817124456,3.1673012684224298,6.635179520580413,1.010185121284892,-1.0561364353508347,-3.6108261304166063,4.921804004967836,2.968598879670365,6.38178280360581,-0.8979907486408965,-1.2611487984454224,1.6655680161666477,-2.5499840641183624,5.825056650160411,4.665244318697073,8.630414348690708,-1.9537638433554374,3.876281082781453,0.4471169248643062,-1.852071415249437,-1.7391206220215407,-0.2520754245102091,-5.672074051283033,-4.38636635427013,6.272655995669593,3.2462544503601243,5.118673286516357,8.269146962341571,-5.678035671007051,3.4701060157824264,1.126834033163485,1.5296307668065001,-2.3755262923830687,8.093798090461469,0.5295533670915435,2.6845259571820868,1.2253539438681478,5.895348158122241,-2.165567700787816,3.170247299306074,8.533752172938852,-0.48814201322000045,-1.0973405684632893,0.42589616838198857,2.282389108463679,4.861360790883473,8.77497675392744,1.3864444857018303,7.351552675442725,7.719458908876267,5.514481224725874,-4.160131996756056,6.908885808578422,6.603041907227215,3.8503500260122383,7.409969172072959,-1.0183342418628962,-3.3565054382813377,0.6678027472330802,6.298674205784763,-2.306741639040098,-6.956499782982838,1.1919585025828014,-4.765397635942503,-3.6729799610984664,4.82335435179251,4.382423621219571,-2.570342528405675,8.441661440779725,4.722539212188947,-1.5828794956238066,4.134491277858851,4.382197518722828,-1.4846697527248405,10.798896527915188,-3.6288778533343176,5.9446227332871535,-0.7443406578689666,-6.547933452962894,-2.4786812080264857,-6.270984727589456,-2.308413063171103,-3.06249433662334,-6.751249842692922,4.007288312817271,-3.5312487778622104,-7.657123749371792,-5.188979781306191,-7.658360743121173,-6.123755829206948,1.9603508723133989,3.3155972577267896,-5.142973679961573,2.327935589646007,-1.638496192194048,-3.940426048608489,3.4456723337416566,-7.30077238426152,-5.508193074988657,-5.175894332925734,-8.430964829367435,3.0760082634980517,-1.8354198301095768,4.191927147505634,0.630198737837286,-6.421749582265946,5.249757351323738,-1.7893878813240627,-4.763960659784557,3.8849557293719785,8.446299867400104,-5.028537409679224,-2.7670657035538317,2.7896274444576874,-7.6199389366708346,-0.30122734952827296,-5.3013386756957095,4.288597201755284,-6.930424108215629,-3.6665052579341504,-2.154690466941814,-8.353592610027514,-1.0599950797507312,-4.359058931095962,-4.104597442554655,-6.421092253339859,-3.781721117738408,-5.158247600750152,-1.4722460949727323,-5.823572878672288,-6.598021748472407,-6.65757037801903,-6.561185256004739,-3.9555465967502355,-5.760826504468794,-8.470245677180937,-8.946767828863347,2.3217843280404757
5.499708595772221,7.396992465930447,4.966936253531376,5.329586267297559,3.3446922758627577,0.7557434767318307,9.249943050825808,-4.668320323680628,-4.00749649986175,2.807573734318394,0.9470208596338334,11.28370660852443,5.999052072918778,9.610956138725655,8.894747284208197,0.1918140937255833,10.33749997903387,3.5842825007246577,8.13937612736132,2.4332326583034445,3.59818441392587,11.637214676473892,9.237228804538896,6.590466853340972,1.6174912743482066,-0.5412677540810443,7.529163382244451,-2.423897229229239,1.1141957019006004,6.065169092816489,4.186954870959363,8.012481370176959,3.1350888168754483,7.947775940798744,8.808081638179944,6.449566104821361,-3.3857056940476373,4.4435747081016235,8.38522792950865,3.395188765968555,9.48881470164799,6.149528810082775,3.7284523750364897,4.266268484342374,5.624858976499003,6.857586250833622,5.489036685636193,-0.7418552920179622,-0.1949010561157815,0.9942754034217357,-3.650100222004825,-1.0769517490453318,0.7616144119337971,8.043236954518592,4.640199493961727,0.7431379769387806,-3.5009351767768013,5.760513861177779,5.574545423418515,-2.293262884799867,-3.57745474232219,4.17876983072127,3.787716054624506,3.5133240796463086,6.8985205019400455,0.9926852847887762,-0.948009240529174,-3.671673001780754,4.608163600142445,2.692041032849232,5.961449611109169,-1.292327215312599,-1.2929447475339113,1.0182211492787197,-2.422288661904364,5.285120218371559,4.620735906322877,8.626376108849108,-2.5870737262969015,2.9754872776269297,0.1400568927679824,-1.638031119441763,-1.930712804442104,-0.8973046126065709,-5.310464750847945,-4.575823256387685,5.344492592443007,3.585496592162567,4.999148620637975,8.253973124559026,-5.38843813618013,3.244828893896364,1.6398252427655404,1.6910041959230049,-2.369780840529068,7.6079483934313465,-0.045793554890286324,3.42836876767919,1.3421022224287822,5.630139914956242,-2.854010206523103,2.6098322275203016,7.539319144616383,-0.02877920031778494,-1.0476144323246368,0.003950060700494679,1.5469751476459506,4.069170659001599,7.8861687250513475,1.2038784580210988,6.624578198586224,6.9337940637476,5.664159872899583,-3.987687352292856,6.487545268046494,6.295873976090697,3.039606948979242,6.539013754813757,-1.1730803026431404,-3.4691083226970827,0.45620517524802423,5.50866391263738,-2.0853772711157466,-6.294752702267633,1.5939265130514702,-4.544778276366782,-3.5087632530994464,4.040857668188729,3.958131052569141,-2.6214798931829004,7.347482518038544,4.200310677182341,-1.895645798428525,3.591586773243889,4.692347896948913,-1.9489121271886976,10.160785846251732,-3.622742024131542,5.82377280806758,-0.8741781426027513,-6.28799309808146,-2.169342881102617,-5.903600664697098,-2.322831690134524,-2.8314863551464815,-6.452835973677478,4.415253878209291,-4.0918562416607385,-7.193615231195595,-5.262299187989989,-7.028283863196514,-5.581707252315315,2.188964637338573,2.606653205327489,-4.621945977153794,1.922376359319749,-1.5509734956150456,-3.643511730275887,3.7963330750435857,-6.5870088358625525,-5.1153003527873215,-4.6152743662274505,-7.860029686402298,3.2106637115875087,-1.4805458176837627,3.9274963940446144,0.2676353295692812,-5.926385345237912,4.694920553456879,-2.390283819485326,-4.544924311454594,3.612072535575768,7.443712215118842,-4.667389068501829,-2.4806451505582627,2.6727312765470166,-6.907349644487462,-0.7548463515132907,-4.784547940453917,3.9612777048535945,-6.577388405277318,-3.5718079077749363,-2.138428409139754,-7.931973552364265,-1.1206118180969935,-4.185404561998057,-3.786850248903875,-5.940613459769534,-3.9180045438228444,-4.457628330371992,-1.7263605636535986,-5.430546726526652,-6.021069184974084,-6.445862118861254,-6.261785888009926,-3.8045068500849295,-5.456385075812457,-7.947666359120302,-8.204512509854792,1.7110265398176523
5.495696372301995,7.118020454800153,5.009209482071974,4.886093679649703,3.1707949411763905,0.5075928163671347,8.660117070659698,-4.403099007708832,-3.804267729552292,2.3845274864509305,0.7337410673517535,10.559236784899776,5.358902621949357,9.229791930649258,8.326129644098382,0.08516337407214156,10.075055388169504,3.439076265525098,7.637708294202802,2.431918888559047,3.0544891098466187,11.100371248843986,8.930026869307756,6.267249355701199,1.5255318743388644,-0.762497486127377,6.900806137922772,-2.2509807032993754,1.100073364669063,5.664995298225805,4.071700506762306,7.650918654710399,3.0642023599325072,7.546065091648298,8.33217594722593,5.969625876242918,-3.1267470716745405,4.106398968818708,8.00296476673174,3.110708853298593,9.09169813399359,5.575158735267669,3.4244676519931367,4.229961356977428,5.762267220055606,6.544209193509785,5.274191168011627,-0.5646526363252142,-0.2002138913578829,0.8864794891697001,-3.2770503292687545,-1.1723713007338092,1.1607351482330945,7.911659370960827,4.404845851019462,0.2624393104208572,-3.5773743534064053,5.317813742804014,5.344563548619493,-1.8974298105938536,-3.3844282252854323,3.846407372156128,3.697430816435345,3.1864507257009227,6.431864108194258,0.8125308175090079,-1.1228752730376286,-3.397114324171515,4.624194798365846,2.5842017890522415,5.630394911367208,-1.2134388019083426,-1.3719300549588476,1.3421256768474543,-2.31600838308438,5.324590611267538,4.336419555386991,8.024017479749297,-2.1966880911771507,3.274108567815767,0.12694832951991586,-1.605863996068979,-1.5943082066500085,-0.655940728051724,-5.159777931438183,-4.13308897064782,5.2730975275443495,3.345231787819109,4.616007798120063,7.805178502889218,-5.1616284929201015,3.038031202869697,1.2806950536702546,1.4154390480193864,-2.188793543563711,7.332009696771865,0.22920955871138363,2.993047063486215,1.276874233001196,5.327147962770414,-2.325918696007111,2.8243496238375525,7.451963484296468,-0.3380824026358351,-1.099597448324015,0.1621756704962595,1.58917495043257,4.0027505820475735,7.735654272966724,1.1449142059896267,6.3448334844754966,6.650442601703904,5.112531858045048,-3.94638133856987,6.10299448498553,5.911684528494441,3.201785138295532,6.414355388016156,-0.9940035187178683,-3.2323177595972816,0.6430447696963769,5.395331020140559,-2.0250444478108687,-6.13130177128038,1.2975222414170342,-4.3027122467888095,-3.344731192388177,4.205026936281285,3.793009375785173,-2.290809528781601,7.303085858123758,3.9930945810143,-1.7007474052353955,3.380592337591519,4.390570317301658,-1.6793754159724228,9.746168955844011,-3.4114355330773605,5.467820094757121,-0.6213657674823478,-5.810215499473351,-2.2090234206230455,-5.63198345940021,-2.297614413348391,-2.695650367778932,-6.167711147819907,4.125321204309063,-3.650476100645538,-6.845274970569998,-4.9297337858423536,-6.785842679562296,-5.411958017155315,1.935640590556358,2.6862820438433594,-4.495060324541383,1.8335427109392637,-1.5778198392546516,-3.59256374956956,3.5382191625491037,-6.400204994892356,-4.905402283391757,-4.442263154075523,-7.53381908432809,2.8482339833372095,-1.6909283248995057,3.7883565920708193,0.36704767936199956,-5.616899203849397,4.624031663407278,-2.0563217572332406,-4.242586430170445,3.4219362693095716,7.364766687132816,-4.468340688786678,-2.5204799016295367,2.807404441992154,-6.705483364646027,-0.5330295027497696,-4.6902247736121625,3.979481260393914,-6.237117334460916,-3.3064494602386887,-1.9477001275653765,-7.520615808005317,-1.1979611882233219,-3.8533571990255093,-3.7224647506029953,-5.779079189702846,-3.5677603461293907,-4.356466604792883,-1.4284004789678062,-5.32574198529405,-5.831814635096031,-6.0585313234261795,-5.915952230802586,-3.5686659359943214,-5.2460829501354205,-7.660779340048993,-7.965717937670491,1.8267843203524528
5.868178779476775,8.030007849132938,5.523206150939655,4.91299406668616,2.9816496823540155,0.3538406660101313,9.032273934083497,-4.921977323480367,-4.21190851182234,2.052648327214254,0.49903032282800286,11.484563401220017,5.627207511261635,10.018329854849066,9.123563332471921,-0.17120816429213584,10.990970588238762,4.037998920170229,7.801378105307483,2.6296566836074633,2.909380101714734,12.218120491532986,9.849742669177742,6.870786168886634,1.8243304781077068,-0.8056093737638401,7.700535366299502,-2.5290378766656865,1.2400217655928094,5.984980119371674,4.527736766519426,7.820082886965613,3.4035600758010127,7.682902309893398,9.232806436562935,6.097661723322273,-3.2401489647543804,4.751928880818947,8.920359064263794,3.0048563423694277,10.058556954605514,5.754840909110729,3.282865777362519,5.054568909677468,6.517143422683015,7.173759750795944,5.959393207472858,-0.43908033306443506,-0.21073348131897457,1.134920754646064,-3.472222188154335,-1.3752748489368647,1.3640482834773635,8.490253481680744,4.837437684757779,-0.07217199948902514,-4.12893693151205,6.206433390069161,6.2064511976336325,-2.072699896514844,-3.6285264741455463,3.754242577212955,4.109236261721754,3.49221232279095,6.994301390092841,1.0783958710735932,-1.2196664145214382,-3.639445592923701,5.049046433785249,3.134042497512644,6.334956870615988,-0.9137520116123727,-1.2060587767137012,1.6102635636194913,-2.5770656754477046,5.801483446226151,4.780162814821034,8.772904449935695,-2.078019651978194,3.705187390607348,0.4577824875567713,-1.6800475160019517,-1.921763342705515,-0.5356382706058285,-5.559426640499189,-4.576573543410608,6.157968368618481,3.4543548357501574,5.035515331082184,8.494366289479377,-5.612147268715865,3.5565348660403844,1.347391777880082,1.2946488264883782,-2.3217834964442217,8.233185014926791,0.46263087942132336,2.8980913054474273,1.3025704732078596,5.582176498959753,-2.343440695295669,3.1311479231271795,8.403184257772061,-0.519836136723846,-1.171913378483895,0.1773603999257725,2.219235559826296,4.437691517673729,8.576829373461422,1.3569837602751997,7.093016303878245,7.384542608247747,5.352060842107303,-4.121132412551285,6.7950288576166935,6.615343527975125,3.5747005745022853,7.34064022328058,-1.065411259985256,-3.3732260527919595,0.6265389801870566,6.263257825212399,-2.30644588224277,-6.893835581791879,1.2655087050609635,-4.824575633270981,-3.734740070724106,4.714852649816989,4.471672132277499,-2.4599147754763604,8.34419334179455,4.556697948865103,-1.7151632268296984,4.069658315419325,4.728533375813443,-1.6369952367439013,10.748992442259784,-3.651067731123645,6.065295165087339,-0.6490334743995433,-6.515460373935825,-2.6192121761865557,-6.309372162010219,-2.2620885091090384,-3.1150384147308703,-6.79154334442127,4.233444665578918,-3.6752738877548983,-7.707529542668215,-5.248761306051714,-7.607308582831838,-5.9193793466694675,1.9768636488302194,3.2544703736061322,-5.069933181937685,2.090735665516303,-1.776232308383754,-3.985988538453928,3.4072956553655835,-7.335738136758216,-5.500975959887314,-5.139184680614922,-8.438502143889043,3.025904465976492,-1.8492739353331016,4.197153686909847,0.4374141408534833,-6.340859182308807,5.362104300775939,-1.9583149447131467,-4.784599100397432,3.788261669453524,8.307956494978715,-5.067435075707433,-2.6497428760439976,2.7812234931320954,-7.600529576635581,-0.5628094782948279,-5.260038507500581,4.253059178094138,-7.011687934737756,-3.8172904439550575,-2.1017836918225923,-8.42825091803588,-1.1877756732435056,-4.43013386879239,-4.136266402154851,-6.307689529675593,-4.0075210357909095,-4.9973722528601865,-1.4799346427203643,-5.874184970864655,-6.552711722194884,-6.734765709932672,-6.599590107407649,-3.9785074561077223,-5.813637070839238,-8.480898507829176,-8.867154360528989,2.1668064056211085
5.509559861066972,7.683352157779959,5.1380464375996535,4.798469263312887,2.7817056866369723,0.46860007742503296,8.601017289599264,-4.604924648023781,-3.9378917552595185,2.0640214586817565,0.6878983601892518,11.102002227451061,5.518235363222434,9.443188862083376,8.697041029331672,-0.051319300915180686,10.453886514006582,3.8423509904370174,7.560315814306596,2.4185519312284,2.845628456148999,11.598503183825358,9.317622308211634,6.510959549648733,1.8915079598685474,-0.7761415661139389,7.4354624381106165,-2.4962139121451967,1.2982788522657154,5.775334537807538,4.4214676366637,7.5759989552799265,3.2455411954810103,7.455234628259831,8.967728010004944,5.932085631390149,-3.113363694690108,4.614546385628121,8.580315401138405,3.019736568082356,9.572854296415665,5.651271037890313,3.1043671728760662,4.8465907706752285,6.018946687205342,6.756780431954208,5.531636242867966,-0.3703952573939738,-0.45933860000267024,1.0634931961600502,-3.5014650802125127,-1.2613308446440064,1.1399164675333668,8.092929295034736,4.7095286366696945,0.08874838519084895,-3.8166579026748435,5.929576757781551,5.933581340101661,-2.10100246990686,-3.478533485947267,3.660519816934538,4.0762431629426485,3.406583698497731,6.807639019232214,1.003683235014324,-1.0674285983234155,-3.626186332691218,4.762578718940312,3.0857335922290376,6.244423233312791,-0.7714290701541766,-1.1815074829109118,1.3575628878230224,-2.4157642350027375,5.601737984030324,4.627296015475835,8.499519200293097,-1.9881053959577732,3.327677838117321,0.572521612531173,-1.773977519808992,-1.7325169077431417,-0.5107989802384091,-5.228199586511302,-4.504710423236452,5.892653707881595,3.3195558437907717,4.844951667489332,8.140240681942812,-5.3915033302382485,3.4362314484609593,1.5761270281565651,1.3254307584756073,-2.0219546291999047,7.9527187249055675,0.4354223944800527,2.9007380705654264,1.2094326260796213,5.242636269865129,-2.511126737841759,2.9677272853654753,7.938532380422609,-0.42869412077460006,-1.1165272728754687,-0.06523013590501277,1.91835024451334,4.154001167814837,8.10661195401174,1.3767031255845144,6.695270490371582,6.997356456706549,5.14403337212231,-4.053365842965437,6.513503580330559,6.351943513497174,3.1679050616914353,7.0558222828750665,-0.9642911137108867,-3.3312167842737157,0.3969207456592272,5.848537268822649,-2.0579878733650725,-6.494883494641297,1.3175396791059117,-4.771882811874535,-3.358680910347044,4.2639735091464885,4.196643066685185,-2.312138304220955,7.817251363387903,4.317670828539795,-1.6642861510012308,3.9481118134927584,4.496342655812902,-1.4569146382977918,10.307496005189547,-3.368447956353455,5.832427375713111,-0.5984601256338357,-6.218747589259428,-2.2983234448649643,-5.862162828563073,-2.128425279415385,-2.7069720448447665,-6.3465436515503235,4.069210437754247,-3.496225987118201,-7.311395937767832,-5.117288093502362,-7.264561413364674,-5.689345102537674,1.7771927606770332,3.020457720069661,-4.900860109637751,1.9001469587401616,-1.5543214350646584,-3.774490472789745,3.2442221784115257,-6.95597397135639,-5.026835045696401,-4.890291656256702,-7.930345823310277,2.9120742990121076,-1.7806422005468883,4.09172317233782,0.6646132740071179,-6.061436129961996,5.068374512463596,-2.1823159301316957,-4.397764056331152,3.7833735042500996,7.83940801821858,-4.545212569286687,-2.4636858214797517,2.7534518407845305,-7.081898657159679,-0.6915385972187987,-4.780875964283003,4.219220507343318,-6.667339426896234,-3.4162798108319374,-1.8976166380064827,-8.064538370820364,-1.1241562207484388,-4.255725461046639,-3.7225079039271565,-5.8729869566336745,-3.996105256313248,-4.7435447080247135,-1.7067107931720653,-5.527525410728961,-6.127106194072043,-6.428764568054956,-6.412579927264845,-3.748026805848669,-5.508008407094008,-8.096674067862365,-8.453630510657687,2.0724067442340277
5.891437561818692,7.843663924120633,5.51975585066508,4.799450967627795,3.0618643038762627,0.3116447798999318,9.124356372161488,-4.8944194473076665,-4.062475215216822,2.164042882686829,0.382450667728251,11.364974015860428,5.653469094234826,9.990511850679768,8.960753497570865,-0.34771976640065894,10.981588200956788,3.9888329197027965,7.956307994082155,2.6827193128216074,3.004530558581227,12.120686112198472,9.815987510830329,6.799499200092963,1.672101592239684,-0.9080172475487703,7.557664409792927,-2.372489824197183,1.1988993615278887,5.903022453784018,4.489954931878784,7.929218313315163,3.1152330263015764,7.753832946662487,8.957150840604637,6.03255867732949,-3.3411331979090084,4.472888559217568,8.617108650487715,3.1193436115030466,9.974736795869141,5.718667750904593,3.4298747250081374,4.783698703692892,6.37156343440537,7.05486451751586,5.9011517550157455,-0.5353356587251592,-0.11828174551982151,1.1026021040016287,-3.4023881718774747,-1.364677685182352,1.3311972004955495,8.525786886523084,4.655537043351884,-0.019031758779055028,-4.0715958687376075,6.045369129244541,5.983132762569531,-2.017300760344008,-3.633367144113709,3.7098907943246235,3.7965813743443473,3.2453866212218134,6.694028709151808,0.9584988048741461,-1.1704327717049638,-3.6257651308291843,4.901332447206007,2.8296758340137385,6.179477903043093,-0.9680453735803124,-1.2936318355793113,1.5422062602963478,-2.5435600250295165,5.644145275634227,4.597814180286637,8.579496631279135,-2.1552750861248273,3.696152064936289,0.25433099320199964,-1.8087765345842606,-1.897194442372818,-0.44423568361557264,-5.490803484619197,-4.398003141524049,5.9838667387847355,3.3359230840830443,4.924224829079592,8.376378953516772,-5.627732775130636,3.3706974339714866,1.262938485625726,1.4735899724878874,-2.402837038089166,7.977214828319013,0.37561715581552635,2.8784653182943583,1.2526560866209486,5.758437970108726,-2.3102410451323605,3.031557091153055,8.307948892725948,-0.4442364582131938,-1.1010665377017468,0.2872306238182565,2.1102131932707597,4.532947233550304,8.492899006278948,1.3173954429603683,7.064261874390299,7.391799712756951,5.471228276541708,-4.1596953206376295,6.825815132066607,6.448312007944734,3.69247084434824,7.1546013619603945,-1.1663055764054906,-3.3553182891397886,0.7698779531033767,6.195045031317245,-2.2958159093049924,-6.695607695210397,1.2337442508946734,-4.705779650351414,-3.6529779588262032,4.684891379443197,4.36444146320943,-2.498032908453414,8.220706012066152,4.510868174859112,-1.68621215474789,3.9595266482510234,4.551031323691408,-1.57405087564507,10.559909161831186,-3.7271690571583744,6.0197040502446475,-0.7818856476123884,-6.4411716719626355,-2.450636450380196,-6.2483556128169235,-2.3853807047548514,-3.0502059680524507,-6.709319181866316,4.27885464825388,-3.709935950837294,-7.554415116014007,-5.204825683957334,-7.466045455061062,-5.983611694579393,2.0493436722172005,3.060435743481246,-5.032627832076905,2.175919135843305,-1.7391243026148986,-3.8768838648650346,3.536072425672088,-7.026401195793883,-5.405184550062854,-4.983840039910071,-8.20426370218218,3.092759372530678,-1.7597773889356552,4.194153564913133,0.3839065989126841,-6.223950092596479,5.1144100355152915,-1.9661951374227091,-4.794608714727211,3.778054311835911,8.244768197428522,-5.005324311474485,-2.624745548635329,2.9014357478085686,-7.4152655110762185,-0.536383215979116,-5.180030763588392,4.111998664289186,-6.872136779617928,-3.7340597769409345,-2.0919027956809972,-8.179455181692985,-1.1598712117128167,-4.307598738018927,-4.017895598184086,-6.292483418520051,-3.899858978739124,-4.90145860385351,-1.4366651477274552,-5.784759877334867,-6.452792030204572,-6.63583387480147,-6.536662883275086,-3.8862107066957243,-5.689978210555406,-8.292199550655548,-8.712103308062352,2.0604558173207987
5.969600515794638,8.197201499104107,5.776362880496675,4.891955248300968,2.867878878430417,0.3652125550356006,9.115936561672418,-4.971612256661234,-4.246369933776432,2.0694076234420407,0.4028951832397903,11.767539040285515,5.8901865195963525,10.229644145263977,9.129214204393689,-0.32974679268528273,11.366107756046699,4.298798204566857,7.943115653105409,2.892000923805487,2.968952702472301,12.524882244851078,10.146090642012538,7.11242065903705,1.848642306332648,-0.9878411297903746,7.912058528804983,-2.493651576230851,1.2838753154953244,5.903622618464298,4.784604136966178,7.9255040038181335,3.4138365764606102,7.728298576822742,9.337658749629071,6.104609803850847,-3.238067299732408,4.9046826571397695,8.956370818355161,3.106652641304892,10.177732957388793,5.654166023470972,3.2129792457967685,5.277385285096598,6.701136415122025,7.100508349575394,5.898515915414987,-0.3504528204094019,-0.3841567534658432,1.139482441992676,-3.5883915297494546,-1.484820516534973,1.5125413851041736,8.671823579470338,4.7935042397465555,-0.18785485139403896,-4.405300855747668,6.447041630577801,6.350250707034157,-2.197858981286652,-3.651395645484611,3.661381537176525,4.192764694571337,3.505116270137896,7.086112822849697,1.1560733072391314,-1.072177229085559,-3.7701158372451142,5.05003719842398,3.2561813342570387,6.605299442816349,-0.9135337688479628,-1.3463433480766127,1.581223366392837,-2.72064870396908,5.958672800533591,4.867031915109732,8.986843815774616,-2.0846688512526814,3.7815375352523137,0.5289666560250155,-1.9201550519428807,-1.7885286949200976,-0.4397339904594753,-5.8294648016779185,-4.67303799740838,6.395680777763796,3.4187681461343704,5.220707233255929,8.592713460298885,-5.803828758197113,3.5135805488503915,1.409794183259885,1.474357032361282,-2.3044201010540335,8.372994740725195,0.5788325659667392,2.947249710362748,1.338646355766262,5.856807077408326,-2.3704672599292627,3.233163406227913,8.640528060282485,-0.4274340907642783,-1.1444745477363085,0.3260547002589713,2.260244667516106,4.78024334934558,8.90613785779472,1.459034905810186,7.442903116781192,7.773506256025193,5.589336635571424,-4.197069192123181,7.040694823021604,6.80116315406603,3.706776859756732,7.602425808031602,-1.0392842050571702,-3.50762823554098,0.6067215322933921,6.389671073290317,-2.4399356696997954,-7.127767893430692,1.2475083797436588,-4.9767835152753825,-3.735254915920016,4.764123419963986,4.519299277181298,-2.543772508087003,8.549558399792913,4.728375942931673,-1.6498251277251963,4.196999293919738,4.711315409691382,-1.579732791989919,11.057854780940476,-3.7395120489644453,6.156065500521334,-0.615637424372949,-6.7199965988094394,-2.6175555752651336,-6.410142777752077,-2.266152515657666,-3.171199412897346,-6.861779990533572,4.155124394220409,-3.689712416344938,-7.876975920790209,-5.331706996100094,-7.840936615951292,-6.156252673942654,1.9349509404468979,3.359733548204475,-5.21627014329548,2.319040192662871,-1.6678672585906398,-4.113616999178105,3.5217806643578786,-7.510668623049064,-5.524444908011325,-5.304593915892333,-8.668445477773231,3.1773922605643548,-1.833787788354835,4.235244046686374,0.6838242321734269,-6.510014532711737,5.426455305206438,-1.97049100972467,-4.8082866784820935,3.955152458661174,8.531290281563633,-5.044534783613569,-2.8746428369418413,2.7623735502601834,-7.749427784045199,-0.5649332383877836,-5.413938643110199,4.412164620870044,-7.063219170652931,-3.7173062294268346,-2.168659539752739,-8.62586646523099,-1.2628683095078874,-4.592264690997313,-4.192397700113654,-6.488494317441043,-4.146823159564222,-5.309157892790533,-1.7495767709323595,-5.899397283843825,-6.630220017868994,-6.786119111089234,-6.719122347364881,-4.072278880667377,-6.013657122109537,-8.73662823502966,-9.105910898345476,2.351456694648299
5.967582466359906,8.17026644973571,5.732126266507351,4.518831876162025,2.7398044168021385,-0.03780386774861511,8.961215690360806,-5.117795869307731,-4.303279370210357,1.688889230408972,0.14366288600163818,11.60840236394644,5.556843499002723,10.18736502624501,9.158635617159268,-0.622920343020147,11.295721430688268,4.325986277770207,7.6719623895975655,2.6523461659351613,2.572134444133489,12.420143498769683,10.139540492305459,6.898334660408359,1.8861536062571143,-0.9582189313932673,7.699003392768963,-2.307408909423797,1.4706632624919607,5.791490075082527,4.758168011895664,7.775839914727879,3.2574233985424175,7.571435921459235,9.240596369641112,5.776742146318045,-3.25471517529368,4.719413331921257,8.932570271619776,2.9390395929056083,10.272475629946424,5.507032871176266,3.0884730341785285,5.210128206331918,6.764995429159711,7.254646126119192,6.143447999756385,-0.31825970890833716,-0.08788668018037024,1.1340012344864536,-3.2844845188965808,-1.482262660584893,1.5450828323472892,8.759534159606872,4.895255286354816,-0.4402122443199022,-4.378924420131712,6.411614650222114,6.357256825153688,-1.9392571096860747,-3.7376600574286556,3.3905832838660626,3.9545084184303403,3.349422792179481,6.777513254247151,1.1594836869118281,-1.2215123611634873,-3.618676212999683,4.981128343982488,3.139621683175414,6.517978234639137,-0.7727083335699495,-1.160531987542663,1.6577295923386053,-2.6306415992221597,5.83175983296023,4.771669439679357,8.787725050810902,-1.8542377257206304,3.9397550225457945,0.5217946861646309,-1.7557639751184182,-2.0710480064257526,-0.3077648408884212,-5.620255308936184,-4.444508123354758,6.487689764735609,3.183992947397173,4.960328645370343,8.649102555755396,-5.789995821888558,3.5690712055750087,1.215338913117716,1.275516488998427,-2.3895252025063924,8.441694371537684,0.6591536454481985,2.6137973095462677,1.1967961219912613,5.6744124866321854,-2.121262361056298,3.2452611327425966,8.778249735554853,-0.7058846478833349,-1.1474902128768776,0.36106172469431486,2.5065160972383493,4.704659808722094,8.867691893994698,1.393324342746094,7.349760616304568,7.646107060010017,5.33115850650806,-4.119075160575025,7.012349193337268,6.775269632869386,3.9267124360280516,7.669052437768768,-1.1477929550810226,-3.245394718187057,0.8442699095724403,6.631175455173565,-2.3882093199754135,-7.12074494753798,1.0644228874063102,-4.8716319496238905,-3.6761981503717327,5.001421219844732,4.731885968642651,-2.3955869042687103,8.772550380092753,4.734643756753943,-1.5818840000114827,4.263199165733386,4.5777352391494395,-1.4127594495260933,10.972522229861884,-3.645382763784068,6.179208692679382,-0.6873462025453717,-6.662545766832896,-2.706701713666749,-6.477166066994839,-2.33424960001129,-3.218822285510001,-7.0132106708911035,4.12473342060091,-3.447138605388746,-7.840849946107398,-5.2391800954101555,-7.753582468456074,-6.159618368404013,1.9488433447434623,3.3813105649365918,-5.437539657791873,2.2463657923584477,-1.7860144975268608,-3.9447809381819527,3.2445926395555453,-7.456086132773934,-5.715993280043387,-5.238851458562569,-8.520246188769356,2.977242243360608,-1.882952567425183,4.386835031877251,0.44868057079495716,-6.504843752783687,5.514963588068059,-1.7546473925063963,-4.9741247969645315,3.9330434002228145,8.698914287868465,-5.220584682061281,-2.6867951625727566,2.937421573348165,-7.808141370260499,-0.2103568112737563,-5.376342276079289,4.169261527990672,-7.107891150526413,-3.9021375625272396,-2.0925115170161654,-8.55398013774381,-1.002452939567184,-4.361730213909716,-4.127238803641531,-6.517100704259378,-3.807481965347088,-5.284172565756087,-1.2555997550172187,-6.075521205628604,-6.710152597875566,-6.877203462359911,-6.711907414287041,-3.8325832005717064,-5.987086941422167,-8.648089798034238,-9.119585512661113,2.4728936012882596
5.456812644214308,7.382596772989158,4.568487632117961,5.6805116611551565,3.809464456542374,0.933243381060997,9.371329742806846,-4.480397091795941,-3.946832592743058,2.961248242338224,1.2137751204878309,10.809555027064826,5.514192041555392,9.515374454990894,9.042498480134062,0.6084857595838097,9.775746565747914,2.931515631365511,8.235785444523533,1.8626891203339686,3.7332482087797003,11.181739903780562,8.79248012363998,6.022552912302355,1.6451149126111309,-0.3395857740190302,7.195789129410829,-2.2880460648989778,0.9384441145207291,6.613453211898456,3.7474835422089776,8.142685709340187,3.115146094764303,8.181633068605892,8.747817173542392,6.609829137530777,-3.517998951875784,4.043207656691851,8.467969819552941,3.380534567560154,9.547977469059179,6.679017905398442,4.061085163069615,3.7185748772763643,5.318617280590691,7.154226075698902,5.798895893223934,-1.0850797987291672,0.2086738036513407,0.9583141554794263,-3.387440374289644,-0.8539291826309052,0.28029484725020926,7.877565553434242,4.686031266927598,1.0987775807056237,-2.871193895023596,5.115663820722374,5.310358063977126,-2.172640502715298,-3.6270009758804895,4.601386785224733,3.6507121490308427,3.4675794001006914,6.844422683039937,0.6457050780007056,-1.239561105415892,-3.7141223821237563,4.927673682425834,2.324992216546317,5.375425675642559,-1.4586237356928693,-1.2948003882616952,1.0286337660037246,-2.3278510731981155,4.900076706288291,4.431122928152306,8.196367780600108,-2.727935944764853,2.820876387737287,-0.2753008957486869,-1.5754936432418094,-2.3254196796256625,-1.0704786920522296,-4.721921120034606,-4.481471310401584,4.783269461139023,3.892638277839368,4.635573363319217,8.237470480507383,-5.208204709029843,3.031784713603435,1.7035036212580443,1.5668098851549856,-2.5776877577194863,7.314034912107537,-0.2556028619085067,3.519824391681629,1.223938655973496,5.302015798556419,-2.771850707981598,2.4278358670528553,7.2034624516463515,-0.14300818192629666,-1.0282504158618238,-0.2825884301483671,1.413286329502544,3.397347060740748,7.173502055754269,1.1074870782466175,5.84107748876067,6.162963857462793,5.361234752737566,-4.110534671203893,6.0917880447783785,5.8127624921702745,2.839317697162084,6.035947276512488,-1.319705524518457,-3.2778508365163987,0.6612201261538005,5.452280317781959,-1.9102657767202125,-5.770521796394779,1.5491706396990972,-4.369687417677496,-3.455706643168146,3.926005313944072,3.90999142867617,-2.412855823761671,6.973339405368132,3.775209245693868,-1.9944955414498242,3.228654818271185,4.907617893245778,-1.8994537160805771,9.529097218272893,-3.7337654444125885,5.951732543135731,-0.9639718228943096,-5.977803601395062,-2.1322676682595225,-5.961411205422321,-2.6332090292890538,-2.6279853469920567,-6.4934162048793915,4.78479639301224,-4.2243830801395115,-6.821256914507377,-5.339227573700646,-6.6112047292811065,-5.319598300326776,2.3144172259139504,2.291263103711993,-4.445630624880019,1.3837778742377915,-1.8295646598828512,-3.5047483053693873,3.7731578369410763,-6.066854868121495,-4.918881952959135,-4.112187298663268,-7.293056255973223,2.9946891890521306,-1.554603875025674,4.0095262872409805,-0.28404971931906914,-5.604451198803473,4.528886532625894,-2.531124184582182,-4.636254088316818,3.3686241057776054,7.164030306915362,-4.650411783537112,-2.1520464695567147,2.964044116383702,-6.52637253853422,-1.1760522199249241,-4.395709081768707,3.57523896915926,-6.345953418156956,-3.903060684725185,-1.8517198606959762,-7.474533768197462,-1.3592547648023432,-4.129004809052056,-3.5165485111157535,-5.603884219816302,-4.081235009315756,-3.824980867752509,-1.5511710918658723,-5.432696555405682,-5.70865947629125,-6.356039001312665,-6.126854333836643,-3.710283009369076,-5.246099971280357,-7.498239155010108,-7.748469429042438,1.3283033240006819
5.9881410885208615,7.6038781132670215,5.199988044495673,4.866511825707043,3.1276868344246727,0.22322604589113143,9.017497392621541,-4.795510311099561,-4.020850244261886,2.215128858877623,0.5683591202102889,11.383674617390891,5.5724579333979545,9.797323029509956,8.990703985084025,-0.08533020573029461,10.796908690968309,3.8016553308489582,7.9369144524185415,2.457371085731832,2.837054989578394,11.816147453350599,9.620363336380308,6.619981165400534,1.7763723688224418,-0.794142715300822,7.520052904722987,-2.3769322871966514,1.200624751812174,5.965723409492828,4.538319233909776,7.970612804667543,3.0030040061222705,7.927273791563132,9.07428766539154,6.224836504888822,-3.358166640915985,4.372909750117824,8.57161966723551,3.0451755697968648,9.738721684969486,5.843833805072661,3.5391431418007433,4.675771054011587,6.087177424767981,7.057090854559898,5.7986335227448365,-0.5731069172642194,-0.22528255709493142,1.0429027660157326,-3.427426224317591,-1.3493461053432374,1.2902731872895983,8.420731685436179,4.832632744904718,0.10485085224465097,-3.813862852872683,5.915229337113808,5.913942839223813,-1.99124743345981,-3.5899092899629683,3.8248792332282058,3.9140079660684353,3.3205591982849136,6.716327201124643,0.9084491493031873,-1.3008179798082058,-3.5562891652545363,4.9180805818227755,2.746004668699402,6.202008089470038,-1.1078081569590854,-1.223794801730124,1.4843976002341221,-2.3710883702657926,5.824983610258625,4.620731249171086,8.55163594561898,-2.070522667133456,3.496853489972564,0.3593403830516723,-1.692337319417252,-1.637108874666351,-0.5141123071835204,-5.324309801508821,-4.487509069341811,5.898126064281138,3.4378541084074823,4.769143906713835,8.311572633196803,-5.5208671330274655,3.333034444511942,1.2642390328217394,1.3147941803165528,-2.2811884647918577,7.937909052063465,0.27576731292982687,2.8084523830138375,1.0214320982670462,5.422390394167158,-2.451241139354648,2.9989400452227812,8.074847910023623,-0.5593689280210271,-1.1519588314403246,-0.10412241045743796,1.9590527969691194,4.187669400521257,8.24970684718149,1.172779489099641,6.77425009381351,7.09371423306404,5.105516559264284,-4.053381236766849,6.537568814346115,6.394352059278896,3.3878618498050352,6.997665439706654,-1.0927081849930607,-3.453713051401921,0.7183268509366821,5.850576093494545,-2.2299294711891697,-6.614666958073168,1.3360330358255144,-4.570186282652415,-3.588144355041038,4.477144073039902,4.138375931519887,-2.6394018002453263,7.957085131826673,4.205785018277412,-1.9215860997119867,4.02481822852521,4.34055918873928,-1.7767541995918175,10.485678755050598,-3.4023477338665935,5.780002875431943,-0.8346664574662217,-6.421772455552455,-2.31379927347802,-6.0236081139018935,-2.4133595921234874,-2.907013957976232,-6.595584774331897,4.338343465796453,-3.667282010614305,-7.323769933880575,-5.11775889679979,-7.280489295879284,-5.852015904483109,1.9879185378535928,2.96388357493841,-4.97059604160188,1.8451150497274693,-1.6582459750146845,-3.666197457100913,3.29625749554136,-6.820465246964508,-5.266467084208173,-4.753973507251034,-8.031233371406051,2.8478951241251913,-1.899710695187071,4.1796073468713395,0.635220660296834,-6.090359846090891,5.041990245144553,-2.082749250986183,-4.625557756884003,3.741937791058344,7.9941089106175705,-4.757788030928597,-2.5052582372710934,2.923839941782718,-7.306961342564884,-0.3065920975155148,-4.914716532621284,4.454100302197935,-6.705192857137433,-3.490991925690999,-1.8639978227459397,-8.02441797517431,-0.8679122888084757,-4.032683901356476,-4.048081297220794,-6.172118900604318,-3.5049277894468274,-4.706457189491268,-1.5561713230354055,-5.654845485123765,-6.216739050425495,-6.523066928982132,-6.324293059282988,-3.9941542599374165,-5.653123428946911,-8.182119839096023,-8.456596540489576,1.9115462622748942
5.935674881462783,7.845491657093512,5.900799673744766,4.266328617613749,2.8056882679551602,0.07439347056974943,8.79058048616643,-4.839720633064675,-3.962488121340247,1.7037506526465087,-0.030434104925897734,11.037103816195778,5.208763751206277,10.072469040638943,8.725955720477561,-0.802654834140353,11.145835184997747,4.244711022183432,7.641800993434635,2.8570971200402457,2.4781668952209923,12.140231461090734,9.923022706056384,6.773630809193307,1.6496156448838066,-1.067202126040222,7.307420065224026,-2.243482881030707,1.4289379349182467,5.581433302073059,4.6093766602944495,7.674423548304342,3.051357894163872,7.351955155925072,8.672302104451983,5.488542341085754,-3.132989583690702,4.3121169801945305,8.428849163501004,3.0080982711807343,10.051021727258453,5.118369191331841,3.1610617008818034,4.964634151487341,6.749262580913362,6.933010016227889,5.984947973084549,-0.33676308708936686,0.0017565172998697323,1.1983809755629484,-3.0903959461552413,-1.4373997807815686,1.745590694073095,8.59771681507634,4.503855207104738,-0.6333830530652237,-4.441450162201651,6.014795273725203,6.044185569230589,-1.8503559594488102,-3.502033661924162,3.239835768275271,3.5652545765000005,2.919794735396019,6.267601261995393,0.8886069130644018,-1.4127313233348011,-3.475965788949244,4.977336619410186,2.859138841105155,6.074991858186821,-0.7188157832797633,-1.2973087614103362,1.965749252680945,-2.644905971618434,5.673923554266761,4.576824718343616,8.210099527727158,-1.8729689636913733,4.211197006833186,0.4123274880406659,-1.9539829829978037,-1.9264656297967042,-0.027862590395343338,-5.609257541961695,-4.208217502293185,6.2661153741678435,3.093522629950523,4.7544146411749395,8.123803499776825,-5.555497440443236,3.277001772532253,0.9126153312536118,1.3511468339282144,-2.5315044746467086,7.892393637515423,0.6324494582327765,2.3324948674781805,1.253152878190649,5.8376250568382755,-1.7383184029221523,3.284109189114037,8.594203231407574,-0.7003851079873844,-1.0284448031820337,0.6112962325212635,2.5301914083998995,4.87687735104112,8.676835892766613,1.398006844450887,7.133525471624038,7.557184456721313,5.27788836935953,-4.112993531074469,6.881580893457649,6.451220122417635,4.189484030756533,7.367168392406139,-1.0358560503453715,-2.9966544164304185,0.8801042714292902,6.537795317012634,-2.2190946348290788,-6.815181638556708,1.0075266261470384,-4.790285322497791,-3.617502572431509,5.1308287287138805,4.4745819218552985,-2.320287694957661,8.599766969188105,4.707008187357811,-1.3784272341910049,4.061835051075773,4.29233863007866,-1.3730336744197176,10.450541771942673,-3.75027442305069,6.070973059509952,-0.6992990163502162,-6.253389792274722,-2.577802829963309,-6.259237500446799,-2.2007035488611466,-3.0978334713854174,-6.7270779364704865,3.9876723386302886,-3.3693977016259677,-7.554277613685815,-4.980650865047141,-7.623672465619559,-6.165578962922038,1.988933563592901,3.3190921816017958,-5.05128099286098,2.456860462094472,-1.9032016716792817,-3.8578860616867123,3.321319985216801,-7.177546845101246,-5.398547188543727,-5.0889477333868065,-8.327699447864113,2.8747201692273854,-1.9108963462622097,4.2261860006887595,0.41445433825066547,-6.263899271379552,5.346500485379794,-1.5555652274547935,-4.730561134958728,3.6979855135079975,8.626889871974289,-5.12872554994467,-2.798805302154029,2.969680110746033,-7.593951757617786,-0.4866449854183732,-5.3311557899824,3.96440594553398,-6.800718726854859,-3.7484706963187056,-2.259859955160346,-8.119194266323143,-1.193624956319204,-4.214019797812124,-3.9280692802979105,-6.1881831008771115,-3.8838599972562764,-5.134554674062327,-1.0723121775218343,-5.8072224352303,-6.5200890734079575,-6.528323419993599,-6.397330132208951,-3.9662761886348847,-5.591731927042456,-8.299770195289549,-8.83086531857338,2.400241733917581
5.849254592950952,8.02318861229364,5.507786081000918,4.629785524578516,2.894602957411735,0.20361384756130277,8.742988794152007,-4.795058677948005,-4.222543504097922,1.786806530409412,0.28658436991539404,11.199957281294692,5.269854454046686,9.911595882042533,9.007034127364607,-0.40325993231217916,10.889916172549922,4.015040367515517,7.589656639616065,2.3345527368390675,2.5242467609876034,11.968862993288067,9.80216140020335,6.530557002327347,1.9242337594280234,-0.864323116708701,7.4727758233110215,-2.3493081417156474,1.2414787998972192,5.921538632365127,4.510198413002266,7.695186561149283,3.20638163287331,7.5581089479406645,9.112971254181243,5.763882345789049,-3.164734443631397,4.474318458527243,8.832625181788792,2.9079317698738807,10.069757521196554,5.640280561002706,3.1754900085828144,4.977671907873567,6.428965236217172,7.166485438153145,6.0593191619327715,-0.283643352643092,-0.08620678260196009,1.26148788687245,-3.225991490086276,-1.3883134388657057,1.3916310062384494,8.500733276394936,4.6257458391750035,-0.24813238145030997,-4.0188683212805945,6.0600739102202255,6.205398663313295,-1.8897136210329555,-3.4936916225875376,3.5021959562380442,3.9356877494235625,3.257965194237004,6.619264609623336,1.0947284109269286,-1.308134983142327,-3.5958197162394305,4.972396968659496,3.0361038439810133,6.232993859657245,-0.7812932256360693,-1.2428834046273523,1.6211842543364317,-2.488079340514411,5.6273416938591785,4.682922726433493,8.492673952204223,-1.928789209704955,3.7768177269939316,0.49407545881445686,-1.7031992644736986,-2.057584257014356,-0.2647312721970198,-5.35844119629249,-4.378223698054413,6.151217932557307,3.2333824300074405,4.5731690214179785,8.40149948266607,-5.560579203667302,3.4432677520930213,1.2305104381482213,1.2180231761793767,-2.3740564406682325,8.126401299174042,0.5421443313387488,2.558255418080944,1.147354412071437,5.316517878202024,-2.093896191180617,3.236108159248029,8.461006355720539,-0.6551741818362259,-0.9690052643668242,0.0631879954180426,2.306456839709517,4.286910813943323,8.393077890009861,1.5245298500029403,6.8267042190266585,7.135449765212325,5.054146047141983,-4.12181843023053,6.718392031488928,6.477092833266621,3.6437634223630546,7.400720657672667,-1.1590888824329704,-3.20953411890491,0.7144906325890047,6.38286653410482,-2.3620025042242094,-6.681710588543288,0.9888336148991568,-4.736890230680468,-3.594294489738333,4.7702235926252365,4.530010513557868,-2.270246909534847,8.322763058873246,4.412629894478347,-1.6231707500584802,4.174755178918846,4.4568362007002476,-1.4292212352234381,10.5235938214129,-3.5680360258469213,6.154043913791743,-0.6864277908075564,-6.326266750732562,-2.5647118799973785,-6.177747087975682,-2.387155410349493,-3.0656797046909086,-6.747787595712605,4.155820740628999,-3.4470727820110705,-7.3704615577144335,-5.094560786255652,-7.438579828004081,-5.951291715700938,1.9102072077946037,3.2433412977904963,-5.135420911902715,2.077383987943157,-1.869333936461195,-3.8805939416324557,3.1282830282723757,-7.137825018179984,-5.314646678853981,-4.922393461818424,-8.219583430342219,2.844327855017846,-1.8936112916327985,4.25925793488464,0.4051634352716335,-6.203731093030656,5.373152615584776,-1.817804348603532,-4.710715487417305,3.7637041705790084,8.421910938451575,-4.991755657567475,-2.6176068946720337,2.9996284102953696,-7.437949815744472,-0.6162179577660551,-5.001787507984372,4.033251925405084,-6.808399163168452,-3.777215489914535,-2.0436405111374385,-8.178772105298888,-1.0738418150503828,-4.5143661446458285,-3.9575649907105848,-6.114125051818091,-4.05787867743452,-4.964329654290714,-1.436947363664765,-5.767789447623827,-6.383432956584119,-6.562340192193249,-6.437561044644475,-3.8629426773182085,-5.637144720267842,-8.271185656960936,-8.64931637020151,2.1610864399530336
5.405768009031359,7.493924234568992,4.704584256097653,5.2662428458561505,3.4124044222084176,0.6124039794827336,9.140655152951977,-4.670946416114059,-3.946896743383469,2.540596312294919,0.9317741788350555,10.955644406860594,5.491752035762801,9.425718808428604,8.991233333698082,0.2278707107933782,9.972491790909148,3.214376530078121,7.94837045173481,1.9341488171868106,3.3908343999774178,11.356294713948788,9.020795290236503,6.110540850101845,1.7035194852050655,-0.5753741365401112,7.280566730792062,-2.2268920494732276,0.9696663129387765,6.134146734754927,3.914692165381171,7.907131483282058,3.0481875742005125,7.942118404110772,8.86819027605307,6.274241247643027,-3.5144747413141486,4.197384758135782,8.550564220981274,3.25160373914991,9.622478732403536,6.32398632918578,3.7279488832411642,4.061626539020758,5.539901980801932,7.186584325697632,5.845332218983636,-0.7813574279608899,0.22209762427237698,1.0347257301458654,-3.16113610279531,-0.9526009546788254,0.6112621372540549,8.058459506804539,4.721798371542425,0.7078358429817265,-3.192005498055482,5.607387839893901,5.6075937743942905,-1.9743883287155615,-3.7070891028924176,4.15881353554043,3.6615586636416237,3.401624332225645,6.709427430853586,0.9827594483076946,-1.1931748543747698,-3.6254175066174765,4.611271251037187,2.5211856108121737,5.73443983444299,-1.205250365000586,-1.2107232528390028,1.0350745275933948,-2.3222194453183542,4.968553670439624,4.49827903919968,8.362615616563305,-2.4207988224639507,2.9166400069560265,0.017709235904882333,-1.4689467754442815,-2.354133528298074,-0.8909602797490015,-4.830237545537367,-4.265769235185502,5.1749205939425815,3.408857725453707,4.539600189422711,8.37692915112959,-5.266950266940232,3.154878252075374,1.4617142014945432,1.409880510494265,-2.328610281578724,7.623899187092367,-0.07284568862810453,3.2539728895653934,1.1070729982864698,5.207474547374308,-2.624214383923182,2.5249155072720977,7.46783830691602,-0.2744040407213548,-1.1539323124997154,-0.10459165796931397,1.6506173573433784,3.594107402149189,7.549141805612087,1.021169671279006,6.289575364276396,6.44368805122263,5.306528803999788,-3.9454496629573326,6.290119879982422,6.0968285044242965,3.025954599022945,6.384029486135412,-1.4101845213792605,-3.155655656271685,0.6779934725760836,5.649682198450607,-2.022980500482966,-6.113426365678774,1.4725236471092735,-4.293304457977596,-3.3876119357964396,4.068316599467299,4.142312197144548,-2.3300328081506883,7.353192275200824,3.96711113385996,-1.9752001184950645,3.573523946265801,4.812316732758711,-1.6919678635417337,9.856402850626708,-3.6634799952370014,5.8985305662696215,-0.9791020204586717,-6.182871903583127,-2.2483629616004484,-6.048478451056164,-2.464374331404,-2.673513862530244,-6.453243950114853,4.657567434046122,-3.9629601925866598,-7.103170025232211,-5.125888956512173,-6.698880618341093,-5.412792172487155,2.2124248689263184,2.4035734084194083,-4.856553745962033,1.7041611686356966,-1.7789820348852408,-3.456818830286179,3.6024824164023346,-6.379492276477475,-5.23376422567837,-4.452815698484705,-7.487676661993897,3.055293037622557,-1.4859806943044633,4.070795293019775,-0.17300046770571564,-5.755502662230915,4.750541034270564,-2.335970518468196,-4.730007285021906,3.598063841120079,7.442908122081868,-4.768504269167821,-2.228457863775495,2.956333707033833,-6.871481025169585,-0.6535265926135633,-4.716872747581836,3.5469394828231744,-6.521906082885246,-3.876522696299124,-1.8319626884640725,-7.67310388930376,-1.1110403191640033,-3.994810019234879,-3.65496061302206,-5.961795780675406,-3.907947897265761,-4.206820376774657,-1.3937268273208412,-5.5579388327686825,-6.047602048456832,-6.314334167481143,-6.308582647247329,-3.4879332506893075,-5.424079396318591,-7.792507476607808,-8.04948408644193,1.5748257593568313
5.930167802134493,8.162262966911632,5.631645636980907,5.001949280218385,3.0674781641087963,0.23146249518456774,9.299908207206895,-5.097047504618906,-4.225893858337252,2.118703378931905,0.39784852617644934,11.809377713008235,5.789415954998695,10.215293505625874,9.401519670141273,-0.3262374803163056,11.245490977801538,4.193628600744462,7.968419872131536,2.572282749841569,2.9184044962089906,12.516410848249985,10.075044373528375,6.951365120160324,1.952515748496333,-0.7446334893580631,7.868954483125103,-2.415030195046774,1.38705967627844,5.981154910781476,4.712566501261795,8.030504320066571,3.3819534942747698,7.952302056142819,9.511703500579154,6.170101506470377,-3.386597990281119,4.760848138210771,9.144814504617786,3.1004667055378743,10.302377193030255,5.941942977567528,3.3722330888121217,5.165152361936584,6.594220208767497,7.432559493480767,6.159138702619245,-0.42051630164440146,-0.06082117063002574,1.1705101812537744,-3.4001258916588246,-1.2346008049292225,1.3815804801202423,8.75050477726393,4.949379450924381,-0.07487419823709368,-4.263366735532863,6.483070689592817,6.404778111170071,-2.1030399943688796,-3.7087167175507636,3.8227107910419176,4.181459511045655,3.58406464404363,7.057817359777394,1.2845372398836337,-1.2076994830415346,-3.735805672140026,4.954234846702778,3.210248018790088,6.590004984301787,-0.88921983396977,-1.3411775026773278,1.5728357180786392,-2.702273223534925,5.8777847820404645,4.972924525032833,9.005502656131826,-2.1846441947630497,3.75372134063671,0.5676013159439179,-1.70428414796808,-2.053869343694199,-0.5010435671199975,-5.765942532932204,-4.6732571503777285,6.360595491251563,3.3342439181700425,4.92670236660346,8.848796039968834,-5.705911043300922,3.651078194354994,1.3902814003697261,1.4396002289692476,-2.40885102292832,8.517216365771148,0.5317773886533012,2.9386134608505703,1.338301018550136,5.68028109600041,-2.38910135155682,3.242916407995184,8.627161863093669,-0.5033409981185352,-1.142923731226359,0.0936002398722342,2.2449666988101353,4.516219151087419,8.750184974840957,1.4555578968031897,7.2709861129413325,7.518075430466732,5.503869078836705,-4.18591319429302,6.978422513723294,6.8415712365619985,3.6242206735567373,7.528452149351218,-1.1671067801599422,-3.3849564420518847,0.7077545202130423,6.374534249633991,-2.3277544014903753,-7.0697760263335905,1.1600232156037094,-4.93371843887388,-3.725294160648838,4.825880894166301,4.581607042106606,-2.4594548291647724,8.528799352608681,4.6955925049829395,-1.7899363681507892,4.345154816185257,4.7630740512041285,-1.5947629255897982,11.044949783513864,-3.736497378613029,6.331403891889273,-0.5959109337123698,-6.78421885489381,-2.7183604214638133,-6.494970332363721,-2.421847855445036,-3.147736857578683,-6.949903495167108,4.322063935199738,-3.8732668528004863,-7.93117868632643,-5.3747124592068065,-7.780550165129992,-6.042430149167235,2.18745944128453,3.2134772326276355,-5.384408636675317,2.2757094333571675,-1.90127646640345,-3.965868082266566,3.470494922904404,-7.553336272649825,-5.732204793837075,-5.28116911574386,-8.678754871510382,3.106900901599663,-1.8557613946518527,4.230695331644512,0.46196249558240265,-6.525487391091413,5.566557106586359,-1.9443750435934672,-4.900164178006236,4.077932781181053,8.564982222539122,-5.235645556003057,-2.8516637331509425,2.965871923961712,-7.812294900052065,-0.5075369284356284,-5.297533372905258,4.2245257026607685,-7.131189373670154,-3.926961862989372,-2.3153140062433404,-8.703510655376347,-1.1085791796053175,-4.5510345575379,-4.169911082508859,-6.432147761964651,-4.1486117272592375,-5.2451352676900616,-1.517024346602692,-5.984578701787307,-6.728516013993056,-6.904133648329758,-6.7521344937891845,-4.010474746293714,-5.978322835277987,-8.753575577569158,-9.123544736616596,2.197831684124792
5.511912569588946,7.848346021551595,5.252317716933977,4.943963865773112,3.0543134373036422,0.33834110695630093,9.276465203287538,-5.099945998295146,-3.9979478977451617,2.3372940357978083,0.41059782173022624,11.299914998528426,5.859082442560677,9.902888915316634,9.119943131269205,-0.37460028420619895,10.690559532773904,3.815022219925666,7.937763507328363,2.4636594497833135,3.331680868181214,12.151366089599202,9.576091746893319,6.825130586488985,1.7123559319326231,-0.6010612684111851,7.518662352469015,-2.329385106086641,1.173723293309037,5.9039620652624185,4.217191257414154,7.899443112401357,3.1243636913232993,7.690584822228326,8.956619024730275,5.942947408004571,-3.4771339752562818,4.589888774365502,8.744738682277406,3.1296507543619856,9.946877943178988,6.001191359463146,3.4359779102081625,4.663911796713036,6.132419299776939,7.250250537734477,6.01886885859034,-0.628034089501932,0.22181035109421476,1.0335334388995454,-3.1706930961210076,-0.9902999416121452,1.0859753309901872,8.365340810851988,4.759937511079413,0.32210863926917227,-3.8908259600535455,6.031919898696531,5.867166393422147,-2.0492075562799497,-3.5526698242650743,3.8793599971511474,3.6574888378753565,3.373458248437821,6.746114636671858,1.0660763756903764,-0.8496093783685046,-3.7753315370439244,4.747431491299523,2.8600917073805316,6.18409016868821,-0.9406172858955579,-1.3740992341021787,1.3039199927996619,-2.524624580701622,5.176421641240575,4.765333577813797,8.614758708984933,-2.302926558783452,3.3621991307192647,0.17319661047038498,-1.6557656755724857,-2.189138451698384,-0.5798163556992819,-5.447944752453896,-4.399879484779189,5.775498323831692,3.3607365085078547,5.03707801492697,8.552692126999396,-5.488333892398236,3.429077893849721,1.3248952836884125,1.7297791280796049,-2.5568427217615537,8.053038295334883,0.5012015182007847,3.1213096649659002,1.383625739434315,5.844808720069198,-2.3887247219108554,2.8522633701483944,8.152308925004805,-0.27066058440557894,-1.18590753070716,0.2724231925885994,2.1436005406283876,4.405201255261833,8.265004673448523,1.329683120068959,7.073309713287784,7.328068116212263,5.823690750948826,-4.02602258582853,6.828056548897958,6.489593716412828,3.5335319147803697,6.9816241050141326,-1.2705307633717655,-3.1164377252592645,0.6697109235598149,6.191986829604771,-2.091533636103828,-6.6938630989033605,1.118962950099855,-4.763140744658886,-3.7812744209084856,4.478510653966914,4.540770154782192,-2.409578145582876,8.094135391413287,4.693362405367983,-1.710604911928516,3.9871610888720044,4.83064940669304,-1.6181540046991219,10.479211226282128,-3.8374619546220856,6.2140774559363985,-0.8977996281586538,-6.481312956590475,-2.470942090159024,-6.348512296657448,-2.664622298940312,-3.0141475741011376,-6.811237578803793,4.3995047491460095,-4.005102894107359,-7.584067898974835,-5.319893483295205,-7.394895931802419,-5.681421605630544,2.2444472341122568,2.8293541661496984,-5.057297891185294,2.127778755001275,-1.831218044813668,-3.8227525337001373,3.6931565598539153,-7.067100977929701,-5.453154820579067,-5.090623257143129,-8.1425710430155,3.3748815841770274,-1.7294619825620159,4.087810685035862,0.08255947451259016,-6.237551646529563,5.223499985606498,-2.0739228018531373,-4.881305398581153,3.9432798820822925,8.10726066793993,-5.11302508882558,-2.561224020861415,2.749159275583424,-7.357802264736156,-0.771934118023471,-5.084358612191497,3.6900670160744573,-6.793538382669623,-3.951527593293503,-2.2735464804540126,-8.2440797032509,-1.2090479163266996,-4.375042869376494,-3.9119580211184273,-6.271823536832404,-4.123169419229493,-4.863235173399216,-1.4280155259566243,-5.828583827007248,-6.566951767791476,-6.573083831544162,-6.637959115737555,-3.7687128457215096,-5.551806260393566,-8.202120491398972,-8.736507999681717,1.9291740875814445
5.618781299112669,7.4330971206344865,4.741760440374242,5.176951582027614,3.390090288883652,0.6125983693080762,9.125574005747664,-4.6713580630304055,-3.9585276020888283,2.5759946224158923,0.825700011919368,11.135125989545637,5.699451742235073,9.577113276174957,9.080864033498491,0.17222677023270985,10.166295959462515,3.3657390142305887,7.88881161591735,2.047025097326188,3.2810338355172872,11.426555427287637,9.097101411757844,6.303461047307615,1.6668116976412382,-0.5937139124853369,7.452923282265077,-2.3154536805418795,0.9650647028703258,6.222793896579051,4.091441397438876,7.864574743968662,2.952471714249129,7.927775925843317,8.89116169253267,6.4028355832137125,-3.5119461007119104,4.28513335886031,8.488807312959217,3.171506073320978,9.48414492447942,6.255629111257719,3.717502438583456,4.1957847031340165,5.488895718074762,7.05554531333836,5.779906681646869,-0.6509767949568194,0.03986626756420854,1.032566102020826,-3.1968398427488673,-1.0213803183589216,0.7831386624743731,7.984231863649552,4.712110417510709,0.6960835190763771,-3.2791611202914814,5.779552093465477,5.740746415682024,-2.0125807544905854,-3.4960205370316397,4.02617089853353,3.7159528693606942,3.4508290662977705,6.774051190512849,0.9941691109771856,-1.1214186973754499,-3.5342978414934487,4.769380088934186,2.5938123671232054,5.853349117826915,-1.2452931641540117,-1.2153504645885147,1.0788527439048954,-2.226513787513059,5.208274897726836,4.476016552179106,8.46442446421226,-2.3564385741064773,2.9730924143362136,0.11154879759622383,-1.5482406365495964,-1.9514447800789623,-0.9001351272044931,-5.015863911503115,-4.393726118680045,5.304897554722559,3.6849276490219087,4.761040651590617,8.271966566503751,-5.3673607790090285,3.214880260836104,1.458187306923732,1.5504236241445364,-2.320787699078425,7.634655667351683,0.04184736516853326,3.138177500849244,1.2596336122262508,5.255809590449121,-2.6537905681451663,2.63357043241956,7.513810968232007,-0.23019748669554085,-1.1116353900409985,-0.2936659804851578,1.6792187928689177,3.6895888166044513,7.730658212505079,1.21968331670174,6.3789563978674835,6.589512716148238,5.296888138813741,-3.8866085819677596,6.378761037097083,6.222430107173891,2.9617279274706116,6.488660852320029,-1.2746529823605954,-3.325054700387721,0.6476010140228405,5.610828084403032,-2.0354180338021406,-6.160200830077554,1.2924360262098928,-4.477724942227783,-3.426456473013799,3.9793000582723415,4.110241113576108,-2.425796141658902,7.362672225758075,3.957839095667485,-2.028346406164596,3.622046810344613,4.596512015403533,-1.8371840541006927,10.001991586570739,-3.5391428898644484,5.921682107373294,-0.8330636946730414,-6.078294355042841,-2.3009389052087883,-6.043854653544198,-2.7181329821902445,-2.855818234251521,-6.434559856105459,4.525048762429804,-3.884002655669714,-6.99147744080525,-5.143163278489762,-6.829511016424574,-5.551948958779414,2.1688127561030734,2.644156852729326,-4.694182994855413,1.6679225530539536,-1.6532241306121929,-3.6901415711885535,3.505240853062342,-6.45519920629088,-5.127869182820381,-4.480757693045837,-7.704789391313342,3.035555109241142,-1.522284604375696,4.053294714513259,0.25293338618113126,-5.859182530280998,4.736274383305202,-2.3593091672998536,-4.63677405971142,3.5608905140369544,7.465913345163523,-4.66840303028669,-2.3505424905559615,2.7836811735663156,-6.895815447047841,-0.724468978899464,-4.643547492458345,3.9933765151453193,-6.5618745677096895,-3.5772083076335903,-1.8440483032882617,-7.7469175265935,-1.1516222333198076,-4.098294855852289,-3.8536067082138636,-5.902936914419224,-3.881819131688691,-4.363306597901409,-1.6382780834927773,-5.479809414668502,-6.053001793390201,-6.33454079408038,-6.243400556907623,-3.7715873748987705,-5.426906974837832,-7.817170878433413,-8.044012744688937,1.617684623877147
6.304683951125163,8.371774887961607,5.963169163902716,4.443403410046347,2.801183744091805,0.00956880476808952,9.041003528770263,-5.029638063506877,-4.184309068813562,1.6544687406943457,0.006593311947139282,11.661363884997357,5.452511351571881,10.538768296642923,9.180208376096187,-0.7055481092657775,11.66638697857053,4.314562398438948,7.968969036714688,2.7797368887232383,2.446110630953132,12.623831460440481,10.434031802284943,6.963010819246377,1.9016757317603024,-1.1352584517239248,7.8186438744351685,-2.3402133633638824,1.4506143164590695,6.097347419035048,4.929888288584589,8.017462785786641,3.113562533397226,7.733466416928478,9.36657188935832,5.859566910142808,-3.2783184910106575,4.609881974249098,8.987183877239051,3.067437410817059,10.57563869967043,5.584398174886595,3.1834885864540428,5.295810632428888,6.893088990204241,7.246753575871415,6.221415543074232,-0.3595834193179158,-0.25608781899846733,1.3354638635431277,-3.360243835484068,-1.6629045011413017,1.6991711050131513,9.02442249319043,4.852608978025102,-0.5752329912050934,-4.455384086446242,6.269228293529953,6.446271245773465,-1.9609468569281332,-3.7950485748970135,3.3826488033668127,3.916750516198409,3.2245164684513603,6.7364159769802,1.008203854820127,-1.3611769947850514,-3.7486994738158153,5.326601179966547,3.040409649524576,6.533941519860939,-0.7219138772903266,-1.260210383510229,1.9834068748476952,-2.6587347417057616,5.995659496957091,4.71666989181564,8.70676408622565,-1.8856100150057338,4.246462977265138,0.5018349876357052,-1.9785442933530715,-1.9409541733755127,-0.10462932976196623,-5.692027814993445,-4.459395618694878,6.616276511626804,3.384970027433786,4.953410681685644,8.564272145457727,-5.939786195635725,3.607389199512975,1.1026457850814404,1.334601358929069,-2.516381353286938,8.362342466373288,0.7252068708548125,2.4499676678498656,1.1226351035984878,5.851342017815441,-1.89829219415577,3.469482587418637,9.079795557324562,-0.778018385705812,-1.0005581231250529,0.28207389120080945,2.560000185588474,4.852287679331342,9.022416565976155,1.6484379404348741,7.329814251111734,7.802786962711767,5.297140906668506,-4.425846114394338,7.192349253796271,6.771542858718138,4.128354520512995,7.861514390421791,-1.1559667623862715,-3.3523980010089938,0.8929147577319237,6.861296985433033,-2.491724749179179,-7.072758481892232,0.9405993341175019,-4.965174583442279,-3.8054167900328033,5.217315123539735,4.766565874504135,-2.446104482989839,8.974381276995866,4.737854677073399,-1.4674581904984958,4.4153537617402465,4.402675737361808,-1.4086513458033212,10.99773204698831,-3.7655268381243765,6.315612853574456,-0.8004552332053653,-6.705779632676099,-2.559408409176651,-6.544342017234325,-2.5078865541187905,-3.0916429446032745,-7.072390129006253,4.224822616025985,-3.5392025792582444,-7.891739646164275,-5.288538982509336,-7.9012440876413805,-6.512446318953014,1.9727378702950549,3.554676969267575,-5.352487179035871,2.2860403852903732,-1.967595341219204,-4.0547967173560835,3.1643887934660513,-7.466791954987385,-5.630459096400082,-5.193731828046318,-8.576388955233423,2.9084585269543966,-2.0135544303088064,4.538303706173501,0.5817066521129515,-6.5559056322669225,5.590325342788124,-1.7553506670977914,-5.04649290276068,3.991676170160803,9.00882269520184,-5.158893230116251,-2.730138166448636,3.161897391479606,-7.845095551915535,-0.45602221848247915,-5.350450755692003,4.315309742686468,-7.1821847964594605,-3.943764674111019,-2.066592328565777,-8.559544541269862,-1.2100947695571165,-4.632048344242128,-4.115393957851406,-6.564967335511264,-4.0991414169622304,-5.272763877121035,-1.387689942359088,-6.117010294139863,-6.714977336538872,-6.908296101574094,-6.831273919908316,-4.1417630112533,-6.032059216031986,-8.723537981119467,-9.20640236803154,2.4801187805968454
5.38669548781014,7.321750843215856,4.612728435278226,5.41585726324508,3.4628429899278905,0.9764332725054483,9.089427136729482,-4.433186126292216,-3.9387010686029167,2.853365856219391,1.1669294836772623,10.904602920437066,5.7011059231015535,9.297532135856098,8.824500629649181,0.542614340306089,9.85956044250032,3.195344040130756,7.991964909975908,2.091693927573219,3.6183908403738054,11.233160819430571,8.777690384927586,6.218270645887106,1.6432853085504424,-0.4058840388947836,7.377627297412678,-2.2841137689408093,0.8456218736821838,6.266090455992338,3.8079454095688967,7.850792543951553,3.057358557075424,7.908567282812998,8.758261836968268,6.527964799817774,-3.364520439352114,4.28231239228158,8.343478900258104,3.287274643764663,9.340463368812324,6.3337741711355875,3.8407775898003274,3.977528037277235,5.311374429256433,6.809373164624984,5.466493919827898,-0.8874032038931688,-0.17599227023715033,1.1012056011049902,-3.4143527521493864,-0.9991768380447112,0.5806922387070866,7.777156591922834,4.570579966156424,0.9921760775097549,-3.113189351132336,5.544202563577363,5.592215761834923,-2.2144990006536016,-3.5542779833744786,4.310515606465382,3.74478381977273,3.489935675480386,6.841550573613154,0.963268896147262,-1.0963397606666574,-3.511459983406027,4.672057776334412,2.589215134012845,5.634422778044672,-1.3901213440695024,-1.29937916430038,0.9621329434102551,-2.304087709807512,5.049479667848161,4.600998653216259,8.362655928410103,-2.550140357386429,2.7628288686068316,0.23189684190207668,-1.5129256752578648,-1.9230972006247797,-1.0677887570073827,-4.883544460682012,-4.384272024501589,4.990960035808618,3.683197083115315,4.730307568330936,8.006610198895661,-5.214331119510581,3.185670139816288,1.6314419945167549,1.6158452312108447,-2.371345629535862,7.3246341038303076,-0.10986786476560187,3.4990136280790485,1.2726869688005784,5.285755047053274,-2.795678003139953,2.339617860571815,7.242132200815308,0.06330341578576013,-1.1126811185889076,-0.2179440478427268,1.4739837064523675,3.6320265848257303,7.450324015079741,1.0738121081665877,6.15399842185063,6.41448516905383,5.382544842794407,-3.9233578672038347,6.15795310082902,5.995791764494884,2.75954538093418,6.195861100208891,-1.3064793065922986,-3.31840594868879,0.4410104536594467,5.279567923998349,-1.8778192896675117,-6.046669206600336,1.653352544918886,-4.316970037487836,-3.383849376812799,3.742641286335474,3.84019211118,-2.499169633109466,6.993227782921639,3.9033305274844454,-2.0292889123603373,3.389196363525727,4.74130278482305,-1.8704165606642043,9.72141684301116,-3.655062742850253,5.765612647233308,-0.8438934159946541,-6.11116565222197,-2.1060134545466513,-5.9277084358234085,-2.3636179786878326,-2.6760437080882125,-6.221270403341781,4.533006455140811,-4.045089943574941,-6.903472557982954,-5.069634637635924,-6.707362518804009,-5.349490725416409,2.2171773365335072,2.4597218191715524,-4.516361517093135,1.630525533808913,-1.6270332380155883,-3.555409042676378,3.6801932723417834,-6.3115693436851625,-5.028453391091296,-4.333943935248853,-7.483899733534904,3.0675358047007184,-1.4242503273758536,3.937450884132858,0.13779407896307988,-5.700473558290122,4.546505701683804,-2.4280990123410815,-4.519620076825315,3.495106684408015,7.118966874579543,-4.610553532075622,-2.2132713499111674,2.662202944257864,-6.71539190650908,-1.0847803257830197,-4.550344209350261,3.885249756098678,-6.283462456212023,-3.6119912984278426,-1.8560532763816424,-7.624722161731567,-1.3431784509818356,-4.082649215171248,-3.751863380684875,-5.669793808861236,-4.02346729995153,-4.080928535254291,-1.8905316608208516,-5.205165284767916,-5.816594337471749,-6.1513491895704995,-6.156238777368704,-3.776432704290808,-5.430225958443816,-7.574129365809629,-7.8449185964085295,1.3940395422462786
5.509762105285556,7.317356451947431,4.928869435379333,5.077439979397478,3.391587900901899,0.6290721911710004,9.158188464423793,-4.623101077864005,-3.85478860099876,2.660850786888767,0.7213412124632208,10.800867340357883,5.557243943438762,9.492032914654123,8.737182080240679,0.03704154843349433,10.181665474755631,3.387373720250301,8.046890137213252,2.2619663483300223,3.4211852025614524,11.452970752402761,9.062307518694663,6.398984867212838,1.498982155509866,-0.5432061735684857,7.12872569135558,-2.2044938732200476,0.9978242238447942,6.06225923317519,3.929402892591849,7.962704529465405,2.8717307592105645,7.869633983342801,8.567154693389678,6.151992892715919,-3.3067782394201264,4.1021452733717885,8.238487485920878,3.2402170534078776,9.489625024132666,6.0751863008615885,3.77343038603048,4.021105412705062,5.623475280282105,6.864831375131383,5.6255676019967815,-0.8575480659197982,0.05488391471737059,1.014598316154032,-3.3730835540055026,-1.0608339019739643,0.8427923092366855,8.042550470910175,4.441708444352065,0.6339098532946293,-3.362578680677429,5.450092342262563,5.483669733821147,-1.9906828436577213,-3.5606190612926407,4.078001558404765,3.4795662795720053,3.108652014273068,6.4200420701933965,0.8584948872128244,-1.1002789857946225,-3.6130795449171518,4.684879880827459,2.387747648880387,5.613573385967465,-1.189924124111682,-1.3422326177463504,1.170852080162548,-2.3144161779239694,5.072987022268191,4.434959189576543,8.150343561029011,-2.455297791223609,3.1277457156400734,-0.013145966528071134,-1.698101455014746,-1.9179459898977946,-0.7412604461626092,-4.970025668527752,-4.255338869476146,5.124864317937743,3.3887359711435843,4.61146131141044,8.026055884108436,-5.2584076769905606,2.9495987918149646,1.2896686827349635,1.6522114391087441,-2.482951764213306,7.3987628680230095,0.0856343973197311,3.1971881511201348,1.223303266427233,5.5617341174347255,-2.487531855044146,2.5456362468519926,7.5416919722163875,-0.1476493415354517,-0.9919597093614739,0.10444769991909171,1.6106177027145847,3.966932596717569,7.665015955850728,1.1643643402960016,6.404354290083601,6.692659720948672,5.459629551957137,-4.036018243411048,6.316700004682124,5.937046394405263,3.2034958364872512,6.359885997123355,-1.218550670410728,-3.308138696480552,0.6713221784386272,5.578826979650184,-2.074463660106775,-6.0851638021037315,1.3928858417782535,-4.327473293420011,-3.4143743085119507,4.141649409438875,3.99068213191275,-2.4749725320880973,7.336777180943383,4.147379477654998,-1.8449649724470203,3.4383482196198716,4.535911054574239,-1.7511317283489631,9.82288200531035,-3.712842975214493,5.790745746647201,-0.9829652920472436,-6.012835531315749,-2.211282074517671,-5.847167269380331,-2.580695474189593,-2.8262632218795294,-6.274536619118412,4.423221342705241,-3.948823766933918,-6.913071581374907,-5.103691399779759,-6.77031650606083,-5.479035898211673,2.2638182397306035,2.4184020271283635,-4.64405006645841,1.873897868538384,-1.74426803659025,-3.582799867611468,3.690126167997565,-6.303773946367341,-5.10418575865475,-4.409853008002884,-7.518273064578179,3.0468638267276202,-1.5724309928561737,3.9908326925990756,0.06472178853303488,-5.843111169085174,4.580587872450467,-2.1804297671692683,-4.543317177752498,3.5981253366690353,7.485804470638065,-4.714411885667786,-2.3407077080547203,2.8628868602258706,-6.72697730731131,-0.9069079673023759,-4.7018162470770495,3.763500400878659,-6.298007505188171,-3.6460422671229895,-1.9906195597739926,-7.562772948889676,-1.2966167052835604,-4.112542678009478,-3.6681485741336557,-5.8638547160955214,-3.8638737126779175,-4.249947282882513,-1.536181773057236,-5.40183252033847,-5.885509898147913,-6.203841186209565,-6.1612365961199425,-3.6606178147990307,-5.19320401714405,-7.595588671386575,-7.969441724563748,1.4325806709072975
5.768297023192208,7.113866453494001,4.958464601959293,4.601879281836176,3.285405830755364,0.4829746368601252,8.739527135560653,-4.447929418049457,-3.793975968007239,2.2899639557314293,0.5720060868214557,10.456575223533422,5.2878446746309535,9.355536570994984,8.323789264942027,-0.1307980265969162,10.146577112757145,3.352882222306045,7.742329711019187,2.4686061641163453,2.9721038739779075,11.073275135358362,9.014142418305044,6.215713635611483,1.3915832346077526,-0.8599193298705422,6.921381195237875,-2.1107575810837216,0.9839673248290699,5.782690746501589,3.9369902291059184,7.665950138010104,2.645565054059086,7.4831661851320215,8.109751492052148,5.852456736296982,-3.2541724263440113,3.839282541494223,7.789584790250983,3.134291665228257,9.22280656790886,5.491614907636677,3.6029196303079174,4.020855052369787,5.695606944857222,6.547879205322618,5.557614969746833,-0.770455966566099,-0.09952033247405777,1.0863031956824325,-3.1377287139842,-1.166089204089466,0.9859984508180019,8.013586025406358,4.426265378872418,0.24254910788868272,-3.476003174770805,5.106495589823962,5.147764367915174,-1.8352339455303717,-3.524365051423134,3.6790415826198615,3.294760119838497,2.839537112473543,6.0745829830842695,0.6008950372394457,-1.2305000895112157,-3.3366641094041536,4.675172824379199,2.2202676046172662,5.428643028569323,-1.0599218170835556,-1.1604102854230898,1.5014173711116265,-2.235746166498414,5.2794190327662385,4.202267783646557,7.7710928506131465,-2.163683893878926,3.440872156175721,-0.28638866959182135,-1.6904313884281543,-1.5666301230738715,-0.4626552543777701,-4.8780317453932085,-4.010822189347942,5.20285136886732,3.3500903995836326,4.550025700054938,7.569019344492024,-5.304415509576481,2.9372905790160373,1.198268062226586,1.5170778054818754,-2.3448110612921806,7.0558299295124955,0.12259892390966029,2.7311116025181645,1.143403848928697,5.449817428366548,-2.118685504627107,2.6283549338641454,7.565250350221455,-0.36129304321216293,-0.934281492690243,0.2647054461652949,1.7768731323355957,4.138693284040437,7.67192059993113,0.9356531591226372,6.264285734923333,6.737488936052204,5.180577068219898,-3.888706689243574,6.272476786781829,5.857055704347251,3.4770370833825996,6.2820463552772265,-1.0988796383550754,-3.2001425250443476,1.0009577071283926,5.593787410705863,-2.1119312108650132,-5.91087977796332,1.3641352463209189,-4.295401241876348,-3.3762502345242003,4.341837725808968,3.831020205338464,-2.254306735249673,7.371386346974821,3.8632247044650265,-1.5364938020141723,3.346994462529083,4.104532685565712,-1.6040986151058054,9.50726499453692,-3.371836351619871,5.319735197773302,-0.8886263604067874,-5.7580471196172125,-2.15007874822514,-5.826647263876459,-2.3035983873789405,-2.9093073686316693,-6.254799519112802,4.220134349602313,-3.577622225810637,-6.807583458482582,-4.816102530597743,-6.669048074406991,-5.4934357253256945,2.021139406891598,2.6280090075574574,-4.352182660439175,1.70740703558063,-1.7155167699017195,-3.3629871245362777,3.4493428150917116,-6.139202684059061,-4.786921085366217,-4.31799020780674,-7.280733527933581,2.791660119893945,-1.6004770750059507,4.03496406765242,0.23871371816900436,-5.53409639494144,4.437896231017626,-1.943333036984774,-4.462347208471437,3.283109309974815,7.435198772867448,-4.468319288556423,-2.2878683005516494,2.892493480130124,-6.618954994450069,-0.5244865080351321,-4.821629131164039,3.9105547103735416,-6.308232898533997,-3.3268737650388056,-1.7921193295312745,-7.27261747198405,-0.9476816299199308,-3.8359404613955435,-3.797655466162597,-5.96844188355911,-3.559293583668679,-4.107324078291803,-1.2200695841331957,-5.228992686770321,-5.793824109426121,-6.2561735983024915,-5.862377663590482,-3.655831710147781,-5.164495268150561,-7.476696673239188,-7.872519582795554,1.6900338337637977
5.600005812154062,7.922688382000536,5.195147330197562,5.089359020569594,3.194695102607466,0.45448496339872296,9.172248588196823,-4.87017853228998,-4.003535245329076,2.3163143030969477,0.618528140928081,11.196734573911026,5.520943955801298,9.785287026175382,9.15378516124581,-0.057199132393341394,10.545123043957714,3.6821697967405784,7.886204334366463,2.248858046560237,3.1553310014316716,11.93219942699844,9.491489566024757,6.519534212247505,1.7137047291080376,-0.7066672722961929,7.492426709249882,-2.161139410242522,1.1121455546020138,6.138714149705914,4.221068366862251,7.894127824670369,3.2343397173327384,7.811533343787207,9.123335969853427,6.102462059988003,-3.3474981836972173,4.5196349331158014,8.858059173368007,3.127961148293194,9.971113275995153,6.099577316138479,3.477943284145093,4.6153567083844065,6.151156877686297,7.270252117186537,6.034106775150558,-0.593852313879302,0.10159540118459105,1.1250647827841664,-3.2211995195573047,-1.0102667865001926,1.0044813738041725,8.299142300581195,4.799197439877585,0.2976106947614167,-3.7161577626619766,5.896779100798171,6.015948523339817,-2.051155735147084,-3.86055452165453,3.9891754155457337,3.8246825707969063,3.4901378657070548,6.805486924010207,0.9377204851276937,-1.2237930762380163,-3.7521299406010464,4.92443236915744,2.854895594571987,6.057794936776584,-1.002592639701921,-1.2754088796152623,1.3148357372195503,-2.4851401451996566,5.290172496039958,4.751608954848816,8.532521569501176,-2.2855968955431636,3.4132367249397073,0.2798053335772382,-1.6478481494512165,-2.1927027569602235,-0.6643355643675718,-5.200290825944623,-4.343402198749268,5.775323685254758,3.443582114950843,4.8039183472017895,8.506261528812775,-5.5366452573445,3.3521165085429265,1.375771288580405,1.4972430061608546,-2.499724646180524,8.01270313912045,0.36431649032160196,3.067484589908834,1.2895291105426354,5.486255262645289,-2.3338350876541427,2.9192927817028114,8.077934517844541,-0.3666994302468852,-1.0999865222411374,0.09789605825754959,2.133571834561949,4.063713583063597,8.127079634969077,1.3553138131735696,6.626028617948333,6.974101053472881,5.421650365773998,-4.150877341985369,6.61781599381438,6.317149320130697,3.356332732967034,6.94389280269386,-1.2450294175098156,-3.1470431181643903,0.6898910664939699,6.138909123619076,-2.2299692854646875,-6.584901681318499,1.1328823176534986,-4.619917470384738,-3.5016341506128557,4.452816004964849,4.466020486537091,-2.3242643125291735,7.988704800700828,4.427771135735812,-1.7221652954211326,3.84977117614835,4.850461072801092,-1.547209106431878,10.381152813333115,-3.837170208372074,6.242716216769414,-0.7007789881885,-6.315467651015649,-2.585363087121928,-6.322085724848644,-2.6210144588681725,-2.9153939649832004,-6.705586125508373,4.4338062026174425,-3.8001078529171832,-7.399163997583061,-5.179714388187663,-7.26906191160203,-5.746261313316688,2.1755374194889563,2.8373812930614157,-5.12281497209665,1.9392623622874061,-1.7915839259402615,-3.8738429610494163,3.5174826472822702,-6.926209368823555,-5.324493585671909,-4.845066136844913,-8.020839722448027,2.935572225681846,-1.7141612453353434,4.206603820413236,-0.04401405538147235,-6.229680651477858,5.182796615693027,-2.047086549574512,-4.856458099165911,3.8824506367548035,7.989648137622576,-4.985875022981652,-2.4530121012669612,2.9147574887292054,-7.252292262825527,-0.8894915964151335,-4.975893322464902,3.822855696276834,-6.8071173739355,-4.062167172892368,-2.1134783166948354,-8.095544158460397,-1.434272076440232,-4.397953775092835,-3.8084330022034116,-6.1187028557715015,-4.15605371103294,-4.641945894879924,-1.396551614399333,-5.831484781799357,-6.3466441381460434,-6.609114271261814,-6.552918075302381,-3.751641174598315,-5.705425070036888,-8.156758337632443,-8.575915597474403,1.9401493557269007
5.767185344432777,8.06741494124375,5.635912355838438,4.58445443096491,2.776993198400999,0.3269594308852864,9.04456102370782,-4.986813083047724,-4.025168298041889,1.962630200000075,0.21979429243406126,11.43314069651338,5.808212479139279,10.124491523078145,9.020195566233069,-0.5676697111615598,11.13927779841565,4.212298903359746,7.831993794312465,2.8593205313398578,2.9682273154102443,12.403686679903947,9.950796068940845,7.05338559610993,1.8278835521037171,-0.962992437073366,7.766259490574835,-2.1641530739266845,1.397457899847778,5.813474954798372,4.559730920075319,7.724350433149848,3.11236936696605,7.4430528208623565,9.02004485921304,5.826356113022717,-3.1828125782391505,4.749988488494594,8.684379547808291,3.0908492637506217,10.147872194454756,5.535501524273454,3.2073782677704346,5.030181909680175,6.497135414591552,7.0047978058809965,5.946514153342922,-0.46065339751017353,-0.14803361189837888,1.331027278354873,-3.257059176555211,-1.268143695209224,1.371413175699427,8.495307391747115,4.685195867871095,-0.1631343277033454,-4.319215176023866,6.282937656933633,6.154174348953965,-2.135314249525762,-3.7448984389077147,3.4724426963397517,3.7279047125305893,3.313973641280217,6.71075782061553,1.1751500309678458,-0.9920417377438946,-3.722125588768225,4.951652963708981,3.028854624176265,6.400553587783922,-0.8164080841291256,-1.2866587611477658,1.6310406674921027,-2.654065492520853,5.535884661860662,4.822748199325367,8.68113108017233,-2.0797352705220136,3.766933666603668,0.3884506672011625,-1.8954334357933318,-2.005462114307841,-0.3553484619295967,-5.660902668244105,-4.27998215288962,6.233138825359448,3.358832612168157,5.19792882243258,8.342782678338224,-5.6919081850780575,3.5683991001675817,1.203310263405788,1.5983647521043598,-2.526937414976168,8.060846496250443,0.6065273587324904,2.8131626872419724,1.3324065387542612,6.010697296655501,-2.164029693857154,3.0064821347614674,8.546727807035577,-0.4233296969415844,-1.1877137153706365,0.49676850651641263,2.406604056045364,4.875867871948288,8.73064956892931,1.4291785448037404,7.326657307631217,7.724286600860342,5.715733428082394,-4.069422362188911,7.076967541403586,6.704977358223021,3.842146772289586,7.430558429548766,-1.2114133278597714,-3.1717855311775613,0.6838089135080857,6.49338381246875,-2.303488880595486,-7.020393523662215,1.1335997798468496,-4.650267774616641,-3.708527152918622,4.81445497818406,4.613479370030464,-2.371285679586937,8.478211051123386,4.817469514716013,-1.4471353002992235,4.11799174203524,4.576011945937678,-1.5076387229711656,10.702666978069708,-3.936301482718412,6.151995761694028,-0.7896686246971967,-6.661751598499762,-2.5250071162251966,-6.399012863984529,-2.3335987022909848,-3.080724905232645,-6.788231229110745,4.142970601983966,-3.718985114636535,-7.837854738129633,-5.170102523327755,-7.693892612525858,-6.07196804481665,2.1373822246563803,3.2336925409099835,-5.0953124231060665,2.336490470926585,-1.8005211138671369,-3.9122524989116467,3.511205033034058,-7.336980283082946,-5.62751380533886,-5.2570241291379,-8.405302394022268,3.216108744110012,-1.7606608265799248,4.260524476635308,0.30328278270149917,-6.545638470614533,5.30868466378205,-1.7653317587095916,-4.960418532957842,3.909995010367574,8.443413177668573,-5.106044516357213,-2.6329227731484255,2.692336450659735,-7.677679036975283,-0.7566125682600883,-5.436236349730164,3.9633421016398906,-7.024338615080781,-3.916427938895963,-2.29644491627706,-8.400784497570475,-1.2906734280392584,-4.514893991924393,-4.115806021900504,-6.517644492253922,-4.1780472484861955,-5.187071400573801,-1.3777896883908545,-5.941744983769648,-6.582853497592781,-6.68884024899399,-6.7148000479312175,-3.8854261832533767,-5.7904034337184935,-8.404878708622592,-9.066937239926396,2.2897057201153492
6.194002423328129,8.226297419664592,5.946187248069176,4.864678627473724,3.074586772373682,0.3399571959732463,9.278239171727549,-5.022082902206428,-4.239832633940786,2.131843557041101,0.3744274634289221,11.661364739204469,5.7297292818865175,10.509271637572681,9.07750916107877,-0.28940115936970373,11.513434374946067,4.2396155772452895,8.264278909790603,2.984017535761071,3.01658215136664,12.60500606187575,10.296013707123281,7.149241296305463,1.7041658328431377,-1.0926268311598561,7.772603483598873,-2.4414806701209604,1.3423429610799957,6.1666268397359305,4.686489535618008,8.165129544778374,3.3128860483603897,7.897479385058218,9.220957632152071,6.186456625423337,-3.3333645599169683,4.737627732129994,8.913840520416443,3.3264172010253867,10.406061450312162,5.706821594004838,3.388236967432212,5.021269152778773,6.788084201812117,7.108293606920253,5.896229953815004,-0.4700082539156738,-0.3248664975696185,1.1744164186992605,-3.5350801316395164,-1.4817969069168877,1.4898881622045266,8.932500737049843,4.900174722349506,-0.22332152169895608,-4.370450404546433,6.122500787997287,6.193809257581171,-2.0546351346586103,-3.911652238614495,3.752415249464464,3.92453729901171,3.32319240944272,6.988868979384499,1.053164721248849,-1.26488811715215,-3.8096691738449135,5.2728564375005265,3.0431059399154483,6.439241454511882,-0.9195666620862367,-1.5410640121116777,1.8205919860197834,-2.7148459235782223,5.890023362385064,4.842382901213051,8.840179587216177,-2.221777824477171,4.058903326214771,0.3696031714209726,-1.9193820712555694,-1.9547738504414585,-0.48563665504985337,-5.880392115336828,-4.444826200759627,6.154578016693489,3.6044781686142873,5.262463391729393,8.471352261071129,-5.9958408348843655,3.497879413120027,1.0948067870275828,1.4541573982670504,-2.4045825189834527,8.264865041712833,0.6166307268896293,2.8922296755926817,1.3564942846704362,6.090066025485437,-2.1472954941343017,3.3152681874360437,8.791305667034097,-0.4790375214407496,-0.9700812588062939,0.47746389030982656,2.23796582498152,4.899783470137422,8.957684992924507,1.5155909166727999,7.412308766245159,7.8248974114430005,5.62002775993408,-4.398739105995969,7.0522332450485665,6.668938073022368,3.9633977894188033,7.564107686770905,-1.1189326744848072,-3.5933223127882616,0.6968644091641842,6.489416345312675,-2.3349353524112,-7.0208141009877165,1.1695945374073284,-4.904258768815614,-3.937868931240163,5.016167280380033,4.42335860391302,-2.595215833709343,8.658056016693786,4.726489670053409,-1.564898037823818,4.092852219205454,4.692692944499508,-1.5864543099930464,10.966071794292162,-3.963087957198114,6.080103381546021,-0.7214046180818088,-6.5535472718737005,-2.3990251087074834,-6.63835254001365,-2.5761781415234513,-2.9424666840493323,-7.02008058421541,4.237172614844007,-3.8484649635186576,-7.902011179192621,-5.481023066742881,-7.791040301346071,-6.321775766219204,2.039618296017701,3.4791950503443876,-5.166733217820876,2.305317614630478,-1.8895901085143365,-4.091886745336821,3.6630916417323176,-7.49266053432509,-5.672693109067319,-5.256246711613578,-8.648603379298505,3.084984784280059,-1.8415193674027441,4.380878957872653,0.352807721831922,-6.473763051169318,5.377150898581442,-1.9569458252299086,-4.906905433413021,3.8396882372754977,8.629538105487791,-5.134960855776875,-2.8343167432570957,3.0813316545412923,-7.758342658499657,-0.5284309196357847,-5.410200770746867,4.189242241043674,-7.174006320199685,-3.928775807894389,-2.1747703193582932,-8.609130642033842,-1.2272600903990478,-4.460099105045322,-4.194210939156236,-6.634871326685035,-4.108045846028106,-5.193928261904105,-1.431432773404952,-6.048604914335666,-6.748037378508595,-6.8299262984814995,-6.796396322098653,-3.9412127651506514,-5.932391481085545,-8.729748751946946,-9.183675247261645,2.418282723019617
4.972923338613315,6.546028508093283,4.057847668076683,4.929172674601729,3.447228610571129,0.7188157665151539,8.519844760450482,-3.984225604656173,-3.351211862976832,2.7789101636383613,0.9780409777202914,9.569320359726033,4.938649926883623,8.415939901354736,7.992538843808433,0.37368141110267833,8.847448559552939,2.587627052908979,7.55190422854429,1.6404165553318293,3.3570281817865038,10.060545572462331,7.905677068629948,5.452256758321488,1.3120922771931902,-0.3367803710186569,6.220310484853149,-1.8828654684643111,0.7027377362580217,5.907088730749947,3.211978364455774,7.476001891748365,2.435818606346995,7.49569972259478,7.7340391860209765,5.837763489254158,-3.081246220035737,3.459447879507932,7.447899989338153,3.0905224520484915,8.567894844408718,6.013104659499038,3.8300947854975047,3.108017422621227,4.664844975630521,6.372013791722863,5.154022991323051,-1.0482732329702904,0.19041433459086243,0.8822400923441381,-2.9164554946307235,-0.7799741309396345,0.3938920971788683,7.261702438618797,4.073654411180974,1.0576961275046115,-2.51698799150855,4.531299270345034,4.768825043022963,-1.7080159265472936,-3.406493773993179,4.0978038286347465,2.994493144020155,2.796903076423648,5.743324875668365,0.5381809418413751,-1.1181222601779903,-3.3477863015731306,4.284630715639543,1.7504703039980845,4.7069117562981235,-1.3273274421491816,-1.3039009282417493,0.8634182753028546,-1.9086378191364544,4.287530227767086,3.8309260199791404,7.203267090277798,-2.4767350195525095,2.563650765296965,-0.3108429087870079,-1.352840144450588,-1.8193621035816592,-0.7683261266462237,-4.055520530772466,-3.778354458026423,4.162339821518862,3.2299068799088553,3.890102885429765,7.255609773594818,-4.601865483584521,2.522007668953749,1.2431692289070546,1.552236438355599,-2.3333569286563005,6.350212727584956,-0.11234511537472723,3.158202207639938,0.9805135711096692,4.904056385287197,-2.2972124748662854,2.0646050423903834,6.5042550197910725,-0.0019455340397574355,-0.8854852170619992,-0.1867698907741434,1.2322789900768765,3.1168999147125342,6.478484966288426,0.9104526022466979,5.241085416354575,5.529657977038666,4.943357500048567,-3.5828444661638774,5.4601213910945585,5.008247870170747,2.6831679123445515,5.280710492320615,-1.262922152660002,-2.867976792044245,0.7168320609822494,4.809002572166046,-1.8387785365961657,-5.143960353476524,1.4176352932709944,-3.771724563969156,-2.997755517792588,3.4920606210219995,3.5151689813976557,-2.1913530743914964,6.169580226934687,3.351979675245117,-1.786624291513155,2.738542041775487,4.24272920584965,-1.557838122017361,8.527488796120954,-3.261341658287774,5.260658068719201,-1.0688881787837525,-5.2921785400186545,-1.8836892470179971,-5.200514546790754,-2.540863959065929,-2.4078181366000635,-5.607675646838379,4.334105894610131,-3.778834463717226,-5.902345054105564,-4.503144774011148,-5.761695362358485,-4.792468667763659,2.0928267489558054,1.796638980073506,-4.054006809157773,1.329809455068299,-1.6681570074784708,-2.970298102020045,3.3923984063033497,-5.247782180983384,-4.404039160661937,-3.6704300280883455,-6.326333355366929,2.6885973781022914,-1.356835583454086,3.7184663076320943,-0.2045558224249719,-5.010925715830948,3.8665296269754497,-2.2303527638531313,-4.231611947628426,3.2493382080818702,6.412280738946655,-4.047948486397553,-1.8884674673553745,2.8059222941465936,-5.784289543953973,-1.161392244490856,-3.9330290674717725,3.291538359610329,-5.556154721297517,-3.2330161108865667,-1.5531466437560955,-6.452723809268628,-1.3475432798366016,-3.577013552957372,-3.2363510253243253,-5.110625114253909,-3.5208434739150345,-3.3828589749966675,-1.43601246576501,-4.686534333749011,-5.090530879083065,-5.500278571117491,-5.3914728044740885,-3.279084931803503,-4.644473939345231,-6.471753712210787,-6.795076445807976,0.9554758794264452
5.983746768615974,8.052536993314543,5.862101502504796,4.726634606577181,2.8278298034808653,0.22740353153465903,9.018101625992157,-4.934441899022805,-4.160598463784489,1.9573893476912974,0.3281917294659095,11.596610382865865,5.751810270608951,10.140000217471332,8.907131829432178,-0.4320245633404409,11.39503712517807,4.342848603501347,7.863860216962319,3.0840551819286697,2.8621576920933656,12.479159102300299,10.138549780595566,7.178040780797801,1.7681770690356513,-1.0826371254756926,7.70038235461889,-2.4316664322303394,1.3475362794749173,5.626666446947063,4.787365533434551,7.8454058549992975,3.4188366032757216,7.596252763825582,9.11373992741815,5.930009811675216,-3.194348495379716,4.85154581336463,8.790184967773559,3.084669702929294,10.048783701580684,5.354822836240354,3.162558615891929,5.3013757857639625,6.87127823116676,7.001652820838003,5.815840766305694,-0.320648407117932,-0.3707711108968285,1.0612675153973268,-3.47494941619698,-1.4058491553400143,1.6703610426018942,8.712061204558282,4.7012236802920855,-0.40275947490886577,-4.618074572002713,6.339864711613424,6.177478119552623,-2.1295076112911837,-3.668671524749763,3.598241630227695,4.181642613617607,3.3945967273690543,6.931219071680877,1.0999901221157748,-1.084790622934541,-3.686302959694325,5.012917291407624,3.2000997347878872,6.539100225657569,-0.8732762295806977,-1.3694376262578754,1.7717134627057478,-2.6982083570662603,6.09164024628596,4.81147528585266,8.835663650523482,-1.9621148479274557,3.9817305002459267,0.4475747051046535,-1.8763257892350218,-1.6303491166869108,-0.262321127063808,-5.899278833844199,-4.385260224312558,6.431088485019043,3.249980578923338,5.190358143561472,8.468062107839424,-5.753528629258905,3.5302670333075237,1.2723848227218078,1.403106580568871,-2.2952793026369354,8.306736278714773,0.6097641185309562,2.865060477200558,1.343164973031944,5.91557868959272,-2.1540423564089477,3.3316692658680904,8.67493425015256,-0.5650616116634031,-1.1797388822698132,0.5262361409577225,2.3327720010933604,4.941573136630437,8.966103338563828,1.4089909399761182,7.521731906843091,7.841106889385734,5.539646983446227,-4.1626159294082425,6.971284357135876,6.724458165933856,3.9061076632938576,7.555818407124562,-0.9222761559341399,-3.4335347693485696,0.6865830587644833,6.351046824254857,-2.3741204597251158,-7.16032258043461,1.204032325059742,-4.856322549602105,-3.78704994934926,4.924778266147639,4.424679427502847,-2.4975382371568586,8.624801601060849,4.823605429056619,-1.5695050839222764,4.214709399732924,4.650095731157031,-1.490309817688264,11.023493692876627,-3.7165360043600506,5.976457677402854,-0.5251587292681331,-6.71401991777828,-2.5878258355728923,-6.428685333034137,-2.1583996957365024,-3.107407882755134,-6.837310049603013,4.046569722077839,-3.6305412638031584,-7.922180272692402,-5.267546637186288,-7.905016957985045,-6.088742367299988,1.9276587182020026,3.4216904822785743,-5.246736118160478,2.4277685201182577,-1.682182116110335,-4.072417020324971,3.564964481547502,-7.604733873419276,-5.56628236744373,-5.391983847630697,-8.675171526466752,3.156216295343762,-1.9274375864303388,4.184043184578285,0.7674787861723676,-6.4801911208619485,5.41098721454325,-1.8149805952301818,-4.811085998371312,3.936886403905262,8.559923902385515,-5.116428647642887,-2.9530927790821337,2.8022146810248483,-7.874052262987206,-0.3225138759443562,-5.533334316827786,4.464979357776461,-7.126164161765238,-3.6385083589360576,-2.239999179144755,-8.62479855621309,-1.157727077716694,-4.444376438043364,-4.235214190836383,-6.529565686538388,-3.859558742147586,-5.355131579778596,-1.5843530676700726,-5.899865026635086,-6.746871784853638,-6.790794664477204,-6.631983896118106,-3.940323438276932,-5.959008643115385,-8.758688687560065,-9.20218185051087,2.4386935795967983
5.632388913188703,7.064567383193048,4.829256203515246,4.819949094987432,3.3505148593705663,0.6102186790491212,8.786170726655985,-4.2683809742279655,-3.7346113364770273,2.4963024469295867,0.7703884240761049,10.390145854449049,5.188562520650842,9.233024306729419,8.291803880378215,0.11194730749350824,9.962371762655797,3.192075807823378,7.91472562543301,2.322955497509644,3.170963618069317,10.933890918825371,8.86457083868083,6.0402295096069105,1.2823634219601636,-0.8947097915629982,6.880354905745239,-2.226871422559828,0.782671461779153,6.0183016446101565,3.850159273401155,7.7958386735778875,2.657023163393152,7.681937402961851,8.188741854548818,6.049788044794987,-3.3062133055521192,3.808035072449978,7.822282106945538,3.2102757985951773,9.227056032944027,5.809611984411365,3.6904362642795743,3.844569594277422,5.516318013652526,6.497886645202985,5.396069499449334,-0.823039718501099,-0.14998111612264964,1.010781649565887,-3.3664477596184734,-1.2660887827216514,0.9086430027851574,7.929165837242416,4.327518056515282,0.5089495125178044,-3.205341066349421,5.038318415635278,5.197120257410698,-1.9262181228927726,-3.5509254947355573,3.9068847935370488,3.3319688777526006,2.865372944250004,6.18343418950998,0.5179314718568925,-1.3261772875900106,-3.407618143900958,4.698451018683752,2.105704610516267,5.2818340265114445,-1.1001635968928887,-1.2688300385393814,1.3112341715810116,-2.246663806798801,5.112372722993535,4.13415805745736,7.732812945321388,-2.289296722653471,3.2550396471904404,-0.17888195436915663,-1.7120220224116516,-1.6544044853771012,-0.6343037441282111,-4.68397891596355,-4.012429834827827,4.9673351746481345,3.418342621130832,4.461873959138172,7.61246715698249,-5.213442789947097,2.8114294295066444,1.2168126707659463,1.5297276045140733,-2.266944620973046,6.948206968732389,-0.0687556205297544,2.93951353371743,0.9724232631642048,5.353458493583578,-2.2539030759013654,2.536017073861154,7.343365229038309,-0.24647106749511305,-0.9230567731975309,0.04779433804055328,1.5602042506960205,3.8475716447154977,7.459242269651254,1.0802818605181337,6.089481080917808,6.475412505058822,5.1519514990833395,-4.078245743366811,6.166026890877986,5.663041831939028,3.2452732120830134,6.110702621320094,-1.0966394452168482,-3.3424921509076237,0.8399678725990326,5.463799853104939,-2.1274088378045604,-5.717417935391833,1.502171539377184,-4.233112052285188,-3.3369867017714734,4.062021101954683,3.7696347958721894,-2.3508045292193223,7.124197137605593,3.7631477129456647,-1.7048637689007031,3.293220146782684,4.244579946943118,-1.6125693407346102,9.34493789904196,-3.6551135605416984,5.476415561868246,-1.0621044695906061,-5.710159063051077,-1.9288682188405881,-5.704731483268881,-2.3229478728636788,-2.6213314158435113,-6.018890941570623,4.3750416732040085,-3.6655214616374665,-6.623484366661482,-4.814687990893044,-6.521059788651516,-5.546427409918544,2.005450974371659,2.4945675859996284,-4.384314980764378,1.7253612169439692,-1.6892835837305165,-3.3949956596374067,3.4754916395232804,-5.900275167680369,-4.756400721596857,-4.093607302188982,-7.077302946963973,2.7955283963218585,-1.5841274888553394,3.990788852256544,0.19711351580672923,-5.398309715221472,4.263355528900333,-2.207805238096073,-4.326372635745887,3.3445560747868237,7.288811419792591,-4.340471577148943,-2.204189579849686,2.933032420946036,-6.442195190853213,-0.8744551437821427,-4.620693083566408,3.891195230908506,-6.119054567620912,-3.315799930799783,-1.6718974840520786,-7.098217984148366,-1.3495353323668136,-3.905553125699199,-3.5238462228242105,-5.651756902108072,-3.7085725536898377,-3.8845554899322496,-1.5410443768635531,-5.096106294295339,-5.66245415718985,-5.931037938014939,-5.870253419954127,-3.633855436427254,-5.082442297904271,-7.234086092844214,-7.591941427157795,1.5304522820038422
5.824529601943371,8.087012701064788,5.710433891779456,4.724703697241602,2.721911561928376,0.41695947264560984,8.88207278713181,-4.890128765571337,-4.204299503309045,1.9411708970690544,0.3386521211013442,11.451001273913617,5.745561587256932,10.097387389173402,8.882784941213291,-0.3986826339648973,11.189596345039035,4.256257937304108,7.735466762379823,2.8929915000289084,2.8702624940898396,12.32863737542046,9.977525744539207,7.066221743850441,1.8410010632443772,-0.9962929101393384,7.697674718470273,-2.3353538922244574,1.3875850838695567,5.784041582350094,4.68942297293308,7.704343594348705,3.4396466479880483,7.44463387053849,9.051929179428333,5.891661822938812,-3.0760947740712843,4.902339736364826,8.77738868893078,3.0848174427658983,9.970309738857845,5.413737173784139,3.040608637382636,5.209910721988105,6.676184291963113,6.869616354659047,5.740595684861735,-0.2909284637823585,-0.44803927429265206,1.1191497883223527,-3.542370662403683,-1.4366730412782436,1.5442874140303562,8.452310760914587,4.643931304124725,-0.2890574817346937,-4.389844170125115,6.2438301850809905,6.157616955632253,-2.190397479928931,-3.5595794795212137,3.5310956715309083,4.073729792013106,3.4750768287181977,6.95445442042168,1.1044575366576237,-1.0037510414860689,-3.754094838835439,5.0604143363079315,3.270594743103871,6.443320938408674,-0.9001518081729699,-1.2553769466942135,1.5954648504016165,-2.561409207732497,5.824067494071431,4.796229847070294,8.79802738281876,-2.032944076163686,3.7877152202676476,0.48809973881089874,-1.7720317920305526,-1.8160644563222534,-0.405916103518348,-5.726600947495691,-4.515417460366584,6.303517250914002,3.415900205047752,5.2322745450240795,8.348449250046484,-5.790847325370016,3.4900013843580444,1.3741338921012465,1.4176659972790875,-2.3618692547833184,8.213104227127914,0.6674934205010814,2.928063361789296,1.4078472820780217,5.83469390349158,-2.2368614711926416,3.2770605710952365,8.551087675381433,-0.4541293875049269,-1.0618685667904213,0.4727799470136983,2.3695298905828452,4.786296172433747,8.81605673719269,1.5450209234728223,7.332486821020782,7.678434283566018,5.482655048836886,-4.260036402795339,6.922517323418217,6.7023961290165515,3.7376916817389807,7.547748043679876,-1.0479740396907076,-3.367889917275458,0.5555746468113438,6.381124352888559,-2.2984093713217364,-6.98509055642773,0.9955021019223601,-4.8871573341140735,-3.6363373478805707,4.782368700190993,4.5188902814035,-2.430518426644375,8.46856446026214,4.800500937200362,-1.5279456123387098,4.08030486330518,4.6663229154890224,-1.5620310946592317,10.86908304235146,-3.711991561508382,6.060143431809595,-0.5041984904662841,-6.49805192491144,-2.552023830674643,-6.3055733999248735,-2.3632455130742116,-3.1028460782576075,-6.816916681937358,4.021047371829274,-3.502010239100317,-7.723925208565876,-5.3294285148562315,-7.767577401945829,-6.105982518519872,1.8656247150852987,3.4161508192937746,-5.044882485498047,2.2933991846350783,-1.5335154772810557,-4.1591364349351405,3.5176859775933735,-7.411166038938338,-5.432278365090088,-5.178712875399985,-8.509476855974555,3.143365373160824,-1.8033177096163469,4.282120115207254,0.6578137896049782,-6.432683854978625,5.409831371721218,-1.859095047554529,-4.694095617262266,3.7707143640902205,8.42198889014072,-5.011672171791319,-2.7737869853885875,2.6877496217419505,-7.621022654935399,-0.575796557335802,-5.315729063931939,4.2598067664405015,-6.982988810838076,-3.69119471924601,-2.147809934691311,-8.477247477046788,-1.2343658694478468,-4.523140285979535,-4.1018736984335105,-6.303608510943201,-4.064920953846981,-5.220849170077924,-1.5732582044687073,-5.898062183856892,-6.504889549239406,-6.712131577196914,-6.6283036706897365,-3.9638057843983603,-5.855859360860293,-8.533024036203795,-9.018746333559163,2.3604990929565655
5.817184809190339,7.61588298760889,5.179340113091013,4.910473584697676,3.332099330121831,0.4180552860184872,9.14246743304735,-4.783285843714903,-3.9211272098099257,2.3529319369710655,0.5321830360492993,11.07077525063102,5.474413415605401,9.804007350007677,8.961704286099042,-0.1384106006429951,10.534478286423749,3.576542278951987,8.001993663638258,2.312937909345972,3.06708855141229,11.707620634877147,9.449935458241123,6.420742561824311,1.6379253839919188,-0.6457473101644834,7.353014990850404,-2.3455510011302376,1.0239904712456933,6.134185614221103,4.2049404393658545,7.98997417310972,2.8982372835145247,7.885573263046106,8.808446738973604,6.10933555872121,-3.4381765965203495,4.1475022617554345,8.482651896820641,3.135240112040909,9.836326437331955,5.9955966209314955,3.6735489802506467,4.311410134178902,5.9236237160815435,7.110174941375073,5.94510902655027,-0.7020985435909558,0.10060532164223479,1.1293297885567852,-3.2070624668234267,-1.2696328669865353,1.0366782919441164,8.345233955609135,4.691413085224102,0.3077378679730115,-3.5857618142183387,5.651520832490401,5.732729401528558,-1.887584774471123,-3.6030353561878883,3.8690901335583314,3.540474328541639,3.130915800030833,6.516846312477397,0.8305579242887838,-1.365499352465287,-3.513353764188846,4.846547962805182,2.518000465104117,5.787387575670753,-1.0581036344022694,-1.3421890595677342,1.4361999745592136,-2.4097107960484405,5.289947600783303,4.511433401477402,8.312856261269479,-2.278935253397335,3.4534433110636034,0.0384099125959708,-1.7436498031953915,-2.0043905610979116,-0.5207605619106377,-5.089484063478898,-4.440905787597293,5.508746016002894,3.4539148517694858,4.656527748037808,8.204407795954516,-5.409912837808721,3.134356030099697,1.2969364874521558,1.4586835251375834,-2.4603975887471403,7.669620856988187,0.22953786036757984,2.890819681103183,1.109497685241025,5.538711679385314,-2.361541358642343,2.7572341496977626,7.925795924645099,-0.34197284517165294,-0.9490843547471456,0.0425015350883266,1.867765483314426,4.109819866687365,7.985559369255544,1.1460984369238227,6.5779869448168995,6.915590321660463,5.336268922665876,-3.954542349795076,6.53673339035904,6.172927684695796,3.471718349327864,6.741537890531866,-1.2878404473173768,-3.3126994699652905,0.8038458776963268,5.915338781590283,-2.1571864460119383,-6.309678352377491,1.3184390987330312,-4.712868700137407,-3.5299132231542805,4.405421660566609,4.169277555922992,-2.465332149874469,7.781750585450583,4.116365502304105,-1.8150397625000698,3.684994427466539,4.488158072838215,-1.754095732261492,10.124229863236874,-3.6526897401729563,5.966226061353956,-0.985257337806804,-6.149969016378317,-2.3647339468698805,-6.159170237537711,-2.5006409668583323,-2.934099086432752,-6.543672748482769,4.466489181855167,-3.792563631944456,-7.133408767982833,-5.0275302704067135,-7.10696456534011,-5.709511850012979,2.134003967096102,2.7738382556607175,-4.752273503212673,1.8393288344958239,-1.8275033720300407,-3.6779768781473154,3.4941143575131464,-6.568865257118628,-5.1393008071720105,-4.68935539778317,-7.813104137182652,2.916767978232851,-1.6219349581461435,4.159462725677269,0.12457467465601416,-5.938749100914315,4.882983180578953,-2.1774387570213776,-4.74080310423246,3.6155890419607757,7.890868589739612,-4.829874598104138,-2.40046633730259,2.975723111452337,-7.063430683750237,-0.670072163262678,-4.885841752546979,3.869532436645541,-6.560146779129397,-3.7385613928996806,-1.9344694165865322,-7.808974582677986,-1.1143532047123996,-4.109085636444218,-3.8720339631151535,-6.037405009752935,-3.873740670623277,-4.499711116284217,-1.3754854198288131,-5.593133479927274,-6.1241738562994135,-6.42492100225393,-6.2568942361676845,-3.8753924155681756,-5.493128015016556,-7.91456436456833,-8.22354423489377,1.8206318826707266
6.029582873574283,8.065532996025544,5.797629579570845,4.390722416699254,2.720631167596759,0.04727550034880301,8.884376160569184,-4.945899934927043,-4.10457431546355,1.7636003176697905,0.04154540544004436,11.382232721234997,5.483132817884119,10.20600543873569,8.936466142970682,-0.7550361196171603,11.35643230846673,4.294797591181846,7.802127527356164,2.78639920239403,2.537560324244767,12.344321256067266,10.14224602351784,6.912729292407278,1.8183755568170599,-1.1308220568612584,7.5739543102113,-2.229335076731278,1.481645330322996,5.784874577888097,4.729874691157926,7.813394544054405,3.046198223124705,7.533123216554322,9.01595043988046,5.712501902704459,-3.1979072779343003,4.522342328801254,8.672680387794157,3.0414507620498252,10.16858870821324,5.386003920446736,3.1794788270746825,5.123877115115917,6.65855903810782,7.013597711276047,5.962071419135226,-0.32456090562979695,-0.19073061412179318,1.266808403977642,-3.1864878606678495,-1.4307534772056534,1.6986576371231135,8.72269575808965,4.678616485181551,-0.5007045593492617,-4.4391166385935446,6.233574384925291,6.257171342614816,-1.9431742701340653,-3.6593592731673588,3.3306054596379058,3.724027604985154,3.177048142219904,6.526161785520273,1.0699531345085433,-1.1967934918653957,-3.6452712305102786,5.062739742648185,2.9520501465823132,6.403836986995814,-0.7220242272169364,-1.3039705479594594,1.8123839284798957,-2.5656720140794653,5.809584398228396,4.620511669825294,8.541379348686332,-1.9824198277997314,4.038273463794907,0.5181948077682156,-1.8380427499155672,-1.8673759664554763,-0.14638364725406705,-5.681527181552347,-4.253777124150908,6.418016441389618,3.2675473549668506,4.912910762661339,8.369679471605505,-5.704487729107153,3.490896688300511,1.0359994897224682,1.4066317843869858,-2.5011941688373174,8.10578563882525,0.7178939424292767,2.493939360343634,1.1997280260206475,5.8599040331727865,-1.9704701681358976,3.347894545519269,8.740384306601351,-0.6866415549877236,-1.1148861625551172,0.41343730144423313,2.532726996158612,4.830559776308929,8.85497003705364,1.5828750642114038,7.248192733285287,7.670619932676575,5.3430255645617235,-4.267781404807377,7.075649551152982,6.676425612926103,4.029109294161287,7.590650734207561,-1.1632023013777082,-3.1073990405226626,0.8061330269048329,6.610304443844727,-2.352671583615025,-6.996755776610722,0.7926915926832966,-4.763320696339935,-3.6065987727009086,5.044822571479634,4.610929960003308,-2.359086746446441,8.684411738563352,4.734858906760172,-1.4124826765474157,4.300345803970272,4.366949900953013,-1.4359910048355136,10.768198427501806,-3.6872661591829328,6.184839866750386,-0.7669456934007137,-6.5173596858043386,-2.51543611622329,-6.233220230425713,-2.5516143315830226,-2.987342945481562,-6.847857936969228,4.076502285153566,-3.531267469840179,-7.70603784629908,-5.118818565394988,-7.691985560297915,-6.314009448491133,1.9506869902656183,3.3780293234170697,-5.192803887785361,2.3631866012591853,-1.8422757591154804,-3.9331857246105764,3.251032943950353,-7.322126817378321,-5.456386063084821,-5.115791992908472,-8.428289371910402,2.991973612332459,-1.9745716860064364,4.363332237529362,0.5242600956102395,-6.469957162677917,5.4323388099113465,-1.675068549948955,-4.853454589007559,3.885784856150186,8.677367637770907,-4.9392541093288695,-2.7108914940849225,3.011637394381607,-7.676584451229962,-0.5189266113683872,-5.253928408043142,4.133889126496828,-7.087943136536128,-3.7456011086212166,-2.2127455540207808,-8.370645446518987,-1.1124235827285207,-4.443160921212638,-4.017421626997003,-6.370821012861464,-3.98332553683007,-5.256700862347414,-1.3939198038172849,-6.019274214874626,-6.576357549664244,-6.688991800835944,-6.703177768266658,-4.040158673514092,-5.784836006362492,-8.403024820962893,-9.005436740847571,2.3845020277453646
5.457324729535893,7.536966457761629,5.276158773733361,5.044762821795678,3.1852448844444994,0.7447447387070618,8.93631550662655,-4.523642119843161,-3.8764163413488117,2.443507556832248,0.738024252429614,10.73998922186248,5.4884083930142165,9.459986698716477,8.494206127291578,0.035808405786545594,10.342116542925629,3.710448163214764,7.891444787152916,2.637231939109993,3.370840230544575,11.608351491264925,9.24029655287561,6.562125290444095,1.5858865025374458,-0.7967401906533862,7.119751527548095,-2.322803631933541,0.9907817243565111,5.834142760862621,4.057012157371285,7.703210191547198,3.285381000881495,7.554407933082928,8.474792053273745,5.9812417530725615,-3.0902265952060946,4.343727186711487,8.285025288064672,3.1663772541139177,9.51828366078606,5.654959545937114,3.53796884248971,4.31620401720433,6.096472894341115,6.682803073120844,5.500110018999139,-0.708673320160818,-0.21280507554205402,0.9438315770034029,-3.539655370805868,-1.1999742673740543,1.0594408163781077,7.996857682771508,4.286493212243933,0.30544624740180865,-3.723342723592068,5.5460985397339435,5.569953654450301,-2.0712429925248244,-3.5460261176197783,3.979526441776676,3.7333074525590977,3.1385369830652357,6.522721279327311,0.7758601112110205,-1.1285817533181208,-3.527791898222098,4.727312629269832,2.639843451901535,5.682272930036721,-1.1684560614608392,-1.2155500405279893,1.3713177934061935,-2.3954078070700504,5.2471225794492415,4.386054767125877,8.237231444913443,-2.28256332539629,3.4041623523287434,0.061228060555261504,-1.6556079022164074,-1.8819727971606766,-0.5334682621565452,-5.169765266172659,-4.292994787633529,5.407473781106749,3.307050179101462,4.816141185868716,7.894083770332424,-5.329760307837343,3.1652688394826933,1.3653429382867281,1.5339688346524003,-2.3778082788704573,7.4463817353655415,0.18615845251111948,3.1754537961105047,1.3194434620298883,5.640810527928654,-2.302673003945326,2.727758905012039,7.735573316902109,-0.17771881627496552,-1.1375019547635516,0.42353206017296596,1.7972250825307459,4.327549447187339,7.917010351674689,1.2443319935624086,6.563216386718538,6.916131964862207,5.390309114779399,-4.012767984158614,6.3153304580603,5.927925775703088,3.394211566578072,6.587572168218509,-1.1952717969439939,-3.248529767210419,0.545015434381017,5.7423268333102335,-2.122060643422369,-6.365112523232778,1.457885331724664,-4.390407107319294,-3.584979494102316,4.342911287183753,3.954120169501069,-2.510202963045691,7.536117721076019,4.356514127349374,-1.7035031625047667,3.470811524952316,4.649657646755919,-1.6512762577387232,9.983205329512177,-3.6403391117881774,5.707136817015948,-0.7063055119702094,-6.037553184846793,-2.201643945330383,-6.012622469743972,-2.1492757619352565,-2.8450921911671676,-6.455080403634152,4.137941997406389,-3.6669478366751216,-7.175414389647294,-5.076507920890651,-7.094762056683248,-5.545225487941567,1.9985569577616467,2.8057087466684436,-4.662325297937368,2.0572521551027343,-1.593958908891103,-3.779752509564932,3.7293969919470045,-6.671846333438079,-5.06136316330049,-4.7493361199512565,-7.729753906627132,3.0974855553783556,-1.6317586006643565,3.9806510789747884,0.11468176918007789,-5.872580414062265,4.739397410853297,-1.981993636661844,-4.469651023931192,3.46832169708094,7.649189523302224,-4.828009867097231,-2.3922238660024875,2.6864813382622885,-6.958171281626377,-0.9571471352267532,-4.8904970168975055,3.79331093483248,-6.458835384404118,-3.622139230366044,-1.9949685188915893,-7.725049397748345,-1.2908908055008417,-4.219604169690198,-3.786842734236667,-5.975106261113822,-3.9131872825988103,-4.523918958796787,-1.4992175608481102,-5.440428574023349,-6.007524115671086,-6.271880726180699,-6.301611085448561,-3.7868406206601044,-5.341347073833966,-7.730521375153674,-8.23483511146069,1.7300452383856542
5.956458803405643,7.705580903004908,5.713449368722083,4.920194984681853,3.028700210111136,0.5884749197379252,9.007217931225279,-4.6636053441694925,-4.058228374661008,2.3387802602954864,0.6340125297513334,11.466101920127677,5.859020798971812,10.011481618108279,8.712448024060894,-0.07973291379860813,11.13196840044631,4.167301733351368,8.052060712948826,3.0824373465824624,3.0570504398381,12.109364485654178,9.862944171756075,7.058997732009918,1.7262711062568719,-0.8771213472422275,7.678104908913731,-2.5813013555327626,1.2866378451053433,5.846533130256583,4.728770143482996,7.950407921785308,3.331471192766205,7.716316299767541,8.914113929058576,6.259946534880597,-3.098770385844264,4.678435306320317,8.470717162664508,3.2395216456923235,9.79428074556096,5.436158783303221,3.4222897517236306,4.927081016705158,6.466062614292032,6.666732752633658,5.405399046224407,-0.4697210260106554,-0.6531288497270757,1.1257691028470571,-3.6902822224479666,-1.458321563421529,1.4443638480509886,8.477809804839074,4.601284622103595,-0.034513591922360684,-4.311510087369722,6.000247906292342,5.8464761230474975,-2.2501549292922722,-3.5669509477512817,3.82528997732295,4.055410546818597,3.3738179305978786,6.936633406906858,0.8737244961510783,-1.1910537512301151,-3.5624315277418606,4.9790680895547315,3.000794217140663,6.29679228420654,-1.0288001567499037,-1.3386936281714366,1.7008620348763919,-2.5954970631021563,6.034671415044132,4.748031129628398,8.744607531756893,-2.264962828845107,3.7924725103482437,0.3579288336654606,-1.8835796986984414,-1.4621659055775569,-0.39459236891341437,-5.809891243764063,-4.576398193778818,6.056067914274423,3.5597054200317273,5.227833437891145,8.058929819254955,-5.706385979703683,3.4721376719224644,1.3967230928359142,1.4566125892239932,-2.380915935500714,7.859301180864256,0.3789161179549649,2.9932260305052942,1.3574312714302037,5.887117096174234,-2.357082115137813,3.1751754989811345,8.236294266942165,-0.2663052732984702,-0.9789655685045126,0.32232442940631323,1.9681733422401213,4.79950074019968,8.637023723320905,1.3763301624060016,7.175492229935214,7.591309908209051,5.479192200782354,-4.133309040365849,6.72664544783757,6.57218020052798,3.6492814531992157,7.2065063919692705,-0.830230241585674,-3.5709828197061184,0.44820845853106867,5.889023760603836,-2.177773695611921,-6.832123621431887,1.462529198970378,-4.846551702238353,-3.6227173443409884,4.71467390379909,3.9419122328287366,-2.6888452322106153,8.077418123012931,4.496160145262599,-1.657760994879926,3.9553659526964475,4.426912763761486,-1.721999940055321,10.675424091127892,-3.5296580426463584,5.70124674072877,-0.5841877119577881,-6.474390704449652,-2.30273372361055,-6.153827680983012,-2.0348531826478795,-2.967310417971407,-6.570865701163572,3.9944537248354255,-3.760328684422364,-7.630215069966782,-5.308008851744471,-7.632213222519766,-6.011451658065942,1.9287417016759312,3.3448077509132075,-4.808242191842883,2.228011364108684,-1.5995578212769461,-3.853268703760169,3.6012107967585423,-7.288559043414482,-5.2293152458493,-5.122829447170969,-8.514269613232864,3.0443838724698487,-1.7744607339553966,4.035470352568853,0.7967173840096818,-6.281725623367285,5.044207652897135,-1.990842634162069,-4.471557965109655,3.6299898586106774,8.103897503102985,-4.850068843931604,-2.7912273355073447,2.686346162683228,-7.519019113545682,-0.5110976414706276,-5.19927887846893,4.503830957976229,-6.89829244680932,-3.3671070486815147,-2.2445846414122275,-8.36856152865923,-1.021003056322464,-4.3299961460912915,-4.196187672479362,-6.219873906259009,-3.7983997869216033,-5.043878661202458,-1.72864567732496,-5.584339330330243,-6.341682719514286,-6.663388626361611,-6.424338424654918,-4.123477589143771,-5.717798838614361,-8.417171669484846,-8.79268268278956,2.269849633727308
5.6550337201649326,6.620964245080974,4.972997623634179,4.175714752860134,3.3803983281042598,0.36034007638535154,8.265523941322558,-3.9621954222419093,-3.331974000329348,2.1947699382929367,0.35386668424795303,9.373177159901278,4.446658922352823,8.933219927536578,7.604461273796456,-0.2878604685015451,9.643312155605896,3.32124089117143,7.429298169104145,2.3517015078682153,2.662879721278036,10.389026478247047,8.534351183863846,5.6504311809420855,1.1468847264876207,-0.8587444653887623,5.975327050234486,-1.872931189282301,0.7792652952214296,5.54231516485709,3.619374570434036,7.405800564343852,2.3125925383694583,7.196911227550555,7.25015892339009,5.3185323179895745,-2.824473532347792,3.132038465802032,7.123818567225901,2.9455220157482036,8.889759086793081,5.029206675927522,3.6990156565995043,3.274632563262461,5.535225227631889,6.130079097514804,5.304595613458599,-0.8402053671276969,0.19943276936488072,1.001565752522018,-2.768419140864239,-1.4032170193548443,1.1360024055015245,7.769232798451853,3.7662450432202683,0.024103851400300774,-3.2988238914922245,4.514208378491552,4.841677076690397,-1.3511820146031108,-3.1619118225922533,3.5279986801833845,2.73005761217015,2.0850119755505445,5.149772969375546,0.2296269399578626,-1.5669045263144703,-2.9590856413545605,4.6009160543956265,1.6682822278426725,4.562084561455607,-1.049852122340355,-1.3426212693599626,1.6931722080167635,-2.149617065449155,4.861464030935362,3.554947475358955,6.839105051149088,-2.022023550127866,3.662852031085535,-0.24187583091556045,-1.748881118419648,-1.4999348371159054,-0.08385713458686447,-4.459217739362714,-3.734023774342665,4.589239110828716,2.9510607031098366,3.777514342120478,6.866235548963664,-4.752820253079252,2.343095234739194,0.5982848149413943,1.2974664720461149,-2.4963799746793076,6.222219421779156,0.09259539919704628,2.2901748856064077,0.8386538353406591,5.308777441213742,-1.5779011299524537,2.5616609449494976,7.191994083866078,-0.4392515808591283,-0.7326433715733286,0.4628335099587702,1.5336242651848149,3.9878988525710826,7.112480740445394,0.9319291088329787,5.609549438173609,6.098963157844163,4.666625127831499,-3.6974021213896813,5.657582774690887,4.9809181814427,3.7472212319461113,5.726321978445221,-1.1479929732884395,-2.759120033122768,1.123178386125759,5.365817395068876,-1.971624549036719,-5.38646984419471,1.2920345633035126,-3.885521720897857,-3.0930337910441255,4.440461961895135,3.358790176087787,-2.2734687705951764,6.905316925974631,3.5544098377787625,-1.467716545050355,2.8271582445770416,3.667768937997652,-1.4018117489230226,8.63126201063337,-3.2564686562064673,5.056041307525627,-1.1435992496195568,-5.19404902781505,-2.0732609379353324,-5.165453457789318,-2.1688416762804072,-2.635310445877643,-5.821653882280284,3.8485943019071827,-3.2965547632466192,-6.100910078417707,-4.40807677723715,-6.149301832629662,-5.331586937796185,1.9027401642438295,2.395384277698414,-4.0622889270353655,1.737776799366896,-1.8610560386889645,-3.0109683973451324,3.229497367103228,-5.493302297285529,-4.5564622219570285,-3.87757187433672,-6.675925004211152,2.341380303093965,-1.5066543950246132,3.8199820448089703,0.010998660350397954,-5.16539215543412,4.043936999760399,-1.643116464697212,-4.090708806556502,3.094764677718171,7.257753094542713,-4.350862687558263,-2.1753103820169133,3.0854209765927254,-6.161375367458588,-0.7933959873001318,-4.451608710928012,3.528602536086045,-5.657873184476812,-3.0201428673760007,-1.6199100392244128,-6.404895090282296,-1.148201521804544,-3.475424749443946,-3.328607969082022,-5.32095186598445,-3.2211354229487297,-3.836334278609315,-0.9786897555733597,-4.745431379939298,-5.267430652772211,-5.469206139093932,-5.3116917429627195,-3.5451552228989547,-4.6304213448850815,-6.632016162439637,-7.059770886357727,1.4963369483317794
5.8540231199754995,8.221411692167162,5.782764100997928,4.535888213304215,2.7862673498192843,0.10593995313784586,8.989664916250508,-5.091178262317371,-4.12208181090915,1.8100401544634603,0.03874893571724531,11.472970480903394,5.581319602587333,10.197505378631334,9.095694716054139,-0.7115032738833826,11.247185900610097,4.357117386669174,7.6513323455908315,2.684089391442345,2.72734573403637,12.484326029668665,10.112036256412596,6.973866810158632,1.8132293959008212,-1.059862192104283,7.584490308962593,-2.2177122806059537,1.3188105491927984,5.745816823382278,4.577781421380604,7.733394915619958,3.2686785997119077,7.472094558478465,9.087677172014356,5.665038163179735,-3.2520958973704936,4.79311766486386,8.854220988799984,2.943880429306785,10.243508416429584,5.452162888270082,3.090575331998365,5.106730059990663,6.7497644077653325,7.1789328961283685,6.164986923497665,-0.23334356567252929,0.05060228022607233,1.0765068517074114,-3.08110179312368,-1.3293594164179232,1.5444030320384436,8.639449837577224,4.6544686057371365,-0.40191950539678845,-4.4005387757285295,6.465421614992198,6.376030539600466,-1.929101952263988,-3.641542286521406,3.370421851730884,3.771118601765927,3.24615289320106,6.664622016042471,1.1528884170314138,-1.0817819097387784,-3.5955530091201116,4.937639903579925,3.174178541768892,6.449165317423202,-0.7502033940349988,-1.1705496849636363,1.5523873182251593,-2.502560889812902,5.576066401517614,4.765345562466657,8.785032695074996,-1.9134805270622237,3.936340685407125,0.4812697895028392,-1.8397702418372766,-2.2058777120800395,-0.24605185917294115,-5.60411363446692,-4.298341575059848,6.38306242488666,3.135347976132468,5.0098616693662885,8.58609861252111,-5.723214353843294,3.564579927331569,1.0394491986321306,1.4237640684444228,-2.453993718205607,8.358423881501388,0.6673977206136894,2.6317632344704887,1.402425381822519,5.788161546917187,-2.043293622433193,3.2808587713617654,8.713981919173605,-0.6167075680099219,-1.0262836722561852,0.44888140930341963,2.526394254659953,4.776377202674581,8.861035167237166,1.363266601998601,7.393780101518748,7.641405330516187,5.473409044314203,-4.137831775316796,7.002949126186059,6.750414078391256,3.929579908570913,7.630132276745909,-1.264980325933088,-3.1640685711774545,0.6473724734097995,6.647410770505773,-2.2592813753882752,-7.033919018252439,0.9085708042361109,-4.804628838932111,-3.644407421930509,4.947701612280127,4.718738381995377,-2.3754505686377247,8.674113724028524,4.883068218095263,-1.7099196505443035,4.197254622418938,4.6256464101017745,-1.3412959633753552,10.91257414714134,-3.8551096660991284,6.3390958604319065,-0.7083487739252766,-6.534221559179297,-2.807857467143475,-6.538661742874461,-2.518615879587584,-3.1365512125597577,-6.990157071271677,4.05853701774316,-3.4165285936113525,-7.728448008343837,-5.158879070425288,-7.740819198552367,-6.120507892492562,1.98595285082364,3.379369130943719,-5.305317129516259,2.363279027326826,-1.7311211698499775,-4.126731369112404,3.4718916483321576,-7.418909221916743,-5.699698298821017,-5.346918832266966,-8.574730018618109,3.103970392371214,-1.6955021316690042,4.392854682237637,0.33956284512040563,-6.5272265934230935,5.52883320694845,-1.7147770520041536,-4.948503236816041,3.88631244496758,8.69200688603556,-5.324320038094934,-2.666197138904499,2.8642617588671024,-7.779691951585091,-0.5055315289200478,-5.3859661308002105,3.8921452520138793,-7.113510754377101,-3.953699050028267,-2.1624548093439295,-8.418044762484266,-1.1470290699791892,-4.496823949239616,-4.019191366463185,-6.4857440496979875,-4.074852252129773,-5.350561352423444,-1.2840632972001973,-6.1241611803382705,-6.860982830986416,-6.809426226137174,-6.796575640827646,-3.7620710499840677,-5.810013293188227,-8.548710018586371,-9.076029629461805,2.3900189520630346
6.079207555416806,7.887621257164924,5.882703587393638,4.522893367767371,2.794768931138015,0.24339500048721618,9.037446552275568,-4.917729991612227,-4.141494604490356,2.0271015362531903,0.16334168555940246,11.525287946079063,5.828481669652471,10.178873547858318,8.786413299827274,-0.5729788818075329,11.484922061927458,4.429714997036577,7.992208351328588,3.1597502269437316,2.8351020916979843,12.47872003037748,10.156442560573774,7.267530754782307,1.6904710692534992,-1.1129691030127038,7.643596199632455,-2.3782327992021832,1.359185359947387,5.735405606211432,4.759389982471925,7.910996035727229,3.095165392379663,7.618759855490887,8.918787444885242,5.892831300364142,-3.117587611091247,4.674700991581677,8.516911973031146,3.130395770627665,10.021564799308667,5.287461676384104,3.2810850414225654,5.064415612390622,6.69689091461662,6.773553234915105,5.691009357149422,-0.3850373379508828,-0.5189687198606635,1.169441781698821,-3.6417590005494556,-1.5424801266984933,1.6952004283416204,8.695205124338578,4.610323247213188,-0.34099562047626647,-4.499574599288977,6.216773399664347,6.122043537836951,-2.11737167407343,-3.6296334682366798,3.502759690600202,3.846080273844435,3.105558903527184,6.625299613437281,0.9746408700559709,-1.0485347090806811,-3.582577790349484,5.000544038338855,2.9848218211914603,6.411127697327362,-0.9117754962495946,-1.2526206983424129,1.7873670893399434,-2.591876549933506,6.038547173169735,4.7480346430949,8.689999768982807,-2.014237997918445,4.03240347262911,0.4407685061128556,-1.9100498791248126,-1.486320015882869,-0.20759473818175528,-5.793119343750264,-4.429939779823065,6.330733236958524,3.2486041306352202,5.20972058510223,8.140277714176813,-5.741247994312681,3.4369341833494103,1.1110638875129122,1.599134167833679,-2.388960229213202,8.024650786766374,0.552192507390673,2.72744051679912,1.3280002474508077,6.103049610137415,-2.148675364758812,3.2117833903029265,8.658023215538421,-0.4129430148279164,-1.084748881076236,0.545214344018391,2.2279494032074445,5.111522563029996,8.955051248930438,1.3871046017165118,7.46919406152132,7.91878451562681,5.599059975004776,-4.276594524958118,6.992038627800368,6.644596316731233,3.9781728153447755,7.484141860006971,-0.9205879167851403,-3.4692691957163024,0.6376443358093115,6.29430742268063,-2.4223172558708033,-7.061905812724994,1.2741252424674647,-4.835051656058577,-3.730605239297269,4.920162107496918,4.306331592561959,-2.665003612111635,8.49761559311828,4.771486797934446,-1.5498274633841476,4.146182340979383,4.299162936512342,-1.5689426874050794,10.904529276693571,-3.621611359056966,5.872899455616379,-0.759516685375286,-6.608482806089439,-2.425335086430632,-6.2064080769102175,-2.1842790009335045,-3.165999229694907,-6.760881961168272,3.9140672550422475,-3.573267768601504,-7.754169930812183,-5.223819351967744,-7.783702617635858,-6.203067441163716,1.9781797785186384,3.4033346333162164,-5.108556484734103,2.418246248637605,-1.6395614659743794,-3.990849211562769,3.5106467554251815,-7.37205824942844,-5.51571709844565,-5.182660837214551,-8.52352298841279,3.092327791026914,-1.889452790969037,4.259252434088485,0.8054067717308918,-6.465847358501419,5.1981331311463945,-1.780398131732518,-4.66443665132403,3.84205659790969,8.543684290734221,-4.944828387129692,-2.816425622651488,2.7629250877876195,-7.6620085451732685,-0.38860836800244536,-5.394275777579087,4.485871741774772,-6.979202595666785,-3.5043063490327353,-2.197105756077629,-8.429126428019146,-1.051702617585505,-4.442348106594229,-4.227501522992272,-6.522373486857223,-3.784012311999723,-5.204362221339226,-1.6175557369553724,-5.830639901693901,-6.6128503249018005,-6.682187021581612,-6.52845122100384,-4.083128112968875,-5.797592254424045,-8.492273785225148,-9.030164452350606,2.3145104899164735
5.888648358453173,7.166298555706822,5.080448712593972,4.634217980145852,3.44757840611059,0.28448734940625914,8.969474410000634,-4.541100250699386,-3.753042803554392,2.39420754074871,0.46136442918127485,10.527111367264313,5.168123437494895,9.620532559048693,8.533278714491932,-0.2506374211433997,10.319632946209943,3.456758100669751,7.981764434482053,2.289353704294393,2.952118997402067,11.232205126145216,9.149478048523568,6.160568292543301,1.2945201365694115,-0.7993929634231792,6.7669837559666455,-2.162209613555304,0.9009416516663924,6.09397608488865,4.000013073327635,8.015988618284956,2.5026876423231563,7.844022660272358,8.23795720369399,5.927401884561052,-3.310245495657378,3.599272704305235,7.872218373952125,3.145828450195014,9.520468328563188,5.789817270816161,3.829917868370758,3.8623495093525246,5.698787616611795,6.80204415046832,5.734019117809779,-0.7561613309559023,0.1712033736716817,0.8978749250344707,-3.1888830514191393,-1.3711318760914786,1.0806020762636985,8.259741837061984,4.370719468785864,0.32514936826221075,-3.390335489182569,5.114338263829311,5.328136703795651,-1.6686588881476159,-3.403008032784911,3.800469874002807,3.1185789251711817,2.5402190406395055,5.928016393741164,0.4352191650666372,-1.337087624170884,-3.3455828597811705,4.855200525510152,2.0073491006680504,5.286676585229684,-1.0944618826542503,-1.3261830829877537,1.4712426451219165,-2.250417283159074,5.197516269024957,4.088741455010819,7.661592789917671,-2.28003312101612,3.5535977405247436,-0.2317995785096421,-1.7608902622469034,-1.7960478070629857,-0.42254316737253655,-4.8241678639708665,-4.1896084600877135,5.08980489297512,3.332318437203086,4.348530266125565,7.752213652008638,-5.273887396680881,2.711892509812275,1.0002558436409297,1.5768875473253714,-2.4866191456040383,7.110282164804038,-0.049965539947833176,2.5861511161258743,1.0965952561128323,5.569929733553763,-2.1951258004537464,2.6821956320701736,7.669061404369324,-0.3387797412737193,-0.8393154879500596,0.11666544782377976,1.6329898181873783,4.06388657600045,7.642544995841498,1.1083720021013472,6.1988692115208925,6.6758659563144205,5.163683419754803,-4.0991736111838035,6.275495665069112,5.708154629306254,3.597517768677361,6.344245972669651,-1.1260545897961038,-3.265523993621426,0.9747086088808187,5.715204615940082,-2.06687770699663,-5.879387402227305,1.4034385122017656,-4.345771579305967,-3.379090099961804,4.456934222114892,3.8997175637243275,-2.460243867305778,7.459618217599396,3.910227002040118,-1.7977118231968139,3.3468001026954357,4.070246692854161,-1.632031721145428,9.558539250144696,-3.5404541965828487,5.646266408490781,-1.1974404983445033,-5.6916401325766754,-2.219519031544631,-5.604992045915357,-2.503362099595012,-2.798679363674717,-6.241715681408213,4.335120283243701,-3.6673495804392804,-6.697718853184056,-4.883457816689522,-6.68309788280159,-5.756523431910158,2.085752046240769,2.565779169114981,-4.43863406320897,1.7910261490209685,-1.8311604289652847,-3.5162227417624345,3.39797215672379,-5.9994701185848465,-4.79099903037245,-4.246527596830256,-7.270369696556155,2.710913822867813,-1.718985103450363,4.0794007405137584,0.1276474388700237,-5.543810438375027,4.461316497893134,-1.9885557440532668,-4.473215075439181,3.403799478205284,7.707814477863715,-4.516403600050865,-2.249971679918058,3.1915773726802246,-6.522616852389474,-0.749509219338844,-4.704816376112886,3.845187325527235,-6.159327549918709,-3.4144537783307407,-1.8395997821707712,-7.208477622931459,-1.1756544811292342,-3.9607843657315267,-3.510151942120733,-5.8120189488773235,-3.651094390442961,-4.098982831464602,-1.312679362317009,-5.260680048547229,-5.896107692420558,-6.0123140444399,-5.984528513398582,-3.7051626909780238,-4.9518647000948,-7.379391106416112,-7.777446651472082,1.5544068156171065
5.146855612631827,6.503532498661508,4.444304931951543,4.775007410871892,3.2740876528089378,0.601514819520835,8.521739112188063,-4.1576802973100975,-3.560072348478885,2.720178534156983,0.9329058133476718,9.917174241551209,5.181288627320798,8.596423198393802,7.809515675546114,0.215166926324816,9.307549410714168,2.99295070818982,7.735904255623431,2.2268763758722367,3.3711698017270706,10.380968378129257,8.288970219443879,5.882551549184108,1.1932498515514909,-0.6249626475733449,6.38170891289111,-2.0698129407521018,0.7334622919189543,5.618556192838252,3.582589875997673,7.52399281759845,2.5604236056679572,7.461018857385373,7.654195155752919,5.818312726644759,-3.031542536814989,3.63999926339634,7.32652748597477,3.1975895577192524,8.626544261080173,5.648550265556606,3.691211456304268,3.4309165171727356,5.07881914444283,6.245209724913447,4.95912921986481,-0.8798828408731282,-0.05430936862627686,0.7481565454244289,-3.31440911368744,-1.1228473476318168,0.7518940743460394,7.413226540016469,4.0045558687762455,0.7964217952129189,-2.8984030903756657,4.719821742359109,4.783415189390274,-1.7949398309546352,-3.3367552734343446,3.971292218790974,3.119613386909308,2.7800333988543158,5.821764979092632,0.5757982514002353,-1.0571022414443791,-3.2583144069446908,4.129357849188213,1.9059221563996533,4.884722879870282,-1.234130371400682,-1.1955830145324673,0.9730494947345929,-2.070514276477312,4.682706314079547,3.8601925838018354,7.454795743396606,-2.369689143843512,2.840820823650091,-0.1868765083205107,-1.5119981722734512,-1.6134858202426852,-0.7451377050043398,-4.4250745305366,-3.9799336456496213,4.4912401672273585,3.0904820746151946,4.269657172610046,7.253825020672822,-4.967690113278173,2.6009961931661643,1.2384026163859165,1.5194936136237533,-2.1582328564382163,6.529735773344679,-0.29553491735566856,3.085494534998727,0.8523540408058519,5.176118456848322,-2.3964578751989016,2.2238895182638982,6.770976234311015,-0.018511210895390907,-0.9060193551701513,0.16693885086074692,1.1212697736529598,3.656257297194193,6.954593422269309,0.8985982869522071,5.802992373761329,6.140440243160269,5.116643342773654,-3.8029269693817516,5.686004772916943,5.338001425691583,2.897368309658319,5.583444618980677,-1.0290453400631314,-3.188258036825241,0.6526080817505656,4.9220807427372675,-1.8504575186370136,-5.369458804470777,1.6740028119706447,-3.8511916207216172,-3.2463349486445217,3.7208011076162704,3.4213259758503876,-2.4617024825294034,6.453285913307419,3.700446920616806,-1.9739493795993404,2.980709536502133,4.115197113394523,-1.7735454393753614,8.8986809553146,-3.246303447040366,5.072928785112427,-1.170605902796478,-5.442643930815294,-1.6487251847010091,-5.212696522081526,-2.1913614541295434,-2.310391851761313,-5.599242660224643,4.1972353821987225,-3.573663428660822,-6.194195640201971,-4.795453038116584,-6.0432334329719595,-5.03850879251893,1.9741255373599629,2.136461067521065,-4.067924440769138,1.6897925301008483,-1.3811823518016813,-3.077030033269054,3.5464386319134658,-5.50639377315129,-4.567321745051509,-3.8287978646270022,-6.679594204664752,2.8188372291798074,-1.3951568360462951,3.7560905496504393,0.041081578937625395,-5.1419715137693816,3.9150812872623915,-2.184288316992624,-4.029102756460174,3.134155756024326,6.647108302559175,-4.1288634576597865,-2.0216061236727314,2.6540609900915086,-6.047384965974013,-0.7645739479271794,-4.157638790541477,3.525760228395965,-5.644746151312066,-3.193818477232,-1.6554151663431864,-6.699354878987218,-0.9380657955686236,-3.594430299374034,-3.3015006966637706,-5.290025278910403,-3.380183616935057,-3.7001045520685887,-1.4949008748580703,-4.708327521097807,-5.235535177770811,-5.58392143190632,-5.5565970627330605,-3.457850893047314,-4.678000811113688,-6.780261376737669,-7.052020755318352,1.2214502685140138
5.977898580873573,7.853831516785064,5.821124308344854,4.51150186462481,2.7806070742506845,0.13243124200437645,8.923517194230245,-4.950490332719488,-4.050681028812027,1.9349769967562158,0.1926252482207357,11.39677204402894,5.697567426324045,10.042211523020521,8.788441360656195,-0.5600529955152104,11.290240175797205,4.341557922652919,7.78589936116882,3.084041621026647,2.7501341637879086,12.333448502807654,9.9973649313855,7.136046483097418,1.6904967679272127,-1.1111108029911476,7.534503229731719,-2.361385222216154,1.2868537306129793,5.586951497722323,4.678448607367177,7.757786149156774,3.1857500386670035,7.4905015924913005,8.908345121357947,5.77028123181395,-3.0812978601848298,4.664407597848237,8.569945510472216,3.0031843399127225,9.92407439053867,5.230369768144377,3.167959295006301,5.183487960603834,6.763639459354699,6.883870070169869,5.748961901023872,-0.36594776856945066,-0.33902397398012807,1.072738935198864,-3.4407702169363588,-1.4749736367229955,1.7734857635985548,8.588846906548927,4.6410577246855755,-0.4425271743616348,-4.536234939803626,6.201075377392124,6.102369185007841,-2.012870055410435,-3.536945520030256,3.46674214547244,3.92113788765511,3.169560980262093,6.639310076428404,1.0168068523868286,-1.1338494518101796,-3.5811975412690087,4.957747878608041,3.036301765269995,6.387419901469609,-0.8672967844974444,-1.349997645213535,1.8518318949158425,-2.63847231589216,5.9976001218009705,4.7149826450437216,8.584077681465981,-1.9423859050909655,4.042027076027991,0.43756828925877145,-1.9031949495015614,-1.5244142927888327,-0.2426609054800645,-5.803646748502467,-4.352534923565885,6.376848340856389,3.2343517284898797,5.151329274055063,8.217386794067835,-5.707519275671901,3.4500491493071164,1.088005725252843,1.485992729946631,-2.3696378677921244,8.116294825017988,0.6427911900997005,2.6469439704460704,1.2788803582095687,5.948664188043355,-2.048308562031526,3.258017607038474,8.608628288590664,-0.5793116966175192,-1.1750696134673135,0.5408816064942588,2.327275309215002,4.992075616786963,8.881590906839868,1.3600051639613553,7.410191057155639,7.809855449176959,5.493238787973879,-4.177824536017926,6.873968554578039,6.623475075539158,3.9484869725238467,7.464889150415458,-0.8767115075576122,-3.322437903316711,0.7270789797698283,6.300460335165057,-2.3517221141893687,-7.052001823157098,1.1870116157590103,-4.82235312332736,-3.6992754162200208,4.938714827168394,4.374348776543089,-2.497224041204302,8.528463489336374,4.797080706336652,-1.4994135245685734,4.119758167305871,4.407325614464473,-1.527798415516636,10.818959976694966,-3.611286586003349,5.889776351578352,-0.6116074147813338,-6.518888634484383,-2.5165351477925446,-6.2042205589346,-2.189831068322271,-3.078859013036417,-6.69243743471343,3.9433243781508778,-3.5083753636368997,-7.7231556922609625,-5.168089227022218,-7.781663241354594,-6.101951857366111,1.9011752846562153,3.399658173233316,-5.082190339305385,2.407219063898753,-1.6767316463775417,-3.97890182337694,3.423792865272585,-7.4373601338089275,-5.428035955228131,-5.268466483100345,-8.522695829533905,3.0658719581636213,-1.9663398312299876,4.095964236502832,0.7336291958808738,-6.42313133264105,5.304579394321978,-1.7155236024564364,-4.626941281149168,3.897832389928081,8.492771580307757,-4.972458201135303,-2.8912014741049195,2.7622810380271274,-7.724126919100023,-0.4109506750416674,-5.415077701696231,4.430551147098138,-6.934546429626141,-3.555180090048905,-2.263534104650982,-8.404380538170583,-1.0790776324959226,-4.344904297110608,-4.171931376694983,-6.420101921922979,-3.82531420548523,-5.259426575536077,-1.4553455008765837,-5.8009262173254745,-6.582290850623833,-6.607634363516793,-6.484716074057693,-4.001388305595889,-5.736638614877147,-8.510656078884304,-9.013166829355672,2.397444721229044
5.731339737093049,8.177501674091816,5.405059114759514,4.9915935447546325,2.932594437741813,0.3957229295379139,9.24088423837132,-5.094375579153871,-4.186823887165293,2.1856701698387138,0.41380953745873894,11.756116922853273,6.017515989693852,10.193143345744273,9.39376224934972,-0.3387204860402788,11.072989310616343,4.047826910711201,7.933561386076921,2.503561595165478,3.109378356294061,12.479624352925297,9.94947956003377,7.018939420896839,1.96351336399949,-0.6525711549023129,7.98851488769466,-2.356771631347869,1.4504562428705008,6.046588735930386,4.570845516224947,7.918848360489303,3.273614791821118,7.758677386102941,9.414371966856732,6.160048116171945,-3.399528765050161,4.932804950137389,9.06708194012773,3.151667047506804,10.18335791097782,6.011273101666668,3.3042206128606963,5.082120313079401,6.291877550466245,7.323549130194907,6.091695036197705,-0.38434018967544337,-0.12098323485785151,1.237845871487648,-3.3498148658520104,-1.0689714916604085,1.1821912687381615,8.518321425644965,4.882229131759494,0.10605679735716372,-4.14826833640914,6.425616931480591,6.263857426471238,-2.289795595820512,-3.708005165132276,3.7784585704350824,4.036989063475976,3.659605399684089,7.121637547739525,1.2878665516417984,-0.9043946001238061,-3.859265982863391,4.992589134082569,3.2474781566163284,6.616582132708228,-0.8817795217312995,-1.2080225225641272,1.3890116353648487,-2.558771380952633,5.619039233657104,4.993690642941939,9.002403804109763,-2.2587471577547,3.45745082547844,0.45811780759015536,-1.7126062693313502,-2.1628151039109715,-0.5837713745456423,-5.669570612170466,-4.538208052624647,6.260695916112936,3.548814140858912,5.188487034410326,8.743260086105549,-5.668998662625238,3.7177329642338974,1.483930182858883,1.5901199616170143,-2.4747797455028318,8.378983795120583,0.6064710729175007,3.0908950399397797,1.4775628771146092,5.775954808027283,-2.509638107180224,3.0987850435071795,8.437105892260849,-0.3658961490948928,-1.0971358869094865,0.036519911286974654,2.3178235676038,4.494585541677933,8.629221437881673,1.5527093997476675,7.276393999361758,7.5112711172903,5.737079941510899,-4.182722482054453,7.060550181410736,6.818144430340612,3.4663885692069996,7.440149903000616,-1.2114129702462832,-3.330661287724192,0.6156199207777027,6.368664869676299,-2.3119520526199047,-6.971077502917111,1.0534196385198165,-4.900251280894499,-3.6737650857573305,4.606220886272072,4.679696424630636,-2.344370486404307,8.360865605666834,4.736837517403481,-1.663744812901228,4.238983526171993,4.799905056307518,-1.5145742811360905,10.937367147102998,-3.7902612111624765,6.371415249522382,-0.6754883030165219,-6.749623958685608,-2.6826656554310624,-6.49487913422822,-2.5834552713148353,-3.1566795763329805,-6.933025197788427,4.332002713431482,-3.9504100595684415,-7.8142111884700665,-5.366818938855147,-7.6623115620340885,-6.013326273547408,2.1965553946086476,3.1109009294851093,-5.2691405645779215,2.1753484217518113,-1.778838728924752,-4.000036549096864,3.5684987981410385,-7.4128761277772846,-5.693967358091972,-5.194051360660512,-8.57065453069565,3.266158539364312,-1.7592453632751448,4.309126590109809,0.4098352154309013,-6.479264282736551,5.506854494705078,-1.9649463883177718,-4.9904834958130255,4.030738100123387,8.348766303879575,-5.19872893928295,-2.7156431700184145,2.7347536610384657,-7.652665385436261,-0.7015383550918863,-5.205870166941725,4.04953484511984,-7.138009731085185,-4.056024400111746,-2.30589948172767,-8.640980881912489,-1.2710231433912318,-4.622140231267109,-4.180719141952793,-6.376767649884737,-4.267147302794759,-5.117524840017095,-1.595969462139536,-6.005833230409233,-6.618466749424709,-6.968927749874694,-6.812303185409483,-3.938467506515786,-5.925093007825501,-8.659131742118097,-9.077218071144284,2.166816409685578
5.970715352905727,8.177976635743727,5.8793472546171275,4.545322296322513,2.811566556809464,0.10795177053874476,8.92033147176834,-4.983215943665392,-4.116782000219671,1.7586631416347536,0.20482540384406803,11.402516256618396,5.449588184690669,10.19764948113861,9.010580751745405,-0.5604991891252591,11.310961676193278,4.3630276387887905,7.765894676100935,2.834908391509408,2.639135636747506,12.43960477766507,10.096942927336226,6.944211037725344,1.8231445640767392,-1.0416098562005203,7.584251208918386,-2.302381618143841,1.4262201998345547,5.835123753333697,4.672391626685948,7.7737722003812255,3.308546477889258,7.5254526740218495,9.139598828944873,5.7113015417918245,-3.1463475848296047,4.666616949370196,8.887992423823126,3.017424432055808,10.27247169651747,5.4119900912248005,3.130163905347015,5.169183886791514,6.883352114097907,7.154936500962103,6.051828471215335,-0.38293525682692214,-0.1794010946532719,1.209855350683292,-3.3174513618446264,-1.4756423715096378,1.7158007934854078,8.712325900714179,4.751449826163433,-0.4901803229267133,-4.471093987712241,6.30726007841957,6.412695216004022,-1.945228260697772,-3.6926732537366123,3.445498284936778,3.9344588172518042,3.2403694142870583,6.697946542694115,1.137008132143225,-1.3451486855687225,-3.6717243238524073,5.113742373835042,3.112461943784725,6.424094228659826,-0.7974499633437069,-1.3144142622331352,1.8742796268049557,-2.703642136477311,5.819214135908042,4.783993300764406,8.603189421660254,-1.9271673491518897,4.117018937096538,0.5582549262223485,-1.8494764255474878,-2.0077579492246853,-0.19898701704850516,-5.719270064062786,-4.381987012193708,6.434612367114742,3.257652094422562,4.961731454292944,8.446994018718737,-5.844208537467115,3.566012603276943,1.0843115730962218,1.3418966803278898,-2.472582641291067,8.287534988498448,0.7500678328481863,2.5772292951286353,1.2561164828384017,5.795547303366436,-1.9245038875119145,3.316714744225014,8.843300398733964,-0.6919464239787784,-1.1498528018781933,0.4329192560547718,2.5446070254110786,4.819600080614294,8.820767378961325,1.5531418986217531,7.283202846148112,7.652650120488491,5.32449142478661,-4.257269884915677,6.9030383088796095,6.624947175463858,4.013605364802518,7.6588424237730015,-1.2088150889957396,-3.1705085685798458,0.738885298099728,6.636617176694392,-2.313134813443245,-7.062391770087898,1.0676794064385446,-4.774667474244848,-3.71767190204684,5.071840452086822,4.628522468597789,-2.3845107421932514,8.749125585750658,4.855674096111075,-1.5308638990972534,4.2152555349030845,4.570708870650718,-1.4744790693080063,10.852122094772676,-3.8371638328475397,6.192903904346333,-0.6019052927431024,-6.488407619036921,-2.5806737459148206,-6.502231726879791,-2.280199417764462,-2.9867701086437717,-6.918114981630256,4.070669517306851,-3.4817935921497645,-7.803416121067796,-5.1586374791431435,-7.78750764616654,-6.241464512512077,1.9823119952134047,3.4786645921511963,-5.252414126209808,2.368602317090451,-1.8842266963954113,-4.020843373641816,3.298586373444713,-7.558279945935972,-5.606574200528293,-5.311474932637385,-8.53495831790237,2.9874853157367953,-1.9761845870331525,4.301418720122118,0.43048670376756504,-6.4972237911067365,5.565810053645952,-1.6810607277724476,-4.8450398568619315,3.963579213047796,8.73829629123773,-5.165920207360499,-2.7430875024741264,2.9879388489422025,-7.844653952313915,-0.6253001293514193,-5.4512503953739655,4.1115522243590386,-6.975223221168846,-3.9523519959686064,-2.213942751172216,-8.4958416290512,-1.209270153411441,-4.46957742134414,-4.073693467831823,-6.403786291616599,-4.142150928729505,-5.312308626182873,-1.2928963163930827,-6.0269201501841145,-6.688240176012415,-6.699949120568342,-6.706303344614674,-3.983735870928415,-5.866506225519184,-8.557658439473899,-9.130780262269512,2.428878760207201
5.8557484182608635,7.987559996685933,5.509622521704116,4.542823809570975,2.796634618048662,0.20051621132103595,8.600201017417172,-4.69402841733188,-4.08663792655878,1.669230817396329,0.3325817919097392,11.182297802195313,5.249872693219518,9.811422300749426,8.880619044823915,-0.42498319758984493,10.860888049670054,4.126162151406974,7.415617012120408,2.48906142012338,2.4552257252829115,11.845892615732167,9.769372970246856,6.449710590874526,1.8799426738181046,-0.9235395636445773,7.505317536828673,-2.1980922449716096,1.2826683055010082,5.737884613139277,4.643542810105565,7.513870423250861,3.235267555798341,7.414590420438598,9.030937449499877,5.780604158090686,-3.056171484720316,4.4860891183280645,8.664593937156866,2.911669982804069,9.93580236294953,5.444323258773841,3.031454005766414,5.039451811777412,6.467140084155406,6.942260702401139,5.897897423500694,-0.26843378097177234,-0.22667358379624955,1.2172881181684825,-3.239398615058508,-1.5671277679086095,1.4868550753935674,8.416655887963945,4.622585690442495,-0.3629692843880716,-4.104434115494531,6.222762319330777,6.279382655381197,-1.857874183606706,-3.4471818627074837,3.350566894990303,3.99350469996514,3.3322486436803516,6.681572302004417,1.1609888331854177,-1.310527065926174,-3.538219901695265,4.870247507657977,3.0538360932804167,6.2408464056020705,-0.7942701400632693,-1.136643882865702,1.578420144691422,-2.572935162809664,5.662830361911222,4.451476340207821,8.518951258256822,-1.9358269889766595,3.7529270839318647,0.5249216266579007,-1.7045792086837284,-1.9289242757545686,-0.3529525112875344,-5.363005158712543,-4.375495785309865,6.212624032402229,3.1515151449345877,4.566369730500252,8.358028061277341,-5.594253712386601,3.3736100387548573,1.3078426858376073,1.0736129018761527,-2.3319394049816933,8.050781380425436,0.5352003790645035,2.5764169711751537,1.2279560534676834,5.273264355630995,-2.1117920293055894,3.2156581559412447,8.397078165708626,-0.6477917669967032,-1.053019728726912,0.16686059909328482,2.300223964339933,4.3289345512350375,8.494076645560357,1.418518695652571,6.853458270269655,7.148133486334739,4.953659696443824,-3.9288921213555295,6.727140894592954,6.580902426295081,3.645693307341135,7.382138698856581,-1.111077717792856,-3.1372176769610847,0.7463468727201994,6.327138510154435,-2.44964952366374,-6.728757281768174,0.9435351869971248,-4.675198184780488,-3.407818588164178,4.769202404275149,4.533750138071856,-2.2662473679774293,8.341030939885245,4.396245113525643,-1.5811579144652181,4.002384785555635,4.439440372146938,-1.3984805509218174,10.490970795936924,-3.4524719831697195,6.035057376140833,-0.5258944019015247,-6.304057159778785,-2.656221517405882,-6.079257718358778,-2.2701236621191616,-3.100434185357896,-6.6702897671459525,4.096165687403808,-3.3244207608926133,-7.529632373469127,-4.988608513311125,-7.393959346314414,-6.033079417734792,1.7948947739296308,3.2641118681826025,-5.091496383528443,2.100132151806046,-1.727872540802639,-3.858208315959034,3.0768077027800675,-7.066954475040212,-5.322315454884046,-4.981152501045029,-8.167040185061307,2.825808127629668,-1.7353034341011204,4.284053287433162,0.5116728126578511,-6.191313559106462,5.374116316382556,-1.827356904531248,-4.703756849351731,3.7408677237035386,8.358345889709236,-4.872478109102334,-2.57081393949631,2.8973775667316373,-7.475791370142451,-0.5048967772200331,-5.179312296357359,4.149392609976644,-6.915909972560829,-3.586631281430871,-1.9176376075560468,-8.112064417986062,-1.1231569314585101,-4.3223341833751805,-3.869184156979066,-6.103198037395338,-3.9892415423656864,-5.090713601321697,-1.339600139873544,-5.702807806443578,-6.344481910001529,-6.503734623278547,-6.39449806010793,-3.796643059992293,-5.916457722656578,-8.313128175469044,-8.605361525425987,2.2357841001131007
6.105886094433135,7.633299390835433,5.5005232589855035,4.753865856847554,3.0433450358864564,0.3140066763067652,8.942463397304383,-4.755870772730531,-4.203977176308328,2.2013497324397457,0.49205856540081905,11.504382516861432,5.706166475831149,9.990895640194141,8.882596086872809,-0.20153086639209558,11.05648027810748,4.126660250842978,7.879386055031654,2.787408110378435,2.780368353793866,11.962230130800501,9.843162052444152,6.8536921588705,1.661547266118941,-0.8710046907858964,7.671318309820474,-2.4487980274793246,1.252790569112984,5.916192597814195,4.731982245967882,7.8934042962254285,3.078872848600713,7.78044741113392,8.983596539464816,6.24376107031366,-3.141737836944941,4.4948658172507345,8.461681453350296,3.0795991561166116,9.73350706331148,5.551942383493702,3.414343758731068,4.867713368869704,6.293074659762349,6.769414227809362,5.61789357829563,-0.44249028669801316,-0.4444315974715516,1.095446813661752,-3.6402715556146084,-1.633864228817518,1.4351795233686346,8.427279111345443,4.705463132424234,-0.06461635843911374,-4.0786869545561695,6.0988652732585145,6.0053693355610545,-2.104630432934061,-3.4606087238237344,3.6349358305941863,3.9434916515152416,3.3104298315982867,6.800987650784272,0.9242071563713213,-1.3186821108226852,-3.4730890239322525,4.975086598311836,2.872688640239655,6.311339866509701,-1.0035064957202517,-1.2168797820255428,1.5808768736040786,-2.465645383482735,6.012627945187186,4.527345619583616,8.691310037993688,-2.1049511441751534,3.6926628267876125,0.42697775737533955,-1.9387569096885382,-1.396801634394471,-0.5017684580118335,-5.569106765483138,-4.668566421972483,6.04148283386312,3.5116294592340065,4.9948944874206855,8.17459135870135,-5.742702134145641,3.3283511061268483,1.309619620015006,1.3882818087637698,-2.252391110253538,7.91264928785888,0.31370540570330224,2.7250714237243727,1.2365528318892531,5.626088161717168,-2.4312384128302282,3.1322221950084512,8.188235978729345,-0.4265737363398303,-0.9648318436611122,0.05480535092127144,1.9488743515070077,4.5277844133660885,8.54617103174097,1.3631817170343645,6.995056056528715,7.37127907015406,5.205473763990318,-4.081271537294223,6.687239883888509,6.526356443526561,3.533478111151205,7.184439482061562,-0.8054040140894073,-3.712570853136172,0.659234456109771,5.920381940531069,-2.4092817999733835,-6.6757294994577405,1.3388971034520296,-4.904820090027729,-3.5809612365220214,4.5894154233273365,4.066776592737788,-2.7316076363137953,8.070019826835395,4.327174089990173,-1.7297810214123648,3.941897985081225,4.217506679867321,-1.7576885129627673,10.621843505225415,-3.402131103372,5.740264857171513,-0.737594454988291,-6.358859544910739,-2.3804438610681915,-6.004153405190077,-2.2695414585845364,-3.0781846189432276,-6.4986975271450405,4.087078915815145,-3.5604277918556773,-7.458414831066078,-5.178682569503949,-7.422604347054095,-6.053982735686088,1.8983211234925976,3.2805811526557282,-4.815168062447393,2.073932895935198,-1.5536327818153686,-3.918740130444626,3.320196369160021,-6.954460390569685,-5.1956079249349765,-4.858713110134214,-8.317712086209603,2.83083068408636,-1.798991485150763,4.145964578059371,0.9066948895024455,-6.164144096560526,4.98610536442031,-2.083111540955479,-4.461355295939143,3.6252258114402314,8.109403599858704,-4.773501243213652,-2.6024275597475395,2.7538169426958876,-7.35291303761002,-0.3420092767405405,-5.014163538142224,4.6618717336417586,-6.823512477329189,-3.2743552021032913,-1.9534512176466006,-8.189181562092445,-1.0150225175201486,-4.203993417862033,-3.9970165800968602,-6.195790148861725,-3.6804800209818933,-4.923539167498893,-1.6819304419839218,-5.506386697494507,-6.215856271043832,-6.539668083255832,-6.279678204333825,-4.145401387833942,-5.658683089236348,-8.343357477703695,-8.521099303271543,2.082943920706675
5.5022277394940105,7.911475039801966,5.383789296432917,4.767740964241932,2.8426127650455135,0.440584881940786,8.98995243395315,-4.92794116962554,-4.0440687645772275,2.0931280457944874,0.32512800046451473,11.21231938586456,5.721956676784396,9.83576585552554,8.981626786002609,-0.434870420420752,10.696973104102625,3.943530629626317,7.691510110822019,2.527611783758849,3.118762621541996,12.062041378192538,9.613964264668942,6.746169625792502,1.7878698039704186,-0.867155813625837,7.568278816720822,-2.2682711721505613,1.144182767568964,5.752317514926525,4.29824784061787,7.637793914471349,3.1886069780722233,7.449337706868346,8.883247618536137,5.838406057562607,-3.395573751195114,4.621662462104623,8.638609811354808,3.001801825202937,9.90971374268479,5.679888534235276,3.2550889980742252,4.809962323684943,6.254396836689876,7.086303477271633,5.960452169779943,-0.4898921155108975,0.09188435532260791,1.1128235139767433,-3.0321474872255765,-1.0747710691487615,1.2017965080144535,8.254410375000985,4.5609136696035675,0.06600365001191841,-4.040690679114431,6.17028543387097,5.992986992359889,-2.0698174905075404,-3.5390388311658483,3.607472402835521,3.6627249965842132,3.3334592482417085,6.684372074460384,1.0131130939193163,-0.9511761902206771,-3.6474551918286595,4.760220695404848,3.0083993349028426,6.174378117173181,-0.975994304663175,-1.2355937967627995,1.2955766727916764,-2.4802976281731333,5.238840873179288,4.682008612143403,8.597761918657108,-2.1221186501901523,3.435915662088654,0.33001493043102575,-1.6658562988557821,-2.1746315204916864,-0.4122804418504681,-5.410213443523487,-4.209915010248707,5.976318202449302,3.292139016258443,5.056828948546001,8.40099629076106,-5.443462840195336,3.3840747045584,1.2874482025486673,1.5546614332016557,-2.5162242525499825,7.942415706403405,0.4738333284150023,2.9571771533998072,1.3111763370546896,5.73810272658942,-2.2635809734867047,2.9087005681976397,8.1611298679124,-0.3669264359698217,-1.2298838267416485,0.3795428559937021,2.3207171943010616,4.460336970694363,8.37284301750385,1.3059225819200746,7.0978080145622995,7.355340099635595,5.652849579815623,-4.009440433274247,6.882468495351832,6.492478344250242,3.5971336006381947,7.116919813054837,-1.2986435560913434,-3.014902000608715,0.6331375470867275,6.289901612020785,-2.122396721063029,-6.736980863446127,1.1012433316586439,-4.6520537169996095,-3.585083559293799,4.542127643036099,4.529245032930142,-2.301822703191522,8.153895125440723,4.59511560823784,-1.5710701676109127,3.9465434403243074,4.759712364178124,-1.450247661511169,10.44985874908381,-3.769361668877422,6.125113098062774,-0.7606458278886756,-6.484138633892483,-2.5065734219745885,-6.422709853345959,-2.448242695154049,-3.0207198658281236,-6.783335306610746,4.21555183378442,-3.6751017651422626,-7.52498340856238,-5.098991932043999,-7.393346135743483,-5.785263513568257,2.0232744921157453,3.0224107564695375,-5.12761649649366,2.185314615901088,-1.6764127674802094,-3.8372714780954102,3.571932420930925,-7.093786572060427,-5.435972068702584,-5.096532612083,-8.191430952043953,3.2946669659566146,-1.6105618681110085,4.155767552109363,0.16937529954301095,-6.3139249491874585,5.175273829454302,-1.919131903147292,-4.838160683159799,3.7464005755250076,8.118138815595518,-5.057328198008362,-2.5428371556386193,2.657060655908122,-7.421122011123052,-0.725998269306641,-5.128107327888524,3.7011139085882583,-6.915959143022511,-3.925436300558233,-2.1323810884038723,-8.15627860796235,-1.2667084450961443,-4.282150204253807,-4.056197660127606,-6.297983150992469,-4.049463919492919,-4.964125377100387,-1.5093906939574229,-5.826546501724264,-6.445444354975183,-6.605132463309646,-6.647771271989317,-3.6949890323817898,-5.67623181924589,-8.203361953433035,-8.745899327495612,2.1529260729281554
5.910275420236631,8.417315596831155,5.792625506828111,4.892832653519649,2.7607829049527255,0.2732511567180448,9.197661576676772,-5.143356425560127,-4.26740943666465,1.9264614386706198,0.2985919125808331,11.947355897372642,5.960710204249491,10.367289800917534,9.376651196790895,-0.47466435916468486,11.474015682274981,4.3934376946040485,7.868066509593343,2.818975784506138,2.9292682704060673,12.773003826550335,10.301065189503227,7.236123941497858,2.0445371324826906,-0.9733263849318925,8.042693113732367,-2.3695584050681027,1.4435141820080895,5.859734065078954,4.861627226591075,7.881802616537744,3.5389367286456452,7.690339244140191,9.531027626556025,6.042628532299309,-3.3299716018659677,5.122162033018441,9.216159352890566,3.0686108167652453,10.367173440448232,5.71070825664402,3.097301043655348,5.47447694608405,6.840240656618878,7.321262943499419,6.133626085927003,-0.2772080358626345,-0.2204000288420346,1.1580830560609008,-3.4101265890667176,-1.2643811162560912,1.4863744560945422,8.720758089962516,4.897800068022256,-0.29407854570238146,-4.5618922494925025,6.6747854538572815,6.478362735286296,-2.2971132278792994,-3.7418235037971583,3.6193418426618487,4.259197594397545,3.704004386511119,7.216145883383194,1.2891445437591984,-1.0187953454559293,-3.8337059928867427,5.104915158100537,3.470210315592206,6.804454282748621,-0.9079795177119637,-1.2630209941697361,1.565826943392281,-2.713358676199961,5.9449955430200765,5.040377968678096,9.187959218701085,-2.074897188576887,3.8029909915335716,0.5810483820788308,-1.8888749441393498,-2.057459972740021,-0.35977988724590765,-5.939708581927531,-4.590351569641404,6.6234305147648,3.404958970086325,5.335302560473378,8.879467184213743,-5.820668124596569,3.7652317447021693,1.4125654064116113,1.4727000739998892,-2.4245794466386528,8.654397619460653,0.7116113819762139,2.9865727580140646,1.3607377909251108,5.874579122842132,-2.3475045695949066,3.379486206862278,8.82857219013671,-0.5994090843934498,-1.2163376694876122,0.3102243283572744,2.522269778502653,4.826037892214416,9.061279573073278,1.5291734185452266,7.630010514674466,7.873835573072004,5.6698582353583316,-4.255017636702438,7.209278476249035,7.029332788103306,3.775562938012092,7.8156047882897655,-1.1399577835763992,-3.3133694853972724,0.6229211684938916,6.641072209790075,-2.3784997629268347,-7.339638342641716,1.0239188915551969,-4.9538784016554684,-3.7824799586287265,4.888952831129716,4.760003228957295,-2.4622500293295846,8.800901948151003,4.932889347957185,-1.5484866064612186,4.43231952175374,4.885592974067785,-1.4720159377817548,11.293231207404187,-3.8740055474340105,6.390168843612198,-0.5686445883309826,-6.911735172843018,-2.7592913644827974,-6.6481560360061405,-2.4229639535921446,-3.199335419506243,-7.113589672697791,4.173049108112227,-3.7225506284184124,-8.078473225015525,-5.422114154227268,-8.07879227825547,-6.178406164493214,2.052456018321367,3.446147821913262,-5.465559341317607,2.3875619653293483,-1.727684069185599,-4.201237564337622,3.5613110059427173,-7.7848435613703755,-5.807967206486459,-5.541821577904042,-8.896042541963785,3.260335488450751,-1.826772131812511,4.360450611781154,0.5893162097507986,-6.744182448938639,5.726338844446435,-1.875493667040964,-4.947758735983986,4.064911979727451,8.726767629964243,-5.35274295914025,-2.8869248071107116,2.775388379551152,-8.035237003968936,-0.5561717206941701,-5.490071081552598,4.290465002521722,-7.355858575889139,-3.9444801955679782,-2.2729594573326968,-8.879728925163473,-1.2372558993055924,-4.624092441725225,-4.313579385122333,-6.577695755942666,-4.192215831939281,-5.503864892560482,-1.627544263393205,-6.213501441486655,-6.82469730878594,-7.069638294829453,-6.929264744047571,-3.983936913562441,-6.138962264412791,-8.918272073631874,-9.416754602742898,2.5330338340419227
5.62641634450261,8.204616823075536,5.311703827475595,5.160484603718715,2.865557124600475,0.46320912592528773,9.293336169401432,-5.1747542404329145,-4.34655827202571,2.222184309169001,0.542977564089869,11.913821216552014,6.151459809708709,10.054516713747113,9.46625032979286,-0.19650275577294046,10.983426498937275,3.9512300157918667,7.85087656554455,2.4831974265529095,3.22275929018083,12.508056814060183,9.8761382463284,7.086688818937063,2.0936837289400434,-0.7008433458328336,8.093344918537618,-2.276814173751121,1.3856592803781485,5.972808308563596,4.498701148391146,7.852210397876559,3.5226115629835157,7.752559297296095,9.55808747543268,6.238281942555223,-3.3615889652269155,5.112424158771789,9.236403244454708,3.065192407435272,10.048724161680749,6.0672310219109304,3.178298163135321,5.177436517438014,6.361186356583294,7.380302436158131,6.058003559082212,-0.371701076953213,-0.18484386744556353,1.1384055739949124,-3.438354263992176,-1.0844613499147735,1.18113403501885,8.368756461909925,4.985534962612966,0.12110072223201204,-4.102949891026325,6.506064723577999,6.31000557916949,-2.394398810034614,-3.821671337216149,3.82134685748803,4.241347047703564,3.9441278486042353,7.340218910084945,1.3107557754193764,-0.8246457839672778,-3.8718764603122344,4.926850988649889,3.415230883144149,6.659914893156182,-1.091245369526297,-1.1039113872153745,1.230372444346202,-2.553937266642725,5.62548026368182,5.068057810879319,9.213661379489627,-2.204078150000837,3.3019726176225612,0.5044312395403692,-1.7340222037758783,-2.1841223364435964,-0.7689775340306937,-5.685619310432951,-4.65522006333056,6.32317273654311,3.564621042940713,5.392918035367861,8.890561724632988,-5.680722871073183,3.7408537431550792,1.665847834336758,1.5688834621029357,-2.323986867346478,8.584330682590611,0.4791852106165085,3.3064954998308034,1.470625236493617,5.668235482954959,-2.7324120999696313,3.0292500713798174,8.372446399371393,-0.436703555536897,-1.3467458192550583,0.06170579107434912,2.3039998778937965,4.387757267186487,8.649681290108935,1.4280076734311267,7.32194664598038,7.53998968005396,5.763182119865276,-4.239949356525127,7.0123883627477115,6.9444632491190275,3.280234118019412,7.458030982013466,-1.2772549877160109,-3.3069268758624832,0.5498331825818676,6.292368370314085,-2.300540728285545,-7.193689513990433,1.1459433181632577,-4.853319586821133,-3.6696604988302792,4.442218909062431,4.742299577947051,-2.3923528835993064,8.37445769094558,4.783348822388288,-1.7043014822631317,4.199132636096816,5.038517666795068,-1.6656986390719863,11.098153381643261,-3.7886779636646826,6.384559883536604,-0.5222025854095023,-6.74980323887998,-2.7821559414438815,-6.461024741974982,-2.4764063777317693,-3.2780582787477868,-6.993125383654839,4.414362482667639,-3.821544712952368,-7.835416248051014,-5.370436709489719,-7.769661286122446,-5.8757334282963205,2.1310388898833956,3.137963065573993,-5.2620439118994105,2.0870531002696557,-1.5563702100476042,-4.203988062058518,3.680988316509469,-7.488079825191522,-5.720308321851707,-5.206059298680714,-8.615563602147628,3.3394194011991933,-1.700426367350624,4.274520309752946,0.3554255923478332,-6.579539054663667,5.599079780814606,-2.129281651125019,-4.909995036083548,3.99779227068675,8.22858882565894,-5.138757767193597,-2.7025693659915384,2.601532474766394,-7.718688333303201,-0.4676073698093045,-5.204528244699964,4.157650596673246,-7.134418857565102,-4.105060098704985,-2.1852397031334685,-8.71565849164128,-1.1305646490433767,-4.5045658371541775,-4.23553293458091,-6.424683280582075,-4.186085564713884,-5.119366653694474,-1.606926603647213,-6.195765743766361,-6.648293276191242,-7.032605098683094,-6.829323364160851,-3.9842282346273614,-6.116426385568423,-8.733535032015304,-9.130402732634842,2.257976717771938
5.630962714413279,8.052529377883888,5.247528125013399,5.24038229603657,3.0740355037083695,0.6271212529248629,9.188754578240005,-4.895413483911735,-4.156345090122533,2.343382336333748,0.7218607864685536,11.545082204085068,5.880450759473964,9.99083005489725,9.242940207667662,0.017214820609182224,10.732821812396764,3.7490592481062612,7.924957378968213,2.403435032728298,3.2697876424555816,12.137751885326484,9.626131606613473,6.800314277678655,1.9748356893672634,-0.6213346662574692,7.8263554256092815,-2.3807249603232536,1.2815788693207604,6.1522655809694555,4.438204005228665,7.880208224622724,3.455584085890531,7.79222856789912,9.313722535025327,6.3242580013436,-3.370691064575424,4.864933972686947,8.998249587146784,3.140152572597865,9.986952203874957,6.10076622589126,3.338201046558174,4.89957285816371,6.178688691336359,7.221072482275372,5.909384617767069,-0.5523149675195707,-0.17337942745433976,1.0986715637370867,-3.406983867382321,-1.023342072489594,1.018674517546588,8.292491884130603,4.8043188278763616,0.2741999538340175,-3.8955179059090894,6.10238773307567,6.01451345769537,-2.278544495097189,-3.705010894535502,3.995235801778547,4.112740765371434,3.736166297198165,7.21846104744938,1.1219763362870734,-0.9994325220213927,-3.8798283464607923,5.066756444137577,3.1890364655274355,6.358327112968118,-1.0567205428854949,-1.2911718334869566,1.318744927149051,-2.46821382942651,5.49011216965574,4.919889961004137,8.900752856438555,-2.288395771930644,3.319151150263347,0.34709852679721764,-1.559352763558364,-2.195214417083702,-0.7373820308976669,-5.500486771771106,-4.521027541483951,5.948528367145508,3.7309590752429576,5.2023927098487075,8.610808293742817,-5.580464663433583,3.5692705693922675,1.5725831547212052,1.4905475374927146,-2.3838004335974574,8.218540603461802,0.4142683955330978,3.2605605714477646,1.3815021910767187,5.625545552893979,-2.5567894898512744,3.0284737917524387,8.140583603720264,-0.3997923629137187,-1.130806128892372,0.019743053813661204,2.1597035634522372,4.2198803453365485,8.304826443286881,1.4674906092137552,6.9724400565619895,7.2001344254853255,5.585171850563837,-4.201214187280234,6.772213830407766,6.6067487338953,3.247589723516663,7.166273427897519,-1.2584846787499528,-3.416672773137202,0.5275449444356435,6.136596205518741,-2.1079819227223195,-6.7707377261511885,1.2420459940929167,-4.803146144239109,-3.6435761032648966,4.422120369796944,4.474753852302085,-2.3705787644987963,8.048835670530982,4.51369450024144,-1.7520206144494412,4.015184900148939,4.955726860941169,-1.6301910088172182,10.646039014500964,-3.8274514367844095,6.188703736474296,-0.5647224368187296,-6.5056283310428995,-2.5497022937108698,-6.410177818753374,-2.473606977507266,-2.957200405775374,-6.860586336352014,4.393340898200118,-3.9412305530849006,-7.602130558418409,-5.359221122105961,-7.495233023198914,-5.853740935634217,2.1629497142616043,3.072614680674141,-5.0400386804931765,1.9966238207189009,-1.694826270345815,-3.972883067841188,3.643243793719975,-7.225288606055666,-5.457790602891395,-5.008831127566164,-8.34889562351589,3.210746796637455,-1.7285224652734092,4.20196216941727,0.3189017629071925,-6.297121182150976,5.336192211588676,-2.1603776615553123,-4.813518175259437,3.816836712114827,8.038552066647007,-5.08017099775963,-2.664988658731597,2.691906883851992,-7.421658945200035,-0.8226036041897122,-5.050030375701478,4.000122515790661,-6.984869198535308,-3.9829660634537785,-2.163981971317909,-8.414197293707593,-1.353543191298129,-4.516752351186982,-4.093409964306307,-6.167839464412435,-4.215377407022452,-4.843133567556846,-1.614823443895752,-5.929783668231321,-6.4642696666269455,-6.810550771358921,-6.729923521612619,-3.859518758606507,-5.804605343874831,-8.479601016954664,-8.856625000037333,2.0976990157554036
5.725587301863247,7.789600890555387,5.149398995725439,5.037071800682054,3.1955268444430973,0.38158666496812055,9.304844306902249,-4.972270176861513,-4.19028765735241,2.422519679076387,0.5997151181630498,11.40987303404213,5.832289961436342,9.953522660865207,9.181112321273512,-0.15298734948914738,10.722724687558577,3.7241849877139734,8.122757567686744,2.3953858866455335,3.298555468557765,12.045718251602274,9.617455789487522,6.719308804149102,1.7081327649305658,-0.6341556926664598,7.586440715352584,-2.325407450798718,1.1660106628328613,6.1580785487517415,4.291288027995902,8.08441397758615,3.011854366858414,7.95152088438579,9.052768029011345,6.213003492316056,-3.479256004888245,4.477860723605183,8.70640170337288,3.2315355289039887,9.969441034616997,6.170488004828469,3.6331385796366,4.530298084489869,5.965661692373869,7.214770423768782,5.951944334211163,-0.6846171290458368,0.055761954187882795,1.0924274458510042,-3.3892318455595567,-1.1764273280949669,0.9754446521020084,8.420800217280048,4.771196101880354,0.4414602147562466,-3.7192875983265274,5.948669499401241,5.892762351928464,-2.1087015558585573,-3.66844164554146,3.9753949111836597,3.7149658059704076,3.405943921407443,6.79821032086236,1.0249928408334277,-1.0496196532366315,-3.7130632021729486,4.887026174532259,2.7171256605102063,6.093682989880916,-1.147821186100304,-1.2846474853392038,1.2597966524345354,-2.457384482843163,5.342989776551738,4.712626050078425,8.637565245021657,-2.3216138214646103,3.2894304023602534,0.171614577259542,-1.6647202361822688,-2.0731585090006006,-0.71351564123883,-5.294186097381724,-4.496037831332921,5.657235959737099,3.498747539563659,4.94718702710966,8.497845290270417,-5.5165706847485385,3.3917206598447063,1.3507988988381117,1.6806025842124135,-2.508786083075738,7.935765390358961,0.2868983821216937,3.128719039635753,1.1757954726613042,5.738136169945663,-2.5442507737567257,2.831330350954794,8.086823967987147,-0.27131844216368173,-1.099441072921095,0.057577359014788984,1.9309320322265022,4.236790855614399,8.196861675920404,1.3373576660406534,6.884483662715608,7.170726500076264,5.6454589968484195,-4.131409226686735,6.757856596373045,6.374641428365138,3.406824483928546,6.914152271376601,-1.2088787315471228,-3.364513441756065,0.665664140416545,6.045384880641667,-2.1982681297393123,-6.58459762694662,1.3078631971265298,-4.659338188646115,-3.7192596555162702,4.372930792407721,4.362516384053452,-2.5668067496059623,7.92158410093176,4.446287432315718,-1.8219583307448195,3.9071097365495175,4.673366592738026,-1.6803641436889667,10.452375813253907,-3.791555424668579,6.11885280834308,-1.0480842313194376,-6.45583807376682,-2.365942903183814,-6.219128641223642,-2.654276347599947,-2.9857697232819644,-6.675190846720826,4.476384659362523,-3.9955956542361086,-7.402848666703744,-5.326374171220723,-7.305109722473827,-5.8042725204646,2.2550806105842325,2.77749786268336,-4.98969930273747,1.986471904871394,-1.7792709314982227,-3.8273766622360683,3.6201235926812867,-6.829955503792535,-5.414294139147335,-4.783730458003777,-8.034319205815036,3.1672761928333717,-1.7583410308852285,4.216775558402501,0.17992241180773838,-6.174262465619512,5.011711686210245,-2.1800554404403822,-4.84484369135259,3.8352673179205365,7.999521108649513,-4.991488805483162,-2.4281347276646037,2.8786170056015044,-7.236422987211346,-0.7020571527904861,-4.974711347943141,3.953342209349423,-6.725778325755377,-3.8861704338190184,-2.0656364380732577,-8.155747362196541,-1.2576013758270288,-4.374400724239281,-3.9290157652736326,-6.192422140278938,-4.023868080122117,-4.650205858168014,-1.5584648670038208,-5.7333901182630385,-6.3181808236408905,-6.5232133442323414,-6.510669928601863,-3.8647809995516744,-5.58940310592967,-8.159362976486316,-8.565479048029394,1.8076201653261659
5.4856400528830855,7.382638601320164,4.829680039301795,5.065206960072442,3.1852573565340663,0.5378329478298831,8.941296355450403,-4.706078770215016,-4.0236979269537265,2.4712557397630133,0.8085741113072143,11.018067621396423,5.647101697391249,9.461993794125561,8.834125710834346,0.12977891474794812,10.139123389571203,3.442137781113639,7.7415058121141636,2.183405179040694,3.216188446577667,11.404679876862765,9.08810536178612,6.413262386348839,1.6596256219866266,-0.5675323240438348,7.282973313105218,-2.383703618743762,1.12168876986863,6.008439654667744,4.075421858443454,7.733295329179239,3.0897666506900143,7.701862939302138,8.749517841758063,6.182085640709102,-3.243038903412401,4.390872882477095,8.386622394915527,3.050494563171951,9.384164454369758,5.993048143513344,3.492376430195063,4.32100710728513,5.672975023174654,6.927454310735165,5.6418827004315,-0.6958353741887533,-0.04539917233310767,0.9363414419805345,-3.3255489133028893,-1.0775026142284774,0.7787078686918054,7.938843743433216,4.508968593873098,0.5157421701077982,-3.4419436917170105,5.641846744659581,5.559772878453796,-2.0779830900259006,-3.4398901804707904,3.9598495684009087,3.8223854711128284,3.348584399087371,6.7547421455409875,0.8539197276274628,-0.9981834346611317,-3.654290192584926,4.785578602257227,2.6833775399704103,5.909970737277992,-1.1563072507512546,-1.2753752448954716,1.1557332526059163,-2.267238332270643,5.216677627642025,4.442718900613164,8.386482403130588,-2.1666883228843266,3.0751739850318227,-0.02846914081149328,-1.67447555577048,-1.8750651202803845,-0.6920775135867869,-5.058301483163475,-4.313755166578676,5.3981682751469116,3.578100654493728,4.807580031278438,8.169432315525173,-5.389450814563719,3.230160982333319,1.453050675997793,1.4314218917222854,-2.23839701574669,7.662122917290832,0.10226011367761527,3.1281740136133145,1.275134209794744,5.298508326695294,-2.5400345190789477,2.6791430183636575,7.534025985427472,-0.37240136932414203,-1.0861157701792492,-0.14759453639829187,1.6829075657254307,3.850073834568273,7.725942136851825,1.2512234205592514,6.492735895926961,6.6407441138816825,5.28920948490026,-3.9422855715436373,6.230232133385983,6.114446012840553,3.0303263678579127,6.552733346685055,-1.0743516824099237,-3.4139874393227885,0.5804779120528057,5.610809904665052,-2.0945021281535663,-6.1969464446995985,1.4266051101747153,-4.4347731489281434,-3.476598792346944,4.063033113950322,4.075610106513543,-2.48830251062965,7.399288667233984,4.103014474462039,-1.9721542708861963,3.5692468391118575,4.573020243873419,-1.6136422072794523,9.974805633603262,-3.5022046340779154,5.7524654521223315,-0.8428524142262436,-6.03107106685678,-2.2417080819331106,-5.853644922920292,-2.391034532755255,-2.85152191871796,-6.26682844398067,4.323509354672824,-3.740570190591194,-6.9716007033538245,-5.205500281098622,-6.901059956307358,-5.441283581141654,2.0707896472642493,2.702446155641479,-4.6454521866928875,1.7665154625302983,-1.569880520361656,-3.691978375432489,3.5144257653670743,-6.507673776587537,-5.11556350652168,-4.572666900105923,-7.6916826759246355,3.0512076714239966,-1.6548272519338945,3.9739465484416714,0.3780213901800331,-5.892555638237895,4.750556781799077,-2.2329664205085025,-4.527113290799153,3.543938933149203,7.46272226841987,-4.708303234676181,-2.3517164648661284,2.666920752147375,-6.954694386415564,-0.6948039388078578,-4.6311790130479284,4.021068388397799,-6.419234638179863,-3.467923316394506,-1.8703589307835287,-7.691844839939427,-1.229734091169909,-4.116364863453858,-3.7178785835344126,-5.86275439725772,-3.752352110082648,-4.389444046558839,-1.629029624086331,-5.374867001309742,-6.042347506840596,-6.330284013198993,-6.120481216671262,-3.603030747798396,-5.360568769549552,-7.815770842390197,-8.061069304561943,1.7162008712523393
5.322948981921007,7.086675486203592,4.60480598764944,5.220206901200445,3.529925357233282,0.47890414174550244,9.26734749573236,-4.721856095388141,-3.8757437811243847,2.778451047090377,0.8209787668320342,10.78389752582421,5.608418041041882,9.305677368684561,8.80571409165627,0.11490452752011901,9.807414219575037,3.0926032516964943,8.033753646677114,1.9697041412637677,3.590389645804546,11.179365322029481,8.862756282549727,6.139803669903976,1.4722808963416003,-0.43473987845735435,6.9898607200439935,-2.2191583087246385,0.8841126909824825,5.963419754331312,3.8031031325690874,8.022048268774366,2.826665897100197,8.022187927796518,8.488283119157767,6.238155930926495,-3.531180762538448,3.9858521558672058,8.210783682730161,3.2327119163132845,9.289011409054156,6.294515687613603,3.8476249640556603,3.7757832853493283,5.337791396353553,7.080083558196082,5.68821362648807,-0.9234772062654306,0.41128411920596336,0.7472075181269409,-3.053053627656698,-0.8008737691300912,0.546354276306286,7.918181654055726,4.59072486813289,0.8175181366578963,-3.1170405141957063,5.3079704986635425,5.1900355167838,-1.9153992074604438,-3.513855962372361,4.231159165239998,3.4405786121800417,3.2545337932002085,6.492723964731151,0.8456673622440684,-1.0581482966874525,-3.6064709624563602,4.416838562555134,2.2181800269044354,5.470416021467713,-1.310282734622193,-1.3265153846776765,0.9516312120114844,-2.263754860560422,4.82104343460758,4.1865399321875625,8.191590675560471,-2.4827177619062204,2.8298507629052594,-0.34453658639707435,-1.507827130919164,-2.149251310358119,-0.8269434350317333,-4.847953609901956,-4.2200569673654735,4.854917417138242,3.3771910707215884,4.533746815633611,8.258651992781527,-5.094822523792613,3.0074996630779647,1.4366832156578504,1.6373632677857424,-2.420785852890733,7.400566020360008,-0.12567457579680275,3.3470027864762257,1.1823249351736276,5.372324151100395,-2.5895236658614422,2.456746373402772,7.21316114406609,-0.26866275993249567,-1.0611868592402511,-0.06957414148563291,1.4668643199080937,3.599681629806881,7.345637407858302,1.0250179339863785,6.2496282620442525,6.400847258401222,5.5026204992711385,-3.8525925216824635,6.155572421926035,5.856450895654041,3.002126956689938,6.037991578666678,-1.2680288640018444,-3.157145428486431,0.7938359795988219,5.3523681057569,-2.009786184591035,-5.835955652673247,1.346735468778378,-4.298186880479559,-3.5000620924119232,3.8885463641225892,3.9157574238019555,-2.4115131996805053,7.071568118973176,3.9427659818008634,-1.9307226929614087,3.3886123633451355,4.6895589145764704,-1.6763507924722705,9.681804177219556,-3.5566121752153013,5.687283629035562,-0.9778298812402254,-5.985762453398448,-2.1270703567509814,-5.898788761136977,-2.72418750579767,-2.683278531996861,-6.298982419334341,4.615382444605425,-4.123176988925881,-6.817727550837898,-5.176006210481119,-6.579688993481228,-5.171388037548586,2.323054564363658,2.1515723221054324,-4.639196046980939,1.7383761662493105,-1.6987227053601617,-3.351379298837982,3.8211935386237506,-6.121059346605396,-5.026012303619791,-4.368346426298534,-7.335993826745587,3.143461329560714,-1.4332304372352944,3.8938840298947124,-0.13392002166276534,-5.60434830560556,4.491420708299246,-2.400180483570045,-4.6772399875685045,3.5807048708879927,7.149293439722946,-4.756432168023214,-2.325679738696908,2.9338898341301247,-6.645595401550335,-0.5082560117005401,-4.424849692968147,3.537391378030843,-6.277982235388479,-3.7368484332168963,-1.9225605061572064,-7.453059239863577,-0.985767160560664,-3.77116010040827,-3.6139389530948627,-5.854297129410869,-3.545803098124558,-4.085078301090393,-1.3899172241984508,-5.439204035697234,-5.893594139288592,-6.308424471727956,-6.063172504286462,-3.400729721382005,-5.215671742259259,-7.569504804513998,-7.782053168477944,1.4491493492525842
5.746246777785647,8.2411887698066,5.746593887614334,4.674015212685509,2.583335182256634,0.3454749482612289,8.89971279060898,-5.03679017365033,-4.255377988486737,1.847383017853825,0.2544339902568984,11.720071049502502,5.905082429576776,10.206156607189996,9.101562357324578,-0.5376198321322528,11.320510367302383,4.4462376076225825,7.691299835381021,2.8699427442402308,2.814263657713173,12.575102757220925,10.12709944716303,7.201573585337824,2.035885303180054,-0.9915524408758151,7.983845807455336,-2.3843518426429258,1.4919460822269999,5.724875847814168,4.81162006760094,7.669932192598271,3.4502758132617855,7.3822762720309285,9.300359549307172,5.876161748435054,-3.1752590663854043,5.0767657182718455,8.96763230128924,2.99627066685511,10.138026525832734,5.441490354218398,2.9909323208582634,5.442024992603343,6.704716621913664,7.0358449632661815,5.895200182050108,-0.17688635816427192,-0.38532255430763596,1.2263357480518382,-3.431316861834283,-1.3173565490350043,1.5720012870385,8.486210308543372,4.779591239213376,-0.32879399212520927,-4.523621363345829,6.582406034894939,6.377872454560593,-2.300347187821194,-3.5582163514668763,3.448670211601035,4.1193866660592695,3.551391052871377,7.056761756185965,1.2694003062039099,-0.9073974823987064,-3.7086034043732905,5.028453234302974,3.4739603757251802,6.775338588503004,-0.7385851375694994,-1.153183303614029,1.58549758291014,-2.606625770465547,5.878954058380507,4.961391228893628,9.010079698994243,-1.993034882209472,3.750210148427478,0.6602449641805657,-1.8650678571464605,-1.9284666522575307,-0.3328407371517794,-5.912209648983312,-4.6079484402543,6.587864065137493,3.412214325955901,5.378052133634209,8.529952695374075,-5.812498370473643,3.7732626343489426,1.372603993081082,1.519545392133149,-2.3692609257292276,8.438057273802954,0.7738296257013425,2.8176657609520195,1.452813475149543,5.83303898532942,-2.290515914969959,3.3221480962263024,8.689391409978633,-0.469087579025769,-1.1747147207585393,0.34659059646770835,2.5543682284133395,4.889340294727282,8.954023413202911,1.6548589652177723,7.541336998189595,7.8560022451132845,5.594547155830973,-4.243626763308847,7.13262118426714,6.959771102786593,3.7268572167322676,7.76134862095184,-1.0831140214292279,-3.3782699485939407,0.4652872766467922,6.568887523758313,-2.2535677754956835,-7.200131820249672,1.0266808980701523,-4.9490405931661865,-3.755790820759738,4.812802649505561,4.6451288971303555,-2.409014507427667,8.66947232613173,4.9488256444033345,-1.5674788799821773,4.389647577984779,4.657345199542292,-1.4393951266941754,11.091026842524307,-3.7349409651713548,6.24868736121352,-0.5622739365403926,-6.749048094135642,-2.592305297933333,-6.458671289373672,-2.2918348981653627,-3.109495813051966,-6.9187888032911,4.004300083932358,-3.562057861448586,-7.975901725798254,-5.3105635004032035,-7.92677271621183,-6.1860704068915275,1.9469972712130643,3.509471079169273,-5.265381879704716,2.3551725107973227,-1.5890481620280563,-4.1712984180518164,3.4293665641939874,-7.7049615562798115,-5.6469768135797755,-5.42990720388334,-8.760919624093582,3.261051225530551,-1.8627199443134284,4.299870488315668,0.6846116887222864,-6.642968688275732,5.6384094078420475,-1.7512716375477233,-4.803478376776928,3.9457437204147388,8.601100334771994,-5.140803254634112,-2.759656921068442,2.5743249482924915,-7.813590723864507,-0.5843044844178777,-5.375180739923982,4.2273088735660735,-7.118800925016752,-3.8405690903263494,-2.284770435792506,-8.737443171402077,-1.1938973732422002,-4.672866795838466,-4.1701689023958615,-6.470373708332656,-4.2239768385322565,-5.422809120732426,-1.6824470415951276,-6.011453147738014,-6.754409272720602,-6.8166487384751395,-6.859057224696715,-4.080295595569885,-5.911547714385819,-8.748445321743274,-9.27300475557419,2.506851985340073
5.5292903708205285,7.146695313151416,4.650911427150557,5.403870328883933,3.3395010868159956,0.8855405476637618,9.012680904927603,-4.507829504060366,-3.995628554832177,2.8537993237860726,1.2496851495067036,11.196618922985222,5.967649372379553,9.318606275603342,8.681711210328583,0.6540137630993966,10.051694210790146,3.3827915674308096,8.039600300447523,2.390215780670458,3.5269800455502534,11.266576382233703,8.970837952551305,6.541667909603819,1.6845695096418063,-0.5040926089130251,7.5036187808515304,-2.443860992752318,0.9655503940970721,6.063589145256261,4.169865798091381,7.876006824550402,3.151597785741784,7.921778206264909,8.810559013703804,6.7043479678096185,-3.216789519060843,4.528861173609717,8.259086979428071,3.3129902762962717,9.125624545416638,6.083339558121832,3.7321570308075427,4.186381541105196,5.37598076614422,6.604693720729491,5.108030138176887,-0.7634210759130808,-0.568766518434842,0.9319409231517826,-3.7800136547363814,-1.087632751325354,0.699206569685627,7.81158043975885,4.812887368632143,0.8497643973972927,-3.3167514349852425,5.606557821697935,5.4446183705908435,-2.310967169953422,-3.542619395435111,4.2693502876232765,3.9894781496619807,3.641401899041283,7.06184535840818,0.9946403836269135,-1.0205254634229413,-3.527881692194665,4.639584321947055,2.705530451188473,5.936894464407607,-1.4145568533111081,-1.1585198563113093,0.9845178704204162,-2.2054282810518275,5.532881175222491,4.601902818893176,8.655087074650877,-2.498786796025115,2.7561954678396074,0.1832338716406523,-1.540986346277055,-1.5492043617460594,-1.1054234518747135,-5.074893385861874,-4.495232050544528,5.1519634743720335,3.7515123973974216,5.074332440010416,7.918810251993858,-5.313494993236273,3.2883754052976957,1.7021348480214364,1.4617101039895253,-2.0141439230762055,7.486461797740009,-0.1589298076012256,3.5017469372004,1.2550535715884423,5.324622883605325,-2.996789867419009,2.532039502196108,7.19841182889798,0.048342936084120706,-1.0909513060354705,-0.21469264554199194,1.2728119002407086,3.808684457104387,7.67859225163922,0.9749558051535714,6.431284738172845,6.676803963293686,5.30914934644899,-3.8561003047847273,6.104708480764698,6.193794078735225,2.653784730980385,6.304372961584669,-0.9625874465567935,-3.6824088308740253,0.3009506049762779,4.984344159497291,-2.025298263625158,-6.222568816336115,1.8066417988835086,-4.367007663911704,-3.4272807790721362,3.755520647583841,3.5618766705322344,-2.6370650848791737,6.969006429911956,3.857703785282935,-2.0350620951341525,3.4642977994394872,4.571605355668518,-2.031672616502294,10.062542827742748,-3.2896851371988105,5.3056476781163955,-0.6869748667783485,-6.301908294621165,-2.059149996258391,-5.788152019374572,-2.173918199196822,-2.6035188236229945,-6.124602785979487,4.318942537006692,-3.9782440210391026,-7.091064109903345,-5.21065837504321,-6.822924746333917,-5.377198979015321,2.053734161026499,2.6572025719230954,-4.4409476441631455,1.5851857757470362,-1.3512915786500947,-3.5078678213369896,3.711090382071714,-6.478994412405917,-4.9993193566429825,-4.421104912268035,-7.7275121832583,3.0276334957294373,-1.471877823290573,3.869443358944922,0.549997141701205,-5.801797665394106,4.443490777601038,-2.576473004622531,-4.326580264518234,3.4107305784993693,6.995322258647283,-4.419378205909657,-2.340850291091768,2.5446164168127057,-6.817649932463199,-0.36503737355494026,-4.622341523533246,4.313644018565035,-6.531862142466227,-3.336162835825297,-1.7735614891639226,-7.867473970178424,-0.8384392500413113,-3.882713674039134,-3.9490115432721575,-5.878249564102041,-3.471799979994661,-4.212838247945466,-1.8506609877700213,-5.208837288225931,-5.791527178901325,-6.423498707430703,-6.060064484255045,-3.7147915440500077,-5.520533455373724,-7.907950458575903,-8.01969361774954,1.6574640478669291
5.84060781861198,8.320427842703255,5.768353668486491,4.761395536868881,2.656561058867687,0.3503151034914123,8.9020565210124,-4.943251675617849,-4.095736761129345,1.8405460504249915,0.31739480819767746,11.592118574757635,5.733832777185836,10.174679360638601,9.032089870665839,-0.4047590348074928,11.340592177749299,4.413571863172277,7.720786882265639,2.8888977950303962,2.79807042131509,12.522747895656112,10.134871594584702,7.159047402225946,1.9618887542661474,-1.0689507662214544,7.784358809834319,-2.33785359068263,1.406353282210408,5.771000870878978,4.853312521517471,7.742503404089362,3.518769459581778,7.476485632356527,9.30679087093338,5.8868445868046555,-3.1044506434325916,5.055583739366199,8.985360671232097,2.9955987120165886,10.192314017813024,5.461291128807214,3.0138900786045486,5.4059484793599095,6.822141162156607,7.0036703498469155,5.854701443653084,-0.22831862212076448,-0.41404302343456684,1.14492209227401,-3.4587822265208716,-1.3469545726454595,1.5901845508266885,8.602503340565274,4.77136833914466,-0.3410948882546097,-4.528960764528275,6.453363857017401,6.356188746831712,-2.1911029013226466,-3.6926327418988203,3.5686763793102414,4.225969245918801,3.5598123032205846,7.0455280155786975,1.2242488297381258,-1.0076454152999197,-3.762916132228347,5.104773749663283,3.41345153251973,6.6648284829375575,-0.783802243026604,-1.245361765929036,1.6406038419109203,-2.6252308151164487,5.950759782502532,4.936585130754746,8.9652873603789,-1.986707550554419,3.8591478769694096,0.5966177562088493,-1.8275627867322715,-1.8516269716166218,-0.27273810427461936,-5.793336346211187,-4.441647651407215,6.513131889800173,3.337937747903066,5.216545513411234,8.524645397534458,-5.70843491626261,3.6818338223814346,1.3614892639044434,1.3638094045994007,-2.3695978837850906,8.426171657288533,0.7984484243252102,2.9156570413507623,1.347940239909097,5.811981561984638,-2.1984271248091556,3.380679236581522,8.733615866864643,-0.4861363470178684,-1.1282374747573773,0.4126062940057128,2.444537714998936,4.831292731906724,8.948415588521684,1.5919402319841973,7.460912456131217,7.747767072807069,5.461398677474433,-4.139322630336019,7.006487940630427,6.853100008782293,3.765511461084846,7.743626006170817,-1.0380844378738043,-3.2911365500679124,0.5374308122835394,6.50562985869646,-2.3573018687223524,-7.212643423874831,0.9682881278583003,-4.855377928977417,-3.6769346009975328,4.895580207482967,4.605815135281557,-2.383957542235457,8.63917462886508,4.836445114929157,-1.5175272759401968,4.324961744311092,4.742841599779244,-1.480540565346462,11.084244132834412,-3.783974449053197,6.158573384176858,-0.49600254643002684,-6.778759710882766,-2.7027253932370057,-6.45480409777555,-2.3437896222945778,-3.0778623606404554,-6.92564794987144,4.000310410885966,-3.5701364808092952,-7.938524406412257,-5.3082402617629105,-7.948010974864392,-6.103899472911141,1.9062567035717368,3.4790396543593745,-5.306929094957975,2.3073160995498467,-1.6503937562440145,-4.172504257704288,3.464293203329711,-7.660913557852665,-5.607007302256129,-5.4144696327975375,-8.715803887320329,3.129658617321755,-1.8458759712554402,4.307673954553861,0.6826047114904915,-6.6178326525187785,5.55821845814517,-1.7882203186700543,-4.865559486375916,3.991457293105527,8.621660014451011,-5.166369144273073,-2.7830207569676424,2.7457475912911806,-7.855563960154914,-0.6164641118901565,-5.467066238949789,4.284340815054718,-7.176045643234475,-3.778918371269849,-2.175175134982715,-8.706663327334175,-1.2871835189135925,-4.6517673141495175,-4.240026207650442,-6.490430904176688,-4.105251989548443,-5.375260780569479,-1.613966219892155,-6.058368509884836,-6.71862089450099,-6.845174198932541,-6.845445386532167,-3.8880064408547663,-6.010197799310302,-8.705999723729203,-9.300215333240482,2.484376051490657
5.644298418744227,6.576660243697627,4.713380867659444,4.402676224046326,3.1869407660366127,0.12680975627301658,8.292770613587583,-4.177293831830473,-3.595600482431843,2.167461036544078,0.5145179032973262,10.075606716582376,4.832239386547109,8.807865445736052,8.016715345271656,-0.04526121358602833,9.73738793496791,3.243107174142186,7.405128145614527,2.1231180801749217,2.4798382203980927,10.445511528275366,8.577837742818044,5.7649000236411085,1.475564299971641,-0.7139174288857296,6.4616525812325385,-2.0161397119133437,0.9901310629276618,5.508139578609583,4.034905320622199,7.50780562144612,2.482594547805498,7.507088431145913,8.053102820002199,5.709705196669744,-2.88630187886852,3.5424769460539047,7.48650557687376,2.904680374139753,8.746509594633842,5.390770903473343,3.472658436291563,3.976002282096933,5.349413665611479,6.3504006190893625,5.16733524927755,-0.5920357199521892,-0.13613643588551322,0.8489760238523331,-3.1087260354289254,-1.299620318047441,1.229479877980909,7.778864943147113,4.097326701518702,0.12778064672927802,-3.315440972838791,4.892491900688222,5.081901903769725,-1.6661709834513256,-3.1760328816353653,3.5604210640100593,3.395328319598021,2.77729622132863,5.76517173440112,0.5793178859297841,-1.2248081428029745,-3.2687217536135313,4.449889521777629,2.0670403674973485,5.264443194691179,-1.0852168276835061,-1.2981629639158065,1.4627448137029597,-2.1077695334470175,5.248087957763944,4.007470835340698,7.409594538900745,-1.9597010117066982,3.322413575683597,0.1316057786866474,-1.4988997249999636,-1.2996733828774032,-0.4121341083059865,-4.59209963260929,-3.9977114949405177,5.0982815788289155,3.0901165381533295,3.9460887107837417,7.345190946129011,-4.948136389849768,2.824736682528673,1.0598075922941779,1.2828514917908163,-2.088117295567124,6.894639424376711,-0.056662081797281834,2.4022888880545157,0.8595946209837488,4.874558968285929,-2.0717197877331803,2.6800007470715057,7.165816778750639,-0.5172443701634214,-0.8554110478116684,-0.15756573813444713,1.4930665704506632,3.69190576831882,7.2497356109261855,1.040831696399033,5.7067173054858875,6.197258262089079,4.491085778804494,-3.693353650939399,5.718239594066931,5.551062088257996,3.06018145520286,6.051229811407896,-0.8423694595850825,-3.2389527692445754,0.684876316362098,5.077561242606409,-1.9980144818780026,-5.710142308123696,1.273789654401918,-4.0539922963334325,-3.1033664440897284,4.079843042581498,3.456533431133431,-2.4517018517419853,6.923536133821634,3.652868874846729,-1.752738594679788,3.412732864421825,3.6457384298454194,-1.5430358969113518,9.185256630503892,-2.988947890219853,5.087576841543732,-0.8688431374030556,-5.462486084651435,-1.9803774197942692,-5.089214539674759,-2.2971074422067588,-2.4852930259986126,-5.6784397146564825,4.040218699506873,-3.3313694146770394,-6.305921165623898,-4.5755920996745285,-6.28713044397382,-5.261529781287417,1.940184597806408,2.6003724017176513,-4.208667683099119,1.6378948837126706,-1.6481484105742552,-3.3196956511470637,2.9938293519698465,-5.80711738146402,-4.462806125229449,-4.019832571758942,-6.973107286311434,2.294200989285524,-1.6820942037538162,3.7403670160455826,0.5470154992088088,-5.289018542520707,4.296863939787703,-1.9253050852466553,-3.9379728224398787,3.323232101083409,7.11446123845404,-4.0698354362098685,-2.1651771312397807,2.996680969950501,-6.3087030719882975,-0.35450701401437495,-4.1531445052359235,4.158759767737301,-5.797628984437158,-2.970631518786636,-1.7170052302076857,-6.933901856153255,-1.0131838521852978,-3.638626399971229,-3.3468325665621217,-5.353599630298799,-3.1731464237925073,-4.006153487680683,-1.3831153896655233,-4.822621648154486,-5.475986439840192,-5.678779750654302,-5.419579498290823,-3.6179712309059253,-4.821085327618215,-7.087282503197442,-7.314616335462714,1.4422785581480753
5.449792101986944,7.716735667150042,4.826898879296317,5.044717506619919,3.098453162184785,0.5596115939067378,9.125072661649243,-4.872889616253753,-3.9457264759225814,2.3933210892136128,0.6877427593128163,11.240401550634,5.91410709402758,9.645552662440627,9.086151904129496,-0.02535668847039166,10.353334356318092,3.5116530747121,7.911664535753973,2.2427132590583962,3.3616004587688537,11.79391815096829,9.256166864645442,6.647475284313916,1.7893936038475986,-0.5442116971080739,7.6353410678594145,-2.2377842039205778,1.055002258330637,6.0989244638305555,4.130895630976408,7.8370295450144924,2.9628598851210284,7.697992590352548,9.003108731849514,6.132691865367087,-3.4077070257762903,4.593520493059719,8.637865864662167,3.132179793333134,9.74163916397716,6.190849608855724,3.5047238736764252,4.489814789101755,5.655019618269976,7.099202699267145,5.84124297887676,-0.600607699661705,-0.0647452841765632,1.1747447660918546,-3.3386337269615836,-0.9906090857182457,0.7508414944253863,8.07703636022843,4.734109367783541,0.6234556710762357,-3.5372248188891096,5.852605115490136,5.776817870967441,-2.2058118629073227,-3.6389621907307443,3.9512270156225133,3.7617300093075117,3.484071335202869,6.808151409024913,1.147942992213143,-0.8600807463638618,-3.685332479270914,4.70939684940704,2.835397017029137,6.077413234816408,-1.1128014246225186,-1.1299611887577947,1.1014637095444197,-2.3635510539858005,5.187143093270608,4.8180470445286225,8.587364488186711,-2.295302375557,3.0018674810490302,0.16747739199878284,-1.7112805719012563,-2.0778831294211004,-0.7793834247843694,-5.109120817626288,-4.395868851792061,5.588230167663638,3.5001095521366805,4.990462571420813,8.315150902453924,-5.380308552958164,3.4600711499768573,1.5524516278294507,1.690792311508201,-2.4088584308265544,7.80164882115513,0.23900072835638572,3.2384800951149915,1.25597466957842,5.51626296428065,-2.650840383642774,2.5451510326470523,7.827480299671782,-0.1713143032855174,-1.0659572549109984,-0.08418301218278634,1.8479373208143057,4.0457842572032545,7.926575213579564,1.3025979312111102,6.729314338113687,7.023057111424149,5.662540956051462,-3.9657554182502737,6.645996901704868,6.404686565055909,3.0805131503278127,6.8085825754860965,-1.3112615602035171,-3.2721530723480123,0.5602354923176752,5.867902950144277,-2.1139008614897024,-6.411647333947911,1.4017623146229852,-4.481816879881277,-3.556534268221748,4.113650634826391,4.371489819288048,-2.325958955188448,7.628614123246675,4.346658308760859,-1.7854755723206315,3.839156396635832,4.6727267493604465,-1.6544973676305732,10.214003839289415,-3.7256459777990685,6.026570923645693,-0.9254533810779576,-6.487548059069008,-2.36837425445453,-6.147139222452665,-2.5135835167811997,-2.9503856770264743,-6.493142806118584,4.477348938813855,-3.975756176451454,-7.274389127379479,-5.218014946620441,-7.133820383123401,-5.540364069265342,2.278850942555979,2.621993949825543,-4.855705689153249,1.8111750380505367,-1.6773916329595038,-3.715069846372365,3.5667230568246047,-6.720100083789477,-5.324190829741276,-4.701621908731048,-7.823545201685934,3.1954618086812023,-1.5829883333739243,4.150259931321243,0.19197269680519785,-6.035135773630849,4.902517705061514,-2.1615670348626717,-4.810977073228367,3.865617776500594,7.695992294750018,-4.94874338433665,-2.3598522610565555,2.68389691783996,-7.078106063454285,-0.8599603146133454,-4.8502385434365705,3.845967191465545,-6.635008159379694,-3.953298615919725,-2.028933629829036,-8.07073553989122,-1.1410449773169835,-4.400676807833422,-3.970614400913288,-6.091261786543478,-4.1271159039689,-4.4702540328997875,-1.5960739450660357,-5.663985500585986,-6.146818626720843,-6.5725061367815485,-6.474514821546537,-3.7140317739383213,-5.496031314768975,-8.015977863173335,-8.438859514328257,1.704208098375634
6.1209487520667425,8.21805354332193,6.2094545897376925,4.468582535669069,2.8152177656728985,0.22345800774259236,8.990828691338315,-4.958981651047154,-4.1211806835851466,1.7442741174724745,0.07277699813225504,11.49645055780497,5.571865469907799,10.454495938032993,8.901539735045269,-0.7058543750646873,11.64627731409021,4.5645477853914125,7.911079653061425,3.2496854277753506,2.693727964625675,12.681401853200233,10.383973890959163,7.197978428937628,1.7843157123804887,-1.3507045568626919,7.7222386365244615,-2.3268813834909046,1.455639017539469,5.715663939050025,4.846257366107453,7.818694427699314,3.344950198282043,7.446248276823291,8.969568833576805,5.71550138452147,-3.1644674209981574,4.712604700171717,8.747535836425207,3.1126084726466634,10.38291373714507,5.134399399501316,3.1794640353784107,5.325363206373092,7.13339917152609,7.01452652435428,6.01653498245748,-0.3488626044781307,-0.27657114429408863,1.2789785449032165,-3.3536822908848514,-1.567747179508513,1.876013934423569,8.849905910118284,4.632716201953173,-0.6839733452940971,-4.803877764054314,6.335544471058776,6.284455358748978,-2.085424348934188,-3.7204590028481968,3.3934865025333134,3.8592839775772547,3.1628156841736774,6.690484100496586,1.030784099108928,-1.2506717144282795,-3.654050547961609,5.1654351059710875,3.151242299159165,6.44663285552566,-0.7468507996412295,-1.3183875298659886,2.0616797758863585,-2.8050228991035535,6.003039956062301,4.81572590396348,8.65445901113174,-2.0056388107770156,4.371163660135594,0.4972175582688949,-1.9540316962825441,-1.892557447615817,-0.026141926449357623,-6.038410350364984,-4.300038420324303,6.580340257030977,3.298321974897244,5.208582911394946,8.325717161749173,-5.920050317781097,3.6240018145680035,1.0746825995022264,1.4267383298405023,-2.567944814642236,8.20088416111979,0.7383846283154389,2.5486196628858124,1.332270473803117,6.1413138140519274,-1.8206911356386593,3.4605272923270367,8.995746460447183,-0.6790368920717972,-1.1232027211830438,0.7848553951223726,2.6446798554404634,5.289159414310973,9.122444040235887,1.5283576020953125,7.557331921079532,8.061743888035915,5.555255564592428,-4.2919198012246,7.182177766118077,6.800624612797738,4.336963352906798,7.7621645697049315,-1.0796017691436246,-3.213368237602023,0.7619379793856117,6.795808096197162,-2.286498534425692,-7.184389974580363,1.087849920442533,-4.8122973293204225,-3.892810253510462,5.328069438677458,4.5432430820962315,-2.431332989872414,8.957183983960068,4.982044266435755,-1.356181050266138,4.321520749886045,4.509692641430898,-1.4445111943585498,10.975323413540314,-3.93893604088997,6.128429835956223,-0.6080678920848746,-6.658309150569964,-2.533684043716318,-6.59132539028369,-2.1948326529400504,-3.0521088374902496,-7.013348470938308,3.9677922771328045,-3.5379973685800805,-8.052237401778752,-5.235455750620589,-8.062306573840464,-6.4422615861317345,1.9902057871124508,3.6908126648670816,-5.211681229643384,2.5685600035251515,-1.8714509446992067,-4.110807265656547,3.5131071650423165,-7.697670000740669,-5.6775644283338,-5.482708524451678,-8.785238881961586,3.123238104208816,-1.9400549570578998,4.289755650958759,0.47126909308429604,-6.613847279925687,5.535008696823311,-1.5272102148009667,-4.923290312593945,3.8169863451025146,8.93225528797839,-5.250637849676659,-2.8553924329142517,2.924386421824722,-7.984163311388172,-0.5245886417293244,-5.678263052409656,4.164938250194873,-7.176532191133203,-3.9295538075919554,-2.4321653811239123,-8.633874783667093,-1.1978786435962003,-4.537649839405524,-4.251073757084937,-6.616698243729737,-4.098937876846757,-5.444995738884142,-1.2638721215752382,-6.105218132309136,-6.871644736573441,-6.798480760933036,-6.80621565584881,-4.070152051537266,-5.945019093981036,-8.725853194256688,-9.387405921585197,2.6428868123844746
6.109636376672335,7.774767961851849,5.727721080496473,4.666300223740366,3.1584164716922,0.1686647380970919,9.09550561248649,-4.838498390632667,-3.9886995786660178,2.068640949057425,0.30702581888427577,11.304578804706862,5.40888766986557,10.084146866513986,8.893416100557081,-0.3797950209454262,11.132562398233075,4.123899545781456,7.990212563732665,2.783201793567538,2.7668997436379734,12.129080732992106,9.916452865517117,6.769335619270139,1.5996275688473607,-1.0053113123306068,7.434033576847794,-2.4157142814767116,1.2703521938623195,5.906869118740645,4.610865351479201,7.985496639683314,3.0838920927141595,7.820903156673097,8.91465922839204,6.00127051470893,-3.2751964457819054,4.3005387558873105,8.55824914045047,3.1135690639560707,10.056340624832275,5.551429372019413,3.4943748506139163,4.7619028608581475,6.566379572931206,7.043734728656098,5.909842614871264,-0.5324819846863945,-0.11599265202702955,1.089676427627719,-3.364165315455041,-1.49286264581005,1.5272667700857927,8.686927704138832,4.703693289628962,-0.24011241590472876,-4.202605855551508,5.972429827275747,6.043246364782457,-1.8494273903358118,-3.700130650218536,3.6619137158710164,3.7850378613227336,3.0626781497306714,6.548722462552603,0.8849366201992638,-1.4369084037900117,-3.5309252654989143,4.997694333631505,2.7161553455205074,6.094929000432245,-0.9378656202687897,-1.3525390047995958,1.8423593550722672,-2.588501138155424,5.840175446009825,4.4981445304078465,8.430040146673528,-2.050329093053707,4.025572866191691,0.3272427142551694,-1.8685397534592438,-1.78214811187347,-0.29597731091708307,-5.546523855612644,-4.376887479490201,6.049772579825319,3.3008101415947686,4.788083862864473,8.260646563041046,-5.67907599156534,3.3574250766595437,1.0923569657931422,1.3181063114704603,-2.4018360854214835,7.94900956610973,0.36040920027197026,2.6246987162005055,1.1731987532922603,5.744406311639684,-2.080518588294761,3.1485782318197515,8.454404734889755,-0.5719396300344273,-1.0515970921345659,0.32220641126217947,2.098048209558109,4.626363633375787,8.567226949245994,1.3493660923958655,6.985279086337029,7.392126552875384,5.229900314948485,-4.166902486291304,6.7230477742437245,6.393455025268145,3.8820955034725206,7.202212642762237,-1.0808557791769307,-3.361207884403548,0.8530141005231178,6.219809754910963,-2.2708312083403714,-6.715170099794856,1.263248356561811,-4.68360585398794,-3.675318605246832,4.926565353111063,4.2247403076186645,-2.574225834274789,8.350572138149136,4.480371578865573,-1.6838486035706917,3.973454480517879,4.367460948424386,-1.5846722998569152,10.55554308952255,-3.6264174839326273,5.9161233526462285,-0.7513449611184811,-6.387443577817769,-2.4343145838412963,-6.25413706735476,-2.311331299664117,-2.9659599667845526,-6.70399399171062,4.190168324244935,-3.61499814966551,-7.5479788360503,-5.19379899862096,-7.513074965857371,-6.090509061695017,2.0365994271644023,3.2537098920451584,-5.063475622773679,2.18672738722993,-1.876748630150804,-3.8407092379038055,3.4202488360214813,-7.102939371110217,-5.449729026048092,-5.031659381092268,-8.265093657644233,2.857673008049075,-1.8510761828458373,4.183885304907375,0.41920525230159855,-6.257264169258204,5.115355626014855,-1.87484157820439,-4.756973790367163,3.7529427321310482,8.3976756542877,-5.013385878679138,-2.6867837769227174,3.100203951041694,-7.521749007222049,-0.3482234468604069,-5.1989661374631835,4.237767013396743,-6.882061027505775,-3.693873523257131,-2.113373035999619,-8.176801227837768,-1.0596312277289688,-4.17613290935362,-3.9842360386606948,-6.288711584927354,-3.7087793257080066,-4.974180343459641,-1.2703866591176438,-5.790732618112061,-6.488105512952851,-6.659796236687558,-6.485251588381676,-3.9613825386429347,-5.711868594958913,-8.325916885452171,-8.743179090352433,2.1747042105612273
5.608981162476584,7.961644803669383,5.373136643632398,5.2949525869811245,3.0476864751053707,0.5719292375355486,9.228448420233931,-4.932222815456097,-4.229086120337894,2.426932483378511,0.7584586024096845,11.820628560470734,6.163467796730801,9.932004126526087,9.231869910689465,-0.046479081116452436,10.866742054121445,3.949978673223431,7.96539051955815,2.6174031466891146,3.393068266648995,12.234301626631272,9.742706989117632,6.921458882878463,1.97414271463033,-0.6473964322490107,7.988581231716918,-2.496215698330929,1.2528755736645945,5.825975499083495,4.576958696764367,7.913679446790277,3.4917921649696524,7.8512951498565045,9.353645450785889,6.404875857559409,-3.399434592456135,4.928390937387797,8.943850099631675,3.2155176109668164,9.877661223251899,6.0097542982928,3.3434141237860047,5.067145139886918,6.191065194215234,7.167917266296141,5.772951712810947,-0.4398868124276626,-0.20242207643514143,1.037538276432605,-3.439764228776034,-1.1193757672863758,1.1474225688603372,8.333657112760731,4.743499294065,0.29345882813769764,-4.101293747071723,6.412822442430689,6.065215523790303,-2.3379199289061923,-3.508652764105792,3.951437652183761,4.249259669076979,3.8329949454758414,7.321673629860061,1.321645773111915,-0.8599623349283293,-3.816657553830391,4.7276393575289495,3.277594844529536,6.571947184034337,-1.054449858212953,-1.3429047765100017,1.1983394602865858,-2.687025307609236,5.633950608930879,4.929753119181722,9.150040337175838,-2.3917755542157324,3.195320622012939,0.4975229547416157,-1.7144128923538353,-1.9825023097261585,-0.7591279396893084,-5.827027193443558,-4.618601481181786,6.072376893834449,3.546289088974948,5.2652738152167835,8.77156217933736,-5.58562680750009,3.5962863656508604,1.6752475524532058,1.5698406950725525,-2.343636397171233,8.315933124597736,0.4114614570711125,3.3271957146305255,1.451840646415818,5.684359729984328,-2.8031677460205637,2.9976919625899012,8.094568494692018,-0.2748139828919415,-1.2541325293585739,0.05051640214524678,2.010483333620394,4.398664751654436,8.49033327075174,1.3368313049388154,7.270130425303625,7.443323456295818,5.7571699873282345,-4.0300779300382885,6.926406985413591,6.851203377772046,3.2158407271572007,7.210473016435744,-1.1312389971615475,-3.4441122417126833,0.4563231467794995,5.9678684276272325,-2.2030336294831705,-6.9599321439876745,1.3611401115268025,-4.826595285838936,-3.6894229161394794,4.30592526138884,4.3576195269450295,-2.4964127013753536,8.060077319113452,4.6148172722143395,-1.7319348612006342,4.154443373507347,4.951197591049458,-1.7152920236275502,10.870748911664682,-3.697720121730487,6.136260210469411,-0.5556235305033858,-6.701077998820054,-2.4814544997939945,-6.32948608507567,-2.302608202188399,-3.0305545742486664,-6.7858371219717695,4.377714717839094,-4.072666542010833,-7.794310815721006,-5.3970313235579725,-7.569878509964269,-5.755319789497297,2.0932941100368323,3.004075539723315,-5.098798518206879,2.220808269478893,-1.6475173528982454,-3.9351272951529523,3.766185857488188,-7.377404422799307,-5.469830570894656,-5.310223432404309,-8.572233013352998,3.4157398114065916,-1.6561020715420423,4.043415143297902,0.5026569585992109,-6.33182464637599,5.356090084289041,-2.2084964614875373,-4.668966435210207,3.9035726549252794,8.00837692537414,-5.025305098570789,-2.7640566777165043,2.570153770519914,-7.601079942324404,-0.6751012819935737,-5.167281669437602,4.1690980027627145,-7.008891857265271,-3.775689327360137,-2.34210055876292,-8.590766763879273,-1.169690401973618,-4.410900214712995,-4.170837345013385,-6.261585288574818,-4.196431055457355,-5.17484102721067,-1.8915221874614563,-5.867999003124718,-6.49576466337028,-6.7435468278944475,-6.681973110368124,-3.9219272492566133,-5.888026898666503,-8.602114690677777,-8.917678905728815,2.1257703305171054
5.615517204841833,7.434787062227132,5.091091214533558,5.3568283264691665,3.349181542293908,0.6398089363041962,9.321267852195591,-4.715979743378499,-3.961750842291223,2.7742459333589706,0.9769885477517593,11.325067519579065,5.908662837817264,9.627751930382338,8.890254019693696,0.293195208903125,10.512510140111841,3.5799428720954873,8.256110673133309,2.5438390733172462,3.526339080202077,11.766647152161767,9.321300847015921,6.7231415550322815,1.6235177613860956,-0.5578992814386879,7.458465512370122,-2.420968820131362,1.0624368128034476,6.046931073040408,4.26181029522894,8.130300296757937,3.185743947977473,8.118008050870591,8.993732186754796,6.525125814644874,-3.335469212600073,4.431935463174049,8.51847120049873,3.3954078281665643,9.584391667177428,6.1443334515379995,3.7671386465109085,4.421212882281417,5.879670359608548,6.948458361268576,5.44993589825665,-0.7584133702264385,-0.2626886693276738,0.912537355200358,-3.617444862678558,-1.104377583087628,1.0130551787754027,8.225983273423601,4.72099579368214,0.6401172739430617,-3.631053750949984,5.737181010271529,5.663238020578412,-2.1829784850621707,-3.7291586728710877,4.299488928724809,3.990581463244674,3.4708375255346766,6.933532293118094,0.9923645465908373,-1.119130515989346,-3.6816845001801375,4.686292459021806,2.7028431782623787,6.001273808631938,-1.3048797445422324,-1.3856157762973893,1.2795841505673016,-2.4437559012183527,5.569356579634257,4.6580516118381805,8.601118503757602,-2.5538078923055862,3.2114567985910383,0.19301059604426601,-1.6019157412092686,-1.6954352610707426,-0.8538371867612156,-5.4279263832294555,-4.486494897349444,5.447338261225553,3.5274737818616213,4.92917741018803,8.285717419169709,-5.429121764019787,3.285968306358073,1.496023436409111,1.593094247671593,-2.3453810943412385,7.76251727990056,0.01837364494137963,3.4370033626336047,1.3103709889021313,5.646009803894738,-2.7078591835116357,2.7523692223678022,7.733850981531552,-0.11754477382636914,-1.145612675595375,0.010784267770086339,1.5569602879346907,4.127914239277898,8.016466355648971,1.2150036039718999,6.735925759183608,7.014142131292207,5.581696434713358,-4.15710276257427,6.409138840974265,6.3111642746075844,3.1158588715547375,6.613883871484478,-1.0258873961127608,-3.53817458780776,0.521391487491335,5.469980872688449,-2.0919856129322665,-6.459350563448656,1.645668683621424,-4.525603108082122,-3.6529622124426457,4.197687355026325,3.9105634591316556,-2.6898011383310148,7.529870980608916,4.25071855572055,-1.9107579290815857,3.7053513866399657,4.714882151284229,-1.8912924621436094,10.325411590021146,-3.651790055504067,5.672110776283251,-0.7913696998087438,-6.302108575314976,-2.1173945118546516,-6.004942712902666,-2.329815103069609,-2.7880135232553185,-6.4093136210614405,4.444072929408804,-4.1363205910549325,-7.330584452364642,-5.336823333074305,-7.140109878936691,-5.546402764660904,2.2410835508995004,2.692973797503289,-4.842287423799241,1.9920546854202865,-1.6611180916937864,-3.661369216724177,3.778525144781202,-6.827687308437309,-5.280024302390779,-4.796854996503614,-7.973258432241126,3.180615474652479,-1.6371635797496498,3.9263514292028954,0.3920974277435045,-5.967416717121385,4.821649950888068,-2.318543006216187,-4.503169937245628,3.750230688840845,7.56321327710827,-4.724416980428992,-2.6037020955703545,2.814672436430743,-7.090485897224445,-0.6618402941100001,-4.852201634406955,4.220902928948904,-6.550642184795263,-3.5256556430601798,-2.1308758478485252,-8.109041578113265,-1.1224802228542505,-4.144414200779945,-3.989043614321963,-6.123670203024006,-3.8238329245550546,-4.54867116573735,-1.7840683962572035,-5.475045089803179,-6.179903666386983,-6.45973078067765,-6.361572240061293,-3.841776617684295,-5.572489410982059,-8.112686060990828,-8.405167290509299,1.7350771557027063
5.409814350863556,6.876930180210998,4.772716176976222,5.157737852690514,3.6056014942277015,0.7126585271609858,8.986834758769195,-4.234178071872414,-3.647764143529212,2.83647500774878,0.9517443567561729,10.349580843102624,5.205380155881984,9.115123831912058,8.35096317594312,0.32212886351856007,9.73394035357732,3.1111715998882854,8.039539339031498,2.172659969711507,3.439719920631542,10.871426513454601,8.640006557304895,5.9451922580579435,1.288006503660259,-0.46002638042975397,6.7212139470849666,-2.2815581964462677,0.8650550110769294,6.0296112655035845,3.7585443856432263,7.946334132495674,2.8262397623724667,7.919946976219421,8.217267317091794,6.211914076057606,-3.2633858062126953,3.6751534212699286,7.8603136328458865,3.3018544633019573,9.136407886657514,6.030848278239665,3.935201067171337,3.6242889490522296,5.369813415176873,6.640437196258836,5.338531693367961,-1.0486315564148934,0.041435207835025765,0.8868714745632683,-3.309072025229407,-1.1024111971576656,0.7229940722661978,7.833620587554223,4.2676182407742616,0.7878348706446044,-3.0600920888569436,4.990192055869004,5.168133187543498,-1.921256954828348,-3.488353302926147,4.26693690681949,3.402784011159279,2.960172631863667,6.206392161575697,0.5722446953145159,-1.3272436330538528,-3.4358841944063747,4.511104802175936,2.044111594014537,5.091283844245304,-1.3483303852475927,-1.3021716570184563,1.231001053901006,-2.256511033802015,4.961771766306938,4.144063203546033,7.753712861914598,-2.5533196141351513,3.0865147334598104,-0.039639425472211005,-1.4765626389466715,-1.834775635376182,-0.7560815710978,-4.743985407906733,-4.20674978277453,4.722641383080243,3.318854058838807,4.229905356526782,7.694913003649349,-4.990769665403707,2.8217025264087465,1.3099448923969261,1.5363033997546856,-2.468635924839837,6.9045622510235285,-0.32235821196521713,3.193084451827394,1.1505743844027974,5.316973165938507,-2.489191705687989,2.4393552733687582,7.121287514170194,-0.03836481607704841,-0.970402075265196,-0.011805505481284187,1.319986767787466,3.671270751672761,7.161042222826655,1.021884285361493,5.826213656986426,6.199593740295466,5.1422905382986475,-3.9725475596723605,5.897885131209488,5.546775054271918,3.0575198279357005,5.850309261526058,-1.0927732338918605,-3.2120214766616106,0.6744460904220441,5.134590940679968,-1.853212558214362,-5.635160849709643,1.5965500808884032,-4.1681534286572015,-3.3244465096170144,3.9855191414740263,3.5654883698262854,-2.655072394059109,6.84919627917534,3.7910777411935204,-1.9540757440826775,3.1988620865150064,4.399789348428199,-1.8498679340705932,9.283104666371823,-3.441427268994929,5.494121663235981,-1.0240888146473368,-5.661548430674444,-1.9133990487047128,-5.547964763607777,-2.269848800820534,-2.6081722413437243,-6.045709384971955,4.438430988211233,-3.9277733289886796,-6.561186535241712,-4.932711183507909,-6.402441836974896,-5.233353394384927,2.1876294585137495,2.284211287311203,-4.316338777696689,1.7577224662449507,-1.760273619247229,-3.2548167885524246,3.6206940577924502,-5.897062089673794,-4.716179436639553,-4.116112531343069,-7.102023918126231,2.851881041920603,-1.4783427799868905,3.807599291133607,-0.06740875547677307,-5.375255611308463,4.303441175144725,-2.234229653298744,-4.293288917691878,3.3366102941033096,7.078814214135197,-4.516511442131761,-2.1916008094749704,2.9632232408139694,-6.3917014105105245,-0.8986596292829072,-4.346251111775787,3.6669777728348047,-5.958028817558325,-3.445246217666361,-1.9283460348239725,-7.139991609727695,-1.1999590388317987,-3.847998416434644,-3.3715476055099773,-5.490541663344561,-3.679036123494663,-3.8685787323675958,-1.5453548083712694,-5.035395922091494,-5.613117306612315,-5.976237891162185,-5.825545190177588,-3.7149655549052687,-4.959060662958055,-7.172150012570816,-7.4611528632580715,1.253428990474362
5.774161064080106,8.37795657812438,6.059732418987375,4.576663431580953,2.666007935388238,0.16867628552785757,8.916107777882532,-5.059641039368537,-4.131183224544416,1.6577375732496413,0.05174584553568614,11.428068372233485,5.5779348996676825,10.28730628681188,9.024032957547764,-0.757564112997596,11.396162416363168,4.471139141041516,7.631358828449788,3.0055568345466313,2.7433260184734563,12.669727534230798,10.191582236299375,7.147284640663007,1.9192064789676744,-1.0959294003601825,7.635606936173787,-2.2806211590244234,1.4213711079519185,5.581056463941189,4.708650434275105,7.623967099539251,3.5743304731890504,7.2666541127878155,9.103209387533083,5.497276483546284,-3.161478542892227,4.918925748992071,9.010503573307723,2.966401500393353,10.332324751703286,5.221282371954771,2.9495683917617463,5.468794917318661,7.128043667501261,7.2065845270485145,6.152856683976108,-0.22725526116424274,-0.02506099129620023,1.1685012914071573,-3.156219118593156,-1.2889239204632363,1.7194534697537038,8.69348548933037,4.645149452504555,-0.6514133230432998,-4.771248177309716,6.43343592634009,6.344196255387577,-2.071677221701874,-3.62895252304972,3.3824114606223046,4.0176167953345665,3.299745949976273,6.803127519242405,1.2316806427056908,-1.1244693415413916,-3.7401245367894744,5.086801670575711,3.3682607493541883,6.525419749701664,-0.7087763645407081,-1.363465704487527,1.9007399648590415,-2.801155556875308,5.760548180174324,4.932834813986737,8.726495742302744,-1.9333593811336032,4.160709378012268,0.4364303982265916,-1.8869848665081945,-2.216053303440962,-0.056219460148795565,-5.916971587370783,-4.324441519262296,6.618249173341401,3.1737501999197293,5.181645088871014,8.585839200766774,-5.714372240049496,3.613371069435264,1.1156066566328058,1.4077706924685596,-2.6023459774403905,8.465801029529993,0.814098527270131,2.657788441344183,1.4183108237113817,6.004659890413248,-1.8493255063844118,3.4310219368335644,8.957153209484245,-0.7438327203157328,-1.20091233903423,0.7782403591309293,2.727900156517896,5.072829820235953,9.014761778472357,1.479617154517076,7.611672707809916,7.927636227202568,5.608496421172875,-4.195941057773859,7.113280757669899,6.819683701590358,4.202308183154582,7.828154395655514,-1.1029871849205684,-2.9785104276149035,0.685813096208581,6.851180870548861,-2.2824734327294705,-7.294569466305326,0.9138118620053427,-4.932335390149248,-3.7687262896480127,5.223606214710519,4.832550285383451,-2.2057293630103065,8.970577744386036,5.095768107742766,-1.3215238629694397,4.34184089685737,4.848337611480683,-1.386620141164742,11.002470942229992,-3.957662165108519,6.3625507268595545,-0.4940723475386039,-6.663008954814368,-2.802160863901253,-6.587431923526577,-2.2095673250802106,-3.1169307441654257,-7.074233333829859,3.969244508388142,-3.5224663851641,-8.016225180944136,-5.2342895369108,-8.104011087057842,-6.152016276026497,1.9617549673593326,3.5425355184709484,-5.331462028268508,2.581766665982312,-1.8802638577933528,-4.153601618772302,3.5177955107422476,-7.8313104917785665,-5.649278949587135,-5.621592986878345,-8.785295759887585,3.2548263187001774,-2.031125136852868,4.180681305963879,0.31313820143392535,-6.640801294666855,5.742766838737045,-1.562203024296691,-4.965979841684806,3.9828007594142187,8.904250584527368,-5.421807259062403,-2.9773655214372043,2.8140307899436037,-8.076529872919677,-0.5908992869289226,-5.669550445393414,3.8846679908978756,-7.166375611952161,-4.084095345970788,-2.5006305856165953,-8.718993089162032,-1.258345958012443,-4.668785463425957,-4.151395872749402,-6.5094585967257075,-4.241134827590852,-5.5447084155993585,-1.2214563746285665,-6.203914043031709,-6.894298950381005,-6.839169599485368,-6.837681857707759,-3.8672216625177893,-5.877518381782112,-8.784293475727962,-9.428802773064668,2.64676610932675
5.693289090639086,7.460268525474097,4.8919886956769165,4.971526031541808,3.15831008388795,0.5260985205017141,8.962903065108286,-4.604786308111562,-4.09876306850413,2.473077800810963,0.8005819029097663,11.222140439301839,5.733453970216787,9.580121546219974,8.883690227369557,0.06301133971050532,10.37642655928569,3.689242348335905,7.843685039081256,2.220162153302345,3.1199124361654964,11.5291018846553,9.271833366569128,6.415455297082377,1.6516916390990586,-0.6395175061523497,7.4623766456111555,-2.313296333763045,1.097782994458224,6.100522963615006,4.23437040779345,7.831650403453526,2.934279545201332,7.839694497296971,8.858015658151789,6.304810090582257,-3.2833994115333023,4.350789176228333,8.381876719043552,3.1347130875822433,9.507069381533448,6.03186329458336,3.5977941457588316,4.326356070643495,5.608025936844433,6.8166740966147765,5.567483752306724,-0.626947436934881,-0.299193410616887,1.0614051415781383,-3.569523982136709,-1.3136750035821536,0.9341992768299363,8.087220982381586,4.716187720953199,0.5506585247438909,-3.451234142746089,5.912570330958524,5.902092309488253,-2.1119827335485537,-3.52783881407281,3.8759728368206012,3.732234087913577,3.374802365333141,6.713453889608293,1.0174012993468962,-1.0295490843951924,-3.4548432718085644,4.747738994711283,2.6838781287677285,5.954509959972877,-1.1862971508543736,-1.1322478139185,1.0386273639206307,-2.3049091757053866,5.426007755265893,4.5046422381637665,8.505064368679475,-2.2999516148044794,3.0388110757291393,0.4311767501932066,-1.6013456805726047,-1.7290915213362448,-0.8131877993693968,-5.1041834138168864,-4.589314001756129,5.467515266768577,3.491783492871259,4.777285631674493,8.157065955799906,-5.489326997719807,3.222814961358275,1.5163162583120364,1.5472540013062532,-2.1986542097365094,7.642514826699447,0.13599725571265167,3.079749985620797,1.138427494677921,5.37031784480261,-2.7595999151041974,2.6382609214191906,7.695745230135417,-0.1618407194534911,-1.0181410645796902,-0.17717736129386458,1.6936570818739354,3.9554330369277757,7.94221677302213,1.2075991890625994,6.502007056257241,6.793606188179326,5.242603253481849,-3.9646431262791753,6.407385980535177,6.216045878875552,3.0711089788375103,6.687401999247859,-1.1813087816643537,-3.409146870242173,0.5972342320157,5.630412449513307,-2.0978272776472204,-6.326280838890788,1.4240881952688955,-4.513335188212849,-3.334056933823967,3.9789596040374597,4.059295474061085,-2.5969713716850436,7.4808091590672205,4.085359288962541,-1.960461028424584,3.6494813352752384,4.4179675677747605,-1.7550078820586015,10.187695849198384,-3.3906488156098415,5.796118534510607,-0.9548356753973674,-6.218607118223188,-2.2654280836980187,-5.798934564706587,-2.448739346459118,-2.8090458932796434,-6.3471651021801625,4.31368034537795,-3.7603138014967064,-7.040194135940451,-5.054121766953063,-6.9361322226395306,-5.746650032255699,2.0655376265705376,2.741596543580934,-4.724018085820563,1.791469492535426,-1.5128213584116113,-3.6892730996430325,3.383330144451633,-6.5174549272745494,-5.111670699258562,-4.52533486524858,-7.724708810844935,2.930627796704587,-1.5270285392317366,4.137821291483034,0.501558756726689,-5.93425713186831,4.758389675328363,-2.2402469363448088,-4.508185050926226,3.663349404349581,7.580243445161758,-4.490293968511637,-2.2255366660088103,2.7780059880912678,-6.901007949587225,-0.675695214500691,-4.717783754957541,4.2062638919500515,-6.484576675616497,-3.390934688773094,-1.780654324821895,-7.83800253245532,-1.0629203276222001,-4.092301263044434,-3.81960114806518,-5.930145240098977,-3.8006109790374376,-4.432637638647174,-1.8775041691362517,-5.415699779993092,-5.923997489571787,-6.429505618478347,-6.21748776857404,-3.8326961171868095,-5.573759088003287,-7.835183030323269,-8.111670248434955,1.7334793512960447
5.804106673177183,8.157206633274912,5.971927561854058,4.354890724883552,2.5163635001279365,0.2695041965893743,8.600958542931847,-4.866580581386075,-4.030375810132952,1.5471714181427492,0.028490459412046542,11.271163114892682,5.477730451926095,10.022168635543508,8.740357974424553,-0.6529997522125615,11.293255530868725,4.524154085298132,7.460309386121418,3.0621788260533296,2.498332009981178,12.419152070844477,10.064897761806154,7.110407998512818,1.9342968198322694,-1.1784380008412676,7.674258412585144,-2.3216706324215797,1.4152417357905525,5.45019615589278,4.770828191199764,7.409453578178958,3.4417338879492356,7.091404169057267,9.02182257286039,5.47783362530565,-2.9202650832166444,4.8996691923456055,8.801595206459545,2.8748879857931176,10.071111502765522,4.95304132939544,2.819959711052721,5.465976693504815,7.011596301011902,6.854795630368174,5.8527013723119765,-0.15273845653010554,-0.43580378664361014,1.325939461286695,-3.3060884176187972,-1.417151851086534,1.849574301630789,8.490216128632708,4.60703176076341,-0.7600095187319938,-4.711683160256146,6.3929514760490385,6.344603271233741,-2.098353584800931,-3.5941169293659816,3.223862716867002,4.075228858368628,3.222348470453307,6.679382918933258,1.2096239860288507,-1.1709756618909282,-3.611575074042697,5.011462275849757,3.391108033262485,6.546212126342365,-0.6434851344159024,-1.199854717698916,1.9482846566871372,-2.6554446621017527,5.974899463795691,4.857136372815396,8.619659724075689,-1.6828153771811993,4.1549312302084775,0.6527472857000921,-1.9006386571704368,-1.7981125672098572,-0.03412243315462823,-5.767418636011314,-4.261416872740564,6.647692165398394,3.110502062165721,5.111986875246536,8.163813669304231,-5.678716162253866,3.6130063858005665,1.119272243218386,1.3079798800638398,-2.3125216127426245,8.298991800778783,0.8079226221674303,2.507508233624299,1.3109269836288078,5.752753138015782,-1.8412581039350566,3.386305529942933,8.82438094180285,-0.6280267992625636,-1.165258030239118,0.6400502119701792,2.61271517807039,5.042854619956248,8.94455157597303,1.5168909782679247,7.453146486433724,7.817326857312383,5.3031477505168905,-4.162966899740605,6.939866639148295,6.731888385301093,4.000010640133903,7.775069920836631,-0.9661012357828758,-3.1918148124562733,0.6341268951385456,6.593050833594831,-2.368052907065525,-7.1803998739025845,0.9740427632767857,-4.804215332055017,-3.6430184024313923,5.09289846994474,4.564321221181312,-2.258774318459594,8.767041929671983,4.904929863315862,-1.3579279510828717,4.3074298700647065,4.481707547201339,-1.3509081650217964,10.906921000244845,-3.6826540687380565,6.000590455942282,-0.38833979370510696,-6.61144156787975,-2.654892485033264,-6.45426883525937,-1.9993980248867684,-3.1101235371907228,-6.821851911155758,3.745113915114125,-3.216988553706276,-7.871915724856939,-5.06069207515306,-7.912951770412581,-6.12770328494494,1.8417750935218227,3.6677598093766446,-5.298218907959288,2.4530075409147876,-1.6827572203502128,-4.02858526116486,3.277825388684331,-7.721528201279647,-5.580171498541763,-5.414680161911137,-8.639129860250074,3.022021607927182,-1.9408954280593615,4.19344689091497,0.6604405735679006,-6.5798162446005195,5.569191254099857,-1.5011369010648439,-4.748449587859119,3.906742510354812,8.70166413495439,-5.194719869682129,-2.9180525390840164,2.6751817726671945,-7.8904105158587985,-0.37481970598167946,-5.5596548632030665,4.2091688544043695,-7.060808385337759,-3.8133643218308864,-2.2299191545041457,-8.53943441737583,-1.0944525026016332,-4.584378172344437,-4.217183905074559,-6.500546587993393,-3.979682335924205,-5.4708828825125835,-1.3455007291110321,-5.918627107113504,-6.6703008867875955,-6.727078077180757,-6.670660521274137,-3.924622301770479,-5.883350161391167,-8.670860627929835,-9.225965888638376,2.6209864935408267
5.884588953235418,8.027643925639603,5.479302717416779,4.682211125474648,2.8114833654680176,0.3164961729794015,8.587544120207971,-4.699204935261667,-4.046621184262893,1.7632951920390658,0.48240778252280153,11.245014120503432,5.326218422456737,9.862006093756637,8.890696908914341,-0.20730457941537675,10.890265561038728,4.041196377615539,7.519014756115886,2.5048199915630405,2.485664136943012,11.90244934073848,9.755571247402846,6.5534356040167765,1.94576834013222,-0.8980721446577777,7.5558680412521815,-2.275799913082706,1.3299953158601745,5.8619901760521325,4.64239478475107,7.613270559071822,3.3183957646915796,7.481276081939668,9.154598026188795,5.900709787092854,-3.0331114679752975,4.62641225168855,8.772863997022434,2.9970900145470454,9.943238550273596,5.524857175163922,3.064387576328533,5.115578085380287,6.449716098818597,6.947535555468086,5.8174844753090635,-0.23254338879685676,-0.4144941415322788,1.2121214843378645,-3.3433860487263156,-1.4676181345310697,1.4673208463783527,8.445134618884369,4.717143715395515,-0.29095796142709623,-4.149298118385794,6.079463544931108,6.195251810831478,-1.9758072159908129,-3.4589019599011737,3.5126418982458376,4.155178321892594,3.4680828841259452,6.847304451058104,1.094105944765174,-1.3516023837871476,-3.52583592820726,5.073776864438039,3.1795298659434996,6.3326166401134865,-0.7388389855498493,-1.1993922551090264,1.649494411947463,-2.5755278246520152,5.856720769847382,4.633950932390622,8.557340158433357,-1.912203999452587,3.7726145227201995,0.5841366251959118,-1.8616045270801884,-1.7523878154503942,-0.34245170886353576,-5.426391275052678,-4.48976030233311,6.211842221191331,3.391606025139158,4.749299993293976,8.29364644755152,-5.596089317929261,3.506204190369894,1.38278866097421,1.1773093403400994,-2.223475869300955,8.120622417292951,0.6599220545894755,2.654464560230971,1.2536772922301032,5.31893401916053,-2.1250006041102587,3.290255306108876,8.395461282325877,-0.6691249137312406,-1.022536818389394,0.014301738226242271,2.2274415389243507,4.352689352221251,8.487393414970178,1.5107273091886504,6.862245372362868,7.174128980136312,5.005608484175526,-3.981816279482365,6.66620828125574,6.593372891566929,3.528901340575007,7.4414424304170925,-0.9988896815085279,-3.2425168450502704,0.6433025487233438,6.241960672135099,-2.3395000143599556,-6.808180362137525,1.0845744998527262,-4.842136750646046,-3.420958461112313,4.680489909225751,4.3856488350428915,-2.213160686980693,8.26945676816809,4.362194738306034,-1.569000517453213,4.05000053674384,4.466906828977337,-1.397022652928098,10.536656753582097,-3.5254599780765803,6.002590980022156,-0.5083958345559122,-6.32652628720444,-2.572780747094692,-6.156662219662943,-2.2557421993352746,-2.89333469573468,-6.616422628575829,4.059601205608637,-3.422411767906318,-7.516682605212684,-5.074968103725742,-7.4949246606296995,-6.0234651966236274,1.8286544483497815,3.3275271828533737,-5.0337031544519695,2.047621323388465,-1.7766191486608753,-3.9321795515746922,3.083143004273703,-7.233154856904681,-5.222348841193789,-5.033636812595934,-8.299062053472804,2.726596195287691,-1.8355458891107594,4.256099401571828,0.7283907895848021,-6.173207627428756,5.447844807686834,-1.884681207474529,-4.599913850837346,3.8097181452345574,8.307350333624983,-4.843376718599495,-2.6469503056728914,2.9276369469951025,-7.507296939868282,-0.7339486250295566,-5.106015164525584,4.344968574892903,-6.860799488532972,-3.557886606880612,-1.940077091611861,-8.301073000708296,-1.3354926819061754,-4.382543336928148,-3.9128235245694474,-6.117526047918062,-4.141740797057563,-5.061182369930305,-1.5274457461386446,-5.6817583713631326,-6.2833460328247694,-6.519330961816748,-6.382132530235419,-3.9073130288700133,-5.898666959484744,-8.399525059351577,-8.700822311174505,2.3364457257752567
5.524508369219245,8.203899584530152,5.544615267499328,4.762343970625979,2.78709680211397,0.3380989418828063,8.992220138963011,-5.043022003691999,-4.193314014970984,1.924322461968632,0.23420845665725212,11.252950700284027,5.602461473775556,9.98844524895003,9.07725658868262,-0.5920169747403484,10.881174348752781,4.111825092301393,7.679143411870761,2.5250434983695795,2.99712778386776,12.27592506748103,9.846884494969972,6.80575235669311,1.9002704407471145,-0.9091465300293164,7.530942951018501,-2.203585967980848,1.317285936176362,5.783438067491285,4.3310882243031985,7.6630821407214516,3.3463065157970124,7.3870095808046266,8.96688497509135,5.610035786536867,-3.239865633317719,4.734514042342086,8.83768888411249,3.0062989500445925,10.153457205415132,5.652822768998449,3.171079166473338,4.9638788531799625,6.518292913297131,7.209266776322228,6.137177338563721,-0.4301173665014919,0.15152504586199061,1.1146182880546698,-3.169221032634616,-1.1663649383260835,1.274971665646663,8.33957667381293,4.531756397740361,-0.13950902400350906,-4.156249009833615,6.252228729822258,6.174775261366767,-2.086634012523687,-3.570484995380103,3.5392636406837084,3.725663478002742,3.3716282603609864,6.666617601994584,1.166121981393054,-1.0052403326227362,-3.750180654096624,4.847197160376122,3.158907977202204,6.274862891603401,-0.869269987145626,-1.2176663129257834,1.3641059129289335,-2.510653760995491,5.253941940973256,4.771996881027414,8.650335455926646,-2.138008209415857,3.630165248153254,0.3602649399001906,-1.753399407890559,-2.4048902635891687,-0.3624084527040321,-5.4992722782430565,-4.358549317207531,6.16074035263792,3.188895915476071,4.922412357178736,8.581752081279197,-5.586184614891462,3.5008264414607413,1.2921443844217144,1.4855703231464554,-2.6487978582994898,8.142843203570884,0.665175566663777,2.8935919991306096,1.345159070488028,5.734346983173918,-2.1418810058232167,3.108241469003095,8.462457155206554,-0.5154226227571669,-1.141567975362308,0.46777127379964717,2.530203862174035,4.560096480014219,8.49569951974004,1.4923484332397878,7.166650538682178,7.4346416342807675,5.605768535850033,-4.095498680571309,6.957870507773117,6.57977956782675,3.770808571059844,7.405074291459245,-1.351545630126161,-2.991313965908978,0.6034271573912711,6.5981046055498025,-2.216583332779084,-6.801250967826847,0.9200877429960285,-4.680134583689651,-3.7437747929484537,4.763127690011088,4.764918630083461,-2.2565880480330396,8.417584086417166,4.849643127298501,-1.5448416993497944,4.1034181132717,4.835504693718885,-1.4170032001887167,10.602017200882022,-3.983757460682693,6.409277665076684,-0.7254218819569872,-6.4539122739957095,-2.6398530581374176,-6.436277470369795,-2.550962372758687,-3.0798958604885325,-6.90333834636305,4.178548602077324,-3.5761601246076333,-7.606918494189366,-5.228436370401365,-7.650621773791433,-5.8867398821524715,2.050368899960675,3.050904192286201,-5.144199793354459,2.277055886785948,-1.712842515797229,-4.04809172047599,3.550792008706781,-7.198879402562409,-5.535627520785706,-5.149434594241967,-8.308874224925678,3.284762386973899,-1.763939254348502,4.316596738848177,0.10625536165533957,-6.365451421982612,5.455597784098482,-1.7477095362560853,-4.980173019519399,3.8042121770681243,8.45534932595438,-5.25059131951954,-2.5802748075227973,2.75267303013542,-7.526678178465917,-0.946220127864542,-5.168294870710905,3.588395323445483,-6.908844069046325,-4.078484146678073,-2.2350929649939513,-8.288021522394702,-1.2351735897805032,-4.614854747489714,-3.94276054955295,-6.2094177856140425,-4.357528716431392,-5.097701205921641,-1.3072971975626673,-5.992951069863912,-6.560621510362944,-6.659962180383792,-6.69886777286396,-3.803259350277897,-5.689271197029394,-8.286247150351707,-8.858154656225155,2.1974716167123045
5.645895820953635,7.050686243310821,4.919206768994802,4.670694599750865,3.1465342014393225,0.3605575161139765,8.807221842027568,-4.60133061558274,-3.9209551898736694,2.452779719745381,0.5571626710232938,10.663832147564094,5.554915509974957,9.322721349983299,8.39762017060596,-0.09723610575327528,10.186768955605,3.5587085974374935,7.814663477276103,2.5409919146628455,3.1904532711089835,11.264327799719895,9.058480287122483,6.447024336222413,1.4689126865641569,-0.6211296215556782,7.049452822520906,-2.2452387293792055,0.985960688730839,5.767768613805368,4.0525087595248745,7.680952001271641,2.6501102174523323,7.605924595998056,8.244228666232617,5.985997365252037,-3.248992362297683,4.02408512675512,7.853959405333984,3.0107977182304775,9.232580582164871,5.654322852760038,3.5922952866234104,4.100391454874838,5.573533427996893,6.581899801031079,5.426479840666212,-0.8453061155683583,-0.11943140398219522,0.9571736079495711,-3.2991968146917943,-1.3053198116405482,1.0826347937850929,7.995041706392101,4.31792087972576,0.44768690870138644,-3.4957717921386555,5.459510262004856,5.3700418076416385,-1.9504878595202315,-3.327823139970859,3.7609827704337775,3.367166548736317,2.9247498999181283,6.2218627913797,0.765764860604666,-0.9689051099754696,-3.4267875478710548,4.585441060043663,2.320401732100926,5.507814059812731,-1.1500287690708062,-1.325541075648834,1.284683067963786,-2.3628198474213367,5.18452875974504,4.342027840347072,7.983708093045916,-2.2352290227646137,3.187756664166443,0.079359578045486,-1.5412551544937783,-1.5245441535845765,-0.6209462086705533,-5.04971864896361,-4.340665281263674,5.126965602764473,3.3440723753282424,4.6590688758188294,7.699063080677194,-5.196173252787917,2.9649862642153573,1.144302986138166,1.610913434730629,-2.238155364350794,7.166932715797855,0.15506361647022765,2.939528275244974,1.0409509746122145,5.620409080043787,-2.433151493237996,2.5623528840169962,7.532268706292764,-0.12834668513533856,-1.0195329813085985,0.16018916527408522,1.6333811506465048,4.214506534013767,7.72295846981129,1.062256522192575,6.5110848305009466,6.8375981971217765,5.394909758600963,-3.7760302596807196,6.307676696008852,5.8124393845141675,3.315480759116994,6.210938532559412,-0.9844067894558957,-3.3566309704520276,0.7827123945971663,5.481826109962695,-2.030409317196859,-6.113552728726027,1.4705313487460319,-4.368459274896831,-3.542981915897289,4.068977236914661,3.8044287381221635,-2.7080383546262268,7.298531556176243,4.065088370708673,-1.881147755711631,3.545381031113752,4.130052536848708,-1.6096511723812126,9.740078689921111,-3.4227199479406147,5.438049671231557,-1.0980894788886344,-5.92108308271683,-2.0502456522197114,-5.699735384825843,-2.421985460929129,-2.9350589150618402,-6.039632100490095,4.158135294188662,-3.7341288170752627,-6.844169335098026,-4.890660538606609,-6.72303384736538,-5.489474538865845,2.1077658593772473,2.672310199086436,-4.454331386060757,1.8505607247863403,-1.6207584533213675,-3.4521532465228693,3.4824762328725702,-6.192223060714256,-5.072007212363713,-4.421251469870471,-7.430181048518952,2.997678001157379,-1.6423203399963433,4.001525719719929,0.3869961603461074,-5.690995946250038,4.370999000196822,-2.01215936105816,-4.340005362473608,3.4544101250836428,7.392471289834841,-4.528125466224337,-2.2418800737779927,2.640344341779824,-6.816347375520393,-0.6103061076171531,-4.7306213711389,4.043848192516384,-6.139250087142408,-3.250557243721302,-1.8344534198999494,-7.403832884137452,-1.1799256700927363,-3.8526995782456317,-3.9051422206839908,-5.808157881025185,-3.4780317013065,-4.2576395408753545,-1.59063017389652,-5.207900760851152,-5.8093326123910405,-5.9704926031447885,-5.877004149843167,-3.7348845276070026,-5.186203872977423,-7.455056133178119,-7.809839188498939,1.5114169783725282
5.65489124487328,7.830319195294919,5.4045118316946406,4.783777625591031,2.9697292937991056,0.261911311340657,9.140620409641993,-4.94752475230167,-4.093388371594636,2.1518359907747824,0.40143690461916837,11.29162100653507,5.667468253750037,9.8248627137246,8.958859286038686,-0.43117108444049407,10.843229253686253,3.842314702640376,7.91734516131296,2.5804514443904703,3.086211871967894,12.140303785753314,9.667450843645273,6.816501473273902,1.7237100957955371,-0.7660143917345574,7.438316704147744,-2.2633512992319234,1.2084483890347488,5.744732120351927,4.323031533495866,7.914827227231809,3.0707815766971573,7.712469221523988,8.9429058870406,5.861644355702574,-3.3254665627621707,4.474719940627397,8.605469274446687,3.0802728116536118,9.965534923119531,5.778880109580005,3.376974775348952,4.771079287834919,6.290492890532464,7.170629457021202,5.94754443743093,-0.5115993868500792,0.016415473464243612,1.065448207598449,-3.263361503133148,-1.1546940296149575,1.2930171504702643,8.502326092180512,4.6232791024947595,0.06205477441254667,-4.029410949912132,6.010410715516559,5.932869936255117,-1.9387267204341092,-3.6139638057700436,3.7459311525304426,3.8150363569562398,3.272662449547829,6.602637262555362,1.0737542971153038,-1.0480828084121936,-3.6277296619085546,4.711680369156007,2.8489074372106815,6.100436362925469,-0.9574086980391908,-1.2221157217552767,1.4441781554328443,-2.548990381979441,5.453261901816316,4.672395232858401,8.536121996240784,-2.1215231668613383,3.5547661781282245,0.28676524282680665,-1.684423544232935,-1.9665760332088849,-0.4480188683332544,-5.427214639826237,-4.331942837669829,5.945808039106021,3.097131209345881,4.848521740177404,8.443924444947028,-5.4749499126524235,3.374040942907854,1.234195851346148,1.6101767282823098,-2.4914242520429335,8.000713056333455,0.46562119593394313,2.9716264468050277,1.2806698143034454,5.787901112422852,-2.246413590962964,2.947066078142128,8.257825566380472,-0.4568281426226268,-1.1400913008386406,0.3337400384417423,2.151011822925781,4.52057720578137,8.392641678294282,1.292323602009286,7.084917630935559,7.367896376801539,5.653718569654248,-4.040829351958893,6.803547196208441,6.480827983401873,3.617979179959269,7.067932057168581,-1.2350207533709558,-3.1489049500051225,0.7394555076047562,6.154402256143955,-2.246426334165658,-6.778201423605281,1.299633451019107,-4.67879091721015,-3.640076970703547,4.5666924466551215,4.476261739037261,-2.361342867397138,8.14598916375741,4.673168305717681,-1.7811307272901256,3.9522215664459828,4.62182820299418,-1.4329586258105336,10.517026096705631,-3.6993022681390637,6.10933348276471,-0.7886540064923466,-6.496533115157113,-2.470343583717893,-6.229085778015193,-2.3709183392205744,-3.127018206227338,-6.6873206304039865,4.325437940264708,-3.8368609830547,-7.456223287275878,-5.182677774509611,-7.430066699869681,-5.812883694176079,2.174939839655925,2.7682056862720907,-5.1661409623423244,2.2639522307355473,-1.7987610015524975,-3.7682215408381983,3.6105091806870697,-7.065727907056382,-5.437048533769035,-4.987304810679951,-8.15006828505914,3.220434546931806,-1.8443065909408085,4.211119963441965,0.30924021426528486,-6.227394004524182,5.208701664307077,-1.905086487912199,-4.797473047704089,3.9409166954965626,8.200018481502205,-5.005664301297685,-2.698934580827326,2.828090588845153,-7.424788664511812,-0.6592329134901541,-5.14186245279332,3.96104111213745,-6.679192263872797,-3.812557956499478,-2.163692082210804,-8.180906067457363,-1.1501054842476635,-4.289861811549416,-3.9877942340827826,-6.295330734693031,-4.044033579155481,-4.887032347197427,-1.43407312956675,-5.739907660333337,-6.453385237142174,-6.5666973299202,-6.479784702000224,-3.8620210717665717,-5.734754037286622,-8.275281775874518,-8.735948162542828,1.9738135600120075
5.975296952256437,7.806880563356548,5.521562124336087,4.972292351721038,3.2009970314840053,0.4326606855386369,9.076696864646609,-4.7627877536744245,-4.061078123732677,2.282763774628945,0.6178498537390188,11.334640013082291,5.6265505844339465,9.957680679019184,8.855421258224695,-0.08181481661587679,10.961593941927848,3.948067797517049,7.96861199638985,2.7697325432320543,3.075368635280615,12.032883319840195,9.727454789096527,6.822548207136777,1.586978782240453,-0.8800399466113626,7.4697648512057935,-2.495914659858398,1.1347020041636604,5.94765710159573,4.510241138581172,7.933539503772748,3.276166736327725,7.794197126614288,8.922040991023175,6.1880045762416955,-3.2822631876563473,4.547593017680684,8.61392729303467,3.1740390199745927,9.853925519575355,5.6739339567566835,3.456234532706372,4.745178028942259,6.423874483605434,6.918392331720237,5.739106496564307,-0.4991995358965135,-0.26600126231147964,1.016716016481419,-3.4818733538557476,-1.407979097512993,1.3428321991769854,8.521239577182095,4.686624843791009,0.04518824587999039,-4.1000966278935715,5.938498005109722,5.917279986991391,-2.0153387390311006,-3.648635594921354,3.885921550435793,3.9954301576179545,3.2639322561401802,6.867704596413474,0.9212449431911454,-1.2206786004862602,-3.60691535470276,4.994646173221092,2.878264272055973,6.1540355129454545,-0.9656248881704311,-1.29710778471317,1.626322253617467,-2.5301139259159235,5.8003768831974245,4.6643401719336355,8.62525035640469,-2.1605453619989623,3.7397419849094744,0.22244819955282427,-1.8103639379981857,-1.6840255360373069,-0.47142566708674816,-5.528684136721814,-4.35018147547286,5.905715165934151,3.4678888745021146,4.972193708088855,8.298496970566394,-5.653250354973613,3.330723607395623,1.2867544192450446,1.3573389894372587,-2.384141339899322,7.985323852431452,0.32410510696336026,2.9949158562653206,1.3632918447094506,5.710070418390178,-2.3274485340796094,3.0882533145536675,8.230372469767802,-0.38494708897175023,-1.102556915199164,0.2532816064505146,1.9339650249052331,4.493132269533583,8.478018575130505,1.269706845416097,6.9923221123767485,7.273777776099062,5.360768599098549,-4.082200287365716,6.637677780768264,6.444971047712341,3.6093942781643187,7.076087130636792,-0.9446665072312409,-3.4745576846869097,0.7270909712375395,6.0154400547997255,-2.2507201266731447,-6.618585206469875,1.3568438605858082,-4.718815389914521,-3.623782856821502,4.626252738659775,4.163256796522488,-2.460132219831269,8.09512761865584,4.393547470492205,-1.7943814410786905,3.8554419882454702,4.612987057049813,-1.638527712980244,10.552225107079268,-3.6342322372047713,5.833563000602135,-0.64428852097523,-6.322637377091875,-2.5108973175710267,-6.21619758624479,-2.2759522612338356,-3.038032527001193,-6.6303740882164295,4.237464172267732,-3.7166924119435714,-7.534676468206321,-5.233775656924611,-7.427651592087545,-5.899118298251809,2.03834108534609,3.1608678755626283,-4.9665980836075665,2.1113226190789702,-1.7387920298889024,-3.8816391147240026,3.627174521943338,-7.076538843848345,-5.412433558506513,-4.9987619568448,-8.247085581051861,3.069444856272325,-1.7571893733330177,4.1291280315801915,0.5393316517693013,-6.15795657744243,5.071676966341103,-2.1095307262498517,-4.6353242857230175,3.757907471849223,8.171119341118848,-4.979858804725138,-2.689345774512267,2.9143919451572518,-7.461885604391536,-0.47394725450452246,-5.225044251965096,4.313863559295748,-6.828787039802575,-3.5847449740899515,-2.0512779989215537,-8.191278637418533,-1.2291561180096495,-4.346784730749208,-4.002832246929658,-6.273104017024993,-3.849212139157289,-4.861814632032843,-1.5567528691175747,-5.724887259558215,-6.477739016835129,-6.6373811087922086,-6.459190157399398,-3.7736003137479184,-5.799827332916185,-8.327516793478615,-8.68279620372073,2.0854353693373304
5.239396227562657,6.324951405848648,4.296742231209614,4.864784313722416,3.2198936820724864,0.6687587454852203,8.303001121150698,-3.922346857316703,-3.536020640383677,2.7201614861349044,1.1193949953471796,9.91786904859522,5.166812318039878,8.502898420922746,7.710130941369986,0.490511447177975,9.221675370812905,2.900361439656781,7.59745520634915,2.096919446421328,3.164405102894629,10.072918224795592,8.119240783595234,5.767481093984485,1.3777694822696291,-0.5521183825903875,6.405369815351637,-2.3435233358129923,0.9052372375401875,5.726564197657335,3.720396597559355,7.5059264565232064,2.570478254656752,7.504508749086482,7.7718345586607045,6.065990466179912,-3.0337055319056625,3.670023943339121,7.233703700317836,3.0809692723570805,8.318459917430497,5.621336015226988,3.600495200716938,3.470575030971896,4.859188424214924,5.896080056076422,4.580684730645836,-0.8466352856487283,-0.49601196378786894,0.680358357093858,-3.565685222039001,-1.2290022643252294,0.8116461499758902,7.28163035794664,4.165030593514116,0.786710205436643,-2.8208979645042076,4.627434826925693,4.705334639431461,-1.883988086236172,-3.1143184925679863,3.987127914583281,3.3362286425300125,2.8846623666807094,6.015396470600836,0.3702002182792689,-1.0376903876955603,-3.2539735073989675,4.349786387003655,2.0682319274157805,5.018441523800394,-1.2477611493672,-1.1442170539493703,1.0615961095441901,-1.8627437294343496,4.948023157138442,3.9692125237895555,7.479293217208968,-2.3753554082667896,2.6964832329804103,0.06096312681055145,-1.4879667934828995,-1.2100667779994296,-0.8257076992879504,-4.452763525132541,-4.039029789688563,4.543668660046209,3.4224310791141157,4.280556497583814,7.067584480905383,-4.727281529577758,2.68829408161809,1.4678324224840846,1.410183306646544,-1.9133669721807933,6.464545783350489,-0.03420149602638275,3.083816834061719,1.046930813761394,4.9462534119308375,-2.546403716634195,2.29351327058122,6.46339216315638,-0.011387158269045844,-1.0152820088350767,-0.2622399412224157,1.0574821305416096,3.459101464279784,6.841033392940241,0.7669409496159241,5.588861803859834,5.914798107280947,4.753349730946528,-3.6603803869325677,5.464021913695499,5.288999984845677,2.606579827146408,5.522006818935389,-0.7829668067204496,-3.3003112918457043,0.460786789104186,4.539466980429474,-1.673656137493574,-5.316365215414446,1.6446459277932453,-3.8964019604889644,-3.1623294602150964,3.489837742617143,3.189616439462388,-2.4429666178877985,6.213703845306067,3.347086562670545,-1.9535541739194986,3.011575167110196,3.910735991389661,-1.925439632653244,8.893061594511558,-2.949913220406599,4.8619696634383285,-0.9318095038518027,-5.3263171779060965,-1.6669434542048185,-4.901135008302157,-2.159938542263439,-2.3030810297808184,-5.450447058067831,4.107129552011851,-3.569266278761439,-6.073004630704053,-4.575016918425723,-5.959374295999179,-4.983702015475656,1.7806667911064011,2.1992898287231903,-3.8467757002766514,1.3598834812763416,-1.3000162853480928,-3.150875641659781,3.3397391986122544,-5.412091428955489,-4.350861674592455,-3.7130384507317498,-6.606289020330523,2.677768513186651,-1.5272159393339824,3.637332027396255,0.5819337634483163,-4.926473479710275,3.8903143711862964,-2.2676692043067037,-3.772736905072386,3.0365885169809284,6.4764682224917305,-3.788983391540665,-2.1044315356553187,2.5757794601604442,-5.817784803452831,-0.6667343780587465,-3.9564700756229434,3.9508648593672837,-5.5714649685552216,-2.724952898120627,-1.512605432762674,-6.695342573669123,-0.9034061800722157,-3.4623422399681965,-3.459595145345913,-5.151843257843054,-3.1386927876825164,-3.49471733363601,-1.777244200077718,-4.675662327902249,-5.1348570165406136,-5.44342966528845,-5.385939475624808,-3.556407397954352,-4.6069939683613095,-6.722045723445349,-6.951279263242641,1.2688409740574103
5.820858757447303,7.5290309452450845,5.279787273908655,4.7674311212878955,3.073800240838418,0.22369980631483763,9.034023231394,-4.929588805722697,-4.000377169791489,2.2549298458570246,0.5429439406217456,11.224974370073614,5.672806161457834,9.70689576389258,8.797185253342207,-0.17273522933597124,10.706546346364721,3.821368212934627,7.931110801035356,2.625104858516933,2.9739327733292527,11.857967124630536,9.514283375130837,6.739942566350328,1.628516317100231,-0.7906225204923825,7.396474353704384,-2.3768860663684634,1.0670613343084339,5.80784512135728,4.333072699442264,7.8672039909803395,2.974672997987354,7.75683311136389,8.87170544755077,6.00111758904863,-3.177142992376692,4.412367615408529,8.502650905522469,3.157177876955078,9.703771898503005,5.712786953834443,3.439412725514667,4.662162046832988,6.14340407863741,6.939412862656466,5.664992844595862,-0.6204578244064675,-0.19632768547105847,0.9554677257238965,-3.5074783661782187,-1.299027516952081,1.3245540299500675,8.405405947989271,4.697097816115286,0.11121869910125429,-3.9788081739031935,5.834600282584479,5.828353406676493,-1.8980704147689405,-3.575354114606277,3.7317264957966656,3.80230939867433,3.2343290808748706,6.584279167581391,0.9747237032052191,-1.1067790579479908,-3.696381360649947,4.713641390407684,2.7021359620252796,6.022122856053777,-1.0194558793968638,-1.340661768565016,1.5341633839292912,-2.4917069084261296,5.538461414654222,4.654718043683566,8.433060747968742,-2.099437891918323,3.5707212359434157,0.27840373164686827,-1.683302824149109,-1.702597873471118,-0.6249959688448079,-5.32638592253215,-4.352269102938608,5.808414444717832,3.343422361275707,4.851194943877456,8.176020732403522,-5.550474963870021,3.3604492762889113,1.252381059908735,1.4645900234590943,-2.2554344234201755,7.901007187789699,0.3718889373888237,2.8739466996997294,1.01221249826177,5.64178180225872,-2.281641539920409,2.823839703113365,8.121978879544516,-0.3712876761080284,-1.0380442537472656,0.19367567838779307,1.9319408895805659,4.401733055943622,8.319421998046234,1.1183733444069486,6.910484583035306,7.240514262942931,5.3994456562254385,-3.9615204448272867,6.506894517558781,6.337495512837327,3.4389786377301683,6.916533394270427,-1.0566055867198119,-3.3973090220891504,0.683329745401795,5.860134767794547,-2.1554176835122414,-6.646535504513394,1.4314239184177935,-4.576447174682677,-3.6299061207848005,4.473848381210476,4.160635464305662,-2.5179864505665233,7.91516731013344,4.380881523296619,-1.7324040263395812,3.8303343882257685,4.395902452063719,-1.6721125074510583,10.382633303222562,-3.431883324820378,5.727660375849772,-0.8036699935996416,-6.275684200090708,-2.330795839289739,-6.052322859784258,-2.304383544164984,-2.874835415785273,-6.371477957160427,4.310759377279027,-3.6965990401655517,-7.32598662984695,-5.22076506365975,-7.246306749067621,-5.789658504030899,2.0461574551113797,3.011218523947231,-4.786385862187663,2.081227026175808,-1.7281855925580294,-3.7138363748716055,3.4471487665853484,-6.944123526313182,-5.29076161642097,-4.939163546903417,-8.037974077657458,2.9523740702786196,-1.7339282298264918,4.008095881249581,0.42075879714865605,-5.997796064488798,5.01534371642378,-2.0901482560249245,-4.529532902402368,3.8582163285624813,7.936451830302643,-4.8284372693908315,-2.6334502284386367,2.8852848955478474,-7.393826220625565,-0.39535194419017927,-5.127111917616852,4.183624903568167,-6.615357239426109,-3.631663156590321,-2.0724117301364218,-8.111743970010977,-1.100088867650505,-4.077546986989211,-3.960885467729642,-6.082045572829576,-3.713008764271275,-4.727631711372134,-1.398544633866887,-5.519748742028155,-6.21802632311085,-6.453937314127408,-6.178756409984299,-3.8480418520994895,-5.565837813117814,-8.202144823706584,-8.54988592404125,1.9749810731009703
5.729587562221025,7.012711831997767,4.890361569680716,4.432009899056045,3.1541839113428956,0.30820497393152735,8.448673701423703,-4.331125068717111,-3.948814832577439,2.2472747575326326,0.5208288767418415,10.202259172734149,4.978690639911155,9.234821015915308,8.066667031915626,-0.16382416701449362,10.029610524109751,3.407626711266,7.705427371577591,2.3517250451594514,2.815662647271776,10.875842194140073,8.963565674789374,6.049292185757484,1.2546053000980286,-0.9089483901304386,6.617399999652762,-2.1841197140126187,0.9259234320328595,5.801743863984487,3.822578826855929,7.6013642366078225,2.526329332413074,7.396914407187017,7.9197616252929395,5.640156076551677,-3.0685882162932425,3.6929888352805866,7.662182117913723,3.118769318583033,9.13418945838311,5.40769271638176,3.625351054468571,3.8952710554758503,5.5417931965390625,6.435709226158399,5.388553631363702,-0.7413991904511393,-0.11325528843344469,1.0138259502474,-3.258795727307884,-1.4504520335838174,1.0391845078920934,7.985686273389457,4.202025264714005,0.184823781628429,-3.3915591506898077,5.027161851089162,5.2514669806392265,-1.7777921711871771,-3.2453405787304637,3.612669608693306,3.1671524810328022,2.55917352804714,5.832057436167766,0.5032231013404546,-1.2440194726956717,-3.286716647516935,4.736050998197299,2.1037360032994696,5.284211023165446,-0.9258103778856457,-1.2036888805510988,1.431842317985647,-2.070861538065244,5.215692173045324,3.9870536867350186,7.509571785679048,-2.1371340127700806,3.3767576651030398,0.06647619364742133,-1.775180086417038,-1.537022376392423,-0.4075753998577933,-4.720533330801551,-4.076209619938435,4.995398139237296,3.2542329663268896,4.31853026912537,7.403366487306824,-5.296788361327519,2.779688033535184,0.955913831056729,1.365367505785235,-2.323112107570139,6.842781425344102,0.051260359787377134,2.5143129310329417,0.9055686611586268,5.332716582684863,-2.0714981106120094,2.673715312723503,7.487160401606063,-0.4533655212570465,-0.8276883711676865,0.18446876319848937,1.717313391935147,3.977361329189208,7.467148899722638,1.0933926655041695,6.0901849547814795,6.553609338325216,4.934977229300209,-3.9851188450006734,6.063621178407195,5.493579759356113,3.497574660519696,6.229743652269563,-0.9576936726383328,-3.180643677962562,0.8176989950110329,5.561856358751158,-1.9703996343844619,-5.747033179530582,1.3467113333898806,-4.218896214600865,-3.41511431466087,4.23325104814828,3.7386411602376493,-2.416606360105443,7.246070067472897,3.911512996481016,-1.662280013496,3.382019606386733,3.946271693162253,-1.5418076866828414,9.308682144945584,-3.1896990112837216,5.333655959310452,-1.2392520901959525,-5.621520025126445,-1.87080535441982,-5.419440919257149,-2.409828246523406,-2.4913594759858304,-5.961038794672732,4.0839233766177045,-3.42273965048249,-6.475960725532004,-4.832517078955125,-6.495797733151719,-5.5984623391204655,1.790581830242007,2.5912442496783354,-4.271619270939661,1.782343084144407,-1.6601309768466057,-3.242508197458526,3.2254015498208246,-5.915905162441959,-4.630302491976696,-4.097866891911666,-7.1076998966683735,2.702977926671009,-1.8336452533278114,4.0179750885557395,0.3532692700852312,-5.368037339658799,4.340388785957643,-1.9231656534268673,-4.365776194654353,3.225237653785675,7.40918257649664,-4.231645526641759,-2.1186810416619397,2.91609813504688,-6.487373315004605,-0.68387796875217,-4.426728519567645,3.9216055979869853,-6.006301517967459,-3.1518495411187737,-1.6117955244322963,-7.06405438750446,-0.9085713752205369,-3.883446782410739,-3.4167312404320267,-5.4801006589729555,-3.4815680032623453,-3.9982961520986104,-1.4988793728643506,-4.921122090098904,-5.59044500794167,-5.829529588727077,-5.661710433779061,-3.7683563042549952,-4.903356644412509,-7.237590201724018,-7.505053113298505,1.5395103160480612
5.813857819608755,7.53299681167584,5.065040699085026,5.313941122992863,3.4478162065183096,0.605211711930479,9.148739451440958,-4.645627687516776,-4.045077008421675,2.5710344369162597,0.9872876014869956,11.167516839890316,5.580845295420879,9.663709289004187,8.904415537705836,0.35822577649977805,10.427012185321802,3.461944549841709,8.0965716057016,2.3518296858900225,3.289366140843371,11.554095939380797,9.271254951763321,6.400401160931304,1.647058784441523,-0.612454966085243,7.394540011135902,-2.5135577999997465,1.0130909396609347,6.247866900983721,4.207662838592429,8.054071535164521,3.2189772219075774,8.054551800691241,8.937562560716819,6.4918439407884465,-3.4133488069802405,4.328900775694429,8.555799390764767,3.2918659179143206,9.654442914432241,6.143130053843927,3.702494504566374,4.366026714105715,5.907944588194023,6.990248684336078,5.630960975056452,-0.7614984344527777,-0.25332569045935777,0.9271418181689944,-3.638401916693799,-1.3213059490041452,0.9687449111693208,8.282954352112883,4.763248260130313,0.5263609805224104,-3.5490925474265977,5.556871314678567,5.624293996681223,-2.0291461664615134,-3.6051428304438935,4.234318889025725,3.962872568375033,3.432017471048792,6.929585975989123,0.7529507516359579,-1.2792646993988064,-3.5907340546983884,4.939182972000191,2.691300622075215,5.81440799735101,-1.1557754898668071,-1.2922172067118707,1.3547628480469056,-2.4277471376868744,5.580971035329529,4.6029376350737685,8.458734662334393,-2.3924641959545045,3.320586314857006,0.15596430166379358,-1.5929077708208301,-1.7998674085906268,-0.8745571734620684,-5.15146639616694,-4.4798759436607885,5.437670133681883,3.6855379148455207,4.8238839136163945,8.250129367816562,-5.451607879442215,3.2182818778111457,1.5758220758061596,1.3983455408851213,-2.2283334697373456,7.7340440568012045,0.07379954476154614,3.222220472496234,1.209514380640386,5.407744676155764,-2.63677340675768,2.773409593873832,7.72256319569482,-0.29106841950815954,-1.0847537400664027,-0.08732487025497926,1.633253517847624,3.948425006364515,7.928352687674752,1.0652059034534205,6.485049184850355,6.800409903311634,5.269140709255019,-4.141539152969016,6.36094293650046,6.165601946519589,3.170766352138141,6.653542787698119,-1.0584687171675262,-3.506473764794352,0.6292090217966733,5.6208483033280245,-2.0817839244712095,-6.32695300689883,1.5931097234477358,-4.649506560612082,-3.534587340314961,4.257785006632733,3.9809476125129994,-2.493905584401427,7.573411672678635,4.023014376583952,-1.8527618015436182,3.5911913827368456,4.702353914715928,-1.8020538614334283,10.158262534009666,-3.5588992480508663,5.738663854573764,-0.7201192080618822,-6.193043014982138,-2.2827736219287624,-6.016943649707566,-2.3169988656034604,-2.8242234408348423,-6.51707549013434,4.4959239503810835,-3.916023471167099,-7.221530515127006,-5.28881928769883,-7.0441103963072935,-5.655413085424127,2.0486506600920764,2.7927357996520437,-4.710729426095199,1.7249592075011917,-1.7176754665272984,-3.734750733217247,3.581978632980397,-6.642569795247284,-5.067630294431265,-4.617557610785756,-7.819527277247371,2.9027850525438588,-1.6935344267144359,4.032291356782532,0.34073837839986637,-5.757092450225969,4.847051892827588,-2.3783174993170424,-4.497170566789152,3.5958865542826834,7.643811174763024,-4.718736783407607,-2.477445595994888,2.9633828569668936,-6.9877576201496785,-0.6996218311511628,-4.851946379146527,4.204085495034033,-6.625245613434234,-3.635677777926265,-1.9074153754579233,-7.950022468536594,-1.2253468907637706,-4.105602712302456,-3.8939476705437452,-5.952570872014751,-3.8467871642800104,-4.343737363621303,-1.6160944237954202,-5.548120036205662,-6.070101574991435,-6.424629862936068,-6.24393300564749,-3.809258004592963,-5.49508551623977,-7.984829717263935,-8.278299835641961,1.7139885730784217
5.850996990468687,8.112015630411177,5.7861026626275995,4.571861340846024,2.7559433554708703,0.294919353155792,8.672715700087453,-4.75082561604326,-4.000112812328316,1.760224968913756,0.22501291775004834,11.120625589436996,5.320401205758096,9.994780018818837,8.732901655783332,-0.5183475027123553,11.050388018876998,4.272001325032248,7.514979334194326,2.8080380241564034,2.649315324132595,12.098595550476324,9.936676356086775,6.742162847020392,1.775980885977583,-1.2410212437642292,7.385698951358332,-2.299955163228819,1.3645123406468478,5.670322137037123,4.593816695513987,7.5580512355153004,3.4130140152919424,7.270703024066429,8.830145554320852,5.606058871172885,-3.08356665820915,4.674539468927836,8.626021513490393,2.8625100504720673,9.986748808031646,5.201684908988088,2.984759465368186,5.122336837787024,6.808905044890613,6.864288130759368,5.88383015020844,-0.41491668736755855,-0.1860588447627056,1.072679088263752,-3.2088093181237034,-1.501394342002157,1.5845027043198647,8.42837068343427,4.5233531857970775,-0.5619787010457833,-4.379332792516861,6.15023917977179,6.128529302318541,-1.9976910352244512,-3.6215579737842267,3.407316697814882,3.8888968723047443,3.2447936076022548,6.661170978515042,0.943759869013733,-1.2480429594174303,-3.6277893249686177,5.076741335522248,3.1434097384353348,6.242476319943456,-0.7196721841837888,-1.298417276499877,1.7341919827309185,-2.5356128039554706,5.72341700908979,4.624080544404729,8.526476482505986,-1.9434821343277122,3.9960839368244114,0.47461831850581726,-1.9040740673156047,-1.9604416798908522,-0.13549896492320873,-5.5803747892308,-4.233767277424222,6.323814751514594,3.2272363451555584,4.911575749172843,8.284247445557039,-5.702988993129835,3.365624316888792,1.2164093378939693,1.2324746684679506,-2.3241167877430744,8.05688365440772,0.7383005940844176,2.6534470828347834,1.2875823983213994,5.655823974913886,-1.9623898228719154,3.3406513258292985,8.520071166726144,-0.7131765622729508,-1.092509583173073,0.5707172011873625,2.4898768897602968,4.730952717314189,8.691895069566486,1.3537444103796774,7.123491033820138,7.4632628641812495,5.204044247700715,-4.145882494510546,6.830632434624039,6.550642400809638,3.9692667752611315,7.504382887772259,-1.0537553318029285,-3.0866251586051296,0.7611578526039839,6.507119660497804,-2.292786997911363,-6.881332308716243,0.8571883030262849,-4.709891506065213,-3.5694663971742093,4.968846926707781,4.540443053762128,-2.2910800363406336,8.510564557695837,4.683921410765969,-1.3866384518624473,4.053092605575117,4.611752507982922,-1.4241499357858893,10.633365358967165,-3.7163391795121914,6.078337185947753,-0.49989964404529463,-6.389176925607952,-2.682928880691619,-6.213189738147023,-2.293103725007125,-3.0168589354609394,-6.783679216700166,3.9010570373918037,-3.285656150040024,-7.553364567590636,-5.020344650884421,-7.764828080345428,-6.083691179629035,1.6533036478397303,3.3962524402456973,-5.016527456731989,2.2376485036600737,-1.6435072030821596,-4.094636516032778,3.383099008303659,-7.203008380345831,-5.3119797788619,-5.147775689607791,-8.37943493689819,2.9746703309870117,-1.8502460057486667,4.250368567992604,0.46069431494326185,-6.310115306567496,5.395996276477187,-1.6845362801039987,-4.735816915285903,3.68426976403304,8.509258379272067,-5.040891642693679,-2.671027938789883,2.8329388477967927,-7.578032093309234,-0.6909344914076647,-5.291681737148309,4.007322400841741,-7.006546482168887,-3.695970129431272,-2.0763069457512042,-8.15182389299914,-1.1725639244001917,-4.416347062528019,-3.989187187234471,-6.238152619661014,-4.008096285597831,-5.159530838155286,-1.3332998840839696,-5.9047456501549345,-6.46504533254025,-6.623307365195026,-6.602728924251141,-3.8006613128238733,-5.686981748554878,-8.281746930062498,-8.848506573676438,2.4014137699802176
5.257357400278564,6.671855400614204,4.3618709325545355,5.32565656999974,3.4661357442853715,0.986340045517819,8.884897160027853,-4.171382973107111,-3.666202393189573,3.0989150018608935,1.2636045511224643,10.448683632055053,5.666712815145574,8.928661138298203,8.238935671576126,0.6137003408990838,9.474622768592807,2.8864771187688083,7.989296441901482,2.189865761596852,3.7505711560492423,10.645281269129674,8.382766795378702,6.075868794441235,1.3225433045897386,-0.4262614944910741,6.860686190314557,-2.350649488681919,0.6208992423270902,6.045065916277834,3.6899603958206257,7.807709383398914,2.8413163984091425,7.83728016147604,8.151516328548972,6.4659663104560945,-3.2834533331782176,3.961495611069214,7.712532714413491,3.3175070229609567,8.677712404363296,6.13418329270274,3.85804953097627,3.6304047517009788,4.989553514909769,6.361383557301136,4.954300596307212,-1.0398533059424442,-0.28084414995312224,0.7240425620555153,-3.575065607494793,-1.030498537648939,0.5584606705627466,7.439327586256556,4.212557691042889,1.162584147327728,-2.8323320092342312,4.966831626222677,4.911491436615996,-2.175001997117028,-3.3386988576737,4.379883108479283,3.5346535225094597,3.181403687018835,6.505477144421634,0.46794193196978046,-0.9288519911941491,-3.434767771738569,4.532439315361946,2.166901235274445,5.1937195445933,-1.5058580094222906,-1.2701041810727463,0.8326435240820959,-2.05171110046746,4.941939386206957,4.128847774468596,7.955679552688135,-2.567440722778046,2.5411563379710436,-0.1595485432163396,-1.4427909680844366,-1.5045965816649804,-0.9890755024420637,-4.611909408687574,-4.356480932936376,4.5344246867215485,3.618565283953728,4.704957133044327,7.550864445034807,-5.008272882544898,2.6858806004707727,1.6176131432248233,1.7563501432874158,-2.1537318911796217,6.813311196861809,-0.3357330216560155,3.5443218223795117,1.0990459572196976,5.267396680963501,-2.879035449669563,2.27755703150138,6.670519732421281,0.18658604907042833,-0.9898724737092272,-0.1506257302317037,0.9914898469127512,3.5349503095555677,7.0377416322778,0.8633185911196936,5.9329858661409585,6.171435455269056,5.301371810571691,-3.9978603292439723,5.752857604527793,5.498270721198041,2.6330187938103253,5.663044951880003,-0.9334041620576805,-3.512107851104694,0.4412451793411337,4.761702928478233,-1.7811499832108695,-5.555914033359354,1.746137819645774,-4.2043893556503305,-3.18901175409158,3.4568895537360524,3.3910600500405645,-2.740443703507776,6.414989431441591,3.6090573730616717,-2.0860502914990704,2.9746500430220375,4.440416501843302,-2.0161525551590795,9.27302010731696,-3.311049934743969,5.210572864950135,-1.0952259973793124,-5.636525457820179,-1.752897008318348,-5.389590329834863,-2.309346138978505,-2.4771008271898323,-5.866315664151284,4.354075682622835,-3.925885108892933,-6.40278979530505,-4.973672332045652,-6.291874285098156,-5.095060433321089,2.015932346487225,2.166220333736508,-4.092879719026841,1.5215051631833818,-1.271625001404537,-3.399629982604101,3.7682476569767593,-5.693584758319895,-4.542582924698742,-3.94566095415136,-6.937724642848052,3.0566044619555477,-1.3988393894303472,3.693884505629334,0.3544409217786735,-5.266497007420531,4.058675759918008,-2.4906568371791202,-4.0358159586235205,3.2214739539682675,6.591303766420494,-4.200412339781912,-2.081168614664203,2.508903044435083,-6.090844361654711,-0.8720286996337328,-4.240116944318721,3.9370131981895025,-5.85673302930767,-3.0493891058668843,-1.6059701527940546,-7.018205134478351,-1.2404074765198623,-3.827241586231431,-3.4330893957103688,-5.49105533018164,-3.5613993921233003,-3.642178985594567,-2.0962102006157513,-4.758527510771147,-5.369692713705979,-5.760137433592846,-5.767375720470048,-3.690218968220238,-4.845266024132689,-7.044106032350663,-7.2570218941995135,1.1547005085385482
5.732557498128446,7.343112189765833,4.970812845113789,4.85828541845004,3.4415022429104116,0.39416543834491186,9.130581319326444,-4.611579135286701,-3.7902055546393116,2.4483664739669306,0.553081446216455,10.718228030832432,5.280566781877681,9.491562579936476,8.693774410168304,-0.10245696987298485,10.219657091770188,3.3311918409557486,8.028045075524346,2.144343302092432,3.129003567952265,11.327080222471002,9.125174322365153,6.198106027157323,1.4578670274481236,-0.5946396832144447,7.014295626877939,-2.374183075794506,1.03258432091519,6.109351445626691,3.9475712889794212,8.018062897544384,2.6882704843757015,7.938691180953515,8.547253985839392,6.072877518398519,-3.454597898627432,3.831472025539788,8.201787487190328,3.1396832365093803,9.658567206685294,6.024986450233943,3.7946823510258563,3.92435836252157,5.683510231108899,6.992475586769466,5.803802023580115,-0.9171552461191694,0.09985391647644508,1.024043814621291,-3.2024358406834024,-1.2290090276592085,0.8696688652062347,8.248643031320642,4.5688048078375045,0.45385253530850667,-3.2777249052507837,5.329298209255768,5.509839594355659,-1.7170571060153188,-3.7013971163942982,3.936532254046491,3.3547760166545046,2.8228427082888508,6.186106218349864,0.6997529760643717,-1.3082321614903734,-3.487400684168641,4.674852167303897,2.160033869077753,5.488730296609424,-1.0341184242401529,-1.3191356042108953,1.3422549594197593,-2.23567460726476,5.1127027904419595,4.206873879199947,7.978492723869387,-2.299282108110862,3.364782004982457,-0.07597265726067717,-1.6469569223599199,-1.9524989827386634,-0.5923479902162722,-4.789534002548146,-4.203810929863836,5.196688750684586,3.279406679134682,4.296130729651644,8.000867400115581,-5.390776810905068,2.9794374463014774,1.2780363542042121,1.456042374038348,-2.3901395076837475,7.339966200774077,0.06281837038487983,2.937517821769583,1.0797987314586515,5.313431079902222,-2.322807217857948,2.569608381791895,7.6865584086077945,-0.25750792673739,-0.9687972568917927,0.03237467296922312,1.6358035248756166,3.866699972923426,7.598938282168204,0.9838462153478603,6.285339775902992,6.578177267865013,5.188088881769024,-3.9237328337587845,6.34146538753735,5.882921050830514,3.382179786441515,6.344311430878189,-1.2498802310140862,-3.2668655506475375,0.977051353937344,5.718151090086793,-2.0593553972357483,-5.901524271616571,1.3579077386006213,-4.309283091804364,-3.482717388275035,4.352927704518446,4.063535187784036,-2.456609919168189,7.493746753983457,3.951242506551138,-1.8998503523902615,3.4311644806826296,4.359121912747184,-1.6089609299734737,9.734946124291417,-3.4569064603433524,5.672919387631164,-1.0549768465292189,-5.8581799213705485,-2.224132638288186,-5.969768409631017,-2.5718978675947493,-2.8497910084756306,-6.338006223201796,4.511945456339885,-3.725055717764902,-6.871438236151031,-5.025549418523299,-6.658625573825748,-5.5547576150539655,2.1833070509527515,2.4884305130215556,-4.689020691494418,1.6870433805347835,-1.85276806677114,-3.3666088160570387,3.4698141886562706,-6.17923601492033,-5.1533819881694765,-4.4319574180029875,-7.327518827932565,2.9368390087786724,-1.6311016037408423,4.171270691942289,0.03459655461641685,-5.642259349940347,4.520431441300586,-2.0439371345408817,-4.77488879974729,3.5798214785618625,7.609065747350728,-4.798314500773225,-2.1977501745078913,3.0871127786895793,-6.679324009099014,-0.5910014358147035,-4.7060161197516575,3.7301777097322235,-6.452094900308942,-3.590294224023601,-1.7376796557224767,-7.424240750420511,-0.9551135691893112,-3.9660197027055495,-3.787385842253361,-5.924417847450962,-3.607215545861901,-4.1524235212538505,-1.282989839167056,-5.377276688022237,-6.042702426207301,-6.3242212316719915,-6.221268747733255,-3.705403207498131,-5.207367351581252,-7.550523322016903,-7.884535900911671,1.46927846888734
5.56710892188984,7.2564252613594515,4.916165700118346,4.8594957963031336,3.124011656447756,0.4898166484754514,8.967915703618415,-4.674385517521566,-3.9032828280908944,2.4962923802903996,0.6690032555648672,10.97381444645904,5.734958872008989,9.486474769431293,8.69742831505906,-0.06553285579141899,10.295821741175715,3.5349604168298474,7.8673281519231475,2.412908318301789,3.219716572509598,11.464980516016494,9.1531578500169,6.5351308023074415,1.4703814930214092,-0.5748587479854889,7.250839820352179,-2.3437339084718607,1.057335702487945,5.87205757824225,4.130397122331631,7.825860676276259,2.812710225534784,7.723129677109794,8.5884751035174,6.131951865073217,-3.2702511299427415,4.257032046179633,8.14791003130024,3.168430082592341,9.35454582856146,5.8717692234214445,3.5581808402302557,4.2600602861600665,5.628886042099465,6.742551438635851,5.489252121105722,-0.6446685601133093,-0.15133863772650982,0.9727586670073689,-3.4002152016547895,-1.191321536321632,1.0145461998485081,8.015020579176833,4.546274182426091,0.508320291698968,-3.526565607327,5.624232815484812,5.53380567758656,-2.0067679837436283,-3.344186617950651,3.853329879964174,3.578806745974696,3.2144718565543693,6.51284529601072,0.8685446999735383,-1.0000156355543446,-3.4919339028851457,4.655101256217704,2.520684526329781,5.803460749888859,-1.194274486493087,-1.2425943366063774,1.1877937309658033,-2.3090315075365466,5.2995180773635955,4.41889217532153,8.277208614926886,-2.274490706346524,3.13002819207687,0.14407442494907233,-1.7288944146608984,-1.5917616373194745,-0.7133949875055342,-5.089133550612912,-4.386964418253632,5.340752454272327,3.4175681867347616,4.828282371046207,7.973674119230062,-5.358346122167488,3.108189824834116,1.38096215512739,1.6626237350506643,-2.2754851543575136,7.4688779502645355,0.1332840131281412,3.061670427153718,1.253899583008412,5.566718811512629,-2.5531374298967653,2.649149699499074,7.576953903986871,-0.1549636405925319,-1.0295187774391534,0.03477887563617082,1.6332443749298076,4.115101666523037,7.884403584390483,1.1176840033803677,6.602740416479403,6.895883821986403,5.450585391892882,-3.8966121217268923,6.383619355331353,6.105441987108678,3.1881069018800843,6.485155863894698,-0.9907430800789548,-3.342741723949642,0.6257400673607452,5.5178674676941695,-2.118866586179199,-6.259113647471599,1.4019942529293687,-4.517092392059336,-3.408384288136523,4.067726984448291,3.9893093285129853,-2.528994688359602,7.401232852109952,4.161414581040875,-1.848819472884476,3.562696912890675,4.352783822813735,-1.704471441575873,9.991771980114256,-3.4297348237439964,5.653491414103868,-0.9418877889865583,-6.0701388679592885,-2.2137166979014498,-5.775686201706303,-2.448849590203102,-2.843436459672086,-6.195900682508464,4.282643558652823,-3.8010172674180813,-6.990486383720043,-5.099595871482009,-6.8896321420709805,-5.570972529650426,2.0713137156116534,2.6027097465075673,-4.599772705493136,1.9170513700764094,-1.5709756123131244,-3.6333365386193406,3.5397856914742447,-6.433588479080799,-4.96438738457622,-4.53369787822124,-7.654196318772267,3.0765557522777494,-1.6072775018689216,4.005595173565096,0.48152598837728927,-5.8044409961639225,4.674619658776838,-2.2138022707804055,-4.429344672716086,3.640097067001861,7.487384235650545,-4.603231819431621,-2.387547079740167,2.697469460659206,-6.837351355972165,-0.6579981645506999,-4.713425641430678,4.108032069583755,-6.362194657868159,-3.3408778323944417,-1.897345262568063,-7.698283143013123,-1.1706170251845451,-4.015929636601724,-3.7397399397397124,-5.962490512537892,-3.7543403548688445,-4.3755768239466555,-1.6608566742649193,-5.284827946426868,-5.921811542041628,-6.190193091900169,-6.091245473965935,-3.7894785350210376,-5.299405966295403,-7.7457304026260925,-8.049253877467388,1.6677203948962454
5.518163106783718,7.208011013400497,4.922798542360053,5.023662521238061,3.069934368616373,0.4401027401439164,8.909114701523801,-4.591220198505508,-3.9883932000525943,2.5136125022382263,0.8091452515248903,11.03471865343673,5.757581171321609,9.296557833421033,8.57054658351376,0.12327020806212696,10.286324007761507,3.5444050459404597,7.823336785427204,2.4839678260189606,3.2829131854793516,11.412128771711126,9.047568507968322,6.574067828288857,1.5102294882283478,-0.6216651150553746,7.175253851756938,-2.443716954656627,1.077274861526217,5.690025872064581,4.142905176062898,7.792425217563544,3.0693802202795744,7.744807506135272,8.674021650852954,6.186688425230598,-3.236210908814461,4.39545147162052,8.2114554670853,3.1313219043164224,9.202928314713049,5.7907191395977105,3.4700046465591274,4.441853568612431,5.723638626283072,6.648766245872423,5.284451852312678,-0.604322309851224,-0.32549906245596416,0.7384449692655286,-3.604310623795771,-1.2540899992574053,1.030864085996579,8.050336223847882,4.578009536106202,0.4646401025340056,-3.638678633835679,5.648300413549503,5.4580938404578205,-2.097047267534615,-3.3242597348973133,3.9669021557176145,3.9425093187823252,3.2787465549206063,6.713340237701977,0.9788826627313679,-0.875540250830979,-3.5075228043417024,4.514411188792012,2.7607983203064324,5.946131421332445,-1.153766022134735,-1.2278164427990585,1.1624686557574926,-2.3548367232192993,5.534326891261135,4.553975649854049,8.43305641935986,-2.2637633014021237,3.0807855385344713,0.24163880343835997,-1.648371672457083,-1.437139401604194,-0.7719686440692359,-5.199191178873267,-4.376379606403901,5.395992826109962,3.3226950270611457,4.831197678926531,8.055979568167661,-5.2262345909867305,3.113949420386791,1.4433800905148728,1.5343173902711502,-2.0918016129554258,7.637403614723288,0.06687699466018485,3.248884697181322,1.2758690296561204,5.434552403474001,-2.6677017841389965,2.6501395538824286,7.560534691091309,-0.2343309149005013,-1.2031193913516736,0.06639836728462573,1.52953675711112,4.074219230710854,7.922301300251833,0.9944453816183529,6.7309160223307085,6.93592630567685,5.369965122443558,-3.9487528640838936,6.3410500336491555,6.20775492596768,3.074301426263155,6.513788422860525,-0.8262304462583199,-3.466199644869948,0.4839771560943321,5.31320581950056,-2.0984787900981905,-6.385178445482055,1.571873908237393,-4.526810096403276,-3.471237581121122,4.0147074094486,3.8932132724443638,-2.509247302304903,7.387125373421611,4.201096940830535,-1.7953841632223253,3.671667657413746,4.50426945596157,-1.7078293038763526,10.105794694710966,-3.298654135258184,5.37017572034613,-0.8164010390828914,-6.201544275716704,-2.168732701065964,-5.644850374325343,-2.22819715974994,-2.881156503521624,-6.125179336277715,4.178309447344874,-3.7995854787915793,-7.0784749925734145,-5.283376008632353,-6.936438032954744,-5.348989970864365,1.9792474780928389,2.6271228426946527,-4.681380301079631,1.9914661102186717,-1.5392241685169632,-3.571954728345652,3.6013346293402724,-6.589936123583565,-5.055495705006376,-4.669733151793578,-7.730740290516335,3.1364188041274312,-1.635840603734781,3.862625932562823,0.6575176375185028,-5.739333709743945,4.623683115505336,-2.248911753390088,-4.228153703940388,3.6662290600638148,7.413857634941181,-4.618996782139524,-2.5158558715845123,2.6840861219601875,-6.923295429760027,-0.40180151284133714,-4.7058874475927475,4.348275499780536,-6.38165171908794,-3.1964578283291782,-1.9247872203181036,-7.873678692382875,-0.9874493753862492,-3.9601262459945077,-3.852783332843461,-5.942016621950441,-3.543120541140975,-4.455878026320569,-1.846719642340636,-5.270589550401883,-6.021116541299911,-6.209012902438428,-6.124263390315666,-3.646198248355586,-5.3347615038481475,-7.8212103785914575,-8.137857129248948,1.6274982219686536
5.883612994518786,8.42884173360695,6.005596741362724,4.6042243756037315,2.7305110823093885,0.1157655731599068,9.307184026727922,-5.270345809408874,-4.193024120921337,1.7991215851896558,-0.021027202962811395,11.833587120234856,5.878460295842578,10.500371979363946,9.34736370472221,-0.8412727027063285,11.642554303161722,4.547109535359854,7.944796410620731,2.9408254434424,2.8968817178006776,12.975365110753287,10.415273810020409,7.3293296116182285,1.8918175207357766,-1.0044185420175613,7.931059799920218,-2.391254407289394,1.5149272133449834,5.789369631694378,4.844572667738239,7.9528482737949,3.330993223229197,7.621123467809386,9.367950250399593,5.779236258839407,-3.360605277023884,4.95151729837939,9.116352645688261,3.0868446821471673,10.606059415970474,5.604890572688373,3.124113264189983,5.385274474789582,6.9780428402966015,7.395218447388651,6.3012112307831085,-0.3453449160594201,-0.0053748472871280465,1.256324791096208,-3.2963240136073457,-1.2516227938806823,1.6164636589810246,8.89305261992721,4.802049395231325,-0.400770408899889,-4.6679212678902715,6.640205072369075,6.476309513569609,-2.1060070153019037,-3.769554585985843,3.4890132523080912,3.9767944881513086,3.36822311002633,6.895188323433493,1.2867170039587448,-1.0077147931975918,-3.8496545325619107,5.018067662647244,3.288636839407171,6.6838942623131326,-0.7910731468727488,-1.2695728319057369,1.7367681143447637,-2.762005432356747,5.7794188574532175,5.014681252530698,9.001472333833643,-1.9765098409434245,4.062745021297279,0.48543211063593183,-1.7737438834916885,-2.2385132691683296,-0.17557628819985646,-5.944646627410862,-4.3606605585386085,6.667608566647815,3.1515694821517317,5.253502377189428,8.820829653463333,-5.790188149064929,3.7429193704397394,1.147461863796853,1.5802900094023735,-2.645345678928197,8.588767698067548,0.7184094321762776,2.809542643554188,1.3970638603444465,6.144663064339146,-2.1220768867607505,3.351400901439308,9.064739762311033,-0.5254954800224052,-1.1494412931535276,0.586007390904003,2.631768112388997,5.083271095801968,9.160068019497645,1.6272153449437647,7.752625033175578,8.060463001267246,5.846756798528185,-4.37168454804949,7.374641988410959,7.008752754628209,4.120035736135923,7.860538230791949,-1.2753178305092345,-3.2444490924111595,0.7443669946688434,6.880457494682155,-2.46292057669084,-7.340174396790154,1.00529855213388,-4.886208220160829,-3.944769343043008,5.188225671842033,4.920942284744449,-2.4268028233603745,9.026179262377367,5.171153741522768,-1.464521736673674,4.4579484924831405,4.775253002038383,-1.3341492501139602,11.243999926602172,-3.9946021433160026,6.475383272557588,-0.6644896296313845,-7.015769071093165,-2.778256928257489,-6.734073498602458,-2.3598884940196947,-3.3774031153376916,-7.265563804073333,4.165134703676984,-3.757063219039699,-8.147270448939432,-5.483058243699697,-8.124778151226304,-6.270595423131366,2.1683513500792553,3.4038135527328803,-5.600764571119115,2.597308909489491,-1.9075135606186306,-4.133414860956672,3.606694571565838,-7.815986115812887,-6.013984191733218,-5.581504186986859,-8.854445656374626,3.3774713227798188,-1.8691239658718852,4.432300292960991,0.3241489493907547,-6.797984015140386,5.715083280403138,-1.7242777389461912,-5.114916493833201,4.167820463043077,8.999007858408731,-5.574385042856514,-2.880116925819829,2.872649076460181,-8.059301126105659,-0.5049977858471905,-5.676196525610345,3.9977137000048937,-7.318926237975891,-4.200721007498296,-2.457035006702865,-8.835894701639829,-1.234173383967371,-4.778945180704163,-4.2637336629782165,-6.681680896997408,-4.205288559915405,-5.53833950497112,-1.3111305833626752,-6.2697501158165,-7.039217254995586,-7.07814476864261,-7.04685293133478,-3.8888511917797586,-6.029313424571205,-8.872043383344046,-9.59622240453545,2.4724846296662646
6.269044111216399,8.275519559452336,6.312851342735584,4.1752796580811085,2.8268269008566937,-0.1005225304293151,9.021584547561835,-5.056197063585276,-4.078707155767903,1.5638810182365104,-0.2996133388546754,11.412193067627268,5.373652198976072,10.634670228858814,9.037800657148473,-1.0793808886889897,11.801417647562133,4.711390323739781,7.8773340628233735,3.049378810630756,2.4017481019997997,12.788593026503705,10.514432996854339,7.117247365620208,1.762672560990888,-1.157881838399692,7.582421111143058,-2.2818836386997607,1.5634938898121769,5.805362370939789,4.877132383652478,7.88275661761915,3.0401303898808965,7.521326026702831,8.991454304071912,5.508755865448055,-3.156825174423489,4.465197386026367,8.752140148530543,3.0443016215428735,10.622917202544018,5.206298939506977,3.202904849161196,5.230174790186532,7.108156387735045,7.175242917502326,6.29385629409669,-0.25364359417134386,0.014298326739135586,1.3403553157770693,-3.1343136775870226,-1.568612342894344,1.9331118375127183,9.07054022712505,4.600139366709865,-0.8150056500127434,-4.790230627427514,6.350832056808309,6.462499172460567,-1.7999359690932866,-3.6002305729281465,3.1919972964777066,3.6237348213281932,2.857696959382635,6.349536804127497,1.1282374525834824,-1.3242593912038703,-3.621703505588494,5.2133620870425785,2.967692645426368,6.348112530588531,-0.6318321293984309,-1.3495717890729595,2.2132719257933786,-2.822679788132944,5.8919095580242855,4.687190993958991,8.452616159549878,-1.8838581367052913,4.566954965022152,0.5048926757644323,-1.989404728279161,-2.0416455661429236,0.1441811815575528,-5.9254230362158635,-4.274863014290984,6.608586911495692,3.1456970130923825,4.885844761399957,8.383649610885703,-5.797360286265896,3.5339160129327576,0.7531937346983126,1.458004829891125,-2.6866186959791247,8.22410307498699,0.8533986530359967,2.1926397416886805,1.2832899429679534,6.196401358637406,-1.6253608638631738,3.4941264158248675,9.226242921124143,-0.7708186604177004,-0.9537877873310163,0.6926380201341928,2.6835806845187355,5.3014190004443575,9.170925028065069,1.6352653302131077,7.496116181016828,8.000019066424164,5.449290489086172,-4.332297997595947,7.2471751395541935,6.719047095139033,4.531694011227229,7.872312657118998,-1.1916893378983358,-3.0804594399189664,0.9424859693529083,7.014655944935591,-2.439018923081936,-7.170031331727518,0.8133590635931731,-4.8798960379352625,-3.8464149190025663,5.51984773265797,4.720433146903972,-2.391539238702668,9.123022822525936,5.0051514770889876,-1.3548007582725616,4.383224627153385,4.249735953754882,-1.30479315597343,10.93798238134105,-3.8936906609291477,6.352374754007303,-0.8147965901934027,-6.625880389090662,-2.7127311457686907,-6.502863888219084,-2.4345900365181508,-3.215883219004114,-7.095852602428677,3.9163346008916786,-3.5572363057072027,-7.920446031486382,-5.1970262210069516,-7.968774448155105,-6.538016689840667,2.1164659936203973,3.6322182243685344,-5.328906879167576,2.6519848214742914,-2.1927581730700307,-4.070303881519334,3.2801233433783183,-7.63222603316321,-5.77305191406383,-5.4227867982924645,-8.709044381494706,2.9603873470344566,-1.9917637152328014,4.404169150255019,0.3460641706686261,-6.646009349191609,5.632591357783852,-1.4047053992423475,-4.961026427733952,3.982288956657101,9.218624974244738,-5.392836756201076,-2.870662612080956,3.179441031111431,-7.990153503672514,-0.5971214648946017,-5.576866278557444,3.996734133785974,-7.10347685772218,-4.011471844775045,-2.4839565309390945,-8.562659008908481,-1.2291497750554659,-4.625868193705093,-4.1462932756830515,-6.576466182402904,-4.154178224198396,-5.544196907780163,-1.1074892301966306,-6.182919425987813,-6.8209870228416545,-6.837486170995261,-6.770705741521351,-4.0731633798819535,-5.799425563124774,-8.620120486411228,-9.359556803355552,2.5340787514397842
6.26709853621242,8.310007980153369,6.26108912995462,4.127249529229608,2.5889106179823496,-0.21440251478568978,8.815535461601256,-5.003767060448424,-4.185517602057737,1.4070256138944341,-0.24963331038226122,11.552631274322028,5.405343041337615,10.431777066389955,8.971153081355938,-1.052768757302175,11.837993279230353,4.738856259098061,7.677956492247875,3.1400139435834244,2.2355880374256345,12.696833149415035,10.520857280877006,7.110874454561645,1.8165418442781012,-1.2400849387046304,7.702998234453518,-2.291729375678841,1.5048976047352187,5.6044143684669,5.021452169925896,7.738859380583343,3.1206791956346773,7.413834718882639,9.145613572922715,5.512825678840072,-3.1475379233351477,4.625082463445781,8.779469683590133,2.9079351016692114,10.459174630007505,5.0422861579902225,2.976488486028564,5.560680622220717,7.190373692608879,7.066045508964716,6.131497974951106,-0.19768474000263114,-0.27051319061342055,1.3187168901228004,-3.303716877340586,-1.7034029747919621,2.0434316865621516,9.021629925649814,4.607807747292901,-0.9367248968175412,-4.9328913381640405,6.565074595697548,6.583945444257343,-1.8897103558848272,-3.5705264966482066,3.0666646970660403,3.9215141860292366,3.029267038017464,6.487173408437876,1.1803932919397468,-1.327309380858766,-3.5776060842256108,5.119701514964931,3.1661688754718473,6.612815006784768,-0.5236485801007401,-1.3355600696949328,2.1249878599704948,-2.7815656724945006,6.165618582173193,4.765676835181461,8.643801738092485,-1.7346446628333199,4.511050290124946,0.7659046164047187,-1.979078484653538,-1.7122983498134416,0.060704597592683096,-5.968702695059801,-4.3091681631777465,6.892351950470814,3.0090081712742753,4.866938675619394,8.460814384545513,-5.806574714659633,3.5891119499732413,0.9379390849606029,1.3200713368651116,-2.5529694911853906,8.34621686421042,0.9157955010947184,2.223684281183187,1.2071295227960588,5.972058737776173,-1.7410776366277574,3.5542662064246024,9.247064062416374,-0.8018930047431332,-1.0881424114884632,0.5974750035458617,2.76194930882913,5.2537132798562025,9.315552565497809,1.578481880184059,7.637839453973368,8.094255783482033,5.303648185989302,-4.196671008979001,7.317549202307454,6.861239499667847,4.4207862514215925,7.997597117901753,-1.0075507150394818,-3.1663248489970592,0.9134611362869934,6.945565433748182,-2.4988579207088946,-7.3602832515684335,0.7816345187062506,-4.908484699389118,-3.8006957504919354,5.440778295999901,4.809473645771974,-2.431469864044798,9.198054178297346,4.999234303827463,-1.2893169376110487,4.5554813335782125,4.2336639146530315,-1.3085622380085862,11.102669950173551,-3.708324257624533,6.270648079183405,-0.6296323251915358,-6.740803181352897,-2.7496281358877153,-6.4028795809851,-2.296700226436369,-3.32620766328023,-6.958249765030979,3.9165327803422594,-3.353185458272093,-7.996795219743561,-5.0959846584159445,-8.1144322355172,-6.501498493072725,1.845374141652888,3.7003629360090677,-5.437268531768196,2.648839771847675,-1.9608912031051104,-4.062559271501856,3.0888660108618318,-7.711231132898393,-5.681866331066157,-5.487721453407193,-8.781351666877118,2.9759986516736743,-2.15855183336938,4.414094574670208,0.7566423482869257,-6.609026103564098,5.670187309781543,-1.367209734197894,-4.915764665904179,4.059379527711068,9.198364721532025,-5.247659736961681,-2.9564323492249014,3.004053173650715,-8.079233297675483,-0.46653316411751516,-5.6904826328955105,4.411722072675379,-7.252292999867765,-3.7107586107484107,-2.3526537474730453,-8.64208500464947,-1.0781377525953362,-4.673060305072903,-4.244029716330887,-6.492427656220213,-4.010781634120008,-5.676030240206184,-1.3714145756456066,-6.008610227910466,-6.8032424485997165,-6.787736117434809,-6.765945622187596,-4.205542870593937,-5.891368180077586,-8.715897574570596,-9.34533523888539,2.5652054542277463
5.959861312800736,7.40252803931622,5.377386564545277,4.4355789306155025,3.021954990390386,0.20533182584224102,8.67532046056368,-4.664935688777765,-3.894816007640254,2.0026182086074464,0.3512751697271364,10.829661609436473,5.2194338002883445,9.686011222019074,8.529618291625999,-0.32204815950895516,10.69105499629966,3.8410434263883584,7.739112451354743,2.6012193734653346,2.5725938563077353,11.544659805569188,9.518998150264382,6.519440494217372,1.5388942385763311,-0.8515486782851136,7.092854458000152,-2.3221131455533564,1.007819280494523,5.792640217830257,4.4785963573166585,7.777450050006834,2.81651914132595,7.604869832042961,8.573241193311572,5.811759979249925,-3.0380343643370864,4.11361382500129,8.186840753781565,3.0862624938643815,9.589151714046498,5.422229551925536,3.361102749694532,4.546120797981319,6.1583560643279185,6.741316419472852,5.609851225291943,-0.4125474133860518,-0.22533877787309387,1.0669523910993846,-3.3008196982611233,-1.4748353068528681,1.4768330298537544,8.352466093193405,4.493599233489522,-0.1401148256228651,-3.8842649395868047,5.531401367692015,5.686310483554668,-1.7338249949655558,-3.3356722531335232,3.515086378318652,3.629529834144337,2.914093150189194,6.269217326281414,0.776726953425474,-1.4563277653179847,-3.4143184784510217,4.8993439376000145,2.5318162527545014,5.808911195891896,-0.9045596920553308,-1.3093655230814731,1.7446419043627852,-2.376468622218198,5.661483942119655,4.292396731465498,8.051489468641106,-1.9250617932528284,3.802288434823884,0.13150962140105857,-1.8163575444581492,-1.4903142136784173,-0.23328764828537418,-5.169109048827683,-4.298826777005881,5.6946485934182824,3.2855606085665343,4.618798103443111,7.840593836671315,-5.504598364712821,3.0551346805296085,0.9638284317841539,1.3416971408544431,-2.294973738413316,7.594190561333295,0.31124772910364773,2.4544351327397687,1.016725283856327,5.500233960319174,-1.9805248046379007,3.062544598597209,8.04843954720785,-0.5257638845092865,-0.8456913086718137,0.15034142879412776,1.873389383143727,4.362581975089625,8.182243687747295,1.3667051342610208,6.6423521581268234,7.033353408621662,5.029015679418856,-3.994025186216054,6.356484599030085,6.112342292540569,3.646895003347668,6.903506145869749,-0.9021526031260705,-3.3505329006225466,0.7805561950847606,5.884091076610295,-2.3255836506575576,-6.34716759156333,1.2265665658413338,-4.6753497593287,-3.4338968000749523,4.599276990221397,4.002116592808475,-2.470911261892228,7.866979287426212,4.151220828254898,-1.701755150257648,3.706424859507435,4.05864696720567,-1.5505351830140641,10.06363577417856,-3.412418181423658,5.645338859032294,-0.8766894997296882,-5.961377149314583,-2.2106345102669223,-5.81524221007179,-2.2959179320034617,-2.809275168430065,-6.279618468827844,4.095973411441092,-3.4306031610980647,-7.029882506349226,-4.968239896482216,-7.101140114322427,-5.8820658157944665,1.911872138354528,3.059938286514633,-4.7142506276352965,2.0535662906008247,-1.7511253451177715,-3.689349037773789,3.188285033242003,-6.690101346813818,-4.926273762613574,-4.6838214529169475,-7.864601076164732,2.651844266088813,-1.8191347166465184,4.120474216527116,0.6730266251202658,-5.923378440613074,4.911419019675986,-1.993619530459214,-4.318162955294056,3.600196923932426,7.986959721570708,-4.575973741944734,-2.5223865466275863,2.9794219157314528,-7.120017076218744,-0.5770806385788927,-4.8610507092235835,4.303017106717604,-6.414313352226996,-3.252773740956162,-1.8658768952440867,-7.686444934577366,-1.180365274397677,-4.034771323016919,-3.6996983201231135,-5.926848304983567,-3.650712230437741,-4.659010720230286,-1.4179710951529734,-5.3485132861904106,-5.9826564741216535,-6.192826301458562,-5.967177485121399,-3.878796674491001,-5.339680297578975,-7.890338059774163,-8.165971503690367,2.063187632610755
5.4266191699821835,6.950980353100904,4.588355815592301,4.896621120418743,3.227191361403674,0.5585306599707599,8.744737526777325,-4.430163114727936,-3.7366797043084556,2.589155781655164,0.8756871173294579,10.618218338178524,5.558412294761164,9.063582551929668,8.412558738589425,0.14065868592415523,9.763931073277199,3.199106764992476,7.733784019841365,2.180997379385001,3.2140382476550404,10.84894664538506,8.738761730049625,6.099180813965642,1.5326094072067515,-0.7018959093021158,6.992056582293117,-2.2036263648548466,0.874610730555324,5.818436831440836,3.8748465384792756,7.669990918383458,2.67437117111143,7.640393191734518,8.280848008345247,6.105650316622873,-3.293952209569839,4.004597074714322,7.8426664078227395,3.1934070637870287,8.990681882620509,5.841804225677664,3.598665158834357,3.9197159858878114,5.249983619358614,6.522716669991256,5.2753577164965515,-0.70581650355797,-0.1438196566400534,0.8600541039776217,-3.3970253941080113,-1.1666518820458418,0.8562010691782606,7.697751449307277,4.422612697940934,0.6597893088816245,-3.175521565044045,5.293156696604898,5.204494263567991,-1.9823132892229651,-3.335898797219039,3.846511271646887,3.3152618215027236,3.120993941913643,6.291123092826218,0.6877500996000463,-1.0409959303688165,-3.4040956127328608,4.3830003118339524,2.334999723325035,5.463413700314851,-1.2191231799324909,-1.1567642925887827,0.9957312565585064,-2.0997762027923863,5.001208385009389,4.333051973463383,8.003820022782273,-2.4657067333269787,2.876252301206554,0.015295111361854664,-1.6214042672275728,-1.707899508288164,-0.8475632668626013,-4.744346442840119,-4.24816600419027,5.040337419552483,3.403143148627181,4.60747818900116,7.724349359197421,-5.1544275542945766,2.894884540840386,1.4478246574963067,1.5375808667252877,-2.1160834001582756,7.123735265258114,0.022590680128894838,3.054584088418568,1.023714921522939,5.220532106385228,-2.6624473079377293,2.479919706887495,7.080838127397859,-0.09801285304282019,-0.93716003237341,-0.10084039798974609,1.4311858844710565,3.7582648404067727,7.473044725328972,0.825010411795235,6.167626991068129,6.472996478903444,5.216689862687157,-3.874667508742423,6.091645140764444,5.880319884353498,2.9210926186087502,6.082207758930879,-1.0407068769914194,-3.2992004896414944,0.6329604329348422,5.203109494513792,-1.9100067469785411,-5.822800741909727,1.5395476071241658,-4.1921693835133045,-3.238308233119657,3.8278760033510517,3.738257607257199,-2.3717794949692634,6.901222057971474,3.7138335580845707,-1.7884105999837538,3.265776454345626,4.229562243678731,-1.7520765867032269,9.554127568343407,-3.224759757845734,5.446390701284597,-0.9625416699017297,-5.757075325829015,-2.1170983080803984,-5.454962400846712,-2.3310811645516942,-2.692108023524319,-5.922453608932631,4.317686174070223,-3.6609497834957807,-6.581522837002476,-4.8494100925138355,-6.479715416273753,-5.375871908352246,1.914898877663992,2.4182461889351807,-4.256488800441398,1.6541409681842407,-1.4375093737181757,-3.385626220060454,3.4938769531983387,-5.925873013198774,-4.7421368500026135,-4.225968399098937,-7.198042662799854,2.890883683897567,-1.3836169774367408,3.851047008195625,0.25873551145258233,-5.42008940812961,4.335977188571056,-2.2932395537936863,-4.132400932613987,3.301166954167328,7.032976768200939,-4.27624728769525,-2.1933056690445714,2.670058145929833,-6.409589320516687,-0.6340060266591289,-4.516502549113607,3.831526761883446,-6.124887001045535,-3.213309559130398,-1.7321656308462579,-7.200072120119561,-1.0440328033443287,-3.7236384292024227,-3.6785071136723753,-5.555165317940951,-3.5565138323115617,-3.9727640922278016,-1.5353394787870474,-5.085087896125356,-5.5940413042765105,-5.9466229239783,-5.782506452026269,-3.5381486311469357,-5.013878881690809,-7.355978523051715,-7.645055397758241,1.5839379256941966
5.299455290894374,7.673623964846039,5.039479125478883,5.03151196921479,3.0091821443063957,0.4129238412592294,9.111258036069778,-4.897597758794196,-3.9192996100895066,2.3704256846898173,0.6010818143087254,11.11297569936735,5.657639743430128,9.644753488885978,9.011449486309367,-0.21242412627273177,10.32143927416581,3.7103578322108675,7.799734044466365,2.161415342807905,3.2487357758144695,11.764133697902558,9.33701953253317,6.515233174713549,1.8732702818737743,-0.5237686685290119,7.344331078527615,-2.202710218007411,1.2878827727909388,5.957338398634554,4.2133947844297746,7.824908981966696,3.160127770919532,7.716431795402416,8.922521575476312,6.029029927275531,-3.306501041950606,4.501212432670951,8.632535066158052,3.074700102265182,9.767690979191938,6.06273100199133,3.3525047552955582,4.476213588057615,5.939312072730416,7.11360871459576,5.826929834003993,-0.7044147153421212,0.18375427269189148,0.8315377620669954,-3.1495718191346076,-0.957584032788735,0.9254870769194181,8.049304101725074,4.683739260896004,0.36633350773595863,-3.588352646095534,5.868633968893715,5.770402188405064,-2.0211745307729196,-3.6504123592850224,3.906469888329543,3.666958711366716,3.470933640234805,6.723831304402934,0.9793450497123768,-1.023161920784156,-3.7977574207075158,4.681384816821376,2.798993394308021,6.0284964227123945,-1.0145450689924334,-1.259225292494045,1.1483072388481588,-2.3989063064517784,4.979466500770825,4.5861478330278,8.56273951305364,-2.4192086875806584,3.189548897585315,0.12699711651086001,-1.5428481810543455,-2.3154055488629885,-0.6046455844944193,-5.187846480628602,-4.389323899541182,5.669711913625961,3.396667589558181,4.835930246730835,8.48900293094244,-5.33862073322307,3.2668728860595664,1.4559527944286106,1.592670994738912,-2.428485764192091,7.898938286180867,0.3989207164438856,3.192116424011135,1.3084065050474534,5.53816256671298,-2.427896144011942,2.872847024501182,7.824227376506062,-0.29421608047804054,-1.091475581259712,0.017664087380177017,2.0281630216715407,4.070264708989632,7.938015283019338,1.3527890550449702,6.690754101894548,6.884815949547395,5.562996818630756,-4.0243624850866695,6.566222102267869,6.322884709843185,3.245257648704225,6.805715091601776,-1.1867475870901458,-3.163096070554566,0.5864552232981773,5.987406456888504,-2.1663017351821177,-6.386345444196474,1.1290938375113186,-4.643110877421664,-3.5240763418361274,4.318823901620879,4.42396866351752,-2.340646332813118,7.758439198948104,4.409307923848307,-1.7618446940898203,3.81719363288559,4.796397402103969,-1.524839907502905,10.251601201001705,-3.719176456670484,6.140799755441438,-0.7495445766505092,-6.2049422693338325,-2.4381865881818126,-6.113202097942539,-2.572218488932829,-2.9372385950539353,-6.6241537643471435,4.3344013636930825,-3.8371827027166225,-7.293995225642477,-5.168096229661747,-7.193032021529808,-5.63709632602181,2.1971227488127965,2.7187359561555775,-4.985934858809869,1.977606375869206,-1.6591973776745326,-3.7558299009678384,3.563840222148303,-6.753644072642289,-5.3325557480107735,-4.820761782521625,-7.899863800151485,3.1827000468229842,-1.5632845415277559,4.133348356645969,0.029467547008129053,-6.109365740127715,5.1091950061332625,-2.197986918969841,-4.637464242105988,3.812462887725567,7.809472853995664,-5.0045204661269675,-2.400757799156143,2.779549372541696,-7.094073017619771,-0.8849355327068644,-4.75975762522,3.5144645380533897,-6.6842331507783515,-3.938974742852663,-2.1466152915012895,-7.919728447360294,-1.3212876072774473,-4.189043074434526,-3.7141697514230763,-5.999642467934587,-4.085790983336326,-4.636045020507881,-1.3665396872686169,-5.811475696091929,-6.253251694657526,-6.4831106321109075,-6.466704484626692,-3.578833077489037,-5.45123659600703,-7.894261669171278,-8.379231681240219,1.941796019835186
5.837760083234795,8.262436388083794,5.679578957742588,4.895477925135842,2.764841942810961,0.3610826486606724,8.980785374426212,-4.897210295524952,-4.240587000297866,1.9703144910551345,0.4399892081188962,11.635153383479263,5.757440105057011,10.120531766880372,9.06451126222693,-0.2987680757384584,11.242203040037262,4.164442441270403,7.87856035620641,2.7393423559583727,2.8996260168244814,12.405343350984937,10.044624078342109,6.983974734303185,1.9569623595119476,-0.9050723039539281,7.833835301052879,-2.49231483317928,1.372066073240074,5.9535323750237055,4.716408014700118,7.90134740399832,3.4637256151417724,7.655386833538578,9.366548508107751,6.018377853321998,-3.2579112487392057,4.931904684912552,9.015417660559494,3.133907085312747,10.180803812557006,5.705683986375225,3.084339630662146,5.2591696448953,6.647997778093466,7.079708081676629,5.849803917723736,-0.30774898812758894,-0.4766239469370924,1.1283156104839833,-3.6051585399551627,-1.3968885676009444,1.4381624448521357,8.648236185494444,4.801862398706086,-0.18514069624716528,-4.35610656442641,6.287005202520054,6.276465174050966,-2.225068539821163,-3.602780763270555,3.6699331410093294,4.249552310239906,3.592641529567432,7.11180170498798,1.1516399423488073,-1.0846326097194232,-3.8478390934628846,5.0710303910057934,3.3323925995159422,6.57841485262687,-0.8394799095759046,-1.2484114154583226,1.573085945501988,-2.6609688717368987,5.893485037419862,4.914725473098821,8.925824216599741,-2.097549490271646,3.743033832429545,0.5416410450045566,-1.864420450837258,-1.8943374770867223,-0.43555701712646794,-5.711132997769312,-4.584530250970355,6.382076781579828,3.420568542671156,5.133201711291314,8.61600082832628,-5.75787530077385,3.6460181124300446,1.504392018425654,1.4163638117080748,-2.3454316201057375,8.377230910456182,0.6802367653101735,3.0194202628209146,1.347357699629294,5.740403022487152,-2.3033715951512828,3.297728563558942,8.639260677040125,-0.5352731825595753,-1.0674564208896238,0.20170325161184433,2.3699944119216236,4.628484199519315,8.790711988628038,1.541002227515901,7.33493930490835,7.641030903636907,5.524138244116117,-4.275629807330236,7.006398568980046,6.776425331610152,3.6499755879177425,7.640759254591084,-1.100507085694975,-3.4040086927948936,0.5203360723734632,6.4235902486867325,-2.29222540308157,-7.027117280223425,1.1218036251603622,-4.9911816941936324,-3.668818394692728,4.734400538312437,4.626683090651113,-2.352358348993789,8.524966394656133,4.738165398441846,-1.585862156134023,4.22593566804497,4.772413842784209,-1.4651817445066952,10.956265385687571,-3.760922044332862,6.244609004239186,-0.5487548054421869,-6.683762030428766,-2.5529780785801464,-6.411744681610526,-2.317653256255015,-3.047053078993887,-6.849222015478073,4.212700112005963,-3.6766761860998227,-7.761234949405704,-5.325777923200228,-7.818204585198259,-6.09498919885686,1.8716505483343557,3.322920731036089,-5.198904809725411,2.263091435895334,-1.7272173436850298,-4.095028981587718,3.418919650045058,-7.520677719755752,-5.426372298084868,-5.238296125730906,-8.546613512357075,3.1716053567920692,-1.885021081857613,4.333427401469692,0.6943431275016632,-6.378000949705456,5.537588763763151,-2.005583924343209,-4.79904492530112,3.9925812013075133,8.509453624612034,-5.015201259109194,-2.8259826962336696,2.84357768541076,-7.699953926673872,-0.7663833234447239,-5.251962673764882,4.311009505058413,-7.048024154181733,-3.771166516660391,-2.165919684750184,-8.6529004505198,-1.287208027393402,-4.639208223337855,-4.112960559872708,-6.308908623311658,-4.267136371934017,-5.1991207655850245,-1.7300409937679482,-5.99367058306742,-6.541603035912452,-6.807417718838123,-6.698513857969853,-4.020206848887516,-5.910061387750685,-8.671328560181708,-9.078708571524869,2.3639249038422876
5.9856261241443365,7.147858897798821,5.620610598810913,4.21956813277091,3.2870385863620064,-0.03844386294028614,8.935664452032265,-4.573902428781614,-3.7811082680611765,2.0942063155655832,0.07526372947803987,10.410163718970809,4.912020638570056,9.665996626141649,8.30380379945805,-0.705958008628583,10.710346354335872,3.8350236906051984,7.977771925053192,2.6688597099285776,2.6517742453820055,11.508508428147668,9.455426136636722,6.334168136233845,1.1727676573685024,-0.9056147527733686,6.580033972145176,-2.272095725444667,1.1803111938669242,5.717428654340181,4.122759748359514,7.9640134185194915,2.4817408944714847,7.725956118172133,8.038888936122627,5.518754109963772,-3.1786260835460096,3.4848555072944882,7.746713156642468,3.1162570015702937,9.69200172092106,5.326886819126114,3.729904704947192,3.992053842656275,6.191559259399133,6.7155770810131195,5.717880060502825,-0.7894424756455958,0.1665805454053663,1.0192591793740549,-3.203868730959955,-1.4508454666664334,1.5149224135550698,8.547032310314474,4.226960618875226,-0.20350235705864483,-3.8577119094623975,5.252104392459446,5.5559107009303945,-1.4295822721025593,-3.471227043842729,3.48161798718109,3.0387984872745624,2.3033220231284006,5.52748807959469,0.6124918918018222,-1.4991909985630008,-3.2786168725436053,4.729405645645035,1.9243894029802675,5.259882827518314,-1.0958898680896205,-1.4557655556266822,1.8993442296539507,-2.4179287015349273,5.344098076729751,3.9776212858239623,7.464627359529947,-2.064643187244279,4.11213078911133,0.015493766198055694,-1.7736013097573382,-1.6821787197777707,-0.10975516307419954,-5.080894103910622,-3.9243898710611305,5.4255540623034495,2.8666493890446527,4.101498427100613,7.67640112262737,-5.331633512490948,2.900082405195509,0.6360474885398492,1.5046509892818507,-2.604507149707435,7.101026994393849,0.22704322138559058,2.3130896206759544,1.0448168684991586,5.806830427985504,-1.6569422000288268,2.8377815841135448,8.120264920147932,-0.5909132138695417,-0.9682600842837508,0.5479300559946432,1.9294651622808532,4.579783478645522,8.038381188389733,1.1308033726330928,6.422422019110419,6.975040219700513,5.07624122942319,-4.0622077131073295,6.370217509214938,5.676059296852341,4.129573245105708,6.514680535553987,-1.1880548429651192,-3.0321119491257558,1.058247188597952,5.944270079684174,-2.2349058481980797,-6.0735869792450625,1.1887802886741077,-4.249592943867904,-3.5575700095967493,4.891575168015643,3.988069781615429,-2.5301347850119007,7.892560423020752,4.265886026473634,-1.7317619615832998,3.5331766537018305,3.8708516449002865,-1.4354428597701572,9.668656959683052,-3.5582295522903307,5.7119358609261806,-1.0318702980925158,-5.753272235607607,-2.093190587757655,-5.727200213223406,-2.4290065329373896,-2.817617393797456,-6.31146264643904,4.125112605128699,-3.547384337446775,-6.814397875702711,-4.856362858252262,-6.907675995950993,-5.923763767643816,2.112523794520508,2.724117370481348,-4.697979859738245,2.225914436831427,-2.037447100998039,-3.400154128655747,3.3072010748802527,-6.338611393006137,-5.087436100944155,-4.448532382840061,-7.447609244596038,2.7393816387299377,-1.9313393132352044,4.076090778652233,0.141781809466645,-5.8212601477455,4.585650973471316,-1.705543191493687,-4.551052537740491,3.5877499508603745,8.104959423555764,-4.646149846474697,-2.576846633340688,3.3471317681944615,-6.895440107228253,-0.5569066184944153,-4.790726817816142,3.796094382029663,-6.202271092206884,-3.4087165494710834,-2.065964664539973,-7.368584115937766,-1.0048114330116105,-3.847176253906003,-3.5710599513997368,-5.860433024504964,-3.4514477948964712,-4.506258440277862,-1.0158214375777443,-5.380191413498404,-6.048798884627869,-6.169297335768664,-5.9028951552316125,-3.8001383279027143,-5.119664386070877,-7.475216562387132,-7.968841414417405,1.776298418218854
5.998301721596409,7.4531004076691465,5.268038578184583,4.111789043339606,2.7288747840358565,-0.12555180828119397,8.515736444308894,-4.676350796006623,-3.8950041203139625,1.722152872960417,0.048376400965404805,10.876950510421443,5.1133137673467175,9.523048919187667,8.544651998407279,-0.6282745952265674,10.661189127564832,3.897577463910352,7.413362091421473,2.393599761779497,2.2069701545370437,11.455278175830498,9.5272989652587,6.329562566431594,1.6371251442708163,-1.0106500887787362,7.168371561585407,-2.170127745827215,1.1145208112436211,5.590220557214002,4.542724569424404,7.588872243587218,2.6067198617419356,7.4407029214572695,8.6320384731911,5.5775014820938384,-3.1470492310244094,3.986755325564959,8.109126960489874,2.67950269250351,9.603363681620005,5.2862481425414325,3.1719620231307335,4.651581640468815,6.132796067757744,6.781496419354747,5.80036981236409,-0.40483036994513716,-0.17453835353158445,1.1161985366052647,-3.177686788179346,-1.5877959680619842,1.5882584349866198,8.312620172283435,4.58446495836255,-0.3432792021950603,-3.836365022309138,5.753928507401594,5.8513265732276025,-1.6242920644904142,-3.3535152473948835,3.1745235750245047,3.5009163511212074,2.84440289721658,6.026732904954067,0.6465472255782675,-1.4872649551127568,-3.232591782660149,4.735613446076314,2.5680096492501248,5.910100601103808,-0.7789323471796772,-1.0484089059970338,1.5764051065332416,-2.3016972346575373,5.690071365392911,4.066031492850937,7.997369997325902,-1.6754648558312966,3.767366897117402,0.39899696955331215,-1.8469429956313501,-1.4677838799517604,-0.20087786673834235,-4.950053056525177,-4.49057582323587,5.985741628387419,3.001579400179539,4.417707850913889,7.925932506665173,-5.400882716575111,3.05183679104174,1.0289233942102762,1.308282434444211,-2.1835866570498563,7.6206555682373915,0.4752827912970924,2.1740382766465336,0.7959858602830132,5.259678571379686,-2.0008064956361085,3.033341664962052,8.127227700118501,-0.7422625601450883,-0.9717180661543715,0.04075769894272857,2.1813650723439064,4.260005056651626,8.226753077658,1.1501225114501576,6.661008654087084,7.065967951064184,4.829814935927759,-3.9480428718653218,6.536700019069766,6.122114468757214,3.6834829395315083,7.027537374758354,-1.0549294114785752,-3.1905386962625344,1.0333419854578114,6.041400785309147,-2.324060714602706,-6.41028373143215,1.1035804836760958,-4.747344127753509,-3.348049360584236,4.619227955135053,4.259116415350822,-2.408744823646915,8.036706335642663,4.069089498263083,-1.6394343210437425,3.8572499448705777,3.8460272941120435,-1.3653224697322057,10.130948813653324,-3.202896327296878,5.721018734150491,-0.8901990490298088,-6.162934224745858,-2.4406443148898442,-5.718289291487349,-2.294007851876263,-2.9341357584683423,-6.33165152062987,4.026087852218374,-3.0556520775337903,-6.9186234174437615,-4.7138218748855145,-7.054324445243152,-5.977673909076001,1.7409069542651885,2.928787159383015,-4.876575254723671,1.9293454173472078,-1.5063247377520936,-3.60834619756434,2.8336293768242884,-6.484776362431681,-4.915599043261367,-4.507778578159604,-7.67971680385999,2.498755351134138,-1.8568567305139771,4.295287258801734,0.8152318521757093,-5.930480280931248,4.931438826736482,-1.7504647905194008,-4.548148990431839,3.669557140127219,8.099798727285727,-4.50386587706847,-2.490937450437409,2.9212803675382806,-6.967481712015576,-0.27624378475663725,-4.747372578110975,4.409086483889584,-6.49290251250178,-3.1827236744374687,-1.5621728973168867,-7.552027846159909,-0.7538501786861961,-3.9066181797858266,-3.7911974858201853,-5.922373663634968,-3.413776345289764,-4.612489146904442,-1.3929484698609438,-5.356534589239792,-5.91143918089326,-6.327009440653044,-6.046585050978397,-4.12632900633399,-5.4738582899822505,-7.825719456426102,-8.068364012686908,2.056683985684906
5.877603214492266,7.598617277044824,5.458149108556404,4.4002573355754135,2.9750035991462993,0.364503464869728,8.519822481738746,-4.463091439879576,-4.014687668345292,1.9164824896287445,0.3355593627898813,10.55114153295974,5.040642229204652,9.70633785018924,8.32685217913223,-0.39963280267965356,10.687132463372045,3.8712171987822352,7.717588503928987,2.5917578877684746,2.5759560316607195,11.540158376669295,9.46901391781129,6.437958621827633,1.637347387016536,-0.8849176963535558,6.948512971406556,-2.2182337540052774,1.3055623055363013,5.846184141779774,4.2429835491165475,7.694366242967274,2.9010365903789053,7.369669098797947,8.430617381641557,5.5658528859249365,-2.878367626775036,4.071754648524497,8.12157931556954,3.1388160589753804,9.690608953194506,5.279109781344237,3.3349401461476633,4.468840981582089,6.170983117323424,6.562119348908311,5.547710910737494,-0.5216520654328366,-0.3867631728034573,1.256719167963587,-3.3077253529024198,-1.4872841842252869,1.4318359662277809,8.375833341373761,4.351589497419483,-0.2438154525092059,-3.939355575792222,5.384276707911625,5.740689614174257,-1.7807322411857707,-3.3501363087697182,3.4474702520824394,3.544987865506776,2.792759517296252,6.122836756972108,0.824998581747722,-1.29818939837626,-3.4826908687722593,5.012362965002423,2.5680309572832574,5.712404662080049,-0.7656665630548812,-1.3166872170861257,1.7551756886995968,-2.394857532522333,5.51328930555613,4.335846519056001,7.855506727564152,-2.0103983779123853,3.835274435660926,0.30815014024062437,-1.8142007200727226,-1.6666150274008669,-0.20251845528284856,-5.1036127746152555,-4.179685468743046,5.633123184188711,3.252251015658835,4.4807136660746565,7.665421661556172,-5.471053606702939,3.071687581730779,1.0590931970456516,1.3631577984885976,-2.465006231805683,7.398089622335939,0.5081810534550693,2.493864225535118,1.1764537762590332,5.570876564659075,-1.8502408328537259,2.998845344856729,8.162076261436784,-0.4872436773348976,-0.8426541994337275,0.3456810884573093,2.088501733079192,4.463579605520191,8.060000651745753,1.4039825849306429,6.530411779679754,7.0331425489157064,5.0084169734013715,-4.016184360810304,6.433130456949725,6.086356859706966,3.780790398933997,6.946951988035117,-1.1191413988447156,-3.085439220874989,0.7048652469360112,6.0649207224658195,-2.109765321124408,-6.3519530399451085,1.0631912901047724,-4.527844630631375,-3.3994361985148234,4.704726831883898,4.0855304748174195,-2.276851513745142,7.931489307506485,4.336034752266423,-1.479986238485264,3.6104553302284463,4.11073779967581,-1.5112911234382143,9.881114627562928,-3.4429453906409173,5.695628888835588,-0.8483126448555384,-5.891314686950173,-2.1935307283175107,-5.808411119606721,-2.3582742990582544,-2.719912443107402,-6.439292523803953,4.004563564147265,-3.4236018413376454,-6.9708936497518845,-4.899793979549527,-7.053410447574234,-5.906871714050703,1.8599780340469003,3.035016429374298,-4.572223361775976,1.9954470189466171,-1.8975563670699607,-3.65548883601633,3.200952180852218,-6.680698923180113,-4.882960064051698,-4.603635921737846,-7.70233641718212,2.7484971867196943,-1.9453166322115627,4.245716677899548,0.5248754234947256,-5.838517822201001,4.978657421710705,-1.752445070389898,-4.48967589261257,3.513791588230969,8.077559647943248,-4.501960280772044,-2.404855345624185,3.0551085378824547,-7.003572078122179,-0.9282488174062238,-4.860072874048251,4.000974404946805,-6.387235892151931,-3.340307348537664,-1.923934368158876,-7.6916250339046295,-1.0993903033037666,-4.282624071597258,-3.6269119550250957,-5.7741969096895716,-3.9614744865545912,-4.699097051851313,-1.431886798059594,-5.327510737046431,-5.917868687463878,-6.1554728780183705,-6.1196530960427475,-4.049702107237335,-5.307601758738742,-7.700802602169952,-8.200358214551047,1.9471618476425625
6.0925123004818,7.460678537015275,5.5925330516866625,4.5929154234287095,3.1217156850701797,0.29538791277356186,8.977750089395224,-4.654778567759732,-3.953973129870981,2.2312184806756137,0.36649215052099904,11.065149573633375,5.52139576837664,9.876526399013906,8.49109103186232,-0.3575282430505516,11.071084564139225,3.961527596312537,8.089428179869886,2.9608982245401085,2.843225106460969,11.905246974403424,9.756806905720612,6.865728752099774,1.5235058678704818,-0.9562087415753168,7.2345092958992145,-2.3443255748798304,1.2679029272211586,5.770315097918366,4.485952852773786,8.029791376130836,2.8847321461448545,7.774839676191305,8.593247035479743,5.972345877744303,-3.0872793854408425,4.18610000322095,8.204965711017902,3.2481996115313856,9.666532113208868,5.393601862126365,3.544598466866324,4.614052734534798,6.3078272878643284,6.5973311943405,5.452125457099011,-0.6305559373633594,-0.49466741017514054,1.1322712081917339,-3.568898442917844,-1.5051500389789303,1.551222220455941,8.614070471211226,4.539705558209662,-0.16027134794364603,-4.185714178332969,5.644653653243997,5.7105894256541765,-1.9499768851514967,-3.515662066028989,3.6812723026099143,3.7140911859986954,2.949065063488926,6.371052226364826,0.7964924148635439,-1.2169169457816276,-3.517987505561158,4.946451182242615,2.5345886928239962,5.9496436125890675,-0.9773924421445073,-1.4383305886894349,1.8205549940874153,-2.448598822120522,5.924784974096844,4.463070241213069,8.24242774021879,-2.1535523721368226,3.895169839478412,0.2285040126908446,-1.8772764785423948,-1.2716718323112166,-0.26256002015876045,-5.522263083976958,-4.2892823757499245,5.815055889899523,3.302809604493698,4.7930715794047885,7.879094361688224,-5.606388012098851,3.1875316725627707,1.1076238870205668,1.5172887895525828,-2.4083533581229544,7.604757573792689,0.4226622282669353,2.77220034474544,1.243023385653651,5.911026221726035,-2.0875579770496797,3.095981757451598,8.229315125168448,-0.4084154059109787,-1.0086010683411413,0.387512661204684,1.8835783869750542,4.739438101069173,8.465743545696064,1.298646016016447,6.919621248163006,7.386675561066574,5.329799539883434,-4.129275233497944,6.602822183023951,6.2609916331324085,3.822217106515897,6.967404993133138,-0.8917731915145547,-3.3824363831835016,0.806884567929664,5.858770537661997,-2.2664469949905777,-6.630838342891493,1.2001667867197845,-4.604365383908339,-3.5382335572909804,4.714662761843677,3.9531402757396,-2.549278552677388,8.015159862102868,4.425737897824877,-1.5950272423036618,3.7637435377398742,4.15182086640872,-1.6706419713756722,10.369942396517226,-3.389670819462791,5.622485861835472,-0.7770906293115394,-6.241363265595446,-2.1993573732535703,-5.868432937978513,-2.367920204263115,-2.905832920835421,-6.387248053056339,4.09851667905594,-3.7224170910986096,-7.306011168022802,-5.093070661598832,-7.34109099209367,-5.987121321210344,1.9786964396368263,3.0469435442286175,-4.729899821803061,2.189328199944337,-1.809624092492875,-3.655163526627939,3.50275094737493,-6.884310252945053,-5.12162287013991,-4.814949292628696,-8.044845142269098,2.930624090719449,-1.9494516322914406,4.074649621794836,0.7658794205145814,-6.046531105165039,4.865608462745686,-1.8895746076328273,-4.468664517770211,3.740638761316812,8.105000308318564,-4.598345297151958,-2.703471002460069,3.0140177035470055,-7.315857315000492,-0.42528719975409374,-5.11974153984393,4.478691563070913,-6.6428042890444585,-3.1893519848762217,-2.0936010629252957,-7.972496623394546,-1.093548591438681,-4.117955902021305,-3.951779011236582,-6.169694723941379,-3.5589826731464687,-4.83926997953341,-1.5412098857073586,-5.503233303806666,-6.160170478571759,-6.424265202987795,-6.132028147675835,-3.998114736899497,-5.544636454913573,-8.105107067546157,-8.50856421868981,2.000826003125271
5.36785338888108,7.644280322471635,4.846593405952283,5.223464956474372,3.0494830534829793,0.7286156120127335,9.122712208180921,-4.772478609819576,-3.9670602029977395,2.549655037514189,0.808966361247236,11.256875759175147,5.962772478814701,9.462909942283147,8.911497833193335,0.1305897385695124,10.331633245713952,3.513913082785245,7.956269040740668,2.3533937925339554,3.4799938994516237,11.713273045608359,9.220988172757856,6.711005641741569,1.8378654757582351,-0.5418567971553498,7.610881385415875,-2.265977588382025,1.1210929439835293,5.9886141151953485,4.194792157954816,7.873196517567615,3.1384429849886106,7.778212961364444,9.001500546510195,6.280349600875657,-3.4182631686049176,4.674569400080772,8.54555904672146,3.215445179334835,9.54229049125658,6.129491873135674,3.4436382847283786,4.450518047395413,5.693857191705172,6.870875011562655,5.5676878915790065,-0.5955513317350474,-0.3179585927731442,1.0560770082564712,-3.562980507367566,-0.9703055178480737,0.7981854314419653,7.96240251214035,4.742847252653365,0.6452423308457447,-3.4742473916592678,5.850973928730266,5.70527479525298,-2.286718716868694,-3.641485743267339,4.059627252241902,3.908806498583194,3.5856205001051134,6.918792944220744,1.0491396959636643,-0.8406696503504438,-3.649374181657817,4.623167824759357,2.9378700759659147,6.149498052345659,-1.180169167037321,-1.0824382864598112,0.952191174110291,-2.2516397960244663,5.293970038209559,4.768418424785064,8.721278965145029,-2.354580788170436,2.9161042972178204,0.22394973042184885,-1.6174771074082686,-1.9067945886349145,-0.8685028447117165,-5.122428511785585,-4.468834325270329,5.5921313795147025,3.4102633812760694,5.016560764522865,8.282755763717747,-5.3151915138950665,3.33607177734803,1.6368305336325493,1.6796271209212483,-2.2825968980494244,7.781869560438389,0.23477477057752383,3.4768219036909382,1.393359182188686,5.470332128417312,-2.7776542270559714,2.6453067791985605,7.638696945989386,-0.07081900035807097,-1.1845765596146078,-0.04246450791532249,1.7468369668039576,4.031475816769592,7.945378727517085,1.1481772242900365,6.76405899837468,6.973694405488344,5.619122164145531,-4.043795856581285,6.5691185811094845,6.391957063808851,2.9119740008529713,6.728723998462639,-1.2178325996091834,-3.4145423243167685,0.46036451605254247,5.6361907873001815,-2.180201265283954,-6.410209713307612,1.4078336475472446,-4.5207960662362385,-3.487194332594402,4.018368905646352,4.239402528903963,-2.454898854494658,7.478383756339524,4.2795310046322514,-1.9158388238784112,3.7085642175552698,4.7338162913496316,-1.7712162468096468,10.298124445105218,-3.7010751509731565,5.894760919536923,-0.7125793894483018,-6.4034171146879375,-2.305941826649004,-6.084147798791343,-2.413106270275646,-3.0017626510495656,-6.578386621556275,4.3903800280530625,-3.8812160488641423,-7.275359065762136,-5.160446257453369,-7.0690878840909495,-5.47778753021595,2.1832543595839864,2.5557628691353775,-4.931583425034696,1.8030450230875874,-1.4193683886658213,-3.702899805599102,3.7051006406385465,-6.644942622208056,-5.323901792858084,-4.618071494953039,-7.798610663781962,3.218704245779507,-1.563565870124294,4.160063704922314,0.4092326348273542,-5.985936682157245,4.8556560358301315,-2.2721293491285706,-4.668966167543455,3.773851864097392,7.547737986708349,-4.81805603887564,-2.4519964078741268,2.537539666021184,-6.911337015495846,-0.7423762714546287,-4.858671286092319,3.970456295405977,-6.685303562239516,-3.681507096845209,-1.8681123018216388,-7.972496484031021,-1.1573756892818472,-4.2878156907061955,-3.9621317123673996,-6.145330732366433,-3.930097386575728,-4.4149779548718335,-1.7310501073989246,-5.628954969242144,-6.120906480592017,-6.50754831729861,-6.462517280872495,-3.7169453194515936,-5.566098371843534,-8.047677637101215,-8.375765223952074,1.7184273051410908
5.735814770585262,7.927669657639261,5.4967123123808275,5.2046589951961355,3.3598111358924827,0.5576498126823619,9.419739360756116,-4.8698378023928415,-4.078783427165508,2.4925492990983225,0.5755640842784333,11.466563294739446,5.81528467397547,10.156790904190949,9.218075897099792,-0.2181204390800443,10.865265303722026,3.893317232942405,8.16638161241427,2.5319222487830797,3.4293378934458363,12.206102932563294,9.772530761958528,6.7200206291926134,1.7208958073794645,-0.7094237811669364,7.6416012007936365,-2.4259741874759184,1.2195353473340782,6.078886461827973,4.362495943079854,8.128662740053858,3.277918038564429,7.973595587363524,9.02525650202394,6.256175244650666,-3.52141956663456,4.509166737627259,8.762761058485726,3.2921051412673936,10.122510765791363,6.0812854933575204,3.6544813615019445,4.572121641230082,6.209650174622046,7.248249691620422,6.0356436152537265,-0.6082604226722418,0.2145940243698375,1.054178385151735,-3.2246517534911674,-1.1672943287075985,1.0378993779880552,8.525161920104287,4.618616411770667,0.31776416693010234,-3.9272749212038183,6.10543170211801,5.934127310296017,-2.155155473863188,-3.626678135491286,4.006657915929252,3.770665757862692,3.4080449160028996,6.9179329469184445,1.1178648828751299,-1.0982629824699488,-3.76283887737909,4.853210621840489,2.849076814769634,6.122664852255065,-1.1212415834444043,-1.4741336064709563,1.3268811210437232,-2.662756449396108,5.311545539955254,4.7007535089725545,8.74482533772666,-2.485786254974483,3.4460097484013654,0.19265476166913603,-1.7688708531840491,-2.3432617836929794,-0.5600103611779605,-5.606567085420735,-4.503609461151543,5.707605508457307,3.487967874487993,4.932067004797508,8.661253353799559,-5.565811885350619,3.3451407652928795,1.348449282120067,1.6414850939541576,-2.682001086697311,7.976057697972486,0.23905315400802682,3.1948954326801777,1.4178295922540938,5.874706263927862,-2.4931912042208744,2.9600459795173504,8.150480301684878,-0.2745308011367604,-1.0012108918815865,0.25986579045265973,1.979869483564051,4.400232069673847,8.313190269669107,1.3814892003479466,7.010574089971135,7.248121138712766,5.738612940709746,-4.060803265246125,6.865517024071099,6.503733934455475,3.5999255977847078,7.003409630631707,-1.3345222780137356,-3.302345774819893,0.639719955646458,6.168854308786542,-2.1221226165677978,-6.612219642162376,1.2664175085026872,-4.708396787127989,-3.70032895499136,4.562566261793701,4.322274287322963,-2.52196577679997,8.056766426923812,4.556696454627077,-1.7914689303756737,3.922774392934527,4.878511780321422,-1.6852945569521738,10.523384100410686,-4.006311597443979,6.27253181701667,-0.8598622566033692,-6.492809455524842,-2.508075836583168,-6.428802313756076,-2.5399285398737628,-3.025785716628302,-6.848371182627881,4.455004201464797,-4.109825213771438,-7.5812046172915775,-5.365367485688129,-7.411960949765025,-5.87121777448037,2.276545114546629,2.8718522138795533,-5.003451102930451,2.205940414427838,-1.9358422410873095,-3.876724206215092,3.8757584968218985,-7.026828100180583,-5.519917195943077,-5.078863860694334,-8.306771105422307,3.3432831956041587,-1.5790018722521002,4.114497989571171,0.033185390049355334,-6.271699023815691,5.135602435025972,-2.1285990905785663,-4.882748290775491,3.782451680711069,8.174695253521788,-5.190439797892911,-2.6109476356916055,2.9491447764200944,-7.4237668757416735,-0.801033171001874,-5.134511110388592,3.7114515426927195,-6.838656451357602,-3.9486683671502556,-2.340824164016587,-8.254945125839212,-1.3628038201741546,-4.393164290627091,-3.903159544509828,-6.256006602418927,-4.276359288518653,-4.918308780479342,-1.5184678939800578,-5.84891603645196,-6.5203589039106955,-6.628523865294764,-6.656885070208922,-3.793184694080201,-5.705796048457127,-8.271135406921303,-8.709553335438837,1.964019432383463
6.206041394138301,7.983518890206585,6.195121316795377,4.278990175984912,2.544489041075824,0.053683014059265774,8.6216287696574,-4.808026630534623,-4.092898728612207,1.6182437236214844,0.04781744094125098,11.443874257168284,5.570101382747474,10.188072359020175,8.557734809141433,-0.6747849561370113,11.691379917391975,4.693798408264653,7.663926692672637,3.4559571632998605,2.3633889775526917,12.45718440407913,10.332579046645026,7.332344248383982,1.7640577674601063,-1.2758531863406037,7.57462736695763,-2.3739795303811424,1.5342372804073399,5.364124315107943,5.1033576517734,7.634758100032358,3.3330969509555852,7.297492820628137,8.910608489518436,5.646637892363655,-2.8631678005052894,4.841832411550376,8.494837906739473,3.025029241660034,9.953067354234136,4.728518329088947,2.894381289919889,5.560249015723231,7.163426509308997,6.610071026715073,5.5638789498694825,-0.033402911494027944,-0.6912521391231266,1.1345162615065099,-3.5716646747439476,-1.6661367218588745,2.096146369009662,8.755013129091083,4.582984456452751,-0.9310084842695444,-4.994325121932647,6.285071478603761,6.1727213748744925,-2.1283582402030023,-3.5117573439008036,3.19986484261858,4.126068829300294,3.1708596165469514,6.668179839162745,1.0289847703171044,-1.2402926995987438,-3.5501658800699154,5.084352068864955,3.2879483101337397,6.6255695738124665,-0.7249753757256178,-1.2861994015197802,2.173342078595238,-2.6954381798030873,6.449645283640287,4.820300072477805,8.656380149949749,-1.799362745619524,4.4467493554076505,0.5839557034286676,-2.0916569128334626,-1.2275144179905217,0.05345827515274003,-6.085581148949408,-4.358300550822137,6.760955560008013,3.1708378696120825,5.195930544854223,8.06677800279616,-5.860360482992981,3.5609393591360807,1.023981921421649,1.2899637189481659,-2.206997489709493,8.19265121603965,0.7793758799901748,2.4066276345476987,1.370019045032343,5.986832734101775,-1.8359477437413652,3.641042492611882,8.899044876954997,-0.6980973825059494,-1.0352156479342836,0.6879153205116614,2.4705407426504036,5.367871345832153,9.26642950625363,1.4407712909202262,7.6289569444284355,8.111699461046683,5.273600593305461,-4.211178582977099,6.96481760547767,6.8230515713607085,4.190760893047071,7.821502154547758,-0.619331208233432,-3.463168294726355,0.6751513980068732,6.411644674238305,-2.515985443331578,-7.260901694903844,1.1015013778849825,-4.902515965291637,-3.7320972840703224,5.266628485510428,4.2734789401237805,-2.462683840695086,8.807467111509986,4.842455496829479,-1.32056924812565,4.307280525234595,4.158248102694645,-1.4328645405255966,11.062609398566579,-3.5321219776703154,5.713037494190535,-0.4407243386919695,-6.564801434217078,-2.5458405203033005,-6.196608861212435,-1.927705965922823,-3.123856344978158,-6.643653883391878,3.6240122768986347,-3.2514902170864324,-7.922506822356381,-5.106084303388609,-8.063932584921004,-6.301102923543398,1.7306785807045515,3.8114528844597495,-5.091208845408462,2.5850034839142273,-1.6671234270779534,-4.073300100999957,3.306489403119701,-7.709478618318509,-5.469277563107762,-5.4598508169964965,-8.803510778458664,2.883006378378727,-2.0437999613581583,4.195981246456205,1.1198537456057482,-6.508961960665824,5.479543880924283,-1.520518674757189,-4.460441066402428,3.7616280710297323,8.762499119943325,-4.975334262949441,-3.062380297906039,2.7741591873826907,-7.922302639117727,-0.20581495930494273,-5.604406234115334,4.73058240466633,-7.04020370820041,-3.3258766542352713,-2.2795926076066415,-8.61940869517645,-1.0612779546382543,-4.43024677610063,-4.334414750412205,-6.534647213042982,-3.7416953272176685,-5.560295842230215,-1.4299794834935287,-5.78548535179213,-6.640242927729068,-6.727627526638319,-6.44717459485793,-4.069334635143451,-5.831627421979366,-8.78798271906667,-9.275077647302005,2.74182942802767
5.841594180015644,7.850020342086028,5.3866876403354595,4.929390181335094,3.0488779503102457,0.34157760700697337,9.166430524090025,-4.921964638787966,-4.116716332900953,2.2846455846839526,0.5401013017845574,11.459772554013032,5.8480667296419275,9.97204573034196,8.986603661143459,-0.24082472112790232,10.956217910970487,3.916817535080764,8.046684014015302,2.67265856431386,3.165887043350784,12.12644131608362,9.773999919120687,6.860770928810303,1.6945347555835482,-0.8221384215946814,7.595701117886922,-2.3577953475668174,1.1578229585608013,5.973760144314792,4.481281832324758,7.998815385101467,3.1238817423705214,7.831344574864954,9.017918256827137,6.130339688871699,-3.3475422111845443,4.604407703723558,8.628342809437262,3.19597597685585,9.935107212517785,5.861528018843467,3.4510780960069947,4.799440917222968,6.2393087427444485,7.0392584483988525,5.7994885169031765,-0.5431678478641369,-0.1957628540738865,1.006157777842236,-3.504441651495758,-1.3466876686576712,1.234776385824023,8.50354469683201,4.674305657572866,0.17929804088413592,-4.015546531113664,6.0288055837143695,5.92304686405886,-2.1012422873250474,-3.6153926396455467,3.830429198681267,3.865261651632448,3.3938039999858858,6.830537287700726,1.0179976961887203,-1.0138885849657806,-3.709195581914301,4.886048837710705,2.8518346631566374,6.222584627945401,-1.019196500416983,-1.2867732933272191,1.3929553240631143,-2.5402216185459947,5.62349179171493,4.695668440588465,8.6984523038353,-2.2870466248147148,3.52409356785937,0.2507202528651603,-1.7744864141703836,-1.8380227279517212,-0.580504540543699,-5.488541389706973,-4.452810301940538,5.914068177109154,3.418675976009231,5.047469301960406,8.447039510115598,-5.644613012153805,3.413858620623877,1.3789744758330267,1.6052508536263292,-2.4174101016691174,7.994601122718529,0.3851904804251689,3.061382387522708,1.232867648669908,5.813035851748513,-2.438309279600543,2.98874481064144,8.247225924229125,-0.39221234827300444,-1.0814165303218466,0.20073599552290572,2.024476232674625,4.502292814414314,8.46476261796435,1.275335668759831,7.1215537129730535,7.440987639188775,5.633208794290471,-4.1234222113309515,6.82457347427868,6.523926070472944,3.5482652426372034,7.144957097981693,-1.1160275623618672,-3.3903149213409542,0.6394339535210992,6.103616158703515,-2.2683341224601827,-6.720974707272656,1.3226569785025615,-4.729095238173102,-3.662121250505959,4.523879860791077,4.362961363316832,-2.510009485397297,8.097487971521872,4.534965394579575,-1.7292820904640354,3.985815451104421,4.61928833672963,-1.6499936302833498,10.610155558407424,-3.7673614825278037,6.03314067447116,-0.8413254638727852,-6.500767819319141,-2.3787910276752813,-6.214859660740791,-2.4586594159545117,-2.9506000138228607,-6.659632440983211,4.318796823135806,-3.8577700160308144,-7.539201311155077,-5.264650768349323,-7.49331536724115,-5.946675442822759,2.081977767147031,2.9621286933154196,-5.001880803375801,2.1334934722986625,-1.680989569210666,-3.8800446799524733,3.6006197998145484,-7.012011713657754,-5.363577289552756,-4.987902108887429,-8.20467609827546,3.177514304517694,-1.7730554586205565,4.1931565489920475,0.4805437541954698,-6.182641500985576,5.102518050798419,-2.101472902525222,-4.773373821478338,3.8482365443415403,8.143505668160973,-4.930467760594115,-2.6041290865163784,2.834317326363829,-7.389868031193524,-0.700320192796438,-5.168720145478255,4.175797009198928,-6.812845626206872,-3.710548099159162,-2.100953235435015,-8.252275694436172,-1.2041622674972414,-4.375748927855442,-4.07040294723674,-6.243633405780993,-4.016900588697877,-4.84550292500217,-1.6419439690374174,-5.778471270155954,-6.390128526882702,-6.570732876119217,-6.52505569610833,-3.8870907306309235,-5.690307772344418,-8.298125755655798,-8.70578988274552,2.0159031718773197
5.670387676446588,8.11803724026939,5.572554043844484,4.919144517557812,2.801606209895108,0.369011305482974,8.906626883331255,-4.816758593857875,-4.172522158395426,1.9966391139608803,0.46809029253027706,11.43272633693802,5.643947029972127,9.944321679634026,8.96274600034104,-0.25167380515589044,10.97132857951802,4.0708792365624324,7.751675261001669,2.631605583928774,2.958667127929446,12.211723875843818,9.820757862061258,6.837863763086433,1.9388442690746355,-0.8955762667950818,7.6440787458554045,-2.361876229143044,1.268654564831154,5.79919973042543,4.543573678511129,7.7444750975452346,3.4984663664175044,7.5610516204356735,9.19270471198721,5.939098807276963,-3.179478317467313,4.864135576315029,8.893360865528837,3.0467410456948523,10.024761022046407,5.642928217802463,3.1197780628415868,5.131699223816534,6.527484745127515,7.089785839281501,5.815014017816556,-0.31454120869074015,-0.2717005285070982,1.0663953025366917,-3.415779858465776,-1.3071937848271156,1.3875574068373187,8.45381308720165,4.65786933827428,-0.1489090002906953,-4.254020672014758,6.2411260782996765,6.176140168792765,-2.158027404918763,-3.5753382964150733,3.6977610107634313,4.144316207355275,3.5404330926454546,6.9884377151776675,1.147558249889125,-1.0235724411733687,-3.736869895491573,4.93216068927249,3.2533388246286514,6.391619351920476,-0.860651583526304,-1.209881681640248,1.4527208373854852,-2.6196725476379767,5.671018339062854,4.755047565823642,8.814144545086808,-2.1266796526493215,3.631514585814872,0.5198064159335499,-1.7488626880915774,-2.0825430761638257,-0.44646426405520195,-5.617787381079035,-4.463217486706937,6.201907051575163,3.3352264688729165,5.044568705694295,8.541143026723692,-5.591246999183846,3.5531759498473363,1.4271111221760966,1.3615086852898048,-2.347532405912279,8.24450132673712,0.5337822793286465,2.9919635405811333,1.3376056595872268,5.612966636562603,-2.325094016585581,3.1815955561164686,8.40511319440878,-0.5668038343465938,-1.1806528155825244,0.28670999801639796,2.3052600552235516,4.502547823949667,8.551552958644308,1.3904522598853224,7.203903478896275,7.455493817795729,5.446261529493962,-4.109738788260221,6.838810029230013,6.700640527368406,3.5785553924365785,7.439895640838365,-1.131086025949196,-3.197552481248994,0.49179734032369116,6.290999223707822,-2.266350312992508,-6.9469857976619345,1.173604419864147,-4.741612062045394,-3.6938727905305795,4.663215786977582,4.514991951698015,-2.3288581023478367,8.339356388068554,4.666071680935379,-1.6044974610876663,4.15141758546337,4.8279946538329845,-1.48572033919839,10.788479204975696,-3.7407638683137416,6.130847645030646,-0.559490463680685,-6.574692699501589,-2.542871241437883,-6.300919015064281,-2.2650953657623685,-2.885907394905056,-6.826913559227135,4.143399066972146,-3.6629501937723616,-7.679851306558173,-5.296422785816345,-7.647435233673378,-5.925849136732766,1.9211688712876458,3.1897246359987466,-5.114691233597924,2.2454340698021586,-1.6846157725634017,-3.9716040712285023,3.5013623199414896,-7.385653320281701,-5.489268696354114,-5.207348751317883,-8.450936897799306,3.1646348740409587,-1.7939119656697973,4.163598468303891,0.42630642887358566,-6.294279924516815,5.467885623334747,-1.890368871547073,-4.80484846851371,3.856768759586512,8.323422024363767,-5.0680717341027375,-2.7459433081917615,2.75086516054012,-7.611265936345568,-0.622014505678295,-5.195152188550232,4.066491893101595,-6.9112234323249275,-3.8795335382252123,-2.131406121928147,-8.499181828549688,-1.1613692905514148,-4.531125100757241,-4.090788365798493,-6.248984900913363,-4.125516222439428,-5.140915933344174,-1.662554254667418,-5.911625724307686,-6.579646652757014,-6.662857284141925,-6.643051443491954,-3.87053887277264,-5.8741279879517245,-8.526141073320131,-8.95965556152474,2.2965074913927532
5.558610880146919,7.512913125996971,5.071342231268189,5.268658601102023,3.1028149799292266,0.6729320511016151,9.121452443676235,-4.729087797717488,-4.135725439296613,2.642124272437913,0.8923940522399889,11.418278428243578,6.081729947833895,9.600514376511915,8.84325313191108,0.21517693534465743,10.529147299079183,3.6874441581328714,7.986483598808093,2.6534104885119363,3.526370579410613,11.806626442686348,9.357885283622295,6.868863723284369,1.6575255421104418,-0.7219346517230302,7.6164147301494385,-2.5099662794636046,1.097556633339047,5.825657345844371,4.361113665025816,7.877319935969298,3.297035753891408,7.8119462971774025,8.942435426114953,6.414857023068042,-3.3299671752155757,4.729444311235001,8.488661597446846,3.261445209430841,9.406891235239566,5.9032484559662155,3.497081409614212,4.616971416763352,5.884247264789816,6.789936601034047,5.3830064979486485,-0.550494455279205,-0.36833223242978275,0.9115231249878211,-3.589413724763787,-1.1449942790097039,1.0960588953236814,8.071998268659184,4.682707459092998,0.5251774545857204,-3.8069965507403607,5.988791683649832,5.693452043189336,-2.3285315829100695,-3.4582786724252332,4.070030258324535,4.059595866668674,3.6618080047178223,7.109001331729819,1.0203206169187817,-0.8229665929850971,-3.651959106500027,4.664900590573035,2.9838733507829485,6.152440912331909,-1.296428185526543,-1.2485655859156959,1.086219101152818,-2.393289159563249,5.566987791264344,4.7224750916965785,8.802292871159423,-2.4191965481045448,3.03206169123039,0.35624534840776373,-1.631599404653143,-1.6618767386184259,-0.8779990661290579,-5.493857867394301,-4.552518791776675,5.5906640045906215,3.565449340241936,5.2387081299246105,8.2897917455576,-5.378979238665645,3.3518295104102083,1.5947741046052182,1.6179157983288226,-2.2015574331411543,7.830743154636403,0.1443819334038891,3.4513793947412656,1.418510132267754,5.652247832187879,-2.7953780159865302,2.776595250809901,7.673090234238586,-0.08149635776126135,-1.2386973267347945,0.11757110260496172,1.7392749023066152,4.2167550571035655,8.165762023888043,1.1657389308970458,6.975122029441207,7.211413677348879,5.660503731077839,-4.019749140677153,6.551186707465244,6.493722798288845,3.0607253384439366,6.676818265708044,-0.9660312946007632,-3.449666493215965,0.4124549552921465,5.491508366517211,-2.0759373563459,-6.650747272895794,1.5447747591779157,-4.618416330464731,-3.6040849942398134,4.058447574082072,3.995864891049238,-2.6473421768413856,7.549388116095693,4.350292909108506,-1.8165857373480587,3.761321427460077,4.779197920655398,-1.85643990649447,10.481141844477103,-3.5838364159640066,5.684135422469877,-0.6862551563547014,-6.476985925273427,-2.2772851488974237,-6.004927754580213,-2.2882030783653273,-2.925610044621071,-6.4771784080764006,4.262199545923985,-3.9504466291462554,-7.3811404514643915,-5.321658980128048,-7.1904945078581886,-5.558094813224892,2.0251871820442786,2.8336333695134117,-4.784154773921379,2.01862532581363,-1.4272504999235698,-3.849769460422254,3.830453126853798,-6.898171588705567,-5.281106163721233,-4.839691640008209,-8.108643939241318,3.3188610353933528,-1.580770248034242,3.9501331902869428,0.6292754984739418,-6.033311557031005,4.824634943692076,-2.3234247970407162,-4.499698689261226,3.617752191566855,7.54705708324405,-4.707698813607846,-2.6974208228556202,2.4990202580846677,-7.148979060416376,-0.42692083826359223,-4.911951983194629,4.328091217149395,-6.654630208803621,-3.454388981262843,-2.054261878278238,-8.190143640714068,-1.1180399322096366,-4.201960614963987,-4.065752796412467,-6.128462311510386,-3.7531587666503565,-4.666546208682408,-1.9093496256984686,-5.541034402035295,-6.245182013640225,-6.415548918522318,-6.388148786875597,-3.8941419568667146,-5.669603734210619,-8.214060878005844,-8.479563393465893,1.8879979852899667
5.626585538932963,7.968949380432263,5.591937640122666,4.7341420940446195,2.7664519671208843,0.34526339643905124,8.721228791920174,-4.7169837432889645,-4.0771222826964815,1.827683451571213,0.3704428257783392,11.163535368579295,5.4451415936926555,9.795492801966459,8.764904758349147,-0.3926748866978934,10.831550155161224,4.123561203459095,7.4699694784536605,2.685265354602393,2.818943729665863,12.009388556958996,9.738873580242116,6.748303913054094,1.8214480796670773,-0.9839318107938825,7.428674110547033,-2.3413996467939433,1.2917481612937198,5.5332063312373,4.5695560780844335,7.507059671175302,3.499048546845861,7.3146678939487755,8.899961636127122,5.722618746078247,-3.0821594324871358,4.7298307840050375,8.688398919717192,2.910263324564099,9.81319019434173,5.352857385399565,2.981269598718814,5.091881339701273,6.628725527897797,6.929167750483869,5.83131973182458,-0.27709328855411103,-0.14722304263092936,0.9669323623131698,-3.2487023913796738,-1.282742031234925,1.4239626343447498,8.29929900925664,4.546329393078763,-0.33818800702068247,-4.283703399201795,6.152016152276531,6.014152709654755,-2.0881872599011855,-3.479583018325139,3.520040751135429,4.086769281108111,3.412477378845219,6.8036651568840885,1.1102176672705124,-1.1085911906856636,-3.6531461722078062,4.85146840905361,3.2001984069757405,6.259891466641473,-0.8347939374979866,-1.1268872581518028,1.5517768770593567,-2.5801790566046012,5.640056611328752,4.600768586871909,8.60293889134267,-1.9663183067146488,3.689365109775622,0.3613534456667612,-1.735328271377966,-1.9949029240885143,-0.25514982414169557,-5.568083933536034,-4.359225963247896,6.158480691201045,3.1651647558930973,4.901831869625316,8.409730849408984,-5.5052501963464975,3.388291272503988,1.3451814818030547,1.2677120725549007,-2.292064765600521,8.132115600215197,0.5553050721335625,2.8502508029643114,1.3328059690318725,5.551730457676636,-2.16855514729558,3.2447965647981905,8.316949672522423,-0.6236995197207119,-1.1614437198978014,0.43151276218909196,2.353599074547572,4.539417812117342,8.492599191037842,1.419810007972796,7.09496923625368,7.332556990575907,5.272146045254491,-3.9938559067803983,6.718482923936583,6.518102522484528,3.6779119630873223,7.303449976677443,-1.0384170067938605,-3.1293490668831,0.7050513690882937,6.290526778676675,-2.2580234027728765,-6.814653374779821,1.0436225999384277,-4.692422771397872,-3.5757824327445777,4.7106314197463135,4.468028061389198,-2.2771421962692466,8.311442779446967,4.636340751028698,-1.5028057812080957,4.0268039944533465,4.719725801775413,-1.374500499630427,10.590863829537787,-3.663639217838077,5.98595183867347,-0.4764510417924803,-6.376508257943939,-2.6437265795188614,-6.245572573278811,-2.1365701462964592,-3.1081204745293745,-6.700476318683995,4.004870839086241,-3.452078076531809,-7.604013774728336,-5.087526590010789,-7.579022928580169,-5.820455617112462,1.8843988733051,3.2025832550040096,-5.083306448507867,2.3241389636284953,-1.6567227012861137,-4.006655566736049,3.4709065464122504,-7.248249520924488,-5.332755840174852,-5.183681732287903,-8.288351445810166,3.0956373661107333,-1.7423912985986774,4.152684743530559,0.4591967076202475,-6.244999734749744,5.342799880060237,-1.79013796929356,-4.643195541815865,3.72346836296763,8.276941944134698,-5.081088162527712,-2.677474440670518,2.747848098940051,-7.554490912189581,-0.5423760300146079,-5.18786786860471,4.021800592698734,-6.831188155221772,-3.694871117424483,-2.128581444619797,-8.227014928899639,-1.215901060292412,-4.3605574041385085,-3.976776297932432,-6.2352126831485855,-3.9799180818903013,-5.112034106440887,-1.4346596404214456,-5.8682109122907145,-6.417026754286181,-6.6962392689172585,-6.51389957418114,-3.6977062551188453,-5.760591431179692,-8.364566908033725,-8.828748295892183,2.332065549411671
6.043087174985394,8.010049685693023,5.7228523544027805,4.789970742358842,3.0047846413714727,0.2606583673475142,9.13432457287816,-4.950646500411824,-4.14522795942249,2.064766507350297,0.3512249066498284,11.513877486062317,5.656773088570579,10.187796581467557,9.051790062131326,-0.3534507484143512,11.267185492905185,4.167387592708143,7.982542358748526,2.834554313175623,2.8689069349778475,12.375828470612962,10.016118034694916,6.994780011982306,1.7427182027266657,-0.9765482048306565,7.644129244747148,-2.4384260211412077,1.2730135860653278,5.940532297751869,4.625324651392157,7.960460940652999,3.2609901614252474,7.763986019757255,9.14641632908282,6.0259050847295,-3.2391947502930925,4.619286595557079,8.81675203418332,3.101774045930422,10.144218706937316,5.634558929510871,3.3735223353693122,5.066625903648597,6.668085237759462,7.134796340563467,5.9496352450672205,-0.47145958498230556,-0.23085934232332567,1.1271719897765147,-3.457912917471715,-1.435637088463519,1.5425614364660796,8.704345676205893,4.756358470953557,-0.21345639458448937,-4.337971659936799,6.160867503202987,6.179756930846548,-2.04063071592376,-3.650629665954163,3.709094324107261,4.00527968721346,3.2864941923789766,6.826455258071152,0.9641797544147224,-1.2198540308834438,-3.692024033985701,5.11216051161888,2.987353388899554,6.340544261912595,-0.9224789032967284,-1.366580790981508,1.7631509795285627,-2.6429606789800877,5.933804262191721,4.752294796814218,8.669493303972564,-2.088930549886346,3.9415559855820526,0.3995064249866312,-1.8607690621304085,-1.7551698308459611,-0.353556128041659,-5.691443434108433,-4.486170974630639,6.235780139108726,3.4147271594960062,5.048983598648876,8.440293564231963,-5.750065059045242,3.459428429257843,1.2097945415330449,1.4079759898912338,-2.421245054611696,8.196375308378308,0.4837182442618046,2.7961697029610866,1.2303750664944024,5.849042049884776,-2.1948007405673997,3.203821446455247,8.602088899442606,-0.5539143591605649,-1.141467714169303,0.3338174440320663,2.2461843582898626,4.712188108018459,8.74732899204081,1.3901348633155528,7.24026019805433,7.618368420836664,5.459809096475076,-4.253243709675713,6.894614602045989,6.615674392293402,3.837885962991558,7.4246986854712445,-1.033433912771644,-3.3886195279593996,0.720607201790496,6.35339865220021,-2.2991181375224103,-6.9677646850341475,1.2334113294515134,-4.856078413025448,-3.73812980815416,4.889149737115589,4.419741087302713,-2.5103788190439813,8.505808086359595,4.650836191138442,-1.6573815738622213,4.117342863054302,4.588944941483456,-1.5845719111575902,10.802649779228963,-3.7107856541514956,6.061161603112096,-0.7389722482438105,-6.56183681008588,-2.5186043685404336,-6.321025615878,-2.3588544614213895,-3.0352582622579662,-6.797567009356123,4.212882154161016,-3.685422759047552,-7.729492811054631,-5.316008942817344,-7.7305523005206,-6.1046499018575835,1.9920945807720456,3.3261080987120946,-5.119330331276776,2.2281314325977672,-1.8254247001818156,-3.996061172440828,3.4534025712876457,-7.375680091792981,-5.486220158576076,-5.188635028823828,-8.47794539991701,3.054019793912522,-1.9301705110001366,4.206585411018644,0.5560923656360097,-6.390422293364634,5.359457417957251,-1.8983253888934097,-4.7615577676169885,3.8676688383335542,8.504114402000203,-5.008585691867638,-2.7768485491632173,2.935071484123751,-7.690861751241471,-0.5517521221284799,-5.3201204730191485,4.361944589547824,-6.976091256026192,-3.6955229503493703,-2.1803106058848822,-8.449290126414347,-1.1699476158626063,-4.446161013086548,-4.113381071121338,-6.3901634597490276,-4.001538976673212,-5.132649919556118,-1.5191249209656101,-5.859090089040933,-6.593149913483886,-6.719605312280197,-6.603056853243012,-4.062705103881802,-5.818930650621457,-8.524495100520864,-8.96930836404765,2.250411071011126
5.872614402995418,8.23039595944455,5.7055576309687766,4.585731400172232,2.8931260961345378,0.18044206606666618,9.178786916595334,-5.128090181153675,-4.154862001391276,1.8249997702944525,0.09366539657947401,11.514723031327756,5.703328415213606,10.30403980718984,9.260171135802219,-0.6685247055965345,11.254473197229672,4.231386570312222,7.847712356769707,2.6642793406642458,2.8632941818490445,12.588408869724187,10.09700309014452,7.005949352964851,1.8079998648923334,-0.9454687140789556,7.730564917775288,-2.2362226475806706,1.2901105044780423,5.962009545013182,4.544917874003776,7.835325683171588,3.1685379364168647,7.587445743692458,9.154191894456316,5.757660062510924,-3.341245843438951,4.704332209365534,8.960305047881864,2.9892636957590173,10.422082391703025,5.696122091012954,3.253393113660179,5.049463939896999,6.645556436358632,7.378114010245914,6.3243940613493015,-0.3685265175924591,0.06747481926081492,1.2717541591417003,-3.2499018758756777,-1.271462857662555,1.3778446209206945,8.694796624453428,4.687808095045077,-0.22535591105874256,-4.29183076722144,6.2984774559056484,6.280480788982518,-2.0231842425075133,-3.7836379906290425,3.5173401035989675,3.7735790252884365,3.213566327814389,6.672248097855408,1.1803717712820307,-1.0857802855698824,-3.7173396881050906,5.07313665873234,3.0151952789810292,6.349576093562375,-0.9058756841882677,-1.21145793668476,1.667000346966302,-2.650647810563959,5.573704186853875,4.861561778649659,8.684792278289825,-1.9564234922210038,3.8940262677746222,0.29131462634039706,-1.7757036908090542,-2.300686330103383,-0.26149206370810785,-5.550403865824803,-4.345327716283735,6.274948604635782,3.2726808575988513,5.0720675515705125,8.564623370453235,-5.726256134879071,3.5916821864812976,1.1550773619199561,1.5768075484784907,-2.5997084276163793,8.308744382606159,0.5525435329736827,2.698360140881009,1.2641130830157206,5.9165194443469185,-2.1019410312630886,3.147861671232559,8.789762484646872,-0.5598264730038477,-1.038006399619327,0.42949122045501764,2.452405997995452,4.775587127397267,8.740489252737195,1.549804922320748,7.336548633986093,7.668374674009903,5.650861767786243,-4.187259314551619,7.076607478773883,6.5992165245495285,3.963068211108242,7.578378003364515,-1.3560091102840897,-3.25063595067343,0.7842291555858852,6.728117192831304,-2.3370740460748975,-7.02012993498109,1.1171896169149174,-4.767849532948807,-3.7750568165248417,4.9368382094795855,4.76488590334554,-2.350835474380792,8.666124424969972,4.886663748076384,-1.571938290132869,4.204085877655097,4.638188092061023,-1.383872376319587,10.845187565836408,-3.942356839542189,6.343329704738138,-0.8485718195430775,-6.628526652100983,-2.6871288050060604,-6.673121304817271,-2.4502980457611936,-3.244241454683833,-7.039784949741662,4.218237766263133,-3.6340734883158414,-7.756881542058162,-5.293561251790493,-7.795588166520995,-6.129071586892417,2.2246594609794608,3.2737231605812527,-5.369505609521122,2.3063228109753746,-1.8909762274932436,-4.042790849086062,3.5135071167239067,-7.411434136808824,-5.738839297006908,-5.248655403556117,-8.47907405050336,3.1678599014391233,-1.83072393612552,4.402311901189614,0.16619417185037297,-6.5300450563361645,5.413970363907413,-1.6878942245394926,-5.060162712277167,3.976107393487186,8.693168575797865,-5.4284515707491305,-2.6468364696051574,2.895183990927291,-7.76117293616177,-0.6381560659546427,-5.450119228269328,3.9091235440828864,-7.0542621707673145,-4.1870854463101805,-2.1956871874368646,-8.478869663542559,-1.2278405235549104,-4.592195165404532,-4.220327744088849,-6.513422212937646,-4.150519658789029,-5.146124702276444,-1.260211861035231,-6.087620777899988,-6.763310365254867,-6.838804939320547,-6.769663393105986,-3.8364562588783784,-5.829848376985608,-8.546930593555475,-9.134632765596173,2.304895361357707
5.770812491410554,7.632203175481859,5.2764328961351925,4.5641864567719255,3.046447937713927,0.12178154226048332,8.932471005379364,-4.762449289210917,-3.9004087986843756,2.0492562075472027,0.25049700307264894,10.782146105632119,5.210619837565594,9.69190335294229,8.739558281381004,-0.4082720947875924,10.560781701868393,3.7256650423755646,7.668274867449066,2.374570422182214,2.7791768170698425,11.688808714976828,9.398688764936747,6.493072099424832,1.5794813745444352,-0.8234721554365083,6.974206738918271,-2.129645194236717,1.0596940534411268,5.871263764996935,4.136695024155037,7.741657475404459,2.8998246481782526,7.5574675350792795,8.62270866368305,5.7005570219769535,-3.2457760009795784,4.138432989386736,8.332767384649145,2.9114390150291283,9.792129464535904,5.606245616772578,3.420564265280011,4.403214527600014,6.248991134430509,7.014943625751314,5.948958635759439,-0.5884202914325979,0.17109850938371152,0.9848766706741521,-3.0751942208639935,-1.2204319969899509,1.2054938324279365,8.36063943243788,4.623381334291785,-0.014239687777035142,-3.7823856148290758,5.606226336613443,5.755517582684505,-1.7249641755929932,-3.611088562744984,3.621847479188954,3.474149399028402,2.8936693585633204,6.2071947153031255,0.7174252144130873,-1.3173429288371703,-3.3750513157622866,4.888312292708709,2.571634524259399,5.732198200438996,-0.9571053320406415,-1.2114363271459632,1.6224963132509442,-2.3812915529654464,5.37635410538399,4.362147387012339,8.038087279787895,-2.0149495073946415,3.7686532308312137,0.010190801707928927,-1.7950100227056862,-1.9489240714675176,-0.3928278108456176,-5.013604077491922,-4.191208123097784,5.671503583591991,3.1654068833491285,4.587027876972009,8.101193775773657,-5.313886420969147,3.0826374058482733,1.002741964040479,1.458296804741025,-2.4213520420141568,7.663040309416201,0.25129732766227897,2.647643552028876,1.1698647927129588,5.589484546905283,-2.0499797047185533,2.859703274315599,8.12682908765958,-0.5267740650811805,-1.0700045462088312,0.33571007623112503,2.1077943703972606,4.286573324922202,8.13627198386129,1.0703042848951867,6.659810675032014,6.999877094959922,5.2317123065737,-4.05362931043719,6.4857452279078975,6.083973503659469,3.773799811909207,6.825106385972028,-1.1357092818252807,-3.047911533967096,0.9668506494685515,6.1131736658942035,-2.1736306580697002,-6.41047099640864,1.21713188257118,-4.555854944372567,-3.5129853881806126,4.706105081827723,4.370177970708442,-2.2950326174767275,8.02757214466238,4.271463578643126,-1.6452740886808463,3.633843426981624,4.434717776489997,-1.3902649944433803,10.030453437892165,-3.681969568321024,5.890682680769392,-0.8935305560254241,-6.09185874298538,-2.557658362879479,-6.048142009085759,-2.376274521740929,-3.087001418910679,-6.569122587644352,4.205747403565484,-3.4714646082610146,-7.127599161281843,-5.006760354850218,-7.1549211340444945,-5.700688962575037,2.0518564448611367,2.8365972873450405,-4.912518074726534,1.9898967660468376,-1.831010435021233,-3.710920769134519,3.317862672131033,-6.668908624579053,-5.208425771110828,-4.644897971597755,-7.7002815118262635,2.884301289991111,-1.7865377071509783,4.197791803835399,0.14752297764640654,-6.008852911188367,4.931896542499506,-1.8649949252543936,-4.739608298127489,3.6756648215374383,8.08923419336617,-4.864478723395524,-2.487318543291245,3.0613327364531084,-7.089179299350458,-0.5479317459238561,-4.95141489485237,3.8664649377209206,-6.55607886252749,-3.646961659061052,-1.8595546443725393,-7.732809383919582,-1.0734551844888685,-4.158985939567691,-3.7671055623625187,-6.166581576297301,-3.7946615309829395,-4.538413020843251,-1.1552503351845582,-5.609686182894054,-6.25123733038514,-6.483378863342928,-6.291745237605489,-3.738644463608393,-5.3717219997660575,-7.8390880634546205,-8.331123860619826,1.9496386649568822
6.207312053309204,7.299231657328799,5.828476386614429,4.1246001851614285,3.1395520671436095,0.05341832564405474,8.694782460156057,-4.487237026591309,-3.6766435685021235,1.9280968691851121,0.019826606528183806,10.531858299390382,4.918490109176395,9.816948347333689,8.184940840581707,-0.6375742914026487,10.984650397032523,4.1400609971421805,7.832902781029902,3.0072999647345178,2.4547908130416145,11.658367519391508,9.709666989448488,6.5714925181372505,1.2785345072102108,-1.2085890692817998,6.773371025678738,-2.1669170720500346,1.233530588856404,5.588332425954285,4.430901638119463,7.797685904886082,2.625737385579874,7.514808054808531,8.109592380895672,5.535151522762886,-3.0155414431210246,3.746973950656645,7.813828395702198,3.095089279559293,9.689377815648633,4.898643674601636,3.5119724383900937,4.350692947491445,6.5164750972845225,6.5227358308943035,5.62539880202884,-0.6044937799817518,-0.15376092546121492,1.1107761567131411,-3.162751703781561,-1.655407747791548,1.7779253255142577,8.59466760861246,4.315605700708321,-0.5422571335005067,-4.230031401274413,5.453560602810315,5.649082023239838,-1.601938342588008,-3.5158161932435856,3.3743262272479324,3.223104514543383,2.3882485521564174,5.735808914862187,0.5687381493894358,-1.6797856719838944,-3.246301971803293,4.908264384834736,2.219923138831793,5.560186008135926,-0.8146577673657583,-1.36481272970698,2.133721271277386,-2.476976052787058,5.787184664688054,4.092543948423999,7.6847355710860095,-1.9680245909512681,4.3691169795075675,0.18772292146804054,-1.9772196483439723,-1.3835255053529196,0.07973514995070899,-5.321594373957285,-4.00886631288502,5.710001671734296,2.970996489443994,4.393275665439721,7.507706516577165,-5.537795193547412,2.890916655409675,0.6460318202970748,1.3661200679147925,-2.45080373830071,7.210052685532106,0.39789177692576383,2.1714929592358008,1.100161507215103,5.841314486374939,-1.6161962047799958,3.1681087356268165,8.30402019659204,-0.571934885297676,-0.8545538125179971,0.6550496176076566,2.052123559795995,4.857563518263073,8.35456263283226,1.2292137725179089,6.6997805852425625,7.2614754465736295,4.9850780385436115,-4.1078356999262455,6.452000691415963,5.917706972727154,4.26771723281118,6.85581795665261,-0.8931500825641412,-3.1635901537362368,1.084331409531066,6.047011064821667,-2.2629404699131612,-6.3205468067636845,1.1911559542033856,-4.443096771463482,-3.485732930797137,5.120229151141778,3.8385508821968704,-2.5105199474582562,8.115214181066236,4.288276433300946,-1.4038854334690958,3.665336845555044,3.802825406376503,-1.4322537935883854,9.974701458693323,-3.4402077171937,5.4806008461229805,-0.8616729303211578,-5.921294812116739,-2.2463980600879667,-5.896762121549566,-2.1547118613554126,-2.823713381685821,-6.332486667447357,3.82286355959234,-3.3159474982685535,-7.137504455447434,-4.795062373655278,-7.204833282537875,-6.093260928156971,1.900442829230659,3.1807030335122586,-4.735404181623103,2.292295883488567,-1.943671936484742,-3.5183930374262857,3.2821527486548527,-6.650171659439823,-5.064899200341679,-4.759243618039358,-7.822337946879033,2.5693927096755558,-1.894138731605744,4.117447589353124,0.4933405893313167,-5.924967155121047,4.732772385664699,-1.5605374191627832,-4.4653104784624364,3.49632030914213,8.275855232842027,-4.717784949262873,-2.6081659803345416,3.207154634124211,-7.164477418963163,-0.38061258381897684,-5.134509220675791,4.1355001451084155,-6.51212684774734,-3.3004496739689966,-2.005627741287942,-7.556684227763689,-0.998443145713992,-3.8731567101014264,-3.795943103847478,-6.107543787871378,-3.415474662352685,-4.749758007007436,-1.0834650965691395,-5.387947146451776,-6.165546226906197,-6.186751443568258,-5.980747882983181,-3.9170365425074625,-5.272142164781622,-7.788770369428423,-8.300531515758223,2.0425314221551694
5.626020634931245,7.127478066165745,4.9753026919193895,5.013014948439191,3.2403764751985227,0.6363600937810463,8.78323760077812,-4.312932712763833,-3.766033270612109,2.574477244462535,0.8652977168725203,10.677484333210096,5.460429764685737,9.223120793366201,8.309807493848162,0.24306470547646092,10.162379479864784,3.4567264479456896,7.873781398895033,2.5249561220948213,3.2120070407713563,11.146947121013966,8.975486106807463,6.358122770625415,1.3520464291944914,-0.8180362454488005,6.999413100593404,-2.4940026917890115,0.8825980122238958,5.860836435232041,4.104294181293683,7.779027604091041,3.0154642640431546,7.72801089432219,8.440747421391205,6.160725336931426,-3.113991239026847,4.16343778569197,7.997159526303842,3.169531256299972,9.107312013583675,5.722251977978747,3.5463849500109608,4.2367139185003095,5.728026550521115,6.446646658388489,5.165182256964539,-0.7164800505873755,-0.4704977974807167,0.8451549300708446,-3.7167975044387753,-1.2844071455391661,1.098239684445681,7.915522329499038,4.396054817225898,0.43923472318520307,-3.5091392519626177,5.292280921147684,5.367237272023266,-1.9809127407180187,-3.4483835932610636,4.02020495663534,3.8365683264025727,3.1048403509072204,6.507280969803232,0.6700675481648692,-1.1209824611316175,-3.4898414768432158,4.701128372103852,2.507451610315109,5.594510799842096,-1.1707079349054719,-1.2859068105122318,1.3309252793424735,-2.2460081677563064,5.5024066403874965,4.237793645157523,8.080824075270368,-2.236374359921272,3.259210602552059,0.12028427913158132,-1.6895831960803047,-1.3371619897045597,-0.6537918985684206,-4.9756205871373265,-4.349648114623216,5.25158622556529,3.388545326413532,4.669053228810343,7.7140815452461124,-5.242274105384869,3.004499250609561,1.4768957996520904,1.4817984868411422,-2.055949705325271,7.279306859557325,0.032971703587580885,3.107226134752825,1.1591286128694063,5.346235684031581,-2.493576998832472,2.692102418364416,7.42020504967356,-0.13737497691090822,-1.0568942603739935,0.034696184119080785,1.4145899735406595,3.9964830922800165,7.732954687228117,1.083478724806897,6.324126902843589,6.691395767754779,5.127276198421938,-4.047565185770862,6.098684712117291,5.854892207721442,3.078078358508382,6.366188166430702,-0.8259713603555449,-3.517289136698342,0.5810742367378852,5.23341322897805,-2.098847824358429,-6.0197789555057355,1.5051607454064193,-4.396543108452265,-3.3216091963115746,4.035879607233131,3.7160869529147917,-2.5105914469773647,7.172790489445659,3.937883465348907,-1.795468879513215,3.357069288412973,4.339181789733791,-1.765387152284192,9.79858311031872,-3.2946293127252595,5.365460360311853,-0.7266241794304692,-5.9236672728178865,-2.0874424591769105,-5.527114453489492,-2.2137251296153138,-2.682051696724987,-6.029168202116373,4.189160942479508,-3.637166730691048,-6.77411229279749,-5.0004120678806805,-6.805515405439647,-5.465221007592766,1.83792704565193,2.660715150400778,-4.392546389770948,1.7809849060109761,-1.4533969054048381,-3.6874228986518016,3.5060501398256396,-6.293044953670591,-4.704556439123221,-4.429249973847754,-7.448833869392917,2.829400933724773,-1.6659910775086109,3.8499999095760007,0.6074786559628438,-5.562447631203213,4.500970405575178,-2.226992587870706,-4.208104862475653,3.4817926410195734,7.305371162366162,-4.350680602136475,-2.4802335156185196,2.770547694190329,-6.605220988601904,-0.7127939779269206,-4.618043779812618,4.295936963676302,-6.251288691008287,-3.140255767289278,-1.7842253970652857,-7.4802930289937555,-1.2100657196508204,-4.0466087138863855,-3.668078809777713,-5.693661347066503,-3.643692646199106,-4.233036280462469,-1.8126320778286094,-5.089291110363425,-5.700894364908143,-6.13289013314948,-5.925627766623998,-3.773860231696607,-5.158316803090715,-7.542350360362038,-7.819767676164381,1.551999162883647
5.572204358271294,8.049023890868307,5.492667225067235,4.758551515000216,2.622107515636521,0.6333798116437271,8.732189344094433,-4.761029687781514,-3.991558424131796,2.0326115795460677,0.539709732695767,11.423644762477824,5.923039007000528,9.914567402425908,8.79783402114744,-0.18869771786524542,10.962442865148493,4.230452387948949,7.736844959089452,2.907783448634469,3.0216603146278644,12.235109819764947,9.775338827832318,7.084222267109782,1.9666262772210035,-0.9061658026808104,7.871892193312545,-2.3315597126437786,1.3428315516893885,5.782622762190226,4.62447608839012,7.580852247814966,3.357215036322181,7.294923287406878,9.097753634214763,5.960220635255935,-3.0353311430287526,5.0372587129630695,8.723062193845124,3.109166576257779,9.898825408182367,5.472320418446987,3.067481126015547,5.1383138068253125,6.347490020081215,6.715392297759299,5.529252034257766,-0.3075235651492359,-0.642256066751217,1.303237780190149,-3.5588935964473927,-1.2184190078721049,1.315466929169497,8.245768778501864,4.7132204192462686,-0.013660823592144121,-4.247697190271881,6.275575799037624,6.159629282219432,-2.3100638830147857,-3.6603798743572837,3.60040430373127,4.095759521011117,3.539882170785968,7.007824907183525,1.2893660377684886,-0.8474697244571802,-3.7114543879973976,4.935021240049397,3.3398956564726485,6.540639295386969,-0.8705242202581007,-1.1731070836387647,1.4678215550708116,-2.541117560791495,5.723131213796887,4.948720159978944,8.836777992694717,-2.0330649752752095,3.480408672154355,0.6438051844181933,-1.7943812900191152,-1.7860548401917988,-0.47572880311645155,-5.63861327514503,-4.415993743227632,6.200374809155307,3.4456955494152464,5.367326803640881,8.12144411172238,-5.605176416789967,3.6954501403862166,1.457180313734629,1.526005224901443,-2.2678540256094806,8.057261890819056,0.67646943154159,3.026418517137705,1.3653681074627833,5.802750746096102,-2.3471296915422215,3.0349759503767304,8.354124451059254,-0.20626825112124328,-1.0953956663704878,0.3203806064664815,2.1623005022579167,4.756074525861786,8.62515140508698,1.5057730912590648,7.254279635281115,7.628849138576041,5.584284162552618,-4.0903231640474145,6.857689780741874,6.710070406489399,3.453161320309521,7.435276235971279,-1.0612231070132814,-3.37093095832026,0.30866929733057497,6.163682670683262,-2.170510494758632,-7.011493752606744,1.2894060612320917,-4.668168240513995,-3.6561176939102045,4.5406205132106265,4.34681484225982,-2.394076783503291,8.174729958103669,4.707334878851286,-1.567769313027227,4.124176510374919,4.592943751508428,-1.5596573185339295,10.745104301773532,-3.6529226995538693,5.936643554845017,-0.5512820707410444,-6.752446880842693,-2.370709705656252,-6.301318681874895,-2.1161017963717383,-2.8420105889995857,-6.648858780102666,3.923732886895253,-3.679213335866677,-7.7513097014921,-5.224849005215435,-7.667886284282857,-5.979180839380238,1.8653886805731583,3.3208783663185444,-5.0581770495757485,2.138931094921659,-1.5461685988816067,-3.910313913037275,3.472910200216605,-7.460706062505067,-5.479100045764318,-5.166407812441682,-8.435417845618748,3.1812035730568455,-1.7903348921904032,4.18577219052651,0.6261394368518829,-6.467319530920073,5.272189444378822,-1.899078454846476,-4.735336857338758,3.8797151705939434,8.16874006844963,-4.917098017421003,-2.6600509996233157,2.468384414935963,-7.551832234730253,-0.7094828633044317,-5.275078069562569,4.166270256851781,-6.919310475246023,-3.740967209982364,-2.1607625916129134,-8.53796670555498,-1.191904956503529,-4.558981100406771,-4.141214403789402,-6.339589153457484,-4.114126811007756,-5.141929300450168,-1.7611514773522772,-5.718690227633218,-6.402749207577339,-6.658493746615266,-6.696584376214154,-3.877198298478819,-5.869129690253359,-8.519393493811116,-9.038771828498547,2.356897465761957
5.547673205351367,7.692556088386536,5.089872168307529,5.379742993088418,3.388077540859984,0.7438140380797064,9.331178080170115,-4.756466982940249,-4.047381818950598,2.656184034125739,0.8887902660939944,11.272921853747132,5.786103932159382,9.729265746512509,9.062873228530588,0.187138947181649,10.497695836645653,3.6307990368491505,8.194469178384091,2.3506651798517413,3.502069600177054,11.866398342308473,9.41164867925187,6.6231253348072245,1.7832421355879682,-0.5530050758916011,7.511113217447448,-2.3755497601894704,1.1439051393072979,6.178676752229943,4.146679881547057,8.109691073444036,3.2579336217887325,8.049230227743305,9.059691435604295,6.389661651952474,-3.356360902083658,4.494736026694299,8.724511353075451,3.362577628946398,9.799868750852271,6.238339254048479,3.752892788057791,4.387716115357634,5.882385963051497,7.10579865915394,5.732591927928017,-0.83077337882226,-0.10764610021374846,1.0735143883183345,-3.440528928538116,-1.0150481095897501,0.8677963311696114,8.263702397249194,4.7489900850524736,0.584139563844808,-3.6167221401706438,5.859014039251661,5.853850315694922,-2.21399352804411,-3.6565377191618826,4.249031564401631,3.8978367901823936,3.5402554545745026,6.930986727895782,1.0317556879319338,-1.1059861738783803,-3.7750099461693942,4.792444343598079,2.7537266312333064,6.020668620980238,-1.22167825459528,-1.3429300196287217,1.1321713553485138,-2.3948162292583515,5.358962895076505,4.723661091262784,8.663667759178644,-2.5755862998914476,3.1661246043217397,0.25024632847461187,-1.5395495147787,-2.0696848696122108,-0.7525029602507733,-5.287119427041309,-4.505214817031442,5.471599830038838,3.5012110442725852,4.834245528692628,8.42350716189363,-5.4513945579430745,3.350127418949231,1.547786577425319,1.5871898876992758,-2.460503134765633,7.81590720988612,0.13177585516913298,3.4281838314121855,1.3491740312439522,5.585411090054119,-2.6598988813677584,2.7551175999022184,7.821678883950953,-0.13526782471674764,-1.122218012009742,0.01184505951372838,1.8162693066022442,4.045819737069387,7.967644022136935,1.2583149836217793,6.649546438365798,6.9177312634103,5.565381745432605,-4.1127200760502465,6.520834412130751,6.349597809680166,3.178899156824786,6.7236467887004,-1.324620093263482,-3.321367328743395,0.47670644482702795,5.7383503994596765,-2.0831800244771372,-6.498672042948578,1.3782769994649775,-4.528828512009596,-3.5261166190210345,4.263419383214174,4.102179067589563,-2.540289004003854,7.634443655243573,4.320984384204127,-1.8701312411102606,3.698031654889349,4.866190277215973,-1.7698142772455983,10.333568997218455,-3.7140911087984083,6.015844285926098,-0.7750318847421539,-6.371649010968715,-2.2665197738613747,-6.188396150230384,-2.542909233521108,-2.7991637097802218,-6.59985812806021,4.464700251947591,-4.090749529179292,-7.372069760988726,-5.260594584407404,-7.193582466716484,-5.633051066895493,2.197121314520609,2.684168912511808,-4.894106498202339,1.9349099961778888,-1.7665628204199197,-3.7019829979062084,3.750748164867372,-6.8614062120582275,-5.273494793923118,-4.825258463657172,-7.986559911129831,3.1801318594346397,-1.6021369274747432,4.097658208645263,0.14887328437967345,-6.097167335204785,4.9726969579363045,-2.280697307430904,-4.693269818073363,3.7685000068211103,7.705075070895542,-4.8251422382609865,-2.407202472053891,2.89115008234811,-7.152909311454758,-0.940155550177199,-4.851802662348909,3.898415877973175,-6.728398439153467,-3.738870366143228,-2.13012397224249,-8.113040511687757,-1.2456791988386862,-4.290397532194435,-3.862915854213964,-6.054494090779336,-4.053477658422658,-4.628488878536113,-1.6777754520180648,-5.6521710348280525,-6.204043338994894,-6.569947245852408,-6.459558401493446,-3.841091531019999,-5.583118737723058,-8.04618981531639,-8.450885665477587,1.6962248171570242
5.853896088828831,8.19545959648514,5.631849212786555,4.554868102320447,2.6623567737181655,0.14598972553632647,8.692197848867682,-4.926346013449906,-4.114202566020671,1.6198265019882379,0.2015157522335693,11.356823402522153,5.448005700062637,10.046816027600679,9.030843587994335,-0.48390813579708664,11.080415605597604,4.1533711867917775,7.475514076179506,2.643394791725632,2.5540558230519883,12.259358767777188,9.937749100010043,6.818335058404018,2.007907173881765,-1.0580392247636072,7.667473895045726,-2.2415624670960272,1.4504503194529377,5.7357647491522865,4.6710680695653695,7.475878398279913,3.3727612759412913,7.316959394744314,9.177529519476131,5.678019536793389,-3.1172657407265314,4.855116915711142,8.953898392742625,2.916469464036224,10.074526924638327,5.416659764961103,2.9014336664508527,5.309958229573905,6.683245582914622,7.1083655076103245,6.048987356499471,-0.1657726376908982,-0.19076590346857242,1.2279284046025154,-3.180223930292362,-1.3335435917603249,1.6067259036475947,8.504836545569775,4.741530845082221,-0.5044054913116336,-4.4318696380979965,6.309062328618325,6.303243406279517,-2.076011270893442,-3.5705579700401433,3.359739467100891,4.083260656618628,3.475489804718278,6.872831060551686,1.2339988796005785,-1.1318862678183053,-3.722091271393787,5.10405929585578,3.3233581116410202,6.471126905404536,-0.6829055467130442,-1.1572024835381434,1.778362541389774,-2.6342765923098614,5.732061656150545,4.874770640930107,8.650900143092144,-1.8047548264752253,3.8670473217744084,0.6000041474724425,-1.8352934849903342,-2.0433284358576382,-0.2603350817598401,-5.615174735993215,-4.3194706535886,6.449744779165655,3.377675255943226,5.014098448672471,8.46889375000038,-5.620028284765339,3.662452759458013,1.2404555320073085,1.2270440900946051,-2.2949175010001843,8.377211968149757,0.827400965165718,2.6186096068325626,1.2218816121141214,5.564932713111297,-2.009201926709795,3.32823763431392,8.648340711683913,-0.7756231724918646,-1.186061592849296,0.28266753444464504,2.582900212055056,4.592621264069097,8.731861758109357,1.5091496550855563,7.211466402868219,7.482842987667785,5.225176094263585,-4.087738540664495,6.885489193297395,6.705539038457925,3.7566202620316744,7.60736002833857,-1.092206450218546,-3.0630034262387498,0.7178554403919531,6.569572213223614,-2.229606856226924,-7.082988995991374,0.8800561015023208,-4.781533128275787,-3.6334909940338833,4.823689939902779,4.691342190655652,-2.1657516127426057,8.617485572351992,4.712280349766492,-1.4006768962959895,4.312529893690055,4.620626856426612,-1.3825703139219385,10.800554229972018,-3.713996885735134,6.1842231494679405,-0.5380289517251339,-6.533742304156892,-2.72291346597799,-6.4339357571409215,-2.363700949434445,-3.0409479580539185,-6.8402870297292715,4.066493710719373,-3.416182134441089,-7.7542419315937225,-5.12060391047675,-7.733736567647025,-6.041911102831438,1.92013259939933,3.495208602773475,-5.189926316043084,2.249375270970368,-1.8449749221864495,-4.086734561497916,3.277340384484746,-7.503165913727449,-5.607913057690196,-5.289581362023104,-8.512930418353573,2.978511066553451,-1.8797446398084519,4.280539767051928,0.5135698040058799,-6.4056903458064305,5.640065908139831,-1.7249384519368463,-4.7860774935756005,3.8686954342958475,8.574954295768789,-5.132830698526052,-2.7578492620629946,2.8113293997336517,-7.838344393015565,-0.49944135993428185,-5.3116159382753665,4.137847064352483,-7.018466871594959,-3.914810346480749,-2.131048832255533,-8.518202201583325,-1.2684689722792963,-4.464519852188555,-4.164668023827181,-6.281775391496375,-4.10303456836686,-5.268332979216243,-1.338712012739715,-6.06084125080506,-6.573459647483296,-6.710172783526929,-6.591048666296385,-3.8678847443753805,-5.927252625217153,-8.565668975810175,-9.100328462927417,2.4801979493099457
5.3574458973651105,6.783027019232402,4.620784884411022,4.885911688254834,3.200383878069473,0.6061436673541164,8.634689872812313,-4.186650717152735,-3.739338976811963,2.6529017192989865,0.884604678318901,10.325629373526727,5.370220544564931,8.85272089065638,8.072079925398626,0.16033385652405366,9.710211264802066,3.134153487665059,7.7568168167376275,2.2749253924029036,3.241062285855796,10.710041262047104,8.567097074696026,6.100699197384435,1.3813054950959611,-0.593304594465054,6.68375497372006,-2.2668855525480516,0.9036770506676107,5.68747845532758,3.7768377971159075,7.693867241524592,2.7174660124535297,7.604862665861137,8.096484684070337,5.973521986786221,-3.0176562987347735,3.85261412201982,7.645236886747731,3.146152977877107,8.772620173974785,5.713622756386019,3.631437652575933,3.8532112459734753,5.245484773570338,6.313645357726785,5.005239928814097,-0.8279731550513433,-0.3265862450723459,0.8437635057447609,-3.455438690059794,-1.2101608274028475,0.8792412275886563,7.67515505392435,4.235341990373054,0.6539178359489503,-3.1531435519857474,5.052875571185606,5.095670038306338,-1.883022387555645,-3.18065445036392,3.936606871498451,3.47872474756276,2.981925972811341,6.1527445521849575,0.6102118489812338,-1.0095349580586785,-3.3579387579426663,4.407334231328911,2.1962838711525916,5.312885745972871,-1.192084142759444,-1.2857099234646903,1.0363893535245678,-2.1197987661517836,5.119971908652093,3.9873467866470578,7.780556082455089,-2.363683114032036,2.8848525529143214,0.03596157517118684,-1.6740326414492028,-1.3308539243179724,-0.7423514207519478,-4.697661169995982,-4.262624830216787,4.833727086304353,3.220063772075067,4.400691873537255,7.507848138535059,-5.092220397438401,2.711907395528454,1.3986498722540073,1.5545791597468377,-2.1398533462758387,6.884184670385352,-0.03603004486577598,3.0993319151223866,1.0990038967762652,5.225959892972433,-2.509277038979789,2.466293753840771,7.02122482136529,-0.1533705333052652,-1.009055613319823,0.02315882410800257,1.3033833797888126,3.7380966499164696,7.301245410515369,0.8439343511888655,6.049765501400757,6.400010520502156,5.128174253856117,-3.8251825601371974,5.922001467559788,5.640871030612048,2.935813134202114,5.93757533737933,-0.9268297659021764,-3.2852572640167916,0.5181917747462594,4.98821802091026,-2.025696528027488,-5.714944448204219,1.5108159250939819,-4.21780554540378,-3.204983320072835,3.761636179353501,3.5704523930431384,-2.473442293127932,6.770101818574304,3.801825158061233,-1.8324400873384814,3.125204655530426,4.1888317532474435,-1.7385522299786371,9.345144828543079,-3.109943657788736,5.239891784883243,-0.934179585538795,-5.653495935082836,-1.8668281746471242,-5.227660004661113,-2.3074421912901806,-2.4777309709596995,-5.725767232063381,4.168118681634533,-3.6935869991651713,-6.406968144055271,-4.885048095926139,-6.351835287005677,-5.201164431056366,1.8403809346727074,2.196423038439104,-4.183282242848453,1.7034078169979083,-1.422816404775576,-3.2903886582406394,3.471679583488728,-5.839559425770152,-4.447712804414258,-4.084109720830864,-7.0270995503871605,2.9170815226408053,-1.6229865831851515,3.7546283542542596,0.5102313141718032,-5.326655840555633,4.164070711022381,-2.2333585417920268,-4.116907582891885,3.3750976162583384,6.911182490982469,-4.052646553572329,-2.2438269650432683,2.6768742771617897,-6.245751792443855,-0.7493888871428966,-4.285676116525538,4.0542962563393345,-5.889380967955184,-2.9112458215655446,-1.6689600515454373,-7.108818969606615,-0.979837567207456,-3.805326083538043,-3.4575477617347383,-5.457192468102534,-3.5616775556300646,-3.9593454645634525,-1.8125411107890597,-4.802460692987026,-5.417909191540578,-5.758727447440772,-5.624002314778937,-3.791325229290868,-4.9112684698873865,-7.172198862211834,-7.358431253172451,1.2605189460791506
5.7585909266970425,7.705195059189154,5.535055021779052,4.619659918746175,2.988942782514741,0.5161222503032652,8.745786700939753,-4.543577670907893,-4.006186616770443,2.1157145617033044,0.4136729857301481,10.808085350804836,5.375574130153825,9.72165995382721,8.4828970934992,-0.36974073304031535,10.743519062290805,4.026848930436352,7.769791834083837,2.7777030947940164,2.9285341484515577,11.801431219469443,9.54827196543281,6.632954778054779,1.5791223141152992,-0.8968505097499152,7.183167729885138,-2.3865194382754584,1.2599519409291031,5.773405393671,4.310879762742728,7.678398620702533,3.114454436075636,7.402071793550374,8.517794558117988,5.701136243336629,-2.9926306026409617,4.3699489108764595,8.26768218887913,3.1167714080230073,9.755784866925337,5.332728567260578,3.373378766329467,4.584232398617973,6.317279785123276,6.637118961479254,5.6362321203731875,-0.6570665778040468,-0.30081417125761173,1.201323898822928,-3.3847055151382914,-1.373693586824592,1.3683378188133497,8.30725996949323,4.324995917635672,-0.07293821833378583,-4.073998178366378,5.765509695223828,5.86352740091878,-1.9404414415294,-3.4975702638722588,3.5967878692725845,3.6617524078749573,2.996073469026761,6.35728960285614,0.8275253922522421,-1.2223138224174614,-3.5781919878804453,4.9196253483536365,2.7128547279366155,5.79531926316142,-0.9588199327364156,-1.2854103988882706,1.5883588402939732,-2.4644232157395476,5.496441572253279,4.414334363369104,8.178745168521168,-2.0608806068573124,3.7508190342781225,0.28967841952555673,-1.780603539009811,-1.6993481293229395,-0.2716718259053415,-5.210393665608448,-4.269589096078965,5.772696925526102,3.2155288259667896,4.738139605066866,7.870052684236571,-5.536537822728426,3.244371480898757,1.227381700148391,1.4868634497691227,-2.422736393680838,7.514490785534346,0.39921772899534447,2.774577705690345,1.20472020489195,5.759190148079134,-2.0255892014026844,2.963640593144361,8.189999027220928,-0.32147379112477414,-1.0150962153291467,0.5241159303313235,2.09470895953661,4.577301659300577,8.265727369676199,1.228098294447588,6.779925248462562,7.209894526573233,5.309104024301797,-4.051864658438738,6.593146425975902,6.171095185257409,3.7932422872897753,6.971794999915963,-1.1461867728674637,-3.144934932509201,0.637244095386472,6.081539866931007,-2.276451088379505,-6.459281312885892,1.236892272241408,-4.534303446717316,-3.4569551054743775,4.6752935468693115,4.158198606312826,-2.3923064256244015,7.958701262800595,4.466206530510311,-1.5607248218297562,3.638599154961114,4.38586520869934,-1.4689755234021062,10.143726028570164,-3.5277589542709817,5.823619982953481,-0.7303336309564796,-6.197997578829073,-2.362673284978456,-6.018999174014508,-2.1670890003295384,-2.894124799625032,-6.421878140392233,3.967847767131227,-3.489082478797173,-7.1695347243467795,-5.000435811694169,-7.274733327882239,-5.865136266177681,1.8412978793739925,2.9996270043458013,-4.712464995447858,2.156605648546466,-1.714907428122591,-3.7559124450581565,3.4480582907711264,-6.842406077817723,-5.089345528284806,-4.850439490894958,-7.914637271681377,2.9898731295144887,-1.7811575582083787,4.174669572068485,0.4124069011926243,-6.116208263396979,4.902479664796311,-1.8600042897096667,-4.655320309154254,3.631223999100304,8.05234410177666,-4.789106191631777,-2.508283373505377,2.8357109338574404,-7.220043152096905,-0.8892194774608034,-5.109894025920771,3.9855080131499716,-6.606058147071797,-3.523753608052233,-2.02668038595352,-7.873154351863156,-1.2710291380503114,-4.396017259733341,-3.836465566635458,-5.929630383120021,-3.998787958469641,-4.821203491402387,-1.4891568891679554,-5.417918337385687,-6.0600270382420405,-6.419189154924587,-6.287474543585872,-3.990569744054458,-5.478129403979613,-7.877918942667202,-8.390564124111805,1.887718753481647
5.219507897778235,7.554004670561879,4.672567915944619,5.5429978363971,3.1902594863135048,1.0497674249162636,8.734961004630557,-4.3928912803595,-4.034038430775285,2.5652548967105147,1.3465718619023426,10.989507848222983,5.715467465416541,9.243078157611086,8.803574863951777,0.7366434697043475,9.859100151252095,3.307783503208882,7.650577763712136,2.2459791413625414,3.492222430549692,11.236832547687685,8.852319793355724,6.3448363606654175,1.8442212552596513,-0.4781703232475214,7.486500851006329,-2.5457621288764973,0.9937174521268776,6.050637806993277,4.09671327693047,7.566873711501363,3.6293593506400534,7.59058408687782,8.996985768626667,6.457757783020888,-3.174869077384752,4.77149303713871,8.656972225125651,3.1557231171137814,9.24346525221838,6.088160638493236,3.362402388727602,4.552969226699537,5.660175448135394,6.800291873414432,5.333263465781394,-0.5884244734165366,-0.4409536327924366,0.9830170955964127,-3.5938048790556163,-0.9629864947427401,0.6952130118766451,7.65438394295967,4.662541186141961,0.7161303577873812,-3.4077115852873354,5.673633354476262,5.619468869171687,-2.340262268278948,-3.4150500862786597,4.304131191628144,4.386225263054207,3.8492013447296314,7.332073022683447,1.0270948393207444,-0.9856438205491428,-3.6690536398555436,4.833181871556526,3.1448966992186413,5.9714563085351235,-1.241330716043794,-1.1847871646067254,0.9927531398477162,-2.2920240386241866,5.383184810922621,4.761375221734387,8.65979111647824,-2.3418127878803183,2.7610962926263434,0.28193804725290533,-1.4497945053380286,-1.8725142235566947,-1.0156062067889142,-5.084718729520606,-4.497804574615336,5.332839700389386,3.7550648798811284,5.018228722324767,8.158030860773174,-5.228210243269186,3.3716658331872837,1.9062753488655892,1.2580527571433113,-2.0656815702447604,7.7749768654638505,0.06090213925824082,3.556004207850312,1.3590477896988526,5.015413486474032,-2.836616918219377,2.7196041572457705,7.322730040161066,-0.12778434409625358,-1.1204359023120711,-0.21929525695773788,1.5635836157135576,3.5675017060560865,7.583699401404323,1.1705368910807696,6.386576005380677,6.51647504660963,5.217768301786164,-3.967126726138329,6.1215394484231105,6.194858485503176,2.6168958372194706,6.541154390696773,-0.9369076936613553,-3.4902582906107615,0.22242157010692304,5.305613864152198,-1.9442184946639236,-6.313925802043047,1.552245498752857,-4.477995604859745,-3.3533415210911506,3.817405926562822,3.941632294976008,-2.26794950066075,7.149611494143127,3.984572610519721,-1.9189854333013991,3.504521773526869,4.992496532011936,-1.8209160156878867,10.044752297605754,-3.4360497124299068,5.598855690216875,-0.48175368609941505,-6.182365434442439,-2.3191733666305296,-5.919320531148562,-2.129132037951493,-2.7050056504341726,-6.326433390820893,4.298444707584481,-3.8344884246768616,-7.087876966634496,-5.245766863679033,-6.972663955031099,-5.225636788414538,1.8534886318306252,2.7799267249434765,-4.593778587861158,1.5881085701832856,-1.439305459326602,-3.7583570580264642,3.6131580396465846,-6.756987664098089,-4.954661085995014,-4.642499285826502,-7.7980548432632,3.100841105789967,-1.6024504642593078,3.844823553106934,0.3966792101359097,-5.743006483008949,4.86338515240102,-2.414872335192236,-4.35768260089096,3.4469020334541005,7.14708315062644,-4.635619969438732,-2.4460026934525936,2.4256289002998788,-6.883157133384631,-0.8485563895006702,-4.76531898898205,4.101443510322325,-6.524910779348804,-3.536405766053844,-1.8464713216854354,-7.932213134382739,-1.248901068196628,-4.325841574763465,-3.8908154635647727,-5.783398349567333,-4.001315310360939,-4.337451842595063,-1.8581578971380446,-5.318013887344841,-5.88721366560523,-6.350025376485982,-6.2435426324987455,-3.6260291855319475,-5.444434529761817,-7.967864245510802,-8.165744716518676,1.7201112151549003
6.320613366726331,7.69483780784581,5.707940084896282,4.602119770904178,3.0744903765164215,0.16743822349163298,9.080531460832528,-4.829917027931964,-4.062222179043787,2.139364470170632,0.2734350883597561,11.447839095860509,5.642601257644738,10.157496192885752,8.859363088847866,-0.43423977789851154,11.315445115804362,4.014092478212846,8.11874670119742,2.894108352058989,2.717791343068072,12.09145922605199,9.989318444596876,6.875121592426782,1.6225616756234453,-0.9904603759759983,7.564572941688428,-2.473766391346851,1.250252814884964,5.978828602186822,4.701964853487688,8.13500363821327,2.845753943082147,7.938480174621278,8.927164305044158,6.14974526472814,-3.3931043793804028,4.2621511112817405,8.404699988506271,3.168422776923565,9.961392385087574,5.580658086838577,3.489070933080717,4.8502175530654235,6.39426243214513,6.909095686286903,5.767463115757148,-0.4792467828420294,-0.4085860224596398,1.1806450515283706,-3.567046390209411,-1.6483242710271542,1.600841455271588,8.76984378123656,4.636196025758222,-0.20368456997047013,-4.208615648806667,5.875996114096553,5.8923167763033675,-1.9620194576056487,-3.5100618322630552,3.603535404862808,3.7302481628785467,3.061632892773651,6.560229770455255,0.7129791272699577,-1.3347332954320095,-3.5824817778694684,5.057034661595666,2.6620051877527073,6.203679627070721,-0.9731090712761187,-1.4072334461261327,1.8427514589052167,-2.57766977812516,6.002147456351281,4.570202555302697,8.48048405601677,-2.158583401454141,4.005429604293753,0.3294792334959192,-1.9865314971402888,-1.3720352459354461,-0.30340522833083927,-5.653585507549403,-4.473428856279704,6.126972779972545,3.4592749878146325,4.908552961506144,8.16779831394449,-5.8021761903426645,3.326507789996455,1.1500683473944342,1.4757619256447851,-2.4069070515953075,7.809811215212037,0.45210733905874656,2.5934461925465033,1.20110197236758,5.854488174187169,-2.209394568886938,3.223093269076154,8.415725122276772,-0.5245280179928491,-1.0210993741978116,0.1347908573411713,2.0349901524992418,4.7290162278440135,8.678512188892274,1.3549482336012886,7.094425084843341,7.573372763776944,5.366150920274801,-4.19520155196304,6.904005281617259,6.50327879777358,3.8496940959594435,7.242839117436054,-0.8970016389840931,-3.4817681141339545,0.8410499613267677,6.135968215407912,-2.339964005248198,-6.6929305667383865,1.2811765005637232,-4.858431801743738,-3.676388306894535,4.854808667036489,4.163045618249704,-2.6284530164075766,8.275786221757976,4.355401459935515,-1.601892546387812,4.081565066859795,4.115343116786872,-1.6642175358884579,10.586668423421,-3.4615584070603083,5.8834876305026835,-0.8748983319484227,-6.339318917827543,-2.2915427206268264,-6.029333319169327,-2.3829694312063503,-2.9615533794974835,-6.573510557480781,4.270113297599623,-3.6880685713503167,-7.495160792325285,-5.120768008253304,-7.525490251538406,-6.246649718172576,1.9086695885186338,3.261725615612601,-4.850803105066284,2.1543213920033266,-1.8216961319652674,-3.8405156577987367,3.3351026397093992,-6.99076903115702,-5.215812294211604,-4.940479258704553,-8.31569684704628,2.8936963579555735,-1.9380899040141044,4.22352869430647,0.8520055504467126,-6.121692979472435,5.1156053701100905,-1.9278093730207928,-4.542881026723119,3.711991204532493,8.380773885472927,-4.739178375332763,-2.7539381716820324,3.003000356674802,-7.39186739694251,-0.4979526847516264,-5.133234761256635,4.613061523886566,-6.885754008328362,-3.3304565720719737,-2.066442749254592,-8.147348237548591,-1.1025393585201777,-4.177063731683872,-4.1705122889006265,-6.254511214712792,-3.7397798816480448,-4.94127711717584,-1.632412255652055,-5.6216761608246,-6.4120652961574205,-6.459098493218713,-6.321735678421062,-4.171110242283368,-5.601886820252978,-8.320631901254021,-8.633036403868818,2.1350083744221533
5.3426112967108095,7.435204383775105,4.407931924144342,5.525860269330748,3.457711906698345,0.8476004042043925,9.23751081965696,-4.616399448492488,-4.019557623648361,2.843196904589749,1.1584694631872658,11.068406695698794,5.778350033578576,9.298161241967856,9.041217318564282,0.5539012921855015,9.80719164365689,2.9565264135688403,8.04570632817274,1.8059294117992597,3.6573901638034854,11.249157754271899,8.789024635325479,6.176536557627764,1.6721210830892468,-0.27677037932597887,7.445791187052103,-2.373979018449675,0.8713200613681508,6.388408294019928,3.794012191450649,7.990327143296661,3.027309627828525,8.070111398144466,9.0101249582823,6.590720900139988,-3.520137520419388,4.332633485590152,8.545050285437021,3.234779387361969,9.450676923079696,6.663973240782848,3.8059061317098397,3.954323500655395,5.174627229404986,7.069538601817514,5.649676459737052,-0.8940075948391594,-0.0349610567594308,1.0310029210609066,-3.4457183128210964,-0.907536919781951,0.35241669081738397,7.867484448559362,4.712180389307376,1.1748575953111204,-2.876033635139996,5.49004654318648,5.534342884051823,-2.10499148197449,-3.6990564078803363,4.354651203801759,3.8051968183095983,3.5991564905337574,6.93243368604077,0.9195503188538962,-0.953925302777771,-3.7434608527042466,4.6323320971965485,2.56276036211536,5.7174232965454,-1.380404302192072,-1.179015750516069,0.6912925397845547,-2.173812695492904,4.921738679802938,4.606905023243326,8.48684201953854,-2.549324614345329,2.5411394912109535,0.053204276116318165,-1.3892173982930913,-2.1577359990148373,-1.2172226535464765,-4.656697374914684,-4.45075100139591,4.959431372517149,3.6662162463765244,4.681685303234285,8.332456871583814,-5.222538861665808,3.149783142273034,1.7406366815234025,1.5455700376170753,-2.2610345602611632,7.55879903059823,-0.20814722843366262,3.6016430971944704,1.1845547138278967,5.147558469353414,-2.994755071337865,2.2542870789831486,7.226256638053269,-0.002937301621750341,-1.0618593275017572,-0.4073828697642896,1.435358857550357,3.335608262746911,7.355984429932787,0.9614634778094151,6.166855594899815,6.34607309333458,5.428577988736637,-3.941726978637493,6.247045669667098,6.058087373027214,2.5775949286771236,6.201616955560877,-1.449807836886368,-3.4712135388565524,0.4818224747180144,5.320119703821503,-2.036511372337421,-5.995488786708829,1.6504578381218897,-4.328662082108635,-3.3816354288700827,3.6343484589728026,4.078622199126628,-2.456724736826751,7.007545213880684,3.7999450235326755,-2.1643272079006715,3.3990605398881404,4.853695129224383,-1.8475910348885651,9.813557952108226,-3.6504638609756936,5.848865503485537,-0.9488090671580534,-6.153269252831984,-2.181870875828383,-5.948557145498032,-2.56900053705045,-2.795964034694641,-6.344015325669089,4.764474131996501,-4.0955478133823275,-6.832933281345499,-5.213032284378216,-6.540724812150405,-5.26106230962001,2.221175413918381,2.2149003084234007,-4.649088223533458,1.445822876444971,-1.5900297116941005,-3.5154996629393325,3.643037018489277,-6.173591767887528,-5.087479685007418,-4.218056143022154,-7.32708308017893,3.1245890064146304,-1.4166922525569263,4.091609092045146,0.017406962350766206,-5.67921078670112,4.550689156999747,-2.6060707925639175,-4.695142594516615,3.5994586034822715,7.094234641602043,-4.597968682245605,-2.1536144040560408,2.7502471216728397,-6.562359376609456,-0.8826541557002983,-4.483682273204737,3.8081218176969576,-6.34178862741828,-3.7248123898114414,-1.6864261951552473,-7.630516141631692,-1.234432837665724,-4.179174836529634,-3.7109362674974467,-5.806666460762057,-3.9442857763710686,-3.9311189113584204,-1.800214633181343,-5.388305969206853,-5.853868745524684,-6.3577751029935055,-6.250652214011181,-3.631761969453161,-5.448489714728152,-7.628417774945291,-7.814070649096938,1.2658097006429472
5.46660612723401,7.451698158102528,4.937434509791627,5.098880564526017,3.2952800068626718,0.5127409137740657,9.064603438649062,-4.697420949493965,-3.9088615324054716,2.484586998940677,0.8061213044139698,10.850103303364362,5.4246346728003605,9.351803515466475,8.829006010141555,0.1845418155482285,10.154365783374857,3.530147824584691,7.865812568897012,2.2368932549630025,3.2513829103426897,11.531572008570533,9.037505813371192,6.426381861594527,1.596463856892108,-0.49467508570199015,7.134952148937484,-2.2262471668327075,0.9042489685100368,5.992394036605062,3.9619850528665475,7.803155545489937,3.122722527396929,7.808717847631861,8.82284606231436,6.0861417265183375,-3.179751189957685,4.294032382743379,8.551720605870473,3.118529288698544,9.54535900793887,6.051345368021193,3.6289949900469023,4.274478315791517,5.872786923985108,7.035897958421857,5.678930564848161,-0.7911300765821068,0.0066667546835511415,0.9545579639834831,-3.3005140879622914,-1.0235452536598835,1.008198082277963,8.037284011909748,4.668525043925719,0.4984079757905432,-3.4811097329281817,5.6457943296115785,5.815589385953565,-1.8864764691728038,-3.61172854389022,4.086881122389444,3.8138208389056416,3.295352862429336,6.5777353847857825,1.005478000765875,-1.3201051812344677,-3.56382835012739,4.665751430899689,2.63846905117451,5.70881993809023,-1.1621226249621923,-1.289534600092972,1.299938300372677,-2.349026930477469,5.264807235981893,4.586569930218698,8.27181905162299,-2.278474056472414,3.2474914383779017,0.27341245499942307,-1.4753689185190961,-1.9042914989602457,-0.7766377550060489,-4.962616805435064,-4.331604248497723,5.366582987620505,3.296091005923614,4.607650916115786,8.133947999990536,-5.27446749622322,3.1557572516047565,1.2627056706290711,1.4207106775054101,-2.3806434000926298,7.70840892065876,0.15462501976399212,3.1602868973019382,1.1518477072833893,5.339418430560641,-2.373870822591992,2.5966850927247354,7.7299497562449915,-0.24910214120636565,-1.1541740076405897,0.0433502762676841,1.7506063424359362,3.8784978728481674,7.764825030329381,1.166604400877061,6.395203340084555,6.672668169409608,5.250092309989029,-3.9987532774211028,6.172585674283862,6.01363028808605,3.1251065164899994,6.556730682328751,-1.1996162547752194,-3.2206028315956994,0.6027450866221772,5.582020894713423,-2.1038312027004222,-6.343241241488958,1.4066660104999158,-4.423987858267666,-3.5054568042458287,4.1816302589072105,4.084841733139653,-2.379390600370136,7.507822835589598,4.247333270148472,-1.914249894558629,3.5230737754560435,4.709869135173287,-1.7595516511925562,10.023674771616383,-3.581694879265019,5.787972806004258,-0.7204959793948618,-6.116031008788109,-2.3191936229007806,-5.966407929361936,-2.438756167885313,-2.7833008511266613,-6.323805253142124,4.371642242851883,-3.7802099385379027,-7.018295746929774,-5.1123270134991055,-6.992755342041029,-5.393025680497673,2.171119699797593,2.6509004145608124,-4.8263267405836325,1.8658659947282181,-1.7474222344359676,-3.6694264443133426,3.506061956458241,-6.692709142599771,-5.198383512422547,-4.628825916221726,-7.672891206681945,2.917482810762795,-1.6575166507229544,3.997180264843348,0.08371167629270747,-5.913070945118483,4.846608237897726,-2.185401391366257,-4.508283379012777,3.765748412275358,7.561892767987485,-4.801807722029013,-2.4109121100307993,2.881396400611224,-7.059530338933603,-0.8292730494241357,-4.732894436250002,3.921114738024419,-6.411484498888448,-3.7899730266264533,-1.9711494701803127,-7.82612031392662,-1.140426621457338,-4.10344093190426,-3.738275623436612,-5.831888879925468,-3.879911815301561,-4.427622312429664,-1.4339138429834644,-5.4573470206738195,-5.981985027117495,-6.380788358961738,-6.195200200105594,-3.69028576445674,-5.390971762293718,-7.7773030008735615,-8.15011568064839,1.5636613712383207
5.6870014519145755,6.598121179708613,5.023760268285462,4.555216589980461,3.3816834516586516,0.5138639472426906,8.480575137680113,-4.005587669575268,-3.4741975267190055,2.5285025656573907,0.628760977840033,9.91763693176775,4.916291206203788,9.122196967407328,7.801268451957044,0.0001068361393871754,9.855852306220532,3.293250725014198,7.714289332857887,2.5318824240804148,2.938202922494338,10.591633217243274,8.681604618105156,5.950462373809971,1.139174664084409,-0.8601687224718498,6.398177313460103,-2.15322919074522,0.9186577572192232,5.753356002389088,3.888679918767084,7.5880137414796165,2.5883007627488306,7.47885067129365,7.623899176290229,5.852120534758344,-2.9409026757406975,3.4882349917045197,7.281147946363767,3.1873489419570644,8.77058957568318,5.275547378341773,3.695078998447666,3.6822065980533805,5.568613690525588,6.119398980930357,5.026609260613697,-0.8489190655184761,-0.17776830086224166,0.8141430702468327,-3.171685010883207,-1.3425228926448773,1.2358463219119198,7.740647227756088,3.9888078500523174,0.24349109928785592,-3.3851975310996223,4.788772236175069,4.959907301991397,-1.6842491951291723,-3.2564763371817445,3.751810461291591,3.1108488241746204,2.572127369697416,5.7821107500036195,0.36515022725788804,-1.3691102820304246,-3.1627530157768473,4.705430642325632,1.9376033347103758,4.888411093043095,-1.1347454098218908,-1.415731262483274,1.6186154346626425,-2.175140378547768,5.167482745172023,3.6965630372567246,7.288640502126201,-2.2691501591602075,3.5250796340218895,-0.14694788233290285,-1.7312914179856154,-1.2801759507872317,-0.41272400568218537,-4.818454950899238,-3.953334801411445,4.802044709184925,3.3917949770598503,4.322038798102605,7.099890851146305,-5.018056824904988,2.5229401761971806,1.0061560387755908,1.4925677227892686,-2.1761107529159296,6.553688308303219,-0.006029682399152559,2.651964253566561,1.1006311738389485,5.4484484087512675,-1.9820385611016627,2.6737783377519766,7.135068330363097,-0.26475492246855176,-0.805154741989131,0.26864897567967394,1.3996261875191072,4.059950152998675,7.389379809760005,1.0403857878983567,5.859840977894801,6.3483156544083545,4.868441305162466,-3.9844236554556685,5.765402357763561,5.381046468561621,3.4437844039837557,5.8542103001751356,-0.7906566468097663,-3.1665737709769726,0.8577535629978659,5.170267483669749,-1.9087453004940678,-5.543709045402208,1.302233771751863,-4.185261545903551,-3.1760352239682947,4.235264428253678,3.386940210959355,-2.4718864994730945,6.926291692780405,3.6729355713469976,-1.6107974450819804,2.9567462730117673,3.8723997845432288,-1.6293026732394331,9.04934933894739,-3.2890069138774174,5.143950891854582,-0.8497051465259119,-5.354387587272335,-1.9080388157345793,-5.231150558714879,-2.3288122847675643,-2.5030893679707686,-5.788656220469274,3.94670272895108,-3.5436939077101566,-6.357754285692171,-4.657100480343663,-6.38052985274445,-5.538713917636719,1.8741663020152022,2.6211053796301265,-3.9960082875985896,1.817739509804205,-1.6226933248728896,-3.362975369007521,3.398031821367648,-5.773519036281603,-4.438359411683275,-4.025006134818325,-7.000967630614396,2.5681496263236467,-1.5863507212097607,3.7042925380760523,0.37191588085156874,-5.309503001139176,4.140862125111538,-1.9948570549560456,-4.024214168130016,3.0652425174442897,7.123097854618207,-4.086136157848106,-2.3451661650738638,2.9023815505457304,-6.260226132052117,-0.7566355307303909,-4.378048042856939,3.910673846743215,-5.849021181918547,-2.9276758267411696,-1.8205098636461627,-6.830008263389087,-1.2536464604219668,-3.6323020744896084,-3.348064825061353,-5.408011369127779,-3.4197121656205183,-3.96754784659172,-1.4058301278742873,-4.855141446108661,-5.391937996999123,-5.664451212407436,-5.539626736134865,-3.763874946860298,-4.754028927802552,-6.964346040380415,-7.317871434197695,1.5500072933589017
5.7252293044324,7.849214558678381,5.409103629403036,4.888202156053873,3.199817824502998,0.34481192732225946,8.872380758043814,-4.68706263713369,-3.9227093528141403,1.9448313496803615,0.5334801032672524,10.998762496789038,5.007175633186459,9.733226190104176,9.057400167705373,-0.08072744763668478,10.534054329095833,3.969445929929614,7.4881145644011955,2.1937358825361795,2.6312255444950576,11.800375206287296,9.438666607176723,6.324066726270815,1.8571057161154003,-0.7090052268148282,7.277776927108432,-2.2435231387719745,1.2721752805833868,5.865973492807925,4.349069671512264,7.6182033327804435,3.437989395216421,7.636637915927075,9.11307932206507,5.928936935551631,-3.07897444984969,4.377161906125944,8.860460910258901,2.930204420818774,9.975660105832727,5.720911472009047,3.3576978323634896,4.745824876749496,6.47034549115042,7.275768085366066,6.084454681174312,-0.4809254947219191,0.15876689700080804,1.045471408939747,-2.9930385446674435,-1.185770785957868,1.3464362277112778,8.348208068907901,4.743436057059151,-0.15902422153895548,-3.961508676556326,6.085003916901387,6.265568710106685,-1.7741409436228055,-3.600576720857609,3.74909727573746,4.066378636460194,3.377077178071748,6.702210709366779,1.1590079589171463,-1.4941250045241836,-3.5147912521277918,4.927352891663282,3.0189719102858215,5.996157999975394,-0.9372471569731009,-1.2930422736683496,1.6743679373406026,-2.583686148133912,5.570832101063265,4.583287860273888,8.349800962760039,-1.9958725451185686,3.7650029664649303,0.5629324771714103,-1.5365425738303782,-2.1640599379444962,-0.4399073393516563,-5.28482552511552,-4.322216045534743,5.927372872826472,3.231731719120327,4.398970162793371,8.416066736572215,-5.42890449718078,3.350272608167051,1.188138805330717,1.0235569542012573,-2.331985590777751,8.118499319792539,0.3619045645423895,2.7088935431136836,1.2457437317431534,5.160997967452951,-2.0314530743736023,3.0614927937721323,8.221319510095318,-0.5970090829353573,-1.054622806383105,0.10371559973862712,2.2534984918201015,4.051529870132732,8.158585614511965,1.4379571357627916,6.493711906690775,6.730275791167295,4.827469438818878,-3.9333593723342712,6.322994525758902,6.349630628799765,3.5050177185493583,7.047472215672263,-1.2809616619990711,-3.032593699936388,0.7667943725731534,6.1386345863117615,-2.1242941538436217,-6.666970041847954,1.139246394750834,-4.554666215595282,-3.4294028335715527,4.741706280782442,4.3210321912769585,-2.2779373290881884,8.1751272725442,4.377620679375696,-1.8221955057437225,3.824816235805625,4.722082577833263,-1.3590861981314735,10.295128636821413,-3.5995751329371104,6.025608526092833,-0.4159958085733914,-6.277198720886935,-2.7327601223540086,-6.260214758205986,-2.2752546146142776,-2.9813455095182766,-6.679235708242137,4.186617228330289,-3.53618039063773,-7.444015775102234,-5.161315724306202,-7.302664329153997,-5.759073678129733,2.1319483083204753,3.1711385892377906,-5.17954304523041,2.0477550432851728,-2.018931502979675,-3.901027885324966,3.21634780060782,-7.2195067163479845,-5.463075916323591,-5.009150063218811,-8.150276958109023,2.6903916876664136,-1.659906802930677,4.101581501154641,0.18699382934725545,-6.257533790587216,5.364569822073301,-1.8214290975389535,-4.681929416129706,3.830843720779668,8.198088378532349,-5.0912186394719905,-2.5886047022401195,3.146292569810333,-7.537498445567564,-0.6163295338882191,-4.980039717133575,3.9603799641172484,-6.741114828188731,-3.8760556689586605,-2.099722625199578,-8.16704192758252,-1.3019768097105158,-4.16005159039069,-3.7515402336724,-6.027989184097105,-3.996771892386122,-4.949316458883221,-1.1388223162552884,-5.703109040302874,-6.429130145942149,-6.638166090179737,-6.4457239734187155,-3.7104206505495796,-5.8023575013641,-8.23652985819397,-8.628572606311984,2.078575347281859
5.78362550894686,7.579801061713805,5.201015157142631,5.01593445890768,3.2892264334878063,0.455916327665055,9.238210572304448,-4.737808392506256,-4.033279727353024,2.514926105392973,0.6684345885871934,11.189187573920714,5.690425801224099,9.825085715852403,8.86521561780732,-0.06261582386654577,10.642518115043337,3.689266359819015,8.177192498552067,2.49468475909519,3.3063144181932915,11.82326485521083,9.499423759141846,6.613731524148605,1.5889518152434163,-0.7162862604189492,7.35655557351982,-2.3103656616901636,1.067350796240696,6.123580338339801,4.227995199503905,8.080579858946392,2.969916802733537,7.960568773103548,8.791795562917665,6.241577199868292,-3.3950916033199845,4.260108138305709,8.414496639638518,3.2772853996715963,9.80541565620347,5.995619442115732,3.7444050399887043,4.305386904317674,5.946254970259402,6.988390241989602,5.732047650480734,-0.808094693603925,-0.08378694337003278,1.034448062477695,-3.423141360515099,-1.2594716977126195,0.9998200062618179,8.379289855179271,4.64961870037219,0.44528407846117535,-3.6505147480644435,5.705501778977165,5.710949760384562,-2.027785811798458,-3.6866050287188825,4.013641749600586,3.6144814914723433,3.1722051835978773,6.6232375242076085,0.8414217594172253,-1.1966591772452304,-3.5773034947475635,4.848116562276349,2.5349786138145363,5.86403421239499,-1.1541879284866623,-1.2892021225195092,1.3406099412792756,-2.4509588034513685,5.407754551319248,4.4888861283782795,8.432368184316626,-2.3784020709296945,3.387923229435349,0.025408131447459726,-1.6651264187955157,-1.9242258197394613,-0.6760756501735811,-5.2116923840632685,-4.4003766169179395,5.456726249368994,3.4585656880100446,4.847870681515551,8.216218709901279,-5.466680650482096,3.173078906590565,1.3189169504051401,1.6220902506822301,-2.4360635512819306,7.630563109790504,0.09640536150614647,3.0969736023278904,1.1780505930100151,5.751813707631401,-2.482809676516514,2.761636095178803,7.943137893635082,-0.23269065570074546,-1.081200774988063,0.1550083570305877,1.7746321154925488,4.254634713583663,8.089625521823796,1.1825531005632741,6.743966957656068,7.076827438722128,5.533986535169964,-4.1553491546909225,6.591014520803869,6.214782712025975,3.4880391324666795,6.7066494736522255,-1.2191096189387902,-3.382265857643126,0.723192773742428,5.853780456394535,-2.1769185884316884,-6.40484028173288,1.4785245735141888,-4.550523944029488,-3.645900210124017,4.4148475100069335,4.1016484954033094,-2.6161905982343403,7.7522006437310065,4.268816133293534,-1.8036238223915066,3.6770574805963476,4.564356610168276,-1.7057153648613916,10.213833820171425,-3.7006519564460874,5.843129695464213,-1.0133407433459525,-6.298099769570192,-2.190466199961368,-6.103054474257266,-2.4109032821706973,-2.8343973274121392,-6.562668824225443,4.387154788613527,-3.9404205151159433,-7.281288082357765,-5.238572772808234,-7.1495738936341935,-5.78799817833164,2.16682919527088,2.7409836403953793,-4.8270207487676835,2.006473927214792,-1.7220860558938447,-3.6530215838428055,3.6552645050374375,-6.648546845667465,-5.239767866728592,-4.667337285552063,-7.841668576587123,3.1043553430824344,-1.6784670459490416,4.173463631041358,0.19754133856156295,-5.99507635461978,4.757820189142305,-2.161046376899031,-4.713508597063261,3.6458827536885603,7.842230444183173,-4.807431746070082,-2.3948378989678245,2.9452484698288677,-7.094880586534924,-0.7024780618718066,-4.929572707726912,3.971311201637718,-6.642722887414969,-3.6808517660816986,-1.9623649872897058,-7.912921661726695,-1.0960072062221846,-4.182285796812391,-3.8864630480019846,-6.106459988706446,-3.853689670455618,-4.514083575037819,-1.6139934533847349,-5.551262858911756,-6.1792248009919915,-6.450158900976881,-6.3931380867449015,-3.9013861161289083,-5.513127874107423,-7.937199412799116,-8.338372976708989,1.7168691521789603
6.150095235751805,7.706862834728564,5.840588631514528,4.632481822162407,2.8361296271536993,0.3001568764456346,8.951920817025835,-4.76613111744416,-4.051910313147842,2.1386550022186728,0.44529096422525694,11.473438008183377,5.813071618531216,9.991175840847873,8.561374804780623,-0.2678584476966101,11.393391494663964,4.302886484912409,8.088530993857345,3.287737184593939,2.8831060212492194,12.262002495513332,9.97687919866091,7.234359085129961,1.6522351934166255,-1.0496724715362238,7.5438431416654215,-2.459143916201911,1.2825808372912932,5.767390840131594,4.773098279685423,7.959390162951984,3.139221187073814,7.744835315584933,8.890142298742116,6.110474529680511,-3.049209737822969,4.606483712082087,8.367421563003504,3.1707216521154304,9.82172365210609,5.28416770329181,3.331235091495106,4.942325631374639,6.622481886559871,6.5695032437558725,5.332233672513792,-0.46004677600085325,-0.8325162071249559,1.0813760481724493,-3.9046109833276996,-1.7152791691004097,1.7325084863636804,8.652088061439885,4.644867543066963,-0.20308986786246663,-4.409543330951848,6.0152659861208315,6.014287679073896,-2.0427899239292837,-3.6643919736857713,3.6226556710651443,4.001842348847686,3.179557589319396,6.702696371132585,1.0047858238041054,-1.19554291914736,-3.457928720014041,5.002253164560046,2.898856380537091,6.289731260364135,-1.1031939378417448,-1.3183661295570848,1.8839773540841211,-2.620185984154421,6.179149778142319,4.6917865772691005,8.63475596496287,-2.0450530324101717,4.002896518412538,0.5123678042999024,-1.8981095541500863,-1.21203111126128,-0.34500468643837473,-5.771241864689442,-4.533338066093094,6.128666386509013,3.3447759882198347,5.21091426049115,7.948649507481354,-5.812232216150671,3.4666992487769344,1.1906209229182552,1.5287740757311763,-2.2154353964092897,7.8575896738356,0.4277020628053884,2.848980571568665,1.261507285222518,6.067287789113285,-2.2427263755263804,3.1505028815784386,8.506243390321755,-0.3466896708604379,-1.1864729888582948,0.4757677872371067,1.9158220187216473,5.065112955702201,8.871460075037707,1.3176051289690753,7.325645820165579,7.806385647265289,5.421696103844353,-4.131442833242532,6.687975680428035,6.54189074433217,3.8216300792431905,7.329975311961349,-0.8977351809757201,-3.538260927765894,0.5303043225880121,5.9406818028415405,-2.3017574025224503,-7.054390462751503,1.5462057615113312,-4.6911948070616205,-3.749556886468956,4.7636909617344205,4.028003566266199,-2.864980878797112,8.255599986232868,4.65627239395423,-1.657620395006919,4.0019264638425245,4.229867241896441,-1.78598379506053,10.79399111152841,-3.5373062270637163,5.595448462746495,-0.6419190315173079,-6.49527370950734,-2.180138880036991,-6.075748042213204,-1.979553155946037,-2.9370531062698233,-6.5231673401128605,3.952496018017549,-3.592962582173396,-7.659582949462868,-5.186592144805287,-7.6762012532982595,-6.1479517792515175,1.8888586733511792,3.421664475651268,-4.900953259604003,2.3248795987496598,-1.6031867329654508,-3.932282893418405,3.502505351333066,-7.316190556018161,-5.348476120132339,-5.141105329633444,-8.39014885261003,3.0088543161395225,-1.9678008874448498,4.1653549337461575,0.9700691891586178,-6.3074153182965835,5.036184297721693,-1.9412634698904785,-4.467405081258657,3.7982820487967364,8.302576198397876,-4.743027239805191,-2.7635621665128793,2.7893851013670403,-7.614481024291468,-0.40267404388754313,-5.319404418609408,4.7313470764285945,-6.7740614667050165,-3.2812892759224006,-2.0629724043562376,-8.405056515580755,-1.0144800145916788,-4.166628586593952,-4.2329863534667,-6.44107390631079,-3.669193763517853,-5.1023121681211,-1.7282381955105703,-5.7089778642487,-6.4061371414049475,-6.456686742922621,-6.392605599275231,-4.165685708696872,-5.822769067726301,-8.404985006551268,-8.877920784482574,2.271057225782502
5.908747982398294,8.284028773875619,5.842464534340776,4.853316298856228,2.942876590321493,0.4148871866739196,9.043556083538158,-4.899372025663067,-4.194320332466159,1.9537772467564563,0.32383857176182906,11.511480904474173,5.607331667654752,10.257000419700676,9.10719603084596,-0.356619990287652,11.270905854574975,4.256328539826198,7.846116263329677,2.7767203691175553,2.8770232959310897,12.499181680284066,10.082493005900508,6.9765729513065216,1.9022379947792836,-0.987631143336393,7.743528351099414,-2.4011557608617604,1.3365917149919722,5.947315010179046,4.635803343982362,7.820235869618035,3.5164475229316174,7.6051052050587895,9.246546244848904,5.949314684099463,-3.172361038686324,4.826148594093261,9.03552666172221,3.0820660931049018,10.284522578082832,5.5920995283813975,3.215832613443242,5.19883670262062,6.792905464262185,7.180813761317735,6.028706217067131,-0.33474158396005443,-0.22614153041484514,1.232478162958782,-3.349784757214435,-1.3927249368252776,1.5186824007173148,8.666085379907672,4.719467663488709,-0.29698374296713503,-4.433958347680473,6.317285619427174,6.351326904770993,-2.0952976545148574,-3.669113441322939,3.6683132535872622,4.1225319027532645,3.428672393941036,6.981782422242707,1.1899696385663567,-1.1768876651767535,-3.724733691125053,5.139460613225089,3.2503254129080776,6.41432124603156,-0.8287346736191309,-1.3511868670108749,1.7423165726689929,-2.687980740781072,5.801752591882776,4.8596720305517325,8.821746265198799,-2.0633190958566705,3.9423241705967804,0.5535729110626364,-1.8029597794959498,-2.037763117242317,-0.3161656542387409,-5.788265301366389,-4.485117704281859,6.305523752335885,3.419302536487848,5.073995484531125,8.524372989510868,-5.761299819261478,3.6041583004688715,1.3049715987696022,1.3507743426007015,-2.456506864443858,8.341510882341888,0.6115374193865107,2.85810796657647,1.3852547756758182,5.796874668186783,-2.143292233040563,3.2852349273595935,8.715910770034197,-0.5112567557898879,-1.0940253622162253,0.42123157849566023,2.3957783581679073,4.7339029982649174,8.801917466532062,1.5601207864490632,7.265660048884961,7.610065718371651,5.452699142490773,-4.188898893051001,6.956020637417561,6.745789943173885,3.8381923022930904,7.608651869563796,-1.175154026278668,-3.24496284432301,0.6353524570306711,6.530783465497497,-2.2623980192396504,-7.102404558596079,1.041542518056376,-4.887495246037055,-3.7681057665988975,4.920241938575532,4.5729324982054385,-2.393024275960018,8.614969362942151,4.790632713382377,-1.5815270020857255,4.188149116127816,4.802581128278745,-1.5179720486765063,10.9194455820339,-3.7891454538731137,6.249063591968207,-0.5564299025634599,-6.645473722730945,-2.6552046789209536,-6.4781625886520535,-2.366188965004029,-3.0619325484818307,-6.973053741621813,4.147903987461712,-3.6677067098016574,-7.825766702749603,-5.334964405087146,-7.849396467266659,-6.101331724030375,1.9922271624759087,3.476132127255012,-5.193747820670185,2.31945944036014,-1.8653024075785796,-4.138763945067961,3.5084445029822273,-7.613528196854963,-5.549969764708903,-5.381219705724142,-8.664304573353794,3.1189651213089187,-1.8331836927630274,4.255973035491093,0.3932850071016064,-6.493290292808079,5.565115107465847,-1.80394211570626,-4.893853214497289,3.879579941238646,8.616723823607744,-5.2030494703323695,-2.8093369593919753,2.8718697431385567,-7.837032247605525,-0.6925591752914162,-5.379630311246431,4.121133614805565,-7.08528220293768,-3.9238776443591825,-2.277096499598724,-8.616496528378175,-1.2279683835053443,-4.65085389239143,-4.153696031817198,-6.409918028119996,-4.240101486457289,-5.330536082898772,-1.5222077022954679,-6.0031798821829865,-6.691734746892775,-6.815566814854873,-6.76284237188489,-4.016548021589249,-5.9244540955266425,-8.63912629883557,-9.145450876344013,2.356906838369424
5.8993713579375155,7.8072391653778,5.5220859534878475,4.708469141159937,2.73487080681387,0.32436705258368975,8.6479712888589,-4.777066538317131,-4.147066919370313,1.8159239217570233,0.4764213231930101,11.458405458037996,5.684396996748011,9.880759198591415,8.785444247163937,-0.22892648925858064,10.993838344889337,4.1966089465293885,7.493576446641808,2.866108610077068,2.680191220983278,12.019530885137089,9.843737704565353,6.89272648779158,1.9187533344028245,-1.1626427464886233,7.69735051465143,-2.397851709189506,1.4308536529771039,5.478686735895927,4.833030943878734,7.503525910045806,3.4545758221897973,7.371464772340433,8.985819940376363,5.973364066003044,-3.05316578320949,4.859815956061539,8.627742543740661,2.9556532826787043,9.675912703706944,5.22440096529774,3.001859721956043,5.237127123120897,6.5393405959631075,6.780884277867402,5.63081750001224,-0.20719482174233905,-0.45886065628972467,1.0388125574181406,-3.3983978240643697,-1.41931076747913,1.611031024507924,8.32452364465941,4.672319720868127,-0.4063364967146025,-4.451081184197799,6.266342938532559,5.984729118932497,-2.1918492234607956,-3.4634218818778937,3.472124159827145,4.256347991654738,3.6075817300755157,7.024658411160727,1.180057382501689,-1.0736704285514096,-3.5672824751164876,4.957096997393051,3.315469282790595,6.483308066221568,-0.9007855176706653,-1.1029193009359843,1.6116651183438997,-2.575808812571537,6.06996193070553,4.7322289542979155,8.775704089274958,-1.8877861631778532,3.6831519458014412,0.5636671509712236,-1.7337552937873795,-1.643282364023917,-0.3666188790037251,-5.746611552376746,-4.410995317214616,6.2906055451018545,3.4526081487232236,5.203476397117726,8.297506179802228,-5.58962560633888,3.548631480574299,1.4104849084083537,1.1796414831982314,-2.095305595295248,8.191627917971722,0.5118661598088139,2.782421909662371,1.2116178178059527,5.547253236571422,-2.3194322426995466,3.309317930826979,8.294708995092668,-0.6629328833984097,-1.1852834499724854,0.2708206516053116,2.252391250331419,4.621590737384129,8.676793725745673,1.4159841094865624,7.245766493284621,7.483720593774695,5.1872559656338355,-4.020714694676779,6.720263707983374,6.730039586805354,3.563731670870405,7.344009215525842,-0.9103543229374016,-3.3507110554279342,0.6770219054785749,6.0884283653827325,-2.2402142258397415,-7.046860067742121,1.2056914975198953,-4.695683885524088,-3.5401392363093125,4.654494235286984,4.19526734080744,-2.3457381043410828,8.270008839504538,4.5010373407685496,-1.4478275383476555,4.217253327150895,4.502550195909295,-1.4966123464893442,10.76700625031961,-3.459190890215663,5.686705854230465,-0.38028210965452625,-6.580253037187041,-2.587663768096821,-6.160301910953939,-2.0453427327792904,-2.992906177782942,-6.669168269967035,3.9139067260147433,-3.4493152245490006,-7.711589439725246,-5.193304684964574,-7.63294917744392,-5.981537869495452,1.846721961165977,3.4534355980177356,-5.016294894974292,2.2022576074649565,-1.5217318214836577,-3.950900168993455,3.43436615413458,-7.393703705079368,-5.423603884078295,-5.158858804591383,-8.511112716675537,2.9788185392979876,-1.7796887136495532,4.130802879395468,0.9091517148338489,-6.296619356222823,5.328007909044723,-1.871821255048911,-4.5123233164264995,3.656314374727353,8.203541440306092,-4.893426507950707,-2.795592864643361,2.637912727198335,-7.735115606824717,-0.12048656778976585,-5.294366493894165,4.536504453451067,-6.999680866555131,-3.4621143056870207,-2.0584874793318253,-8.418436433898062,-1.0079975924294855,-4.1660534940266425,-4.2325433250683915,-6.255946197133525,-3.6152610033206742,-5.151144410658969,-1.4831920911875849,-5.884132342760244,-6.423102844963642,-6.675786480580983,-6.4153730648511935,-3.8865870857155556,-6.022892104290199,-8.552615432456797,-8.94643165649127,2.5220009201811697
5.931324168948693,7.837311301925487,5.641826369032925,4.331875767947597,3.038408244779763,0.03226283893651382,9.202587804241318,-4.966692724797238,-3.904478654222335,2.0236471501225086,-0.07934371766133314,11.014671954368842,5.387142150888055,10.139470879502012,8.890992738319394,-0.8640800571833201,11.10096077968349,4.083185588883524,8.05926136260711,2.56316386151728,2.838129243827877,12.267470091179886,9.916860357330336,6.752666465278671,1.5497136259550064,-0.8543173588466827,7.156111358829044,-2.0719050751466157,1.3529838732937436,5.963971916429656,4.3229958519860014,8.028110966244205,2.6412997830830562,7.751335951763282,8.661889230822451,5.572692263609964,-3.2549050121594103,4.069106762867087,8.413736772880682,3.117647676492788,10.27773584746335,5.680423323369481,3.569063020594423,4.4055820823075935,6.315837596316062,7.133988584724937,6.156533845094853,-0.6237967673681547,0.23602868326267273,1.2815406812242962,-3.072031215381943,-1.3248477636108027,1.3338987476454431,8.77602035370448,4.459944601104222,-0.11549892288490655,-4.000481957608041,5.8252343335510215,6.01683931831349,-1.6631972822564647,-3.7265529405788325,3.5128353066382476,3.1832267825326213,2.7508995183468636,5.980176816453661,0.8749984686657728,-1.1518847039356428,-3.5729974075194764,4.936854053829479,2.374819134992488,5.83320814923886,-0.9207161245257931,-1.307249531695019,1.6996832244067666,-2.5267388903894155,5.252632335293337,4.350854967665251,8.087707261684303,-2.117632005836156,3.9545164312972423,0.20621308947717,-1.86904517217186,-2.162340441703943,-0.1107565141365905,-5.269433090616723,-4.1856572992025685,5.7919199202844895,3.016886839549587,4.555640789965029,8.20030475062722,-5.5833998490651355,3.2637177030698385,0.794126621335754,1.7274192949320306,-2.7078575074251443,7.68874531598602,0.4826482286105606,2.528494401674855,1.1644636118020368,6.062110935038309,-1.8819795996643718,2.9664246761011026,8.5836208086673,-0.5001869026547231,-0.9409538366281788,0.5018127921910442,2.217044617860285,4.745340225616514,8.453481598895483,1.3522202356148136,6.937287531741258,7.405777794603023,5.5482223405269915,-4.215759099999398,6.878423953847299,6.121938257342443,4.136854075424178,7.1059935881501435,-1.4532193479994864,-2.9209803026017305,0.8961563819976383,6.520416831724049,-2.2985654774189777,-6.56860908092118,0.9722082662007964,-4.506155470132469,-3.637929782048247,4.940020336875017,4.511194584530979,-2.532829164368097,8.355905561894547,4.706574105974453,-1.599385814167039,3.916786822193383,4.2301303182008425,-1.300226551818274,10.321011445169734,-3.7903057088176024,6.221189250891551,-1.1806510103067855,-6.303531572844278,-2.379042036792487,-6.240742504204144,-2.763458666919199,-2.964026105197976,-6.808717391616488,4.205711167546845,-3.75338253234008,-7.36128569870469,-5.175799453330826,-7.29504761740457,-6.122965164368641,2.2895154772407533,2.8493759232766718,-5.137411670485122,2.335811376257934,-2.064960997674713,-3.6692954745826816,3.445364967209337,-6.8428344685187135,-5.509866708791359,-4.881282094265033,-7.965667671166545,3.0068734229167515,-1.7673439815978176,4.410273074957138,-0.03243375734320927,-6.3795134630708095,5.100788870203617,-1.6723334036334774,-5.055938933837151,3.9471995546258585,8.536583681122716,-5.094771460734751,-2.4347218324786963,3.2407116027953013,-7.327392298390938,-0.7753680189311202,-5.0068266223901885,3.602209244487159,-6.731783434402929,-3.9479808752494407,-2.1214138345364435,-7.940943043015219,-1.170717854464464,-4.307657111252312,-3.812385705090189,-6.335834405473787,-4.003011588239863,-4.8688850560866745,-1.1398685535634239,-5.877197762939437,-6.409802937945831,-6.583813938751659,-6.528970181372254,-3.9078288568023916,-5.511118733600068,-7.951102417485054,-8.616354421954723,1.911140943840016
5.903885521438776,8.246016803226311,5.721241832775422,4.727590887321502,2.8793734410502596,0.17502470073901208,9.256953381098342,-5.201207651509434,-4.1453558399687696,1.9171427534331804,0.17136753903703708,11.658096538274986,5.749023847558588,10.322817840531878,9.281486098617808,-0.6047295909611099,11.326201411582208,4.236005911550203,7.916641972596887,2.740020797135168,2.906646867705163,12.645039354283046,10.166897429676622,7.086660054385849,1.9183350778310448,-0.9543425761858421,7.78696990324918,-2.2794076375548245,1.3647866665559902,5.874261953356001,4.654650801939253,7.930575849539593,3.297396906246087,7.675087793500208,9.27301459834149,5.8834005390146515,-3.369102975895136,4.778933911803009,9.035465607570634,3.0163471720375945,10.393185663269175,5.69641024925471,3.266403913578789,5.1406173723758615,6.765093881588719,7.385920120982799,6.260408351816239,-0.49186091189639647,0.02640164911370604,1.1820375905046405,-3.265133092292555,-1.2816941598679723,1.4272791503899442,8.768284925965894,4.821144231868884,-0.2679878346812508,-4.424800428244181,6.37563768726891,6.2588937589182345,-2.091628435744083,-3.7735141951890983,3.6233789800480283,3.921644980770664,3.393531424452006,6.847269781637741,1.070916424635967,-1.115760424320312,-3.7968106281291445,5.081599017532539,3.1206073275308484,6.496874549779681,-0.876468236312731,-1.2224684880528836,1.6566413930673387,-2.6695308848948094,5.7450469820407015,4.868126711420455,8.82810121585146,-2.0265166405132886,3.8782782046130992,0.34666981956327664,-1.8086605864008654,-2.198945628958438,-0.28668858093600014,-5.683415948627521,-4.441330093576409,6.3964981004732815,3.3026482084468434,5.140756763089087,8.723274681493857,-5.7271724539645,3.5968623924452263,1.217547946337942,1.4860538857392978,-2.57896578721369,8.423328859502822,0.6061319215590435,2.8521723556717973,1.1938504005104227,5.951971086480174,-2.2034725867361558,3.1975791096666364,8.77767668008087,-0.5999681009690241,-1.1878605847631463,0.42919868463194555,2.5347995212267125,4.785349036704665,8.858783064152265,1.455703137084963,7.458600561477498,7.736231734334416,5.656576989496554,-4.251321723646923,7.130321785236547,6.738142234057711,3.9691134228168137,7.573772926704371,-1.3173903188367753,-3.177476916025784,0.809824211844165,6.684472063321125,-2.2717637147352083,-7.154199042852454,1.0873479229504477,-4.835303562503275,-3.7742426123499295,4.991575436828922,4.73704401657545,-2.457320287757058,8.767452313955271,4.889660646133906,-1.5699684099584803,4.282056295410191,4.775883446554165,-1.412369713112846,10.979882628960558,-3.901089806123445,6.328900018886388,-0.7763092100677934,-6.799985982895417,-2.6800244957955104,-6.618496733196027,-2.4352497602835994,-3.2300829159215283,-7.073693370810297,4.292295609114547,-3.702587676843139,-7.927324644590282,-5.375601466834661,-7.908050711566316,-6.1442229300752755,2.119415839753785,3.261433601656669,-5.420892893573735,2.3180807228265543,-1.8446086367217693,-4.034899855458803,3.5359207456002095,-7.534927285368828,-5.757798316947565,-5.331563821072037,-8.603977226463753,3.2329692070160347,-1.864131742337778,4.391743327112053,0.3221930417140363,-6.647851881303079,5.556268824238602,-1.7919946995150022,-5.0187561106096314,4.043423347371027,8.714485883924844,-5.3397263819260345,-2.7070952302395233,2.947650690002961,-7.90918734136988,-0.48595231443898435,-5.471881604704617,4.049524666980233,-7.198699666021003,-4.043093731465285,-2.229659741393082,-8.586175711357093,-1.1607928943600374,-4.47354761894282,-4.1746614449371595,-6.545396928138628,-4.027780215234733,-5.269991748231805,-1.3046837630360526,-6.158803209888963,-6.766420661288845,-6.980982916936996,-6.869805244301707,-3.9683626415888456,-5.955715093954388,-8.646510529977544,-9.242404041721029,2.3613276174039513
4.921899524871626,5.761885851138219,4.623349318853789,4.077507729664733,2.973287763332302,0.5562726086965375,7.43028988186899,-3.3939780776164254,-2.9993451104594784,2.284155989347086,0.642037076679867,8.825677966420619,4.456523493752504,7.714552635638964,6.679584688240893,0.03885392898557516,8.6563257141664,2.7556280074652855,6.828195121058927,2.3775997141934817,2.769228424699862,9.297400337918951,7.511980592142794,5.229420494850739,0.8673628599309823,-0.7204117767038846,5.672824148412081,-2.347849622307549,0.558516477726099,4.685064399672832,3.4256835829195604,6.7518003610930375,2.4093051977734308,6.6799779775657875,6.798999582102231,5.149928827927132,-2.5648535617095574,3.174803550235555,6.5126130404885005,2.917551398308297,7.53716188223169,4.658437306333509,2.948955994891194,3.4956326330938934,4.866468098173415,5.345914569154979,4.143490660021698,-0.4365109731868231,-0.40906182033904687,0.6151667115753248,-3.0035547001272267,-1.2245484249474086,1.3065089902826748,6.90857959083389,3.354004563221519,0.09400233651256805,-3.129560574457372,4.26022814755683,4.3906053884675975,-1.3340933331342422,-2.5491556818243977,3.267903905716775,3.2583959844467802,2.2523829686921584,5.303799600649885,0.6621793333934951,-0.9851414113318224,-2.9520951823944697,3.7355798557461117,1.8824651889518287,4.412319030204366,-0.8108506732667536,-1.6045290645125339,1.474042657783627,-2.1677969213486774,4.567067268034302,3.327210481966667,6.618375548714483,-1.742615760062136,2.9608437715353295,0.17761907208345473,-1.5672295069228341,-0.816315667995391,-0.3225547486118714,-4.4828683414262676,-3.504701005090569,4.248485254038015,2.657195616009276,3.69672460994038,6.331813588137592,-4.340899667621326,2.2419061936182145,0.9992878572074442,1.2807316955709558,-1.6403141623585924,5.993298284643252,0.16981683082877833,2.4860459554287124,1.1190118012057693,4.60823875866134,-1.7869408012765762,2.3210421002148935,6.170565261223472,-0.15657623945196464,-0.7497438548387733,0.25765454059892906,0.8634744940331027,3.550504899275097,6.544404621887916,0.8745841119738572,5.356404097351853,5.669117893819659,4.423141452267073,-3.245811049105487,5.071615494824896,4.710994503445702,2.7539543861721447,5.210142200812327,-0.4535522264616386,-2.921080988222772,0.5976244871225619,4.176675602242769,-1.5636672172271537,-4.975898840528715,1.2415314466758247,-3.8941531460358827,-2.7304799732454894,3.3123361944816656,2.951432525020977,-2.0545054941901246,5.949608526229978,3.448806872796688,-1.55667075837475,2.6412271660878206,3.5671852107988458,-1.438319206435101,8.150112412970458,-2.579505554449325,4.4526126676869735,-0.5250522710940002,-4.650891443599265,-1.617944277593706,-4.360465490063738,-1.762133112959708,-2.0706979139706765,-4.820643040350778,3.642962518592592,-3.1473529466804537,-5.497932591427348,-4.072289214932146,-5.510555119864498,-4.560788401822858,1.468055972231877,2.145739081036103,-3.483909507717678,1.907544680386964,-1.449841604629788,-2.997161709125243,3.2387253435254197,-5.314860952164294,-3.7233585309255153,-3.9684336833372225,-6.293245859098641,2.4401003057817308,-1.428271081649627,3.0580974152540916,0.6299452076313917,-4.436528663679499,3.811372938818074,-1.9605385087765768,-3.265742710035054,3.037593442338334,6.148970240032265,-3.5586585721869195,-2.5395184909852384,2.4276833901583723,-5.571580626240848,-0.5279501016222834,-3.8695816155291203,3.746219936207846,-4.948896522367876,-2.316099060249411,-1.7108556789170373,-6.05716072179118,-1.0917710009032535,-3.1048246566589723,-2.8948602729988226,-4.6442351416989665,-3.1048156083209917,-3.790593768794194,-1.6433922037504738,-4.008031862776765,-4.854565405114541,-4.755610467986261,-4.61889249928098,-3.058305250837959,-4.12997179236329,-6.301936500121538,-6.395918887294991,1.347787541755485
6.1333537415145445,6.879783014641187,5.553856931195308,4.2658296691917945,3.5560464337260487,0.2693155920014404,8.497510984120513,-4.0954274959273995,-3.6327727145500672,2.169963420730312,0.3481837479488301,9.781368441397715,4.515929117514904,9.489633020421559,7.6811454618933075,-0.2488093690053847,10.367945150078645,3.671966352084271,7.8945942110369085,2.8711154693404928,2.700274723661133,10.941024334674536,9.16627261723873,6.073697193994014,1.0145372667433015,-1.158065085354296,6.195068717173575,-2.1964435731653005,0.9551416401472863,5.6862714385205075,4.051184212380705,7.765230234875361,2.533312133891968,7.497985638490946,7.459241498497355,5.5019976968932,-2.8892707899914627,3.3564008681448723,7.3438091599836355,3.2980435830864847,9.288293625392445,4.934104569873067,3.786088812572556,3.660846843790801,6.0637280055578,6.180492514635555,5.325443693156744,-0.7105977395535845,-0.013274428392552719,0.8934274281142599,-3.157905966395989,-1.647782743038091,1.4784147736124293,8.351194524069383,3.9891117912651124,-0.23932551724276022,-3.874047717901453,4.670500660742213,5.0546877607054315,-1.5190539621568773,-3.300493892786758,3.5886314912601778,3.01587863033432,2.1411961614592725,5.467228768286252,0.4072336342725332,-1.574198410578356,-3.118591253798692,4.888798007639937,1.8311901310878247,4.752581968898543,-0.8853660452737394,-1.5329590261966979,2.0747746470763846,-2.4256183372388778,5.351345972961172,3.8530737634950474,7.073122838086734,-2.0783501351511884,4.136053018246499,-0.07432521492815101,-1.9293669206914759,-1.387447662485476,0.025861691751483173,-4.925371384690848,-3.877366811148858,4.821058634501783,3.1193295427619914,4.052330564090721,7.032185327150908,-5.212731439936344,2.564365478197025,0.6505665891243438,1.3304504711367189,-2.3245759038484337,6.577365730279097,0.09521634321672874,2.273795096336667,0.8986940880239672,5.688317852657132,-1.4973537152833616,2.8803383644182436,7.712923688913422,-0.3561397879075746,-0.6553908699321092,0.723129308377032,1.5253918661734895,4.508402243413397,7.646733282490629,1.1040229927462157,6.0444441298897775,6.640377070918623,4.749121551795815,-3.86896065508251,5.887192489505307,5.191005790764908,4.065403265968144,6.075873817006038,-0.8267589923962759,-3.047036435319428,1.0851767842433706,5.605695637368835,-1.916415531967843,-5.709289087073669,1.3208195612656826,-4.074535378746891,-3.4232342868324066,4.752594925710263,3.3020771759477348,-2.4245527272120873,7.380985813186598,3.878637090058632,-1.4426578282585913,3.181183873104282,3.7227109089955337,-1.4447400009809312,9.171883372971932,-3.448665048735764,5.080479322310519,-1.0647323750532482,-5.437069163924461,-2.035859068672422,-5.564681984673556,-2.202422029270843,-2.5012167178730915,-5.917144789410852,3.8623527498595207,-3.4828507197438583,-6.587162553311368,-4.739964395832154,-6.5770435047422025,-5.70224842360609,2.03312702547064,2.890747278093017,-4.201754943826497,2.068124019887155,-2.1285306641241317,-3.3115864219917377,3.507287905983422,-6.014027954076233,-4.733452894800052,-4.3783592299838645,-7.213872599264633,2.349627886721818,-1.6896472207799245,3.8821856258492713,0.17876187799635057,-5.338896228390753,4.191446219734161,-1.701965655828012,-4.235261412974207,3.1450781867006135,7.73272313178989,-4.512711441601482,-2.352744305853569,3.373371530568692,-6.666457980827622,-0.5754958561487492,-4.845671474558239,3.802926289845255,-5.91291428542517,-3.177352806264136,-1.9026955274797037,-6.98076725083494,-1.386597540413119,-3.6950344827009167,-3.4025890766154125,-5.577481892992824,-3.2942807304142576,-4.165177507169801,-1.0899234496725065,-5.015908062826679,-5.6450865739062825,-5.752444881040126,-5.569425062842577,-3.650143988079934,-4.913123615400806,-7.154908019013543,-7.67323868515266,1.7671019308004683
5.881109987978385,7.85015632692963,5.454148185298618,4.74143178954892,3.0070326948531987,0.17348832778517784,9.1219987890784,-5.018695171750372,-4.0532833833993465,2.0550669509309625,0.27182835129350347,11.386561047019823,5.613201185510321,9.994982335879783,9.071370536047356,-0.44842538542994875,10.951957215847829,3.864175942799045,7.87787435448409,2.5326471110502027,2.9065613512889676,12.117221377172621,9.811778778440386,6.707683695492825,1.7019853287276325,-0.8298487177653439,7.561045652318297,-2.340428513094635,1.290753224990231,5.824395224519011,4.538468121591218,7.929502490428243,3.0964364454201085,7.7899024104135615,9.046345191451737,6.000089532250124,-3.4871646426665808,4.47644038960226,8.69000372759457,3.042954819975997,9.988648778028834,5.789127159724045,3.317283912660324,4.867279635808929,6.361817450937722,7.239288506863238,6.05125207445274,-0.4762144224806193,0.03799834554486533,1.0780744875437782,-3.224771808220064,-1.1879493887439418,1.4090530005221558,8.552915160427855,4.699583097710672,-0.12265010374569642,-4.079451955733488,6.039218359625617,5.958587553233455,-1.9361588297313204,-3.6590598749933654,3.6464853671053525,3.8308250761536913,3.332700839951458,6.721901227939608,1.0234522236107704,-1.1573109526769532,-3.6882712160482405,4.921469633438275,2.833242204282865,6.2367219926096755,-0.9652215091126831,-1.352065712335919,1.5264045883076274,-2.5503454671080172,5.60154759230974,4.604520894006401,8.564453527631283,-2.055903150551875,3.6878259368048716,0.2398575554714881,-1.6818159901769767,-1.9988807297443858,-0.413500550166072,-5.458553671931117,-4.304229939229522,6.056952579276192,3.3295158791492967,4.883127428185576,8.557508150162572,-5.5737127474396795,3.448117391278041,1.2337903395562768,1.4922721619709032,-2.3593023373478337,8.138056402103713,0.4310494943489002,2.823228763044065,1.2612414022337686,5.681715684006764,-2.2227609271939808,3.108493182928876,8.329567777720342,-0.6371746314046859,-1.1131503123946034,0.19392061913902425,2.265951592059275,4.431445715696601,8.466497264167492,1.306950413109643,7.094721798511822,7.347556326497686,5.455972434747961,-4.143867609027111,6.856499372767672,6.477610545846085,3.679346828819395,7.20600040889161,-1.248868220827213,-3.2600573072592596,0.8657591991543754,6.254176154377833,-2.2783541273981696,-6.756975296291327,1.0475631010884279,-4.789384778334462,-3.6349954218436062,4.663513198866681,4.504616590241932,-2.3736181493037147,8.319272494577389,4.542153401020389,-1.6855798427602424,4.089310006914295,4.600526266808481,-1.4481337246481574,10.602943540173788,-3.8007564558414333,6.107387928007663,-0.7070132054466517,-6.4378462094776685,-2.516170460004716,-6.3632764665326915,-2.5976091981958134,-2.991586919369797,-6.857996862030727,4.39385427746186,-3.7007636473595293,-7.575857359106881,-5.132867297426704,-7.443303939332437,-5.999063499601227,2.122503790230935,2.982298364907423,-5.135513480471173,2.1510468576673327,-1.7569291367513327,-3.880634402320555,3.511628185099251,-7.067995085018456,-5.457901619364924,-4.99575775074515,-8.199698023767025,3.082611286118932,-1.830603248735474,4.284586763302969,0.395687110708284,-6.2250987550123975,5.3594010404415835,-1.9821359086939399,-4.916961410525438,3.863085496725491,8.273835369685845,-5.070761156189811,-2.728246887023733,2.9598337949690734,-7.427258315627593,-0.44971453917483795,-5.111181425017327,4.0924515499030045,-6.878732166537473,-3.8529216106394863,-2.0601432796906805,-8.195156879029241,-1.1590467526462562,-4.185816125957976,-4.022084135417959,-6.3402209211835805,-3.822846639421489,-4.928860822632403,-1.2929634087605089,-5.935543719501871,-6.529464527195523,-6.671611170269919,-6.581454333260674,-3.8445643425419984,-5.765399132168547,-8.330327319941548,-8.720252415167579,2.12153700776679
5.585404984953703,7.91478523114343,5.07821694353455,5.045377202226091,3.0199081490617625,0.5789273429899421,8.872295065717168,-4.703607593985462,-4.046810423588962,2.136433563138143,0.688883104490272,11.207764862575777,5.5540713982943215,9.681709533701195,9.04779186613497,0.006665493919338979,10.454885256028724,3.5341395280239705,7.673945363846735,2.2524242510161017,3.044872913556404,11.694008625423297,9.387967326648212,6.418217582922801,1.8548873884300852,-0.7413243201654892,7.582725790561758,-2.3362119137432455,1.1325674995554127,6.057536478605516,4.282225584767838,7.699325218319766,3.2888258042776313,7.615860573716758,9.094083085751551,6.126379862437017,-3.3840908709618014,4.581339564651259,8.714598058921666,2.977308516469094,9.80763179941498,5.963889219633703,3.2937862090431667,4.740659134951392,6.020474957193218,7.122103209738404,5.918509198982557,-0.4033954237733666,-0.1145504056552612,1.1905139106253073,-3.264985770433676,-1.2367828062017554,0.9998189907588256,8.130720350440932,4.598247574750686,0.2563465445376732,-3.6678235216117923,5.89823707815385,5.8922467325465675,-2.1473150054379584,-3.5937650773330034,3.826426902946691,4.004688825221841,3.551763148111063,6.930824975905252,1.0146145498584995,-1.1510242278713005,-3.58595950763064,4.87607901982314,3.010594737837594,6.121144836708383,-1.0045134344761888,-1.0899524697843255,1.229903195418824,-2.4332821249383088,5.386169945524868,4.661436894526115,8.603105001468496,-2.1269659352244967,3.3106038831306948,0.21164837472327216,-1.6140030584606695,-2.119858830921887,-0.6031660119069651,-5.16430984273437,-4.375029816585102,5.835185250686524,3.483912997411653,4.8001648352567345,8.422609563084906,-5.453282035521296,3.4170068363156836,1.5883981953784154,1.3044855488573768,-2.329938210573576,7.914054749894457,0.12620849888547794,3.0498009833439363,1.317418334029278,5.2295444796195785,-2.527058289087354,2.890986653830417,7.94416048844162,-0.4238609129367752,-1.0832584276714792,-0.09063975808811589,2.0586860152530444,3.938014560621761,8.03714405444745,1.3358868315265817,6.696879799487506,6.91183616344959,5.270581478113582,-4.018090216877465,6.659846966777361,6.475273226032634,3.2201884832093555,7.023767767400884,-1.2641749166356757,-3.281784439431941,0.6371890332651714,6.053229541509839,-2.2765410239164834,-6.457291247086074,1.306617317010387,-4.573481771255068,-3.5037072861219665,4.358240444418143,4.44519406215941,-2.2447752861419614,7.8580009331709775,4.20469307724559,-1.7251864679859605,3.8794398561271923,4.742540599053108,-1.5723148364273967,10.255456476243324,-3.7697951140369033,6.0324426520568455,-0.6883184070671989,-6.287506024030036,-2.5066395183612036,-6.179750921432488,-2.261509178671976,-3.0133015767709477,-6.658980197848865,4.398426783249851,-3.624464576996011,-7.317526466710783,-5.1113972869889555,-7.247349924789818,-5.674631878506684,1.9728990895430667,2.912243484106738,-4.902308671180016,1.8787688862433416,-1.6596171484148905,-3.8523697064835036,3.438450176735816,-6.801954673966141,-5.201528872884853,-4.748428459727381,-7.972801545106834,3.0592181911133793,-1.657960640462962,4.220533681814084,0.2967052643737586,-5.961169730063506,5.132620373492529,-2.018785904551359,-4.821243205665114,3.6111630180505876,7.907224266098395,-4.930172406192428,-2.4095823994321925,2.7388172053763506,-7.1225989158247645,-0.8202173619270965,-4.965599005891029,3.974609805242232,-6.750103640392676,-3.7936718247500765,-1.89906280670889,-8.009351042820478,-1.2482599773634633,-4.463510915000058,-3.9786734096467415,-6.1198413722459,-4.173783309910225,-4.580918422760198,-1.574029323904243,-5.674466564521526,-6.301964769605014,-6.533661613682335,-6.564347249456113,-3.8076873613110283,-5.646714679051857,-8.085245211677492,-8.432440022841854,1.920076506221305
6.076915648912621,7.038622901468825,5.323445568384205,4.658387508092574,3.5111717714394635,0.4710766723447101,8.946089947351641,-4.314865775624776,-3.770359839420819,2.5693563852222856,0.6061493060303833,10.516897103714722,5.196212222678858,9.579549417612125,8.151093395613813,0.017955164985699684,10.591611558811657,3.663793387334419,8.295975152639922,2.7567539903342637,3.0735762018746895,11.35756639691025,9.290222358836607,6.395806938945073,1.1343314389812247,-1.0245909700095766,6.741767175078918,-2.4131314589540382,0.9233203461649843,6.038676280571556,4.037441800893786,8.129864881085092,2.5410338419305845,7.9607684909563385,8.138127546276891,6.05245345508586,-3.0692282205560737,3.663940501312241,7.759447441801734,3.3955841452511386,9.455927538421673,5.561306373142967,4.0035607210556945,3.80016407819201,5.832504530821673,6.384509598110555,5.244364295162961,-0.9463309783850598,-0.3799164474299768,1.0741168836573818,-3.605397905248968,-1.6215330999483006,1.3053405456134837,8.481353336089432,4.321481215982439,0.26383670702762496,-3.650451335665119,5.155735271391329,5.454121236400728,-1.762884287288748,-3.5096488200454505,3.9563929174877392,3.3095693947372107,2.456560286887445,5.965159243787793,0.5131447687270764,-1.3937390469766902,-3.3118369915632213,4.870918963572997,1.9696067714008643,5.272433084517293,-1.140006499613564,-1.5058805045274206,1.6925740400076397,-2.297800068500995,5.623161203332028,4.126423224124073,7.674771374245196,-2.3002606316529333,3.727849360077329,0.1317874517611385,-1.8775700816871168,-1.2426059377597292,-0.3736586137361063,-5.024327141845146,-4.1486105105317845,5.008578083621774,3.224198696403758,4.3629798680594085,7.401015609445876,-5.414619846406168,2.7931393054762,0.8727592644176905,1.5169952844493455,-2.3129013815680466,6.952190857154032,0.014054127630618918,2.7695765498140466,0.980662327546756,5.7636396035825666,-2.1193416359110646,2.655990560508813,7.772423094341021,-0.1624006070793893,-0.8863111857985155,0.33434387242869656,1.3538029147144912,4.3640932937944985,7.863029988449302,1.085336202433914,6.345412417333308,6.853818390329186,5.117361144451536,-4.263183358354894,6.139361520406855,5.641676775803234,3.7159731676844325,6.299187116771828,-0.9523265736082086,-3.455846596118471,0.8007078891620766,5.401214155280962,-2.0787409572871693,-5.982267165111267,1.6340955375254462,-4.192835321599109,-3.4300434313566788,4.4601937642954494,3.4562989160511965,-2.684185555151865,7.377583364508469,3.9567542006492626,-1.8242098191900205,3.25840523614802,3.945703369345296,-1.6297443625741126,9.680572816947539,-3.343499757632239,5.267281604587282,-1.1596556657220531,-5.949657693484393,-1.874096714170817,-5.510172849417516,-2.315537732768409,-2.5303050054127434,-5.939533390234479,4.114036117360695,-3.7820454188915087,-6.775835313703367,-5.038478140581368,-6.747551427325357,-5.817880950403712,1.9464033156712557,2.703974893622947,-4.44242268274048,1.9775882174133659,-1.8792650459306477,-3.3751371184159966,3.525241247831411,-6.2065097198301205,-4.9996466444129055,-4.311684302308422,-7.378163974100844,2.714410861330469,-1.7343738421998096,3.9837298677701334,0.48750013354319055,-5.641147962999106,4.248085348507486,-2.0750031318151745,-4.300154006862169,3.486061206066841,7.667414064441532,-4.269068853082178,-2.3906493651654945,3.2456958641610765,-6.728386385606632,-0.6341962963702634,-4.72387664845775,4.274922337681069,-6.113034336084124,-3.0570014738081053,-1.7741738982412592,-7.3782429376424155,-1.1329512321973363,-3.922680295670853,-3.6248238051690365,-5.822450120339112,-3.4353745782836693,-4.2457112280989,-1.6930780705561415,-4.986795611942682,-5.7705766044259015,-5.967766117197049,-5.82723564417337,-3.8353262088687194,-5.118484254894858,-7.458383893603616,-7.824307110013286,1.4830796209314077
6.1779494695107795,7.3086148262723025,5.740834497895716,4.283286511685421,3.275296281939536,0.08587131490180297,9.017175298099325,-4.644190010468266,-3.7223398792358733,2.1652709495196363,0.10792008354973506,10.760921759608808,5.204844770369921,9.962301754420745,8.483147536176373,-0.6244006846802629,11.022785398346803,4.086939175525027,8.074828308434622,2.9099692136103115,2.696737983445481,11.809793518973793,9.739448294115155,6.645198784857487,1.2298536842852954,-1.0791931115371545,6.939277237466098,-2.3157126320920227,1.1978448126283106,5.834983301254322,4.437091816150627,8.042198134066217,2.5061355608339126,7.760953257566838,8.260907640595311,5.7128480110534205,-3.1937138835271686,3.700009878029017,7.8604775449759146,3.1390441780932914,9.867652575125284,5.304854810977043,3.76338008429889,4.247865945215534,6.323767334373952,6.722080780264295,5.768279886183526,-0.7211105541788393,0.03061388184053095,1.1403562663026905,-3.198245758878022,-1.5904068773868851,1.6066869466906968,8.662462199822006,4.399406588169935,-0.12713397086467643,-4.012430010404254,5.515519053893095,5.668573484019144,-1.5456366314058352,-3.5571622179070697,3.5473107796826486,3.162125341651449,2.4224953294427394,5.799772927103117,0.6114433573101985,-1.490019552486636,-3.2925111397539952,4.871189465229481,2.1228047315552816,5.58064703693589,-1.005430057322365,-1.4814339193353279,1.9828722023407679,-2.552769184709878,5.6322244983456216,4.120552578885936,7.749286599701378,-2.118218431950094,4.166326292790999,0.06024938830601588,-1.921844335032817,-1.4964633373627076,-0.07785511314978306,-5.343697806519146,-4.175097945653124,5.635748636829438,3.071475792508761,4.433199465435472,7.700628002509802,-5.502652542239351,2.9528618945571723,0.7348463850947476,1.5401833717237627,-2.610669224686436,7.221974170113767,0.29793599970359563,2.303404571564115,1.091064152266248,6.004402544382227,-1.7759920022547364,2.957960543653404,8.281730461068694,-0.36321730649315304,-0.7997851169737529,0.5491900065381742,1.9062162837576657,4.817738208188061,8.348183717226943,1.245830049874727,6.707857209849082,7.302389758939416,5.244933176998554,-4.11518907350638,6.575239186097736,5.943140658303433,4.184822150454682,6.764095265373713,-1.075509749107024,-3.290232417893737,1.0429421220767248,6.060200656282281,-2.3317168728122595,-6.298173743825905,1.3305442079520438,-4.4429111525713205,-3.5849392973155876,5.027711184601029,3.953856030637576,-2.7036540979722994,8.059280882932358,4.310881084978267,-1.644226773516544,3.6550062642018033,3.833408659817622,-1.5283072292163067,9.967103290044557,-3.5976966210179313,5.659128196250036,-1.1012354658109482,-6.102803219620565,-2.191052464912429,-5.918534706276421,-2.3201639317925875,-2.9878402803697504,-6.428532810521282,4.032562653259062,-3.6410538245209576,-7.137734248909905,-5.032045791123373,-7.1338269750958565,-6.048558987929772,2.106987975558668,2.9578836323267454,-4.776020987609653,2.226298325718363,-1.9533978124194482,-3.5393044594899887,3.3500311220772074,-6.56536005118136,-5.166847061481207,-4.685454178192827,-7.818057734858772,2.7206187363768994,-1.8484005112110924,4.107168413245197,0.352760048764765,-6.030918532724759,4.599455751546894,-1.6531992788831111,-4.673853704350233,3.6432259705838255,8.273718344559047,-4.709382885175709,-2.5978190135323627,3.2000672647620045,-7.09054258913863,-0.5388245792661626,-5.105852243651747,4.070992429828088,-6.483844879608269,-3.397710656903648,-2.1230509560594735,-7.604762929898022,-1.1106804582356498,-4.015345368455521,-3.77434469250709,-6.187688132962583,-3.581783969058936,-4.654542862424859,-1.155499280488643,-5.418667066749591,-6.203501569671114,-6.241167207317537,-6.101377894191467,-3.9889878049848506,-5.274095547747096,-7.791480206578785,-8.254133540704883,1.8871099831188782
5.624796219205915,8.022385101154548,5.489221128518839,5.0466879648603635,2.867233234460858,0.6306533413552999,9.001445687569015,-4.75563249804228,-4.114146947900202,2.260904177635219,0.6864811395612915,11.43660787510738,5.880238207802448,9.92298872335161,8.803722305098495,-0.03008924340129152,10.950572923641255,3.9682003141381603,8.034271558409165,2.836599752587719,3.2784144297714253,12.213258813186691,9.756921775064294,7.006682902514775,1.8000803945094273,-0.8572096788760482,7.7100032288595175,-2.5031320066322613,1.210168033353579,5.99066882511265,4.452252149738905,7.883912548832274,3.447912257981662,7.626941860409357,9.108682456972577,6.1428007128455695,-3.150964263744861,4.892212457957927,8.789374055829835,3.251290274602589,9.942934783119055,5.759307017385541,3.2445352770779774,4.961717873628988,6.369022877749668,6.831736604792477,5.499698415384722,-0.5467357869654483,-0.6116315125167838,1.1032019201235734,-3.769404752348485,-1.391488704612139,1.2203770729229182,8.428472345382009,4.7345399228131395,0.1610332357755703,-4.085548019825257,6.050343281038201,6.036381099899395,-2.2480980934063166,-3.7050213475723424,3.9083474647727914,4.126263048483839,3.529512882858209,7.094812426364757,1.084018404901659,-0.9128214328871155,-3.80528736378634,4.96581709867773,3.133473319621893,6.360807186140402,-0.9788856418890247,-1.2340356659151033,1.4256786271092434,-2.53235943426286,5.6891486811189065,4.78645190428227,8.85209661306345,-2.2590029267646363,3.4504818829276567,0.48550200686795303,-1.7244762518483931,-1.8927931478697562,-0.6583315935158626,-5.554152103123541,-4.461874179355006,5.980482181814358,3.4674792960248366,5.275684920521387,8.303710764792383,-5.6982517370285555,3.553551765903352,1.5064620418200343,1.5264237780337475,-2.3569270541655496,8.04967442427872,0.5207376074464045,3.2855863737061384,1.3255324664210337,5.8258137980821765,-2.491939945356945,3.0270126368623473,8.291914238430008,-0.23766439790426214,-1.1491332837631292,0.35064478789988046,1.9485349369640799,4.597448975721458,8.533723896387425,1.3757835287786058,7.183592049607507,7.527551098057481,5.638683349496885,-4.263718037447139,6.796548926957707,6.53895317785764,3.440883608954964,7.30299482862908,-1.0388876268344347,-3.5369217245367897,0.3235461171684572,6.087518940481393,-2.1712868022402967,-6.812410637878236,1.3805340234238526,-4.713093615756948,-3.6793979133875547,4.508165206391133,4.3450971094169955,-2.493677213608195,8.113235534523154,4.666551959182092,-1.7009387185617004,3.9027824566301947,4.828207373096631,-1.700182153383099,10.709540404172689,-3.6363839273912317,5.955144470708211,-0.6269332645439943,-6.592435385159806,-2.2643363904656573,-6.32917745736802,-2.2207819782216003,-2.804223208539683,-6.701166873415762,4.186868005533085,-3.830477468942098,-7.706155280908474,-5.4072607680973,-7.539141553592272,-5.931046426362652,1.8687745799297408,3.132227716957306,-5.043500695781506,2.1095582126116508,-1.5714214858349578,-3.882602085173133,3.650138347312824,-7.276655862728411,-5.387398518271201,-5.055215873813892,-8.307189404584499,3.2920128450223443,-1.861266267266706,4.1506964148225975,0.4803102443865696,-6.262119905902508,5.144604183130372,-2.0943670784288604,-4.745205209914458,3.8707978770714235,8.09861217418939,-4.898445997188549,-2.615991592215044,2.6417630511835926,-7.434945397999787,-0.7019828227264766,-5.182815845803602,4.101538668035852,-6.901231758440423,-3.8172286258627848,-2.049981566790831,-8.465633834992081,-1.231896316388253,-4.5484695113351705,-4.021467130868794,-6.297805779814912,-4.1569959677475214,-4.909835343984038,-1.8214515802465445,-5.743874268744557,-6.394911697252101,-6.62161559611438,-6.649516668637637,-3.8652564478726994,-5.815706023139909,-8.489086392608717,-8.907845988578021,2.138987516009219
5.648425861815355,6.4743047625983285,4.699152036296863,4.502892431682368,3.2484024767213127,0.30997895525668606,8.32156970080922,-4.119525759650818,-3.5751417092700386,2.3660229283238556,0.6328301948087737,9.984801544095998,4.871881888486812,8.793969481964202,7.846940640698462,0.006700916811189004,9.618472602432693,3.1615333946888904,7.425983594055734,2.2411557424339543,2.676058813342266,10.31613647029895,8.513017299440804,5.80148960291356,1.313478292231828,-0.7428833393340845,6.3616893835898205,-2.087621137360299,0.9452630243271463,5.485264939186307,4.009100647211851,7.504173822089623,2.535075028923106,7.459598177613674,7.743748901990737,5.751857193889152,-2.943312704751151,3.5148378877452138,7.317713260481942,3.0008439316271343,8.52754968507206,5.273002764797145,3.454774966680288,3.7728299967842176,5.366017225503128,6.162476067020227,5.064503773283388,-0.6352451384029143,-0.1552608014572527,0.6780779370242985,-3.182054804157876,-1.330240326000196,1.1516416541092012,7.59592974978076,4.061939036500962,0.15853047610497195,-3.2859264482744197,4.714833990847487,4.777232857960453,-1.7353656470933625,-2.9784753173295844,3.620699517148249,3.3080631457611136,2.719390692675654,5.818918354572206,0.23231117526140208,-1.4061329507146691,-3.20776781424493,4.48709907369729,2.025362273642739,5.055608177931938,-1.0038491902705224,-1.2524294110828664,1.4332700060113113,-2.103964741283347,5.217996833491039,3.800171568647939,7.399274848313577,-2.0530797088699253,3.3183528710188623,-0.14461818409088328,-1.8419295701351786,-1.0898463850195572,-0.37435078506742586,-4.594386569936468,-4.181069414363083,4.891326292028067,3.2282730642456072,4.1632862246144695,7.2245459606222,-4.975985352484641,2.4963856111933564,1.1871618010583866,1.3221219190654458,-2.019356107560522,6.749170163295171,0.016057055041248637,2.548221670860811,1.0608518571184196,5.004484801544969,-2.1427333615205706,2.707943437014464,6.900172786463496,-0.47092578694743203,-0.7708467887103733,-0.0817455492343479,1.4069651267182905,3.7292214634403944,7.181803725753382,0.9549414054014577,5.763569091299056,6.145443755081865,4.648551559552095,-3.6898564613755642,5.640881592080982,5.424671469810262,3.1134289420664776,5.8462055636010595,-0.6063874143983481,-3.207906258890871,0.8800669170421567,4.938776711531474,-1.9298275909323606,-5.537393808478882,1.291835223416752,-4.460924553609914,-3.0556739823700907,3.9141591184159843,3.328174298860676,-2.393631033127954,6.745889341816437,3.5306056218578155,-1.6449946048044288,3.1153942062132556,3.7610265395957656,-1.614009133132556,9.09502465106398,-2.9634836008753886,5.063321923465033,-0.8644753568835659,-5.246939017841175,-1.9993798853468003,-5.003869487283303,-2.2506385221996545,-2.5153166622064256,-5.604799778005347,4.022940383097496,-3.242629634600012,-6.146447805253766,-4.548914440296341,-6.291283213157405,-5.2012169511359945,1.8127839662498426,2.505811399783034,-3.924197762576911,1.6467364329075618,-1.45631301721113,-3.442687971483606,3.2329206572824845,-5.60519016594307,-4.177098210253719,-4.00026833450992,-6.919756380950315,2.36541723474953,-1.5619030890721368,3.797946621915271,0.7419711690846169,-5.061766277679772,4.233319911491404,-2.1674932730338847,-3.7095485712232557,3.0614066475193074,6.954017275550674,-3.9904428897662587,-2.2644059153401965,2.840155618541138,-6.192526379303811,-0.46990485178544905,-4.125052832696368,4.225265453478445,-5.766990499890421,-2.6484019480749907,-1.5777584526644974,-6.732903864329415,-0.9730151520720495,-3.4035960451848877,-3.2960965098968122,-5.19723599153566,-3.146975074263244,-3.9139305122484784,-1.4389679069386643,-4.757974152911621,-5.246896691527467,-5.61762983667675,-5.190234326733272,-3.666324345317347,-4.6598549569011976,-6.963613270453211,-7.093270776709123,1.5213558519341415
5.589523198356139,7.338754923742702,4.868828033372346,5.069419984417322,3.39903841259401,0.6399209615143275,9.086418474330989,-4.549555342754195,-3.862623123346038,2.6094348949574897,0.7907243022645518,10.811991117866977,5.477315881109931,9.48400381556977,8.722080640200524,0.127898687383849,10.150029954109248,3.3151661679330404,8.079249970628268,2.2199721474682392,3.3384145480529557,11.31289048141842,9.085040720018002,6.2342706430254795,1.5506423951802424,-0.5660368783106079,7.140639658079575,-2.2936905767255933,1.0162293624497338,6.196351310760878,3.984138510878212,7.999850493899609,2.833882741708324,7.928844130280189,8.587835003193817,6.271970971749626,-3.4085104359253955,4.010225252327356,8.172526265942873,3.276809781735572,9.543208436202166,6.1011974711610755,3.8067983651888495,3.945241477646308,5.560291292188935,6.861450160431746,5.622454688123749,-0.8720311445114419,-0.032740525438884775,1.022301067457987,-3.334815708432554,-1.215414571946541,0.7686274298594905,8.064115965640557,4.473314914415089,0.6562604514028898,-3.249511088294428,5.34869445844825,5.456922846919945,-1.9563287631250093,-3.555314948420792,4.067465760006145,3.4776222022001613,3.1550704265673537,6.436589804970328,0.6945789316774661,-1.2423612769418282,-3.5174482933939126,4.714874352124176,2.2992458051355205,5.522845854017873,-1.2531661327799797,-1.2504077713539885,1.1629316554844127,-2.2199028508046927,5.0966425247743175,4.293641271763096,8.146058088413767,-2.4020128943273678,3.16650079615893,-0.06504448494252646,-1.593220035439974,-1.929274974472076,-0.7431385534766135,-4.847272866061264,-4.302511805935506,5.099335407299573,3.48861653651786,4.567972992317208,7.997038608793572,-5.324994990917915,3.066318753964514,1.421638304192637,1.5578035726654864,-2.396058196842347,7.276975655252446,-0.14298444702300941,3.1446739462074667,1.188345799838031,5.448358852491195,-2.5281901446313877,2.538159705608749,7.510371607435913,-0.16135533977490032,-0.9713869000210541,-0.03030234731465161,1.5770984643169323,3.8658846610306905,7.596435135420694,1.1032303011374232,6.2575352323390705,6.591022811114076,5.325511103155151,-3.9807370832942897,6.3143003741771695,5.950491745788632,3.192169843015485,6.334201066948542,-1.3023911411421838,-3.304413614634345,0.7105057617487975,5.593285022807586,-2.078253554779572,-5.971025950675241,1.5031256690782817,-4.347911454023428,-3.489240523202595,4.151927207174979,3.9513308106124536,-2.529498723533012,7.277470463109887,3.9505578987601737,-1.9815440220472407,3.396652249729167,4.466638122683616,-1.7281517350488167,9.72721442697478,-3.5897949031000818,5.726672757496413,-1.0130131308627497,-5.9526295355213374,-2.0576760287347047,-5.891268335815473,-2.458124721104192,-2.745484211213658,-6.332825113199691,4.493733875384886,-3.8411695617533437,-6.88681569999226,-5.10903902247088,-6.741765176609391,-5.551728988782926,2.1145577180166013,2.5054641430131146,-4.541527659596829,1.7368795377410111,-1.7198153384003856,-3.4905283018038102,3.5550653134624093,-6.192884475747033,-4.933152295223677,-4.337331129644204,-7.389881593407299,3.0054926583680706,-1.565848104540702,4.129869951059134,0.10372414761439024,-5.680445303533601,4.514459659660911,-2.255332038620916,-4.65577728736661,3.443840780082011,7.426725514974109,-4.599638301328158,-2.199352631584452,2.9211380555075372,-6.663352920579964,-0.9265473180069163,-4.61040407101378,3.788873095786762,-6.356629957798042,-3.5379295549133665,-1.7919512063973058,-7.478567605849148,-1.216435566351185,-4.058764774576919,-3.652631337634808,-5.944118509037155,-3.8203535128218347,-4.148892118724425,-1.4883441319283577,-5.354398603698577,-5.871163610748995,-6.22083909728787,-6.1733906763704,-3.7754255807588293,-5.219115853972347,-7.542439019347418,-7.880183643212937,1.4657589911106264
5.630372045033999,7.383194118546793,5.216140321840872,5.0476420111146565,3.2387781652322456,0.6333884679030183,9.039828704923453,-4.581196610620948,-3.839520379606432,2.5971753761439373,0.6987951089138902,10.969420042120866,5.676863555597999,9.578789171027836,8.54943409973357,0.03390269311337288,10.48300522091427,3.644223846355102,8.03944301837684,2.6529718861158194,3.3426537168111268,11.652649638999515,9.27829250624155,6.667150736298722,1.5285766738717101,-0.7507061671134403,7.229527319632499,-2.2801902877669473,1.0624368904114792,5.855275687270375,4.136727038967552,7.923151256743922,3.063113954726974,7.75862937774792,8.57707562011938,6.149841077898519,-3.226347543557421,4.338325864700188,8.238366798938802,3.2960003790369314,9.43279151639458,5.739424705786973,3.604467380891654,4.347616217086391,5.908481598214206,6.675810862757746,5.395665777773138,-0.699547874355441,-0.2935290890116341,0.9052711979993615,-3.509683788852256,-1.1944492022683633,1.115746661579133,8.156506033070137,4.44899004235553,0.37418040889059173,-3.803963834400201,5.607816474825033,5.560795723412488,-2.1634746099913076,-3.5245949634756624,3.999156959015905,3.7078617974573262,3.1941388089682974,6.5899943185512395,0.8513469166693417,-1.0185334170445655,-3.5627293748613544,4.715336875186797,2.6438736897698525,5.798129104757227,-1.144719053625381,-1.3784754945964168,1.3590830660102269,-2.401220021640385,5.445577277446505,4.585475722467474,8.331389799124702,-2.4293313446884612,3.349597522994125,0.2674025134845854,-1.7439498710465349,-1.6360397109304725,-0.6318083693848675,-5.371696889166103,-4.360394974018299,5.4258225608201744,3.4109714311241754,4.871921779524682,7.955477692611489,-5.394243485992778,3.1066286128862552,1.3260844901981756,1.6542034831943118,-2.4021920019730887,7.4913601625268305,0.2263378156701396,3.205417994807879,1.3705288768574404,5.736394450821172,-2.4929334964970584,2.749895845968026,7.715241939910136,-0.09657851850596717,-1.0239117405707128,0.25862825411816054,1.7115416727902746,4.357874855647012,8.012408769713954,1.218081685712903,6.6809634330346315,7.032556240808961,5.510794758231098,-4.004353593965384,6.368105281013518,6.127245014597561,3.320086054634241,6.611878547081818,-0.9979767904391967,-3.374229426376588,0.5719952113609142,5.566583081438951,-1.9786275367134658,-6.386887697301685,1.44316045201529,-4.494661700184918,-3.5174643019383893,4.239283927947148,3.861895471493723,-2.61292340624903,7.5145454611088285,4.317557726896469,-1.7453467284223887,3.582377248325915,4.534448532733827,-1.7654855900520723,10.11686765932074,-3.553097783413828,5.726039958210495,-0.7948087148006006,-6.1471565127682215,-2.171904413693124,-5.9067789914035,-2.322531491488015,-2.787780469115464,-6.334583081120527,4.2290631766912865,-3.8731900203170624,-7.1433961216136845,-5.105286730121885,-7.065302144307752,-5.596066795109974,2.077693506983949,2.7487194312185124,-4.627451309181053,2.0542200048205452,-1.6258178188090082,-3.6575837832220697,3.752650911065091,-6.675690762558605,-5.09588070332322,-4.732356941914762,-7.88206162471041,3.0851970946589753,-1.6190725832129391,3.941808685636702,0.42190339321240505,-5.868173503214983,4.792736519230975,-2.0489950921742888,-4.438795802717097,3.6532335145871806,7.634314694730882,-4.687196229737286,-2.5521074002684516,2.7419618715771437,-7.033833381193521,-0.7830305192925917,-4.875512768130407,4.068921186889296,-6.427089797012586,-3.4432285837097956,-2.101678613010712,-7.850348914428086,-1.2689830368387216,-4.11928831221713,-3.7808965823154743,-5.954490997804761,-3.835823562454187,-4.554352400669993,-1.7624714080773098,-5.402708230810297,-6.06501185739454,-6.267687861607505,-6.113769378716475,-3.835493038152699,-5.395773551309253,-7.891123539412855,-8.273555009875109,1.8070394824594576
5.7662533834792455,8.249656998158324,5.7976031493769336,4.52047858799849,2.498458224904498,0.19218690564408825,8.416838747113268,-4.765563919103177,-4.156957159696487,1.4480495917893925,0.22659596626382775,11.299630462644936,5.308569117006655,9.917532682745366,8.837754027586834,-0.5088792799525031,11.137368980999675,4.350792189283895,7.264277153503349,2.7149395503024625,2.3205656968775075,12.168099143936656,9.974564285402998,6.778023921619914,2.0905970488062677,-1.1064188089388007,7.601028354637983,-2.292707043527266,1.490700747662294,5.486007529306893,4.820263413739054,7.367053691503188,3.602567512529575,7.137592785930867,9.178246545561754,5.52983515856514,-2.9384881646689336,4.886513349055215,8.943587896080171,2.8161160550291027,9.982625514239594,5.136171655472174,2.719602555981108,5.577939079286274,6.905812396710712,6.972061596378994,5.8869472292344005,0.00603837418090146,-0.3839001344963429,1.1814442858517271,-3.2742400491742742,-1.5138703410874512,1.7728308632951535,8.478673011289333,4.629658801702167,-0.7120109552387345,-4.572973665992122,6.400148717086319,6.3725782315447,-2.090489368380245,-3.4428422385429296,3.249118503629361,4.303187835881261,3.46646109187941,6.866363496845335,1.248044996643132,-1.1513470301289612,-3.633598869170423,5.020310223451332,3.537213789045271,6.600770072976445,-0.5817661280989707,-1.1915817238131456,1.7468093412594965,-2.6543550954720674,5.982065955620918,4.821834410526759,8.684175492678998,-1.7575084302717556,3.957955096920236,0.7577307581525892,-1.8792914637607447,-1.8757509410868107,-0.11217208502730018,-5.7740330395592965,-4.353097644987103,6.660486659846129,3.1593505673016162,4.848571057086902,8.447658636774898,-5.631434024515118,3.584534365284832,1.3286891396108316,1.057156408763988,-2.2311191704076063,8.443825391035439,0.9077662255245066,2.541042910868131,1.2830908049950636,5.377744007559063,-1.9913730412806212,3.5135932717865983,8.711078571085947,-0.8438310447601213,-1.183532082876678,0.3672747962306596,2.6222088931567056,4.661558806566839,8.812955254602086,1.57295993176275,7.264343635185104,7.533371295995039,5.019551570848666,-4.08440972176958,6.883181723185817,6.780797617131698,3.792914192209299,7.832166368491159,-0.9247110357595537,-3.1505764894474484,0.6201864269472058,6.579959798429043,-2.310866444776252,-7.153088964610469,0.8490767846310684,-4.864723732660162,-3.5107113361725344,4.944236405491123,4.659009924655262,-2.111012513098402,8.724027823252307,4.713121624111853,-1.3727963344888665,4.388298979906517,4.610252274948104,-1.3443433382583225,10.87049706658191,-3.6129963483006824,6.095945838189192,-0.3701550436315125,-6.447821148751688,-2.7420108551640725,-6.248431038519711,-2.139032912320254,-3.036275997846708,-6.770852155342493,3.86965784903624,-3.2073739826418053,-7.796343570274954,-5.083391922134246,-7.807071087960421,-6.034314359744287,1.6980754716518642,3.5816650711939015,-5.250367343560888,2.323319805541207,-1.6919125312087393,-4.118242675857305,3.109480602521436,-7.617515609247876,-5.424817952320567,-5.364695294113683,-8.604871134850335,2.907227988854457,-1.9651862658160808,4.184555043187729,0.7426343061821578,-6.362319104733385,5.725033505457536,-1.5758786657436727,-4.617168648495524,3.832148180044836,8.662891393844006,-4.99467205298327,-2.834151740859216,2.786329901594064,-7.782041869829413,-0.49299823816113797,-5.324999362919162,4.272746524441954,-6.9758231646336,-3.666413414031502,-2.150372603093329,-8.576985829511864,-1.1806669161055545,-4.552315817625717,-4.079550278887735,-6.307003134393777,-4.120862976425738,-5.431070551044713,-1.498245500415889,-5.970850228086501,-6.546907754021372,-6.64128816178286,-6.595298841011752,-3.85257971556627,-5.908851497355081,-8.674403665036277,-9.112124681771862,2.636013304470037
5.7050477484310775,7.5587359199711015,5.173015068284814,5.123240191071441,3.1985554259956968,0.5564876768667094,9.102431127329913,-4.721005119429459,-4.048577515274017,2.4456546789623608,0.7628024332696675,11.281332754190672,5.686929478161105,9.643732694919777,8.884220300226472,0.11250128869640215,10.562414093683651,3.578014836881876,8.00046967757456,2.470166171277728,3.2221564635741173,11.751142054437148,9.370624542432076,6.634707929845545,1.6325655383119302,-0.627605459019314,7.471700808456566,-2.546199660852607,1.1135440660429592,5.9888919090727155,4.320512902959282,7.9780961179882555,3.2016974179238824,7.943230911606442,9.013314754823691,6.33958690865438,-3.3453595175057766,4.4403553903702075,8.595319567067829,3.2130723288541887,9.637853690331385,5.983941783128955,3.480817419574395,4.592689652376773,5.9957937899941465,6.964707686685818,5.601869372992828,-0.6235340536443754,-0.32343728278749084,0.9665501519870302,-3.5988474224426943,-1.2489833351407689,1.1704983244835365,8.263627697146408,4.6800497739177285,0.3533649689776649,-3.7142885496346065,5.813970912336554,5.794087126905162,-2.06373883642435,-3.477095188025756,4.014475282900426,4.0582070369377155,3.4025829703079653,6.902851334452162,1.00720150759374,-1.20372008113024,-3.606672512830395,4.7925044674515265,2.830287197432812,6.025666154071458,-1.1329088829857608,-1.2449450514315106,1.340353309551304,-2.4243775736399367,5.595197902335322,4.6078073916542515,8.599666577886614,-2.172660729329754,3.3132510709671354,0.3232279494159505,-1.5847294492047683,-1.7183112924672441,-0.7301072761918729,-5.279993114799351,-4.510082803197909,5.6058603039962485,3.4535390296737365,4.842313160832208,8.280853496646095,-5.42642689666537,3.3096363992441753,1.4697086921411828,1.500857658075198,-2.2609435264647306,7.89503611501642,0.17550179548690595,3.201162022643774,1.2942006854297106,5.468791445332047,-2.5667985971614025,2.882607283553673,7.871476527381281,-0.24070416598035124,-1.132977690963782,-0.04172960430518666,1.7279183099026687,4.107737444528973,8.090962829904269,1.2393048147435297,6.765797387982563,6.940918247932836,5.341733836602362,-4.042017852228487,6.452828274929429,6.317414000669896,3.161365647396593,6.782048465467685,-0.9816004841304877,-3.553602984926359,0.5974992821199175,5.6528318686230605,-2.0972376061805775,-6.482464312000988,1.469810534062713,-4.7185781920711865,-3.544919592825457,4.213056664078227,4.10017588147101,-2.5990861139246584,7.692332670983196,4.289790420357807,-1.956847644979287,3.7696223530448294,4.628684170747819,-1.7221456732137284,10.33415529176388,-3.5182027480595237,5.796455835713905,-0.6915946153554401,-6.219405574269391,-2.248885830031822,-6.113124151760225,-2.3167663773749183,-2.909472258823427,-6.525273898140648,4.391179334419982,-3.7816006973496954,-7.292951994240072,-5.239622622505335,-7.115568352155746,-5.660957599736513,2.0979890670577293,2.8480755990228155,-4.902261071426635,2.016813448050511,-1.642200559988242,-3.735709041514737,3.5902022236174833,-6.840255666501344,-5.206037072124195,-4.783380787606408,-8.005922645918448,3.0928206570513743,-1.7381743610909057,4.1152593010365,0.5766560263472932,-5.9237886101836565,4.9805092637830946,-2.22388766151969,-4.504422316212868,3.745949033056226,7.7709784240970485,-4.87285577409933,-2.6070360719535244,2.7865022566679323,-7.178853993490983,-0.5741541856250802,-4.868280159484703,4.296504100255618,-6.574666421712891,-3.4904831095722564,-1.9180453700872488,-8.057803097619729,-1.208585932625252,-4.178662624034349,-3.8694007958918535,-6.047915562855387,-3.845448218769957,-4.608366078738048,-1.7212765608940235,-5.520376124937199,-6.205561224381251,-6.3948941198256435,-6.314780183581547,-3.8754159845708527,-5.610890029407136,-8.13842964979057,-8.350885794366018,1.7575323438852202
5.615223249039388,7.692671629264777,5.344970490318166,4.892269168973528,3.1023075032167937,0.4523321003984648,8.97384962965949,-4.639338249119344,-4.035046916529465,2.2299438271672254,0.5156706417263762,10.971914331595903,5.433736986324238,9.648479054253379,8.771857009646494,-0.16813692497938978,10.562201845216983,3.7718282658768585,7.768968959438891,2.4454420468077687,3.058917765983175,11.780811952255842,9.400268214284306,6.547648449666983,1.6963536079681434,-0.7408476505627409,7.273855514259802,-2.3313641768969564,1.2234403401734295,5.879341270668213,4.245426211771986,7.761712503594482,3.193380015344005,7.640438629837764,8.787522857139692,5.9542000254437,-3.2137847249608873,4.38823017969158,8.475895788868046,3.015510438019902,9.770212554876316,5.714680029863193,3.4193989548019976,4.529168914387006,6.178354372821109,6.941261751473705,5.761745512937562,-0.5515226161866105,-0.05474675343515026,1.0625781020984642,-3.2643114098054635,-1.2154374262951526,1.1730148368001967,8.271125275207122,4.478776442011877,0.11413712347005943,-3.8747955449354694,5.793529464024501,5.823494963405668,-1.9593657763736176,-3.6227308970064644,3.8222487398557985,3.781142836249708,3.2429159200294273,6.577151215323818,0.9300108622891476,-1.1081536592616263,-3.5841024115635345,4.824542758939324,2.783898013364491,5.861615273382802,-1.0139300585841728,-1.2787223924219868,1.4688606702368976,-2.472495999065201,5.366129931535791,4.556226398129493,8.335302269610395,-2.1654749842209498,3.5358728527852668,0.3138623608927635,-1.601347476449727,-1.9679021964674182,-0.4773363047875167,-5.250411588106906,-4.290354002277672,5.7137241984417395,3.2808839171770936,4.683039138380087,8.19974686897655,-5.337921074718059,3.310924717899959,1.3321650212778684,1.4202763456352174,-2.3625945894843037,7.723706928100079,0.2590469150906318,2.9666903946973053,1.3040610306928337,5.57096707331794,-2.243333177683949,2.876072771498328,7.989790218075183,-0.3355326485031539,-1.1387765767581728,0.28143582363577296,2.043643624479794,4.271110174493252,8.129400756380914,1.2712680687810234,6.6651038781836744,7.002081713313027,5.334982411125413,-3.97123487929925,6.549716769238055,6.205183131985332,3.490626200028324,6.837022578710215,-1.2242043995672134,-3.162962948385884,0.6625924612025689,5.986543109634086,-2.123982954147225,-6.519287966659925,1.28837496079132,-4.490412198318418,-3.5161815224634663,4.518327626163409,4.2627790043406275,-2.3757535036089217,7.862639612103349,4.406230000461916,-1.7559184567243273,3.724860532376058,4.611285728458796,-1.4766706016681275,10.210601896452351,-3.6669810883089875,5.942104150133227,-0.6747475622061775,-6.295739897449649,-2.5054130130291368,-6.0420841306390125,-2.2475951349090058,-3.0323717139027537,-6.528181107042677,4.2152114785946155,-3.710284674408023,-7.260407171311853,-5.071293167062855,-7.187746538908582,-5.666374187793719,2.0800862534102045,2.899106551078673,-4.9233165933595995,2.0788529697224023,-1.777974833647015,-3.7999936611405944,3.520873742629988,-6.843918025329779,-5.260024118936374,-4.799569243441845,-7.953524089793322,2.9900093532718874,-1.69946181790146,4.094262459444405,0.21886760357152107,-6.082346913260248,4.972028867032878,-1.8877295573989072,-4.732814910556188,3.7015907844663385,7.957111084029461,-4.914275978678391,-2.5799776176194626,2.8288755134858365,-7.162493489781681,-0.7506255506551096,-4.953443193115173,3.8992834308745774,-6.677021627491478,-3.7306842979047405,-2.098927282730184,-7.9283637311222845,-1.3456060150957079,-4.2964306172375295,-3.935621543303902,-6.028948424619254,-3.9057517344407917,-4.689901579422862,-1.475514043776223,-5.613844112322901,-6.305721860090135,-6.439259609576039,-6.395288293461241,-3.8205586079118055,-5.506789554133499,-7.986711668313094,-8.43843254099255,1.8899617224808698
5.946441494238231,8.129687305961248,5.822559286980161,4.356311587808571,2.835806910104268,0.07183399520563008,8.960801879781698,-5.011645618652743,-4.094225943134739,1.725131955682987,-0.05727517618904268,11.132900079255663,5.254632154060519,10.145382815269542,8.925405531175006,-0.8117572380717581,11.196179885499813,4.207662624500377,7.7437850261705865,2.6530084198044985,2.5947117350707565,12.320308261562705,10.028189552092568,6.793001687170599,1.673963989998149,-0.9522041200389249,7.3571127398966345,-2.2502018380747044,1.3455980318149838,5.873354972479776,4.505539183860323,7.790218970401651,3.07259699813013,7.478735710720516,8.859985426632663,5.501643532023257,-3.1870322593068035,4.351357272577125,8.676787571760201,2.9271504751810498,10.302911771671004,5.436648478957551,3.2371281933736578,4.875149854035128,6.736234428940576,7.179919619120804,6.241473761217915,-0.4444473313902339,0.05868513885489168,1.2155221308321222,-3.1871245028386634,-1.5111759171633554,1.5678119189744537,8.711620073440237,4.516235874969961,-0.4285455606330687,-4.253671798706555,6.050380522289547,6.214126422940329,-1.7851350475712822,-3.6169926159481993,3.3327461148633755,3.5723921384772432,2.9483336549284123,6.299255856539242,0.8430801338760705,-1.3092027598205291,-3.5715490963014633,5.039008828817876,2.783878249565173,6.070916111103414,-0.779408757733714,-1.1618128315825342,1.7805111530480409,-2.559619052255876,5.514505437087619,4.512984846300693,8.308473135506873,-1.8948895877792227,4.118545838169617,0.31377427574232536,-1.854263199980148,-2.166848526778664,-0.07494433074266539,-5.370897338213235,-4.348182298627633,6.206531011354755,3.0674002071898423,4.714393823172011,8.341803889801755,-5.762428542305388,3.3550815748527145,0.993654393319103,1.4380009828285822,-2.6349752429528506,8.01261158479216,0.6082685045062963,2.456983001366507,1.2460746592888554,5.824448585771711,-1.8299218850295889,3.175803882907888,8.757351000893468,-0.5998137088167442,-0.9840855130170792,0.5276663318177343,2.5717695301736208,4.762312413174563,8.647306031541678,1.5306276046555278,7.098133138227835,7.50820917934146,5.331780687740798,-4.182065006388518,6.916773478874338,6.368968993009163,4.152577628192751,7.458497245770961,-1.4001718592002996,-3.0269241194669214,0.8948843226375505,6.742918263389135,-2.312274395767347,-6.825179549299527,0.9840544272626963,-4.844701796002524,-3.658451275190665,5.08468938545989,4.723227165490839,-2.4025502405920887,8.674902799591731,4.800138548742621,-1.5625549359802768,4.000906279569866,4.445367119521228,-1.3088444014400555,10.540258587641512,-3.7975582481120678,6.31475682902665,-0.8273266807232643,-6.335490741095043,-2.599155065137064,-6.48148229567734,-2.4296346990790165,-3.213872710464435,-6.938833517016597,4.16163479128125,-3.354346711500069,-7.565987457097763,-5.129667895120222,-7.585608866114704,-6.205623283212788,1.990249425421985,3.231508613767636,-5.184093745264401,2.295879817072266,-1.9079649618018464,-3.9849414373914644,3.284737258002292,-7.14639825787672,-5.452098899613428,-5.093609253550009,-8.219396223640256,2.963456327195911,-1.8976692452309365,4.47691157483299,0.246795374548859,-6.336801943037774,5.378353083147355,-1.625745903614343,-4.979559636057721,3.7957880422901815,8.740884009497341,-5.175550057552405,-2.519267846954357,3.052899209792167,-7.555532061888887,-0.7405901878372231,-5.239980897879324,3.844095731900045,-6.821013265588461,-3.9550317192892535,-2.0391985979090554,-8.149876687315158,-1.2666115431885214,-4.447252547914155,-3.87785705182191,-6.27094637033527,-4.0886446186941825,-5.063718778852794,-1.126140610805774,-5.94683554092248,-6.51993191618946,-6.665423264844726,-6.63881844124853,-4.017040592716841,-5.681991725344215,-8.239146674740477,-8.810361660456088,2.187657453830403
5.928518052390876,7.841664077413162,5.748162687900305,4.4192955618296885,3.0565286055633356,0.14570733601568422,9.24200632811591,-5.007346361004008,-3.903984814312083,2.027281264137121,-0.09141915779727515,11.208159191720247,5.513077732952549,10.16825085776412,8.976796565113853,-0.8748769038655638,11.152931775351334,4.1013271765227,7.975804068632259,2.651052148934915,2.794990231860096,12.264915806379857,9.938696489106993,6.8110910023190225,1.531709318314164,-0.8402357118161364,7.383581537748749,-2.236770145521204,1.4038720469782329,5.868416252824036,4.429454477043298,8.008682234552902,2.8043185113354605,7.70400646837857,8.76523650407905,5.678801958385998,-3.4518577687912275,4.119515003169909,8.42626332719354,3.1431847246201414,10.211475688009278,5.605642831711937,3.4795460354108068,4.564759716657013,6.427992782073696,7.14628970014971,6.202859571450613,-0.5115259752539408,0.18354278324748105,1.2915362242691566,-3.077195099175418,-1.2203193824972958,1.37949848228815,8.701528341585536,4.472520242040952,-0.15139474634425876,-4.068195848497195,5.976985571885471,6.000950195070305,-1.7792937351204146,-3.626440748528863,3.4122255742576986,3.310604932022207,2.903730464124475,6.154742163951686,0.8823800185295638,-1.2256941398603676,-3.5927099745836517,4.822635861827563,2.5429145873527523,6.030786697811899,-0.9892713881413031,-1.246543735004207,1.6607348800642807,-2.4924202850987953,5.367656477795998,4.44713343711839,8.270631929226491,-2.0590652918857626,4.003832664489813,0.111536544624121,-1.8571207922014021,-2.1675324635854296,-0.1631288565436512,-5.401042354223102,-4.204407205192522,6.009463040902936,3.0425462653268833,4.670326646173918,8.308317725346226,-5.7172781702624444,3.3611871335210033,0.980706645440491,1.7183751239007845,-2.733213349375465,7.796982468511319,0.3677015527896977,2.5242934329090807,1.4122455931176832,5.980417544003799,-1.9337953291031742,3.0372217877767276,8.571402888508167,-0.41818897533624333,-0.9116601938012625,0.4055405726646374,2.3345790482559186,4.741926269307119,8.526542018551897,1.463766508195294,7.0513762350508795,7.460094451057812,5.566616511897657,-4.158497927961988,6.986286384777234,6.446061766451954,4.064147996273227,7.187221590394469,-1.4565169378441492,-3.0768409439824316,0.9382218855865914,6.529855880174545,-2.271991837473544,-6.576621187905581,1.044580015759211,-4.6765861370125,-3.642287134550665,5.022987328788684,4.553258825639171,-2.5087980438317494,8.410094937983455,4.711674816598834,-1.6837104745013218,3.9663475204339522,4.257659438702374,-1.449920888601326,10.369756899507895,-3.867031764823975,6.308235462882685,-0.9000046332482603,-6.295922941724943,-2.4357386988445864,-6.481418859629043,-2.489589605953091,-3.1051283708832838,-6.9410059084548985,4.2475457511402075,-3.624167465662855,-7.482213371197654,-5.149169155977366,-7.41572636159487,-6.181818840075569,2.2420203479488126,3.0547905124928274,-5.142465988627304,2.3725881665743023,-1.9922218565614531,-3.82287810412641,3.454017845477761,-6.981394340358035,-5.4482295588667915,-4.91710706545621,-8.12283633006484,3.127624779439062,-1.7541792557407547,4.3843253686243004,0.20332653100425255,-6.323502644043276,5.161039271251096,-1.718425478673914,-5.006455839989956,3.8053788427462165,8.577952624126283,-5.157821361549317,-2.6179812394995174,3.138142315140613,-7.354296740901093,-0.6558966078751688,-5.166588860148892,3.7192332234269214,-6.85797858383342,-3.841318037034651,-2.22292893279001,-8.070107277675666,-1.142319122988671,-4.3770094656947895,-3.811663271016942,-6.370111028619225,-4.037118869447349,-4.952195664048552,-1.1180900351152596,-5.818121775384181,-6.627659024953138,-6.707253341060823,-6.567238997206425,-3.990084778610272,-5.560834910173403,-8.185265037789357,-8.693785913278303,2.0091097160820657
5.31640520817953,7.795789230551865,4.975306781840576,5.138228114787937,3.1638894480515134,0.5613516351357968,9.243023788054654,-4.868486731953206,-3.982275899113718,2.4255771164033098,0.6229149024175996,11.144407584047993,5.699055905780469,9.621852209482318,9.092612871344317,-0.12863969073798182,10.301076385450099,3.522048113377586,7.936236641354172,2.080255579511687,3.455295206827864,11.813595460443876,9.287326838693446,6.409785861692054,1.7369577666513691,-0.5151582614239756,7.47087895385194,-2.251158224864702,1.0701499255593043,6.041412878106056,4.031620922569281,7.8998970612810675,3.1237705438295538,7.822460738565756,8.987162339807025,6.099634744309177,-3.529399234633311,4.417361171449265,8.715654731442905,3.125044075162753,9.88464515741641,6.292302001046273,3.52183166501526,4.369967200664912,5.789134606330784,7.252848312912469,5.9691815175450245,-0.7507668088321291,0.21948830549825749,1.0679449273006112,-3.1823985602000437,-0.9486558121975017,0.7818375865163396,8.173624525713496,4.603274467042564,0.5921727187565103,-3.4554125058276077,5.9023737334551765,5.851569427409601,-1.9974797699855416,-3.72162657528709,4.0154312916351,3.6893109803799327,3.4253028982427662,6.744367514663983,1.1170053027974023,-0.940026577164464,-3.816547601067998,4.6076777292932904,2.7147131525253796,5.95408619299468,-1.0741244821332585,-1.2572740164559844,0.9700032768631117,-2.414002683008018,4.908731761423857,4.5879055175917465,8.551195615614379,-2.3522205240871576,3.0157553266998685,0.17865208463860235,-1.4500760332038811,-2.4609557172744703,-0.7589799928260516,-5.074888915408036,-4.25448599799581,5.485969476333722,3.2824649941306547,4.697367521647358,8.580254162923996,-5.361673337425639,3.3415079557337397,1.4899237092517292,1.604363528405667,-2.556183312760478,7.867237910149038,0.21783740583696967,3.3221738980216404,1.2996422152066287,5.508678506758587,-2.5651612828308057,2.6152190865063476,7.848396632591618,-0.22539453126687775,-1.1688516213155828,0.06697543095484754,1.9504181432941583,3.9257651515309737,7.857755083788926,1.2801134840281545,6.68351576346391,6.847364686609662,5.635969736290829,-4.024516955015566,6.67591373567278,6.273630007063851,3.1964127230778248,6.764548136013423,-1.5645971881109015,-3.140589809337014,0.6412366966663189,6.001216377212863,-2.1231264351814367,-6.3657410767108304,1.2120737911750115,-4.466482628452037,-3.5492401015768036,4.177403968686892,4.49915792813518,-2.3268189075656998,7.735881800536839,4.431630571225646,-1.8823071966334362,3.7799039497234674,4.930152120736764,-1.5672635245572064,10.184582098254335,-3.8650842484053953,6.210314495687111,-0.877511101019776,-6.374086642184554,-2.34657526907358,-6.29981618107,-2.6594369733052794,-2.8793720789044954,-6.7189773042572005,4.601088656121252,-3.9985756996387716,-7.290823333082676,-5.214800397561187,-7.002903553138663,-5.568746857332904,2.2577918938439723,2.500127173576332,-5.071650903713791,1.9425249365557409,-1.7519530444757552,-3.658319976472345,3.690874844417612,-6.678949270781027,-5.421620539253902,-4.739006904511748,-7.769533320966307,3.332431029570743,-1.551238826649402,4.180467439410282,-0.1597178143746804,-6.021873841763766,5.010630993971237,-2.1684050042679903,-4.945354174481649,3.854492066402029,7.782126442184699,-5.039676029609044,-2.323603247650677,2.8282818939430485,-7.0521808172482725,-0.9234427979477452,-4.840651232157838,3.465062111941726,-6.664536304339243,-4.097447406483221,-2.0084717588351535,-7.941543957780149,-1.2743546853550922,-4.283629731672404,-3.81485730528127,-6.066283486968935,-4.116333970638429,-4.533802531239442,-1.5017910544450994,-5.765063247444867,-6.269895717042663,-6.526434346034706,-6.624665627207639,-3.5591504443930697,-5.595480186534625,-7.925504030279036,-8.373102062040997,1.6160251715985674
5.6136130902842885,7.765585440819041,5.267985295337525,4.716021770646653,2.900804033026973,0.2282334254798522,8.986242612874934,-5.045414284868576,-4.056844064847905,2.081261355454865,0.31627361395683423,11.229945713211402,5.612310261406599,9.832066492429822,8.968869716713463,-0.4265539902083729,10.675584436836022,3.723013694034082,7.82273431425154,2.390292555469038,2.9709001015306176,11.987600226694555,9.549508739845889,6.682333405732442,1.8050131360373096,-0.7001772432809721,7.48217540319089,-2.347966625406927,1.4140684035072846,5.888741902748023,4.294602549611941,7.781199697292845,3.0346827249456427,7.571221573845475,8.892363546807063,5.823320855677195,-3.33272817076322,4.51524249268554,8.595941310632332,3.043642004392566,9.8793755288402,5.8152240392416665,3.321693530470043,4.619301910904291,6.07874095726145,7.131902647800089,5.954652758749737,-0.46713520429713357,0.0552888413617548,1.1364417725208147,-3.18207123298937,-1.1205685478722134,1.149858501302534,8.279118447835181,4.612046970064955,0.0822890447707217,-3.8497901163464356,5.883659486512606,5.874426346387048,-2.0963421575512293,-3.7097900764649387,3.6396598084634406,3.637957668177056,3.363809934206028,6.592004636808449,1.0683850076924308,-0.973866235699493,-3.6020806125709184,4.808545807289088,2.8720900589931246,6.097685218931596,-0.9181964290134766,-1.1166718304053544,1.4354333301237177,-2.4672272083899456,5.307987641850636,4.780274480719114,8.424547907729053,-2.054430119005346,3.4907939671158057,0.36281151059669486,-1.70174631501093,-2.243344248278211,-0.44205732291852157,-5.310872103497966,-4.253922658027125,5.9108440079439895,3.3592292118433438,4.9086247203284765,8.348137306132651,-5.507517407131951,3.5146298978230526,1.2866232691641863,1.5637814526029818,-2.4756114974650987,7.922332780043505,0.3330272806510433,2.8469286970060557,1.2582375015625082,5.600676774371868,-2.319898690644697,2.8854045512608635,8.165800128501829,-0.5007996440651762,-1.066298731069869,0.11057373115047188,2.197238542325483,4.342052921777992,8.167169202118094,1.4689377015532183,6.8671033048428685,7.20979208264266,5.494284560268037,-4.115729861363537,6.744190907429553,6.4571037593792315,3.491767487561821,7.00277563722614,-1.319827756951858,-3.1338283721391607,0.641296985938992,6.2140758254887105,-2.108105035570434,-6.599183327903758,1.2009286605591136,-4.554292428847987,-3.752222006957657,4.46189819450047,4.452856439230506,-2.463728173453046,8.070256344028104,4.619109509151202,-1.6251455897964504,4.118960137848275,4.531623580590166,-1.5570034490401627,10.314013314325445,-3.790587902013419,6.149423946014632,-0.8128347671270086,-6.338548805733532,-2.3125802041717383,-6.308655335466716,-2.4377446576178516,-2.949375477680727,-6.751426869120615,4.287221582957433,-3.7202493116461106,-7.350595149634439,-5.166351382860966,-7.305871798708304,-5.776085628727661,2.227532725969071,2.9610290170960645,-5.046149508045065,2.0391679360106107,-1.807530344659649,-3.813211485414251,3.5150440555049283,-6.946512722543506,-5.475588294662777,-4.7971729793373745,-8.050908626266322,3.106449734621126,-1.8250864279022803,4.304800163131961,0.23761536441286907,-6.160824049125868,5.21059047436556,-1.975428415528095,-4.798346898108517,3.781809469664865,8.107454978651745,-5.02843313561489,-2.4037100257188766,2.834181934163563,-7.300093622613159,-0.5925235952159437,-4.820197200995036,3.7668771696261083,-6.67612107546633,-4.06738600376665,-2.1670212542214484,-8.186555386575279,-1.0527671531289948,-4.30350193841871,-3.9071345904300196,-6.0368460843860525,-3.9897931869449574,-4.6962723595446425,-1.362515757893226,-5.880576577829736,-6.42299185328425,-6.606442386846118,-6.533164238139725,-3.916300436371378,-5.6670229920713755,-8.074464058035598,-8.585479830136068,2.0857550394429833
5.390624021495435,6.978520730312302,4.75657683946437,4.538262860993093,3.054834394348563,0.4557388339941565,8.494985093971094,-4.394558088746774,-3.667208267927129,2.2459669130049282,0.4593318374951884,10.264153825990014,5.149883762443421,9.008319754834094,8.243197266255468,-0.20141629079226636,9.814220072265465,3.3800154666220736,7.477278252964628,2.1531421958921353,2.862337078015003,10.85550992196532,8.76700828358539,6.0387589143075235,1.5745638897763072,-0.8108565335783379,6.797563838563455,-2.1287629254328895,1.0676320886417732,5.6323842656767145,3.8148968178907903,7.457409535737618,2.5788667349662893,7.3312606322921186,8.073047311349699,5.6785285397071865,-3.1700828844334796,3.8124717484751516,7.7623419838359276,2.941419934971526,9.051505246944751,5.489087123810895,3.468110686556111,3.896078389469381,5.42525596654258,6.450102396082071,5.447947879313448,-0.6138829730312708,-0.016368751894635943,1.067523798980741,-3.0546383164939646,-1.244830415639006,0.9824849488079147,7.705391873536104,4.257564652480639,0.27425278537373504,-3.3065413803702355,5.244625497299993,5.249539634818497,-1.8330413389361693,-3.2837522304070625,3.585520016709365,3.242034107642148,2.8090184679938743,5.943090852967901,0.7270536813015932,-1.1819777566258431,-3.2446496246997123,4.41035502846326,2.3312860937695232,5.456110324959001,-0.9358046110597006,-1.094748378663653,1.2706764363571326,-2.09218065803698,5.01742615341104,4.135852134044665,7.703203802510033,-2.120098764935365,3.18460506193104,0.06778507994590953,-1.6552121309672518,-1.6638217000892133,-0.4248496286246834,-4.741736538196787,-4.040617652470296,5.16277650416489,3.1512978835299053,4.287126119655564,7.522114216646072,-5.025923436890155,2.8632837216400295,1.1921457373056679,1.4046392940438686,-2.2544058890407275,6.973762588630889,0.13821292694076878,2.712475063169101,1.100858669660334,5.181339642388337,-2.249608421524429,2.5525530992234238,7.278109344818751,-0.2539291659052734,-0.9644222816991374,0.009140423494746417,1.750650752052751,3.875402695723721,7.446100541254045,1.1979068104568509,6.091782785194225,6.400553694912978,5.023467078560465,-3.8001378305299056,6.144315983389294,5.77544804219838,3.2041509369341976,6.20533396991691,-1.1887422612567038,-3.0750431219715666,0.8410195388690804,5.474910444476544,-2.068542498293023,-5.805716885811649,1.2591890530602108,-4.246419114400105,-3.206860926751333,4.107252651329093,3.8237043240972297,-2.2491730486165604,7.111910207033222,3.8689449151536306,-1.5835781751432458,3.4243045160752468,4.035291815138453,-1.492474164224022,9.33977809647277,-3.2509442466655156,5.457806228699311,-0.8992288755598336,-5.726819855296974,-2.088671145620756,-5.5048629752482405,-2.272438740972943,-2.8723640540528455,-5.969677301980366,4.079122927359789,-3.411957918306536,-6.558845826425195,-4.689458107611512,-6.49951128188204,-5.344169025016452,1.8970695635048718,2.5162237671292798,-4.461860717385192,1.78721932981466,-1.6291228854890079,-3.3006521665798627,3.2680537871401345,-5.9864764045771794,-4.762468612225162,-4.173610240368437,-7.177715579626285,2.763289383786121,-1.5231026668237735,3.950122793156254,0.32053159306210294,-5.485131059553498,4.3813086135272385,-1.9070729888373599,-4.244142579102043,3.367268558624594,7.309613035265655,-4.37415159783072,-2.193534531542331,2.7614728551061556,-6.455553353381524,-0.7274076567079009,-4.4427475467245445,3.7523296001607025,-6.13964587786435,-3.221308334065697,-1.7919132752312121,-7.100847342818713,-1.0456814016064528,-3.757831953027513,-3.5950161962345684,-5.6302916617492125,-3.538899536838237,-4.118107027658378,-1.3451724307440012,-5.134132713293447,-5.612183134297213,-5.8771344637690595,-5.795404901153994,-3.666402229559331,-4.961170905193984,-7.187697357113363,-7.564396934036879,1.5467075152318086
6.143341786995552,7.98951809489287,6.226140968047833,4.441429800632642,2.884880258934085,0.1699060721572224,8.911479028503402,-4.7733216578588,-4.0133075666281,1.824673116118321,0.06514721184775196,11.221153981887836,5.381163802351479,10.266811384470447,8.616018165416115,-0.693057727741926,11.546599409993165,4.489420890104397,7.903841165079051,3.3120132056515863,2.672532744917215,12.475535558549488,10.24346886498385,7.110693830134296,1.667375834277462,-1.3042218730717472,7.387551114232054,-2.373889752721953,1.4499300623019753,5.553130963403796,4.777541338127094,7.831042454478196,3.3063629923048645,7.470752414842637,8.72823550934271,5.633685543449775,-3.056826542685087,4.5207412022380895,8.533945890132573,3.1179986343226536,10.154188600734248,4.969844470228065,3.2282723351421847,5.153768722210272,7.128560223123319,6.852286116101643,5.83739215857793,-0.4079846901785356,-0.2915244475434163,1.177234250018913,-3.3284612833573206,-1.582751943918691,1.9387321444337644,8.844834973993562,4.514958220763685,-0.7538142440282504,-4.823715908629795,6.108988344871407,6.110081942960331,-1.9713630395851232,-3.6317607496271584,3.4494916215023648,3.870394347370679,2.9775202246113754,6.502264634483078,0.9430843342486094,-1.3470926714573412,-3.56861267681974,5.103827487737731,2.9911002318271143,6.243615593301802,-0.7681915240006861,-1.4384452253840077,2.1917877841479485,-2.803406724210046,6.085892226327974,4.601725478542721,8.431809990164773,-1.9607737021429028,4.443919212038619,0.4420675492577016,-1.996367474822203,-1.6291906081445315,0.07739584452459822,-5.975279420026705,-4.242376987926907,6.411285734300515,3.121720419574048,4.987840163441141,8.138544068436593,-5.7341894944783505,3.4045257938642925,0.9553871319810087,1.3804520560527158,-2.5060353546385725,7.991136347584186,0.7084293892091841,2.532187816360111,1.2866289817298624,6.121160215859802,-1.7242951548957657,3.4771232370246516,8.852073341191039,-0.6486975759623164,-1.1336205949573357,0.8492651746972342,2.459160473034401,5.257608116720449,9.001906794548676,1.4559551968026638,7.43025804583841,7.901539315773893,5.410412644863759,-4.295909347557091,6.952370140421718,6.55046042851749,4.3867796457520765,7.535903677648888,-0.9286890236597956,-3.149402408886727,0.8606918122237887,6.546013273987336,-2.3091921399586295,-7.059004954017597,1.096725891258201,-4.79167285725709,-3.8115295279944523,5.341142237961454,4.304472913431566,-2.464516058860322,8.791733831001835,4.8813754689178825,-1.3124281646705291,4.158428766802818,4.416885329933836,-1.395387432712426,10.786134320341304,-3.7246215418886393,5.924990182808539,-0.567390366696022,-6.564489837563114,-2.486964984507893,-6.369170311811235,-2.07445316008893,-3.0339221814913553,-6.876141046898131,3.8578656997782317,-3.5368502054910613,-7.884069829930743,-5.169284206733694,-7.9405527462930925,-6.257115438512573,1.893165612647723,3.542467028219844,-5.160852622921009,2.5923167285312414,-1.9316042645132028,-3.9207166193716874,3.5309199158620825,-7.579846588635545,-5.510176274456056,-5.398435818792426,-8.643417328826043,3.020669851397318,-2.030748294978406,4.1630149560698975,0.588851736452881,-6.484599069397847,5.3890822686666455,-1.5294764777657965,-4.755759393465967,3.7802120440829166,8.803800473590641,-5.123328601570655,-2.9801530880430738,2.9930141403709416,-7.883648111946536,-0.4332017835388961,-5.555715015540958,4.242484247256177,-7.005248113196804,-3.65829610864977,-2.376646767015972,-8.428093917693445,-1.1269730910129532,-4.346255924332973,-4.167708025612932,-6.441322838041756,-3.8855655073179776,-5.430508480901977,-1.3038336049958241,-5.889390133069301,-6.6853401542518265,-6.677191730247061,-6.594872625610738,-4.1057250753084675,-5.805871016026608,-8.559959398736526,-9.158282978368222,2.500086536170301
5.905276482322555,8.067596330057482,5.473695476288432,4.789758629915543,3.053232964668818,0.27417523672427485,8.862097449716561,-4.785447979342523,-4.016234172186996,1.840835353799787,0.3476078783706357,11.22380188222522,5.233401233526465,9.903618554273404,9.022067521965479,-0.2976071501841163,10.873285758195834,3.9445718035012263,7.680868369227525,2.3531645022811944,2.594222620653056,11.934670571401881,9.772921173073371,6.495436478371992,1.9396054910651044,-0.9504138034199042,7.498763131174637,-2.235263254034788,1.3107862982041543,5.981529696537589,4.529201176079844,7.79282400192168,3.2084616305974096,7.671192631662885,9.178141866224319,5.8957972935973615,-3.17335237331876,4.46845468146709,8.840829558764735,3.010764881549253,10.063875248548715,5.735802144208389,3.1774142204606464,4.915817467722896,6.39975290907443,7.087721903196853,6.061637099576096,-0.2661275275844493,-0.12105188516450038,1.1734260000279368,-3.253752677710532,-1.377895241895245,1.2763676680229565,8.46486800476605,4.704378220712657,-0.2513077337383807,-3.9664145792060443,5.934883231927694,6.119264146332387,-1.9408439461311089,-3.5284702031103095,3.6042629812663836,3.9865682371716775,3.35215766748479,6.707360608311333,1.001156043364424,-1.317858172851296,-3.688173089410853,4.934894413531779,3.016326405035194,6.245998687593703,-0.6473538895062393,-1.1108489506198411,1.6181919483222722,-2.500749179184165,5.587192707134774,4.686773451243286,8.596196771181768,-1.987690924294549,3.797044975447404,0.43401211900099307,-1.8252011065989002,-2.0251917303356946,-0.33366176316976304,-5.332356826117996,-4.427630452910254,6.163972371013265,3.2883488330583552,4.544844602509372,8.416620503698638,-5.511284227676982,3.4066494072858022,1.3587497346114865,1.1624143930788227,-2.354887222297757,8.125926668243318,0.544038180694646,2.6295040442584545,1.3119672618164722,5.2521560352746075,-2.1679533569630998,3.213359258621458,8.352500707244198,-0.6175947641910677,-1.009529683429306,-0.04315902886489886,2.199780632553953,4.21113379168639,8.310928047106682,1.4935893449162674,6.685470364935507,7.053647577742902,5.016003052860448,-4.021204196714956,6.722491257131907,6.577171410482796,3.418094663295395,7.342537538407734,-1.0816612308637303,-3.2444018871923515,0.7980728643870943,6.332311466405463,-2.400147555397573,-6.611842156182621,0.9732128310817356,-4.693547661947122,-3.5692868104010826,4.7289773916232924,4.458856045297799,-2.2213827113467377,8.21267638866183,4.328696234831433,-1.5847362030273844,4.134570869475346,4.464315425633771,-1.5588854819659024,10.491544392711537,-3.565766526484513,6.1522590257232395,-0.6160436763141708,-6.219516679113642,-2.645031480683289,-6.146154471609834,-2.370124946728121,-3.08934280712669,-6.7972858958778675,4.255651564643035,-3.4848908502202693,-7.518047637495091,-5.045600706512134,-7.390810993962624,-5.903530702447275,2.0123166153257945,3.214646029310337,-5.091414039066576,2.0100201369085258,-1.9414291102635242,-3.895265833227642,3.2224533372112223,-6.993312971385098,-5.2652415374244566,-4.942733529298686,-8.147810482162837,2.712494034036566,-1.7443210033319925,4.29935036373711,0.32904280870395985,-6.053386143802227,5.377304370980621,-1.8337551355300752,-4.6589169352013675,3.783131956169459,8.392607633726541,-5.091510457859263,-2.525657746928616,3.029967871585912,-7.37014624109123,-0.6807923218863274,-5.076290570626183,4.014027235508706,-6.868731190253433,-3.8105941187419994,-2.051233526236654,-8.088605991569022,-1.2222650126293397,-4.5161632901559,-3.871256906258224,-6.185179523463315,-4.147324968434939,-4.882102800252053,-1.3369689998385383,-5.875366331174339,-6.462168416817304,-6.61176743816997,-6.472490564952908,-3.8013239502874914,-5.697768318211239,-8.27961677715864,-8.68761746237783,2.090697701476002
